Loading project configuration... 
Success
[92mINFO [0m:      Starting Flower ServerApp, config: num_rounds=50, no round_timeout
[92mINFO [0m:      
[92mINFO [0m:      [INIT]
[92mINFO [0m:      Requesting initial parameters from one random client
/home/bax9142/federated-edge-learning/.venv/lib64/python3.13/site-packages/ray/_private/worker.py:2051: FutureWarning: Tip: In future versions of Ray, Ray will no longer override accelerator visible devices env var if num_gpus=0 or num_gpus=None (default). To enable this behavior and turn off this error message, set RAY_ACCEL_ENV_VAR_OVERRIDE_ON_ZERO=0
  warnings.warn(
[92mINFO [0m:      Received initial parameters from one random client
[92mINFO [0m:      Starting evaluation of initial global parameters
[92mINFO [0m:      Evaluation returned no results (`None`)
[92mINFO [0m:      
[92mINFO [0m:      [ROUND 1]
[92mINFO [0m:      configure_fit: strategy sampled 819 clients (out of 1024)
[92mINFO [0m:      aggregate_fit: received 819 results and 0 failures
[92mINFO [0m:      configure_evaluate: strategy sampled 1024 clients (out of 1024)
[36m(ClientAppActor pid=1124583)[0m /home/bax9142/federated-edge-learning/.venv/lib64/python3.13/site-packages/sklearn/metrics/_ranking.py:424: UndefinedMetricWarning: Only one class is present in y_true. ROC AUC score is not defined in that case.
[36m(ClientAppActor pid=1124583)[0m   warnings.warn(
[36m(pid=gcs_server)[0m [2025-12-03 15:10:39,412 E 1117532 1117532] (gcs_server) gcs_server.cc:302: Failed to establish connection to the event+metrics exporter agent. Events and metrics will not be exported. Exporter agent status: RpcError: Running out of retries to initialize the metrics agent. rpc_code: 14
[33m(raylet)[0m [2025-12-03 15:10:41,089 E 1117776 1117776] (raylet) main.cc:975: Failed to establish connection to the metrics exporter agent. Metrics will not be exported. Exporter agent status: RpcError: Running out of retries to initialize the metrics agent. rpc_code: 14
[36m(ClientAppActor pid=1124615)[0m /home/bax9142/federated-edge-learning/.venv/lib64/python3.13/site-packages/sklearn/metrics/_ranking.py:424: UndefinedMetricWarning: Only one class is present in y_true. ROC AUC score is not defined in that case.[32m [repeated 12x across cluster][0m
[36m(ClientAppActor pid=1124615)[0m   warnings.warn([32m [repeated 12x across cluster][0m
[2025-12-03 15:10:42,475 E 1117377 1117927] core_worker_process.cc:825: Failed to establish connection to the metrics exporter agent. Metrics will not be exported. Exporter agent status: RpcError: Running out of retries to initialize the metrics agent. rpc_code: 14
[36m(ClientAppActor pid=1124581)[0m [2025-12-03 15:10:43,304 E 1124581 1127320] core_worker_process.cc:825: Failed to establish connection to the metrics exporter agent. Metrics will not be exported. Exporter agent status: RpcError: Running out of retries to initialize the metrics agent. rpc_code: 14
[36m(ClientAppActor pid=1124648)[0m /home/bax9142/federated-edge-learning/.venv/lib64/python3.13/site-packages/sklearn/metrics/_ranking.py:424: UndefinedMetricWarning: Only one class is present in y_true. ROC AUC score is not defined in that case.[32m [repeated 10x across cluster][0m
[36m(ClientAppActor pid=1124648)[0m   warnings.warn([32m [repeated 10x across cluster][0m
[36m(ClientAppActor pid=1124649)[0m [2025-12-03 15:10:43,811 E 1124649 1131624] core_worker_process.cc:825: Failed to establish connection to the metrics exporter agent. Metrics will not be exported. Exporter agent status: RpcError: Running out of retries to initialize the metrics agent. rpc_code: 14[32m [repeated 55x across cluster][0m
[36m(ClientAppActor pid=1124614)[0m /home/bax9142/federated-edge-learning/.venv/lib64/python3.13/site-packages/sklearn/metrics/_ranking.py:424: UndefinedMetricWarning: Only one class is present in y_true. ROC AUC score is not defined in that case.[32m [repeated 5x across cluster][0m
[36m(ClientAppActor pid=1124614)[0m   warnings.warn([32m [repeated 5x across cluster][0m
[92mINFO [0m:      aggregate_evaluate: received 1024 results and 0 failures
[92mINFO [0m:      
[92mINFO [0m:      [ROUND 2]
[92mINFO [0m:      configure_fit: strategy sampled 819 clients (out of 1024)
[92mINFO [0m:      aggregate_fit: received 819 results and 0 failures
[92mINFO [0m:      configure_evaluate: strategy sampled 1024 clients (out of 1024)
[36m(ClientAppActor pid=1124616)[0m /home/bax9142/federated-edge-learning/.venv/lib64/python3.13/site-packages/sklearn/metrics/_ranking.py:424: UndefinedMetricWarning: Only one class is present in y_true. ROC AUC score is not defined in that case.[32m [repeated 4x across cluster][0m
[36m(ClientAppActor pid=1124616)[0m   warnings.warn([32m [repeated 4x across cluster][0m
[36m(ClientAppActor pid=1124620)[0m /home/bax9142/federated-edge-learning/.venv/lib64/python3.13/site-packages/sklearn/metrics/_ranking.py:424: UndefinedMetricWarning: Only one class is present in y_true. ROC AUC score is not defined in that case.[32m [repeated 13x across cluster][0m
[36m(ClientAppActor pid=1124620)[0m   warnings.warn([32m [repeated 13x across cluster][0m
[36m(ClientAppActor pid=1124630)[0m [Client 639] Data split:
[36m(ClientAppActor pid=1124630)[0m    Train:      173 samples (client-local)
[36m(ClientAppActor pid=1124630)[0m    Validation: 24 samples (client-local)
[36m(ClientAppActor pid=1124630)[0m    Test:       50737 samples (global, shared)
[36m(ClientAppActor pid=1124630)[0m [Client 10] Data split:
[36m(ClientAppActor pid=1124630)[0m    Train:      174 samples (client-local)
[36m(ClientAppActor pid=1124630)[0m    Validation: 24 samples (client-local)
[36m(ClientAppActor pid=1124630)[0m    Test:       50737 samples (global, shared)
[36m(ClientAppActor pid=1124630)[0m [Client 898] Data split:
[36m(ClientAppActor pid=1124630)[0m    Train:      173 samples (client-local)
[36m(ClientAppActor pid=1124630)[0m    Validation: 24 samples (client-local)
[36m(ClientAppActor pid=1124630)[0m    Test:       50737 samples (global, shared)
[36m(ClientAppActor pid=1124630)[0m [Client 964] Data split:
[36m(ClientAppActor pid=1124630)[0m    Train:      173 samples (client-local)
[36m(ClientAppActor pid=1124630)[0m    Validation: 24 samples (client-local)
[36m(ClientAppActor pid=1124630)[0m    Test:       50737 samples (global, shared)
[36m(ClientAppActor pid=1124613)[0m [Client 466] Data split:[32m [repeated 75x across cluster] (Ray deduplicates logs by default. Set RAY_DEDUP_LOGS=0 to disable log deduplication, or see https://docs.ray.io/en/master/ray-observability/user-guides/configure-logging.html#log-deduplication for more options.)[0m
[36m(ClientAppActor pid=1124613)[0m    Train:      173 samples (client-local)[32m [repeated 75x across cluster][0m
[36m(ClientAppActor pid=1124613)[0m    Validation: 24 samples (client-local)[32m [repeated 75x across cluster][0m
[36m(ClientAppActor pid=1124613)[0m    Test:       50737 samples (global, shared)[32m [repeated 75x across cluster][0m
[36m(ClientAppActor pid=1124598)[0m [Client 600] Data split:[32m [repeated 257x across cluster][0m
[36m(ClientAppActor pid=1124598)[0m    Train:      173 samples (client-local)[32m [repeated 257x across cluster][0m
[36m(ClientAppActor pid=1124598)[0m    Validation: 24 samples (client-local)[32m [repeated 257x across cluster][0m
[36m(ClientAppActor pid=1124598)[0m    Test:       50737 samples (global, shared)[32m [repeated 257x across cluster][0m
[36m(ClientAppActor pid=1124583)[0m [Client 882] Data split:[32m [repeated 283x across cluster][0m
[36m(ClientAppActor pid=1124583)[0m    Train:      173 samples (client-local)[32m [repeated 283x across cluster][0m
[36m(ClientAppActor pid=1124583)[0m    Validation: 24 samples (client-local)[32m [repeated 283x across cluster][0m
[36m(ClientAppActor pid=1124583)[0m    Test:       50737 samples (global, shared)[32m [repeated 283x across cluster][0m
[36m(ClientAppActor pid=1124610)[0m [Client 677] Data split:[32m [repeated 234x across cluster][0m
[36m(ClientAppActor pid=1124610)[0m    Train:      173 samples (client-local)[32m [repeated 234x across cluster][0m
[36m(ClientAppActor pid=1124610)[0m    Validation: 24 samples (client-local)[32m [repeated 234x across cluster][0m
[36m(ClientAppActor pid=1124610)[0m    Test:       50737 samples (global, shared)[32m [repeated 234x across cluster][0m
[36m(ClientAppActor pid=1124583)[0m [Client 39] Data split:[32m [repeated 278x across cluster][0m
[36m(ClientAppActor pid=1124583)[0m    Train:      174 samples (client-local)[32m [repeated 278x across cluster][0m
[36m(ClientAppActor pid=1124583)[0m    Validation: 24 samples (client-local)[32m [repeated 278x across cluster][0m
[36m(ClientAppActor pid=1124583)[0m    Test:       50737 samples (global, shared)[32m [repeated 278x across cluster][0m
[36m(ClientAppActor pid=1124598)[0m [Client 29] Data split:[32m [repeated 287x across cluster][0m
[36m(ClientAppActor pid=1124598)[0m    Train:      174 samples (client-local)[32m [repeated 287x across cluster][0m
[36m(ClientAppActor pid=1124598)[0m    Validation: 24 samples (client-local)[32m [repeated 287x across cluster][0m
[36m(ClientAppActor pid=1124598)[0m    Test:       50737 samples (global, shared)[32m [repeated 287x across cluster][0m
[36m(ClientAppActor pid=1124589)[0m [Client 783] Data split:[32m [repeated 289x across cluster][0m
[36m(ClientAppActor pid=1124589)[0m    Train:      173 samples (client-local)[32m [repeated 289x across cluster][0m
[36m(ClientAppActor pid=1124589)[0m    Validation: 24 samples (client-local)[32m [repeated 289x across cluster][0m
[36m(ClientAppActor pid=1124589)[0m    Test:       50737 samples (global, shared)[32m [repeated 289x across cluster][0m

🎯 Multi-Threshold Aggregation:
   ═══════════════════════════════════════════════
   Evaluated 10 thresholds:
     • Thr=0.30: Recall=0.938, Spec=0.043, F1=0.239
     • Thr=0.35: Recall=0.912, Spec=0.065, F1=0.237
     • Thr=0.40: Recall=0.873, Spec=0.102, F1=0.235
   ...

   BEST Threshold: 0.30
     • Recall:      0.938
     • Specificity: 0.043
     • F1-Score:    0.239
     • Score:       0.503
   ═══════════════════════════════════════════════

⚠️  No rounds meet spec≥0.7, using recall filter only
 1 Pareto-optimal rounds (not dominated in recall & spec)

🎯 SELECTED ROUND 1:
   Recall:     0.938
   Specificity: 0.043
   F1-Score:    0.239
   Stability:   1.000
   Alerts/1000: 954.7
   Composite:   0.536


✅ Round 1 is NEW BEST - Saving checkpoint...
   💾 Checkpoint saved: result/splits_iid_scaling/splits_iid_1024_clients.json/multi_thr/model_round_1.pt
⚠️  No rounds meet spec≥0.7, using recall filter only
 1 Pareto-optimal rounds (not dominated in recall & spec)

🎯 SELECTED ROUND 1:
   Recall:     0.938
   Specificity: 0.043
   F1-Score:    0.239
   Stability:   1.000
   Alerts/1000: 954.7
   Composite:   0.536

   💾 Best model saved: result/splits_iid_scaling/splits_iid_1024_clients.json/multi_thr/model_round_1.pt
   📊 Metrics saved: result/splits_iid_scaling/splits_iid_1024_clients.json/multi_thr/run_1.json
[36m(ClientAppActor pid=1124627)[0m [Client 999] Data split:[32m [repeated 262x across cluster][0m
[36m(ClientAppActor pid=1124627)[0m    Train:      173 samples (client-local)[32m [repeated 262x across cluster][0m
[36m(ClientAppActor pid=1124627)[0m    Validation: 24 samples (client-local)[32m [repeated 262x across cluster][0m
[36m(ClientAppActor pid=1124627)[0m    Test:       50737 samples (global, shared)[32m [repeated 262x across cluster][0m
[36m(ClientAppActor pid=1124598)[0m [Client 941] Data split:[32m [repeated 269x across cluster][0m
[36m(ClientAppActor pid=1124598)[0m    Train:      173 samples (client-local)[32m [repeated 269x across cluster][0m
[36m(ClientAppActor pid=1124598)[0m    Validation: 24 samples (client-local)[32m [repeated 269x across cluster][0m
[36m(ClientAppActor pid=1124598)[0m    Test:       50737 samples (global, shared)[32m [repeated 269x across cluster][0m
[36m(ClientAppActor pid=1124601)[0m [Client 612] Data split:[32m [repeated 267x across cluster][0m
[36m(ClientAppActor pid=1124601)[0m    Train:      173 samples (client-local)[32m [repeated 267x across cluster][0m
[36m(ClientAppActor pid=1124601)[0m    Validation: 24 samples (client-local)[32m [repeated 267x across cluster][0m
[36m(ClientAppActor pid=1124601)[0m    Test:       50737 samples (global, shared)[32m [repeated 267x across cluster][0m
[36m(ClientAppActor pid=1124608)[0m [Client 448] Data split:[32m [repeated 232x across cluster][0m
[36m(ClientAppActor pid=1124608)[0m    Train:      173 samples (client-local)[32m [repeated 232x across cluster][0m
[36m(ClientAppActor pid=1124608)[0m    Validation: 24 samples (client-local)[32m [repeated 232x across cluster][0m
[36m(ClientAppActor pid=1124608)[0m    Test:       50737 samples (global, shared)[32m [repeated 232x across cluster][0m
[36m(ClientAppActor pid=1124612)[0m [Client 657] Data split:[32m [repeated 280x across cluster][0m[36m(ClientAppActor pid=1124621)[0m /home/bax9142/federated-edge-learning/.venv/lib64/python3.13/site-packages/sklearn/metrics/_ranking.py:424: UndefinedMetricWarning: Only one class is present in y_true. ROC AUC score is not defined in that case.[32m [repeated 10x across cluster][0m
[36m(ClientAppActor pid=1124621)[0m   warnings.warn([32m [repeated 10x across cluster][0m
[36m(ClientAppActor pid=1124601)[0m /home/bax9142/federated-edge-learning/.venv/lib64/python3.13/site-packages/sklearn/metrics/_ranking.py:424: UndefinedMetricWarning: Only one class is present in y_true. ROC AUC score is not defined in that case.[32m [repeated 6x across cluster][0m
[36m(ClientAppActor pid=1124601)[0m   warnings.warn([32m [repeated 6x across cluster][0m
[92mINFO [0m:      aggregate_evaluate: received 1024 results and 0 failures
[92mINFO [0m:      
[92mINFO [0m:      [ROUND 3]
[92mINFO [0m:      configure_fit: strategy sampled 819 clients (out of 1024)
[92mINFO [0m:      aggregate_fit: received 819 results and 0 failures
[92mINFO [0m:      configure_evaluate: strategy sampled 1024 clients (out of 1024)
[36m(ClientAppActor pid=1124647)[0m /home/bax9142/federated-edge-learning/.venv/lib64/python3.13/site-packages/sklearn/metrics/_ranking.py:424: UndefinedMetricWarning: Only one class is present in y_true. ROC AUC score is not defined in that case.[32m [repeated 2x across cluster][0m
[36m(ClientAppActor pid=1124647)[0m   warnings.warn([32m [repeated 2x across cluster][0m
[36m(ClientAppActor pid=1124605)[0m /home/bax9142/federated-edge-learning/.venv/lib64/python3.13/site-packages/sklearn/metrics/_ranking.py:424: UndefinedMetricWarning: Only one class is present in y_true. ROC AUC score is not defined in that case.[32m [repeated 13x across cluster][0m
[36m(ClientAppActor pid=1124605)[0m   warnings.warn([32m [repeated 13x across cluster][0m
[36m(ClientAppActor pid=1124597)[0m /home/bax9142/federated-edge-learning/.venv/lib64/python3.13/site-packages/sklearn/metrics/_ranking.py:424: UndefinedMetricWarning: Only one class is present in y_true. ROC AUC score is not defined in that case.[32m [repeated 7x across cluster][0m
[36m(ClientAppActor pid=1124597)[0m   warnings.warn([32m [repeated 7x across cluster][0m
[36m(ClientAppActor pid=1124605)[0m /home/bax9142/federated-edge-learning/.venv/lib64/python3.13/site-packages/sklearn/metrics/_ranking.py:424: UndefinedMetricWarning: Only one class is present in y_true. ROC AUC score is not defined in that case.[32m [repeated 8x across cluster][0m
[36m(ClientAppActor pid=1124605)[0m   warnings.warn([32m [repeated 8x across cluster][0m
[92mINFO [0m:      aggregate_evaluate: received 1024 results and 0 failures
[92mINFO [0m:      
[92mINFO [0m:      [ROUND 4]
[92mINFO [0m:      configure_fit: strategy sampled 819 clients (out of 1024)

[36m(ClientAppActor pid=1124612)[0m    Train:      173 samples (client-local)[32m [repeated 280x across cluster][0m
[36m(ClientAppActor pid=1124612)[0m    Validation: 24 samples (client-local)[32m [repeated 280x across cluster][0m
[36m(ClientAppActor pid=1124612)[0m    Test:       50737 samples (global, shared)[32m [repeated 280x across cluster][0m
[36m(ClientAppActor pid=1124597)[0m [Client 0] Data split:[32m [repeated 280x across cluster][0m
[36m(ClientAppActor pid=1124597)[0m    Train:      174 samples (client-local)[32m [repeated 280x across cluster][0m
[36m(ClientAppActor pid=1124597)[0m    Validation: 24 samples (client-local)[32m [repeated 280x across cluster][0m
[36m(ClientAppActor pid=1124597)[0m    Test:       50737 samples (global, shared)[32m [repeated 280x across cluster][0m
[36m(ClientAppActor pid=1124583)[0m [Client 879] Data split:[32m [repeated 285x across cluster][0m
[36m(ClientAppActor pid=1124583)[0m    Train:      173 samples (client-local)[32m [repeated 285x across cluster][0m
[36m(ClientAppActor pid=1124583)[0m    Validation: 24 samples (client-local)[32m [repeated 285x across cluster][0m
[36m(ClientAppActor pid=1124583)[0m    Test:       50737 samples (global, shared)[32m [repeated 285x across cluster][0m

🎯 Multi-Threshold Aggregation:
   ═══════════════════════════════════════════════
   Evaluated 10 thresholds:
     • Thr=0.30: Recall=0.944, Spec=0.059, F1=0.244
     • Thr=0.35: Recall=0.910, Spec=0.095, F1=0.243
     • Thr=0.40: Recall=0.873, Spec=0.147, F1=0.245
   ...

   BEST Threshold: 0.50
     • Recall:      0.767
     • Specificity: 0.312
     • F1-Score:    0.255
     • Score:       0.532
   ═══════════════════════════════════════════════

⚠️  No rounds meet spec≥0.7, using recall filter only
 2 Pareto-optimal rounds (not dominated in recall & spec)

🎯 SELECTED ROUND 1:
   Recall:     0.938
   Specificity: 0.043
   F1-Score:    0.239
   Stability:   1.000
   Alerts/1000: 954.7
   Composite:   0.536

[36m(ClientAppActor pid=1124589)[0m [Client 578] Data split:[32m [repeated 246x across cluster][0m
[36m(ClientAppActor pid=1124589)[0m    Train:      173 samples (client-local)[32m [repeated 246x across cluster][0m
[36m(ClientAppActor pid=1124589)[0m    Validation: 24 samples (client-local)[32m [repeated 246x across cluster][0m
[36m(ClientAppActor pid=1124589)[0m    Test:       50737 samples (global, shared)[32m [repeated 246x across cluster][0m
[36m(ClientAppActor pid=1124598)[0m [Client 816] Data split:[32m [repeated 285x across cluster][0m
[36m(ClientAppActor pid=1124598)[0m    Train:      173 samples (client-local)[32m [repeated 285x across cluster][0m
[36m(ClientAppActor pid=1124598)[0m    Validation: 24 samples (client-local)[32m [repeated 285x across cluster][0m
[36m(ClientAppActor pid=1124598)[0m    Test:       50737 samples (global, shared)[32m [repeated 285x across cluster][0m
[36m(ClientAppActor pid=1124612)[0m [Client 594] Data split:[32m [repeated 276x across cluster][0m
[36m(ClientAppActor pid=1124612)[0m    Train:      173 samples (client-local)[32m [repeated 276x across cluster][0m
[36m(ClientAppActor pid=1124612)[0m    Validation: 24 samples (client-local)[32m [repeated 276x across cluster][0m
[36m(ClientAppActor pid=1124612)[0m    Test:       50737 samples (global, shared)[32m [repeated 276x across cluster][0m
[36m(ClientAppActor pid=1124589)[0m [Client 311] Data split:[32m [repeated 246x across cluster][0m
[36m(ClientAppActor pid=1124589)[0m    Train:      174 samples (client-local)[32m [repeated 246x across cluster][0m
[36m(ClientAppActor pid=1124589)[0m    Validation: 24 samples (client-local)[32m [repeated 246x across cluster][0m
[36m(ClientAppActor pid=1124589)[0m    Test:       50737 samples (global, shared)[32m [repeated 246x across cluster][0m
[36m(ClientAppActor pid=1124589)[0m [Client 857] Data split:[32m [repeated 282x across cluster][0m
[36m(ClientAppActor pid=1124589)[0m    Train:      173 samples (client-local)[32m [repeated 282x across cluster][0m
[36m(ClientAppActor pid=1124589)[0m    Validation: 24 samples (client-local)[32m [repeated 282x across cluster][0m
[36m(ClientAppActor pid=1124589)[0m    Test:       50737 samples (global, shared)[32m [repeated 282x across cluster][0m
[36m(ClientAppActor pid=1124644)[0m [Client 35] Data split:[32m [repeated 285x across cluster][0m
[36m(ClientAppActor pid=1124644)[0m    Train:      174 samples (client-local)[32m [repeated 285x across cluster][0m
[36m(ClientAppActor pid=1124644)[0m    Validation: 24 samples (client-local)[32m [repeated 285x across cluster][0m
[36m(ClientAppActor pid=1124644)[0m    Test:       50737 samples (global, shared)[32m [repeated 285x across cluster][0m
[36m(ClientAppActor pid=1124598)[0m [Client 657] Data split:[32m [repeated 280x across cluster][0m
[36m(ClientAppActor pid=1124598)[0m    Train:      173 samples (client-local)[32m [repeated 280x across cluster][0m
[36m(ClientAppActor pid=1124598)[0m    Validation: 24 samples (client-local)[32m [repeated 280x across cluster][0m
[36m(ClientAppActor pid=1124598)[0m    Test:       50737 samples (global, shared)[32m [repeated 280x across cluster][0m

🎯 Multi-Threshold Aggregation:
   ═══════════════════════════════════════════════
   Evaluated 10 thresholds:
     • Thr=0.30: Recall=0.947, Spec=0.068, F1=0.246
     • Thr=0.35: Recall=0.913, Spec=0.111, F1=0.247
     • Thr=0.40: Recall=0.874, Spec=0.175, F1=0.251
   ...

   BEST Threshold: 0.50
     • Recall:      0.768
     • Specificity: 0.363
     • F1-Score:    0.269
     • Score:       0.553
   ═══════════════════════════════════════════════

⚠️  No rounds meet spec≥0.7, using recall filter only
 2 Pareto-optimal rounds (not dominated in recall & spec)

🎯 SELECTED ROUND 3:
   Recall:     0.768
   Specificity: 0.363
   F1-Score:    0.269
   Stability:   0.793
   Alerts/1000: 655.6
   Composite:   0.549


✅ Round 3 is NEW BEST - Saving checkpoint...
   💾 Checkpoint saved: result/splits_iid_scaling/splits_iid_1024_clients.json/multi_thr/model_round_3.pt
⚠️  No rounds meet spec≥0.7, using recall filter only
 2 Pareto-optimal rounds (not dominated in recall & spec)

🎯 SELECTED ROUND 3:
   Recall:     0.768
   Specificity: 0.363
   F1-Score:    0.269
   Stability:   0.793
   Alerts/1000: 655.6
   Composite:   0.549

   💾 Best model saved: result/splits_iid_scaling/splits_iid_1024_clients.json/multi_thr/model_round_3.pt
   📊 Metrics saved: result/splits_iid_scaling/splits_iid_1024_clients.json/multi_thr/run_1.json
[36m(ClientAppActor pid=1124646)[0m [Client 163] Data split:[32m [repeated 267x across cluster][0m
[36m(ClientAppActor pid=1124646)[0m    Train:      174 samples (client-local)[32m [repeated 267x across cluster][0m
[36m(ClientAppActor pid=1124646)[0m    Validation: 24 samples (client-local)[32m [repeated 267x across cluster][0m
[36m(ClientAppActor pid=1124646)[0m    Test:       50737 samples (global, shared)[32m [repeated 267x across cluster][0m
[36m(ClientAppActor pid=1124612)[0m [Client 223] Data split:[32m [repeated 279x across cluster][0m
[36m(ClientAppActor pid=1124612)[0m    Train:      174 samples (client-local)[32m [repeated 279x across cluster][0m
[36m(ClientAppActor pid=1124612)[0m    Validation: 24 samples (client-local)[32m [repeated 279x across cluster][0m
[36m(ClientAppActor pid=1124612)[0m    Test:       50737 samples (global, shared)[32m [repeated 279x across cluster][0m
[36m(ClientAppActor pid=1124589)[0m [Client 529] Data split:[32m [repeated 279x across cluster][0m
[36m(ClientAppActor pid=1124589)[0m    Train:      173 samples (client-local)[32m [repeated 279x across cluster][0m[92mINFO [0m:      aggregate_fit: received 819 results and 0 failures
[92mINFO [0m:      configure_evaluate: strategy sampled 1024 clients (out of 1024)
[36m(ClientAppActor pid=1124644)[0m /home/bax9142/federated-edge-learning/.venv/lib64/python3.13/site-packages/sklearn/metrics/_ranking.py:424: UndefinedMetricWarning: Only one class is present in y_true. ROC AUC score is not defined in that case.[32m [repeated 3x across cluster][0m
[36m(ClientAppActor pid=1124644)[0m   warnings.warn([32m [repeated 3x across cluster][0m
[36m(ClientAppActor pid=1124619)[0m /home/bax9142/federated-edge-learning/.venv/lib64/python3.13/site-packages/sklearn/metrics/_ranking.py:424: UndefinedMetricWarning: Only one class is present in y_true. ROC AUC score is not defined in that case.[32m [repeated 12x across cluster][0m
[36m(ClientAppActor pid=1124619)[0m   warnings.warn([32m [repeated 12x across cluster][0m
[36m(ClientAppActor pid=1124619)[0m /home/bax9142/federated-edge-learning/.venv/lib64/python3.13/site-packages/sklearn/metrics/_ranking.py:424: UndefinedMetricWarning: Only one class is present in y_true. ROC AUC score is not defined in that case.[32m [repeated 11x across cluster][0m
[36m(ClientAppActor pid=1124619)[0m   warnings.warn([32m [repeated 11x across cluster][0m
[36m(ClientAppActor pid=1124612)[0m /home/bax9142/federated-edge-learning/.venv/lib64/python3.13/site-packages/sklearn/metrics/_ranking.py:424: UndefinedMetricWarning: Only one class is present in y_true. ROC AUC score is not defined in that case.[32m [repeated 7x across cluster][0m
[36m(ClientAppActor pid=1124612)[0m   warnings.warn([32m [repeated 7x across cluster][0m
[92mINFO [0m:      aggregate_evaluate: received 1024 results and 0 failures
[92mINFO [0m:      
[92mINFO [0m:      [ROUND 5]
[92mINFO [0m:      configure_fit: strategy sampled 819 clients (out of 1024)
[92mINFO [0m:      aggregate_fit: received 819 results and 0 failures
[92mINFO [0m:      configure_evaluate: strategy sampled 1024 clients (out of 1024)
[36m(ClientAppActor pid=1124583)[0m /home/bax9142/federated-edge-learning/.venv/lib64/python3.13/site-packages/sklearn/metrics/_ranking.py:424: UndefinedMetricWarning: Only one class is present in y_true. ROC AUC score is not defined in that case.
[36m(ClientAppActor pid=1124583)[0m   warnings.warn(
[36m(ClientAppActor pid=1124611)[0m /home/bax9142/federated-edge-learning/.venv/lib64/python3.13/site-packages/sklearn/metrics/_ranking.py:424: UndefinedMetricWarning: Only one class is present in y_true. ROC AUC score is not defined in that case.
[36m(ClientAppActor pid=1124611)[0m   warnings.warn(
[36m(ClientAppActor pid=1124620)[0m /home/bax9142/federated-edge-learning/.venv/lib64/python3.13/site-packages/sklearn/metrics/_ranking.py:424: UndefinedMetricWarning: Only one class is present in y_true. ROC AUC score is not defined in that case.[32m [repeated 11x across cluster][0m
[36m(ClientAppActor pid=1124620)[0m   warnings.warn([32m [repeated 11x across cluster][0m
[36m(ClientAppActor pid=1124615)[0m /home/bax9142/federated-edge-learning/.venv/lib64/python3.13/site-packages/sklearn/metrics/_ranking.py:424: UndefinedMetricWarning: Only one class is present in y_true. ROC AUC score is not defined in that case.[32m [repeated 7x across cluster][0m
[36m(ClientAppActor pid=1124615)[0m   warnings.warn([32m [repeated 7x across cluster][0m
[36m(ClientAppActor pid=1124647)[0m /home/bax9142/federated-edge-learning/.venv/lib64/python3.13/site-packages/sklearn/metrics/_ranking.py:424: UndefinedMetricWarning: Only one class is present in y_true. ROC AUC score is not defined in that case.[32m [repeated 10x across cluster][0m
[36m(ClientAppActor pid=1124647)[0m   warnings.warn([32m [repeated 10x across cluster][0m
[92mINFO [0m:      aggregate_evaluate: received 1024 results and 0 failures
[92mINFO [0m:      
[92mINFO [0m:      [ROUND 6]
[92mINFO [0m:      configure_fit: strategy sampled 819 clients (out of 1024)

[36m(ClientAppActor pid=1124589)[0m    Validation: 24 samples (client-local)[32m [repeated 279x across cluster][0m
[36m(ClientAppActor pid=1124589)[0m    Test:       50737 samples (global, shared)[32m [repeated 279x across cluster][0m
[36m(ClientAppActor pid=1124597)[0m [Client 283] Data split:[32m [repeated 251x across cluster][0m
[36m(ClientAppActor pid=1124597)[0m    Train:      174 samples (client-local)[32m [repeated 251x across cluster][0m
[36m(ClientAppActor pid=1124597)[0m    Validation: 24 samples (client-local)[32m [repeated 251x across cluster][0m
[36m(ClientAppActor pid=1124597)[0m    Test:       50737 samples (global, shared)[32m [repeated 251x across cluster][0m
[36m(ClientAppActor pid=1124605)[0m [Client 160] Data split:[32m [repeated 282x across cluster][0m
[36m(ClientAppActor pid=1124605)[0m    Train:      174 samples (client-local)[32m [repeated 282x across cluster][0m
[36m(ClientAppActor pid=1124605)[0m    Validation: 24 samples (client-local)[32m [repeated 282x across cluster][0m
[36m(ClientAppActor pid=1124605)[0m    Test:       50737 samples (global, shared)[32m [repeated 282x across cluster][0m
[36m(ClientAppActor pid=1124613)[0m [Client 1022] Data split:[32m [repeated 297x across cluster][0m
[36m(ClientAppActor pid=1124613)[0m    Train:      173 samples (client-local)[32m [repeated 297x across cluster][0m
[36m(ClientAppActor pid=1124613)[0m    Validation: 24 samples (client-local)[32m [repeated 297x across cluster][0m
[36m(ClientAppActor pid=1124613)[0m    Test:       50737 samples (global, shared)[32m [repeated 297x across cluster][0m

🎯 Multi-Threshold Aggregation:
   ═══════════════════════════════════════════════
   Evaluated 10 thresholds:
     • Thr=0.30: Recall=0.947, Spec=0.082, F1=0.248
     • Thr=0.35: Recall=0.914, Spec=0.134, F1=0.252
     • Thr=0.40: Recall=0.872, Spec=0.215, F1=0.259
   ...

   BEST Threshold: 0.50
     • Recall:      0.766
     • Specificity: 0.403
     • F1-Score:    0.281
     • Score:       0.569
   ═══════════════════════════════════════════════

⚠️  No rounds meet spec≥0.7, using recall filter only
 3 Pareto-optimal rounds (not dominated in recall & spec)

🎯 SELECTED ROUND 4:
   Recall:     0.766
   Specificity: 0.403
   F1-Score:    0.281
   Stability:   0.798
   Alerts/1000: 620.4
   Composite:   0.563


✅ Round 4 is NEW BEST - Saving checkpoint...
   💾 Checkpoint saved: result/splits_iid_scaling/splits_iid_1024_clients.json/multi_thr/model_round_4.pt
⚠️  No rounds meet spec≥0.7, using recall filter only
 3 Pareto-optimal rounds (not dominated in recall & spec)

🎯 SELECTED ROUND 4:
   Recall:     0.766
   Specificity: 0.403
   F1-Score:    0.281
   Stability:   0.798
   Alerts/1000: 620.4
   Composite:   0.563

   💾 Best model saved: result/splits_iid_scaling/splits_iid_1024_clients.json/multi_thr/model_round_4.pt
   📊 Metrics saved: result/splits_iid_scaling/splits_iid_1024_clients.json/multi_thr/run_1.json
[36m(ClientAppActor pid=1124589)[0m [Client 196] Data split:[32m [repeated 262x across cluster][0m
[36m(ClientAppActor pid=1124589)[0m    Train:      174 samples (client-local)[32m [repeated 262x across cluster][0m
[36m(ClientAppActor pid=1124589)[0m    Validation: 24 samples (client-local)[32m [repeated 262x across cluster][0m
[36m(ClientAppActor pid=1124589)[0m    Test:       50737 samples (global, shared)[32m [repeated 262x across cluster][0m
[36m(ClientAppActor pid=1124589)[0m [Client 500] Data split:[32m [repeated 274x across cluster][0m
[36m(ClientAppActor pid=1124589)[0m    Train:      173 samples (client-local)[32m [repeated 274x across cluster][0m
[36m(ClientAppActor pid=1124589)[0m    Validation: 24 samples (client-local)[32m [repeated 274x across cluster][0m
[36m(ClientAppActor pid=1124589)[0m    Test:       50737 samples (global, shared)[32m [repeated 274x across cluster][0m
[36m(ClientAppActor pid=1124583)[0m [Client 4] Data split:[32m [repeated 271x across cluster][0m
[36m(ClientAppActor pid=1124583)[0m    Train:      174 samples (client-local)[32m [repeated 271x across cluster][0m
[36m(ClientAppActor pid=1124583)[0m    Validation: 24 samples (client-local)[32m [repeated 271x across cluster][0m
[36m(ClientAppActor pid=1124583)[0m    Test:       50737 samples (global, shared)[32m [repeated 271x across cluster][0m
[36m(ClientAppActor pid=1124589)[0m [Client 319] Data split:[32m [repeated 249x across cluster][0m
[36m(ClientAppActor pid=1124589)[0m    Train:      174 samples (client-local)[32m [repeated 249x across cluster][0m
[36m(ClientAppActor pid=1124589)[0m    Validation: 24 samples (client-local)[32m [repeated 249x across cluster][0m
[36m(ClientAppActor pid=1124589)[0m    Test:       50737 samples (global, shared)[32m [repeated 249x across cluster][0m
[36m(ClientAppActor pid=1124605)[0m [Client 109] Data split:[32m [repeated 296x across cluster][0m
[36m(ClientAppActor pid=1124605)[0m    Train:      174 samples (client-local)[32m [repeated 296x across cluster][0m
[36m(ClientAppActor pid=1124605)[0m    Validation: 24 samples (client-local)[32m [repeated 296x across cluster][0m
[36m(ClientAppActor pid=1124605)[0m    Test:       50737 samples (global, shared)[32m [repeated 296x across cluster][0m
[36m(ClientAppActor pid=1124598)[0m [Client 287] Data split:[32m [repeated 289x across cluster][0m
[36m(ClientAppActor pid=1124598)[0m    Train:      174 samples (client-local)[32m [repeated 289x across cluster][0m
[36m(ClientAppActor pid=1124598)[0m    Validation: 24 samples (client-local)[32m [repeated 289x across cluster][0m
[36m(ClientAppActor pid=1124598)[0m    Test:       50737 samples (global, shared)[32m [repeated 289x across cluster][0m
[36m(ClientAppActor pid=1124614)[0m [Client 1020] Data split:[32m [repeated 296x across cluster][0m
[36m(ClientAppActor pid=1124614)[0m    Train:      173 samples (client-local)[32m [repeated 296x across cluster][0m
[36m(ClientAppActor pid=1124614)[0m    Validation: 24 samples (client-local)[32m [repeated 296x across cluster][0m
[36m(ClientAppActor pid=1124614)[0m    Test:       50737 samples (global, shared)[32m [repeated 296x across cluster][0m

🎯 Multi-Threshold Aggregation:
   ═══════════════════════════════════════════════
   Evaluated 10 thresholds:
     • Thr=0.30: Recall=0.949, Spec=0.098, F1=0.252
     • Thr=0.35: Recall=0.912, Spec=0.167, F1=0.258
     • Thr=0.40: Recall=0.869, Spec=0.253, F1=0.268
   ...

   BEST Threshold: 0.50
     • Recall:      0.772
     • Specificity: 0.431
     • F1-Score:    0.292
     • Score:       0.583
   ═══════════════════════════════════════════════

⚠️  No rounds meet spec≥0.7, using recall filter only
 2 Pareto-optimal rounds (not dominated in recall & spec)

🎯 SELECTED ROUND 5:
   Recall:     0.772
   Specificity: 0.431
   F1-Score:    0.292
   Stability:   0.980
   Alerts/1000: 597.1
   Composite:   0.594


✅ Round 5 is NEW BEST - Saving checkpoint...
   💾 Checkpoint saved: result/splits_iid_scaling/splits_iid_1024_clients.json/multi_thr/model_round_5.pt
⚠️  No rounds meet spec≥0.7, using recall filter only
 2 Pareto-optimal rounds (not dominated in recall & spec)

🎯 SELECTED ROUND 5:
   Recall:     0.772
   Specificity: 0.431
   F1-Score:    0.292
   Stability:   0.980
   Alerts/1000: 597.1
   Composite:   0.594

   💾 Best model saved: result/splits_iid_scaling/splits_iid_1024_clients.json/multi_thr/model_round_5.pt
   📊 Metrics saved: result/splits_iid_scaling/splits_iid_1024_clients.json/multi_thr/run_1.json
[36m(ClientAppActor pid=1124589)[0m [Client 959] Data split:[32m [repeated 254x across cluster][0m
[36m(ClientAppActor pid=1124589)[0m    Train:      173 samples (client-local)[32m [repeated 254x across cluster][0m[92mINFO [0m:      aggregate_fit: received 819 results and 0 failures
[92mINFO [0m:      configure_evaluate: strategy sampled 1024 clients (out of 1024)
[36m(ClientAppActor pid=1124645)[0m /home/bax9142/federated-edge-learning/.venv/lib64/python3.13/site-packages/sklearn/metrics/_ranking.py:424: UndefinedMetricWarning: Only one class is present in y_true. ROC AUC score is not defined in that case.[32m [repeated 2x across cluster][0m
[36m(ClientAppActor pid=1124645)[0m   warnings.warn([32m [repeated 2x across cluster][0m
[36m(ClientAppActor pid=1124625)[0m /home/bax9142/federated-edge-learning/.venv/lib64/python3.13/site-packages/sklearn/metrics/_ranking.py:424: UndefinedMetricWarning: Only one class is present in y_true. ROC AUC score is not defined in that case.[32m [repeated 8x across cluster][0m
[36m(ClientAppActor pid=1124625)[0m   warnings.warn([32m [repeated 8x across cluster][0m
[36m(ClientAppActor pid=1124650)[0m /home/bax9142/federated-edge-learning/.venv/lib64/python3.13/site-packages/sklearn/metrics/_ranking.py:424: UndefinedMetricWarning: Only one class is present in y_true. ROC AUC score is not defined in that case.[32m [repeated 6x across cluster][0m
[36m(ClientAppActor pid=1124650)[0m   warnings.warn([32m [repeated 6x across cluster][0m
[36m(ClientAppActor pid=1124617)[0m /home/bax9142/federated-edge-learning/.venv/lib64/python3.13/site-packages/sklearn/metrics/_ranking.py:424: UndefinedMetricWarning: Only one class is present in y_true. ROC AUC score is not defined in that case.[32m [repeated 12x across cluster][0m
[36m(ClientAppActor pid=1124617)[0m   warnings.warn([32m [repeated 12x across cluster][0m
[92mINFO [0m:      aggregate_evaluate: received 1024 results and 0 failures
[92mINFO [0m:      
[92mINFO [0m:      [ROUND 7]
[92mINFO [0m:      configure_fit: strategy sampled 819 clients (out of 1024)
[92mINFO [0m:      aggregate_fit: received 819 results and 0 failures
[92mINFO [0m:      configure_evaluate: strategy sampled 1024 clients (out of 1024)
[36m(ClientAppActor pid=1124616)[0m /home/bax9142/federated-edge-learning/.venv/lib64/python3.13/site-packages/sklearn/metrics/_ranking.py:424: UndefinedMetricWarning: Only one class is present in y_true. ROC AUC score is not defined in that case.[32m [repeated 5x across cluster][0m
[36m(ClientAppActor pid=1124616)[0m   warnings.warn([32m [repeated 5x across cluster][0m
[36m(ClientAppActor pid=1124647)[0m /home/bax9142/federated-edge-learning/.venv/lib64/python3.13/site-packages/sklearn/metrics/_ranking.py:424: UndefinedMetricWarning: Only one class is present in y_true. ROC AUC score is not defined in that case.[32m [repeated 8x across cluster][0m
[36m(ClientAppActor pid=1124647)[0m   warnings.warn([32m [repeated 8x across cluster][0m
[36m(ClientAppActor pid=1124616)[0m /home/bax9142/federated-edge-learning/.venv/lib64/python3.13/site-packages/sklearn/metrics/_ranking.py:424: UndefinedMetricWarning: Only one class is present in y_true. ROC AUC score is not defined in that case.[32m [repeated 9x across cluster][0m
[36m(ClientAppActor pid=1124616)[0m   warnings.warn([32m [repeated 9x across cluster][0m
[36m(ClientAppActor pid=1124610)[0m /home/bax9142/federated-edge-learning/.venv/lib64/python3.13/site-packages/sklearn/metrics/_ranking.py:424: UndefinedMetricWarning: Only one class is present in y_true. ROC AUC score is not defined in that case.[32m [repeated 8x across cluster][0m
[36m(ClientAppActor pid=1124610)[0m   warnings.warn([32m [repeated 8x across cluster][0m
[92mINFO [0m:      aggregate_evaluate: received 1024 results and 0 failures

[36m(ClientAppActor pid=1124589)[0m    Validation: 24 samples (client-local)[32m [repeated 254x across cluster][0m
[36m(ClientAppActor pid=1124589)[0m    Test:       50737 samples (global, shared)[32m [repeated 254x across cluster][0m
[36m(ClientAppActor pid=1124618)[0m [Client 445] Data split:[32m [repeated 262x across cluster][0m
[36m(ClientAppActor pid=1124618)[0m    Train:      173 samples (client-local)[32m [repeated 262x across cluster][0m
[36m(ClientAppActor pid=1124618)[0m    Validation: 24 samples (client-local)[32m [repeated 262x across cluster][0m
[36m(ClientAppActor pid=1124618)[0m    Test:       50737 samples (global, shared)[32m [repeated 262x across cluster][0m
[36m(ClientAppActor pid=1124597)[0m [Client 539] Data split:[32m [repeated 277x across cluster][0m
[36m(ClientAppActor pid=1124597)[0m    Train:      173 samples (client-local)[32m [repeated 277x across cluster][0m
[36m(ClientAppActor pid=1124597)[0m    Validation: 24 samples (client-local)[32m [repeated 277x across cluster][0m
[36m(ClientAppActor pid=1124597)[0m    Test:       50737 samples (global, shared)[32m [repeated 277x across cluster][0m
[36m(ClientAppActor pid=1124598)[0m [Client 180] Data split:[32m [repeated 233x across cluster][0m
[36m(ClientAppActor pid=1124598)[0m    Train:      174 samples (client-local)[32m [repeated 233x across cluster][0m
[36m(ClientAppActor pid=1124598)[0m    Validation: 24 samples (client-local)[32m [repeated 233x across cluster][0m
[36m(ClientAppActor pid=1124598)[0m    Test:       50737 samples (global, shared)[32m [repeated 233x across cluster][0m
[36m(ClientAppActor pid=1124589)[0m [Client 34] Data split:[32m [repeated 293x across cluster][0m
[36m(ClientAppActor pid=1124589)[0m    Train:      174 samples (client-local)[32m [repeated 293x across cluster][0m
[36m(ClientAppActor pid=1124589)[0m    Validation: 24 samples (client-local)[32m [repeated 293x across cluster][0m
[36m(ClientAppActor pid=1124589)[0m    Test:       50737 samples (global, shared)[32m [repeated 293x across cluster][0m
[36m(ClientAppActor pid=1124583)[0m [Client 91] Data split:[32m [repeated 283x across cluster][0m
[36m(ClientAppActor pid=1124583)[0m    Train:      174 samples (client-local)[32m [repeated 283x across cluster][0m
[36m(ClientAppActor pid=1124583)[0m    Validation: 24 samples (client-local)[32m [repeated 283x across cluster][0m
[36m(ClientAppActor pid=1124583)[0m    Test:       50737 samples (global, shared)[32m [repeated 283x across cluster][0m
[36m(ClientAppActor pid=1124597)[0m [Client 300] Data split:[32m [repeated 288x across cluster][0m
[36m(ClientAppActor pid=1124597)[0m    Train:      174 samples (client-local)[32m [repeated 288x across cluster][0m
[36m(ClientAppActor pid=1124597)[0m    Validation: 24 samples (client-local)[32m [repeated 288x across cluster][0m
[36m(ClientAppActor pid=1124597)[0m    Test:       50737 samples (global, shared)[32m [repeated 288x across cluster][0m

🎯 Multi-Threshold Aggregation:
   ═══════════════════════════════════════════════
   Evaluated 10 thresholds:
     • Thr=0.30: Recall=0.949, Spec=0.121, F1=0.257
     • Thr=0.35: Recall=0.914, Spec=0.197, F1=0.266
     • Thr=0.40: Recall=0.869, Spec=0.287, F1=0.277
   ...

   BEST Threshold: 0.50
     • Recall:      0.772
     • Specificity: 0.457
     • F1-Score:    0.301
     • Score:       0.594
   ═══════════════════════════════════════════════

⚠️  No rounds meet spec≥0.7, using recall filter only
 2 Pareto-optimal rounds (not dominated in recall & spec)

🎯 SELECTED ROUND 6:
   Recall:     0.772
   Specificity: 0.457
   F1-Score:    0.301
   Stability:   0.988
   Alerts/1000: 574.8
   Composite:   0.605


✅ Round 6 is NEW BEST - Saving checkpoint...
   💾 Checkpoint saved: result/splits_iid_scaling/splits_iid_1024_clients.json/multi_thr/model_round_6.pt
⚠️  No rounds meet spec≥0.7, using recall filter only
 2 Pareto-optimal rounds (not dominated in recall & spec)

🎯 SELECTED ROUND 6:
   Recall:     0.772
   Specificity: 0.457
   F1-Score:    0.301
   Stability:   0.988
   Alerts/1000: 574.8
   Composite:   0.605

   💾 Best model saved: result/splits_iid_scaling/splits_iid_1024_clients.json/multi_thr/model_round_6.pt
   📊 Metrics saved: result/splits_iid_scaling/splits_iid_1024_clients.json/multi_thr/run_1.json
[36m(ClientAppActor pid=1124637)[0m [Client 963] Data split:[32m [repeated 260x across cluster][0m
[36m(ClientAppActor pid=1124637)[0m    Train:      173 samples (client-local)[32m [repeated 260x across cluster][0m
[36m(ClientAppActor pid=1124637)[0m    Validation: 24 samples (client-local)[32m [repeated 260x across cluster][0m
[36m(ClientAppActor pid=1124637)[0m    Test:       50737 samples (global, shared)[32m [repeated 260x across cluster][0m
[36m(ClientAppActor pid=1124611)[0m 
[36m(ClientAppActor pid=1124598)[0m [Client 670] Data split:[32m [repeated 283x across cluster][0m
[36m(ClientAppActor pid=1124598)[0m    Train:      173 samples (client-local)[32m [repeated 283x across cluster][0m
[36m(ClientAppActor pid=1124598)[0m    Validation: 24 samples (client-local)[32m [repeated 283x across cluster][0m
[36m(ClientAppActor pid=1124598)[0m    Test:       50737 samples (global, shared)[32m [repeated 283x across cluster][0m
[36m(ClientAppActor pid=1124601)[0m [Client 114] Data split:[32m [repeated 292x across cluster][0m
[36m(ClientAppActor pid=1124601)[0m    Train:      174 samples (client-local)[32m [repeated 292x across cluster][0m
[36m(ClientAppActor pid=1124601)[0m    Validation: 24 samples (client-local)[32m [repeated 292x across cluster][0m
[36m(ClientAppActor pid=1124601)[0m    Test:       50737 samples (global, shared)[32m [repeated 292x across cluster][0m
[36m(ClientAppActor pid=1124605)[0m [Client 262] Data split:[32m [repeated 245x across cluster][0m
[36m(ClientAppActor pid=1124605)[0m    Train:      174 samples (client-local)[32m [repeated 245x across cluster][0m
[36m(ClientAppActor pid=1124605)[0m    Validation: 24 samples (client-local)[32m [repeated 245x across cluster][0m
[36m(ClientAppActor pid=1124605)[0m    Test:       50737 samples (global, shared)[32m [repeated 245x across cluster][0m
[36m(ClientAppActor pid=1124583)[0m [Client 154] Data split:[32m [repeated 295x across cluster][0m
[36m(ClientAppActor pid=1124583)[0m    Train:      174 samples (client-local)[32m [repeated 295x across cluster][0m
[36m(ClientAppActor pid=1124583)[0m    Validation: 24 samples (client-local)[32m [repeated 295x across cluster][0m
[36m(ClientAppActor pid=1124583)[0m    Test:       50737 samples (global, shared)[32m [repeated 295x across cluster][0m
[36m(ClientAppActor pid=1124583)[0m [Client 138] Data split:[32m [repeated 285x across cluster][0m
[36m(ClientAppActor pid=1124583)[0m    Train:      174 samples (client-local)[32m [repeated 285x across cluster][0m
[36m(ClientAppActor pid=1124583)[0m    Validation: 24 samples (client-local)[32m [repeated 285x across cluster][0m
[36m(ClientAppActor pid=1124583)[0m    Test:       50737 samples (global, shared)[32m [repeated 285x across cluster][0m

🎯 Multi-Threshold Aggregation:
   ═══════════════════════════════════════════════
   Evaluated 10 thresholds:
     • Thr=0.30: Recall=0.947, Spec=0.145, F1=0.262
     • Thr=0.35: Recall=0.914, Spec=0.224, F1=0.272
     • Thr=0.40: Recall=0.870, Spec=0.310, F1=0.284
   ...

   BEST Threshold: 0.50
     • Recall:      0.777
     • Specificity: 0.477
     • F1-Score:    0.310
     • Score:       0.605
   ═══════════════════════════════════════════════

⚠️  No rounds meet spec≥0.7, using recall filter only
 2 Pareto-optimal rounds (not dominated in recall & spec)[92mINFO [0m:      
[92mINFO [0m:      [ROUND 8]
[92mINFO [0m:      configure_fit: strategy sampled 819 clients (out of 1024)
[92mINFO [0m:      aggregate_fit: received 819 results and 0 failures
[92mINFO [0m:      configure_evaluate: strategy sampled 1024 clients (out of 1024)
[36m(ClientAppActor pid=1124618)[0m /home/bax9142/federated-edge-learning/.venv/lib64/python3.13/site-packages/sklearn/metrics/_ranking.py:424: UndefinedMetricWarning: Only one class is present in y_true. ROC AUC score is not defined in that case.[32m [repeated 6x across cluster][0m
[36m(ClientAppActor pid=1124618)[0m   warnings.warn([32m [repeated 6x across cluster][0m
[36m(ClientAppActor pid=1124621)[0m /home/bax9142/federated-edge-learning/.venv/lib64/python3.13/site-packages/sklearn/metrics/_ranking.py:424: UndefinedMetricWarning: Only one class is present in y_true. ROC AUC score is not defined in that case.[32m [repeated 6x across cluster][0m
[36m(ClientAppActor pid=1124621)[0m   warnings.warn([32m [repeated 6x across cluster][0m
[36m(ClientAppActor pid=1124615)[0m /home/bax9142/federated-edge-learning/.venv/lib64/python3.13/site-packages/sklearn/metrics/_ranking.py:424: UndefinedMetricWarning: Only one class is present in y_true. ROC AUC score is not defined in that case.[32m [repeated 7x across cluster][0m
[36m(ClientAppActor pid=1124615)[0m   warnings.warn([32m [repeated 7x across cluster][0m
[36m(ClientAppActor pid=1124615)[0m /home/bax9142/federated-edge-learning/.venv/lib64/python3.13/site-packages/sklearn/metrics/_ranking.py:424: UndefinedMetricWarning: Only one class is present in y_true. ROC AUC score is not defined in that case.[32m [repeated 13x across cluster][0m
[36m(ClientAppActor pid=1124615)[0m   warnings.warn([32m [repeated 13x across cluster][0m
[92mINFO [0m:      aggregate_evaluate: received 1024 results and 0 failures
[92mINFO [0m:      
[92mINFO [0m:      [ROUND 9]
[92mINFO [0m:      configure_fit: strategy sampled 819 clients (out of 1024)
[92mINFO [0m:      aggregate_fit: received 819 results and 0 failures
[92mINFO [0m:      configure_evaluate: strategy sampled 1024 clients (out of 1024)
[36m(ClientAppActor pid=1124616)[0m /home/bax9142/federated-edge-learning/.venv/lib64/python3.13/site-packages/sklearn/metrics/_ranking.py:424: UndefinedMetricWarning: Only one class is present in y_true. ROC AUC score is not defined in that case.[32m [repeated 5x across cluster][0m
[36m(ClientAppActor pid=1124616)[0m   warnings.warn([32m [repeated 5x across cluster][0m
[36m(ClientAppActor pid=1124601)[0m /home/bax9142/federated-edge-learning/.venv/lib64/python3.13/site-packages/sklearn/metrics/_ranking.py:424: UndefinedMetricWarning: Only one class is present in y_true. ROC AUC score is not defined in that case.[32m [repeated 10x across cluster][0m
[36m(ClientAppActor pid=1124601)[0m   warnings.warn([32m [repeated 10x across cluster][0m


🎯 SELECTED ROUND 7:
   Recall:     0.777
   Specificity: 0.477
   F1-Score:    0.310
   Stability:   0.992
   Alerts/1000: 558.3
   Composite:   0.615


✅ Round 7 is NEW BEST - Saving checkpoint...
   💾 Checkpoint saved: result/splits_iid_scaling/splits_iid_1024_clients.json/multi_thr/model_round_7.pt
⚠️  No rounds meet spec≥0.7, using recall filter only
 2 Pareto-optimal rounds (not dominated in recall & spec)

🎯 SELECTED ROUND 7:
   Recall:     0.777
   Specificity: 0.477
   F1-Score:    0.310
   Stability:   0.992
   Alerts/1000: 558.3
   Composite:   0.615

   💾 Best model saved: result/splits_iid_scaling/splits_iid_1024_clients.json/multi_thr/model_round_7.pt
   📊 Metrics saved: result/splits_iid_scaling/splits_iid_1024_clients.json/multi_thr/run_1.json
[36m(ClientAppActor pid=1124610)[0m [Client 183] Data split:[32m [repeated 279x across cluster][0m
[36m(ClientAppActor pid=1124610)[0m    Train:      174 samples (client-local)[32m [repeated 279x across cluster][0m
[36m(ClientAppActor pid=1124610)[0m    Validation: 24 samples (client-local)[32m [repeated 279x across cluster][0m
[36m(ClientAppActor pid=1124610)[0m    Test:       50737 samples (global, shared)[32m [repeated 279x across cluster][0m
[36m(ClientAppActor pid=1124598)[0m [Client 982] Data split:[32m [repeated 289x across cluster][0m
[36m(ClientAppActor pid=1124598)[0m    Train:      173 samples (client-local)[32m [repeated 289x across cluster][0m
[36m(ClientAppActor pid=1124598)[0m    Validation: 24 samples (client-local)[32m [repeated 289x across cluster][0m
[36m(ClientAppActor pid=1124598)[0m    Test:       50737 samples (global, shared)[32m [repeated 289x across cluster][0m
[36m(ClientAppActor pid=1124598)[0m [Client 399] Data split:[32m [repeated 269x across cluster][0m
[36m(ClientAppActor pid=1124598)[0m    Train:      174 samples (client-local)[32m [repeated 269x across cluster][0m
[36m(ClientAppActor pid=1124598)[0m    Validation: 24 samples (client-local)[32m [repeated 269x across cluster][0m
[36m(ClientAppActor pid=1124598)[0m    Test:       50737 samples (global, shared)[32m [repeated 269x across cluster][0m
[36m(ClientAppActor pid=1124613)[0m [Client 266] Data split:[32m [repeated 261x across cluster][0m
[36m(ClientAppActor pid=1124613)[0m    Train:      174 samples (client-local)[32m [repeated 261x across cluster][0m
[36m(ClientAppActor pid=1124613)[0m    Validation: 24 samples (client-local)[32m [repeated 261x across cluster][0m
[36m(ClientAppActor pid=1124613)[0m    Test:       50737 samples (global, shared)[32m [repeated 261x across cluster][0m
[36m(ClientAppActor pid=1124598)[0m [Client 85] Data split:[32m [repeated 274x across cluster][0m
[36m(ClientAppActor pid=1124598)[0m    Train:      174 samples (client-local)[32m [repeated 274x across cluster][0m
[36m(ClientAppActor pid=1124598)[0m    Validation: 24 samples (client-local)[32m [repeated 274x across cluster][0m
[36m(ClientAppActor pid=1124598)[0m    Test:       50737 samples (global, shared)[32m [repeated 274x across cluster][0m
[36m(ClientAppActor pid=1124589)[0m [Client 958] Data split:[32m [repeated 283x across cluster][0m
[36m(ClientAppActor pid=1124589)[0m    Train:      173 samples (client-local)[32m [repeated 283x across cluster][0m
[36m(ClientAppActor pid=1124589)[0m    Validation: 24 samples (client-local)[32m [repeated 283x across cluster][0m
[36m(ClientAppActor pid=1124589)[0m    Test:       50737 samples (global, shared)[32m [repeated 283x across cluster][0m
[36m(ClientAppActor pid=1124648)[0m [Client 12] Data split:[32m [repeated 283x across cluster][0m
[36m(ClientAppActor pid=1124648)[0m    Train:      174 samples (client-local)[32m [repeated 283x across cluster][0m
[36m(ClientAppActor pid=1124648)[0m    Validation: 24 samples (client-local)[32m [repeated 283x across cluster][0m
[36m(ClientAppActor pid=1124648)[0m    Test:       50737 samples (global, shared)[32m [repeated 283x across cluster][0m

🎯 Multi-Threshold Aggregation:
   ═══════════════════════════════════════════════
   Evaluated 10 thresholds:
     • Thr=0.30: Recall=0.946, Spec=0.169, F1=0.267
     • Thr=0.35: Recall=0.913, Spec=0.250, F1=0.279
     • Thr=0.40: Recall=0.870, Spec=0.332, F1=0.290
   ...

   BEST Threshold: 0.50
     • Recall:      0.775
     • Specificity: 0.498
     • F1-Score:    0.318
     • Score:       0.613
   ═══════════════════════════════════════════════

⚠️  No rounds meet spec≥0.7, using recall filter only
 3 Pareto-optimal rounds (not dominated in recall & spec)

🎯 SELECTED ROUND 8:
   Recall:     0.775
   Specificity: 0.498
   F1-Score:    0.318
   Stability:   0.994
   Alerts/1000: 539.8
   Composite:   0.622


✅ Round 8 is NEW BEST - Saving checkpoint...
   💾 Checkpoint saved: result/splits_iid_scaling/splits_iid_1024_clients.json/multi_thr/model_round_8.pt
⚠️  No rounds meet spec≥0.7, using recall filter only
 3 Pareto-optimal rounds (not dominated in recall & spec)

🎯 SELECTED ROUND 8:
   Recall:     0.775
   Specificity: 0.498
   F1-Score:    0.318
   Stability:   0.994
   Alerts/1000: 539.8
   Composite:   0.622

   💾 Best model saved: result/splits_iid_scaling/splits_iid_1024_clients.json/multi_thr/model_round_8.pt
   📊 Metrics saved: result/splits_iid_scaling/splits_iid_1024_clients.json/multi_thr/run_1.json
[36m(ClientAppActor pid=1124615)[0m [Client 39] Data split:[32m [repeated 251x across cluster][0m
[36m(ClientAppActor pid=1124615)[0m    Train:      174 samples (client-local)[32m [repeated 251x across cluster][0m
[36m(ClientAppActor pid=1124615)[0m    Validation: 24 samples (client-local)[32m [repeated 251x across cluster][0m
[36m(ClientAppActor pid=1124615)[0m    Test:       50737 samples (global, shared)[32m [repeated 251x across cluster][0m
[36m(ClientAppActor pid=1124597)[0m [Client 245] Data split:[32m [repeated 291x across cluster][0m
[36m(ClientAppActor pid=1124597)[0m    Train:      174 samples (client-local)[32m [repeated 291x across cluster][0m
[36m(ClientAppActor pid=1124597)[0m    Validation: 24 samples (client-local)[32m [repeated 291x across cluster][0m
[36m(ClientAppActor pid=1124597)[0m    Test:       50737 samples (global, shared)[32m [repeated 291x across cluster][0m
[36m(ClientAppActor pid=1124589)[0m [Client 458] Data split:[32m [repeated 285x across cluster][0m
[36m(ClientAppActor pid=1124589)[0m    Train:      173 samples (client-local)[32m [repeated 285x across cluster][0m
[36m(ClientAppActor pid=1124589)[0m    Validation: 24 samples (client-local)[32m [repeated 285x across cluster][0m
[36m(ClientAppActor pid=1124589)[0m    Test:       50737 samples (global, shared)[32m [repeated 285x across cluster][0m
[36m(ClientAppActor pid=1124601)[0m [Client 676] Data split:[32m [repeated 240x across cluster][0m
[36m(ClientAppActor pid=1124601)[0m    Train:      173 samples (client-local)[32m [repeated 240x across cluster][0m
[36m(ClientAppActor pid=1124601)[0m    Validation: 24 samples (client-local)[32m [repeated 240x across cluster][0m
[36m(ClientAppActor pid=1124601)[0m    Test:       50737 samples (global, shared)[32m [repeated 240x across cluster][0m
[36m(ClientAppActor pid=1124608)[0m [Client 898] Data split:[32m [repeated 274x across cluster][0m
[36m(ClientAppActor pid=1124608)[0m    Train:      173 samples (client-local)[32m [repeated 274x across cluster][0m
[36m(ClientAppActor pid=1124608)[0m    Validation: 24 samples (client-local)[32m [repeated 274x across cluster][0m
[36m(ClientAppActor pid=1124608)[0m    Test:       50737 samples (global, shared)[32m [repeated 274x across cluster][0m
[36m(ClientAppActor pid=1124598)[0m [Client 798] Data split:[32m [repeated 287x across cluster][0m
[36m(ClientAppActor pid=1124598)[0m    Train:      173 samples (client-local)[32m [repeated 287x across cluster][0m
[36m(ClientAppActor pid=1124598)[0m    Validation: 24 samples (client-local)[32m [repeated 287x across cluster][0m[36m(ClientAppActor pid=1124612)[0m /home/bax9142/federated-edge-learning/.venv/lib64/python3.13/site-packages/sklearn/metrics/_ranking.py:424: UndefinedMetricWarning: Only one class is present in y_true. ROC AUC score is not defined in that case.[32m [repeated 9x across cluster][0m
[36m(ClientAppActor pid=1124612)[0m   warnings.warn([32m [repeated 9x across cluster][0m
[36m(ClientAppActor pid=1124612)[0m /home/bax9142/federated-edge-learning/.venv/lib64/python3.13/site-packages/sklearn/metrics/_ranking.py:424: UndefinedMetricWarning: Only one class is present in y_true. ROC AUC score is not defined in that case.[32m [repeated 9x across cluster][0m
[36m(ClientAppActor pid=1124612)[0m   warnings.warn([32m [repeated 9x across cluster][0m
[92mINFO [0m:      aggregate_evaluate: received 1024 results and 0 failures
[92mINFO [0m:      
[92mINFO [0m:      [ROUND 10]
[92mINFO [0m:      configure_fit: strategy sampled 819 clients (out of 1024)
[92mINFO [0m:      aggregate_fit: received 819 results and 0 failures
[92mINFO [0m:      configure_evaluate: strategy sampled 1024 clients (out of 1024)
[36m(ClientAppActor pid=1124611)[0m /home/bax9142/federated-edge-learning/.venv/lib64/python3.13/site-packages/sklearn/metrics/_ranking.py:424: UndefinedMetricWarning: Only one class is present in y_true. ROC AUC score is not defined in that case.[32m [repeated 3x across cluster][0m
[36m(ClientAppActor pid=1124611)[0m   warnings.warn([32m [repeated 3x across cluster][0m
[36m(ClientAppActor pid=1124610)[0m /home/bax9142/federated-edge-learning/.venv/lib64/python3.13/site-packages/sklearn/metrics/_ranking.py:424: UndefinedMetricWarning: Only one class is present in y_true. ROC AUC score is not defined in that case.[32m [repeated 10x across cluster][0m
[36m(ClientAppActor pid=1124610)[0m   warnings.warn([32m [repeated 10x across cluster][0m
[36m(ClientAppActor pid=1124617)[0m /home/bax9142/federated-edge-learning/.venv/lib64/python3.13/site-packages/sklearn/metrics/_ranking.py:424: UndefinedMetricWarning: Only one class is present in y_true. ROC AUC score is not defined in that case.[32m [repeated 5x across cluster][0m
[36m(ClientAppActor pid=1124617)[0m   warnings.warn([32m [repeated 5x across cluster][0m
[92mINFO [0m:      aggregate_evaluate: received 1024 results and 0 failures
[92mINFO [0m:      
[92mINFO [0m:      [ROUND 11]
[92mINFO [0m:      configure_fit: strategy sampled 819 clients (out of 1024)

[36m(ClientAppActor pid=1124598)[0m    Test:       50737 samples (global, shared)[32m [repeated 287x across cluster][0m
[36m(ClientAppActor pid=1124605)[0m [Client 208] Data split:[32m [repeated 291x across cluster][0m
[36m(ClientAppActor pid=1124605)[0m    Train:      174 samples (client-local)[32m [repeated 291x across cluster][0m
[36m(ClientAppActor pid=1124605)[0m    Validation: 24 samples (client-local)[32m [repeated 291x across cluster][0m
[36m(ClientAppActor pid=1124605)[0m    Test:       50737 samples (global, shared)[32m [repeated 291x across cluster][0m

🎯 Multi-Threshold Aggregation:
   ═══════════════════════════════════════════════
   Evaluated 10 thresholds:
     • Thr=0.30: Recall=0.945, Spec=0.190, F1=0.272
     • Thr=0.35: Recall=0.914, Spec=0.271, F1=0.285
     • Thr=0.40: Recall=0.871, Spec=0.350, F1=0.296
   ...

   BEST Threshold: 0.50
     • Recall:      0.775
     • Specificity: 0.513
     • F1-Score:    0.324
     • Score:       0.620
   ═══════════════════════════════════════════════

⚠️  No rounds meet spec≥0.7, using recall filter only
 3 Pareto-optimal rounds (not dominated in recall & spec)

🎯 SELECTED ROUND 9:
   Recall:     0.775
   Specificity: 0.513
   F1-Score:    0.324
   Stability:   0.996
   Alerts/1000: 527.2
   Composite:   0.628


✅ Round 9 is NEW BEST - Saving checkpoint...
   💾 Checkpoint saved: result/splits_iid_scaling/splits_iid_1024_clients.json/multi_thr/model_round_9.pt
⚠️  No rounds meet spec≥0.7, using recall filter only
 3 Pareto-optimal rounds (not dominated in recall & spec)

🎯 SELECTED ROUND 9:
   Recall:     0.775
   Specificity: 0.513
   F1-Score:    0.324
   Stability:   0.996
   Alerts/1000: 527.2
   Composite:   0.628

   💾 Best model saved: result/splits_iid_scaling/splits_iid_1024_clients.json/multi_thr/model_round_9.pt
   📊 Metrics saved: result/splits_iid_scaling/splits_iid_1024_clients.json/multi_thr/run_1.json
[36m(ClientAppActor pid=1124583)[0m [Client 306] Data split:[32m [repeated 237x across cluster][0m
[36m(ClientAppActor pid=1124583)[0m    Train:      174 samples (client-local)[32m [repeated 237x across cluster][0m
[36m(ClientAppActor pid=1124583)[0m    Validation: 24 samples (client-local)[32m [repeated 237x across cluster][0m
[36m(ClientAppActor pid=1124583)[0m    Test:       50737 samples (global, shared)[32m [repeated 237x across cluster][0m
[36m(ClientAppActor pid=1124598)[0m [Client 343] Data split:[32m [repeated 282x across cluster][0m
[36m(ClientAppActor pid=1124598)[0m    Train:      174 samples (client-local)[32m [repeated 282x across cluster][0m
[36m(ClientAppActor pid=1124598)[0m    Validation: 24 samples (client-local)[32m [repeated 282x across cluster][0m
[36m(ClientAppActor pid=1124598)[0m    Test:       50737 samples (global, shared)[32m [repeated 282x across cluster][0m
[36m(ClientAppActor pid=1124613)[0m [Client 461] Data split:[32m [repeated 289x across cluster][0m
[36m(ClientAppActor pid=1124613)[0m    Train:      173 samples (client-local)[32m [repeated 289x across cluster][0m
[36m(ClientAppActor pid=1124613)[0m    Validation: 24 samples (client-local)[32m [repeated 289x across cluster][0m
[36m(ClientAppActor pid=1124613)[0m    Test:       50737 samples (global, shared)[32m [repeated 289x across cluster][0m
[36m(ClientAppActor pid=1124650)[0m [Client 13] Data split:[32m [repeated 244x across cluster][0m
[36m(ClientAppActor pid=1124650)[0m    Train:      174 samples (client-local)[32m [repeated 244x across cluster][0m
[36m(ClientAppActor pid=1124650)[0m    Validation: 24 samples (client-local)[32m [repeated 244x across cluster][0m
[36m(ClientAppActor pid=1124650)[0m    Test:       50737 samples (global, shared)[32m [repeated 244x across cluster][0m
[36m(ClientAppActor pid=1124616)[0m [Client 279] Data split:[32m [repeated 279x across cluster][0m
[36m(ClientAppActor pid=1124616)[0m    Train:      174 samples (client-local)[32m [repeated 279x across cluster][0m
[36m(ClientAppActor pid=1124616)[0m    Validation: 24 samples (client-local)[32m [repeated 279x across cluster][0m
[36m(ClientAppActor pid=1124616)[0m    Test:       50737 samples (global, shared)[32m [repeated 279x across cluster][0m
[36m(ClientAppActor pid=1124612)[0m [Client 645] Data split:[32m [repeated 277x across cluster][0m
[36m(ClientAppActor pid=1124612)[0m    Train:      173 samples (client-local)[32m [repeated 277x across cluster][0m
[36m(ClientAppActor pid=1124612)[0m    Validation: 24 samples (client-local)[32m [repeated 277x across cluster][0m
[36m(ClientAppActor pid=1124612)[0m    Test:       50737 samples (global, shared)[32m [repeated 277x across cluster][0m
[36m(ClientAppActor pid=1124613)[0m [Client 457] Data split:[32m [repeated 283x across cluster][0m
[36m(ClientAppActor pid=1124613)[0m    Train:      173 samples (client-local)[32m [repeated 283x across cluster][0m
[36m(ClientAppActor pid=1124613)[0m    Validation: 24 samples (client-local)[32m [repeated 283x across cluster][0m
[36m(ClientAppActor pid=1124613)[0m    Test:       50737 samples (global, shared)[32m [repeated 283x across cluster][0m

🎯 Multi-Threshold Aggregation:
   ═══════════════════════════════════════════════
   Evaluated 10 thresholds:
     • Thr=0.30: Recall=0.945, Spec=0.208, F1=0.276
     • Thr=0.35: Recall=0.914, Spec=0.288, F1=0.290
     • Thr=0.40: Recall=0.873, Spec=0.366, F1=0.302
   ...

   BEST Threshold: 0.50
     • Recall:      0.775
     • Specificity: 0.524
     • F1-Score:    0.329
     • Score:       0.624
   ═══════════════════════════════════════════════

⚠️  No rounds meet spec≥0.7, using recall filter only
 3 Pareto-optimal rounds (not dominated in recall & spec)

🎯 SELECTED ROUND 10:
   Recall:     0.775
   Specificity: 0.524
   F1-Score:    0.329
   Stability:   0.997
   Alerts/1000: 517.7
   Composite:   0.633


✅ Round 10 is NEW BEST - Saving checkpoint...
   💾 Checkpoint saved: result/splits_iid_scaling/splits_iid_1024_clients.json/multi_thr/model_round_10.pt
⚠️  No rounds meet spec≥0.7, using recall filter only
 3 Pareto-optimal rounds (not dominated in recall & spec)

🎯 SELECTED ROUND 10:
   Recall:     0.775
   Specificity: 0.524
   F1-Score:    0.329
   Stability:   0.997
   Alerts/1000: 517.7
   Composite:   0.633

   💾 Best model saved: result/splits_iid_scaling/splits_iid_1024_clients.json/multi_thr/model_round_10.pt
   📊 Metrics saved: result/splits_iid_scaling/splits_iid_1024_clients.json/multi_thr/run_1.json
[36m(ClientAppActor pid=1124598)[0m [Client 204] Data split:[32m [repeated 257x across cluster][0m
[36m(ClientAppActor pid=1124598)[0m    Train:      174 samples (client-local)[32m [repeated 257x across cluster][0m
[36m(ClientAppActor pid=1124598)[0m    Validation: 24 samples (client-local)[32m [repeated 257x across cluster][0m
[36m(ClientAppActor pid=1124598)[0m    Test:       50737 samples (global, shared)[32m [repeated 257x across cluster][0m
[36m(ClientAppActor pid=1124649)[0m [Client 843] Data split:[32m [repeated 296x across cluster][0m
[36m(ClientAppActor pid=1124649)[0m    Train:      173 samples (client-local)[32m [repeated 296x across cluster][0m
[36m(ClientAppActor pid=1124649)[0m    Validation: 24 samples (client-local)[32m [repeated 296x across cluster][0m
[36m(ClientAppActor pid=1124649)[0m    Test:       50737 samples (global, shared)[32m [repeated 296x across cluster][0m
[36m(ClientAppActor pid=1124597)[0m [Client 931] Data split:[32m [repeated 270x across cluster][0m
[36m(ClientAppActor pid=1124597)[0m    Train:      173 samples (client-local)[32m [repeated 270x across cluster][0m
[36m(ClientAppActor pid=1124597)[0m    Validation: 24 samples (client-local)[32m [repeated 270x across cluster][0m[92mINFO [0m:      aggregate_fit: received 819 results and 0 failures
[92mINFO [0m:      configure_evaluate: strategy sampled 1024 clients (out of 1024)
[36m(ClientAppActor pid=1124616)[0m /home/bax9142/federated-edge-learning/.venv/lib64/python3.13/site-packages/sklearn/metrics/_ranking.py:424: UndefinedMetricWarning: Only one class is present in y_true. ROC AUC score is not defined in that case.[32m [repeated 16x across cluster][0m
[36m(ClientAppActor pid=1124616)[0m   warnings.warn([32m [repeated 16x across cluster][0m
[36m(ClientAppActor pid=1124620)[0m /home/bax9142/federated-edge-learning/.venv/lib64/python3.13/site-packages/sklearn/metrics/_ranking.py:424: UndefinedMetricWarning: Only one class is present in y_true. ROC AUC score is not defined in that case.[32m [repeated 6x across cluster][0m
[36m(ClientAppActor pid=1124620)[0m   warnings.warn([32m [repeated 6x across cluster][0m
[36m(ClientAppActor pid=1124637)[0m /home/bax9142/federated-edge-learning/.venv/lib64/python3.13/site-packages/sklearn/metrics/_ranking.py:424: UndefinedMetricWarning: Only one class is present in y_true. ROC AUC score is not defined in that case.[32m [repeated 12x across cluster][0m
[36m(ClientAppActor pid=1124637)[0m   warnings.warn([32m [repeated 12x across cluster][0m
[36m(ClientAppActor pid=1124630)[0m /home/bax9142/federated-edge-learning/.venv/lib64/python3.13/site-packages/sklearn/metrics/_ranking.py:424: UndefinedMetricWarning: Only one class is present in y_true. ROC AUC score is not defined in that case.[32m [repeated 11x across cluster][0m
[36m(ClientAppActor pid=1124630)[0m   warnings.warn([32m [repeated 11x across cluster][0m
[92mINFO [0m:      aggregate_evaluate: received 1024 results and 0 failures
[92mINFO [0m:      
[92mINFO [0m:      [ROUND 12]
[92mINFO [0m:      configure_fit: strategy sampled 819 clients (out of 1024)
[92mINFO [0m:      aggregate_fit: received 819 results and 0 failures
[92mINFO [0m:      configure_evaluate: strategy sampled 1024 clients (out of 1024)
[36m(ClientAppActor pid=1124608)[0m /home/bax9142/federated-edge-learning/.venv/lib64/python3.13/site-packages/sklearn/metrics/_ranking.py:424: UndefinedMetricWarning: Only one class is present in y_true. ROC AUC score is not defined in that case.[32m [repeated 2x across cluster][0m
[36m(ClientAppActor pid=1124608)[0m   warnings.warn([32m [repeated 2x across cluster][0m
[36m(ClientAppActor pid=1124619)[0m /home/bax9142/federated-edge-learning/.venv/lib64/python3.13/site-packages/sklearn/metrics/_ranking.py:424: UndefinedMetricWarning: Only one class is present in y_true. ROC AUC score is not defined in that case.[32m [repeated 10x across cluster][0m
[36m(ClientAppActor pid=1124619)[0m   warnings.warn([32m [repeated 10x across cluster][0m
[36m(ClientAppActor pid=1124618)[0m /home/bax9142/federated-edge-learning/.venv/lib64/python3.13/site-packages/sklearn/metrics/_ranking.py:424: UndefinedMetricWarning: Only one class is present in y_true. ROC AUC score is not defined in that case.[32m [repeated 13x across cluster][0m
[36m(ClientAppActor pid=1124618)[0m   warnings.warn([32m [repeated 13x across cluster][0m
[36m(ClientAppActor pid=1124608)[0m /home/bax9142/federated-edge-learning/.venv/lib64/python3.13/site-packages/sklearn/metrics/_ranking.py:424: UndefinedMetricWarning: Only one class is present in y_true. ROC AUC score is not defined in that case.[32m [repeated 7x across cluster][0m
[36m(ClientAppActor pid=1124608)[0m   warnings.warn([32m [repeated 7x across cluster][0m
[92mINFO [0m:      aggregate_evaluate: received 1024 results and 0 failures
[92mINFO [0m:      
[92mINFO [0m:      [ROUND 13]
[92mINFO [0m:      configure_fit: strategy sampled 819 clients (out of 1024)

[36m(ClientAppActor pid=1124597)[0m    Test:       50737 samples (global, shared)[32m [repeated 270x across cluster][0m
[36m(ClientAppActor pid=1124608)[0m [Client 982] Data split:[32m [repeated 247x across cluster][0m
[36m(ClientAppActor pid=1124608)[0m    Train:      173 samples (client-local)[32m [repeated 247x across cluster][0m
[36m(ClientAppActor pid=1124608)[0m    Validation: 24 samples (client-local)[32m [repeated 247x across cluster][0m
[36m(ClientAppActor pid=1124608)[0m    Test:       50737 samples (global, shared)[32m [repeated 247x across cluster][0m
[36m(ClientAppActor pid=1124637)[0m [Client 841] Data split:[32m [repeated 276x across cluster][0m
[36m(ClientAppActor pid=1124637)[0m    Train:      173 samples (client-local)[32m [repeated 276x across cluster][0m
[36m(ClientAppActor pid=1124637)[0m    Validation: 24 samples (client-local)[32m [repeated 276x across cluster][0m
[36m(ClientAppActor pid=1124637)[0m    Test:       50737 samples (global, shared)[32m [repeated 276x across cluster][0m
[36m(ClientAppActor pid=1124615)[0m [Client 636] Data split:[32m [repeated 281x across cluster][0m
[36m(ClientAppActor pid=1124615)[0m    Train:      173 samples (client-local)[32m [repeated 281x across cluster][0m
[36m(ClientAppActor pid=1124615)[0m    Validation: 24 samples (client-local)[32m [repeated 281x across cluster][0m
[36m(ClientAppActor pid=1124615)[0m    Test:       50737 samples (global, shared)[32m [repeated 281x across cluster][0m

🎯 Multi-Threshold Aggregation:
   ═══════════════════════════════════════════════
   Evaluated 10 thresholds:
     • Thr=0.30: Recall=0.943, Spec=0.228, F1=0.281
     • Thr=0.35: Recall=0.912, Spec=0.304, F1=0.294
     • Thr=0.40: Recall=0.870, Spec=0.382, F1=0.306
   ...

   BEST Threshold: 0.50
     • Recall:      0.775
     • Specificity: 0.538
     • F1-Score:    0.335
     • Score:       0.630
   ═══════════════════════════════════════════════

⚠️  No rounds meet spec≥0.7, using recall filter only
 4 Pareto-optimal rounds (not dominated in recall & spec)

🎯 SELECTED ROUND 11:
   Recall:     0.775
   Specificity: 0.538
   F1-Score:    0.335
   Stability:   0.998
   Alerts/1000: 505.8
   Composite:   0.638


✅ Round 11 is NEW BEST - Saving checkpoint...
   💾 Checkpoint saved: result/splits_iid_scaling/splits_iid_1024_clients.json/multi_thr/model_round_11.pt
⚠️  No rounds meet spec≥0.7, using recall filter only
 4 Pareto-optimal rounds (not dominated in recall & spec)

🎯 SELECTED ROUND 11:
   Recall:     0.775
   Specificity: 0.538
   F1-Score:    0.335
   Stability:   0.998
   Alerts/1000: 505.8
   Composite:   0.638

   💾 Best model saved: result/splits_iid_scaling/splits_iid_1024_clients.json/multi_thr/model_round_11.pt
   📊 Metrics saved: result/splits_iid_scaling/splits_iid_1024_clients.json/multi_thr/run_1.json
[36m(ClientAppActor pid=1124605)[0m [Client 141] Data split:[32m [repeated 276x across cluster][0m
[36m(ClientAppActor pid=1124605)[0m    Train:      174 samples (client-local)[32m [repeated 276x across cluster][0m
[36m(ClientAppActor pid=1124605)[0m    Validation: 24 samples (client-local)[32m [repeated 276x across cluster][0m
[36m(ClientAppActor pid=1124605)[0m    Test:       50737 samples (global, shared)[32m [repeated 276x across cluster][0m
[36m(ClientAppActor pid=1124618)[0m [Client 212] Data split:[32m [repeated 275x across cluster][0m
[36m(ClientAppActor pid=1124618)[0m    Train:      174 samples (client-local)[32m [repeated 275x across cluster][0m
[36m(ClientAppActor pid=1124618)[0m    Validation: 24 samples (client-local)[32m [repeated 275x across cluster][0m
[36m(ClientAppActor pid=1124618)[0m    Test:       50737 samples (global, shared)[32m [repeated 275x across cluster][0m
[36m(ClientAppActor pid=1124621)[0m [Client 6] Data split:[32m [repeated 285x across cluster][0m
[36m(ClientAppActor pid=1124621)[0m    Train:      174 samples (client-local)[32m [repeated 285x across cluster][0m
[36m(ClientAppActor pid=1124621)[0m    Validation: 24 samples (client-local)[32m [repeated 285x across cluster][0m
[36m(ClientAppActor pid=1124621)[0m    Test:       50737 samples (global, shared)[32m [repeated 285x across cluster][0m
[36m(ClientAppActor pid=1124601)[0m [Client 159] Data split:[32m [repeated 259x across cluster][0m
[36m(ClientAppActor pid=1124601)[0m    Train:      174 samples (client-local)[32m [repeated 259x across cluster][0m
[36m(ClientAppActor pid=1124601)[0m    Validation: 24 samples (client-local)[32m [repeated 259x across cluster][0m
[36m(ClientAppActor pid=1124601)[0m    Test:       50737 samples (global, shared)[32m [repeated 259x across cluster][0m
[36m(ClientAppActor pid=1124608)[0m [Client 997] Data split:[32m [repeated 290x across cluster][0m
[36m(ClientAppActor pid=1124608)[0m    Train:      173 samples (client-local)[32m [repeated 290x across cluster][0m
[36m(ClientAppActor pid=1124608)[0m    Validation: 24 samples (client-local)[32m [repeated 290x across cluster][0m
[36m(ClientAppActor pid=1124608)[0m    Test:       50737 samples (global, shared)[32m [repeated 290x across cluster][0m
[36m(ClientAppActor pid=1124646)[0m [Client 218] Data split:[32m [repeated 291x across cluster][0m
[36m(ClientAppActor pid=1124646)[0m    Train:      174 samples (client-local)[32m [repeated 291x across cluster][0m
[36m(ClientAppActor pid=1124646)[0m    Validation: 24 samples (client-local)[32m [repeated 291x across cluster][0m
[36m(ClientAppActor pid=1124646)[0m    Test:       50737 samples (global, shared)[32m [repeated 291x across cluster][0m
[36m(ClientAppActor pid=1124589)[0m [Client 571] Data split:[32m [repeated 274x across cluster][0m
[36m(ClientAppActor pid=1124589)[0m    Train:      173 samples (client-local)[32m [repeated 274x across cluster][0m
[36m(ClientAppActor pid=1124589)[0m    Validation: 24 samples (client-local)[32m [repeated 274x across cluster][0m
[36m(ClientAppActor pid=1124589)[0m    Test:       50737 samples (global, shared)[32m [repeated 274x across cluster][0m

🎯 Multi-Threshold Aggregation:
   ═══════════════════════════════════════════════
   Evaluated 10 thresholds:
     • Thr=0.30: Recall=0.942, Spec=0.243, F1=0.285
     • Thr=0.35: Recall=0.910, Spec=0.318, F1=0.297
     • Thr=0.40: Recall=0.870, Spec=0.394, F1=0.310
   ...

   BEST Threshold: 0.50
     • Recall:      0.773
     • Specificity: 0.547
     • F1-Score:    0.338
     • Score:       0.633
   ═══════════════════════════════════════════════

⚠️  No rounds meet spec≥0.7, using recall filter only
 5 Pareto-optimal rounds (not dominated in recall & spec)

🎯 SELECTED ROUND 12:
   Recall:     0.773
   Specificity: 0.547
   F1-Score:    0.338
   Stability:   0.998
   Alerts/1000: 497.8
   Composite:   0.641


✅ Round 12 is NEW BEST - Saving checkpoint...
   💾 Checkpoint saved: result/splits_iid_scaling/splits_iid_1024_clients.json/multi_thr/model_round_12.pt
⚠️  No rounds meet spec≥0.7, using recall filter only
 5 Pareto-optimal rounds (not dominated in recall & spec)

🎯 SELECTED ROUND 12:
   Recall:     0.773
   Specificity: 0.547
   F1-Score:    0.338
   Stability:   0.998
   Alerts/1000: 497.8
   Composite:   0.641

   💾 Best model saved: result/splits_iid_scaling/splits_iid_1024_clients.json/multi_thr/model_round_12.pt
   📊 Metrics saved: result/splits_iid_scaling/splits_iid_1024_clients.json/multi_thr/run_1.json
[36m(ClientAppActor pid=1124583)[0m [Client 421] Data split:[32m [repeated 262x across cluster][0m
[36m(ClientAppActor pid=1124583)[0m    Train:      174 samples (client-local)[32m [repeated 262x across cluster][0m
[36m(ClientAppActor pid=1124583)[0m    Validation: 24 samples (client-local)[32m [repeated 262x across cluster][0m[92mINFO [0m:      aggregate_fit: received 819 results and 0 failures
[92mINFO [0m:      configure_evaluate: strategy sampled 1024 clients (out of 1024)
[36m(ClientAppActor pid=1124618)[0m /home/bax9142/federated-edge-learning/.venv/lib64/python3.13/site-packages/sklearn/metrics/_ranking.py:424: UndefinedMetricWarning: Only one class is present in y_true. ROC AUC score is not defined in that case.
[36m(ClientAppActor pid=1124618)[0m   warnings.warn(
[36m(ClientAppActor pid=1124620)[0m /home/bax9142/federated-edge-learning/.venv/lib64/python3.13/site-packages/sklearn/metrics/_ranking.py:424: UndefinedMetricWarning: Only one class is present in y_true. ROC AUC score is not defined in that case.
[36m(ClientAppActor pid=1124620)[0m   warnings.warn(
[36m(ClientAppActor pid=1124607)[0m /home/bax9142/federated-edge-learning/.venv/lib64/python3.13/site-packages/sklearn/metrics/_ranking.py:424: UndefinedMetricWarning: Only one class is present in y_true. ROC AUC score is not defined in that case.[32m [repeated 8x across cluster][0m
[36m(ClientAppActor pid=1124607)[0m   warnings.warn([32m [repeated 8x across cluster][0m
[36m(ClientAppActor pid=1124647)[0m /home/bax9142/federated-edge-learning/.venv/lib64/python3.13/site-packages/sklearn/metrics/_ranking.py:424: UndefinedMetricWarning: Only one class is present in y_true. ROC AUC score is not defined in that case.[32m [repeated 8x across cluster][0m
[36m(ClientAppActor pid=1124647)[0m   warnings.warn([32m [repeated 8x across cluster][0m
[36m(ClientAppActor pid=1124609)[0m /home/bax9142/federated-edge-learning/.venv/lib64/python3.13/site-packages/sklearn/metrics/_ranking.py:424: UndefinedMetricWarning: Only one class is present in y_true. ROC AUC score is not defined in that case.[32m [repeated 8x across cluster][0m
[36m(ClientAppActor pid=1124609)[0m   warnings.warn([32m [repeated 8x across cluster][0m
[92mINFO [0m:      aggregate_evaluate: received 1024 results and 0 failures
[92mINFO [0m:      
[92mINFO [0m:      [ROUND 14]
[92mINFO [0m:      configure_fit: strategy sampled 819 clients (out of 1024)
[92mINFO [0m:      aggregate_fit: received 819 results and 0 failures
[92mINFO [0m:      configure_evaluate: strategy sampled 1024 clients (out of 1024)
[36m(ClientAppActor pid=1124649)[0m /home/bax9142/federated-edge-learning/.venv/lib64/python3.13/site-packages/sklearn/metrics/_ranking.py:424: UndefinedMetricWarning: Only one class is present in y_true. ROC AUC score is not defined in that case.[32m [repeated 6x across cluster][0m
[36m(ClientAppActor pid=1124649)[0m   warnings.warn([32m [repeated 6x across cluster][0m
[36m(ClientAppActor pid=1124601)[0m /home/bax9142/federated-edge-learning/.venv/lib64/python3.13/site-packages/sklearn/metrics/_ranking.py:424: UndefinedMetricWarning: Only one class is present in y_true. ROC AUC score is not defined in that case.[32m [repeated 6x across cluster][0m
[36m(ClientAppActor pid=1124601)[0m   warnings.warn([32m [repeated 6x across cluster][0m
[36m(ClientAppActor pid=1124589)[0m /home/bax9142/federated-edge-learning/.venv/lib64/python3.13/site-packages/sklearn/metrics/_ranking.py:424: UndefinedMetricWarning: Only one class is present in y_true. ROC AUC score is not defined in that case.[32m [repeated 10x across cluster][0m
[36m(ClientAppActor pid=1124589)[0m   warnings.warn([32m [repeated 10x across cluster][0m
[36m(ClientAppActor pid=1124620)[0m /home/bax9142/federated-edge-learning/.venv/lib64/python3.13/site-packages/sklearn/metrics/_ranking.py:424: UndefinedMetricWarning: Only one class is present in y_true. ROC AUC score is not defined in that case.[32m [repeated 10x across cluster][0m
[36m(ClientAppActor pid=1124620)[0m   warnings.warn([32m [repeated 10x across cluster][0m
[92mINFO [0m:      aggregate_evaluate: received 1024 results and 0 failures

[36m(ClientAppActor pid=1124583)[0m    Test:       50737 samples (global, shared)[32m [repeated 262x across cluster][0m
[36m(ClientAppActor pid=1124598)[0m [Client 195] Data split:[32m [repeated 282x across cluster][0m
[36m(ClientAppActor pid=1124598)[0m    Train:      174 samples (client-local)[32m [repeated 282x across cluster][0m
[36m(ClientAppActor pid=1124598)[0m    Validation: 24 samples (client-local)[32m [repeated 282x across cluster][0m
[36m(ClientAppActor pid=1124598)[0m    Test:       50737 samples (global, shared)[32m [repeated 282x across cluster][0m
[36m(ClientAppActor pid=1124601)[0m [Client 0] Data split:[32m [repeated 284x across cluster][0m
[36m(ClientAppActor pid=1124601)[0m    Train:      174 samples (client-local)[32m [repeated 284x across cluster][0m
[36m(ClientAppActor pid=1124601)[0m    Validation: 24 samples (client-local)[32m [repeated 284x across cluster][0m
[36m(ClientAppActor pid=1124601)[0m    Test:       50737 samples (global, shared)[32m [repeated 284x across cluster][0m
[36m(ClientAppActor pid=1124598)[0m [Client 460] Data split:[32m [repeated 224x across cluster][0m
[36m(ClientAppActor pid=1124598)[0m    Train:      173 samples (client-local)[32m [repeated 224x across cluster][0m
[36m(ClientAppActor pid=1124598)[0m    Validation: 24 samples (client-local)[32m [repeated 224x across cluster][0m
[36m(ClientAppActor pid=1124598)[0m    Test:       50737 samples (global, shared)[32m [repeated 224x across cluster][0m
[36m(ClientAppActor pid=1124598)[0m [Client 244] Data split:[32m [repeated 287x across cluster][0m
[36m(ClientAppActor pid=1124598)[0m    Train:      174 samples (client-local)[32m [repeated 287x across cluster][0m
[36m(ClientAppActor pid=1124598)[0m    Validation: 24 samples (client-local)[32m [repeated 287x across cluster][0m
[36m(ClientAppActor pid=1124598)[0m    Test:       50737 samples (global, shared)[32m [repeated 287x across cluster][0m
[36m(ClientAppActor pid=1124589)[0m [Client 584] Data split:[32m [repeated 273x across cluster][0m
[36m(ClientAppActor pid=1124589)[0m    Train:      173 samples (client-local)[32m [repeated 273x across cluster][0m
[36m(ClientAppActor pid=1124589)[0m    Validation: 24 samples (client-local)[32m [repeated 273x across cluster][0m
[36m(ClientAppActor pid=1124589)[0m    Test:       50737 samples (global, shared)[32m [repeated 273x across cluster][0m
[36m(ClientAppActor pid=1124614)[0m [Client 21] Data split:[32m [repeated 291x across cluster][0m
[36m(ClientAppActor pid=1124614)[0m    Train:      174 samples (client-local)[32m [repeated 291x across cluster][0m
[36m(ClientAppActor pid=1124614)[0m    Validation: 24 samples (client-local)[32m [repeated 291x across cluster][0m
[36m(ClientAppActor pid=1124614)[0m    Test:       50737 samples (global, shared)[32m [repeated 291x across cluster][0m

🎯 Multi-Threshold Aggregation:
   ═══════════════════════════════════════════════
   Evaluated 10 thresholds:
     • Thr=0.30: Recall=0.940, Spec=0.256, F1=0.288
     • Thr=0.35: Recall=0.911, Spec=0.331, F1=0.302
     • Thr=0.40: Recall=0.872, Spec=0.409, F1=0.316
   ...

   BEST Threshold: 0.50
     • Recall:      0.773
     • Specificity: 0.557
     • F1-Score:    0.343
     • Score:       0.638
   ═══════════════════════════════════════════════

⚠️  No rounds meet spec≥0.7, using recall filter only
 5 Pareto-optimal rounds (not dominated in recall & spec)

🎯 SELECTED ROUND 13:
   Recall:     0.773
   Specificity: 0.557
   F1-Score:    0.343
   Stability:   0.999
   Alerts/1000: 489.4
   Composite:   0.645


✅ Round 13 is NEW BEST - Saving checkpoint...
   💾 Checkpoint saved: result/splits_iid_scaling/splits_iid_1024_clients.json/multi_thr/model_round_13.pt
⚠️  No rounds meet spec≥0.7, using recall filter only
 5 Pareto-optimal rounds (not dominated in recall & spec)

🎯 SELECTED ROUND 13:
   Recall:     0.773
   Specificity: 0.557
   F1-Score:    0.343
   Stability:   0.999
   Alerts/1000: 489.4
   Composite:   0.645

   💾 Best model saved: result/splits_iid_scaling/splits_iid_1024_clients.json/multi_thr/model_round_13.pt
   📊 Metrics saved: result/splits_iid_scaling/splits_iid_1024_clients.json/multi_thr/run_1.json
[36m(ClientAppActor pid=1124614)[0m [Client 831] Data split:[32m [repeated 264x across cluster][0m
[36m(ClientAppActor pid=1124614)[0m    Train:      173 samples (client-local)[32m [repeated 264x across cluster][0m
[36m(ClientAppActor pid=1124614)[0m    Validation: 24 samples (client-local)[32m [repeated 264x across cluster][0m
[36m(ClientAppActor pid=1124614)[0m    Test:       50737 samples (global, shared)[32m [repeated 264x across cluster][0m
[36m(ClientAppActor pid=1124583)[0m 
[36m(ClientAppActor pid=1124598)[0m [Client 363] Data split:[32m [repeated 273x across cluster][0m
[36m(ClientAppActor pid=1124598)[0m    Train:      174 samples (client-local)[32m [repeated 273x across cluster][0m
[36m(ClientAppActor pid=1124598)[0m    Validation: 24 samples (client-local)[32m [repeated 273x across cluster][0m
[36m(ClientAppActor pid=1124598)[0m    Test:       50737 samples (global, shared)[32m [repeated 273x across cluster][0m
[36m(ClientAppActor pid=1124648)[0m [Client 57] Data split:[32m [repeated 277x across cluster][0m
[36m(ClientAppActor pid=1124648)[0m    Train:      174 samples (client-local)[32m [repeated 277x across cluster][0m
[36m(ClientAppActor pid=1124648)[0m    Validation: 24 samples (client-local)[32m [repeated 277x across cluster][0m
[36m(ClientAppActor pid=1124648)[0m    Test:       50737 samples (global, shared)[32m [repeated 277x across cluster][0m
[36m(ClientAppActor pid=1124647)[0m [Client 807] Data split:[32m [repeated 243x across cluster][0m
[36m(ClientAppActor pid=1124647)[0m    Train:      173 samples (client-local)[32m [repeated 243x across cluster][0m
[36m(ClientAppActor pid=1124647)[0m    Validation: 24 samples (client-local)[32m [repeated 243x across cluster][0m
[36m(ClientAppActor pid=1124647)[0m    Test:       50737 samples (global, shared)[32m [repeated 243x across cluster][0m
[36m(ClientAppActor pid=1124597)[0m [Client 110] Data split:[32m [repeated 268x across cluster][0m
[36m(ClientAppActor pid=1124597)[0m    Train:      174 samples (client-local)[32m [repeated 268x across cluster][0m
[36m(ClientAppActor pid=1124597)[0m    Validation: 24 samples (client-local)[32m [repeated 268x across cluster][0m
[36m(ClientAppActor pid=1124597)[0m    Test:       50737 samples (global, shared)[32m [repeated 268x across cluster][0m
[36m(ClientAppActor pid=1124616)[0m [Client 859] Data split:[32m [repeated 283x across cluster][0m
[36m(ClientAppActor pid=1124616)[0m    Train:      173 samples (client-local)[32m [repeated 283x across cluster][0m
[36m(ClientAppActor pid=1124616)[0m    Validation: 24 samples (client-local)[32m [repeated 283x across cluster][0m
[36m(ClientAppActor pid=1124616)[0m    Test:       50737 samples (global, shared)[32m [repeated 283x across cluster][0m
[36m(ClientAppActor pid=1124589)[0m [Client 395] Data split:[32m [repeated 282x across cluster][0m
[36m(ClientAppActor pid=1124589)[0m    Train:      174 samples (client-local)[32m [repeated 282x across cluster][0m
[36m(ClientAppActor pid=1124589)[0m    Validation: 24 samples (client-local)[32m [repeated 282x across cluster][0m
[36m(ClientAppActor pid=1124589)[0m    Test:       50737 samples (global, shared)[32m [repeated 282x across cluster][0m

🎯 Multi-Threshold Aggregation:
   ═══════════════════════════════════════════════
   Evaluated 10 thresholds:
     • Thr=0.30: Recall=0.940, Spec=0.267, F1=0.291
     • Thr=0.35: Recall=0.911, Spec=0.341, F1=0.304
     • Thr=0.40: Recall=0.873, Spec=0.419, F1=0.320
   ...

   BEST Threshold: 0.50[92mINFO [0m:      
[92mINFO [0m:      [ROUND 15]
[92mINFO [0m:      configure_fit: strategy sampled 819 clients (out of 1024)
[92mINFO [0m:      aggregate_fit: received 819 results and 0 failures
[92mINFO [0m:      configure_evaluate: strategy sampled 1024 clients (out of 1024)
[36m(ClientAppActor pid=1124608)[0m /home/bax9142/federated-edge-learning/.venv/lib64/python3.13/site-packages/sklearn/metrics/_ranking.py:424: UndefinedMetricWarning: Only one class is present in y_true. ROC AUC score is not defined in that case.[32m [repeated 5x across cluster][0m
[36m(ClientAppActor pid=1124608)[0m   warnings.warn([32m [repeated 5x across cluster][0m
[36m(ClientAppActor pid=1124646)[0m /home/bax9142/federated-edge-learning/.venv/lib64/python3.13/site-packages/sklearn/metrics/_ranking.py:424: UndefinedMetricWarning: Only one class is present in y_true. ROC AUC score is not defined in that case.[32m [repeated 8x across cluster][0m
[36m(ClientAppActor pid=1124646)[0m   warnings.warn([32m [repeated 8x across cluster][0m
[36m(ClientAppActor pid=1124649)[0m /home/bax9142/federated-edge-learning/.venv/lib64/python3.13/site-packages/sklearn/metrics/_ranking.py:424: UndefinedMetricWarning: Only one class is present in y_true. ROC AUC score is not defined in that case.[32m [repeated 8x across cluster][0m
[36m(ClientAppActor pid=1124649)[0m   warnings.warn([32m [repeated 8x across cluster][0m
[36m(ClientAppActor pid=1124615)[0m /home/bax9142/federated-edge-learning/.venv/lib64/python3.13/site-packages/sklearn/metrics/_ranking.py:424: UndefinedMetricWarning: Only one class is present in y_true. ROC AUC score is not defined in that case.[32m [repeated 13x across cluster][0m
[36m(ClientAppActor pid=1124615)[0m   warnings.warn([32m [repeated 13x across cluster][0m
[92mINFO [0m:      aggregate_evaluate: received 1024 results and 0 failures
[92mINFO [0m:      
[92mINFO [0m:      [ROUND 16]
[92mINFO [0m:      configure_fit: strategy sampled 819 clients (out of 1024)
[92mINFO [0m:      aggregate_fit: received 819 results and 0 failures
[92mINFO [0m:      configure_evaluate: strategy sampled 1024 clients (out of 1024)
[36m(ClientAppActor pid=1124601)[0m /home/bax9142/federated-edge-learning/.venv/lib64/python3.13/site-packages/sklearn/metrics/_ranking.py:424: UndefinedMetricWarning: Only one class is present in y_true. ROC AUC score is not defined in that case.[32m [repeated 2x across cluster][0m
[36m(ClientAppActor pid=1124601)[0m   warnings.warn([32m [repeated 2x across cluster][0m
[36m(ClientAppActor pid=1124637)[0m /home/bax9142/federated-edge-learning/.venv/lib64/python3.13/site-packages/sklearn/metrics/_ranking.py:424: UndefinedMetricWarning: Only one class is present in y_true. ROC AUC score is not defined in that case.[32m [repeated 6x across cluster][0m
[36m(ClientAppActor pid=1124637)[0m   warnings.warn([32m [repeated 6x across cluster][0m

     • Recall:      0.777
     • Specificity: 0.562
     • F1-Score:    0.347
     • Score:       0.642
   ═══════════════════════════════════════════════

⚠️  No rounds meet spec≥0.7, using recall filter only
 2 Pareto-optimal rounds (not dominated in recall & spec)

🎯 SELECTED ROUND 14:
   Recall:     0.777
   Specificity: 0.562
   F1-Score:    0.347
   Stability:   0.999
   Alerts/1000: 485.3
   Composite:   0.649


✅ Round 14 is NEW BEST - Saving checkpoint...
   💾 Checkpoint saved: result/splits_iid_scaling/splits_iid_1024_clients.json/multi_thr/model_round_14.pt
⚠️  No rounds meet spec≥0.7, using recall filter only
 2 Pareto-optimal rounds (not dominated in recall & spec)

🎯 SELECTED ROUND 14:
   Recall:     0.777
   Specificity: 0.562
   F1-Score:    0.347
   Stability:   0.999
   Alerts/1000: 485.3
   Composite:   0.649

   💾 Best model saved: result/splits_iid_scaling/splits_iid_1024_clients.json/multi_thr/model_round_14.pt
   📊 Metrics saved: result/splits_iid_scaling/splits_iid_1024_clients.json/multi_thr/run_1.json
[36m(ClientAppActor pid=1124608)[0m [Client 352] Data split:[32m [repeated 253x across cluster][0m
[36m(ClientAppActor pid=1124608)[0m    Train:      174 samples (client-local)[32m [repeated 253x across cluster][0m
[36m(ClientAppActor pid=1124608)[0m    Validation: 24 samples (client-local)[32m [repeated 253x across cluster][0m
[36m(ClientAppActor pid=1124608)[0m    Test:       50737 samples (global, shared)[32m [repeated 253x across cluster][0m
[36m(ClientAppActor pid=1124617)[0m [Client 729] Data split:[32m [repeated 277x across cluster][0m
[36m(ClientAppActor pid=1124617)[0m    Train:      173 samples (client-local)[32m [repeated 277x across cluster][0m
[36m(ClientAppActor pid=1124617)[0m    Validation: 24 samples (client-local)[32m [repeated 277x across cluster][0m
[36m(ClientAppActor pid=1124617)[0m    Test:       50737 samples (global, shared)[32m [repeated 277x across cluster][0m
[36m(ClientAppActor pid=1124589)[0m [Client 219] Data split:[32m [repeated 272x across cluster][0m
[36m(ClientAppActor pid=1124589)[0m    Train:      174 samples (client-local)[32m [repeated 272x across cluster][0m
[36m(ClientAppActor pid=1124589)[0m    Validation: 24 samples (client-local)[32m [repeated 272x across cluster][0m
[36m(ClientAppActor pid=1124589)[0m    Test:       50737 samples (global, shared)[32m [repeated 272x across cluster][0m
[36m(ClientAppActor pid=1124597)[0m [Client 772] Data split:[32m [repeated 246x across cluster][0m
[36m(ClientAppActor pid=1124597)[0m    Train:      173 samples (client-local)[32m [repeated 246x across cluster][0m
[36m(ClientAppActor pid=1124597)[0m    Validation: 24 samples (client-local)[32m [repeated 246x across cluster][0m
[36m(ClientAppActor pid=1124597)[0m    Test:       50737 samples (global, shared)[32m [repeated 246x across cluster][0m
[36m(ClientAppActor pid=1124608)[0m [Client 279] Data split:[32m [repeated 297x across cluster][0m
[36m(ClientAppActor pid=1124608)[0m    Train:      174 samples (client-local)[32m [repeated 297x across cluster][0m
[36m(ClientAppActor pid=1124608)[0m    Validation: 24 samples (client-local)[32m [repeated 297x across cluster][0m
[36m(ClientAppActor pid=1124608)[0m    Test:       50737 samples (global, shared)[32m [repeated 297x across cluster][0m
[36m(ClientAppActor pid=1124583)[0m [Client 138] Data split:[32m [repeated 286x across cluster][0m
[36m(ClientAppActor pid=1124583)[0m    Train:      174 samples (client-local)[32m [repeated 286x across cluster][0m
[36m(ClientAppActor pid=1124583)[0m    Validation: 24 samples (client-local)[32m [repeated 286x across cluster][0m
[36m(ClientAppActor pid=1124583)[0m    Test:       50737 samples (global, shared)[32m [repeated 286x across cluster][0m

🎯 Multi-Threshold Aggregation:
   ═══════════════════════════════════════════════
   Evaluated 10 thresholds:
     • Thr=0.30: Recall=0.940, Spec=0.279, F1=0.294
     • Thr=0.35: Recall=0.909, Spec=0.352, F1=0.308
     • Thr=0.40: Recall=0.876, Spec=0.428, F1=0.324
   ...

   BEST Threshold: 0.50
     • Recall:      0.779
     • Specificity: 0.569
     • F1-Score:    0.351
     • Score:       0.646
   ═══════════════════════════════════════════════

⚠️  No rounds meet spec≥0.7, using recall filter only
 2 Pareto-optimal rounds (not dominated in recall & spec)

🎯 SELECTED ROUND 15:
   Recall:     0.779
   Specificity: 0.569
   F1-Score:    0.351
   Stability:   0.999
   Alerts/1000: 479.9
   Composite:   0.652


✅ Round 15 is NEW BEST - Saving checkpoint...
   💾 Checkpoint saved: result/splits_iid_scaling/splits_iid_1024_clients.json/multi_thr/model_round_15.pt
⚠️  No rounds meet spec≥0.7, using recall filter only
 2 Pareto-optimal rounds (not dominated in recall & spec)

🎯 SELECTED ROUND 15:
   Recall:     0.779
   Specificity: 0.569
   F1-Score:    0.351
   Stability:   0.999
   Alerts/1000: 479.9
   Composite:   0.652

   💾 Best model saved: result/splits_iid_scaling/splits_iid_1024_clients.json/multi_thr/model_round_15.pt
   📊 Metrics saved: result/splits_iid_scaling/splits_iid_1024_clients.json/multi_thr/run_1.json
[36m(ClientAppActor pid=1124616)[0m [Client 146] Data split:[32m [repeated 274x across cluster][0m
[36m(ClientAppActor pid=1124616)[0m    Train:      174 samples (client-local)[32m [repeated 274x across cluster][0m
[36m(ClientAppActor pid=1124616)[0m    Validation: 24 samples (client-local)[32m [repeated 274x across cluster][0m
[36m(ClientAppActor pid=1124616)[0m    Test:       50737 samples (global, shared)[32m [repeated 274x across cluster][0m
[36m(ClientAppActor pid=1124610)[0m [Client 313] Data split:[32m [repeated 287x across cluster][0m
[36m(ClientAppActor pid=1124610)[0m    Train:      174 samples (client-local)[32m [repeated 287x across cluster][0m
[36m(ClientAppActor pid=1124610)[0m    Validation: 24 samples (client-local)[32m [repeated 287x across cluster][0m
[36m(ClientAppActor pid=1124610)[0m    Test:       50737 samples (global, shared)[32m [repeated 287x across cluster][0m
[36m(ClientAppActor pid=1124627)[0m [Client 997] Data split:[32m [repeated 279x across cluster][0m
[36m(ClientAppActor pid=1124627)[0m    Train:      173 samples (client-local)[32m [repeated 279x across cluster][0m
[36m(ClientAppActor pid=1124627)[0m    Validation: 24 samples (client-local)[32m [repeated 279x across cluster][0m
[36m(ClientAppActor pid=1124627)[0m    Test:       50737 samples (global, shared)[32m [repeated 279x across cluster][0m
[36m(ClientAppActor pid=1124616)[0m [Client 12] Data split:[32m [repeated 253x across cluster][0m
[36m(ClientAppActor pid=1124616)[0m    Train:      174 samples (client-local)[32m [repeated 253x across cluster][0m
[36m(ClientAppActor pid=1124616)[0m    Validation: 24 samples (client-local)[32m [repeated 253x across cluster][0m
[36m(ClientAppActor pid=1124616)[0m    Test:       50737 samples (global, shared)[32m [repeated 253x across cluster][0m
[36m(ClientAppActor pid=1124598)[0m [Client 504] Data split:[32m [repeated 275x across cluster][0m
[36m(ClientAppActor pid=1124598)[0m    Train:      173 samples (client-local)[32m [repeated 275x across cluster][0m
[36m(ClientAppActor pid=1124598)[0m    Validation: 24 samples (client-local)[32m [repeated 275x across cluster][0m
[36m(ClientAppActor pid=1124598)[0m    Test:       50737 samples (global, shared)[32m [repeated 275x across cluster][0m
[36m(ClientAppActor pid=1124615)[0m [Client 139] Data split:[32m [repeated 300x across cluster][0m
[36m(ClientAppActor pid=1124615)[0m    Train:      174 samples (client-local)[32m [repeated 300x across cluster][0m
[36m(ClientAppActor pid=1124615)[0m    Validation: 24 samples (client-local)[32m [repeated 300x across cluster][0m[36m(ClientAppActor pid=1124637)[0m /home/bax9142/federated-edge-learning/.venv/lib64/python3.13/site-packages/sklearn/metrics/_ranking.py:424: UndefinedMetricWarning: Only one class is present in y_true. ROC AUC score is not defined in that case.[32m [repeated 11x across cluster][0m
[36m(ClientAppActor pid=1124637)[0m   warnings.warn([32m [repeated 11x across cluster][0m
[36m(ClientAppActor pid=1124615)[0m /home/bax9142/federated-edge-learning/.venv/lib64/python3.13/site-packages/sklearn/metrics/_ranking.py:424: UndefinedMetricWarning: Only one class is present in y_true. ROC AUC score is not defined in that case.[32m [repeated 9x across cluster][0m
[36m(ClientAppActor pid=1124615)[0m   warnings.warn([32m [repeated 9x across cluster][0m
[92mINFO [0m:      aggregate_evaluate: received 1024 results and 0 failures
[92mINFO [0m:      
[92mINFO [0m:      [ROUND 17]
[92mINFO [0m:      configure_fit: strategy sampled 819 clients (out of 1024)
[92mINFO [0m:      aggregate_fit: received 819 results and 0 failures
[92mINFO [0m:      configure_evaluate: strategy sampled 1024 clients (out of 1024)
[36m(ClientAppActor pid=1124637)[0m /home/bax9142/federated-edge-learning/.venv/lib64/python3.13/site-packages/sklearn/metrics/_ranking.py:424: UndefinedMetricWarning: Only one class is present in y_true. ROC AUC score is not defined in that case.[32m [repeated 5x across cluster][0m
[36m(ClientAppActor pid=1124637)[0m   warnings.warn([32m [repeated 5x across cluster][0m
[36m(ClientAppActor pid=1124621)[0m /home/bax9142/federated-edge-learning/.venv/lib64/python3.13/site-packages/sklearn/metrics/_ranking.py:424: UndefinedMetricWarning: Only one class is present in y_true. ROC AUC score is not defined in that case.[32m [repeated 8x across cluster][0m
[36m(ClientAppActor pid=1124621)[0m   warnings.warn([32m [repeated 8x across cluster][0m
[36m(ClientAppActor pid=1124637)[0m /home/bax9142/federated-edge-learning/.venv/lib64/python3.13/site-packages/sklearn/metrics/_ranking.py:424: UndefinedMetricWarning: Only one class is present in y_true. ROC AUC score is not defined in that case.[32m [repeated 10x across cluster][0m
[36m(ClientAppActor pid=1124637)[0m   warnings.warn([32m [repeated 10x across cluster][0m
[36m(ClientAppActor pid=1124601)[0m /home/bax9142/federated-edge-learning/.venv/lib64/python3.13/site-packages/sklearn/metrics/_ranking.py:424: UndefinedMetricWarning: Only one class is present in y_true. ROC AUC score is not defined in that case.[32m [repeated 8x across cluster][0m
[36m(ClientAppActor pid=1124601)[0m   warnings.warn([32m [repeated 8x across cluster][0m
[92mINFO [0m:      aggregate_evaluate: received 1024 results and 0 failures
[92mINFO [0m:      
[92mINFO [0m:      [ROUND 18]
[92mINFO [0m:      configure_fit: strategy sampled 819 clients (out of 1024)

[36m(ClientAppActor pid=1124615)[0m    Test:       50737 samples (global, shared)[32m [repeated 300x across cluster][0m
[36m(ClientAppActor pid=1124601)[0m [Client 945] Data split:[32m [repeated 276x across cluster][0m
[36m(ClientAppActor pid=1124601)[0m    Train:      173 samples (client-local)[32m [repeated 276x across cluster][0m
[36m(ClientAppActor pid=1124601)[0m    Validation: 24 samples (client-local)[32m [repeated 276x across cluster][0m
[36m(ClientAppActor pid=1124601)[0m    Test:       50737 samples (global, shared)[32m [repeated 276x across cluster][0m

🎯 Multi-Threshold Aggregation:
   ═══════════════════════════════════════════════
   Evaluated 10 thresholds:
     • Thr=0.30: Recall=0.939, Spec=0.289, F1=0.297
     • Thr=0.35: Recall=0.909, Spec=0.363, F1=0.311
     • Thr=0.40: Recall=0.876, Spec=0.436, F1=0.327
   ...

   BEST Threshold: 0.50
     • Recall:      0.782
     • Specificity: 0.574
     • F1-Score:    0.354
     • Score:       0.649
   ═══════════════════════════════════════════════

⚠️  No rounds meet spec≥0.7, using recall filter only
 2 Pareto-optimal rounds (not dominated in recall & spec)

🎯 SELECTED ROUND 16:
   Recall:     0.782
   Specificity: 0.574
   F1-Score:    0.354
   Stability:   0.999
   Alerts/1000: 475.7
   Composite:   0.656


✅ Round 16 is NEW BEST - Saving checkpoint...
   💾 Checkpoint saved: result/splits_iid_scaling/splits_iid_1024_clients.json/multi_thr/model_round_16.pt
⚠️  No rounds meet spec≥0.7, using recall filter only
 2 Pareto-optimal rounds (not dominated in recall & spec)

🎯 SELECTED ROUND 16:
   Recall:     0.782
   Specificity: 0.574
   F1-Score:    0.354
   Stability:   0.999
   Alerts/1000: 475.7
   Composite:   0.656

   💾 Best model saved: result/splits_iid_scaling/splits_iid_1024_clients.json/multi_thr/model_round_16.pt
   📊 Metrics saved: result/splits_iid_scaling/splits_iid_1024_clients.json/multi_thr/run_1.json
[36m(ClientAppActor pid=1124608)[0m [Client 885] Data split:[32m [repeated 265x across cluster][0m
[36m(ClientAppActor pid=1124608)[0m    Train:      173 samples (client-local)[32m [repeated 265x across cluster][0m
[36m(ClientAppActor pid=1124608)[0m    Validation: 24 samples (client-local)[32m [repeated 265x across cluster][0m
[36m(ClientAppActor pid=1124608)[0m    Test:       50737 samples (global, shared)[32m [repeated 265x across cluster][0m
[36m(ClientAppActor pid=1124597)[0m 
[36m(ClientAppActor pid=1124613)[0m [Client 29] Data split:[32m [repeated 276x across cluster][0m
[36m(ClientAppActor pid=1124613)[0m    Train:      174 samples (client-local)[32m [repeated 276x across cluster][0m
[36m(ClientAppActor pid=1124613)[0m    Validation: 24 samples (client-local)[32m [repeated 276x across cluster][0m
[36m(ClientAppActor pid=1124613)[0m    Test:       50737 samples (global, shared)[32m [repeated 276x across cluster][0m
[36m(ClientAppActor pid=1124608)[0m [Client 899] Data split:[32m [repeated 283x across cluster][0m
[36m(ClientAppActor pid=1124608)[0m    Train:      173 samples (client-local)[32m [repeated 283x across cluster][0m
[36m(ClientAppActor pid=1124608)[0m    Validation: 24 samples (client-local)[32m [repeated 283x across cluster][0m
[36m(ClientAppActor pid=1124608)[0m    Test:       50737 samples (global, shared)[32m [repeated 283x across cluster][0m
[36m(ClientAppActor pid=1124620)[0m 
[36m(ClientAppActor pid=1124583)[0m [Client 584] Data split:[32m [repeated 236x across cluster][0m
[36m(ClientAppActor pid=1124583)[0m    Train:      173 samples (client-local)[32m [repeated 236x across cluster][0m
[36m(ClientAppActor pid=1124583)[0m    Validation: 24 samples (client-local)[32m [repeated 236x across cluster][0m
[36m(ClientAppActor pid=1124583)[0m    Test:       50737 samples (global, shared)[32m [repeated 236x across cluster][0m
[36m(ClientAppActor pid=1124597)[0m [Client 520] Data split:[32m [repeated 288x across cluster][0m
[36m(ClientAppActor pid=1124597)[0m    Train:      173 samples (client-local)[32m [repeated 288x across cluster][0m
[36m(ClientAppActor pid=1124597)[0m    Validation: 24 samples (client-local)[32m [repeated 288x across cluster][0m
[36m(ClientAppActor pid=1124597)[0m    Test:       50737 samples (global, shared)[32m [repeated 288x across cluster][0m
[36m(ClientAppActor pid=1124608)[0m [Client 123] Data split:[32m [repeated 285x across cluster][0m
[36m(ClientAppActor pid=1124608)[0m    Train:      174 samples (client-local)[32m [repeated 285x across cluster][0m
[36m(ClientAppActor pid=1124608)[0m    Validation: 24 samples (client-local)[32m [repeated 285x across cluster][0m
[36m(ClientAppActor pid=1124608)[0m    Test:       50737 samples (global, shared)[32m [repeated 285x across cluster][0m
[36m(ClientAppActor pid=1124613)[0m [Client 122] Data split:[32m [repeated 280x across cluster][0m
[36m(ClientAppActor pid=1124613)[0m    Train:      174 samples (client-local)[32m [repeated 280x across cluster][0m
[36m(ClientAppActor pid=1124613)[0m    Validation: 24 samples (client-local)[32m [repeated 280x across cluster][0m
[36m(ClientAppActor pid=1124613)[0m    Test:       50737 samples (global, shared)[32m [repeated 280x across cluster][0m

🎯 Multi-Threshold Aggregation:
   ═══════════════════════════════════════════════
   Evaluated 10 thresholds:
     • Thr=0.30: Recall=0.938, Spec=0.298, F1=0.299
     • Thr=0.35: Recall=0.909, Spec=0.373, F1=0.314
     • Thr=0.40: Recall=0.877, Spec=0.445, F1=0.331
   ...

   BEST Threshold: 0.50
     • Recall:      0.785
     • Specificity: 0.579
     • F1-Score:    0.358
     • Score:       0.653
   ═══════════════════════════════════════════════

⚠️  No rounds meet spec≥0.7, using recall filter only
 2 Pareto-optimal rounds (not dominated in recall & spec)

🎯 SELECTED ROUND 17:
   Recall:     0.785
   Specificity: 0.579
   F1-Score:    0.358
   Stability:   1.000
   Alerts/1000: 471.9
   Composite:   0.659


✅ Round 17 is NEW BEST - Saving checkpoint...
   💾 Checkpoint saved: result/splits_iid_scaling/splits_iid_1024_clients.json/multi_thr/model_round_17.pt
⚠️  No rounds meet spec≥0.7, using recall filter only
 2 Pareto-optimal rounds (not dominated in recall & spec)

🎯 SELECTED ROUND 17:
   Recall:     0.785
   Specificity: 0.579
   F1-Score:    0.358
   Stability:   1.000
   Alerts/1000: 471.9
   Composite:   0.659

   💾 Best model saved: result/splits_iid_scaling/splits_iid_1024_clients.json/multi_thr/model_round_17.pt
   📊 Metrics saved: result/splits_iid_scaling/splits_iid_1024_clients.json/multi_thr/run_1.json
[36m(ClientAppActor pid=1124598)[0m [Client 991] Data split:[32m [repeated 262x across cluster][0m
[36m(ClientAppActor pid=1124598)[0m    Train:      173 samples (client-local)[32m [repeated 262x across cluster][0m
[36m(ClientAppActor pid=1124598)[0m    Validation: 24 samples (client-local)[32m [repeated 262x across cluster][0m
[36m(ClientAppActor pid=1124598)[0m    Test:       50737 samples (global, shared)[32m [repeated 262x across cluster][0m
[36m(ClientAppActor pid=1124601)[0m [Client 519] Data split:[32m [repeated 273x across cluster][0m
[36m(ClientAppActor pid=1124601)[0m    Train:      173 samples (client-local)[32m [repeated 273x across cluster][0m
[36m(ClientAppActor pid=1124601)[0m    Validation: 24 samples (client-local)[32m [repeated 273x across cluster][0m
[36m(ClientAppActor pid=1124601)[0m    Test:       50737 samples (global, shared)[32m [repeated 273x across cluster][0m
[36m(ClientAppActor pid=1124589)[0m [Client 983] Data split:[32m [repeated 279x across cluster][0m
[36m(ClientAppActor pid=1124589)[0m    Train:      173 samples (client-local)[32m [repeated 279x across cluster][0m[92mINFO [0m:      aggregate_fit: received 819 results and 0 failures
[92mINFO [0m:      configure_evaluate: strategy sampled 1024 clients (out of 1024)
[36m(ClientAppActor pid=1124630)[0m /home/bax9142/federated-edge-learning/.venv/lib64/python3.13/site-packages/sklearn/metrics/_ranking.py:424: UndefinedMetricWarning: Only one class is present in y_true. ROC AUC score is not defined in that case.[32m [repeated 5x across cluster][0m
[36m(ClientAppActor pid=1124630)[0m   warnings.warn([32m [repeated 5x across cluster][0m
[36m(ClientAppActor pid=1124605)[0m /home/bax9142/federated-edge-learning/.venv/lib64/python3.13/site-packages/sklearn/metrics/_ranking.py:424: UndefinedMetricWarning: Only one class is present in y_true. ROC AUC score is not defined in that case.[32m [repeated 10x across cluster][0m
[36m(ClientAppActor pid=1124605)[0m   warnings.warn([32m [repeated 10x across cluster][0m
[36m(ClientAppActor pid=1124615)[0m /home/bax9142/federated-edge-learning/.venv/lib64/python3.13/site-packages/sklearn/metrics/_ranking.py:424: UndefinedMetricWarning: Only one class is present in y_true. ROC AUC score is not defined in that case.[32m [repeated 11x across cluster][0m
[36m(ClientAppActor pid=1124615)[0m   warnings.warn([32m [repeated 11x across cluster][0m
[36m(ClientAppActor pid=1124645)[0m /home/bax9142/federated-edge-learning/.venv/lib64/python3.13/site-packages/sklearn/metrics/_ranking.py:424: UndefinedMetricWarning: Only one class is present in y_true. ROC AUC score is not defined in that case.[32m [repeated 5x across cluster][0m
[36m(ClientAppActor pid=1124645)[0m   warnings.warn([32m [repeated 5x across cluster][0m
[92mINFO [0m:      aggregate_evaluate: received 1024 results and 0 failures
[92mINFO [0m:      
[92mINFO [0m:      [ROUND 19]
[92mINFO [0m:      configure_fit: strategy sampled 819 clients (out of 1024)
[92mINFO [0m:      aggregate_fit: received 819 results and 0 failures
[92mINFO [0m:      configure_evaluate: strategy sampled 1024 clients (out of 1024)
[36m(ClientAppActor pid=1124611)[0m /home/bax9142/federated-edge-learning/.venv/lib64/python3.13/site-packages/sklearn/metrics/_ranking.py:424: UndefinedMetricWarning: Only one class is present in y_true. ROC AUC score is not defined in that case.[32m [repeated 5x across cluster][0m
[36m(ClientAppActor pid=1124611)[0m   warnings.warn([32m [repeated 5x across cluster][0m
[36m(ClientAppActor pid=1124608)[0m /home/bax9142/federated-edge-learning/.venv/lib64/python3.13/site-packages/sklearn/metrics/_ranking.py:424: UndefinedMetricWarning: Only one class is present in y_true. ROC AUC score is not defined in that case.[32m [repeated 8x across cluster][0m
[36m(ClientAppActor pid=1124608)[0m   warnings.warn([32m [repeated 8x across cluster][0m
[36m(ClientAppActor pid=1124589)[0m /home/bax9142/federated-edge-learning/.venv/lib64/python3.13/site-packages/sklearn/metrics/_ranking.py:424: UndefinedMetricWarning: Only one class is present in y_true. ROC AUC score is not defined in that case.[32m [repeated 10x across cluster][0m
[36m(ClientAppActor pid=1124589)[0m   warnings.warn([32m [repeated 10x across cluster][0m
[92mINFO [0m:      aggregate_evaluate: received 1024 results and 0 failures
[92mINFO [0m:      
[92mINFO [0m:      [ROUND 20]
[92mINFO [0m:      configure_fit: strategy sampled 819 clients (out of 1024)

[36m(ClientAppActor pid=1124589)[0m    Validation: 24 samples (client-local)[32m [repeated 279x across cluster][0m
[36m(ClientAppActor pid=1124589)[0m    Test:       50737 samples (global, shared)[32m [repeated 279x across cluster][0m
[36m(ClientAppActor pid=1124605)[0m [Client 510] Data split:[32m [repeated 241x across cluster][0m
[36m(ClientAppActor pid=1124605)[0m    Train:      173 samples (client-local)[32m [repeated 241x across cluster][0m
[36m(ClientAppActor pid=1124605)[0m    Validation: 24 samples (client-local)[32m [repeated 241x across cluster][0m
[36m(ClientAppActor pid=1124605)[0m    Test:       50737 samples (global, shared)[32m [repeated 241x across cluster][0m
[36m(ClientAppActor pid=1124619)[0m [Client 245] Data split:[32m [repeated 275x across cluster][0m
[36m(ClientAppActor pid=1124619)[0m    Train:      174 samples (client-local)[32m [repeated 275x across cluster][0m
[36m(ClientAppActor pid=1124619)[0m    Validation: 24 samples (client-local)[32m [repeated 275x across cluster][0m
[36m(ClientAppActor pid=1124619)[0m    Test:       50737 samples (global, shared)[32m [repeated 275x across cluster][0m
[36m(ClientAppActor pid=1124598)[0m [Client 142] Data split:[32m [repeated 281x across cluster][0m
[36m(ClientAppActor pid=1124598)[0m    Train:      174 samples (client-local)[32m [repeated 281x across cluster][0m
[36m(ClientAppActor pid=1124598)[0m    Validation: 24 samples (client-local)[32m [repeated 281x across cluster][0m
[36m(ClientAppActor pid=1124598)[0m    Test:       50737 samples (global, shared)[32m [repeated 281x across cluster][0m
[36m(ClientAppActor pid=1124650)[0m [Client 107] Data split:[32m [repeated 285x across cluster][0m
[36m(ClientAppActor pid=1124650)[0m    Train:      174 samples (client-local)[32m [repeated 285x across cluster][0m
[36m(ClientAppActor pid=1124650)[0m    Validation: 24 samples (client-local)[32m [repeated 285x across cluster][0m
[36m(ClientAppActor pid=1124650)[0m    Test:       50737 samples (global, shared)[32m [repeated 285x across cluster][0m

🎯 Multi-Threshold Aggregation:
   ═══════════════════════════════════════════════
   Evaluated 10 thresholds:
     • Thr=0.30: Recall=0.938, Spec=0.307, F1=0.302
     • Thr=0.35: Recall=0.908, Spec=0.382, F1=0.317
     • Thr=0.40: Recall=0.877, Spec=0.452, F1=0.333
   ...

   BEST Threshold: 0.50
     • Recall:      0.784
     • Specificity: 0.586
     • F1-Score:    0.361
     • Score:       0.656
   ═══════════════════════════════════════════════

⚠️  No rounds meet spec≥0.7, using recall filter only
 3 Pareto-optimal rounds (not dominated in recall & spec)

🎯 SELECTED ROUND 18:
   Recall:     0.784
   Specificity: 0.586
   F1-Score:    0.361
   Stability:   1.000
   Alerts/1000: 465.9
   Composite:   0.661


✅ Round 18 is NEW BEST - Saving checkpoint...
   💾 Checkpoint saved: result/splits_iid_scaling/splits_iid_1024_clients.json/multi_thr/model_round_18.pt
⚠️  No rounds meet spec≥0.7, using recall filter only
 3 Pareto-optimal rounds (not dominated in recall & spec)

🎯 SELECTED ROUND 18:
   Recall:     0.784
   Specificity: 0.586
   F1-Score:    0.361
   Stability:   1.000
   Alerts/1000: 465.9
   Composite:   0.661

   💾 Best model saved: result/splits_iid_scaling/splits_iid_1024_clients.json/multi_thr/model_round_18.pt
   📊 Metrics saved: result/splits_iid_scaling/splits_iid_1024_clients.json/multi_thr/run_1.json
[36m(ClientAppActor pid=1124597)[0m [Client 368] Data split:[32m [repeated 261x across cluster][0m
[36m(ClientAppActor pid=1124597)[0m    Train:      174 samples (client-local)[32m [repeated 261x across cluster][0m
[36m(ClientAppActor pid=1124597)[0m    Validation: 24 samples (client-local)[32m [repeated 261x across cluster][0m
[36m(ClientAppActor pid=1124597)[0m    Test:       50737 samples (global, shared)[32m [repeated 261x across cluster][0m
[36m(ClientAppActor pid=1124601)[0m [Client 942] Data split:[32m [repeated 286x across cluster][0m
[36m(ClientAppActor pid=1124601)[0m    Train:      173 samples (client-local)[32m [repeated 286x across cluster][0m
[36m(ClientAppActor pid=1124601)[0m    Validation: 24 samples (client-local)[32m [repeated 286x across cluster][0m
[36m(ClientAppActor pid=1124601)[0m    Test:       50737 samples (global, shared)[32m [repeated 286x across cluster][0m
[36m(ClientAppActor pid=1124598)[0m [Client 593] Data split:[32m [repeated 283x across cluster][0m
[36m(ClientAppActor pid=1124598)[0m    Train:      173 samples (client-local)[32m [repeated 283x across cluster][0m
[36m(ClientAppActor pid=1124598)[0m    Validation: 24 samples (client-local)[32m [repeated 283x across cluster][0m
[36m(ClientAppActor pid=1124598)[0m    Test:       50737 samples (global, shared)[32m [repeated 283x across cluster][0m
[36m(ClientAppActor pid=1124598)[0m [Client 584] Data split:[32m [repeated 242x across cluster][0m
[36m(ClientAppActor pid=1124598)[0m    Train:      173 samples (client-local)[32m [repeated 242x across cluster][0m
[36m(ClientAppActor pid=1124598)[0m    Validation: 24 samples (client-local)[32m [repeated 242x across cluster][0m
[36m(ClientAppActor pid=1124598)[0m    Test:       50737 samples (global, shared)[32m [repeated 242x across cluster][0m
[36m(ClientAppActor pid=1124616)[0m [Client 305] Data split:[32m [repeated 281x across cluster][0m
[36m(ClientAppActor pid=1124616)[0m    Train:      174 samples (client-local)[32m [repeated 281x across cluster][0m
[36m(ClientAppActor pid=1124616)[0m    Validation: 24 samples (client-local)[32m [repeated 281x across cluster][0m
[36m(ClientAppActor pid=1124616)[0m    Test:       50737 samples (global, shared)[32m [repeated 281x across cluster][0m
[36m(ClientAppActor pid=1124605)[0m [Client 794] Data split:[32m [repeated 289x across cluster][0m
[36m(ClientAppActor pid=1124605)[0m    Train:      173 samples (client-local)[32m [repeated 289x across cluster][0m
[36m(ClientAppActor pid=1124605)[0m    Validation: 24 samples (client-local)[32m [repeated 289x across cluster][0m
[36m(ClientAppActor pid=1124605)[0m    Test:       50737 samples (global, shared)[32m [repeated 289x across cluster][0m

🎯 Multi-Threshold Aggregation:
   ═══════════════════════════════════════════════
   Evaluated 10 thresholds:
     • Thr=0.30: Recall=0.937, Spec=0.314, F1=0.304
     • Thr=0.35: Recall=0.908, Spec=0.389, F1=0.320
     • Thr=0.40: Recall=0.877, Spec=0.457, F1=0.335
   ...

   BEST Threshold: 0.50
     • Recall:      0.787
     • Specificity: 0.590
     • F1-Score:    0.364
     • Score:       0.659
   ═══════════════════════════════════════════════

⚠️  No rounds meet spec≥0.7, using recall filter only
 2 Pareto-optimal rounds (not dominated in recall & spec)

🎯 SELECTED ROUND 19:
   Recall:     0.787
   Specificity: 0.590
   F1-Score:    0.364
   Stability:   1.000
   Alerts/1000: 462.5
   Composite:   0.665


✅ Round 19 is NEW BEST - Saving checkpoint...
   💾 Checkpoint saved: result/splits_iid_scaling/splits_iid_1024_clients.json/multi_thr/model_round_19.pt
⚠️  No rounds meet spec≥0.7, using recall filter only
 2 Pareto-optimal rounds (not dominated in recall & spec)

🎯 SELECTED ROUND 19:
   Recall:     0.787
   Specificity: 0.590
   F1-Score:    0.364
   Stability:   1.000
   Alerts/1000: 462.5
   Composite:   0.665

   💾 Best model saved: result/splits_iid_scaling/splits_iid_1024_clients.json/multi_thr/model_round_19.pt
   📊 Metrics saved: result/splits_iid_scaling/splits_iid_1024_clients.json/multi_thr/run_1.json
[36m(ClientAppActor pid=1124597)[0m [Client 253] Data split:[32m [repeated 251x across cluster][0m
[36m(ClientAppActor pid=1124597)[0m    Train:      174 samples (client-local)[32m [repeated 251x across cluster][0m[92mINFO [0m:      aggregate_fit: received 819 results and 0 failures
[92mINFO [0m:      configure_evaluate: strategy sampled 1024 clients (out of 1024)
[36m(ClientAppActor pid=1124617)[0m /home/bax9142/federated-edge-learning/.venv/lib64/python3.13/site-packages/sklearn/metrics/_ranking.py:424: UndefinedMetricWarning: Only one class is present in y_true. ROC AUC score is not defined in that case.[32m [repeated 13x across cluster][0m
[36m(ClientAppActor pid=1124617)[0m   warnings.warn([32m [repeated 13x across cluster][0m
[36m(ClientAppActor pid=1124627)[0m /home/bax9142/federated-edge-learning/.venv/lib64/python3.13/site-packages/sklearn/metrics/_ranking.py:424: UndefinedMetricWarning: Only one class is present in y_true. ROC AUC score is not defined in that case.[32m [repeated 4x across cluster][0m
[36m(ClientAppActor pid=1124627)[0m   warnings.warn([32m [repeated 4x across cluster][0m
[36m(ClientAppActor pid=1124644)[0m /home/bax9142/federated-edge-learning/.venv/lib64/python3.13/site-packages/sklearn/metrics/_ranking.py:424: UndefinedMetricWarning: Only one class is present in y_true. ROC AUC score is not defined in that case.[32m [repeated 10x across cluster][0m
[36m(ClientAppActor pid=1124644)[0m   warnings.warn([32m [repeated 10x across cluster][0m
[36m(ClientAppActor pid=1124637)[0m /home/bax9142/federated-edge-learning/.venv/lib64/python3.13/site-packages/sklearn/metrics/_ranking.py:424: UndefinedMetricWarning: Only one class is present in y_true. ROC AUC score is not defined in that case.[32m [repeated 16x across cluster][0m
[36m(ClientAppActor pid=1124637)[0m   warnings.warn([32m [repeated 16x across cluster][0m
[92mINFO [0m:      aggregate_evaluate: received 1024 results and 0 failures
[92mINFO [0m:      
[92mINFO [0m:      [ROUND 21]
[92mINFO [0m:      configure_fit: strategy sampled 819 clients (out of 1024)
[92mINFO [0m:      aggregate_fit: received 819 results and 0 failures
[92mINFO [0m:      configure_evaluate: strategy sampled 1024 clients (out of 1024)
[36m(ClientAppActor pid=1124616)[0m /home/bax9142/federated-edge-learning/.venv/lib64/python3.13/site-packages/sklearn/metrics/_ranking.py:424: UndefinedMetricWarning: Only one class is present in y_true. ROC AUC score is not defined in that case.
[36m(ClientAppActor pid=1124616)[0m   warnings.warn(
[36m(ClientAppActor pid=1124613)[0m /home/bax9142/federated-edge-learning/.venv/lib64/python3.13/site-packages/sklearn/metrics/_ranking.py:424: UndefinedMetricWarning: Only one class is present in y_true. ROC AUC score is not defined in that case.
[36m(ClientAppActor pid=1124613)[0m   warnings.warn(
[36m(ClientAppActor pid=1124649)[0m /home/bax9142/federated-edge-learning/.venv/lib64/python3.13/site-packages/sklearn/metrics/_ranking.py:424: UndefinedMetricWarning: Only one class is present in y_true. ROC AUC score is not defined in that case.[32m [repeated 7x across cluster][0m
[36m(ClientAppActor pid=1124649)[0m   warnings.warn([32m [repeated 7x across cluster][0m
[36m(ClientAppActor pid=1124644)[0m /home/bax9142/federated-edge-learning/.venv/lib64/python3.13/site-packages/sklearn/metrics/_ranking.py:424: UndefinedMetricWarning: Only one class is present in y_true. ROC AUC score is not defined in that case.[32m [repeated 11x across cluster][0m
[36m(ClientAppActor pid=1124644)[0m   warnings.warn([32m [repeated 11x across cluster][0m
[36m(ClientAppActor pid=1124627)[0m /home/bax9142/federated-edge-learning/.venv/lib64/python3.13/site-packages/sklearn/metrics/_ranking.py:424: UndefinedMetricWarning: Only one class is present in y_true. ROC AUC score is not defined in that case.[32m [repeated 5x across cluster][0m
[36m(ClientAppActor pid=1124627)[0m   warnings.warn([32m [repeated 5x across cluster][0m
[92mINFO [0m:      aggregate_evaluate: received 1024 results and 0 failures

[36m(ClientAppActor pid=1124597)[0m    Validation: 24 samples (client-local)[32m [repeated 251x across cluster][0m
[36m(ClientAppActor pid=1124597)[0m    Test:       50737 samples (global, shared)[32m [repeated 251x across cluster][0m
[36m(ClientAppActor pid=1124589)[0m [Client 958] Data split:[32m [repeated 277x across cluster][0m
[36m(ClientAppActor pid=1124589)[0m    Train:      173 samples (client-local)[32m [repeated 277x across cluster][0m
[36m(ClientAppActor pid=1124589)[0m    Validation: 24 samples (client-local)[32m [repeated 277x across cluster][0m
[36m(ClientAppActor pid=1124589)[0m    Test:       50737 samples (global, shared)[32m [repeated 277x across cluster][0m
[36m(ClientAppActor pid=1124598)[0m [Client 789] Data split:[32m [repeated 276x across cluster][0m
[36m(ClientAppActor pid=1124598)[0m    Train:      173 samples (client-local)[32m [repeated 276x across cluster][0m
[36m(ClientAppActor pid=1124598)[0m    Validation: 24 samples (client-local)[32m [repeated 276x across cluster][0m
[36m(ClientAppActor pid=1124598)[0m    Test:       50737 samples (global, shared)[32m [repeated 276x across cluster][0m
[36m(ClientAppActor pid=1124597)[0m [Client 1] Data split:[32m [repeated 266x across cluster][0m
[36m(ClientAppActor pid=1124597)[0m    Train:      174 samples (client-local)[32m [repeated 266x across cluster][0m
[36m(ClientAppActor pid=1124597)[0m    Validation: 24 samples (client-local)[32m [repeated 266x across cluster][0m
[36m(ClientAppActor pid=1124597)[0m    Test:       50737 samples (global, shared)[32m [repeated 266x across cluster][0m
[36m(ClientAppActor pid=1124597)[0m [Client 814] Data split:[32m [repeated 281x across cluster][0m
[36m(ClientAppActor pid=1124597)[0m    Train:      173 samples (client-local)[32m [repeated 281x across cluster][0m
[36m(ClientAppActor pid=1124597)[0m    Validation: 24 samples (client-local)[32m [repeated 281x across cluster][0m
[36m(ClientAppActor pid=1124597)[0m    Test:       50737 samples (global, shared)[32m [repeated 281x across cluster][0m
[36m(ClientAppActor pid=1124621)[0m [Client 27] Data split:[32m [repeated 284x across cluster][0m
[36m(ClientAppActor pid=1124621)[0m    Train:      174 samples (client-local)[32m [repeated 284x across cluster][0m
[36m(ClientAppActor pid=1124621)[0m    Validation: 24 samples (client-local)[32m [repeated 284x across cluster][0m
[36m(ClientAppActor pid=1124621)[0m    Test:       50737 samples (global, shared)[32m [repeated 284x across cluster][0m
[36m(ClientAppActor pid=1124620)[0m [Client 956] Data split:[32m [repeated 279x across cluster][0m
[36m(ClientAppActor pid=1124620)[0m    Train:      173 samples (client-local)[32m [repeated 279x across cluster][0m
[36m(ClientAppActor pid=1124620)[0m    Validation: 24 samples (client-local)[32m [repeated 279x across cluster][0m
[36m(ClientAppActor pid=1124620)[0m    Test:       50737 samples (global, shared)[32m [repeated 279x across cluster][0m

🎯 Multi-Threshold Aggregation:
   ═══════════════════════════════════════════════
   Evaluated 10 thresholds:
     • Thr=0.30: Recall=0.936, Spec=0.322, F1=0.306
     • Thr=0.35: Recall=0.908, Spec=0.395, F1=0.322
     • Thr=0.40: Recall=0.878, Spec=0.463, F1=0.338
   ...

   BEST Threshold: 0.50
     • Recall:      0.788
     • Specificity: 0.594
     • F1-Score:    0.367
     • Score:       0.661
   ═══════════════════════════════════════════════

⚠️  No rounds meet spec≥0.7, using recall filter only
 2 Pareto-optimal rounds (not dominated in recall & spec)

🎯 SELECTED ROUND 20:
   Recall:     0.788
   Specificity: 0.594
   F1-Score:    0.367
   Stability:   1.000
   Alerts/1000: 459.3
   Composite:   0.667


✅ Round 20 is NEW BEST - Saving checkpoint...
   💾 Checkpoint saved: result/splits_iid_scaling/splits_iid_1024_clients.json/multi_thr/model_round_20.pt
⚠️  No rounds meet spec≥0.7, using recall filter only
 2 Pareto-optimal rounds (not dominated in recall & spec)

🎯 SELECTED ROUND 20:
   Recall:     0.788
   Specificity: 0.594
   F1-Score:    0.367
   Stability:   1.000
   Alerts/1000: 459.3
   Composite:   0.667

   💾 Best model saved: result/splits_iid_scaling/splits_iid_1024_clients.json/multi_thr/model_round_20.pt
   📊 Metrics saved: result/splits_iid_scaling/splits_iid_1024_clients.json/multi_thr/run_1.json
[36m(ClientAppActor pid=1124613)[0m [Client 971] Data split:[32m [repeated 263x across cluster][0m
[36m(ClientAppActor pid=1124613)[0m    Train:      173 samples (client-local)[32m [repeated 263x across cluster][0m
[36m(ClientAppActor pid=1124613)[0m    Validation: 24 samples (client-local)[32m [repeated 263x across cluster][0m
[36m(ClientAppActor pid=1124613)[0m    Test:       50737 samples (global, shared)[32m [repeated 263x across cluster][0m
[36m(ClientAppActor pid=1124614)[0m [Client 21] Data split:[32m [repeated 278x across cluster][0m
[36m(ClientAppActor pid=1124614)[0m    Train:      174 samples (client-local)[32m [repeated 278x across cluster][0m
[36m(ClientAppActor pid=1124614)[0m    Validation: 24 samples (client-local)[32m [repeated 278x across cluster][0m
[36m(ClientAppActor pid=1124614)[0m    Test:       50737 samples (global, shared)[32m [repeated 278x across cluster][0m
[36m(ClientAppActor pid=1124598)[0m [Client 386] Data split:[32m [repeated 274x across cluster][0m
[36m(ClientAppActor pid=1124598)[0m    Train:      174 samples (client-local)[32m [repeated 274x across cluster][0m
[36m(ClientAppActor pid=1124598)[0m    Validation: 24 samples (client-local)[32m [repeated 274x across cluster][0m
[36m(ClientAppActor pid=1124598)[0m    Test:       50737 samples (global, shared)[32m [repeated 274x across cluster][0m
[36m(ClientAppActor pid=1124598)[0m [Client 912] Data split:[32m [repeated 233x across cluster][0m
[36m(ClientAppActor pid=1124598)[0m    Train:      173 samples (client-local)[32m [repeated 233x across cluster][0m
[36m(ClientAppActor pid=1124598)[0m    Validation: 24 samples (client-local)[32m [repeated 233x across cluster][0m
[36m(ClientAppActor pid=1124598)[0m    Test:       50737 samples (global, shared)[32m [repeated 233x across cluster][0m
[36m(ClientAppActor pid=1124598)[0m [Client 385] Data split:[32m [repeated 270x across cluster][0m
[36m(ClientAppActor pid=1124598)[0m    Train:      174 samples (client-local)[32m [repeated 270x across cluster][0m
[36m(ClientAppActor pid=1124598)[0m    Validation: 24 samples (client-local)[32m [repeated 270x across cluster][0m
[36m(ClientAppActor pid=1124598)[0m    Test:       50737 samples (global, shared)[32m [repeated 270x across cluster][0m
[36m(ClientAppActor pid=1124616)[0m [Client 753] Data split:[32m [repeated 289x across cluster][0m
[36m(ClientAppActor pid=1124616)[0m    Train:      173 samples (client-local)[32m [repeated 289x across cluster][0m
[36m(ClientAppActor pid=1124616)[0m    Validation: 24 samples (client-local)[32m [repeated 289x across cluster][0m
[36m(ClientAppActor pid=1124616)[0m    Test:       50737 samples (global, shared)[32m [repeated 289x across cluster][0m
[36m(ClientAppActor pid=1124644)[0m [Client 664] Data split:[32m [repeated 278x across cluster][0m
[36m(ClientAppActor pid=1124644)[0m    Train:      173 samples (client-local)[32m [repeated 278x across cluster][0m
[36m(ClientAppActor pid=1124644)[0m    Validation: 24 samples (client-local)[32m [repeated 278x across cluster][0m
[36m(ClientAppActor pid=1124644)[0m    Test:       50737 samples (global, shared)[32m [repeated 278x across cluster][0m

🎯 Multi-Threshold Aggregation:
   ═══════════════════════════════════════════════
   Evaluated 10 thresholds:
     • Thr=0.30: Recall=0.936, Spec=0.329, F1=0.308
     • Thr=0.35: Recall=0.907, Spec=0.399, F1=0.323
     • Thr=0.40: Recall=0.880, Spec=0.468, F1=0.341[92mINFO [0m:      
[92mINFO [0m:      [ROUND 22]
[92mINFO [0m:      configure_fit: strategy sampled 819 clients (out of 1024)
[92mINFO [0m:      aggregate_fit: received 819 results and 0 failures
[92mINFO [0m:      configure_evaluate: strategy sampled 1024 clients (out of 1024)
[36m(ClientAppActor pid=1124616)[0m /home/bax9142/federated-edge-learning/.venv/lib64/python3.13/site-packages/sklearn/metrics/_ranking.py:424: UndefinedMetricWarning: Only one class is present in y_true. ROC AUC score is not defined in that case.[32m [repeated 7x across cluster][0m
[36m(ClientAppActor pid=1124616)[0m   warnings.warn([32m [repeated 7x across cluster][0m
[36m(ClientAppActor pid=1124647)[0m /home/bax9142/federated-edge-learning/.venv/lib64/python3.13/site-packages/sklearn/metrics/_ranking.py:424: UndefinedMetricWarning: Only one class is present in y_true. ROC AUC score is not defined in that case.[32m [repeated 8x across cluster][0m
[36m(ClientAppActor pid=1124647)[0m   warnings.warn([32m [repeated 8x across cluster][0m
[36m(ClientAppActor pid=1124608)[0m /home/bax9142/federated-edge-learning/.venv/lib64/python3.13/site-packages/sklearn/metrics/_ranking.py:424: UndefinedMetricWarning: Only one class is present in y_true. ROC AUC score is not defined in that case.[32m [repeated 11x across cluster][0m
[36m(ClientAppActor pid=1124608)[0m   warnings.warn([32m [repeated 11x across cluster][0m
[36m(ClientAppActor pid=1124589)[0m /home/bax9142/federated-edge-learning/.venv/lib64/python3.13/site-packages/sklearn/metrics/_ranking.py:424: UndefinedMetricWarning: Only one class is present in y_true. ROC AUC score is not defined in that case.[32m [repeated 7x across cluster][0m
[36m(ClientAppActor pid=1124589)[0m   warnings.warn([32m [repeated 7x across cluster][0m
[92mINFO [0m:      aggregate_evaluate: received 1024 results and 0 failures
[92mINFO [0m:      
[92mINFO [0m:      [ROUND 23]
[92mINFO [0m:      configure_fit: strategy sampled 819 clients (out of 1024)
[92mINFO [0m:      aggregate_fit: received 819 results and 0 failures
[92mINFO [0m:      configure_evaluate: strategy sampled 1024 clients (out of 1024)
[36m(ClientAppActor pid=1124627)[0m /home/bax9142/federated-edge-learning/.venv/lib64/python3.13/site-packages/sklearn/metrics/_ranking.py:424: UndefinedMetricWarning: Only one class is present in y_true. ROC AUC score is not defined in that case.[32m [repeated 5x across cluster][0m
[36m(ClientAppActor pid=1124627)[0m   warnings.warn([32m [repeated 5x across cluster][0m
[36m(ClientAppActor pid=1124612)[0m /home/bax9142/federated-edge-learning/.venv/lib64/python3.13/site-packages/sklearn/metrics/_ranking.py:424: UndefinedMetricWarning: Only one class is present in y_true. ROC AUC score is not defined in that case.[32m [repeated 7x across cluster][0m
[36m(ClientAppActor pid=1124612)[0m   warnings.warn([32m [repeated 7x across cluster][0m

   ...

   BEST Threshold: 0.50
     • Recall:      0.791
     • Specificity: 0.597
     • F1-Score:    0.369
     • Score:       0.664
   ═══════════════════════════════════════════════

⚠️  No rounds meet spec≥0.7, using recall filter only
 2 Pareto-optimal rounds (not dominated in recall & spec)

🎯 SELECTED ROUND 21:
   Recall:     0.791
   Specificity: 0.597
   F1-Score:    0.369
   Stability:   1.000
   Alerts/1000: 457.3
   Composite:   0.669


✅ Round 21 is NEW BEST - Saving checkpoint...
   💾 Checkpoint saved: result/splits_iid_scaling/splits_iid_1024_clients.json/multi_thr/model_round_21.pt
⚠️  No rounds meet spec≥0.7, using recall filter only
 2 Pareto-optimal rounds (not dominated in recall & spec)

🎯 SELECTED ROUND 21:
   Recall:     0.791
   Specificity: 0.597
   F1-Score:    0.369
   Stability:   1.000
   Alerts/1000: 457.3
   Composite:   0.669

   💾 Best model saved: result/splits_iid_scaling/splits_iid_1024_clients.json/multi_thr/model_round_21.pt
   📊 Metrics saved: result/splits_iid_scaling/splits_iid_1024_clients.json/multi_thr/run_1.json
[36m(ClientAppActor pid=1124649)[0m [Client 291] Data split:[32m [repeated 244x across cluster][0m
[36m(ClientAppActor pid=1124649)[0m    Train:      174 samples (client-local)[32m [repeated 244x across cluster][0m
[36m(ClientAppActor pid=1124649)[0m    Validation: 24 samples (client-local)[32m [repeated 244x across cluster][0m
[36m(ClientAppActor pid=1124649)[0m    Test:       50737 samples (global, shared)[32m [repeated 244x across cluster][0m
[36m(ClientAppActor pid=1124597)[0m [Client 288] Data split:[32m [repeated 280x across cluster][0m
[36m(ClientAppActor pid=1124597)[0m    Train:      174 samples (client-local)[32m [repeated 280x across cluster][0m
[36m(ClientAppActor pid=1124597)[0m    Validation: 24 samples (client-local)[32m [repeated 280x across cluster][0m
[36m(ClientAppActor pid=1124597)[0m    Test:       50737 samples (global, shared)[32m [repeated 280x across cluster][0m
[36m(ClientAppActor pid=1124598)[0m [Client 316] Data split:[32m [repeated 274x across cluster][0m
[36m(ClientAppActor pid=1124598)[0m    Train:      174 samples (client-local)[32m [repeated 274x across cluster][0m
[36m(ClientAppActor pid=1124598)[0m    Validation: 24 samples (client-local)[32m [repeated 274x across cluster][0m
[36m(ClientAppActor pid=1124598)[0m    Test:       50737 samples (global, shared)[32m [repeated 274x across cluster][0m
[36m(ClientAppActor pid=1124612)[0m [Client 102] Data split:[32m [repeated 249x across cluster][0m
[36m(ClientAppActor pid=1124612)[0m    Train:      174 samples (client-local)[32m [repeated 249x across cluster][0m
[36m(ClientAppActor pid=1124612)[0m    Validation: 24 samples (client-local)[32m [repeated 249x across cluster][0m
[36m(ClientAppActor pid=1124612)[0m    Test:       50737 samples (global, shared)[32m [repeated 249x across cluster][0m
[36m(ClientAppActor pid=1124630)[0m [Client 903] Data split:[32m [repeated 281x across cluster][0m
[36m(ClientAppActor pid=1124630)[0m    Train:      173 samples (client-local)[32m [repeated 281x across cluster][0m
[36m(ClientAppActor pid=1124630)[0m    Validation: 24 samples (client-local)[32m [repeated 281x across cluster][0m
[36m(ClientAppActor pid=1124630)[0m    Test:       50737 samples (global, shared)[32m [repeated 281x across cluster][0m
[36m(ClientAppActor pid=1124589)[0m [Client 156] Data split:[32m [repeated 269x across cluster][0m
[36m(ClientAppActor pid=1124589)[0m    Train:      174 samples (client-local)[32m [repeated 269x across cluster][0m
[36m(ClientAppActor pid=1124589)[0m    Validation: 24 samples (client-local)[32m [repeated 269x across cluster][0m
[36m(ClientAppActor pid=1124589)[0m    Test:       50737 samples (global, shared)[32m [repeated 269x across cluster][0m
[36m(ClientAppActor pid=1124589)[0m [Client 324] Data split:[32m [repeated 288x across cluster][0m
[36m(ClientAppActor pid=1124589)[0m    Train:      174 samples (client-local)[32m [repeated 288x across cluster][0m
[36m(ClientAppActor pid=1124589)[0m    Validation: 24 samples (client-local)[32m [repeated 288x across cluster][0m
[36m(ClientAppActor pid=1124589)[0m    Test:       50737 samples (global, shared)[32m [repeated 288x across cluster][0m

🎯 Multi-Threshold Aggregation:
   ═══════════════════════════════════════════════
   Evaluated 10 thresholds:
     • Thr=0.30: Recall=0.934, Spec=0.335, F1=0.309
     • Thr=0.35: Recall=0.907, Spec=0.406, F1=0.326
     • Thr=0.40: Recall=0.879, Spec=0.473, F1=0.342
   ...

   BEST Threshold: 0.50
     • Recall:      0.792
     • Specificity: 0.601
     • F1-Score:    0.372
     • Score:       0.667
   ═══════════════════════════════════════════════

⚠️  No rounds meet spec≥0.7, using recall filter only
 2 Pareto-optimal rounds (not dominated in recall & spec)

🎯 SELECTED ROUND 22:
   Recall:     0.792
   Specificity: 0.601
   F1-Score:    0.372
   Stability:   1.000
   Alerts/1000: 454.1
   Composite:   0.672


✅ Round 22 is NEW BEST - Saving checkpoint...
   💾 Checkpoint saved: result/splits_iid_scaling/splits_iid_1024_clients.json/multi_thr/model_round_22.pt
⚠️  No rounds meet spec≥0.7, using recall filter only
 2 Pareto-optimal rounds (not dominated in recall & spec)

🎯 SELECTED ROUND 22:
   Recall:     0.792
   Specificity: 0.601
   F1-Score:    0.372
   Stability:   1.000
   Alerts/1000: 454.1
   Composite:   0.672

   💾 Best model saved: result/splits_iid_scaling/splits_iid_1024_clients.json/multi_thr/model_round_22.pt
   📊 Metrics saved: result/splits_iid_scaling/splits_iid_1024_clients.json/multi_thr/run_1.json
[36m(ClientAppActor pid=1124597)[0m [Client 940] Data split:[32m [repeated 265x across cluster][0m
[36m(ClientAppActor pid=1124597)[0m    Train:      173 samples (client-local)[32m [repeated 265x across cluster][0m
[36m(ClientAppActor pid=1124597)[0m    Validation: 24 samples (client-local)[32m [repeated 265x across cluster][0m
[36m(ClientAppActor pid=1124597)[0m    Test:       50737 samples (global, shared)[32m [repeated 265x across cluster][0m
[36m(ClientAppActor pid=1124619)[0m [Client 190] Data split:[32m [repeated 273x across cluster][0m
[36m(ClientAppActor pid=1124619)[0m    Train:      174 samples (client-local)[32m [repeated 273x across cluster][0m
[36m(ClientAppActor pid=1124619)[0m    Validation: 24 samples (client-local)[32m [repeated 273x across cluster][0m
[36m(ClientAppActor pid=1124619)[0m    Test:       50737 samples (global, shared)[32m [repeated 273x across cluster][0m
[36m(ClientAppActor pid=1124589)[0m [Client 427] Data split:[32m [repeated 279x across cluster][0m
[36m(ClientAppActor pid=1124589)[0m    Train:      173 samples (client-local)[32m [repeated 279x across cluster][0m
[36m(ClientAppActor pid=1124589)[0m    Validation: 24 samples (client-local)[32m [repeated 279x across cluster][0m
[36m(ClientAppActor pid=1124589)[0m    Test:       50737 samples (global, shared)[32m [repeated 279x across cluster][0m
[36m(ClientAppActor pid=1124583)[0m [Client 190] Data split:[32m [repeated 246x across cluster][0m
[36m(ClientAppActor pid=1124583)[0m    Train:      174 samples (client-local)[32m [repeated 246x across cluster][0m
[36m(ClientAppActor pid=1124583)[0m    Validation: 24 samples (client-local)[32m [repeated 246x across cluster][0m
[36m(ClientAppActor pid=1124583)[0m    Test:       50737 samples (global, shared)[32m [repeated 246x across cluster][0m
[36m(ClientAppActor pid=1124613)[0m [Client 752] Data split:[32m [repeated 285x across cluster][0m
[36m(ClientAppActor pid=1124613)[0m    Train:      173 samples (client-local)[32m [repeated 285x across cluster][0m
[36m(ClientAppActor pid=1124613)[0m    Validation: 24 samples (client-local)[32m [repeated 285x across cluster][0m[36m(ClientAppActor pid=1124619)[0m /home/bax9142/federated-edge-learning/.venv/lib64/python3.13/site-packages/sklearn/metrics/_ranking.py:424: UndefinedMetricWarning: Only one class is present in y_true. ROC AUC score is not defined in that case.[32m [repeated 11x across cluster][0m
[36m(ClientAppActor pid=1124619)[0m   warnings.warn([32m [repeated 11x across cluster][0m
[36m(ClientAppActor pid=1124645)[0m /home/bax9142/federated-edge-learning/.venv/lib64/python3.13/site-packages/sklearn/metrics/_ranking.py:424: UndefinedMetricWarning: Only one class is present in y_true. ROC AUC score is not defined in that case.[32m [repeated 11x across cluster][0m
[36m(ClientAppActor pid=1124645)[0m   warnings.warn([32m [repeated 11x across cluster][0m
[92mINFO [0m:      aggregate_evaluate: received 1024 results and 0 failures
[92mINFO [0m:      
[92mINFO [0m:      [ROUND 24]
[92mINFO [0m:      configure_fit: strategy sampled 819 clients (out of 1024)
[92mINFO [0m:      aggregate_fit: received 819 results and 0 failures
[92mINFO [0m:      configure_evaluate: strategy sampled 1024 clients (out of 1024)
[36m(ClientAppActor pid=1124618)[0m /home/bax9142/federated-edge-learning/.venv/lib64/python3.13/site-packages/sklearn/metrics/_ranking.py:424: UndefinedMetricWarning: Only one class is present in y_true. ROC AUC score is not defined in that case.[32m [repeated 2x across cluster][0m
[36m(ClientAppActor pid=1124618)[0m   warnings.warn([32m [repeated 2x across cluster][0m
[36m(ClientAppActor pid=1124617)[0m /home/bax9142/federated-edge-learning/.venv/lib64/python3.13/site-packages/sklearn/metrics/_ranking.py:424: UndefinedMetricWarning: Only one class is present in y_true. ROC AUC score is not defined in that case.[32m [repeated 9x across cluster][0m
[36m(ClientAppActor pid=1124617)[0m   warnings.warn([32m [repeated 9x across cluster][0m
[36m(ClientAppActor pid=1124597)[0m /home/bax9142/federated-edge-learning/.venv/lib64/python3.13/site-packages/sklearn/metrics/_ranking.py:424: UndefinedMetricWarning: Only one class is present in y_true. ROC AUC score is not defined in that case.[32m [repeated 10x across cluster][0m
[36m(ClientAppActor pid=1124597)[0m   warnings.warn([32m [repeated 10x across cluster][0m
[36m(ClientAppActor pid=1124630)[0m /home/bax9142/federated-edge-learning/.venv/lib64/python3.13/site-packages/sklearn/metrics/_ranking.py:424: UndefinedMetricWarning: Only one class is present in y_true. ROC AUC score is not defined in that case.[32m [repeated 7x across cluster][0m
[36m(ClientAppActor pid=1124630)[0m   warnings.warn([32m [repeated 7x across cluster][0m
[92mINFO [0m:      aggregate_evaluate: received 1024 results and 0 failures
[92mINFO [0m:      
[92mINFO [0m:      [ROUND 25]
[92mINFO [0m:      configure_fit: strategy sampled 819 clients (out of 1024)

[36m(ClientAppActor pid=1124613)[0m    Test:       50737 samples (global, shared)[32m [repeated 285x across cluster][0m
[36m(ClientAppActor pid=1124589)[0m [Client 829] Data split:[32m [repeated 274x across cluster][0m
[36m(ClientAppActor pid=1124589)[0m    Train:      173 samples (client-local)[32m [repeated 274x across cluster][0m
[36m(ClientAppActor pid=1124589)[0m    Validation: 24 samples (client-local)[32m [repeated 274x across cluster][0m
[36m(ClientAppActor pid=1124589)[0m    Test:       50737 samples (global, shared)[32m [repeated 274x across cluster][0m
[36m(ClientAppActor pid=1124601)[0m [Client 803] Data split:[32m [repeated 275x across cluster][0m
[36m(ClientAppActor pid=1124601)[0m    Train:      173 samples (client-local)[32m [repeated 275x across cluster][0m
[36m(ClientAppActor pid=1124601)[0m    Validation: 24 samples (client-local)[32m [repeated 275x across cluster][0m
[36m(ClientAppActor pid=1124601)[0m    Test:       50737 samples (global, shared)[32m [repeated 275x across cluster][0m

🎯 Multi-Threshold Aggregation:
   ═══════════════════════════════════════════════
   Evaluated 10 thresholds:
     • Thr=0.30: Recall=0.934, Spec=0.340, F1=0.311
     • Thr=0.35: Recall=0.908, Spec=0.411, F1=0.327
     • Thr=0.40: Recall=0.879, Spec=0.477, F1=0.344
   ...

   BEST Threshold: 0.50
     • Recall:      0.793
     • Specificity: 0.602
     • F1-Score:    0.373
     • Score:       0.668
   ═══════════════════════════════════════════════

⚠️  No rounds meet spec≥0.7, using recall filter only
 2 Pareto-optimal rounds (not dominated in recall & spec)

🎯 SELECTED ROUND 23:
   Recall:     0.793
   Specificity: 0.602
   F1-Score:    0.373
   Stability:   1.000
   Alerts/1000: 452.9
   Composite:   0.673


✅ Round 23 is NEW BEST - Saving checkpoint...
   💾 Checkpoint saved: result/splits_iid_scaling/splits_iid_1024_clients.json/multi_thr/model_round_23.pt
⚠️  No rounds meet spec≥0.7, using recall filter only
 2 Pareto-optimal rounds (not dominated in recall & spec)

🎯 SELECTED ROUND 23:
   Recall:     0.793
   Specificity: 0.602
   F1-Score:    0.373
   Stability:   1.000
   Alerts/1000: 452.9
   Composite:   0.673

   💾 Best model saved: result/splits_iid_scaling/splits_iid_1024_clients.json/multi_thr/model_round_23.pt
   📊 Metrics saved: result/splits_iid_scaling/splits_iid_1024_clients.json/multi_thr/run_1.json
[36m(ClientAppActor pid=1124618)[0m [Client 991] Data split:[32m [repeated 270x across cluster][0m
[36m(ClientAppActor pid=1124618)[0m    Train:      173 samples (client-local)[32m [repeated 270x across cluster][0m
[36m(ClientAppActor pid=1124618)[0m    Validation: 24 samples (client-local)[32m [repeated 270x across cluster][0m
[36m(ClientAppActor pid=1124618)[0m    Test:       50737 samples (global, shared)[32m [repeated 270x across cluster][0m
[36m(ClientAppActor pid=1124597)[0m [Client 89] Data split:[32m [repeated 275x across cluster][0m
[36m(ClientAppActor pid=1124597)[0m    Train:      174 samples (client-local)[32m [repeated 275x across cluster][0m
[36m(ClientAppActor pid=1124597)[0m    Validation: 24 samples (client-local)[32m [repeated 275x across cluster][0m
[36m(ClientAppActor pid=1124597)[0m    Test:       50737 samples (global, shared)[32m [repeated 275x across cluster][0m
[36m(ClientAppActor pid=1124597)[0m [Client 52] Data split:[32m [repeated 286x across cluster][0m
[36m(ClientAppActor pid=1124597)[0m    Train:      174 samples (client-local)[32m [repeated 286x across cluster][0m
[36m(ClientAppActor pid=1124597)[0m    Validation: 24 samples (client-local)[32m [repeated 286x across cluster][0m
[36m(ClientAppActor pid=1124597)[0m    Test:       50737 samples (global, shared)[32m [repeated 286x across cluster][0m
[36m(ClientAppActor pid=1124637)[0m [Client 27] Data split:[32m [repeated 248x across cluster][0m
[36m(ClientAppActor pid=1124637)[0m    Train:      174 samples (client-local)[32m [repeated 248x across cluster][0m
[36m(ClientAppActor pid=1124637)[0m    Validation: 24 samples (client-local)[32m [repeated 248x across cluster][0m
[36m(ClientAppActor pid=1124637)[0m    Test:       50737 samples (global, shared)[32m [repeated 248x across cluster][0m
[36m(ClientAppActor pid=1124619)[0m [Client 972] Data split:[32m [repeated 278x across cluster][0m
[36m(ClientAppActor pid=1124619)[0m    Train:      173 samples (client-local)[32m [repeated 278x across cluster][0m
[36m(ClientAppActor pid=1124619)[0m    Validation: 24 samples (client-local)[32m [repeated 278x across cluster][0m
[36m(ClientAppActor pid=1124619)[0m    Test:       50737 samples (global, shared)[32m [repeated 278x across cluster][0m
[36m(ClientAppActor pid=1124589)[0m [Client 40] Data split:[32m [repeated 281x across cluster][0m
[36m(ClientAppActor pid=1124589)[0m    Train:      174 samples (client-local)[32m [repeated 281x across cluster][0m
[36m(ClientAppActor pid=1124589)[0m    Validation: 24 samples (client-local)[32m [repeated 281x across cluster][0m
[36m(ClientAppActor pid=1124589)[0m    Test:       50737 samples (global, shared)[32m [repeated 281x across cluster][0m

🎯 Multi-Threshold Aggregation:
   ═══════════════════════════════════════════════
   Evaluated 10 thresholds:
     • Thr=0.30: Recall=0.934, Spec=0.345, F1=0.312
     • Thr=0.35: Recall=0.909, Spec=0.416, F1=0.329
     • Thr=0.40: Recall=0.879, Spec=0.481, F1=0.346
   ...

   BEST Threshold: 0.50
     • Recall:      0.796
     • Specificity: 0.605
     • F1-Score:    0.376
     • Score:       0.670
   ═══════════════════════════════════════════════

⚠️  No rounds meet spec≥0.7, using recall filter only
 2 Pareto-optimal rounds (not dominated in recall & spec)

🎯 SELECTED ROUND 24:
   Recall:     0.796
   Specificity: 0.605
   F1-Score:    0.376
   Stability:   1.000
   Alerts/1000: 451.0
   Composite:   0.675


✅ Round 24 is NEW BEST - Saving checkpoint...
   💾 Checkpoint saved: result/splits_iid_scaling/splits_iid_1024_clients.json/multi_thr/model_round_24.pt
⚠️  No rounds meet spec≥0.7, using recall filter only
 2 Pareto-optimal rounds (not dominated in recall & spec)

🎯 SELECTED ROUND 24:
   Recall:     0.796
   Specificity: 0.605
   F1-Score:    0.376
   Stability:   1.000
   Alerts/1000: 451.0
   Composite:   0.675

   💾 Best model saved: result/splits_iid_scaling/splits_iid_1024_clients.json/multi_thr/model_round_24.pt
   📊 Metrics saved: result/splits_iid_scaling/splits_iid_1024_clients.json/multi_thr/run_1.json
[36m(ClientAppActor pid=1124597)[0m [Client 496] Data split:[32m [repeated 250x across cluster][0m
[36m(ClientAppActor pid=1124597)[0m    Train:      173 samples (client-local)[32m [repeated 250x across cluster][0m
[36m(ClientAppActor pid=1124597)[0m    Validation: 24 samples (client-local)[32m [repeated 250x across cluster][0m
[36m(ClientAppActor pid=1124597)[0m    Test:       50737 samples (global, shared)[32m [repeated 250x across cluster][0m
[36m(ClientAppActor pid=1124597)[0m [Client 688] Data split:[32m [repeated 287x across cluster][0m
[36m(ClientAppActor pid=1124597)[0m    Train:      173 samples (client-local)[32m [repeated 287x across cluster][0m
[36m(ClientAppActor pid=1124597)[0m    Validation: 24 samples (client-local)[32m [repeated 287x across cluster][0m
[36m(ClientAppActor pid=1124597)[0m    Test:       50737 samples (global, shared)[32m [repeated 287x across cluster][0m
[36m(ClientAppActor pid=1124620)[0m [Client 597] Data split:[32m [repeated 278x across cluster][0m
[36m(ClientAppActor pid=1124620)[0m    Train:      173 samples (client-local)[32m [repeated 278x across cluster][0m
[36m(ClientAppActor pid=1124620)[0m    Validation: 24 samples (client-local)[32m [repeated 278x across cluster][0m[92mINFO [0m:      aggregate_fit: received 819 results and 0 failures
[92mINFO [0m:      configure_evaluate: strategy sampled 1024 clients (out of 1024)
[36m(ClientAppActor pid=1124644)[0m /home/bax9142/federated-edge-learning/.venv/lib64/python3.13/site-packages/sklearn/metrics/_ranking.py:424: UndefinedMetricWarning: Only one class is present in y_true. ROC AUC score is not defined in that case.[32m [repeated 5x across cluster][0m
[36m(ClientAppActor pid=1124644)[0m   warnings.warn([32m [repeated 5x across cluster][0m
[36m(ClientAppActor pid=1124650)[0m /home/bax9142/federated-edge-learning/.venv/lib64/python3.13/site-packages/sklearn/metrics/_ranking.py:424: UndefinedMetricWarning: Only one class is present in y_true. ROC AUC score is not defined in that case.[32m [repeated 10x across cluster][0m
[36m(ClientAppActor pid=1124650)[0m   warnings.warn([32m [repeated 10x across cluster][0m
[36m(ClientAppActor pid=1124605)[0m /home/bax9142/federated-edge-learning/.venv/lib64/python3.13/site-packages/sklearn/metrics/_ranking.py:424: UndefinedMetricWarning: Only one class is present in y_true. ROC AUC score is not defined in that case.[32m [repeated 11x across cluster][0m
[36m(ClientAppActor pid=1124605)[0m   warnings.warn([32m [repeated 11x across cluster][0m
[92mINFO [0m:      aggregate_evaluate: received 1024 results and 0 failures
[92mINFO [0m:      
[92mINFO [0m:      [ROUND 26]
[92mINFO [0m:      configure_fit: strategy sampled 819 clients (out of 1024)
[92mINFO [0m:      aggregate_fit: received 819 results and 0 failures
[92mINFO [0m:      configure_evaluate: strategy sampled 1024 clients (out of 1024)
[36m(ClientAppActor pid=1124646)[0m /home/bax9142/federated-edge-learning/.venv/lib64/python3.13/site-packages/sklearn/metrics/_ranking.py:424: UndefinedMetricWarning: Only one class is present in y_true. ROC AUC score is not defined in that case.[32m [repeated 10x across cluster][0m
[36m(ClientAppActor pid=1124646)[0m   warnings.warn([32m [repeated 10x across cluster][0m
[36m(ClientAppActor pid=1124648)[0m /home/bax9142/federated-edge-learning/.venv/lib64/python3.13/site-packages/sklearn/metrics/_ranking.py:424: UndefinedMetricWarning: Only one class is present in y_true. ROC AUC score is not defined in that case.[32m [repeated 13x across cluster][0m
[36m(ClientAppActor pid=1124648)[0m   warnings.warn([32m [repeated 13x across cluster][0m
[36m(ClientAppActor pid=1124617)[0m /home/bax9142/federated-edge-learning/.venv/lib64/python3.13/site-packages/sklearn/metrics/_ranking.py:424: UndefinedMetricWarning: Only one class is present in y_true. ROC AUC score is not defined in that case.[32m [repeated 5x across cluster][0m
[36m(ClientAppActor pid=1124617)[0m   warnings.warn([32m [repeated 5x across cluster][0m
[36m(ClientAppActor pid=1124612)[0m /home/bax9142/federated-edge-learning/.venv/lib64/python3.13/site-packages/sklearn/metrics/_ranking.py:424: UndefinedMetricWarning: Only one class is present in y_true. ROC AUC score is not defined in that case.[32m [repeated 10x across cluster][0m
[36m(ClientAppActor pid=1124612)[0m   warnings.warn([32m [repeated 10x across cluster][0m
[92mINFO [0m:      aggregate_evaluate: received 1024 results and 0 failures

[36m(ClientAppActor pid=1124620)[0m    Test:       50737 samples (global, shared)[32m [repeated 278x across cluster][0m
[36m(ClientAppActor pid=1124589)[0m [Client 188] Data split:[32m [repeated 251x across cluster][0m
[36m(ClientAppActor pid=1124589)[0m    Train:      174 samples (client-local)[32m [repeated 251x across cluster][0m
[36m(ClientAppActor pid=1124589)[0m    Validation: 24 samples (client-local)[32m [repeated 251x across cluster][0m
[36m(ClientAppActor pid=1124589)[0m    Test:       50737 samples (global, shared)[32m [repeated 251x across cluster][0m
[36m(ClientAppActor pid=1124589)[0m [Client 340] Data split:[32m [repeated 291x across cluster][0m
[36m(ClientAppActor pid=1124589)[0m    Train:      174 samples (client-local)[32m [repeated 291x across cluster][0m
[36m(ClientAppActor pid=1124589)[0m    Validation: 24 samples (client-local)[32m [repeated 291x across cluster][0m
[36m(ClientAppActor pid=1124589)[0m    Test:       50737 samples (global, shared)[32m [repeated 291x across cluster][0m
[36m(ClientAppActor pid=1124612)[0m [Client 66] Data split:[32m [repeated 260x across cluster][0m
[36m(ClientAppActor pid=1124612)[0m    Train:      174 samples (client-local)[32m [repeated 260x across cluster][0m
[36m(ClientAppActor pid=1124612)[0m    Validation: 24 samples (client-local)[32m [repeated 260x across cluster][0m
[36m(ClientAppActor pid=1124612)[0m    Test:       50737 samples (global, shared)[32m [repeated 260x across cluster][0m
[36m(ClientAppActor pid=1124601)[0m [Client 706] Data split:[32m [repeated 282x across cluster][0m
[36m(ClientAppActor pid=1124601)[0m    Train:      173 samples (client-local)[32m [repeated 282x across cluster][0m
[36m(ClientAppActor pid=1124601)[0m    Validation: 24 samples (client-local)[32m [repeated 282x across cluster][0m
[36m(ClientAppActor pid=1124601)[0m    Test:       50737 samples (global, shared)[32m [repeated 282x across cluster][0m

🎯 Multi-Threshold Aggregation:
   ═══════════════════════════════════════════════
   Evaluated 10 thresholds:
     • Thr=0.30: Recall=0.935, Spec=0.350, F1=0.314
     • Thr=0.35: Recall=0.911, Spec=0.419, F1=0.331
     • Thr=0.40: Recall=0.879, Spec=0.484, F1=0.347
   ...

   BEST Threshold: 0.50
     • Recall:      0.797
     • Specificity: 0.607
     • F1-Score:    0.378
     • Score:       0.672
   ═══════════════════════════════════════════════

⚠️  No rounds meet spec≥0.7, using recall filter only
 2 Pareto-optimal rounds (not dominated in recall & spec)

🎯 SELECTED ROUND 25:
   Recall:     0.797
   Specificity: 0.607
   F1-Score:    0.378
   Stability:   1.000
   Alerts/1000: 449.3
   Composite:   0.677


✅ Round 25 is NEW BEST - Saving checkpoint...
   💾 Checkpoint saved: result/splits_iid_scaling/splits_iid_1024_clients.json/multi_thr/model_round_25.pt
⚠️  No rounds meet spec≥0.7, using recall filter only
 2 Pareto-optimal rounds (not dominated in recall & spec)

🎯 SELECTED ROUND 25:
   Recall:     0.797
   Specificity: 0.607
   F1-Score:    0.378
   Stability:   1.000
   Alerts/1000: 449.3
   Composite:   0.677

   💾 Best model saved: result/splits_iid_scaling/splits_iid_1024_clients.json/multi_thr/model_round_25.pt
   📊 Metrics saved: result/splits_iid_scaling/splits_iid_1024_clients.json/multi_thr/run_1.json
[36m(ClientAppActor pid=1124617)[0m [Client 229] Data split:[32m [repeated 255x across cluster][0m
[36m(ClientAppActor pid=1124617)[0m    Train:      174 samples (client-local)[32m [repeated 255x across cluster][0m
[36m(ClientAppActor pid=1124617)[0m    Validation: 24 samples (client-local)[32m [repeated 255x across cluster][0m
[36m(ClientAppActor pid=1124617)[0m    Test:       50737 samples (global, shared)[32m [repeated 255x across cluster][0m
[36m(ClientAppActor pid=1124597)[0m [Client 846] Data split:[32m [repeated 288x across cluster][0m
[36m(ClientAppActor pid=1124597)[0m    Train:      173 samples (client-local)[32m [repeated 288x across cluster][0m
[36m(ClientAppActor pid=1124597)[0m    Validation: 24 samples (client-local)[32m [repeated 288x across cluster][0m
[36m(ClientAppActor pid=1124597)[0m    Test:       50737 samples (global, shared)[32m [repeated 288x across cluster][0m
[36m(ClientAppActor pid=1124646)[0m [Client 82] Data split:[32m [repeated 284x across cluster][0m
[36m(ClientAppActor pid=1124646)[0m    Train:      174 samples (client-local)[32m [repeated 284x across cluster][0m
[36m(ClientAppActor pid=1124646)[0m    Validation: 24 samples (client-local)[32m [repeated 284x across cluster][0m
[36m(ClientAppActor pid=1124646)[0m    Test:       50737 samples (global, shared)[32m [repeated 284x across cluster][0m
[36m(ClientAppActor pid=1124598)[0m [Client 991] Data split:[32m [repeated 227x across cluster][0m
[36m(ClientAppActor pid=1124598)[0m    Train:      173 samples (client-local)[32m [repeated 227x across cluster][0m
[36m(ClientAppActor pid=1124598)[0m    Validation: 24 samples (client-local)[32m [repeated 227x across cluster][0m
[36m(ClientAppActor pid=1124598)[0m    Test:       50737 samples (global, shared)[32m [repeated 227x across cluster][0m
[36m(ClientAppActor pid=1124598)[0m [Client 621] Data split:[32m [repeated 286x across cluster][0m
[36m(ClientAppActor pid=1124598)[0m    Train:      173 samples (client-local)[32m [repeated 286x across cluster][0m
[36m(ClientAppActor pid=1124598)[0m    Validation: 24 samples (client-local)[32m [repeated 286x across cluster][0m
[36m(ClientAppActor pid=1124598)[0m    Test:       50737 samples (global, shared)[32m [repeated 286x across cluster][0m
[36m(ClientAppActor pid=1124605)[0m [Client 932] Data split:[32m [repeated 290x across cluster][0m
[36m(ClientAppActor pid=1124605)[0m    Train:      173 samples (client-local)[32m [repeated 290x across cluster][0m
[36m(ClientAppActor pid=1124605)[0m    Validation: 24 samples (client-local)[32m [repeated 290x across cluster][0m
[36m(ClientAppActor pid=1124605)[0m    Test:       50737 samples (global, shared)[32m [repeated 290x across cluster][0m
[36m(ClientAppActor pid=1124601)[0m [Client 681] Data split:[32m [repeated 283x across cluster][0m
[36m(ClientAppActor pid=1124601)[0m    Train:      173 samples (client-local)[32m [repeated 283x across cluster][0m
[36m(ClientAppActor pid=1124601)[0m    Validation: 24 samples (client-local)[32m [repeated 283x across cluster][0m
[36m(ClientAppActor pid=1124601)[0m    Test:       50737 samples (global, shared)[32m [repeated 283x across cluster][0m

🎯 Multi-Threshold Aggregation:
   ═══════════════════════════════════════════════
   Evaluated 10 thresholds:
     • Thr=0.30: Recall=0.934, Spec=0.354, F1=0.315
     • Thr=0.35: Recall=0.910, Spec=0.422, F1=0.332
     • Thr=0.40: Recall=0.879, Spec=0.487, F1=0.348
   ...

   BEST Threshold: 0.50
     • Recall:      0.799
     • Specificity: 0.609
     • F1-Score:    0.379
     • Score:       0.674
   ═══════════════════════════════════════════════

⚠️  No rounds meet spec≥0.7, using recall filter only
 2 Pareto-optimal rounds (not dominated in recall & spec)

🎯 SELECTED ROUND 26:
   Recall:     0.799
   Specificity: 0.609
   F1-Score:    0.379
   Stability:   1.000
   Alerts/1000: 448.2
   Composite:   0.678


✅ Round 26 is NEW BEST - Saving checkpoint...
   💾 Checkpoint saved: result/splits_iid_scaling/splits_iid_1024_clients.json/multi_thr/model_round_26.pt
⚠️  No rounds meet spec≥0.7, using recall filter only
 2 Pareto-optimal rounds (not dominated in recall & spec)

🎯 SELECTED ROUND 26:
   Recall:     0.799
   Specificity: 0.609
   F1-Score:    0.379
   Stability:   1.000
   Alerts/1000: 448.2
   Composite:   0.678
[92mINFO [0m:      
[92mINFO [0m:      [ROUND 27]
[92mINFO [0m:      configure_fit: strategy sampled 819 clients (out of 1024)
[92mINFO [0m:      aggregate_fit: received 819 results and 0 failures
[92mINFO [0m:      configure_evaluate: strategy sampled 1024 clients (out of 1024)
[36m(ClientAppActor pid=1124615)[0m /home/bax9142/federated-edge-learning/.venv/lib64/python3.13/site-packages/sklearn/metrics/_ranking.py:424: UndefinedMetricWarning: Only one class is present in y_true. ROC AUC score is not defined in that case.[32m [repeated 3x across cluster][0m
[36m(ClientAppActor pid=1124615)[0m   warnings.warn([32m [repeated 3x across cluster][0m
[36m(ClientAppActor pid=1124625)[0m /home/bax9142/federated-edge-learning/.venv/lib64/python3.13/site-packages/sklearn/metrics/_ranking.py:424: UndefinedMetricWarning: Only one class is present in y_true. ROC AUC score is not defined in that case.[32m [repeated 9x across cluster][0m
[36m(ClientAppActor pid=1124625)[0m   warnings.warn([32m [repeated 9x across cluster][0m
[36m(ClientAppActor pid=1124649)[0m /home/bax9142/federated-edge-learning/.venv/lib64/python3.13/site-packages/sklearn/metrics/_ranking.py:424: UndefinedMetricWarning: Only one class is present in y_true. ROC AUC score is not defined in that case.[32m [repeated 6x across cluster][0m
[36m(ClientAppActor pid=1124649)[0m   warnings.warn([32m [repeated 6x across cluster][0m
[36m(ClientAppActor pid=1124625)[0m /home/bax9142/federated-edge-learning/.venv/lib64/python3.13/site-packages/sklearn/metrics/_ranking.py:424: UndefinedMetricWarning: Only one class is present in y_true. ROC AUC score is not defined in that case.[32m [repeated 12x across cluster][0m
[36m(ClientAppActor pid=1124625)[0m   warnings.warn([32m [repeated 12x across cluster][0m
[92mINFO [0m:      aggregate_evaluate: received 1024 results and 0 failures
[92mINFO [0m:      
[92mINFO [0m:      [ROUND 28]
[92mINFO [0m:      configure_fit: strategy sampled 819 clients (out of 1024)
[92mINFO [0m:      aggregate_fit: received 819 results and 0 failures
[92mINFO [0m:      configure_evaluate: strategy sampled 1024 clients (out of 1024)
[36m(ClientAppActor pid=1124625)[0m /home/bax9142/federated-edge-learning/.venv/lib64/python3.13/site-packages/sklearn/metrics/_ranking.py:424: UndefinedMetricWarning: Only one class is present in y_true. ROC AUC score is not defined in that case.[32m [repeated 4x across cluster][0m
[36m(ClientAppActor pid=1124625)[0m   warnings.warn([32m [repeated 4x across cluster][0m
[36m(ClientAppActor pid=1124608)[0m /home/bax9142/federated-edge-learning/.venv/lib64/python3.13/site-packages/sklearn/metrics/_ranking.py:424: UndefinedMetricWarning: Only one class is present in y_true. ROC AUC score is not defined in that case.[32m [repeated 10x across cluster][0m
[36m(ClientAppActor pid=1124608)[0m   warnings.warn([32m [repeated 10x across cluster][0m
[36m(ClientAppActor pid=1124646)[0m /home/bax9142/federated-edge-learning/.venv/lib64/python3.13/site-packages/sklearn/metrics/_ranking.py:424: UndefinedMetricWarning: Only one class is present in y_true. ROC AUC score is not defined in that case.[32m [repeated 8x across cluster][0m
[36m(ClientAppActor pid=1124646)[0m   warnings.warn([32m [repeated 8x across cluster][0m

   💾 Best model saved: result/splits_iid_scaling/splits_iid_1024_clients.json/multi_thr/model_round_26.pt
   📊 Metrics saved: result/splits_iid_scaling/splits_iid_1024_clients.json/multi_thr/run_1.json
[36m(ClientAppActor pid=1124583)[0m [Client 266] Data split:[32m [repeated 249x across cluster][0m
[36m(ClientAppActor pid=1124583)[0m    Train:      174 samples (client-local)[32m [repeated 249x across cluster][0m
[36m(ClientAppActor pid=1124583)[0m    Validation: 24 samples (client-local)[32m [repeated 249x across cluster][0m
[36m(ClientAppActor pid=1124583)[0m    Test:       50737 samples (global, shared)[32m [repeated 249x across cluster][0m
[36m(ClientAppActor pid=1124598)[0m [Client 554] Data split:[32m [repeated 277x across cluster][0m
[36m(ClientAppActor pid=1124598)[0m    Train:      173 samples (client-local)[32m [repeated 277x across cluster][0m
[36m(ClientAppActor pid=1124598)[0m    Validation: 24 samples (client-local)[32m [repeated 277x across cluster][0m
[36m(ClientAppActor pid=1124598)[0m    Test:       50737 samples (global, shared)[32m [repeated 277x across cluster][0m
[36m(ClientAppActor pid=1124612)[0m [Client 311] Data split:[32m [repeated 285x across cluster][0m
[36m(ClientAppActor pid=1124612)[0m    Train:      174 samples (client-local)[32m [repeated 285x across cluster][0m
[36m(ClientAppActor pid=1124612)[0m    Validation: 24 samples (client-local)[32m [repeated 285x across cluster][0m
[36m(ClientAppActor pid=1124612)[0m    Test:       50737 samples (global, shared)[32m [repeated 285x across cluster][0m
[36m(ClientAppActor pid=1124597)[0m [Client 536] Data split:[32m [repeated 231x across cluster][0m
[36m(ClientAppActor pid=1124597)[0m    Train:      173 samples (client-local)[32m [repeated 231x across cluster][0m
[36m(ClientAppActor pid=1124597)[0m    Validation: 24 samples (client-local)[32m [repeated 231x across cluster][0m
[36m(ClientAppActor pid=1124597)[0m    Test:       50737 samples (global, shared)[32m [repeated 231x across cluster][0m
[36m(ClientAppActor pid=1124612)[0m [Client 980] Data split:[32m [repeated 287x across cluster][0m
[36m(ClientAppActor pid=1124612)[0m    Train:      173 samples (client-local)[32m [repeated 287x across cluster][0m
[36m(ClientAppActor pid=1124612)[0m    Validation: 24 samples (client-local)[32m [repeated 287x across cluster][0m
[36m(ClientAppActor pid=1124612)[0m    Test:       50737 samples (global, shared)[32m [repeated 287x across cluster][0m
[36m(ClientAppActor pid=1124598)[0m [Client 138] Data split:[32m [repeated 276x across cluster][0m
[36m(ClientAppActor pid=1124598)[0m    Train:      174 samples (client-local)[32m [repeated 276x across cluster][0m
[36m(ClientAppActor pid=1124598)[0m    Validation: 24 samples (client-local)[32m [repeated 276x across cluster][0m
[36m(ClientAppActor pid=1124598)[0m    Test:       50737 samples (global, shared)[32m [repeated 276x across cluster][0m
[36m(ClientAppActor pid=1124613)[0m [Client 243] Data split:[32m [repeated 286x across cluster][0m
[36m(ClientAppActor pid=1124613)[0m    Train:      174 samples (client-local)[32m [repeated 286x across cluster][0m
[36m(ClientAppActor pid=1124613)[0m    Validation: 24 samples (client-local)[32m [repeated 286x across cluster][0m
[36m(ClientAppActor pid=1124613)[0m    Test:       50737 samples (global, shared)[32m [repeated 286x across cluster][0m

🎯 Multi-Threshold Aggregation:
   ═══════════════════════════════════════════════
   Evaluated 10 thresholds:
     • Thr=0.30: Recall=0.932, Spec=0.358, F1=0.316
     • Thr=0.35: Recall=0.910, Spec=0.426, F1=0.334
     • Thr=0.40: Recall=0.879, Spec=0.491, F1=0.350
   ...

   BEST Threshold: 0.50
     • Recall:      0.801
     • Specificity: 0.611
     • F1-Score:    0.381
     • Score:       0.676
   ═══════════════════════════════════════════════

⚠️  No rounds meet spec≥0.7, using recall filter only
 2 Pareto-optimal rounds (not dominated in recall & spec)

🎯 SELECTED ROUND 27:
   Recall:     0.801
   Specificity: 0.611
   F1-Score:    0.381
   Stability:   1.000
   Alerts/1000: 446.4
   Composite:   0.680


✅ Round 27 is NEW BEST - Saving checkpoint...
   💾 Checkpoint saved: result/splits_iid_scaling/splits_iid_1024_clients.json/multi_thr/model_round_27.pt
⚠️  No rounds meet spec≥0.7, using recall filter only
 2 Pareto-optimal rounds (not dominated in recall & spec)

🎯 SELECTED ROUND 27:
   Recall:     0.801
   Specificity: 0.611
   F1-Score:    0.381
   Stability:   1.000
   Alerts/1000: 446.4
   Composite:   0.680

   💾 Best model saved: result/splits_iid_scaling/splits_iid_1024_clients.json/multi_thr/model_round_27.pt
   📊 Metrics saved: result/splits_iid_scaling/splits_iid_1024_clients.json/multi_thr/run_1.json
[36m(ClientAppActor pid=1124611)[0m [Client 232] Data split:[32m [repeated 238x across cluster][0m
[36m(ClientAppActor pid=1124611)[0m    Train:      174 samples (client-local)[32m [repeated 238x across cluster][0m
[36m(ClientAppActor pid=1124611)[0m    Validation: 24 samples (client-local)[32m [repeated 238x across cluster][0m
[36m(ClientAppActor pid=1124611)[0m    Test:       50737 samples (global, shared)[32m [repeated 238x across cluster][0m
[36m(ClientAppActor pid=1124583)[0m [Client 711] Data split:[32m [repeated 280x across cluster][0m
[36m(ClientAppActor pid=1124583)[0m    Train:      173 samples (client-local)[32m [repeated 280x across cluster][0m
[36m(ClientAppActor pid=1124583)[0m    Validation: 24 samples (client-local)[32m [repeated 280x across cluster][0m
[36m(ClientAppActor pid=1124583)[0m    Test:       50737 samples (global, shared)[32m [repeated 280x across cluster][0m
[36m(ClientAppActor pid=1124597)[0m [Client 27] Data split:[32m [repeated 293x across cluster][0m
[36m(ClientAppActor pid=1124597)[0m    Train:      174 samples (client-local)[32m [repeated 293x across cluster][0m
[36m(ClientAppActor pid=1124597)[0m    Validation: 24 samples (client-local)[32m [repeated 293x across cluster][0m
[36m(ClientAppActor pid=1124597)[0m    Test:       50737 samples (global, shared)[32m [repeated 293x across cluster][0m
[36m(ClientAppActor pid=1124583)[0m [Client 941] Data split:[32m [repeated 225x across cluster][0m
[36m(ClientAppActor pid=1124583)[0m    Train:      173 samples (client-local)[32m [repeated 225x across cluster][0m
[36m(ClientAppActor pid=1124583)[0m    Validation: 24 samples (client-local)[32m [repeated 225x across cluster][0m
[36m(ClientAppActor pid=1124583)[0m    Test:       50737 samples (global, shared)[32m [repeated 225x across cluster][0m
[36m(ClientAppActor pid=1124605)[0m [Client 334] Data split:[32m [repeated 287x across cluster][0m
[36m(ClientAppActor pid=1124605)[0m    Train:      174 samples (client-local)[32m [repeated 287x across cluster][0m
[36m(ClientAppActor pid=1124605)[0m    Validation: 24 samples (client-local)[32m [repeated 287x across cluster][0m
[36m(ClientAppActor pid=1124605)[0m    Test:       50737 samples (global, shared)[32m [repeated 287x across cluster][0m
[36m(ClientAppActor pid=1124598)[0m [Client 462] Data split:[32m [repeated 275x across cluster][0m
[36m(ClientAppActor pid=1124598)[0m    Train:      173 samples (client-local)[32m [repeated 275x across cluster][0m
[36m(ClientAppActor pid=1124598)[0m    Validation: 24 samples (client-local)[32m [repeated 275x across cluster][0m
[36m(ClientAppActor pid=1124598)[0m    Test:       50737 samples (global, shared)[32m [repeated 275x across cluster][0m
[36m(ClientAppActor pid=1124583)[0m [Client 153] Data split:[32m [repeated 295x across cluster][0m
[36m(ClientAppActor pid=1124583)[0m    Train:      174 samples (client-local)[32m [repeated 295x across cluster][0m
[36m(ClientAppActor pid=1124583)[0m    Validation: 24 samples (client-local)[32m [repeated 295x across cluster][0m
[36m(ClientAppActor pid=1124583)[0m    Test:       50737 samples (global, shared)[32m [repeated 295x across cluster][0m[36m(ClientAppActor pid=1124620)[0m /home/bax9142/federated-edge-learning/.venv/lib64/python3.13/site-packages/sklearn/metrics/_ranking.py:424: UndefinedMetricWarning: Only one class is present in y_true. ROC AUC score is not defined in that case.[32m [repeated 12x across cluster][0m
[36m(ClientAppActor pid=1124620)[0m   warnings.warn([32m [repeated 12x across cluster][0m
[92mINFO [0m:      aggregate_evaluate: received 1024 results and 0 failures
[92mINFO [0m:      
[92mINFO [0m:      [ROUND 29]
[92mINFO [0m:      configure_fit: strategy sampled 819 clients (out of 1024)
[92mINFO [0m:      aggregate_fit: received 819 results and 0 failures
[92mINFO [0m:      configure_evaluate: strategy sampled 1024 clients (out of 1024)
[36m(ClientAppActor pid=1124614)[0m /home/bax9142/federated-edge-learning/.venv/lib64/python3.13/site-packages/sklearn/metrics/_ranking.py:424: UndefinedMetricWarning: Only one class is present in y_true. ROC AUC score is not defined in that case.
[36m(ClientAppActor pid=1124614)[0m   warnings.warn(
[36m(ClientAppActor pid=1124646)[0m /home/bax9142/federated-edge-learning/.venv/lib64/python3.13/site-packages/sklearn/metrics/_ranking.py:424: UndefinedMetricWarning: Only one class is present in y_true. ROC AUC score is not defined in that case.
[36m(ClientAppActor pid=1124646)[0m   warnings.warn(
[36m(ClientAppActor pid=1124630)[0m /home/bax9142/federated-edge-learning/.venv/lib64/python3.13/site-packages/sklearn/metrics/_ranking.py:424: UndefinedMetricWarning: Only one class is present in y_true. ROC AUC score is not defined in that case.[32m [repeated 4x across cluster][0m
[36m(ClientAppActor pid=1124630)[0m   warnings.warn([32m [repeated 4x across cluster][0m
[36m(ClientAppActor pid=1124601)[0m /home/bax9142/federated-edge-learning/.venv/lib64/python3.13/site-packages/sklearn/metrics/_ranking.py:424: UndefinedMetricWarning: Only one class is present in y_true. ROC AUC score is not defined in that case.[32m [repeated 12x across cluster][0m
[36m(ClientAppActor pid=1124601)[0m   warnings.warn([32m [repeated 12x across cluster][0m
[36m(ClientAppActor pid=1124648)[0m /home/bax9142/federated-edge-learning/.venv/lib64/python3.13/site-packages/sklearn/metrics/_ranking.py:424: UndefinedMetricWarning: Only one class is present in y_true. ROC AUC score is not defined in that case.[32m [repeated 13x across cluster][0m
[36m(ClientAppActor pid=1124648)[0m   warnings.warn([32m [repeated 13x across cluster][0m
[92mINFO [0m:      aggregate_evaluate: received 1024 results and 0 failures
[92mINFO [0m:      
[92mINFO [0m:      [ROUND 30]
[92mINFO [0m:      configure_fit: strategy sampled 819 clients (out of 1024)
[92mINFO [0m:      aggregate_fit: received 819 results and 0 failures
[92mINFO [0m:      configure_evaluate: strategy sampled 1024 clients (out of 1024)
[36m(ClientAppActor pid=1124609)[0m /home/bax9142/federated-edge-learning/.venv/lib64/python3.13/site-packages/sklearn/metrics/_ranking.py:424: UndefinedMetricWarning: Only one class is present in y_true. ROC AUC score is not defined in that case.
[36m(ClientAppActor pid=1124609)[0m   warnings.warn(
[36m(ClientAppActor pid=1124627)[0m /home/bax9142/federated-edge-learning/.venv/lib64/python3.13/site-packages/sklearn/metrics/_ranking.py:424: UndefinedMetricWarning: Only one class is present in y_true. ROC AUC score is not defined in that case.
[36m(ClientAppActor pid=1124627)[0m   warnings.warn(
[36m(ClientAppActor pid=1124621)[0m /home/bax9142/federated-edge-learning/.venv/lib64/python3.13/site-packages/sklearn/metrics/_ranking.py:424: UndefinedMetricWarning: Only one class is present in y_true. ROC AUC score is not defined in that case.[32m [repeated 12x across cluster][0m
[36m(ClientAppActor pid=1124621)[0m   warnings.warn([32m [repeated 12x across cluster][0m
[36m(ClientAppActor pid=1124609)[0m /home/bax9142/federated-edge-learning/.venv/lib64/python3.13/site-packages/sklearn/metrics/_ranking.py:424: UndefinedMetricWarning: Only one class is present in y_true. ROC AUC score is not defined in that case.[32m [repeated 8x across cluster][0m
[36m(ClientAppActor pid=1124609)[0m   warnings.warn([32m [repeated 8x across cluster][0m
[92mINFO [0m:      aggregate_evaluate: received 1024 results and 0 failures


🎯 Multi-Threshold Aggregation:
   ═══════════════════════════════════════════════
   Evaluated 10 thresholds:
     • Thr=0.30: Recall=0.933, Spec=0.363, F1=0.318
     • Thr=0.35: Recall=0.909, Spec=0.431, F1=0.335
     • Thr=0.40: Recall=0.878, Spec=0.495, F1=0.352
   ...

   BEST Threshold: 0.55
     • Recall:      0.751
     • Specificity: 0.668
     • F1-Score:    0.395
     • Score:       0.678
   ═══════════════════════════════════════════════

⚠️  No rounds meet spec≥0.7, using recall filter only
 3 Pareto-optimal rounds (not dominated in recall & spec)

🎯 SELECTED ROUND 27:
   Recall:     0.801
   Specificity: 0.611
   F1-Score:    0.381
   Stability:   1.000
   Alerts/1000: 446.4
   Composite:   0.680

[36m(ClientAppActor pid=1124589)[0m [Client 826] Data split:[32m [repeated 251x across cluster][0m
[36m(ClientAppActor pid=1124589)[0m    Train:      173 samples (client-local)[32m [repeated 251x across cluster][0m
[36m(ClientAppActor pid=1124589)[0m    Validation: 24 samples (client-local)[32m [repeated 251x across cluster][0m
[36m(ClientAppActor pid=1124589)[0m    Test:       50737 samples (global, shared)[32m [repeated 251x across cluster][0m
[36m(ClientAppActor pid=1124598)[0m [Client 487] Data split:[32m [repeated 276x across cluster][0m
[36m(ClientAppActor pid=1124598)[0m    Train:      173 samples (client-local)[32m [repeated 276x across cluster][0m
[36m(ClientAppActor pid=1124598)[0m    Validation: 24 samples (client-local)[32m [repeated 276x across cluster][0m
[36m(ClientAppActor pid=1124598)[0m    Test:       50737 samples (global, shared)[32m [repeated 276x across cluster][0m
[36m(ClientAppActor pid=1124598)[0m [Client 1003] Data split:[32m [repeated 277x across cluster][0m
[36m(ClientAppActor pid=1124598)[0m    Train:      173 samples (client-local)[32m [repeated 277x across cluster][0m
[36m(ClientAppActor pid=1124598)[0m    Validation: 24 samples (client-local)[32m [repeated 277x across cluster][0m
[36m(ClientAppActor pid=1124598)[0m    Test:       50737 samples (global, shared)[32m [repeated 277x across cluster][0m
[36m(ClientAppActor pid=1124597)[0m [Client 109] Data split:[32m [repeated 233x across cluster][0m
[36m(ClientAppActor pid=1124597)[0m    Train:      174 samples (client-local)[32m [repeated 233x across cluster][0m
[36m(ClientAppActor pid=1124597)[0m    Validation: 24 samples (client-local)[32m [repeated 233x across cluster][0m
[36m(ClientAppActor pid=1124597)[0m    Test:       50737 samples (global, shared)[32m [repeated 233x across cluster][0m
[36m(ClientAppActor pid=1124616)[0m [Client 343] Data split:[32m [repeated 291x across cluster][0m
[36m(ClientAppActor pid=1124616)[0m    Train:      174 samples (client-local)[32m [repeated 291x across cluster][0m
[36m(ClientAppActor pid=1124616)[0m    Validation: 24 samples (client-local)[32m [repeated 291x across cluster][0m
[36m(ClientAppActor pid=1124616)[0m    Test:       50737 samples (global, shared)[32m [repeated 291x across cluster][0m
[36m(ClientAppActor pid=1124645)[0m [Client 975] Data split:[32m [repeated 272x across cluster][0m
[36m(ClientAppActor pid=1124645)[0m    Train:      173 samples (client-local)[32m [repeated 272x across cluster][0m
[36m(ClientAppActor pid=1124645)[0m    Validation: 24 samples (client-local)[32m [repeated 272x across cluster][0m
[36m(ClientAppActor pid=1124645)[0m    Test:       50737 samples (global, shared)[32m [repeated 272x across cluster][0m

🎯 Multi-Threshold Aggregation:
   ═══════════════════════════════════════════════
   Evaluated 10 thresholds:
     • Thr=0.30: Recall=0.932, Spec=0.368, F1=0.319
     • Thr=0.35: Recall=0.910, Spec=0.436, F1=0.337
     • Thr=0.40: Recall=0.878, Spec=0.499, F1=0.353
   ...

   BEST Threshold: 0.55
     • Recall:      0.751
     • Specificity: 0.670
     • F1-Score:    0.396
     • Score:       0.679
   ═══════════════════════════════════════════════

⚠️  No rounds meet spec≥0.7, using recall filter only
 4 Pareto-optimal rounds (not dominated in recall & spec)

🎯 SELECTED ROUND 27:
   Recall:     0.801
   Specificity: 0.611
   F1-Score:    0.381
   Stability:   1.000
   Alerts/1000: 446.4
   Composite:   0.680

[36m(ClientAppActor pid=1124597)[0m [Client 415] Data split:[32m [repeated 266x across cluster][0m
[36m(ClientAppActor pid=1124597)[0m    Train:      174 samples (client-local)[32m [repeated 266x across cluster][0m
[36m(ClientAppActor pid=1124597)[0m    Validation: 24 samples (client-local)[32m [repeated 266x across cluster][0m
[36m(ClientAppActor pid=1124597)[0m    Test:       50737 samples (global, shared)[32m [repeated 266x across cluster][0m
[36m(ClientAppActor pid=1124650)[0m [Client 708] Data split:[32m [repeated 294x across cluster][0m
[36m(ClientAppActor pid=1124650)[0m    Train:      173 samples (client-local)[32m [repeated 294x across cluster][0m
[36m(ClientAppActor pid=1124650)[0m    Validation: 24 samples (client-local)[32m [repeated 294x across cluster][0m
[36m(ClientAppActor pid=1124650)[0m    Test:       50737 samples (global, shared)[32m [repeated 294x across cluster][0m
[36m(ClientAppActor pid=1124612)[0m [Client 42] Data split:[32m [repeated 269x across cluster][0m
[36m(ClientAppActor pid=1124612)[0m    Train:      174 samples (client-local)[32m [repeated 269x across cluster][0m
[36m(ClientAppActor pid=1124612)[0m    Validation: 24 samples (client-local)[32m [repeated 269x across cluster][0m
[36m(ClientAppActor pid=1124612)[0m    Test:       50737 samples (global, shared)[32m [repeated 269x across cluster][0m
[36m(ClientAppActor pid=1124597)[0m [Client 73] Data split:[32m [repeated 256x across cluster][0m
[36m(ClientAppActor pid=1124597)[0m    Train:      174 samples (client-local)[32m [repeated 256x across cluster][0m
[36m(ClientAppActor pid=1124597)[0m    Validation: 24 samples (client-local)[32m [repeated 256x across cluster][0m
[36m(ClientAppActor pid=1124597)[0m    Test:       50737 samples (global, shared)[32m [repeated 256x across cluster][0m
[36m(ClientAppActor pid=1124644)[0m [Client 108] Data split:[32m [repeated 293x across cluster][0m
[36m(ClientAppActor pid=1124644)[0m    Train:      174 samples (client-local)[32m [repeated 293x across cluster][0m
[36m(ClientAppActor pid=1124644)[0m    Validation: 24 samples (client-local)[32m [repeated 293x across cluster][0m
[36m(ClientAppActor pid=1124644)[0m    Test:       50737 samples (global, shared)[32m [repeated 293x across cluster][0m
[36m(ClientAppActor pid=1124612)[0m [Client 965] Data split:[32m [repeated 288x across cluster][0m
[36m(ClientAppActor pid=1124612)[0m    Train:      173 samples (client-local)[32m [repeated 288x across cluster][0m
[36m(ClientAppActor pid=1124612)[0m    Validation: 24 samples (client-local)[32m [repeated 288x across cluster][0m
[36m(ClientAppActor pid=1124612)[0m    Test:       50737 samples (global, shared)[32m [repeated 288x across cluster][0m
[36m(ClientAppActor pid=1124618)[0m [Client 267] Data split:[32m [repeated 283x across cluster][0m
[36m(ClientAppActor pid=1124618)[0m    Train:      174 samples (client-local)[32m [repeated 283x across cluster][0m
[36m(ClientAppActor pid=1124618)[0m    Validation: 24 samples (client-local)[32m [repeated 283x across cluster][0m
[36m(ClientAppActor pid=1124618)[0m    Test:       50737 samples (global, shared)[32m [repeated 283x across cluster][0m

🎯 Multi-Threshold Aggregation:
   ═══════════════════════════════════════════════
   Evaluated 10 thresholds:
     • Thr=0.30: Recall=0.932, Spec=0.373, F1=0.321
     • Thr=0.35: Recall=0.909, Spec=0.441, F1=0.339[92mINFO [0m:      
[92mINFO [0m:      [ROUND 31]
[92mINFO [0m:      configure_fit: strategy sampled 819 clients (out of 1024)
[92mINFO [0m:      aggregate_fit: received 819 results and 0 failures
[92mINFO [0m:      configure_evaluate: strategy sampled 1024 clients (out of 1024)
[36m(ClientAppActor pid=1124615)[0m /home/bax9142/federated-edge-learning/.venv/lib64/python3.13/site-packages/sklearn/metrics/_ranking.py:424: UndefinedMetricWarning: Only one class is present in y_true. ROC AUC score is not defined in that case.[32m [repeated 10x across cluster][0m
[36m(ClientAppActor pid=1124615)[0m   warnings.warn([32m [repeated 10x across cluster][0m
[36m(ClientAppActor pid=1124612)[0m /home/bax9142/federated-edge-learning/.venv/lib64/python3.13/site-packages/sklearn/metrics/_ranking.py:424: UndefinedMetricWarning: Only one class is present in y_true. ROC AUC score is not defined in that case.[32m [repeated 4x across cluster][0m
[36m(ClientAppActor pid=1124612)[0m   warnings.warn([32m [repeated 4x across cluster][0m
[36m(ClientAppActor pid=1124601)[0m /home/bax9142/federated-edge-learning/.venv/lib64/python3.13/site-packages/sklearn/metrics/_ranking.py:424: UndefinedMetricWarning: Only one class is present in y_true. ROC AUC score is not defined in that case.[32m [repeated 13x across cluster][0m
[36m(ClientAppActor pid=1124601)[0m   warnings.warn([32m [repeated 13x across cluster][0m
[36m(ClientAppActor pid=1124615)[0m /home/bax9142/federated-edge-learning/.venv/lib64/python3.13/site-packages/sklearn/metrics/_ranking.py:424: UndefinedMetricWarning: Only one class is present in y_true. ROC AUC score is not defined in that case.[32m [repeated 12x across cluster][0m
[36m(ClientAppActor pid=1124615)[0m   warnings.warn([32m [repeated 12x across cluster][0m
[92mINFO [0m:      aggregate_evaluate: received 1024 results and 0 failures
[92mINFO [0m:      
[92mINFO [0m:      [ROUND 32]
[92mINFO [0m:      configure_fit: strategy sampled 819 clients (out of 1024)
[92mINFO [0m:      aggregate_fit: received 819 results and 0 failures
[92mINFO [0m:      configure_evaluate: strategy sampled 1024 clients (out of 1024)
[36m(ClientAppActor pid=1124607)[0m /home/bax9142/federated-edge-learning/.venv/lib64/python3.13/site-packages/sklearn/metrics/_ranking.py:424: UndefinedMetricWarning: Only one class is present in y_true. ROC AUC score is not defined in that case.[32m [repeated 2x across cluster][0m
[36m(ClientAppActor pid=1124607)[0m   warnings.warn([32m [repeated 2x across cluster][0m
[36m(ClientAppActor pid=1124637)[0m /home/bax9142/federated-edge-learning/.venv/lib64/python3.13/site-packages/sklearn/metrics/_ranking.py:424: UndefinedMetricWarning: Only one class is present in y_true. ROC AUC score is not defined in that case.[32m [repeated 8x across cluster][0m
[36m(ClientAppActor pid=1124637)[0m   warnings.warn([32m [repeated 8x across cluster][0m
[36m(ClientAppActor pid=1124612)[0m /home/bax9142/federated-edge-learning/.venv/lib64/python3.13/site-packages/sklearn/metrics/_ranking.py:424: UndefinedMetricWarning: Only one class is present in y_true. ROC AUC score is not defined in that case.[32m [repeated 6x across cluster][0m
[36m(ClientAppActor pid=1124612)[0m   warnings.warn([32m [repeated 6x across cluster][0m

     • Thr=0.40: Recall=0.878, Spec=0.503, F1=0.355
   ...

   BEST Threshold: 0.55
     • Recall:      0.751
     • Specificity: 0.672
     • F1-Score:    0.397
     • Score:       0.680
   ═══════════════════════════════════════════════

⚠️  No rounds meet spec≥0.7, using recall filter only
 4 Pareto-optimal rounds (not dominated in recall & spec)

🎯 SELECTED ROUND 27:
   Recall:     0.801
   Specificity: 0.611
   F1-Score:    0.381
   Stability:   1.000
   Alerts/1000: 446.4
   Composite:   0.680

[36m(ClientAppActor pid=1124598)[0m [Client 318] Data split:[32m [repeated 251x across cluster][0m
[36m(ClientAppActor pid=1124598)[0m    Train:      174 samples (client-local)[32m [repeated 251x across cluster][0m
[36m(ClientAppActor pid=1124598)[0m    Validation: 24 samples (client-local)[32m [repeated 251x across cluster][0m
[36m(ClientAppActor pid=1124598)[0m    Test:       50737 samples (global, shared)[32m [repeated 251x across cluster][0m
[36m(ClientAppActor pid=1124589)[0m [Client 379] Data split:[32m [repeated 277x across cluster][0m
[36m(ClientAppActor pid=1124589)[0m    Train:      174 samples (client-local)[32m [repeated 277x across cluster][0m
[36m(ClientAppActor pid=1124589)[0m    Validation: 24 samples (client-local)[32m [repeated 277x across cluster][0m
[36m(ClientAppActor pid=1124589)[0m    Test:       50737 samples (global, shared)[32m [repeated 277x across cluster][0m
[36m(ClientAppActor pid=1124598)[0m [Client 730] Data split:[32m [repeated 279x across cluster][0m
[36m(ClientAppActor pid=1124598)[0m    Train:      173 samples (client-local)[32m [repeated 279x across cluster][0m
[36m(ClientAppActor pid=1124598)[0m    Validation: 24 samples (client-local)[32m [repeated 279x across cluster][0m
[36m(ClientAppActor pid=1124598)[0m    Test:       50737 samples (global, shared)[32m [repeated 279x across cluster][0m
[36m(ClientAppActor pid=1124589)[0m [Client 139] Data split:[32m [repeated 241x across cluster][0m
[36m(ClientAppActor pid=1124589)[0m    Train:      174 samples (client-local)[32m [repeated 241x across cluster][0m
[36m(ClientAppActor pid=1124589)[0m    Validation: 24 samples (client-local)[32m [repeated 241x across cluster][0m
[36m(ClientAppActor pid=1124589)[0m    Test:       50737 samples (global, shared)[32m [repeated 241x across cluster][0m
[36m(ClientAppActor pid=1124597)[0m [Client 582] Data split:[32m [repeated 291x across cluster][0m
[36m(ClientAppActor pid=1124597)[0m    Train:      173 samples (client-local)[32m [repeated 291x across cluster][0m
[36m(ClientAppActor pid=1124597)[0m    Validation: 24 samples (client-local)[32m [repeated 291x across cluster][0m
[36m(ClientAppActor pid=1124597)[0m    Test:       50737 samples (global, shared)[32m [repeated 291x across cluster][0m
[36m(ClientAppActor pid=1124598)[0m [Client 165] Data split:[32m [repeated 292x across cluster][0m
[36m(ClientAppActor pid=1124598)[0m    Train:      174 samples (client-local)[32m [repeated 292x across cluster][0m
[36m(ClientAppActor pid=1124598)[0m    Validation: 24 samples (client-local)[32m [repeated 292x across cluster][0m
[36m(ClientAppActor pid=1124598)[0m    Test:       50737 samples (global, shared)[32m [repeated 292x across cluster][0m
[36m(ClientAppActor pid=1124589)[0m [Client 17] Data split:[32m [repeated 293x across cluster][0m
[36m(ClientAppActor pid=1124589)[0m    Train:      174 samples (client-local)[32m [repeated 293x across cluster][0m
[36m(ClientAppActor pid=1124589)[0m    Validation: 24 samples (client-local)[32m [repeated 293x across cluster][0m
[36m(ClientAppActor pid=1124589)[0m    Test:       50737 samples (global, shared)[32m [repeated 293x across cluster][0m

🎯 Multi-Threshold Aggregation:
   ═══════════════════════════════════════════════
   Evaluated 10 thresholds:
     • Thr=0.30: Recall=0.932, Spec=0.377, F1=0.322
     • Thr=0.35: Recall=0.910, Spec=0.443, F1=0.340
     • Thr=0.40: Recall=0.879, Spec=0.505, F1=0.356
   ...

   BEST Threshold: 0.55
     • Recall:      0.752
     • Specificity: 0.672
     • F1-Score:    0.398
     • Score:       0.681
   ═══════════════════════════════════════════════

⚠️  No rounds meet spec≥0.7, using recall filter only
 3 Pareto-optimal rounds (not dominated in recall & spec)

🎯 SELECTED ROUND 31:
   Recall:     0.752
   Specificity: 0.672
   F1-Score:    0.398
   Stability:   1.000
   Alerts/1000: 386.8
   Composite:   0.682


✅ Round 31 is NEW BEST - Saving checkpoint...
   💾 Checkpoint saved: result/splits_iid_scaling/splits_iid_1024_clients.json/multi_thr/model_round_31.pt
⚠️  No rounds meet spec≥0.7, using recall filter only
 3 Pareto-optimal rounds (not dominated in recall & spec)

🎯 SELECTED ROUND 31:
   Recall:     0.752
   Specificity: 0.672
   F1-Score:    0.398
   Stability:   1.000
   Alerts/1000: 386.8
   Composite:   0.682

   💾 Best model saved: result/splits_iid_scaling/splits_iid_1024_clients.json/multi_thr/model_round_31.pt
   📊 Metrics saved: result/splits_iid_scaling/splits_iid_1024_clients.json/multi_thr/run_1.json
[36m(ClientAppActor pid=1124605)[0m [Client 644] Data split:[32m [repeated 239x across cluster][0m
[36m(ClientAppActor pid=1124605)[0m    Train:      173 samples (client-local)[32m [repeated 239x across cluster][0m
[36m(ClientAppActor pid=1124605)[0m    Validation: 24 samples (client-local)[32m [repeated 239x across cluster][0m
[36m(ClientAppActor pid=1124605)[0m    Test:       50737 samples (global, shared)[32m [repeated 239x across cluster][0m
[36m(ClientAppActor pid=1124589)[0m [Client 580] Data split:[32m [repeated 275x across cluster][0m
[36m(ClientAppActor pid=1124589)[0m    Train:      173 samples (client-local)[32m [repeated 275x across cluster][0m
[36m(ClientAppActor pid=1124589)[0m    Validation: 24 samples (client-local)[32m [repeated 275x across cluster][0m
[36m(ClientAppActor pid=1124589)[0m    Test:       50737 samples (global, shared)[32m [repeated 275x across cluster][0m
[36m(ClientAppActor pid=1124598)[0m [Client 1013] Data split:[32m [repeated 285x across cluster][0m
[36m(ClientAppActor pid=1124598)[0m    Train:      173 samples (client-local)[32m [repeated 285x across cluster][0m
[36m(ClientAppActor pid=1124598)[0m    Validation: 24 samples (client-local)[32m [repeated 285x across cluster][0m
[36m(ClientAppActor pid=1124598)[0m    Test:       50737 samples (global, shared)[32m [repeated 285x across cluster][0m
[36m(ClientAppActor pid=1124589)[0m [Client 32] Data split:[32m [repeated 233x across cluster][0m
[36m(ClientAppActor pid=1124589)[0m    Train:      174 samples (client-local)[32m [repeated 233x across cluster][0m
[36m(ClientAppActor pid=1124589)[0m    Validation: 24 samples (client-local)[32m [repeated 233x across cluster][0m
[36m(ClientAppActor pid=1124589)[0m    Test:       50737 samples (global, shared)[32m [repeated 233x across cluster][0m
[36m(ClientAppActor pid=1124597)[0m [Client 184] Data split:[32m [repeated 277x across cluster][0m
[36m(ClientAppActor pid=1124597)[0m    Train:      174 samples (client-local)[32m [repeated 277x across cluster][0m
[36m(ClientAppActor pid=1124597)[0m    Validation: 24 samples (client-local)[32m [repeated 277x across cluster][0m
[36m(ClientAppActor pid=1124597)[0m    Test:       50737 samples (global, shared)[32m [repeated 277x across cluster][0m
[36m(ClientAppActor pid=1124598)[0m [Client 809] Data split:[32m [repeated 287x across cluster][0m
[36m(ClientAppActor pid=1124598)[0m    Train:      173 samples (client-local)[32m [repeated 287x across cluster][0m
[36m(ClientAppActor pid=1124598)[0m    Validation: 24 samples (client-local)[32m [repeated 287x across cluster][0m
[36m(ClientAppActor pid=1124598)[0m    Test:       50737 samples (global, shared)[32m [repeated 287x across cluster][0m[36m(ClientAppActor pid=1124630)[0m /home/bax9142/federated-edge-learning/.venv/lib64/python3.13/site-packages/sklearn/metrics/_ranking.py:424: UndefinedMetricWarning: Only one class is present in y_true. ROC AUC score is not defined in that case.[32m [repeated 16x across cluster][0m
[36m(ClientAppActor pid=1124630)[0m   warnings.warn([32m [repeated 16x across cluster][0m
[92mINFO [0m:      aggregate_evaluate: received 1024 results and 0 failures
[92mINFO [0m:      
[92mINFO [0m:      [ROUND 33]
[92mINFO [0m:      configure_fit: strategy sampled 819 clients (out of 1024)
[92mINFO [0m:      aggregate_fit: received 819 results and 0 failures
[92mINFO [0m:      configure_evaluate: strategy sampled 1024 clients (out of 1024)
[36m(ClientAppActor pid=1124598)[0m /home/bax9142/federated-edge-learning/.venv/lib64/python3.13/site-packages/sklearn/metrics/_ranking.py:424: UndefinedMetricWarning: Only one class is present in y_true. ROC AUC score is not defined in that case.
[36m(ClientAppActor pid=1124598)[0m   warnings.warn(
[36m(ClientAppActor pid=1124607)[0m /home/bax9142/federated-edge-learning/.venv/lib64/python3.13/site-packages/sklearn/metrics/_ranking.py:424: UndefinedMetricWarning: Only one class is present in y_true. ROC AUC score is not defined in that case.
[36m(ClientAppActor pid=1124607)[0m   warnings.warn(
[36m(ClientAppActor pid=1124583)[0m /home/bax9142/federated-edge-learning/.venv/lib64/python3.13/site-packages/sklearn/metrics/_ranking.py:424: UndefinedMetricWarning: Only one class is present in y_true. ROC AUC score is not defined in that case.[32m [repeated 8x across cluster][0m
[36m(ClientAppActor pid=1124583)[0m   warnings.warn([32m [repeated 8x across cluster][0m
[36m(ClientAppActor pid=1124637)[0m /home/bax9142/federated-edge-learning/.venv/lib64/python3.13/site-packages/sklearn/metrics/_ranking.py:424: UndefinedMetricWarning: Only one class is present in y_true. ROC AUC score is not defined in that case.[32m [repeated 10x across cluster][0m
[36m(ClientAppActor pid=1124637)[0m   warnings.warn([32m [repeated 10x across cluster][0m
[36m(ClientAppActor pid=1124619)[0m /home/bax9142/federated-edge-learning/.venv/lib64/python3.13/site-packages/sklearn/metrics/_ranking.py:424: UndefinedMetricWarning: Only one class is present in y_true. ROC AUC score is not defined in that case.[32m [repeated 10x across cluster][0m
[36m(ClientAppActor pid=1124619)[0m   warnings.warn([32m [repeated 10x across cluster][0m
[92mINFO [0m:      aggregate_evaluate: received 1024 results and 0 failures
[92mINFO [0m:      
[92mINFO [0m:      [ROUND 34]
[92mINFO [0m:      configure_fit: strategy sampled 819 clients (out of 1024)
[92mINFO [0m:      aggregate_fit: received 819 results and 0 failures
[92mINFO [0m:      configure_evaluate: strategy sampled 1024 clients (out of 1024)

[36m(ClientAppActor pid=1124605)[0m [Client 421] Data split:[32m [repeated 279x across cluster][0m
[36m(ClientAppActor pid=1124605)[0m    Train:      174 samples (client-local)[32m [repeated 279x across cluster][0m
[36m(ClientAppActor pid=1124605)[0m    Validation: 24 samples (client-local)[32m [repeated 279x across cluster][0m
[36m(ClientAppActor pid=1124605)[0m    Test:       50737 samples (global, shared)[32m [repeated 279x across cluster][0m

🎯 Multi-Threshold Aggregation:
   ═══════════════════════════════════════════════
   Evaluated 10 thresholds:
     • Thr=0.30: Recall=0.932, Spec=0.380, F1=0.324
     • Thr=0.35: Recall=0.909, Spec=0.446, F1=0.341
     • Thr=0.40: Recall=0.879, Spec=0.507, F1=0.357
   ...

   BEST Threshold: 0.55
     • Recall:      0.754
     • Specificity: 0.672
     • F1-Score:    0.399
     • Score:       0.682
   ═══════════════════════════════════════════════

⚠️  No rounds meet spec≥0.7, using recall filter only
 3 Pareto-optimal rounds (not dominated in recall & spec)

🎯 SELECTED ROUND 32:
   Recall:     0.754
   Specificity: 0.672
   F1-Score:    0.399
   Stability:   1.000
   Alerts/1000: 386.9
   Composite:   0.683


✅ Round 32 is NEW BEST - Saving checkpoint...
   💾 Checkpoint saved: result/splits_iid_scaling/splits_iid_1024_clients.json/multi_thr/model_round_32.pt
⚠️  No rounds meet spec≥0.7, using recall filter only
 3 Pareto-optimal rounds (not dominated in recall & spec)

🎯 SELECTED ROUND 32:
   Recall:     0.754
   Specificity: 0.672
   F1-Score:    0.399
   Stability:   1.000
   Alerts/1000: 386.9
   Composite:   0.683

   💾 Best model saved: result/splits_iid_scaling/splits_iid_1024_clients.json/multi_thr/model_round_32.pt
   📊 Metrics saved: result/splits_iid_scaling/splits_iid_1024_clients.json/multi_thr/run_1.json
[36m(ClientAppActor pid=1124598)[0m [Client 859] Data split:[32m [repeated 258x across cluster][0m
[36m(ClientAppActor pid=1124598)[0m    Train:      173 samples (client-local)[32m [repeated 258x across cluster][0m
[36m(ClientAppActor pid=1124598)[0m    Validation: 24 samples (client-local)[32m [repeated 258x across cluster][0m
[36m(ClientAppActor pid=1124598)[0m    Test:       50737 samples (global, shared)[32m [repeated 258x across cluster][0m
[36m(ClientAppActor pid=1124598)[0m [Client 417] Data split:[32m [repeated 276x across cluster][0m
[36m(ClientAppActor pid=1124598)[0m    Train:      174 samples (client-local)[32m [repeated 276x across cluster][0m
[36m(ClientAppActor pid=1124598)[0m    Validation: 24 samples (client-local)[32m [repeated 276x across cluster][0m
[36m(ClientAppActor pid=1124598)[0m    Test:       50737 samples (global, shared)[32m [repeated 276x across cluster][0m
[36m(ClientAppActor pid=1124644)[0m [Client 830] Data split:[32m [repeated 281x across cluster][0m
[36m(ClientAppActor pid=1124644)[0m    Train:      173 samples (client-local)[32m [repeated 281x across cluster][0m
[36m(ClientAppActor pid=1124644)[0m    Validation: 24 samples (client-local)[32m [repeated 281x across cluster][0m
[36m(ClientAppActor pid=1124644)[0m    Test:       50737 samples (global, shared)[32m [repeated 281x across cluster][0m
[36m(ClientAppActor pid=1124583)[0m [Client 521] Data split:[32m [repeated 241x across cluster][0m
[36m(ClientAppActor pid=1124583)[0m    Train:      173 samples (client-local)[32m [repeated 241x across cluster][0m
[36m(ClientAppActor pid=1124583)[0m    Validation: 24 samples (client-local)[32m [repeated 241x across cluster][0m
[36m(ClientAppActor pid=1124583)[0m    Test:       50737 samples (global, shared)[32m [repeated 241x across cluster][0m
[36m(ClientAppActor pid=1124613)[0m [Client 122] Data split:[32m [repeated 288x across cluster][0m
[36m(ClientAppActor pid=1124613)[0m    Train:      174 samples (client-local)[32m [repeated 288x across cluster][0m
[36m(ClientAppActor pid=1124613)[0m    Validation: 24 samples (client-local)[32m [repeated 288x across cluster][0m
[36m(ClientAppActor pid=1124613)[0m    Test:       50737 samples (global, shared)[32m [repeated 288x across cluster][0m
[36m(ClientAppActor pid=1124613)[0m [Client 478] Data split:[32m [repeated 286x across cluster][0m
[36m(ClientAppActor pid=1124613)[0m    Train:      173 samples (client-local)[32m [repeated 286x across cluster][0m
[36m(ClientAppActor pid=1124613)[0m    Validation: 24 samples (client-local)[32m [repeated 286x across cluster][0m
[36m(ClientAppActor pid=1124613)[0m    Test:       50737 samples (global, shared)[32m [repeated 286x across cluster][0m

🎯 Multi-Threshold Aggregation:
   ═══════════════════════════════════════════════
   Evaluated 10 thresholds:
     • Thr=0.30: Recall=0.932, Spec=0.383, F1=0.324
     • Thr=0.35: Recall=0.908, Spec=0.449, F1=0.342
     • Thr=0.40: Recall=0.879, Spec=0.509, F1=0.358
   ...

   BEST Threshold: 0.50
     • Recall:      0.804
     • Specificity: 0.623
     • F1-Score:    0.389
     • Score:       0.682
   ═══════════════════════════════════════════════

⚠️  No rounds meet spec≥0.7, using recall filter only
 3 Pareto-optimal rounds (not dominated in recall & spec)

🎯 SELECTED ROUND 33:
   Recall:     0.804
   Specificity: 0.623
   F1-Score:    0.389
   Stability:   0.991
   Alerts/1000: 436.8
   Composite:   0.685


✅ Round 33 is NEW BEST - Saving checkpoint...
   💾 Checkpoint saved: result/splits_iid_scaling/splits_iid_1024_clients.json/multi_thr/model_round_33.pt
⚠️  No rounds meet spec≥0.7, using recall filter only
 3 Pareto-optimal rounds (not dominated in recall & spec)

🎯 SELECTED ROUND 33:
   Recall:     0.804
   Specificity: 0.623
   F1-Score:    0.389
   Stability:   0.991
   Alerts/1000: 436.8
   Composite:   0.685

   💾 Best model saved: result/splits_iid_scaling/splits_iid_1024_clients.json/multi_thr/model_round_33.pt
   📊 Metrics saved: result/splits_iid_scaling/splits_iid_1024_clients.json/multi_thr/run_1.json
[36m(ClientAppActor pid=1124583)[0m [Client 208] Data split:[32m [repeated 260x across cluster][0m
[36m(ClientAppActor pid=1124583)[0m    Train:      174 samples (client-local)[32m [repeated 260x across cluster][0m
[36m(ClientAppActor pid=1124583)[0m    Validation: 24 samples (client-local)[32m [repeated 260x across cluster][0m
[36m(ClientAppActor pid=1124583)[0m    Test:       50737 samples (global, shared)[32m [repeated 260x across cluster][0m
[36m(ClientAppActor pid=1124605)[0m [Client 158] Data split:[32m [repeated 284x across cluster][0m
[36m(ClientAppActor pid=1124605)[0m    Train:      174 samples (client-local)[32m [repeated 284x across cluster][0m
[36m(ClientAppActor pid=1124605)[0m    Validation: 24 samples (client-local)[32m [repeated 284x across cluster][0m
[36m(ClientAppActor pid=1124605)[0m    Test:       50737 samples (global, shared)[32m [repeated 284x across cluster][0m
[36m(ClientAppActor pid=1124583)[0m [Client 685] Data split:[32m [repeated 280x across cluster][0m
[36m(ClientAppActor pid=1124583)[0m    Train:      173 samples (client-local)[32m [repeated 280x across cluster][0m
[36m(ClientAppActor pid=1124583)[0m    Validation: 24 samples (client-local)[32m [repeated 280x across cluster][0m
[36m(ClientAppActor pid=1124583)[0m    Test:       50737 samples (global, shared)[32m [repeated 280x across cluster][0m
[36m(ClientAppActor pid=1124598)[0m [Client 332] Data split:[32m [repeated 255x across cluster][0m
[36m(ClientAppActor pid=1124598)[0m    Train:      174 samples (client-local)[32m [repeated 255x across cluster][0m
[36m(ClientAppActor pid=1124598)[0m    Validation: 24 samples (client-local)[32m [repeated 255x across cluster][0m
[36m(ClientAppActor pid=1124598)[0m    Test:       50737 samples (global, shared)[32m [repeated 255x across cluster][0m[36m(ClientAppActor pid=1124589)[0m /home/bax9142/federated-edge-learning/.venv/lib64/python3.13/site-packages/sklearn/metrics/_ranking.py:424: UndefinedMetricWarning: Only one class is present in y_true. ROC AUC score is not defined in that case.[32m [repeated 2x across cluster][0m
[36m(ClientAppActor pid=1124589)[0m   warnings.warn([32m [repeated 2x across cluster][0m
[36m(ClientAppActor pid=1124583)[0m /home/bax9142/federated-edge-learning/.venv/lib64/python3.13/site-packages/sklearn/metrics/_ranking.py:424: UndefinedMetricWarning: Only one class is present in y_true. ROC AUC score is not defined in that case.[32m [repeated 10x across cluster][0m
[36m(ClientAppActor pid=1124583)[0m   warnings.warn([32m [repeated 10x across cluster][0m
[36m(ClientAppActor pid=1124598)[0m /home/bax9142/federated-edge-learning/.venv/lib64/python3.13/site-packages/sklearn/metrics/_ranking.py:424: UndefinedMetricWarning: Only one class is present in y_true. ROC AUC score is not defined in that case.[32m [repeated 9x across cluster][0m
[36m(ClientAppActor pid=1124598)[0m   warnings.warn([32m [repeated 9x across cluster][0m
[36m(ClientAppActor pid=1124589)[0m /home/bax9142/federated-edge-learning/.venv/lib64/python3.13/site-packages/sklearn/metrics/_ranking.py:424: UndefinedMetricWarning: Only one class is present in y_true. ROC AUC score is not defined in that case.[32m [repeated 10x across cluster][0m
[36m(ClientAppActor pid=1124589)[0m   warnings.warn([32m [repeated 10x across cluster][0m
[92mINFO [0m:      aggregate_evaluate: received 1024 results and 0 failures
[92mINFO [0m:      
[92mINFO [0m:      [ROUND 35]
[92mINFO [0m:      configure_fit: strategy sampled 819 clients (out of 1024)
[92mINFO [0m:      aggregate_fit: received 819 results and 0 failures
[92mINFO [0m:      configure_evaluate: strategy sampled 1024 clients (out of 1024)
[36m(ClientAppActor pid=1124607)[0m /home/bax9142/federated-edge-learning/.venv/lib64/python3.13/site-packages/sklearn/metrics/_ranking.py:424: UndefinedMetricWarning: Only one class is present in y_true. ROC AUC score is not defined in that case.[32m [repeated 2x across cluster][0m
[36m(ClientAppActor pid=1124607)[0m   warnings.warn([32m [repeated 2x across cluster][0m
[36m(ClientAppActor pid=1124612)[0m /home/bax9142/federated-edge-learning/.venv/lib64/python3.13/site-packages/sklearn/metrics/_ranking.py:424: UndefinedMetricWarning: Only one class is present in y_true. ROC AUC score is not defined in that case.[32m [repeated 10x across cluster][0m
[36m(ClientAppActor pid=1124612)[0m   warnings.warn([32m [repeated 10x across cluster][0m
[36m(ClientAppActor pid=1124646)[0m /home/bax9142/federated-edge-learning/.venv/lib64/python3.13/site-packages/sklearn/metrics/_ranking.py:424: UndefinedMetricWarning: Only one class is present in y_true. ROC AUC score is not defined in that case.[32m [repeated 10x across cluster][0m
[36m(ClientAppActor pid=1124646)[0m   warnings.warn([32m [repeated 10x across cluster][0m
[36m(ClientAppActor pid=1124615)[0m /home/bax9142/federated-edge-learning/.venv/lib64/python3.13/site-packages/sklearn/metrics/_ranking.py:424: UndefinedMetricWarning: Only one class is present in y_true. ROC AUC score is not defined in that case.[32m [repeated 7x across cluster][0m
[36m(ClientAppActor pid=1124615)[0m   warnings.warn([32m [repeated 7x across cluster][0m
[92mINFO [0m:      aggregate_evaluate: received 1024 results and 0 failures
[92mINFO [0m:      
[92mINFO [0m:      [ROUND 36]
[92mINFO [0m:      configure_fit: strategy sampled 819 clients (out of 1024)

[36m(ClientAppActor pid=1124612)[0m [Client 713] Data split:[32m [repeated 290x across cluster][0m
[36m(ClientAppActor pid=1124612)[0m    Train:      173 samples (client-local)[32m [repeated 290x across cluster][0m
[36m(ClientAppActor pid=1124612)[0m    Validation: 24 samples (client-local)[32m [repeated 290x across cluster][0m
[36m(ClientAppActor pid=1124612)[0m    Test:       50737 samples (global, shared)[32m [repeated 290x across cluster][0m
[36m(ClientAppActor pid=1124598)[0m [Client 702] Data split:[32m [repeated 290x across cluster][0m
[36m(ClientAppActor pid=1124598)[0m    Train:      173 samples (client-local)[32m [repeated 290x across cluster][0m
[36m(ClientAppActor pid=1124598)[0m    Validation: 24 samples (client-local)[32m [repeated 290x across cluster][0m
[36m(ClientAppActor pid=1124598)[0m    Test:       50737 samples (global, shared)[32m [repeated 290x across cluster][0m
[36m(ClientAppActor pid=1124612)[0m [Client 388] Data split:[32m [repeated 283x across cluster][0m
[36m(ClientAppActor pid=1124612)[0m    Train:      174 samples (client-local)[32m [repeated 283x across cluster][0m
[36m(ClientAppActor pid=1124612)[0m    Validation: 24 samples (client-local)[32m [repeated 283x across cluster][0m
[36m(ClientAppActor pid=1124612)[0m    Test:       50737 samples (global, shared)[32m [repeated 283x across cluster][0m

🎯 Multi-Threshold Aggregation:
   ═══════════════════════════════════════════════
   Evaluated 10 thresholds:
     • Thr=0.30: Recall=0.932, Spec=0.387, F1=0.326
     • Thr=0.35: Recall=0.908, Spec=0.452, F1=0.343
     • Thr=0.40: Recall=0.878, Spec=0.512, F1=0.359
   ...

   BEST Threshold: 0.50
     • Recall:      0.803
     • Specificity: 0.625
     • F1-Score:    0.390
     • Score:       0.683
   ═══════════════════════════════════════════════

⚠️  No rounds meet spec≥0.7, using recall filter only
 4 Pareto-optimal rounds (not dominated in recall & spec)

🎯 SELECTED ROUND 34:
   Recall:     0.803
   Specificity: 0.625
   F1-Score:    0.390
   Stability:   0.988
   Alerts/1000: 435.1
   Composite:   0.685


✅ Round 34 is NEW BEST - Saving checkpoint...
   💾 Checkpoint saved: result/splits_iid_scaling/splits_iid_1024_clients.json/multi_thr/model_round_34.pt
⚠️  No rounds meet spec≥0.7, using recall filter only
 4 Pareto-optimal rounds (not dominated in recall & spec)

🎯 SELECTED ROUND 34:
   Recall:     0.803
   Specificity: 0.625
   F1-Score:    0.390
   Stability:   0.988
   Alerts/1000: 435.1
   Composite:   0.685

   💾 Best model saved: result/splits_iid_scaling/splits_iid_1024_clients.json/multi_thr/model_round_34.pt
   📊 Metrics saved: result/splits_iid_scaling/splits_iid_1024_clients.json/multi_thr/run_1.json
[36m(ClientAppActor pid=1124646)[0m [Client 57] Data split:[32m [repeated 258x across cluster][0m
[36m(ClientAppActor pid=1124646)[0m    Train:      174 samples (client-local)[32m [repeated 258x across cluster][0m
[36m(ClientAppActor pid=1124646)[0m    Validation: 24 samples (client-local)[32m [repeated 258x across cluster][0m
[36m(ClientAppActor pid=1124646)[0m    Test:       50737 samples (global, shared)[32m [repeated 258x across cluster][0m
[36m(ClientAppActor pid=1124598)[0m [Client 43] Data split:[32m [repeated 266x across cluster][0m
[36m(ClientAppActor pid=1124598)[0m    Train:      174 samples (client-local)[32m [repeated 266x across cluster][0m
[36m(ClientAppActor pid=1124598)[0m    Validation: 24 samples (client-local)[32m [repeated 266x across cluster][0m
[36m(ClientAppActor pid=1124598)[0m    Test:       50737 samples (global, shared)[32m [repeated 266x across cluster][0m
[36m(ClientAppActor pid=1124607)[0m [Client 292] Data split:[32m [repeated 289x across cluster][0m
[36m(ClientAppActor pid=1124607)[0m    Train:      174 samples (client-local)[32m [repeated 289x across cluster][0m
[36m(ClientAppActor pid=1124607)[0m    Validation: 24 samples (client-local)[32m [repeated 289x across cluster][0m
[36m(ClientAppActor pid=1124607)[0m    Test:       50737 samples (global, shared)[32m [repeated 289x across cluster][0m
[36m(ClientAppActor pid=1124598)[0m [Client 136] Data split:[32m [repeated 234x across cluster][0m
[36m(ClientAppActor pid=1124598)[0m    Train:      174 samples (client-local)[32m [repeated 234x across cluster][0m
[36m(ClientAppActor pid=1124598)[0m    Validation: 24 samples (client-local)[32m [repeated 234x across cluster][0m
[36m(ClientAppActor pid=1124598)[0m    Test:       50737 samples (global, shared)[32m [repeated 234x across cluster][0m
[36m(ClientAppActor pid=1124605)[0m [Client 44] Data split:[32m [repeated 291x across cluster][0m
[36m(ClientAppActor pid=1124605)[0m    Train:      174 samples (client-local)[32m [repeated 291x across cluster][0m
[36m(ClientAppActor pid=1124605)[0m    Validation: 24 samples (client-local)[32m [repeated 291x across cluster][0m
[36m(ClientAppActor pid=1124605)[0m    Test:       50737 samples (global, shared)[32m [repeated 291x across cluster][0m
[36m(ClientAppActor pid=1124598)[0m [Client 734] Data split:[32m [repeated 285x across cluster][0m
[36m(ClientAppActor pid=1124598)[0m    Train:      173 samples (client-local)[32m [repeated 285x across cluster][0m
[36m(ClientAppActor pid=1124598)[0m    Validation: 24 samples (client-local)[32m [repeated 285x across cluster][0m
[36m(ClientAppActor pid=1124598)[0m    Test:       50737 samples (global, shared)[32m [repeated 285x across cluster][0m
[36m(ClientAppActor pid=1124598)[0m [Client 90] Data split:[32m [repeated 282x across cluster][0m
[36m(ClientAppActor pid=1124598)[0m    Train:      174 samples (client-local)[32m [repeated 282x across cluster][0m
[36m(ClientAppActor pid=1124598)[0m    Validation: 24 samples (client-local)[32m [repeated 282x across cluster][0m
[36m(ClientAppActor pid=1124598)[0m    Test:       50737 samples (global, shared)[32m [repeated 282x across cluster][0m

🎯 Multi-Threshold Aggregation:
   ═══════════════════════════════════════════════
   Evaluated 10 thresholds:
     • Thr=0.30: Recall=0.932, Spec=0.390, F1=0.327
     • Thr=0.35: Recall=0.909, Spec=0.455, F1=0.345
     • Thr=0.40: Recall=0.878, Spec=0.515, F1=0.360
   ...

   BEST Threshold: 0.50
     • Recall:      0.805
     • Specificity: 0.625
     • F1-Score:    0.391
     • Score:       0.684
   ═══════════════════════════════════════════════

⚠️  No rounds meet spec≥0.7, using recall filter only
 3 Pareto-optimal rounds (not dominated in recall & spec)

🎯 SELECTED ROUND 35:
   Recall:     0.805
   Specificity: 0.625
   F1-Score:    0.391
   Stability:   0.991
   Alerts/1000: 435.0
   Composite:   0.687


✅ Round 35 is NEW BEST - Saving checkpoint...
   💾 Checkpoint saved: result/splits_iid_scaling/splits_iid_1024_clients.json/multi_thr/model_round_35.pt
⚠️  No rounds meet spec≥0.7, using recall filter only
 3 Pareto-optimal rounds (not dominated in recall & spec)

🎯 SELECTED ROUND 35:
   Recall:     0.805
   Specificity: 0.625
   F1-Score:    0.391
   Stability:   0.991
   Alerts/1000: 435.0
   Composite:   0.687

   💾 Best model saved: result/splits_iid_scaling/splits_iid_1024_clients.json/multi_thr/model_round_35.pt
   📊 Metrics saved: result/splits_iid_scaling/splits_iid_1024_clients.json/multi_thr/run_1.json
[36m(ClientAppActor pid=1124618)[0m [Client 144] Data split:[32m [repeated 262x across cluster][0m
[36m(ClientAppActor pid=1124618)[0m    Train:      174 samples (client-local)[32m [repeated 262x across cluster][0m
[36m(ClientAppActor pid=1124618)[0m    Validation: 24 samples (client-local)[32m [repeated 262x across cluster][0m
[36m(ClientAppActor pid=1124618)[0m    Test:       50737 samples (global, shared)[32m [repeated 262x across cluster][0m[92mINFO [0m:      aggregate_fit: received 819 results and 0 failures
[92mINFO [0m:      configure_evaluate: strategy sampled 1024 clients (out of 1024)
[36m(ClientAppActor pid=1124630)[0m /home/bax9142/federated-edge-learning/.venv/lib64/python3.13/site-packages/sklearn/metrics/_ranking.py:424: UndefinedMetricWarning: Only one class is present in y_true. ROC AUC score is not defined in that case.[32m [repeated 4x across cluster][0m
[36m(ClientAppActor pid=1124630)[0m   warnings.warn([32m [repeated 4x across cluster][0m
[36m(ClientAppActor pid=1124630)[0m /home/bax9142/federated-edge-learning/.venv/lib64/python3.13/site-packages/sklearn/metrics/_ranking.py:424: UndefinedMetricWarning: Only one class is present in y_true. ROC AUC score is not defined in that case.[32m [repeated 12x across cluster][0m
[36m(ClientAppActor pid=1124630)[0m   warnings.warn([32m [repeated 12x across cluster][0m
[36m(ClientAppActor pid=1124645)[0m /home/bax9142/federated-edge-learning/.venv/lib64/python3.13/site-packages/sklearn/metrics/_ranking.py:424: UndefinedMetricWarning: Only one class is present in y_true. ROC AUC score is not defined in that case.[32m [repeated 9x across cluster][0m
[36m(ClientAppActor pid=1124645)[0m   warnings.warn([32m [repeated 9x across cluster][0m
[36m(ClientAppActor pid=1124619)[0m /home/bax9142/federated-edge-learning/.venv/lib64/python3.13/site-packages/sklearn/metrics/_ranking.py:424: UndefinedMetricWarning: Only one class is present in y_true. ROC AUC score is not defined in that case.[32m [repeated 8x across cluster][0m
[36m(ClientAppActor pid=1124619)[0m   warnings.warn([32m [repeated 8x across cluster][0m
[92mINFO [0m:      aggregate_evaluate: received 1024 results and 0 failures
[92mINFO [0m:      
[92mINFO [0m:      [ROUND 37]
[92mINFO [0m:      configure_fit: strategy sampled 819 clients (out of 1024)
[92mINFO [0m:      aggregate_fit: received 819 results and 0 failures
[92mINFO [0m:      configure_evaluate: strategy sampled 1024 clients (out of 1024)
[36m(ClientAppActor pid=1124617)[0m /home/bax9142/federated-edge-learning/.venv/lib64/python3.13/site-packages/sklearn/metrics/_ranking.py:424: UndefinedMetricWarning: Only one class is present in y_true. ROC AUC score is not defined in that case.[32m [repeated 2x across cluster][0m
[36m(ClientAppActor pid=1124617)[0m   warnings.warn([32m [repeated 2x across cluster][0m
[36m(ClientAppActor pid=1124620)[0m /home/bax9142/federated-edge-learning/.venv/lib64/python3.13/site-packages/sklearn/metrics/_ranking.py:424: UndefinedMetricWarning: Only one class is present in y_true. ROC AUC score is not defined in that case.[32m [repeated 6x across cluster][0m
[36m(ClientAppActor pid=1124620)[0m   warnings.warn([32m [repeated 6x across cluster][0m
[36m(ClientAppActor pid=1124616)[0m /home/bax9142/federated-edge-learning/.venv/lib64/python3.13/site-packages/sklearn/metrics/_ranking.py:424: UndefinedMetricWarning: Only one class is present in y_true. ROC AUC score is not defined in that case.[32m [repeated 11x across cluster][0m
[36m(ClientAppActor pid=1124616)[0m   warnings.warn([32m [repeated 11x across cluster][0m
[36m(ClientAppActor pid=1124612)[0m /home/bax9142/federated-edge-learning/.venv/lib64/python3.13/site-packages/sklearn/metrics/_ranking.py:424: UndefinedMetricWarning: Only one class is present in y_true. ROC AUC score is not defined in that case.[32m [repeated 11x across cluster][0m
[36m(ClientAppActor pid=1124612)[0m   warnings.warn([32m [repeated 11x across cluster][0m
[92mINFO [0m:      aggregate_evaluate: received 1024 results and 0 failures
[92mINFO [0m:      
[92mINFO [0m:      [ROUND 38]
[92mINFO [0m:      configure_fit: strategy sampled 819 clients (out of 1024)

[36m(ClientAppActor pid=1124613)[0m [Client 269] Data split:[32m [repeated 282x across cluster][0m
[36m(ClientAppActor pid=1124613)[0m    Train:      174 samples (client-local)[32m [repeated 282x across cluster][0m
[36m(ClientAppActor pid=1124613)[0m    Validation: 24 samples (client-local)[32m [repeated 282x across cluster][0m
[36m(ClientAppActor pid=1124613)[0m    Test:       50737 samples (global, shared)[32m [repeated 282x across cluster][0m
[36m(ClientAppActor pid=1124583)[0m [Client 53] Data split:[32m [repeated 275x across cluster][0m
[36m(ClientAppActor pid=1124583)[0m    Train:      174 samples (client-local)[32m [repeated 275x across cluster][0m
[36m(ClientAppActor pid=1124583)[0m    Validation: 24 samples (client-local)[32m [repeated 275x across cluster][0m
[36m(ClientAppActor pid=1124583)[0m    Test:       50737 samples (global, shared)[32m [repeated 275x across cluster][0m
[36m(ClientAppActor pid=1124589)[0m [Client 937] Data split:[32m [repeated 239x across cluster][0m
[36m(ClientAppActor pid=1124589)[0m    Train:      173 samples (client-local)[32m [repeated 239x across cluster][0m
[36m(ClientAppActor pid=1124589)[0m    Validation: 24 samples (client-local)[32m [repeated 239x across cluster][0m
[36m(ClientAppActor pid=1124589)[0m    Test:       50737 samples (global, shared)[32m [repeated 239x across cluster][0m
[36m(ClientAppActor pid=1124597)[0m [Client 79] Data split:[32m [repeated 285x across cluster][0m
[36m(ClientAppActor pid=1124597)[0m    Train:      174 samples (client-local)[32m [repeated 285x across cluster][0m
[36m(ClientAppActor pid=1124597)[0m    Validation: 24 samples (client-local)[32m [repeated 285x across cluster][0m
[36m(ClientAppActor pid=1124597)[0m    Test:       50737 samples (global, shared)[32m [repeated 285x across cluster][0m
[36m(ClientAppActor pid=1124601)[0m [Client 670] Data split:[32m [repeated 288x across cluster][0m
[36m(ClientAppActor pid=1124601)[0m    Train:      173 samples (client-local)[32m [repeated 288x across cluster][0m
[36m(ClientAppActor pid=1124601)[0m    Validation: 24 samples (client-local)[32m [repeated 288x across cluster][0m
[36m(ClientAppActor pid=1124601)[0m    Test:       50737 samples (global, shared)[32m [repeated 288x across cluster][0m
[36m(ClientAppActor pid=1124598)[0m [Client 189] Data split:[32m [repeated 288x across cluster][0m
[36m(ClientAppActor pid=1124598)[0m    Train:      174 samples (client-local)[32m [repeated 288x across cluster][0m
[36m(ClientAppActor pid=1124598)[0m    Validation: 24 samples (client-local)[32m [repeated 288x across cluster][0m
[36m(ClientAppActor pid=1124598)[0m    Test:       50737 samples (global, shared)[32m [repeated 288x across cluster][0m

🎯 Multi-Threshold Aggregation:
   ═══════════════════════════════════════════════
   Evaluated 10 thresholds:
     • Thr=0.30: Recall=0.932, Spec=0.391, F1=0.328
     • Thr=0.35: Recall=0.909, Spec=0.456, F1=0.345
     • Thr=0.40: Recall=0.878, Spec=0.516, F1=0.361
   ...

   BEST Threshold: 0.50
     • Recall:      0.806
     • Specificity: 0.626
     • F1-Score:    0.392
     • Score:       0.685
   ═══════════════════════════════════════════════

⚠️  No rounds meet spec≥0.7, using recall filter only
 3 Pareto-optimal rounds (not dominated in recall & spec)

🎯 SELECTED ROUND 36:
   Recall:     0.806
   Specificity: 0.626
   F1-Score:    0.392
   Stability:   1.000
   Alerts/1000: 434.6
   Composite:   0.688


✅ Round 36 is NEW BEST - Saving checkpoint...
   💾 Checkpoint saved: result/splits_iid_scaling/splits_iid_1024_clients.json/multi_thr/model_round_36.pt
⚠️  No rounds meet spec≥0.7, using recall filter only
 3 Pareto-optimal rounds (not dominated in recall & spec)

🎯 SELECTED ROUND 36:
   Recall:     0.806
   Specificity: 0.626
   F1-Score:    0.392
   Stability:   1.000
   Alerts/1000: 434.6
   Composite:   0.688

   💾 Best model saved: result/splits_iid_scaling/splits_iid_1024_clients.json/multi_thr/model_round_36.pt
   📊 Metrics saved: result/splits_iid_scaling/splits_iid_1024_clients.json/multi_thr/run_1.json
[36m(ClientAppActor pid=1124608)[0m [Client 517] Data split:[32m [repeated 272x across cluster][0m
[36m(ClientAppActor pid=1124608)[0m    Train:      173 samples (client-local)[32m [repeated 272x across cluster][0m
[36m(ClientAppActor pid=1124608)[0m    Validation: 24 samples (client-local)[32m [repeated 272x across cluster][0m
[36m(ClientAppActor pid=1124608)[0m    Test:       50737 samples (global, shared)[32m [repeated 272x across cluster][0m
[36m(ClientAppActor pid=1124637)[0m [Client 32] Data split:[32m [repeated 277x across cluster][0m
[36m(ClientAppActor pid=1124637)[0m    Train:      174 samples (client-local)[32m [repeated 277x across cluster][0m
[36m(ClientAppActor pid=1124637)[0m    Validation: 24 samples (client-local)[32m [repeated 277x across cluster][0m
[36m(ClientAppActor pid=1124637)[0m    Test:       50737 samples (global, shared)[32m [repeated 277x across cluster][0m
[36m(ClientAppActor pid=1124615)[0m [Client 268] Data split:[32m [repeated 287x across cluster][0m
[36m(ClientAppActor pid=1124615)[0m    Train:      174 samples (client-local)[32m [repeated 287x across cluster][0m
[36m(ClientAppActor pid=1124615)[0m    Validation: 24 samples (client-local)[32m [repeated 287x across cluster][0m
[36m(ClientAppActor pid=1124615)[0m    Test:       50737 samples (global, shared)[32m [repeated 287x across cluster][0m
[36m(ClientAppActor pid=1124597)[0m [Client 102] Data split:[32m [repeated 242x across cluster][0m
[36m(ClientAppActor pid=1124597)[0m    Train:      174 samples (client-local)[32m [repeated 242x across cluster][0m
[36m(ClientAppActor pid=1124597)[0m    Validation: 24 samples (client-local)[32m [repeated 242x across cluster][0m
[36m(ClientAppActor pid=1124597)[0m    Test:       50737 samples (global, shared)[32m [repeated 242x across cluster][0m
[36m(ClientAppActor pid=1124598)[0m [Client 520] Data split:[32m [repeated 282x across cluster][0m
[36m(ClientAppActor pid=1124598)[0m    Train:      173 samples (client-local)[32m [repeated 282x across cluster][0m
[36m(ClientAppActor pid=1124598)[0m    Validation: 24 samples (client-local)[32m [repeated 282x across cluster][0m
[36m(ClientAppActor pid=1124598)[0m    Test:       50737 samples (global, shared)[32m [repeated 282x across cluster][0m
[36m(ClientAppActor pid=1124598)[0m [Client 480] Data split:[32m [repeated 284x across cluster][0m
[36m(ClientAppActor pid=1124598)[0m    Train:      173 samples (client-local)[32m [repeated 284x across cluster][0m
[36m(ClientAppActor pid=1124598)[0m    Validation: 24 samples (client-local)[32m [repeated 284x across cluster][0m
[36m(ClientAppActor pid=1124598)[0m    Test:       50737 samples (global, shared)[32m [repeated 284x across cluster][0m

🎯 Multi-Threshold Aggregation:
   ═══════════════════════════════════════════════
   Evaluated 10 thresholds:
     • Thr=0.30: Recall=0.931, Spec=0.394, F1=0.328
     • Thr=0.35: Recall=0.910, Spec=0.458, F1=0.346
     • Thr=0.40: Recall=0.879, Spec=0.518, F1=0.362
   ...

   BEST Threshold: 0.55
     • Recall:      0.760
     • Specificity: 0.675
     • F1-Score:    0.403
     • Score:       0.686
   ═══════════════════════════════════════════════

⚠️  No rounds meet spec≥0.7, using recall filter only
 3 Pareto-optimal rounds (not dominated in recall & spec)

🎯 SELECTED ROUND 36:
   Recall:     0.806
   Specificity: 0.626
   F1-Score:    0.392
   Stability:   1.000
   Alerts/1000: 434.6
   Composite:   0.688

[36m(ClientAppActor pid=1124612)[0m [Client 44] Data split:[32m [repeated 276x across cluster][0m[92mINFO [0m:      aggregate_fit: received 819 results and 0 failures
[92mINFO [0m:      configure_evaluate: strategy sampled 1024 clients (out of 1024)
[36m(ClientAppActor pid=1124645)[0m /home/bax9142/federated-edge-learning/.venv/lib64/python3.13/site-packages/sklearn/metrics/_ranking.py:424: UndefinedMetricWarning: Only one class is present in y_true. ROC AUC score is not defined in that case.[32m [repeated 3x across cluster][0m
[36m(ClientAppActor pid=1124645)[0m   warnings.warn([32m [repeated 3x across cluster][0m
[36m(ClientAppActor pid=1124617)[0m /home/bax9142/federated-edge-learning/.venv/lib64/python3.13/site-packages/sklearn/metrics/_ranking.py:424: UndefinedMetricWarning: Only one class is present in y_true. ROC AUC score is not defined in that case.[32m [repeated 14x across cluster][0m
[36m(ClientAppActor pid=1124617)[0m   warnings.warn([32m [repeated 14x across cluster][0m
[36m(ClientAppActor pid=1124646)[0m /home/bax9142/federated-edge-learning/.venv/lib64/python3.13/site-packages/sklearn/metrics/_ranking.py:424: UndefinedMetricWarning: Only one class is present in y_true. ROC AUC score is not defined in that case.[32m [repeated 11x across cluster][0m
[36m(ClientAppActor pid=1124646)[0m   warnings.warn([32m [repeated 11x across cluster][0m
[92mINFO [0m:      aggregate_evaluate: received 1024 results and 0 failures
[92mINFO [0m:      
[92mINFO [0m:      [ROUND 39]
[92mINFO [0m:      configure_fit: strategy sampled 819 clients (out of 1024)
[92mINFO [0m:      aggregate_fit: received 819 results and 0 failures
[92mINFO [0m:      configure_evaluate: strategy sampled 1024 clients (out of 1024)
[36m(ClientAppActor pid=1124646)[0m /home/bax9142/federated-edge-learning/.venv/lib64/python3.13/site-packages/sklearn/metrics/_ranking.py:424: UndefinedMetricWarning: Only one class is present in y_true. ROC AUC score is not defined in that case.[32m [repeated 6x across cluster][0m
[36m(ClientAppActor pid=1124646)[0m   warnings.warn([32m [repeated 6x across cluster][0m
[36m(ClientAppActor pid=1124607)[0m /home/bax9142/federated-edge-learning/.venv/lib64/python3.13/site-packages/sklearn/metrics/_ranking.py:424: UndefinedMetricWarning: Only one class is present in y_true. ROC AUC score is not defined in that case.[32m [repeated 9x across cluster][0m
[36m(ClientAppActor pid=1124607)[0m   warnings.warn([32m [repeated 9x across cluster][0m
[36m(ClientAppActor pid=1124637)[0m /home/bax9142/federated-edge-learning/.venv/lib64/python3.13/site-packages/sklearn/metrics/_ranking.py:424: UndefinedMetricWarning: Only one class is present in y_true. ROC AUC score is not defined in that case.[32m [repeated 11x across cluster][0m
[36m(ClientAppActor pid=1124637)[0m   warnings.warn([32m [repeated 11x across cluster][0m
[36m(ClientAppActor pid=1124615)[0m /home/bax9142/federated-edge-learning/.venv/lib64/python3.13/site-packages/sklearn/metrics/_ranking.py:424: UndefinedMetricWarning: Only one class is present in y_true. ROC AUC score is not defined in that case.[32m [repeated 9x across cluster][0m
[36m(ClientAppActor pid=1124615)[0m   warnings.warn([32m [repeated 9x across cluster][0m
[92mINFO [0m:      aggregate_evaluate: received 1024 results and 0 failures

[36m(ClientAppActor pid=1124612)[0m    Train:      174 samples (client-local)[32m [repeated 276x across cluster][0m
[36m(ClientAppActor pid=1124612)[0m    Validation: 24 samples (client-local)[32m [repeated 276x across cluster][0m
[36m(ClientAppActor pid=1124612)[0m    Test:       50737 samples (global, shared)[32m [repeated 276x across cluster][0m
[36m(ClientAppActor pid=1124619)[0m [Client 404] Data split:[32m [repeated 277x across cluster][0m
[36m(ClientAppActor pid=1124619)[0m    Train:      174 samples (client-local)[32m [repeated 277x across cluster][0m
[36m(ClientAppActor pid=1124619)[0m    Validation: 24 samples (client-local)[32m [repeated 277x across cluster][0m
[36m(ClientAppActor pid=1124619)[0m    Test:       50737 samples (global, shared)[32m [repeated 277x across cluster][0m
[36m(ClientAppActor pid=1124619)[0m [Client 28] Data split:[32m [repeated 271x across cluster][0m
[36m(ClientAppActor pid=1124619)[0m    Train:      174 samples (client-local)[32m [repeated 271x across cluster][0m
[36m(ClientAppActor pid=1124619)[0m    Validation: 24 samples (client-local)[32m [repeated 271x across cluster][0m
[36m(ClientAppActor pid=1124619)[0m    Test:       50737 samples (global, shared)[32m [repeated 271x across cluster][0m
[36m(ClientAppActor pid=1124597)[0m [Client 446] Data split:[32m [repeated 249x across cluster][0m
[36m(ClientAppActor pid=1124597)[0m    Train:      173 samples (client-local)[32m [repeated 249x across cluster][0m
[36m(ClientAppActor pid=1124597)[0m    Validation: 24 samples (client-local)[32m [repeated 249x across cluster][0m
[36m(ClientAppActor pid=1124597)[0m    Test:       50737 samples (global, shared)[32m [repeated 249x across cluster][0m
[36m(ClientAppActor pid=1124597)[0m [Client 910] Data split:[32m [repeated 277x across cluster][0m
[36m(ClientAppActor pid=1124597)[0m    Train:      173 samples (client-local)[32m [repeated 277x across cluster][0m
[36m(ClientAppActor pid=1124597)[0m    Validation: 24 samples (client-local)[32m [repeated 277x across cluster][0m
[36m(ClientAppActor pid=1124597)[0m    Test:       50737 samples (global, shared)[32m [repeated 277x across cluster][0m
[36m(ClientAppActor pid=1124589)[0m [Client 308] Data split:[32m [repeated 288x across cluster][0m
[36m(ClientAppActor pid=1124589)[0m    Train:      174 samples (client-local)[32m [repeated 288x across cluster][0m
[36m(ClientAppActor pid=1124589)[0m    Validation: 24 samples (client-local)[32m [repeated 288x across cluster][0m
[36m(ClientAppActor pid=1124589)[0m    Test:       50737 samples (global, shared)[32m [repeated 288x across cluster][0m
[36m(ClientAppActor pid=1124616)[0m [Client 920] Data split:[32m [repeated 286x across cluster][0m
[36m(ClientAppActor pid=1124616)[0m    Train:      173 samples (client-local)[32m [repeated 286x across cluster][0m
[36m(ClientAppActor pid=1124616)[0m    Validation: 24 samples (client-local)[32m [repeated 286x across cluster][0m
[36m(ClientAppActor pid=1124616)[0m    Test:       50737 samples (global, shared)[32m [repeated 286x across cluster][0m

🎯 Multi-Threshold Aggregation:
   ═══════════════════════════════════════════════
   Evaluated 10 thresholds:
     • Thr=0.30: Recall=0.930, Spec=0.398, F1=0.329
     • Thr=0.35: Recall=0.909, Spec=0.461, F1=0.347
     • Thr=0.40: Recall=0.879, Spec=0.521, F1=0.363
   ...

   BEST Threshold: 0.55
     • Recall:      0.760
     • Specificity: 0.677
     • F1-Score:    0.405
     • Score:       0.687
   ═══════════════════════════════════════════════

⚠️  No rounds meet spec≥0.7, using recall filter only
 3 Pareto-optimal rounds (not dominated in recall & spec)

🎯 SELECTED ROUND 36:
   Recall:     0.806
   Specificity: 0.626
   F1-Score:    0.392
   Stability:   1.000
   Alerts/1000: 434.6
   Composite:   0.688

[36m(ClientAppActor pid=1124605)[0m [Client 197] Data split:[32m [repeated 270x across cluster][0m
[36m(ClientAppActor pid=1124605)[0m    Train:      174 samples (client-local)[32m [repeated 270x across cluster][0m
[36m(ClientAppActor pid=1124605)[0m    Validation: 24 samples (client-local)[32m [repeated 270x across cluster][0m
[36m(ClientAppActor pid=1124605)[0m    Test:       50737 samples (global, shared)[32m [repeated 270x across cluster][0m
[36m(ClientAppActor pid=1124605)[0m [Client 1022] Data split:[32m [repeated 269x across cluster][0m
[36m(ClientAppActor pid=1124605)[0m    Train:      173 samples (client-local)[32m [repeated 269x across cluster][0m
[36m(ClientAppActor pid=1124605)[0m    Validation: 24 samples (client-local)[32m [repeated 269x across cluster][0m
[36m(ClientAppActor pid=1124605)[0m    Test:       50737 samples (global, shared)[32m [repeated 269x across cluster][0m
[36m(ClientAppActor pid=1124598)[0m [Client 453] Data split:[32m [repeated 274x across cluster][0m
[36m(ClientAppActor pid=1124598)[0m    Train:      173 samples (client-local)[32m [repeated 274x across cluster][0m
[36m(ClientAppActor pid=1124598)[0m    Validation: 24 samples (client-local)[32m [repeated 274x across cluster][0m
[36m(ClientAppActor pid=1124598)[0m    Test:       50737 samples (global, shared)[32m [repeated 274x across cluster][0m
[36m(ClientAppActor pid=1124619)[0m [Client 106] Data split:[32m [repeated 245x across cluster][0m
[36m(ClientAppActor pid=1124619)[0m    Train:      174 samples (client-local)[32m [repeated 245x across cluster][0m
[36m(ClientAppActor pid=1124619)[0m    Validation: 24 samples (client-local)[32m [repeated 245x across cluster][0m
[36m(ClientAppActor pid=1124619)[0m    Test:       50737 samples (global, shared)[32m [repeated 245x across cluster][0m
[36m(ClientAppActor pid=1124583)[0m [Client 251] Data split:[32m [repeated 291x across cluster][0m
[36m(ClientAppActor pid=1124583)[0m    Train:      174 samples (client-local)[32m [repeated 291x across cluster][0m
[36m(ClientAppActor pid=1124583)[0m    Validation: 24 samples (client-local)[32m [repeated 291x across cluster][0m
[36m(ClientAppActor pid=1124583)[0m    Test:       50737 samples (global, shared)[32m [repeated 291x across cluster][0m
[36m(ClientAppActor pid=1124598)[0m [Client 930] Data split:[32m [repeated 287x across cluster][0m
[36m(ClientAppActor pid=1124598)[0m    Train:      173 samples (client-local)[32m [repeated 287x across cluster][0m
[36m(ClientAppActor pid=1124598)[0m    Validation: 24 samples (client-local)[32m [repeated 287x across cluster][0m
[36m(ClientAppActor pid=1124598)[0m    Test:       50737 samples (global, shared)[32m [repeated 287x across cluster][0m
[36m(ClientAppActor pid=1124583)[0m [Client 227] Data split:[32m [repeated 278x across cluster][0m
[36m(ClientAppActor pid=1124583)[0m    Train:      174 samples (client-local)[32m [repeated 278x across cluster][0m
[36m(ClientAppActor pid=1124583)[0m    Validation: 24 samples (client-local)[32m [repeated 278x across cluster][0m
[36m(ClientAppActor pid=1124583)[0m    Test:       50737 samples (global, shared)[32m [repeated 278x across cluster][0m

🎯 Multi-Threshold Aggregation:
   ═══════════════════════════════════════════════
   Evaluated 10 thresholds:
     • Thr=0.30: Recall=0.931, Spec=0.399, F1=0.330
     • Thr=0.35: Recall=0.910, Spec=0.462, F1=0.348
     • Thr=0.40: Recall=0.879, Spec=0.521, F1=0.364
   ...

   BEST Threshold: 0.55
     • Recall:      0.761
     • Specificity: 0.676
     • F1-Score:    0.405
     • Score:       0.687
   ═══════════════════════════════════════════════

⚠️  No rounds meet spec≥0.7, using recall filter only
 4 Pareto-optimal rounds (not dominated in recall & spec)

🎯 SELECTED ROUND 36:
   Recall:     0.806
   Specificity: 0.626[92mINFO [0m:      
[92mINFO [0m:      [ROUND 40]
[92mINFO [0m:      configure_fit: strategy sampled 819 clients (out of 1024)
[92mINFO [0m:      aggregate_fit: received 819 results and 0 failures
[92mINFO [0m:      configure_evaluate: strategy sampled 1024 clients (out of 1024)
[36m(ClientAppActor pid=1124630)[0m /home/bax9142/federated-edge-learning/.venv/lib64/python3.13/site-packages/sklearn/metrics/_ranking.py:424: UndefinedMetricWarning: Only one class is present in y_true. ROC AUC score is not defined in that case.[32m [repeated 2x across cluster][0m
[36m(ClientAppActor pid=1124630)[0m   warnings.warn([32m [repeated 2x across cluster][0m
[36m(ClientAppActor pid=1124608)[0m /home/bax9142/federated-edge-learning/.venv/lib64/python3.13/site-packages/sklearn/metrics/_ranking.py:424: UndefinedMetricWarning: Only one class is present in y_true. ROC AUC score is not defined in that case.[32m [repeated 5x across cluster][0m
[36m(ClientAppActor pid=1124608)[0m   warnings.warn([32m [repeated 5x across cluster][0m
[36m(ClientAppActor pid=1124612)[0m /home/bax9142/federated-edge-learning/.venv/lib64/python3.13/site-packages/sklearn/metrics/_ranking.py:424: UndefinedMetricWarning: Only one class is present in y_true. ROC AUC score is not defined in that case.[32m [repeated 8x across cluster][0m
[36m(ClientAppActor pid=1124612)[0m   warnings.warn([32m [repeated 8x across cluster][0m
[36m(ClientAppActor pid=1124650)[0m /home/bax9142/federated-edge-learning/.venv/lib64/python3.13/site-packages/sklearn/metrics/_ranking.py:424: UndefinedMetricWarning: Only one class is present in y_true. ROC AUC score is not defined in that case.[32m [repeated 11x across cluster][0m
[36m(ClientAppActor pid=1124650)[0m   warnings.warn([32m [repeated 11x across cluster][0m
[92mINFO [0m:      aggregate_evaluate: received 1024 results and 0 failures
[92mINFO [0m:      
[92mINFO [0m:      [ROUND 41]
[92mINFO [0m:      configure_fit: strategy sampled 819 clients (out of 1024)
[92mINFO [0m:      aggregate_fit: received 819 results and 0 failures
[92mINFO [0m:      configure_evaluate: strategy sampled 1024 clients (out of 1024)
[36m(ClientAppActor pid=1124630)[0m /home/bax9142/federated-edge-learning/.venv/lib64/python3.13/site-packages/sklearn/metrics/_ranking.py:424: UndefinedMetricWarning: Only one class is present in y_true. ROC AUC score is not defined in that case.[32m [repeated 7x across cluster][0m
[36m(ClientAppActor pid=1124630)[0m   warnings.warn([32m [repeated 7x across cluster][0m
[36m(ClientAppActor pid=1124598)[0m /home/bax9142/federated-edge-learning/.venv/lib64/python3.13/site-packages/sklearn/metrics/_ranking.py:424: UndefinedMetricWarning: Only one class is present in y_true. ROC AUC score is not defined in that case.[32m [repeated 8x across cluster][0m
[36m(ClientAppActor pid=1124598)[0m   warnings.warn([32m [repeated 8x across cluster][0m
[36m(ClientAppActor pid=1124601)[0m /home/bax9142/federated-edge-learning/.venv/lib64/python3.13/site-packages/sklearn/metrics/_ranking.py:424: UndefinedMetricWarning: Only one class is present in y_true. ROC AUC score is not defined in that case.[32m [repeated 11x across cluster][0m
[36m(ClientAppActor pid=1124601)[0m   warnings.warn([32m [repeated 11x across cluster][0m
[92mINFO [0m:      aggregate_evaluate: received 1024 results and 0 failures

   F1-Score:    0.392
   Stability:   1.000
   Alerts/1000: 434.6
   Composite:   0.688

[36m(ClientAppActor pid=1124608)[0m [Client 220] Data split:[32m [repeated 273x across cluster][0m
[36m(ClientAppActor pid=1124608)[0m    Train:      174 samples (client-local)[32m [repeated 273x across cluster][0m
[36m(ClientAppActor pid=1124608)[0m    Validation: 24 samples (client-local)[32m [repeated 273x across cluster][0m
[36m(ClientAppActor pid=1124608)[0m    Test:       50737 samples (global, shared)[32m [repeated 273x across cluster][0m
[36m(ClientAppActor pid=1124621)[0m 
[36m(ClientAppActor pid=1124649)[0m [Client 867] Data split:[32m [repeated 286x across cluster][0m
[36m(ClientAppActor pid=1124649)[0m    Train:      173 samples (client-local)[32m [repeated 286x across cluster][0m
[36m(ClientAppActor pid=1124649)[0m    Validation: 24 samples (client-local)[32m [repeated 286x across cluster][0m
[36m(ClientAppActor pid=1124649)[0m    Test:       50737 samples (global, shared)[32m [repeated 286x across cluster][0m
[36m(ClientAppActor pid=1124589)[0m [Client 179] Data split:[32m [repeated 276x across cluster][0m
[36m(ClientAppActor pid=1124589)[0m    Train:      174 samples (client-local)[32m [repeated 276x across cluster][0m
[36m(ClientAppActor pid=1124589)[0m    Validation: 24 samples (client-local)[32m [repeated 276x across cluster][0m
[36m(ClientAppActor pid=1124589)[0m    Test:       50737 samples (global, shared)[32m [repeated 276x across cluster][0m
[36m(ClientAppActor pid=1124608)[0m [Client 46] Data split:[32m [repeated 240x across cluster][0m
[36m(ClientAppActor pid=1124608)[0m    Train:      174 samples (client-local)[32m [repeated 240x across cluster][0m
[36m(ClientAppActor pid=1124608)[0m    Validation: 24 samples (client-local)[32m [repeated 240x across cluster][0m
[36m(ClientAppActor pid=1124608)[0m    Test:       50737 samples (global, shared)[32m [repeated 240x across cluster][0m
[36m(ClientAppActor pid=1124644)[0m [Client 154] Data split:[32m [repeated 289x across cluster][0m
[36m(ClientAppActor pid=1124644)[0m    Train:      174 samples (client-local)[32m [repeated 289x across cluster][0m
[36m(ClientAppActor pid=1124644)[0m    Validation: 24 samples (client-local)[32m [repeated 289x across cluster][0m
[36m(ClientAppActor pid=1124644)[0m    Test:       50737 samples (global, shared)[32m [repeated 289x across cluster][0m
[36m(ClientAppActor pid=1124612)[0m [Client 11] Data split:[32m [repeated 286x across cluster][0m
[36m(ClientAppActor pid=1124612)[0m    Train:      174 samples (client-local)[32m [repeated 286x across cluster][0m
[36m(ClientAppActor pid=1124612)[0m    Validation: 24 samples (client-local)[32m [repeated 286x across cluster][0m
[36m(ClientAppActor pid=1124612)[0m    Test:       50737 samples (global, shared)[32m [repeated 286x across cluster][0m

🎯 Multi-Threshold Aggregation:
   ═══════════════════════════════════════════════
   Evaluated 10 thresholds:
     • Thr=0.30: Recall=0.930, Spec=0.401, F1=0.331
     • Thr=0.35: Recall=0.909, Spec=0.464, F1=0.348
     • Thr=0.40: Recall=0.879, Spec=0.522, F1=0.364
   ...

   BEST Threshold: 0.55
     • Recall:      0.762
     • Specificity: 0.677
     • F1-Score:    0.405
     • Score:       0.687
   ═══════════════════════════════════════════════

⚠️  No rounds meet spec≥0.7, using recall filter only
 4 Pareto-optimal rounds (not dominated in recall & spec)

🎯 SELECTED ROUND 40:
   Recall:     0.762
   Specificity: 0.677
   F1-Score:    0.405
   Stability:   1.000
   Alerts/1000: 384.4
   Composite:   0.689


✅ Round 40 is NEW BEST - Saving checkpoint...
   💾 Checkpoint saved: result/splits_iid_scaling/splits_iid_1024_clients.json/multi_thr/model_round_40.pt
⚠️  No rounds meet spec≥0.7, using recall filter only
 4 Pareto-optimal rounds (not dominated in recall & spec)

🎯 SELECTED ROUND 40:
   Recall:     0.762
   Specificity: 0.677
   F1-Score:    0.405
   Stability:   1.000
   Alerts/1000: 384.4
   Composite:   0.689

   💾 Best model saved: result/splits_iid_scaling/splits_iid_1024_clients.json/multi_thr/model_round_40.pt
   📊 Metrics saved: result/splits_iid_scaling/splits_iid_1024_clients.json/multi_thr/run_1.json
[36m(ClientAppActor pid=1124612)[0m [Client 178] Data split:[32m [repeated 263x across cluster][0m
[36m(ClientAppActor pid=1124612)[0m    Train:      174 samples (client-local)[32m [repeated 263x across cluster][0m
[36m(ClientAppActor pid=1124612)[0m    Validation: 24 samples (client-local)[32m [repeated 263x across cluster][0m
[36m(ClientAppActor pid=1124612)[0m    Test:       50737 samples (global, shared)[32m [repeated 263x across cluster][0m
[36m(ClientAppActor pid=1124609)[0m [Client 1011] Data split:[32m [repeated 288x across cluster][0m
[36m(ClientAppActor pid=1124609)[0m    Train:      173 samples (client-local)[32m [repeated 288x across cluster][0m
[36m(ClientAppActor pid=1124609)[0m    Validation: 24 samples (client-local)[32m [repeated 288x across cluster][0m
[36m(ClientAppActor pid=1124609)[0m    Test:       50737 samples (global, shared)[32m [repeated 288x across cluster][0m
[36m(ClientAppActor pid=1124615)[0m [Client 8] Data split:[32m [repeated 275x across cluster][0m
[36m(ClientAppActor pid=1124615)[0m    Train:      174 samples (client-local)[32m [repeated 275x across cluster][0m
[36m(ClientAppActor pid=1124615)[0m    Validation: 24 samples (client-local)[32m [repeated 275x across cluster][0m
[36m(ClientAppActor pid=1124615)[0m    Test:       50737 samples (global, shared)[32m [repeated 275x across cluster][0m
[36m(ClientAppActor pid=1124618)[0m [Client 290] Data split:[32m [repeated 256x across cluster][0m
[36m(ClientAppActor pid=1124618)[0m    Train:      174 samples (client-local)[32m [repeated 256x across cluster][0m
[36m(ClientAppActor pid=1124618)[0m    Validation: 24 samples (client-local)[32m [repeated 256x across cluster][0m
[36m(ClientAppActor pid=1124618)[0m    Test:       50737 samples (global, shared)[32m [repeated 256x across cluster][0m
[36m(ClientAppActor pid=1124601)[0m [Client 183] Data split:[32m [repeated 286x across cluster][0m
[36m(ClientAppActor pid=1124601)[0m    Train:      174 samples (client-local)[32m [repeated 286x across cluster][0m
[36m(ClientAppActor pid=1124601)[0m    Validation: 24 samples (client-local)[32m [repeated 286x across cluster][0m
[36m(ClientAppActor pid=1124601)[0m    Test:       50737 samples (global, shared)[32m [repeated 286x across cluster][0m
[36m(ClientAppActor pid=1124607)[0m [Client 850] Data split:[32m [repeated 291x across cluster][0m
[36m(ClientAppActor pid=1124607)[0m    Train:      173 samples (client-local)[32m [repeated 291x across cluster][0m
[36m(ClientAppActor pid=1124607)[0m    Validation: 24 samples (client-local)[32m [repeated 291x across cluster][0m
[36m(ClientAppActor pid=1124607)[0m    Test:       50737 samples (global, shared)[32m [repeated 291x across cluster][0m
[36m(ClientAppActor pid=1124609)[0m [Client 274] Data split:[32m [repeated 278x across cluster][0m
[36m(ClientAppActor pid=1124609)[0m    Train:      174 samples (client-local)[32m [repeated 278x across cluster][0m
[36m(ClientAppActor pid=1124609)[0m    Validation: 24 samples (client-local)[32m [repeated 278x across cluster][0m
[36m(ClientAppActor pid=1124609)[0m    Test:       50737 samples (global, shared)[32m [repeated 278x across cluster][0m

🎯 Multi-Threshold Aggregation:
   ═══════════════════════════════════════════════
   Evaluated 10 thresholds:
     • Thr=0.30: Recall=0.930, Spec=0.403, F1=0.331
     • Thr=0.35: Recall=0.909, Spec=0.465, F1=0.349
     • Thr=0.40: Recall=0.879, Spec=0.524, F1=0.365
   ...

   BEST Threshold: 0.55
     • Recall:      0.762
     • Specificity: 0.677[92mINFO [0m:      
[92mINFO [0m:      [ROUND 42]
[92mINFO [0m:      configure_fit: strategy sampled 819 clients (out of 1024)
[92mINFO [0m:      aggregate_fit: received 819 results and 0 failures
[92mINFO [0m:      configure_evaluate: strategy sampled 1024 clients (out of 1024)
[36m(ClientAppActor pid=1124646)[0m /home/bax9142/federated-edge-learning/.venv/lib64/python3.13/site-packages/sklearn/metrics/_ranking.py:424: UndefinedMetricWarning: Only one class is present in y_true. ROC AUC score is not defined in that case.[32m [repeated 12x across cluster][0m
[36m(ClientAppActor pid=1124646)[0m   warnings.warn([32m [repeated 12x across cluster][0m
[36m(ClientAppActor pid=1124609)[0m /home/bax9142/federated-edge-learning/.venv/lib64/python3.13/site-packages/sklearn/metrics/_ranking.py:424: UndefinedMetricWarning: Only one class is present in y_true. ROC AUC score is not defined in that case.[32m [repeated 9x across cluster][0m
[36m(ClientAppActor pid=1124609)[0m   warnings.warn([32m [repeated 9x across cluster][0m
[36m(ClientAppActor pid=1124614)[0m /home/bax9142/federated-edge-learning/.venv/lib64/python3.13/site-packages/sklearn/metrics/_ranking.py:424: UndefinedMetricWarning: Only one class is present in y_true. ROC AUC score is not defined in that case.[32m [repeated 14x across cluster][0m
[36m(ClientAppActor pid=1124614)[0m   warnings.warn([32m [repeated 14x across cluster][0m
[36m(ClientAppActor pid=1124610)[0m /home/bax9142/federated-edge-learning/.venv/lib64/python3.13/site-packages/sklearn/metrics/_ranking.py:424: UndefinedMetricWarning: Only one class is present in y_true. ROC AUC score is not defined in that case.[32m [repeated 3x across cluster][0m
[36m(ClientAppActor pid=1124610)[0m   warnings.warn([32m [repeated 3x across cluster][0m
[92mINFO [0m:      aggregate_evaluate: received 1024 results and 0 failures
[92mINFO [0m:      
[92mINFO [0m:      [ROUND 43]
[92mINFO [0m:      configure_fit: strategy sampled 819 clients (out of 1024)
[92mINFO [0m:      aggregate_fit: received 819 results and 0 failures
[92mINFO [0m:      configure_evaluate: strategy sampled 1024 clients (out of 1024)
[36m(ClientAppActor pid=1124625)[0m /home/bax9142/federated-edge-learning/.venv/lib64/python3.13/site-packages/sklearn/metrics/_ranking.py:424: UndefinedMetricWarning: Only one class is present in y_true. ROC AUC score is not defined in that case.[32m [repeated 5x across cluster][0m
[36m(ClientAppActor pid=1124625)[0m   warnings.warn([32m [repeated 5x across cluster][0m
[36m(ClientAppActor pid=1124621)[0m /home/bax9142/federated-edge-learning/.venv/lib64/python3.13/site-packages/sklearn/metrics/_ranking.py:424: UndefinedMetricWarning: Only one class is present in y_true. ROC AUC score is not defined in that case.[32m [repeated 10x across cluster][0m
[36m(ClientAppActor pid=1124621)[0m   warnings.warn([32m [repeated 10x across cluster][0m

     • F1-Score:    0.406
     • Score:       0.688
   ═══════════════════════════════════════════════

⚠️  No rounds meet spec≥0.7, using recall filter only
 3 Pareto-optimal rounds (not dominated in recall & spec)

🎯 SELECTED ROUND 41:
   Recall:     0.762
   Specificity: 0.677
   F1-Score:    0.406
   Stability:   1.000
   Alerts/1000: 384.1
   Composite:   0.689


✅ Round 41 is NEW BEST - Saving checkpoint...
   💾 Checkpoint saved: result/splits_iid_scaling/splits_iid_1024_clients.json/multi_thr/model_round_41.pt
⚠️  No rounds meet spec≥0.7, using recall filter only
 3 Pareto-optimal rounds (not dominated in recall & spec)

🎯 SELECTED ROUND 41:
   Recall:     0.762
   Specificity: 0.677
   F1-Score:    0.406
   Stability:   1.000
   Alerts/1000: 384.1
   Composite:   0.689

   💾 Best model saved: result/splits_iid_scaling/splits_iid_1024_clients.json/multi_thr/model_round_41.pt
   📊 Metrics saved: result/splits_iid_scaling/splits_iid_1024_clients.json/multi_thr/run_1.json
[36m(ClientAppActor pid=1124627)[0m [Client 914] Data split:[32m [repeated 260x across cluster][0m
[36m(ClientAppActor pid=1124627)[0m    Train:      173 samples (client-local)[32m [repeated 260x across cluster][0m
[36m(ClientAppActor pid=1124627)[0m    Validation: 24 samples (client-local)[32m [repeated 260x across cluster][0m
[36m(ClientAppActor pid=1124627)[0m    Test:       50737 samples (global, shared)[32m [repeated 260x across cluster][0m
[36m(ClientAppActor pid=1124605)[0m [Client 271] Data split:[32m [repeated 273x across cluster][0m
[36m(ClientAppActor pid=1124605)[0m    Train:      174 samples (client-local)[32m [repeated 273x across cluster][0m
[36m(ClientAppActor pid=1124605)[0m    Validation: 24 samples (client-local)[32m [repeated 273x across cluster][0m
[36m(ClientAppActor pid=1124605)[0m    Test:       50737 samples (global, shared)[32m [repeated 273x across cluster][0m
[36m(ClientAppActor pid=1124598)[0m [Client 101] Data split:[32m [repeated 279x across cluster][0m
[36m(ClientAppActor pid=1124598)[0m    Train:      174 samples (client-local)[32m [repeated 279x across cluster][0m
[36m(ClientAppActor pid=1124598)[0m    Validation: 24 samples (client-local)[32m [repeated 279x across cluster][0m
[36m(ClientAppActor pid=1124598)[0m    Test:       50737 samples (global, shared)[32m [repeated 279x across cluster][0m
[36m(ClientAppActor pid=1124616)[0m [Client 372] Data split:[32m [repeated 242x across cluster][0m
[36m(ClientAppActor pid=1124616)[0m    Train:      174 samples (client-local)[32m [repeated 242x across cluster][0m
[36m(ClientAppActor pid=1124616)[0m    Validation: 24 samples (client-local)[32m [repeated 242x across cluster][0m
[36m(ClientAppActor pid=1124616)[0m    Test:       50737 samples (global, shared)[32m [repeated 242x across cluster][0m
[36m(ClientAppActor pid=1124613)[0m [Client 45] Data split:[32m [repeated 286x across cluster][0m
[36m(ClientAppActor pid=1124613)[0m    Train:      174 samples (client-local)[32m [repeated 286x across cluster][0m
[36m(ClientAppActor pid=1124613)[0m    Validation: 24 samples (client-local)[32m [repeated 286x across cluster][0m
[36m(ClientAppActor pid=1124613)[0m    Test:       50737 samples (global, shared)[32m [repeated 286x across cluster][0m
[36m(ClientAppActor pid=1124598)[0m [Client 186] Data split:[32m [repeated 276x across cluster][0m
[36m(ClientAppActor pid=1124598)[0m    Train:      174 samples (client-local)[32m [repeated 276x across cluster][0m
[36m(ClientAppActor pid=1124598)[0m    Validation: 24 samples (client-local)[32m [repeated 276x across cluster][0m
[36m(ClientAppActor pid=1124598)[0m    Test:       50737 samples (global, shared)[32m [repeated 276x across cluster][0m
[36m(ClientAppActor pid=1124597)[0m [Client 153] Data split:[32m [repeated 285x across cluster][0m
[36m(ClientAppActor pid=1124597)[0m    Train:      174 samples (client-local)[32m [repeated 285x across cluster][0m
[36m(ClientAppActor pid=1124597)[0m    Validation: 24 samples (client-local)[32m [repeated 285x across cluster][0m
[36m(ClientAppActor pid=1124597)[0m    Test:       50737 samples (global, shared)[32m [repeated 285x across cluster][0m

🎯 Multi-Threshold Aggregation:
   ═══════════════════════════════════════════════
   Evaluated 10 thresholds:
     • Thr=0.30: Recall=0.930, Spec=0.405, F1=0.332
     • Thr=0.35: Recall=0.909, Spec=0.468, F1=0.350
     • Thr=0.40: Recall=0.879, Spec=0.525, F1=0.366
   ...

   BEST Threshold: 0.50
     • Recall:      0.809
     • Specificity: 0.630
     • F1-Score:    0.395
     • Score:       0.688
   ═══════════════════════════════════════════════

⚠️  No rounds meet spec≥0.7, using recall filter only
 3 Pareto-optimal rounds (not dominated in recall & spec)

🎯 SELECTED ROUND 42:
   Recall:     0.809
   Specificity: 0.630
   F1-Score:    0.395
   Stability:   0.992
   Alerts/1000: 431.0
   Composite:   0.691


✅ Round 42 is NEW BEST - Saving checkpoint...
   💾 Checkpoint saved: result/splits_iid_scaling/splits_iid_1024_clients.json/multi_thr/model_round_42.pt
⚠️  No rounds meet spec≥0.7, using recall filter only
 3 Pareto-optimal rounds (not dominated in recall & spec)

🎯 SELECTED ROUND 42:
   Recall:     0.809
   Specificity: 0.630
   F1-Score:    0.395
   Stability:   0.992
   Alerts/1000: 431.0
   Composite:   0.691

   💾 Best model saved: result/splits_iid_scaling/splits_iid_1024_clients.json/multi_thr/model_round_42.pt
   📊 Metrics saved: result/splits_iid_scaling/splits_iid_1024_clients.json/multi_thr/run_1.json
[36m(ClientAppActor pid=1124589)[0m [Client 1007] Data split:[32m [repeated 262x across cluster][0m
[36m(ClientAppActor pid=1124589)[0m    Train:      173 samples (client-local)[32m [repeated 262x across cluster][0m
[36m(ClientAppActor pid=1124589)[0m    Validation: 24 samples (client-local)[32m [repeated 262x across cluster][0m
[36m(ClientAppActor pid=1124589)[0m    Test:       50737 samples (global, shared)[32m [repeated 262x across cluster][0m
[36m(ClientAppActor pid=1124598)[0m [Client 257] Data split:[32m [repeated 279x across cluster][0m
[36m(ClientAppActor pid=1124598)[0m    Train:      174 samples (client-local)[32m [repeated 279x across cluster][0m
[36m(ClientAppActor pid=1124598)[0m    Validation: 24 samples (client-local)[32m [repeated 279x across cluster][0m
[36m(ClientAppActor pid=1124598)[0m    Test:       50737 samples (global, shared)[32m [repeated 279x across cluster][0m
[36m(ClientAppActor pid=1124598)[0m [Client 266] Data split:[32m [repeated 292x across cluster][0m
[36m(ClientAppActor pid=1124598)[0m    Train:      174 samples (client-local)[32m [repeated 292x across cluster][0m
[36m(ClientAppActor pid=1124598)[0m    Validation: 24 samples (client-local)[32m [repeated 292x across cluster][0m
[36m(ClientAppActor pid=1124598)[0m    Test:       50737 samples (global, shared)[32m [repeated 292x across cluster][0m
[36m(ClientAppActor pid=1124589)[0m [Client 868] Data split:[32m [repeated 226x across cluster][0m
[36m(ClientAppActor pid=1124589)[0m    Train:      173 samples (client-local)[32m [repeated 226x across cluster][0m
[36m(ClientAppActor pid=1124589)[0m    Validation: 24 samples (client-local)[32m [repeated 226x across cluster][0m
[36m(ClientAppActor pid=1124589)[0m    Test:       50737 samples (global, shared)[32m [repeated 226x across cluster][0m
[36m(ClientAppActor pid=1124589)[0m [Client 396] Data split:[32m [repeated 282x across cluster][0m
[36m(ClientAppActor pid=1124589)[0m    Train:      174 samples (client-local)[32m [repeated 282x across cluster][0m
[36m(ClientAppActor pid=1124589)[0m    Validation: 24 samples (client-local)[32m [repeated 282x across cluster][0m
[36m(ClientAppActor pid=1124589)[0m    Test:       50737 samples (global, shared)[32m [repeated 282x across cluster][0m[36m(ClientAppActor pid=1124608)[0m /home/bax9142/federated-edge-learning/.venv/lib64/python3.13/site-packages/sklearn/metrics/_ranking.py:424: UndefinedMetricWarning: Only one class is present in y_true. ROC AUC score is not defined in that case.[32m [repeated 12x across cluster][0m
[36m(ClientAppActor pid=1124608)[0m   warnings.warn([32m [repeated 12x across cluster][0m
[36m(ClientAppActor pid=1124617)[0m /home/bax9142/federated-edge-learning/.venv/lib64/python3.13/site-packages/sklearn/metrics/_ranking.py:424: UndefinedMetricWarning: Only one class is present in y_true. ROC AUC score is not defined in that case.[32m [repeated 7x across cluster][0m
[36m(ClientAppActor pid=1124617)[0m   warnings.warn([32m [repeated 7x across cluster][0m
[92mINFO [0m:      aggregate_evaluate: received 1024 results and 0 failures
[92mINFO [0m:      
[92mINFO [0m:      [ROUND 44]
[92mINFO [0m:      configure_fit: strategy sampled 819 clients (out of 1024)
[92mINFO [0m:      aggregate_fit: received 819 results and 0 failures
[92mINFO [0m:      configure_evaluate: strategy sampled 1024 clients (out of 1024)
[36m(ClientAppActor pid=1124614)[0m /home/bax9142/federated-edge-learning/.venv/lib64/python3.13/site-packages/sklearn/metrics/_ranking.py:424: UndefinedMetricWarning: Only one class is present in y_true. ROC AUC score is not defined in that case.[32m [repeated 2x across cluster][0m
[36m(ClientAppActor pid=1124614)[0m   warnings.warn([32m [repeated 2x across cluster][0m
[36m(ClientAppActor pid=1124619)[0m /home/bax9142/federated-edge-learning/.venv/lib64/python3.13/site-packages/sklearn/metrics/_ranking.py:424: UndefinedMetricWarning: Only one class is present in y_true. ROC AUC score is not defined in that case.[32m [repeated 8x across cluster][0m
[36m(ClientAppActor pid=1124619)[0m   warnings.warn([32m [repeated 8x across cluster][0m
[36m(ClientAppActor pid=1124611)[0m /home/bax9142/federated-edge-learning/.venv/lib64/python3.13/site-packages/sklearn/metrics/_ranking.py:424: UndefinedMetricWarning: Only one class is present in y_true. ROC AUC score is not defined in that case.[32m [repeated 8x across cluster][0m
[36m(ClientAppActor pid=1124611)[0m   warnings.warn([32m [repeated 8x across cluster][0m
[36m(ClientAppActor pid=1124637)[0m /home/bax9142/federated-edge-learning/.venv/lib64/python3.13/site-packages/sklearn/metrics/_ranking.py:424: UndefinedMetricWarning: Only one class is present in y_true. ROC AUC score is not defined in that case.[32m [repeated 12x across cluster][0m
[36m(ClientAppActor pid=1124637)[0m   warnings.warn([32m [repeated 12x across cluster][0m
[92mINFO [0m:      aggregate_evaluate: received 1024 results and 0 failures
[92mINFO [0m:      
[92mINFO [0m:      [ROUND 45]
[92mINFO [0m:      configure_fit: strategy sampled 819 clients (out of 1024)

[36m(ClientAppActor pid=1124589)[0m [Client 176] Data split:[32m [repeated 289x across cluster][0m
[36m(ClientAppActor pid=1124589)[0m    Train:      174 samples (client-local)[32m [repeated 289x across cluster][0m
[36m(ClientAppActor pid=1124589)[0m    Validation: 24 samples (client-local)[32m [repeated 289x across cluster][0m
[36m(ClientAppActor pid=1124589)[0m    Test:       50737 samples (global, shared)[32m [repeated 289x across cluster][0m
[36m(ClientAppActor pid=1124608)[0m [Client 141] Data split:[32m [repeated 281x across cluster][0m
[36m(ClientAppActor pid=1124608)[0m    Train:      174 samples (client-local)[32m [repeated 281x across cluster][0m
[36m(ClientAppActor pid=1124608)[0m    Validation: 24 samples (client-local)[32m [repeated 281x across cluster][0m
[36m(ClientAppActor pid=1124608)[0m    Test:       50737 samples (global, shared)[32m [repeated 281x across cluster][0m

🎯 Multi-Threshold Aggregation:
   ═══════════════════════════════════════════════
   Evaluated 10 thresholds:
     • Thr=0.30: Recall=0.930, Spec=0.406, F1=0.332
     • Thr=0.35: Recall=0.909, Spec=0.469, F1=0.350
     • Thr=0.40: Recall=0.879, Spec=0.526, F1=0.366
   ...

   BEST Threshold: 0.50
     • Recall:      0.810
     • Specificity: 0.631
     • F1-Score:    0.396
     • Score:       0.689
   ═══════════════════════════════════════════════

⚠️  No rounds meet spec≥0.7, using recall filter only
 3 Pareto-optimal rounds (not dominated in recall & spec)

🎯 SELECTED ROUND 43:
   Recall:     0.810
   Specificity: 0.631
   F1-Score:    0.396
   Stability:   0.989
   Alerts/1000: 430.9
   Composite:   0.691


✅ Round 43 is NEW BEST - Saving checkpoint...
   💾 Checkpoint saved: result/splits_iid_scaling/splits_iid_1024_clients.json/multi_thr/model_round_43.pt
⚠️  No rounds meet spec≥0.7, using recall filter only
 3 Pareto-optimal rounds (not dominated in recall & spec)

🎯 SELECTED ROUND 43:
   Recall:     0.810
   Specificity: 0.631
   F1-Score:    0.396
   Stability:   0.989
   Alerts/1000: 430.9
   Composite:   0.691

   💾 Best model saved: result/splits_iid_scaling/splits_iid_1024_clients.json/multi_thr/model_round_43.pt
   📊 Metrics saved: result/splits_iid_scaling/splits_iid_1024_clients.json/multi_thr/run_1.json
[36m(ClientAppActor pid=1124589)[0m [Client 360] Data split:[32m [repeated 260x across cluster][0m
[36m(ClientAppActor pid=1124589)[0m    Train:      174 samples (client-local)[32m [repeated 260x across cluster][0m
[36m(ClientAppActor pid=1124589)[0m    Validation: 24 samples (client-local)[32m [repeated 260x across cluster][0m
[36m(ClientAppActor pid=1124589)[0m    Test:       50737 samples (global, shared)[32m [repeated 260x across cluster][0m
[36m(ClientAppActor pid=1124608)[0m [Client 720] Data split:[32m [repeated 277x across cluster][0m
[36m(ClientAppActor pid=1124608)[0m    Train:      173 samples (client-local)[32m [repeated 277x across cluster][0m
[36m(ClientAppActor pid=1124608)[0m    Validation: 24 samples (client-local)[32m [repeated 277x across cluster][0m
[36m(ClientAppActor pid=1124608)[0m    Test:       50737 samples (global, shared)[32m [repeated 277x across cluster][0m
[36m(ClientAppActor pid=1124589)[0m [Client 49] Data split:[32m [repeated 280x across cluster][0m
[36m(ClientAppActor pid=1124589)[0m    Train:      174 samples (client-local)[32m [repeated 280x across cluster][0m
[36m(ClientAppActor pid=1124589)[0m    Validation: 24 samples (client-local)[32m [repeated 280x across cluster][0m
[36m(ClientAppActor pid=1124589)[0m    Test:       50737 samples (global, shared)[32m [repeated 280x across cluster][0m
[36m(ClientAppActor pid=1124612)[0m [Client 173] Data split:[32m [repeated 233x across cluster][0m
[36m(ClientAppActor pid=1124612)[0m    Train:      174 samples (client-local)[32m [repeated 233x across cluster][0m
[36m(ClientAppActor pid=1124612)[0m    Validation: 24 samples (client-local)[32m [repeated 233x across cluster][0m
[36m(ClientAppActor pid=1124612)[0m    Test:       50737 samples (global, shared)[32m [repeated 233x across cluster][0m
[36m(ClientAppActor pid=1124598)[0m [Client 57] Data split:[32m [repeated 281x across cluster][0m
[36m(ClientAppActor pid=1124598)[0m    Train:      174 samples (client-local)[32m [repeated 281x across cluster][0m
[36m(ClientAppActor pid=1124598)[0m    Validation: 24 samples (client-local)[32m [repeated 281x across cluster][0m
[36m(ClientAppActor pid=1124598)[0m    Test:       50737 samples (global, shared)[32m [repeated 281x across cluster][0m
[36m(ClientAppActor pid=1124613)[0m [Client 862] Data split:[32m [repeated 296x across cluster][0m
[36m(ClientAppActor pid=1124613)[0m    Train:      173 samples (client-local)[32m [repeated 296x across cluster][0m
[36m(ClientAppActor pid=1124613)[0m    Validation: 24 samples (client-local)[32m [repeated 296x across cluster][0m
[36m(ClientAppActor pid=1124613)[0m    Test:       50737 samples (global, shared)[32m [repeated 296x across cluster][0m

🎯 Multi-Threshold Aggregation:
   ═══════════════════════════════════════════════
   Evaluated 10 thresholds:
     • Thr=0.30: Recall=0.930, Spec=0.408, F1=0.333
     • Thr=0.35: Recall=0.909, Spec=0.471, F1=0.351
     • Thr=0.40: Recall=0.880, Spec=0.527, F1=0.367
   ...

   BEST Threshold: 0.50
     • Recall:      0.810
     • Specificity: 0.631
     • F1-Score:    0.396
     • Score:       0.689
   ═══════════════════════════════════════════════

⚠️  No rounds meet spec≥0.7, using recall filter only
 4 Pareto-optimal rounds (not dominated in recall & spec)

🎯 SELECTED ROUND 44:
   Recall:     0.810
   Specificity: 0.631
   F1-Score:    0.396
   Stability:   0.992
   Alerts/1000: 430.3
   Composite:   0.692


✅ Round 44 is NEW BEST - Saving checkpoint...
   💾 Checkpoint saved: result/splits_iid_scaling/splits_iid_1024_clients.json/multi_thr/model_round_44.pt
⚠️  No rounds meet spec≥0.7, using recall filter only
 4 Pareto-optimal rounds (not dominated in recall & spec)

🎯 SELECTED ROUND 44:
   Recall:     0.810
   Specificity: 0.631
   F1-Score:    0.396
   Stability:   0.992
   Alerts/1000: 430.3
   Composite:   0.692

   💾 Best model saved: result/splits_iid_scaling/splits_iid_1024_clients.json/multi_thr/model_round_44.pt
   📊 Metrics saved: result/splits_iid_scaling/splits_iid_1024_clients.json/multi_thr/run_1.json
[36m(ClientAppActor pid=1124613)[0m [Client 52] Data split:[32m [repeated 259x across cluster][0m
[36m(ClientAppActor pid=1124613)[0m    Train:      174 samples (client-local)[32m [repeated 259x across cluster][0m
[36m(ClientAppActor pid=1124613)[0m    Validation: 24 samples (client-local)[32m [repeated 259x across cluster][0m
[36m(ClientAppActor pid=1124613)[0m    Test:       50737 samples (global, shared)[32m [repeated 259x across cluster][0m
[36m(ClientAppActor pid=1124589)[0m [Client 35] Data split:[32m [repeated 291x across cluster][0m
[36m(ClientAppActor pid=1124589)[0m    Train:      174 samples (client-local)[32m [repeated 291x across cluster][0m
[36m(ClientAppActor pid=1124589)[0m    Validation: 24 samples (client-local)[32m [repeated 291x across cluster][0m
[36m(ClientAppActor pid=1124589)[0m    Test:       50737 samples (global, shared)[32m [repeated 291x across cluster][0m
[36m(ClientAppActor pid=1124598)[0m [Client 714] Data split:[32m [repeated 286x across cluster][0m
[36m(ClientAppActor pid=1124598)[0m    Train:      173 samples (client-local)[32m [repeated 286x across cluster][0m
[36m(ClientAppActor pid=1124598)[0m    Validation: 24 samples (client-local)[32m [repeated 286x across cluster][0m
[36m(ClientAppActor pid=1124598)[0m    Test:       50737 samples (global, shared)[32m [repeated 286x across cluster][0m[92mINFO [0m:      aggregate_fit: received 819 results and 0 failures
[92mINFO [0m:      configure_evaluate: strategy sampled 1024 clients (out of 1024)
[36m(ClientAppActor pid=1124620)[0m /home/bax9142/federated-edge-learning/.venv/lib64/python3.13/site-packages/sklearn/metrics/_ranking.py:424: UndefinedMetricWarning: Only one class is present in y_true. ROC AUC score is not defined in that case.[32m [repeated 3x across cluster][0m
[36m(ClientAppActor pid=1124620)[0m   warnings.warn([32m [repeated 3x across cluster][0m
[36m(ClientAppActor pid=1124601)[0m /home/bax9142/federated-edge-learning/.venv/lib64/python3.13/site-packages/sklearn/metrics/_ranking.py:424: UndefinedMetricWarning: Only one class is present in y_true. ROC AUC score is not defined in that case.[32m [repeated 7x across cluster][0m
[36m(ClientAppActor pid=1124601)[0m   warnings.warn([32m [repeated 7x across cluster][0m
[36m(ClientAppActor pid=1124646)[0m /home/bax9142/federated-edge-learning/.venv/lib64/python3.13/site-packages/sklearn/metrics/_ranking.py:424: UndefinedMetricWarning: Only one class is present in y_true. ROC AUC score is not defined in that case.[32m [repeated 11x across cluster][0m
[36m(ClientAppActor pid=1124646)[0m   warnings.warn([32m [repeated 11x across cluster][0m
[36m(ClientAppActor pid=1124605)[0m /home/bax9142/federated-edge-learning/.venv/lib64/python3.13/site-packages/sklearn/metrics/_ranking.py:424: UndefinedMetricWarning: Only one class is present in y_true. ROC AUC score is not defined in that case.[32m [repeated 12x across cluster][0m
[36m(ClientAppActor pid=1124605)[0m   warnings.warn([32m [repeated 12x across cluster][0m
[92mINFO [0m:      aggregate_evaluate: received 1024 results and 0 failures
[92mINFO [0m:      
[92mINFO [0m:      [ROUND 46]
[92mINFO [0m:      configure_fit: strategy sampled 819 clients (out of 1024)
[92mINFO [0m:      aggregate_fit: received 819 results and 0 failures
[92mINFO [0m:      configure_evaluate: strategy sampled 1024 clients (out of 1024)
[36m(ClientAppActor pid=1124644)[0m /home/bax9142/federated-edge-learning/.venv/lib64/python3.13/site-packages/sklearn/metrics/_ranking.py:424: UndefinedMetricWarning: Only one class is present in y_true. ROC AUC score is not defined in that case.
[36m(ClientAppActor pid=1124644)[0m   warnings.warn(
[36m(ClientAppActor pid=1124610)[0m /home/bax9142/federated-edge-learning/.venv/lib64/python3.13/site-packages/sklearn/metrics/_ranking.py:424: UndefinedMetricWarning: Only one class is present in y_true. ROC AUC score is not defined in that case.
[36m(ClientAppActor pid=1124610)[0m   warnings.warn(
[36m(ClientAppActor pid=1124598)[0m /home/bax9142/federated-edge-learning/.venv/lib64/python3.13/site-packages/sklearn/metrics/_ranking.py:424: UndefinedMetricWarning: Only one class is present in y_true. ROC AUC score is not defined in that case.[32m [repeated 9x across cluster][0m
[36m(ClientAppActor pid=1124598)[0m   warnings.warn([32m [repeated 9x across cluster][0m
[36m(ClientAppActor pid=1124627)[0m /home/bax9142/federated-edge-learning/.venv/lib64/python3.13/site-packages/sklearn/metrics/_ranking.py:424: UndefinedMetricWarning: Only one class is present in y_true. ROC AUC score is not defined in that case.[32m [repeated 10x across cluster][0m
[36m(ClientAppActor pid=1124627)[0m   warnings.warn([32m [repeated 10x across cluster][0m
[36m(ClientAppActor pid=1124611)[0m /home/bax9142/federated-edge-learning/.venv/lib64/python3.13/site-packages/sklearn/metrics/_ranking.py:424: UndefinedMetricWarning: Only one class is present in y_true. ROC AUC score is not defined in that case.[32m [repeated 8x across cluster][0m
[36m(ClientAppActor pid=1124611)[0m   warnings.warn([32m [repeated 8x across cluster][0m
[92mINFO [0m:      aggregate_evaluate: received 1024 results and 0 failures

[36m(ClientAppActor pid=1124589)[0m [Client 69] Data split:[32m [repeated 242x across cluster][0m
[36m(ClientAppActor pid=1124589)[0m    Train:      174 samples (client-local)[32m [repeated 242x across cluster][0m
[36m(ClientAppActor pid=1124589)[0m    Validation: 24 samples (client-local)[32m [repeated 242x across cluster][0m
[36m(ClientAppActor pid=1124589)[0m    Test:       50737 samples (global, shared)[32m [repeated 242x across cluster][0m
[36m(ClientAppActor pid=1124583)[0m [Client 139] Data split:[32m [repeated 289x across cluster][0m
[36m(ClientAppActor pid=1124583)[0m    Train:      174 samples (client-local)[32m [repeated 289x across cluster][0m
[36m(ClientAppActor pid=1124583)[0m    Validation: 24 samples (client-local)[32m [repeated 289x across cluster][0m
[36m(ClientAppActor pid=1124583)[0m    Test:       50737 samples (global, shared)[32m [repeated 289x across cluster][0m
[36m(ClientAppActor pid=1124613)[0m [Client 364] Data split:[32m [repeated 291x across cluster][0m
[36m(ClientAppActor pid=1124613)[0m    Train:      174 samples (client-local)[32m [repeated 291x across cluster][0m
[36m(ClientAppActor pid=1124613)[0m    Validation: 24 samples (client-local)[32m [repeated 291x across cluster][0m
[36m(ClientAppActor pid=1124613)[0m    Test:       50737 samples (global, shared)[32m [repeated 291x across cluster][0m
[36m(ClientAppActor pid=1124598)[0m [Client 132] Data split:[32m [repeated 282x across cluster][0m
[36m(ClientAppActor pid=1124598)[0m    Train:      174 samples (client-local)[32m [repeated 282x across cluster][0m
[36m(ClientAppActor pid=1124598)[0m    Validation: 24 samples (client-local)[32m [repeated 282x across cluster][0m
[36m(ClientAppActor pid=1124598)[0m    Test:       50737 samples (global, shared)[32m [repeated 282x across cluster][0m

🎯 Multi-Threshold Aggregation:
   ═══════════════════════════════════════════════
   Evaluated 10 thresholds:
     • Thr=0.30: Recall=0.930, Spec=0.410, F1=0.334
     • Thr=0.35: Recall=0.908, Spec=0.472, F1=0.351
     • Thr=0.40: Recall=0.879, Spec=0.528, F1=0.367
   ...

   BEST Threshold: 0.50
     • Recall:      0.811
     • Specificity: 0.632
     • F1-Score:    0.397
     • Score:       0.690
   ═══════════════════════════════════════════════

⚠️  No rounds meet spec≥0.7, using recall filter only
 3 Pareto-optimal rounds (not dominated in recall & spec)

🎯 SELECTED ROUND 45:
   Recall:     0.811
   Specificity: 0.632
   F1-Score:    0.397
   Stability:   1.000
   Alerts/1000: 430.0
   Composite:   0.693


✅ Round 45 is NEW BEST - Saving checkpoint...
   💾 Checkpoint saved: result/splits_iid_scaling/splits_iid_1024_clients.json/multi_thr/model_round_45.pt
⚠️  No rounds meet spec≥0.7, using recall filter only
 3 Pareto-optimal rounds (not dominated in recall & spec)

🎯 SELECTED ROUND 45:
   Recall:     0.811
   Specificity: 0.632
   F1-Score:    0.397
   Stability:   1.000
   Alerts/1000: 430.0
   Composite:   0.693

   💾 Best model saved: result/splits_iid_scaling/splits_iid_1024_clients.json/multi_thr/model_round_45.pt
   📊 Metrics saved: result/splits_iid_scaling/splits_iid_1024_clients.json/multi_thr/run_1.json
[36m(ClientAppActor pid=1124598)[0m [Client 994] Data split:[32m [repeated 267x across cluster][0m
[36m(ClientAppActor pid=1124598)[0m    Train:      173 samples (client-local)[32m [repeated 267x across cluster][0m
[36m(ClientAppActor pid=1124598)[0m    Validation: 24 samples (client-local)[32m [repeated 267x across cluster][0m
[36m(ClientAppActor pid=1124598)[0m    Test:       50737 samples (global, shared)[32m [repeated 267x across cluster][0m
[36m(ClientAppActor pid=1124612)[0m [Client 710] Data split:[32m [repeated 279x across cluster][0m
[36m(ClientAppActor pid=1124612)[0m    Train:      173 samples (client-local)[32m [repeated 279x across cluster][0m
[36m(ClientAppActor pid=1124612)[0m    Validation: 24 samples (client-local)[32m [repeated 279x across cluster][0m
[36m(ClientAppActor pid=1124612)[0m    Test:       50737 samples (global, shared)[32m [repeated 279x across cluster][0m
[36m(ClientAppActor pid=1124583)[0m [Client 292] Data split:[32m [repeated 290x across cluster][0m
[36m(ClientAppActor pid=1124583)[0m    Train:      174 samples (client-local)[32m [repeated 290x across cluster][0m
[36m(ClientAppActor pid=1124583)[0m    Validation: 24 samples (client-local)[32m [repeated 290x across cluster][0m
[36m(ClientAppActor pid=1124583)[0m    Test:       50737 samples (global, shared)[32m [repeated 290x across cluster][0m
[36m(ClientAppActor pid=1124612)[0m [Client 219] Data split:[32m [repeated 241x across cluster][0m
[36m(ClientAppActor pid=1124612)[0m    Train:      174 samples (client-local)[32m [repeated 241x across cluster][0m
[36m(ClientAppActor pid=1124612)[0m    Validation: 24 samples (client-local)[32m [repeated 241x across cluster][0m
[36m(ClientAppActor pid=1124612)[0m    Test:       50737 samples (global, shared)[32m [repeated 241x across cluster][0m
[36m(ClientAppActor pid=1124647)[0m [Client 886] Data split:[32m [repeated 288x across cluster][0m
[36m(ClientAppActor pid=1124647)[0m    Train:      173 samples (client-local)[32m [repeated 288x across cluster][0m
[36m(ClientAppActor pid=1124647)[0m    Validation: 24 samples (client-local)[32m [repeated 288x across cluster][0m
[36m(ClientAppActor pid=1124647)[0m    Test:       50737 samples (global, shared)[32m [repeated 288x across cluster][0m
[36m(ClientAppActor pid=1124589)[0m [Client 253] Data split:[32m [repeated 282x across cluster][0m
[36m(ClientAppActor pid=1124589)[0m    Train:      174 samples (client-local)[32m [repeated 282x across cluster][0m
[36m(ClientAppActor pid=1124589)[0m    Validation: 24 samples (client-local)[32m [repeated 282x across cluster][0m
[36m(ClientAppActor pid=1124589)[0m    Test:       50737 samples (global, shared)[32m [repeated 282x across cluster][0m
[36m(ClientAppActor pid=1124618)[0m [Client 256] Data split:[32m [repeated 280x across cluster][0m
[36m(ClientAppActor pid=1124618)[0m    Train:      174 samples (client-local)[32m [repeated 280x across cluster][0m
[36m(ClientAppActor pid=1124618)[0m    Validation: 24 samples (client-local)[32m [repeated 280x across cluster][0m
[36m(ClientAppActor pid=1124618)[0m    Test:       50737 samples (global, shared)[32m [repeated 280x across cluster][0m

🎯 Multi-Threshold Aggregation:
   ═══════════════════════════════════════════════
   Evaluated 10 thresholds:
     • Thr=0.30: Recall=0.931, Spec=0.411, F1=0.334
     • Thr=0.35: Recall=0.908, Spec=0.472, F1=0.351
     • Thr=0.40: Recall=0.880, Spec=0.528, F1=0.367
   ...

   BEST Threshold: 0.50
     • Recall:      0.812
     • Specificity: 0.631
     • F1-Score:    0.397
     • Score:       0.690
   ═══════════════════════════════════════════════

⚠️  No rounds meet spec≥0.7, using recall filter only
 4 Pareto-optimal rounds (not dominated in recall & spec)

🎯 SELECTED ROUND 46:
   Recall:     0.812
   Specificity: 0.631
   F1-Score:    0.397
   Stability:   1.000
   Alerts/1000: 430.6
   Composite:   0.694


✅ Round 46 is NEW BEST - Saving checkpoint...
   💾 Checkpoint saved: result/splits_iid_scaling/splits_iid_1024_clients.json/multi_thr/model_round_46.pt
⚠️  No rounds meet spec≥0.7, using recall filter only
 4 Pareto-optimal rounds (not dominated in recall & spec)

🎯 SELECTED ROUND 46:
   Recall:     0.812
   Specificity: 0.631
   F1-Score:    0.397
   Stability:   1.000
   Alerts/1000: 430.6
   Composite:   0.694

   💾 Best model saved: result/splits_iid_scaling/splits_iid_1024_clients.json/multi_thr/model_round_46.pt
   📊 Metrics saved: result/splits_iid_scaling/splits_iid_1024_clients.json/multi_thr/run_1.json[92mINFO [0m:      
[92mINFO [0m:      [ROUND 47]
[92mINFO [0m:      configure_fit: strategy sampled 819 clients (out of 1024)
[92mINFO [0m:      aggregate_fit: received 819 results and 0 failures
[92mINFO [0m:      configure_evaluate: strategy sampled 1024 clients (out of 1024)
[36m(ClientAppActor pid=1124645)[0m /home/bax9142/federated-edge-learning/.venv/lib64/python3.13/site-packages/sklearn/metrics/_ranking.py:424: UndefinedMetricWarning: Only one class is present in y_true. ROC AUC score is not defined in that case.[32m [repeated 3x across cluster][0m
[36m(ClientAppActor pid=1124645)[0m   warnings.warn([32m [repeated 3x across cluster][0m
[36m(ClientAppActor pid=1124617)[0m /home/bax9142/federated-edge-learning/.venv/lib64/python3.13/site-packages/sklearn/metrics/_ranking.py:424: UndefinedMetricWarning: Only one class is present in y_true. ROC AUC score is not defined in that case.[32m [repeated 10x across cluster][0m
[36m(ClientAppActor pid=1124617)[0m   warnings.warn([32m [repeated 10x across cluster][0m
[36m(ClientAppActor pid=1124617)[0m /home/bax9142/federated-edge-learning/.venv/lib64/python3.13/site-packages/sklearn/metrics/_ranking.py:424: UndefinedMetricWarning: Only one class is present in y_true. ROC AUC score is not defined in that case.[32m [repeated 7x across cluster][0m
[36m(ClientAppActor pid=1124617)[0m   warnings.warn([32m [repeated 7x across cluster][0m
[36m(ClientAppActor pid=1124605)[0m /home/bax9142/federated-edge-learning/.venv/lib64/python3.13/site-packages/sklearn/metrics/_ranking.py:424: UndefinedMetricWarning: Only one class is present in y_true. ROC AUC score is not defined in that case.[32m [repeated 12x across cluster][0m
[36m(ClientAppActor pid=1124605)[0m   warnings.warn([32m [repeated 12x across cluster][0m
[92mINFO [0m:      aggregate_evaluate: received 1024 results and 0 failures
[92mINFO [0m:      
[92mINFO [0m:      [ROUND 48]
[92mINFO [0m:      configure_fit: strategy sampled 819 clients (out of 1024)
[92mINFO [0m:      aggregate_fit: received 819 results and 0 failures
[92mINFO [0m:      configure_evaluate: strategy sampled 1024 clients (out of 1024)
[36m(ClientAppActor pid=1124615)[0m /home/bax9142/federated-edge-learning/.venv/lib64/python3.13/site-packages/sklearn/metrics/_ranking.py:424: UndefinedMetricWarning: Only one class is present in y_true. ROC AUC score is not defined in that case.[32m [repeated 2x across cluster][0m
[36m(ClientAppActor pid=1124615)[0m   warnings.warn([32m [repeated 2x across cluster][0m
[36m(ClientAppActor pid=1124609)[0m /home/bax9142/federated-edge-learning/.venv/lib64/python3.13/site-packages/sklearn/metrics/_ranking.py:424: UndefinedMetricWarning: Only one class is present in y_true. ROC AUC score is not defined in that case.[32m [repeated 12x across cluster][0m
[36m(ClientAppActor pid=1124609)[0m   warnings.warn([32m [repeated 12x across cluster][0m
[36m(ClientAppActor pid=1124612)[0m /home/bax9142/federated-edge-learning/.venv/lib64/python3.13/site-packages/sklearn/metrics/_ranking.py:424: UndefinedMetricWarning: Only one class is present in y_true. ROC AUC score is not defined in that case.[32m [repeated 6x across cluster][0m
[36m(ClientAppActor pid=1124612)[0m   warnings.warn([32m [repeated 6x across cluster][0m
[36m(ClientAppActor pid=1124637)[0m /home/bax9142/federated-edge-learning/.venv/lib64/python3.13/site-packages/sklearn/metrics/_ranking.py:424: UndefinedMetricWarning: Only one class is present in y_true. ROC AUC score is not defined in that case.[32m [repeated 12x across cluster][0m
[36m(ClientAppActor pid=1124637)[0m   warnings.warn([32m [repeated 12x across cluster][0m
[92mINFO [0m:      aggregate_evaluate: received 1024 results and 0 failures

[36m(ClientAppActor pid=1124612)[0m [Client 784] Data split:[32m [repeated 264x across cluster][0m
[36m(ClientAppActor pid=1124612)[0m    Train:      173 samples (client-local)[32m [repeated 264x across cluster][0m
[36m(ClientAppActor pid=1124612)[0m    Validation: 24 samples (client-local)[32m [repeated 264x across cluster][0m
[36m(ClientAppActor pid=1124612)[0m    Test:       50737 samples (global, shared)[32m [repeated 264x across cluster][0m
[36m(ClientAppActor pid=1124589)[0m [Client 59] Data split:[32m [repeated 275x across cluster][0m
[36m(ClientAppActor pid=1124589)[0m    Train:      174 samples (client-local)[32m [repeated 275x across cluster][0m
[36m(ClientAppActor pid=1124589)[0m    Validation: 24 samples (client-local)[32m [repeated 275x across cluster][0m
[36m(ClientAppActor pid=1124589)[0m    Test:       50737 samples (global, shared)[32m [repeated 275x across cluster][0m
[36m(ClientAppActor pid=1124598)[0m [Client 6] Data split:[32m [repeated 281x across cluster][0m
[36m(ClientAppActor pid=1124598)[0m    Train:      174 samples (client-local)[32m [repeated 281x across cluster][0m
[36m(ClientAppActor pid=1124598)[0m    Validation: 24 samples (client-local)[32m [repeated 281x across cluster][0m
[36m(ClientAppActor pid=1124598)[0m    Test:       50737 samples (global, shared)[32m [repeated 281x across cluster][0m
[36m(ClientAppActor pid=1124589)[0m [Client 522] Data split:[32m [repeated 243x across cluster][0m
[36m(ClientAppActor pid=1124589)[0m    Train:      173 samples (client-local)[32m [repeated 243x across cluster][0m
[36m(ClientAppActor pid=1124589)[0m    Validation: 24 samples (client-local)[32m [repeated 243x across cluster][0m
[36m(ClientAppActor pid=1124589)[0m    Test:       50737 samples (global, shared)[32m [repeated 243x across cluster][0m
[36m(ClientAppActor pid=1124615)[0m [Client 46] Data split:[32m [repeated 290x across cluster][0m
[36m(ClientAppActor pid=1124615)[0m    Train:      174 samples (client-local)[32m [repeated 290x across cluster][0m
[36m(ClientAppActor pid=1124615)[0m    Validation: 24 samples (client-local)[32m [repeated 290x across cluster][0m
[36m(ClientAppActor pid=1124615)[0m    Test:       50737 samples (global, shared)[32m [repeated 290x across cluster][0m
[36m(ClientAppActor pid=1124625)[0m [Client 655] Data split:[32m [repeated 279x across cluster][0m
[36m(ClientAppActor pid=1124625)[0m    Train:      173 samples (client-local)[32m [repeated 279x across cluster][0m
[36m(ClientAppActor pid=1124625)[0m    Validation: 24 samples (client-local)[32m [repeated 279x across cluster][0m
[36m(ClientAppActor pid=1124625)[0m    Test:       50737 samples (global, shared)[32m [repeated 279x across cluster][0m
[36m(ClientAppActor pid=1124598)[0m [Client 230] Data split:[32m [repeated 278x across cluster][0m
[36m(ClientAppActor pid=1124598)[0m    Train:      174 samples (client-local)[32m [repeated 278x across cluster][0m
[36m(ClientAppActor pid=1124598)[0m    Validation: 24 samples (client-local)[32m [repeated 278x across cluster][0m
[36m(ClientAppActor pid=1124598)[0m    Test:       50737 samples (global, shared)[32m [repeated 278x across cluster][0m

🎯 Multi-Threshold Aggregation:
   ═══════════════════════════════════════════════
   Evaluated 10 thresholds:
     • Thr=0.30: Recall=0.931, Spec=0.412, F1=0.335
     • Thr=0.35: Recall=0.908, Spec=0.473, F1=0.352
     • Thr=0.40: Recall=0.880, Spec=0.529, F1=0.368
   ...

   BEST Threshold: 0.50
     • Recall:      0.813
     • Specificity: 0.631
     • F1-Score:    0.397
     • Score:       0.691
   ═══════════════════════════════════════════════

⚠️  No rounds meet spec≥0.7, using recall filter only
 5 Pareto-optimal rounds (not dominated in recall & spec)

🎯 SELECTED ROUND 47:
   Recall:     0.813
   Specificity: 0.631
   F1-Score:    0.397
   Stability:   1.000
   Alerts/1000: 430.9
   Composite:   0.694


✅ Round 47 is NEW BEST - Saving checkpoint...
   💾 Checkpoint saved: result/splits_iid_scaling/splits_iid_1024_clients.json/multi_thr/model_round_47.pt
⚠️  No rounds meet spec≥0.7, using recall filter only
 5 Pareto-optimal rounds (not dominated in recall & spec)

🎯 SELECTED ROUND 47:
   Recall:     0.813
   Specificity: 0.631
   F1-Score:    0.397
   Stability:   1.000
   Alerts/1000: 430.9
   Composite:   0.694

   💾 Best model saved: result/splits_iid_scaling/splits_iid_1024_clients.json/multi_thr/model_round_47.pt
   📊 Metrics saved: result/splits_iid_scaling/splits_iid_1024_clients.json/multi_thr/run_1.json
[36m(ClientAppActor pid=1124598)[0m [Client 793] Data split:[32m [repeated 253x across cluster][0m
[36m(ClientAppActor pid=1124598)[0m    Train:      173 samples (client-local)[32m [repeated 253x across cluster][0m
[36m(ClientAppActor pid=1124598)[0m    Validation: 24 samples (client-local)[32m [repeated 253x across cluster][0m
[36m(ClientAppActor pid=1124598)[0m    Test:       50737 samples (global, shared)[32m [repeated 253x across cluster][0m
[36m(ClientAppActor pid=1124605)[0m [Client 625] Data split:[32m [repeated 281x across cluster][0m
[36m(ClientAppActor pid=1124605)[0m    Train:      173 samples (client-local)[32m [repeated 281x across cluster][0m
[36m(ClientAppActor pid=1124605)[0m    Validation: 24 samples (client-local)[32m [repeated 281x across cluster][0m
[36m(ClientAppActor pid=1124605)[0m    Test:       50737 samples (global, shared)[32m [repeated 281x across cluster][0m
[36m(ClientAppActor pid=1124597)[0m [Client 322] Data split:[32m [repeated 278x across cluster][0m
[36m(ClientAppActor pid=1124597)[0m    Train:      174 samples (client-local)[32m [repeated 278x across cluster][0m
[36m(ClientAppActor pid=1124597)[0m    Validation: 24 samples (client-local)[32m [repeated 278x across cluster][0m
[36m(ClientAppActor pid=1124597)[0m    Test:       50737 samples (global, shared)[32m [repeated 278x across cluster][0m
[36m(ClientAppActor pid=1124598)[0m [Client 675] Data split:[32m [repeated 247x across cluster][0m
[36m(ClientAppActor pid=1124598)[0m    Train:      173 samples (client-local)[32m [repeated 247x across cluster][0m
[36m(ClientAppActor pid=1124598)[0m    Validation: 24 samples (client-local)[32m [repeated 247x across cluster][0m
[36m(ClientAppActor pid=1124598)[0m    Test:       50737 samples (global, shared)[32m [repeated 247x across cluster][0m
[36m(ClientAppActor pid=1124597)[0m [Client 588] Data split:[32m [repeated 287x across cluster][0m
[36m(ClientAppActor pid=1124597)[0m    Train:      173 samples (client-local)[32m [repeated 287x across cluster][0m
[36m(ClientAppActor pid=1124597)[0m    Validation: 24 samples (client-local)[32m [repeated 287x across cluster][0m
[36m(ClientAppActor pid=1124597)[0m    Test:       50737 samples (global, shared)[32m [repeated 287x across cluster][0m
[36m(ClientAppActor pid=1124646)[0m [Client 974] Data split:[32m [repeated 286x across cluster][0m
[36m(ClientAppActor pid=1124646)[0m    Train:      173 samples (client-local)[32m [repeated 286x across cluster][0m
[36m(ClientAppActor pid=1124646)[0m    Validation: 24 samples (client-local)[32m [repeated 286x across cluster][0m
[36m(ClientAppActor pid=1124646)[0m    Test:       50737 samples (global, shared)[32m [repeated 286x across cluster][0m

🎯 Multi-Threshold Aggregation:
   ═══════════════════════════════════════════════
   Evaluated 10 thresholds:
     • Thr=0.30: Recall=0.931, Spec=0.413, F1=0.335
     • Thr=0.35: Recall=0.909, Spec=0.473, F1=0.352
     • Thr=0.40: Recall=0.881, Spec=0.529, F1=0.368
   ...

   BEST Threshold: 0.50
     • Recall:      0.815
     • Specificity: 0.630
     • F1-Score:    0.398
     • Score:       0.691
   ═══════════════════════════════════════════════
[92mINFO [0m:      
[92mINFO [0m:      [ROUND 49]
[92mINFO [0m:      configure_fit: strategy sampled 819 clients (out of 1024)
[92mINFO [0m:      aggregate_fit: received 819 results and 0 failures
[92mINFO [0m:      configure_evaluate: strategy sampled 1024 clients (out of 1024)
[36m(ClientAppActor pid=1124648)[0m /home/bax9142/federated-edge-learning/.venv/lib64/python3.13/site-packages/sklearn/metrics/_ranking.py:424: UndefinedMetricWarning: Only one class is present in y_true. ROC AUC score is not defined in that case.
[36m(ClientAppActor pid=1124648)[0m   warnings.warn(
[36m(ClientAppActor pid=1124617)[0m /home/bax9142/federated-edge-learning/.venv/lib64/python3.13/site-packages/sklearn/metrics/_ranking.py:424: UndefinedMetricWarning: Only one class is present in y_true. ROC AUC score is not defined in that case.
[36m(ClientAppActor pid=1124617)[0m   warnings.warn(
[36m(ClientAppActor pid=1124649)[0m /home/bax9142/federated-edge-learning/.venv/lib64/python3.13/site-packages/sklearn/metrics/_ranking.py:424: UndefinedMetricWarning: Only one class is present in y_true. ROC AUC score is not defined in that case.[32m [repeated 8x across cluster][0m
[36m(ClientAppActor pid=1124649)[0m   warnings.warn([32m [repeated 8x across cluster][0m
[36m(ClientAppActor pid=1124620)[0m /home/bax9142/federated-edge-learning/.venv/lib64/python3.13/site-packages/sklearn/metrics/_ranking.py:424: UndefinedMetricWarning: Only one class is present in y_true. ROC AUC score is not defined in that case.[32m [repeated 6x across cluster][0m
[36m(ClientAppActor pid=1124620)[0m   warnings.warn([32m [repeated 6x across cluster][0m
[36m(ClientAppActor pid=1124625)[0m /home/bax9142/federated-edge-learning/.venv/lib64/python3.13/site-packages/sklearn/metrics/_ranking.py:424: UndefinedMetricWarning: Only one class is present in y_true. ROC AUC score is not defined in that case.[32m [repeated 11x across cluster][0m
[36m(ClientAppActor pid=1124625)[0m   warnings.warn([32m [repeated 11x across cluster][0m
[92mINFO [0m:      aggregate_evaluate: received 1024 results and 0 failures
[92mINFO [0m:      
[92mINFO [0m:      [ROUND 50]
[92mINFO [0m:      configure_fit: strategy sampled 819 clients (out of 1024)
[92mINFO [0m:      aggregate_fit: received 819 results and 0 failures
[92mINFO [0m:      configure_evaluate: strategy sampled 1024 clients (out of 1024)
[36m(ClientAppActor pid=1124608)[0m /home/bax9142/federated-edge-learning/.venv/lib64/python3.13/site-packages/sklearn/metrics/_ranking.py:424: UndefinedMetricWarning: Only one class is present in y_true. ROC AUC score is not defined in that case.[32m [repeated 5x across cluster][0m
[36m(ClientAppActor pid=1124608)[0m   warnings.warn([32m [repeated 5x across cluster][0m
[36m(ClientAppActor pid=1124616)[0m /home/bax9142/federated-edge-learning/.venv/lib64/python3.13/site-packages/sklearn/metrics/_ranking.py:424: UndefinedMetricWarning: Only one class is present in y_true. ROC AUC score is not defined in that case.[32m [repeated 12x across cluster][0m
[36m(ClientAppActor pid=1124616)[0m   warnings.warn([32m [repeated 12x across cluster][0m

⚠️  No rounds meet spec≥0.7, using recall filter only
 6 Pareto-optimal rounds (not dominated in recall & spec)

🎯 SELECTED ROUND 48:
   Recall:     0.815
   Specificity: 0.630
   F1-Score:    0.398
   Stability:   1.000
   Alerts/1000: 431.9
   Composite:   0.695


✅ Round 48 is NEW BEST - Saving checkpoint...
   💾 Checkpoint saved: result/splits_iid_scaling/splits_iid_1024_clients.json/multi_thr/model_round_48.pt
⚠️  No rounds meet spec≥0.7, using recall filter only
 6 Pareto-optimal rounds (not dominated in recall & spec)

🎯 SELECTED ROUND 48:
   Recall:     0.815
   Specificity: 0.630
   F1-Score:    0.398
   Stability:   1.000
   Alerts/1000: 431.9
   Composite:   0.695

   💾 Best model saved: result/splits_iid_scaling/splits_iid_1024_clients.json/multi_thr/model_round_48.pt
   📊 Metrics saved: result/splits_iid_scaling/splits_iid_1024_clients.json/multi_thr/run_1.json
[36m(ClientAppActor pid=1124583)[0m [Client 452] Data split:[32m [repeated 254x across cluster][0m
[36m(ClientAppActor pid=1124583)[0m    Train:      173 samples (client-local)[32m [repeated 254x across cluster][0m
[36m(ClientAppActor pid=1124583)[0m    Validation: 24 samples (client-local)[32m [repeated 254x across cluster][0m
[36m(ClientAppActor pid=1124583)[0m    Test:       50737 samples (global, shared)[32m [repeated 254x across cluster][0m
[36m(ClientAppActor pid=1124597)[0m [Client 336] Data split:[32m [repeated 284x across cluster][0m
[36m(ClientAppActor pid=1124597)[0m    Train:      174 samples (client-local)[32m [repeated 284x across cluster][0m
[36m(ClientAppActor pid=1124597)[0m    Validation: 24 samples (client-local)[32m [repeated 284x across cluster][0m
[36m(ClientAppActor pid=1124597)[0m    Test:       50737 samples (global, shared)[32m [repeated 284x across cluster][0m
[36m(ClientAppActor pid=1124615)[0m [Client 34] Data split:[32m [repeated 276x across cluster][0m
[36m(ClientAppActor pid=1124615)[0m    Train:      174 samples (client-local)[32m [repeated 276x across cluster][0m
[36m(ClientAppActor pid=1124615)[0m    Validation: 24 samples (client-local)[32m [repeated 276x across cluster][0m
[36m(ClientAppActor pid=1124615)[0m    Test:       50737 samples (global, shared)[32m [repeated 276x across cluster][0m
[36m(ClientAppActor pid=1124614)[0m [Client 987] Data split:[32m [repeated 258x across cluster][0m
[36m(ClientAppActor pid=1124614)[0m    Train:      173 samples (client-local)[32m [repeated 258x across cluster][0m
[36m(ClientAppActor pid=1124614)[0m    Validation: 24 samples (client-local)[32m [repeated 258x across cluster][0m
[36m(ClientAppActor pid=1124614)[0m    Test:       50737 samples (global, shared)[32m [repeated 258x across cluster][0m
[36m(ClientAppActor pid=1124589)[0m [Client 397] Data split:[32m [repeated 278x across cluster][0m
[36m(ClientAppActor pid=1124589)[0m    Train:      174 samples (client-local)[32m [repeated 278x across cluster][0m
[36m(ClientAppActor pid=1124589)[0m    Validation: 24 samples (client-local)[32m [repeated 278x across cluster][0m
[36m(ClientAppActor pid=1124589)[0m    Test:       50737 samples (global, shared)[32m [repeated 278x across cluster][0m
[36m(ClientAppActor pid=1124589)[0m [Client 410] Data split:[32m [repeated 293x across cluster][0m
[36m(ClientAppActor pid=1124589)[0m    Train:      174 samples (client-local)[32m [repeated 293x across cluster][0m
[36m(ClientAppActor pid=1124589)[0m    Validation: 24 samples (client-local)[32m [repeated 293x across cluster][0m
[36m(ClientAppActor pid=1124589)[0m    Test:       50737 samples (global, shared)[32m [repeated 293x across cluster][0m
[36m(ClientAppActor pid=1124612)[0m [Client 993] Data split:[32m [repeated 279x across cluster][0m
[36m(ClientAppActor pid=1124612)[0m    Train:      173 samples (client-local)[32m [repeated 279x across cluster][0m
[36m(ClientAppActor pid=1124612)[0m    Validation: 24 samples (client-local)[32m [repeated 279x across cluster][0m
[36m(ClientAppActor pid=1124612)[0m    Test:       50737 samples (global, shared)[32m [repeated 279x across cluster][0m

🎯 Multi-Threshold Aggregation:
   ═══════════════════════════════════════════════
   Evaluated 10 thresholds:
     • Thr=0.30: Recall=0.931, Spec=0.415, F1=0.336
     • Thr=0.35: Recall=0.909, Spec=0.475, F1=0.353
     • Thr=0.40: Recall=0.881, Spec=0.531, F1=0.369
   ...

   BEST Threshold: 0.50
     • Recall:      0.815
     • Specificity: 0.632
     • F1-Score:    0.398
     • Score:       0.692
   ═══════════════════════════════════════════════

⚠️  No rounds meet spec≥0.7, using recall filter only
 5 Pareto-optimal rounds (not dominated in recall & spec)

🎯 SELECTED ROUND 49:
   Recall:     0.815
   Specificity: 0.632
   F1-Score:    0.398
   Stability:   1.000
   Alerts/1000: 430.7
   Composite:   0.695


✅ Round 49 is NEW BEST - Saving checkpoint...
   💾 Checkpoint saved: result/splits_iid_scaling/splits_iid_1024_clients.json/multi_thr/model_round_49.pt
⚠️  No rounds meet spec≥0.7, using recall filter only
 5 Pareto-optimal rounds (not dominated in recall & spec)

🎯 SELECTED ROUND 49:
   Recall:     0.815
   Specificity: 0.632
   F1-Score:    0.398
   Stability:   1.000
   Alerts/1000: 430.7
   Composite:   0.695

   💾 Best model saved: result/splits_iid_scaling/splits_iid_1024_clients.json/multi_thr/model_round_49.pt
   📊 Metrics saved: result/splits_iid_scaling/splits_iid_1024_clients.json/multi_thr/run_1.json
[36m(ClientAppActor pid=1124619)[0m [Client 297] Data split:[32m [repeated 261x across cluster][0m
[36m(ClientAppActor pid=1124619)[0m    Train:      174 samples (client-local)[32m [repeated 261x across cluster][0m
[36m(ClientAppActor pid=1124619)[0m    Validation: 24 samples (client-local)[32m [repeated 261x across cluster][0m
[36m(ClientAppActor pid=1124619)[0m    Test:       50737 samples (global, shared)[32m [repeated 261x across cluster][0m
[36m(ClientAppActor pid=1124589)[0m [Client 916] Data split:[32m [repeated 285x across cluster][0m
[36m(ClientAppActor pid=1124589)[0m    Train:      173 samples (client-local)[32m [repeated 285x across cluster][0m
[36m(ClientAppActor pid=1124589)[0m    Validation: 24 samples (client-local)[32m [repeated 285x across cluster][0m
[36m(ClientAppActor pid=1124589)[0m    Test:       50737 samples (global, shared)[32m [repeated 285x across cluster][0m
[36m(ClientAppActor pid=1124589)[0m [Client 407] Data split:[32m [repeated 291x across cluster][0m
[36m(ClientAppActor pid=1124589)[0m    Train:      174 samples (client-local)[32m [repeated 291x across cluster][0m
[36m(ClientAppActor pid=1124589)[0m    Validation: 24 samples (client-local)[32m [repeated 291x across cluster][0m
[36m(ClientAppActor pid=1124589)[0m    Test:       50737 samples (global, shared)[32m [repeated 291x across cluster][0m
[36m(ClientAppActor pid=1124597)[0m [Client 555] Data split:[32m [repeated 251x across cluster][0m
[36m(ClientAppActor pid=1124597)[0m    Train:      173 samples (client-local)[32m [repeated 251x across cluster][0m
[36m(ClientAppActor pid=1124597)[0m    Validation: 24 samples (client-local)[32m [repeated 251x across cluster][0m
[36m(ClientAppActor pid=1124597)[0m    Test:       50737 samples (global, shared)[32m [repeated 251x across cluster][0m
[36m(ClientAppActor pid=1124601)[0m [Client 804] Data split:[32m [repeated 283x across cluster][0m
[36m(ClientAppActor pid=1124601)[0m    Train:      173 samples (client-local)[32m [repeated 283x across cluster][0m
[36m(ClientAppActor pid=1124601)[0m    Validation: 24 samples (client-local)[32m [repeated 283x across cluster][0m
[36m(ClientAppActor pid=1124601)[0m    Test:       50737 samples (global, shared)[32m [repeated 283x across cluster][0m
[36m(ClientAppActor pid=1124597)[0m [Client 604] Data split:[32m [repeated 282x across cluster][0m
[36m(ClientAppActor pid=1124597)[0m    Train:      173 samples (client-local)[32m [repeated 282x across cluster][0m[36m(ClientAppActor pid=1124617)[0m /home/bax9142/federated-edge-learning/.venv/lib64/python3.13/site-packages/sklearn/metrics/_ranking.py:424: UndefinedMetricWarning: Only one class is present in y_true. ROC AUC score is not defined in that case.[32m [repeated 6x across cluster][0m
[36m(ClientAppActor pid=1124617)[0m   warnings.warn([32m [repeated 6x across cluster][0m
[92mINFO [0m:      aggregate_evaluate: received 1024 results and 0 failures
[92mINFO [0m:      
[92mINFO [0m:      [SUMMARY]
[92mINFO [0m:      Run finished 50 round(s) in 1717.65s
[92mINFO [0m:      	History (loss, distributed):
[92mINFO [0m:      		round 1: 0.8155582091553435
[92mINFO [0m:      		round 2: 0.7504542306728147
[92mINFO [0m:      		round 3: 0.7272861088179369
[92mINFO [0m:      		round 4: 0.7075053993665393
[92mINFO [0m:      		round 5: 0.6907954024558036
[92mINFO [0m:      		round 6: 0.6765315768678118
[92mINFO [0m:      		round 7: 0.664401057089063
[92mINFO [0m:      		round 8: 0.6536480713646257
[92mINFO [0m:      		round 9: 0.6442795928458391
[92mINFO [0m:      		round 10: 0.6360324660391884
[92mINFO [0m:      		round 11: 0.6286493157765272
[92mINFO [0m:      		round 12: 0.6222008661267435
[92mINFO [0m:      		round 13: 0.616133415682088
[92mINFO [0m:      		round 14: 0.6109632083065913
[92mINFO [0m:      		round 15: 0.606244451895906
[92mINFO [0m:      		round 16: 0.601964952366016
[92mINFO [0m:      		round 17: 0.5980143311910169
[92mINFO [0m:      		round 18: 0.5943286963645985
[92mINFO [0m:      		round 19: 0.5910518252860857
[92mINFO [0m:      		round 20: 0.5880313802408292
[92mINFO [0m:      		round 21: 0.5852698465225938
[92mINFO [0m:      		round 22: 0.582640724099799
[92mINFO [0m:      		round 23: 0.5803109264757234
[92mINFO [0m:      		round 24: 0.5781166451712656
[92mINFO [0m:      		round 25: 0.576152428491226
[92mINFO [0m:      		round 26: 0.5742807533510924
[92mINFO [0m:      		round 27: 0.5724508713299977
[92mINFO [0m:      		round 28: 0.570706958717745
[92mINFO [0m:      		round 29: 0.5690846467988042
[92mINFO [0m:      		round 30: 0.5675291722691499
[92mINFO [0m:      		round 31: 0.5661199459684493
[92mINFO [0m:      		round 32: 0.5648284338506303
[92mINFO [0m:      		round 33: 0.5636508811050241
[92mINFO [0m:      		round 34: 0.5624099695524633
[92mINFO [0m:      		round 35: 0.5613127368288212
[92mINFO [0m:      		round 36: 0.5603237885738614
[92mINFO [0m:      		round 37: 0.559327818136116
[92mINFO [0m:      		round 38: 0.5582486676684842
[92mINFO [0m:      		round 39: 0.557439578261822
[92mINFO [0m:      		round 40: 0.5565617688444277
[92mINFO [0m:      		round 41: 0.5557512536630838
[92mINFO [0m:      		round 42: 0.5549812370183452
[92mINFO [0m:      		round 43: 0.5542514777848939
[92mINFO [0m:      		round 44: 0.553482563360863
[92mINFO [0m:      		round 45: 0.5528024593359362
[92mINFO [0m:      		round 46: 0.5521974997522703
[92mINFO [0m:      		round 47: 0.5515716027260503
[92mINFO [0m:      		round 48: 0.5510520794364565
[92mINFO [0m:      		round 49: 0.5503876908640875
[92mINFO [0m:      		round 50: 0.5497850855511094
[92mINFO [0m:      	History (metrics, distributed, fit):
[92mINFO [0m:      	{'fit_accuracy': [(1, 0.2441767124831005),
[92mINFO [0m:      	                  (2, 0.2981454361111893),
[92mINFO [0m:      	                  (3, 0.38373198329824465),
[92mINFO [0m:      	                  (4, 0.42493328733269026),
[92mINFO [0m:      	                  (5, 0.45799505699941556),
[92mINFO [0m:      	                  (6, 0.48380214750924133),
[92mINFO [0m:      	                  (7, 0.5058299184656331),
[92mINFO [0m:      	                  (8, 0.5223915278344998),
[92mINFO [0m:      	                  (9, 0.5364017855885542),
[92mINFO [0m:      	                  (10, 0.5505301547516792),
[92mINFO [0m:      	                  (11, 0.5615842281288506),
[92mINFO [0m:      	                  (12, 0.5721145721849829),
[92mINFO [0m:      	                  (13, 0.5789210578195849),
[92mINFO [0m:      	                  (14, 0.5877432618920213),
[92mINFO [0m:      	                  (15, 0.5934069802645938),
[92mINFO [0m:      	                  (16, 0.6005661134620937),
[92mINFO [0m:      	                  (17, 0.604026278544118),
[92mINFO [0m:      	                  (18, 0.6094919550751681),
[92mINFO [0m:      	                  (19, 0.6145310398727003),
[92mINFO [0m:      	                  (20, 0.6174610997676547),
[92mINFO [0m:      	                  (21, 0.6224688089672459),
[92mINFO [0m:      	                  (22, 0.6238610919435017),
[92mINFO [0m:      	                  (23, 0.6280618746875638),
[92mINFO [0m:      	                  (24, 0.6291990846681922),
[92mINFO [0m:      	                  (25, 0.63230189741965),
[92mINFO [0m:      	                  (26, 0.6334255719144082),
[92mINFO [0m:      	                  (27, 0.6354886858076235),
[92mINFO [0m:      	                  (28, 0.6365262209204078),
[92mINFO [0m:      	                  (29, 0.6391167503397385),
[92mINFO [0m:      	                  (30, 0.6417969300098577),
[92mINFO [0m:      	                  (31, 0.6432348695560328),
[92mINFO [0m:      	                  (32, 0.6447824250105619),
[92mINFO [0m:      	                  (33, 0.6457704087020805),
[92mINFO [0m:      	                  (34, 0.6458274657804315),
[92mINFO [0m:      	                  (35, 0.6479795526076763),
[92mINFO [0m:      	                  (36, 0.6489354211845552),
[92mINFO [0m:      	                  (37, 0.6497701044211771),
[92mINFO [0m:      	                  (38, 0.6509639894658273),
[92mINFO [0m:      	                  (39, 0.651333901300457),
[92mINFO [0m:      	                  (40, 0.6521809551978142),
[92mINFO [0m:      	                  (41, 0.6525899275510276),
[92mINFO [0m:      	                  (42, 0.6531217214355624),
[92mINFO [0m:      	                  (43, 0.6535493501189923),
[92mINFO [0m:      	                  (44, 0.6535487959442332),
[92mINFO [0m:      	                  (45, 0.6556215850842111),
[92mINFO [0m:      	                  (46, 0.656154506921268),
[92mINFO [0m:      	                  (47, 0.6544660775270218),
[92mINFO [0m:      	                  (48, 0.6551464323186232),
[92mINFO [0m:      	                  (49, 0.6557806459790025),
[92mINFO [0m:      	                  (50, 0.6562035726607662)],
[92mINFO [0m:      	 'fit_loss': [(1, 0.876756109895983),
[92mINFO [0m:      	              (2, 0.7859459691651722),
[92mINFO [0m:      	              (3, 0.7268999885744641),
[92mINFO [0m:      	              (4, 0.7066763816163133),
[92mINFO [0m:      	              (5, 0.6900043970856842),
[92mINFO [0m:      	              (6, 0.6728935530027901),
[92mINFO [0m:      	              (7, 0.6589745518918669),
[92mINFO [0m:      	              (8, 0.647396051167819),
[92mINFO [0m:      	              (9, 0.6387672366080319),
[92mINFO [0m:      	              (10, 0.6283578920957262),
[92mINFO [0m:      	              (11, 0.6208451159313896),
[92mINFO [0m:      	              (12, 0.6152649923822466),
[92mINFO [0m:      	              (13, 0.608270658914065),
[92mINFO [0m:      	              (14, 0.6046339789147421),
[92mINFO [0m:      	              (15, 0.5977701197270385),
[92mINFO [0m:      	              (16, 0.5939524229399918),
[92mINFO [0m:      	              (17, 0.5906006975077318),
[92mINFO [0m:      	              (18, 0.5855210939026742),
[92mINFO [0m:      	              (19, 0.5814797202147762),
[92mINFO [0m:      	              (20, 0.5801639512946116),
[92mINFO [0m:      	              (21, 0.5754181794035548),
[92mINFO [0m:      	              (22, 0.5751872210326541),
[92mINFO [0m:      	              (23, 0.571302952431878),
[92mINFO [0m:      	              (24, 0.5689048937350758),
[92mINFO [0m:      	              (25, 0.5665589259093979),
[92mINFO [0m:      	              (26, 0.5637146700574545),
[92mINFO [0m:      	              (27, 0.5622227539830034),
[92mINFO [0m:      	              (28, 0.5616112285907578),
[92mINFO [0m:      	              (29, 0.5581465578523842),
[92mINFO [0m:      	              (30, 0.5580203855109876),
[92mINFO [0m:      	              (31, 0.5556274156444438),
[92mINFO [0m:      	              (32, 0.5565719885551464),
[92mINFO [0m:      	              (33, 0.5529784389671363),
[92mINFO [0m:      	              (34, 0.5540491692052034),
[92mINFO [0m:      	              (35, 0.5505603325561035),
[92mINFO [0m:      	              (36, 0.5507020715947344),
[92mINFO [0m:      	              (37, 0.5483167685689571),
[92mINFO [0m:      	              (38, 0.5480192263025442),
[92mINFO [0m:      	              (39, 0.5481648682380028),
[92mINFO [0m:      	              (40, 0.5473240051653128),
[92mINFO [0m:      	              (41, 0.545519067129257),
[92mINFO [0m:      	              (42, 0.543810154967077),
[92mINFO [0m:      	              (43, 0.5470677426689023),
[92mINFO [0m:      	              (44, 0.5449147581048976),
[92mINFO [0m:      	              (45, 0.5426574408324367),
[92mINFO [0m:      	              (46, 0.5411575773670205),
[92mINFO [0m:      	              (47, 0.5430379306416366),
[92mINFO [0m:      	              (48, 0.5421050326870324),
[92mINFO [0m:      	              (49, 0.5400725077774672),
[92mINFO [0m:      	              (50, 0.5394431148105908)]}
[92mINFO [0m:      	History (metrics, distributed, evaluate):
[92mINFO [0m:      	{'alerts_per_1000': [(1, 954.6672973825292),
[92mINFO [0m:      	                     (2, 699.4244717754652),
[92mINFO [0m:      	                     (3, 655.5897193314412),
[92mINFO [0m:      	                     (4, 620.4273099968464),
[92mINFO [0m:      	                     (5, 597.0514033427941),
[92mINFO [0m:      	                     (6, 574.7792494481237),
[92mINFO [0m:      	                     (7, 558.3017975402081),
[92mINFO [0m:      	                     (8, 539.8139388205614),
[92mINFO [0m:      	                     (9, 527.1996215704825),
[92mINFO [0m:      	                     (10, 517.7388836329234),
[92mINFO [0m:      	                     (11, 505.7552822453485),
[92mINFO [0m:      	                     (12, 497.7924944812362),
[92mINFO [0m:      	                     (13, 489.43550930305895),
[92mINFO [0m:      	                     (14, 485.29643645537686),
[92mINFO [0m:      	                     (15, 479.89593188268685),
[92mINFO [0m:      	                     (16, 475.7174392935982),
[92mINFO [0m:      	                     (17, 471.93314411857455),
[92mINFO [0m:      	                     (18, 465.8625039419741),
[92mINFO [0m:      	                     (19, 462.4724061810154),
[92mINFO [0m:      	                     (20, 459.3188268684957),
[92mINFO [0m:      	                     (21, 457.26900031535797),
[92mINFO [0m:      	                     (22, 454.1154210028383),
[92mINFO [0m:      	                     (23, 452.89340901923686),
[92mINFO [0m:      	                     (24, 450.9618416903185),
[92mINFO [0m:      	                     (25, 449.34563229265217),
[92mINFO [0m:      	                     (26, 448.20245979186376),
[92mINFO [0m:      	                     (27, 446.38915168716494),
[92mINFO [0m:      	                     (28, 390.2554399243141),
[92mINFO [0m:      	                     (29, 388.67865026805424),
[92mINFO [0m:      	                     (30, 387.25953957742036),
[92mINFO [0m:      	                     (31, 386.8259224219489),
[92mINFO [0m:      	                     (32, 386.9047619047619),
[92mINFO [0m:      	                     (33, 436.77073478397983),
[92mINFO [0m:      	                     (34, 435.07568590350047),
[92mINFO [0m:      	                     (35, 434.99684642068746),
[92mINFO [0m:      	                     (36, 434.563229265216),
[92mINFO [0m:      	                     (37, 385.5250709555345),
[92mINFO [0m:      	                     (38, 384.02712078208765),
[92mINFO [0m:      	                     (39, 384.7760958688111),
[92mINFO [0m:      	                     (40, 384.38189845474614),
[92mINFO [0m:      	                     (41, 384.10596026490066),
[92mINFO [0m:      	                     (42, 431.01545253863134),
[92mINFO [0m:      	                     (43, 430.8971933144118),
[92mINFO [0m:      	                     (44, 430.3058971933144),
[92mINFO [0m:      	                     (45, 429.95111952065594),
[92mINFO [0m:      	                     (46, 430.58183538315984),
[92mINFO [0m:      	                     (47, 430.8577735730054),
[92mINFO [0m:      	                     (48, 431.88268684957427),
[92mINFO [0m:      	                     (49, 430.7000946073794),
[92mINFO [0m:      	                     (50, 430.1087984862819)],
[92mINFO [0m:      	 'auc': [(1, nan),
[92mINFO [0m:      	         (2, nan),
[92mINFO [0m:      	         (3, nan),
[92mINFO [0m:      	         (4, nan),
[92mINFO [0m:      	         (5, nan),
[92mINFO [0m:      	         (6, nan),
[92mINFO [0m:      	         (7, nan),
[92mINFO [0m:      	         (8, nan),
[92mINFO [0m:      	         (9, nan),
[92mINFO [0m:      	         (10, nan),
[92mINFO [0m:      	         (11, nan),
[92mINFO [0m:      	         (12, nan),
[92mINFO [0m:      	         (13, nan),
[92mINFO [0m:      	         (14, nan),
[92mINFO [0m:      	         (15, nan),
[92mINFO [0m:      	         (16, nan),
[92mINFO [0m:      	         (17, nan),
[92mINFO [0m:      	         (18, nan),
[92mINFO [0m:      	         (19, nan),
[92mINFO [0m:      	         (20, nan),
[92mINFO [0m:      	         (21, nan),
[92mINFO [0m:      	         (22, nan),
[92mINFO [0m:      	         (23, nan),
[92mINFO [0m:      	         (24, nan),
[92mINFO [0m:      	         (25, nan),
[92mINFO [0m:      	         (26, nan),
[92mINFO [0m:      	         (27, nan),
[92mINFO [0m:      	         (28, nan),
[92mINFO [0m:      	         (29, nan),
[92mINFO [0m:      	         (30, nan),
[92mINFO [0m:      	         (31, nan),
[92mINFO [0m:      	         (32, nan),
[92mINFO [0m:      	         (33, nan),
[92mINFO [0m:      	         (34, nan),
[92mINFO [0m:      	         (35, nan),
[92mINFO [0m:      	         (36, nan),
[92mINFO [0m:      	         (37, nan),
[92mINFO [0m:      	         (38, nan),
[92mINFO [0m:      	         (39, nan),
[92mINFO [0m:      	         (40, nan),
[92mINFO [0m:      	         (41, nan),
[92mINFO [0m:      	         (42, nan),
[92mINFO [0m:      	         (43, nan),
[92mINFO [0m:      	         (44, nan),
[92mINFO [0m:      	         (45, nan),
[92mINFO [0m:      	         (46, nan),
[92mINFO [0m:      	         (47, nan),
[92mINFO [0m:      	         (48, nan),
[92mINFO [0m:      	         (49, nan),
[92mINFO [0m:      	         (50, nan)],
[92mINFO [0m:      	 'balanced_accuracy': [(1, 0.490180637630474),
[92mINFO [0m:      	                       (2, 0.5395303593932883),
[92mINFO [0m:      	                       (3, 0.5651607408714123),
[92mINFO [0m:      	                       (4, 0.5846024706899765),
[92mINFO [0m:      	                       (5, 0.6014697072693574),
[92mINFO [0m:      	                       (6, 0.6144088361110192),
[92mINFO [0m:      	                       (7, 0.6267753464303514),
[92mINFO [0m:      	                       (8, 0.6363655616237207),
[92mINFO [0m:      	                       (9, 0.6441869492679126),
[92mINFO [0m:      	                       (10, 0.6496832163864946),
[92mINFO [0m:      	                       (11, 0.65631646707931),
[92mINFO [0m:      	                       (12, 0.6601207727606453),
[92mINFO [0m:      	                       (13, 0.6649758087153927),
[92mINFO [0m:      	                       (14, 0.6696812391814915),
[92mINFO [0m:      	                       (15, 0.6739690984625417),
[92mINFO [0m:      	                       (16, 0.6777113670694692),
[92mINFO [0m:      	                       (17, 0.6817176560325386),
[92mINFO [0m:      	                       (18, 0.6845870521188517),
[92mINFO [0m:      	                       (19, 0.6883643299519802),
[92mINFO [0m:      	                       (20, 0.6908537943062845),
[92mINFO [0m:      	                       (21, 0.6938524342976138),
[92mINFO [0m:      	                       (22, 0.6965062424806123),
[92mINFO [0m:      	                       (23, 0.697873552298206),
[92mINFO [0m:      	                       (24, 0.7004748012931646),
[92mINFO [0m:      	                       (25, 0.7022354660693936),
[92mINFO [0m:      	                       (26, 0.7040500051470818),
[92mINFO [0m:      	                       (27, 0.7062538631456696),
[92mINFO [0m:      	                       (28, 0.7096118465416825),
[92mINFO [0m:      	                       (29, 0.710363547232752),
[92mINFO [0m:      	                       (30, 0.7111879873005392),
[92mINFO [0m:      	                       (31, 0.7120972748582513),
[92mINFO [0m:      	                       (32, 0.7130375356044284),
[92mINFO [0m:      	                       (33, 0.7131564853457819),
[92mINFO [0m:      	                       (34, 0.7139768893758336),
[92mINFO [0m:      	                       (35, 0.7150087545739872),
[92mINFO [0m:      	                       (36, 0.7159180421316991),
[92mINFO [0m:      	                       (37, 0.7172902949618005),
[92mINFO [0m:      	                       (38, 0.7183248810842702),
[92mINFO [0m:      	                       (39, 0.7187114790808535),
[92mINFO [0m:      	                       (40, 0.7191048340394888),
[92mINFO [0m:      	                       (41, 0.7194294856591417),
[92mINFO [0m:      	                       (42, 0.7196225805881096),
[92mINFO [0m:      	                       (43, 0.7205130030705631),
[92mINFO [0m:      	                       (44, 0.7206921759367801),
[92mINFO [0m:      	                       (45, 0.7212269736111155),
[92mINFO [0m:      	                       (46, 0.721517931117987),
[92mINFO [0m:      	                       (47, 0.7220149986418053),
[92mINFO [0m:      	                       (48, 0.7227343203335128),
[92mINFO [0m:      	                       (49, 0.7232570098946413),
[92mINFO [0m:      	                       (50, 0.7234361827608584)],
[92mINFO [0m:      	 'best_score': [(1, 0.5027933251236554),
[92mINFO [0m:      	                (2, 0.5320456942765107),
[92mINFO [0m:      	                (3, 0.5528332562190919),
[92mINFO [0m:      	                (4, 0.5687244791546213),
[92mINFO [0m:      	                (5, 0.5830266584941526),
[92mINFO [0m:      	                (6, 0.5939058053717609),
[92mINFO [0m:      	                (7, 0.6046096765381751),
[92mINFO [0m:      	                (8, 0.6127501499745418),
[92mINFO [0m:      	                (9, 0.6195415216846509),
[92mINFO [0m:      	                (10, 0.6243224913731409),
[92mINFO [0m:      	                (11, 0.6301104411395895),
[92mINFO [0m:      	                (12, 0.6334156859568719),
[92mINFO [0m:      	                (13, 0.6377134694656769),
[92mINFO [0m:      	                (14, 0.6420129894651688),
[92mINFO [0m:      	                (15, 0.6458967060278078),
[92mINFO [0m:      	                (16, 0.6493111115019228),
[92mINFO [0m:      	                (17, 0.6529933502694814),
[92mINFO [0m:      	                (18, 0.6555588746006954),
[92mINFO [0m:      	                (19, 0.6590532881275316),
[92mINFO [0m:      	                (20, 0.6613416614631149),
[92mINFO [0m:      	                (21, 0.664139032808674),
[92mINFO [0m:      	                (22, 0.6665929327235334),
[92mINFO [0m:      	                (23, 0.6678666795447425),
[92mINFO [0m:      	                (24, 0.6702996165623336),
[92mINFO [0m:      	                (25, 0.6719430855920442),
[92mINFO [0m:      	                (26, 0.6736470370994012),
[92mINFO [0m:      	                (27, 0.6757119695398983),
[92mINFO [0m:      	                (28, 0.6783285982049341),
[92mINFO [0m:      	                (29, 0.6790468325906323),
[92mINFO [0m:      	                (30, 0.6798375138321932),
[92mINFO [0m:      	                (31, 0.6807159486132561),
[92mINFO [0m:      	                (32, 0.6816268391047187),
[92mINFO [0m:      	                (33, 0.6821491456864157),
[92mINFO [0m:      	                (34, 0.6829112809698787),
[92mINFO [0m:      	                (35, 0.6838938753989051),
[92mINFO [0m:      	                (36, 0.6847558846536245),
[92mINFO [0m:      	                (37, 0.6857414843882789),
[92mINFO [0m:      	                (38, 0.6867408252024492),
[92mINFO [0m:      	                (39, 0.6871169488518667),
[92mINFO [0m:      	                (40, 0.687497482298004),
[92mINFO [0m:      	                (41, 0.6878117296071512),
[92mINFO [0m:      	                (42, 0.688254011601468),
[92mINFO [0m:      	                (43, 0.6891026807615659),
[92mINFO [0m:      	                (44, 0.6892685076041924),
[92mINFO [0m:      	                (45, 0.6897759511622178),
[92mINFO [0m:      	                (46, 0.6900590181604502),
[92mINFO [0m:      	                (47, 0.6905357293887018),
[92mINFO [0m:      	                (48, 0.6912306407901726),
[92mINFO [0m:      	                (49, 0.6917197545503565),
[92mINFO [0m:      	                (50, 0.6918860882572044)],
[92mINFO [0m:      	 'best_threshold': [(1, 0.3),
[92mINFO [0m:      	                    (2, 0.5),
[92mINFO [0m:      	                    (3, 0.5),
[92mINFO [0m:      	                    (4, 0.5),
[92mINFO [0m:      	                    (5, 0.5),
[92mINFO [0m:      	                    (6, 0.5),
[92mINFO [0m:      	                    (7, 0.5),
[92mINFO [0m:      	                    (8, 0.5),
[92mINFO [0m:      	                    (9, 0.5),
[92mINFO [0m:      	                    (10, 0.5),
[92mINFO [0m:      	                    (11, 0.5),
[92mINFO [0m:      	                    (12, 0.5),
[92mINFO [0m:      	                    (13, 0.5),
[92mINFO [0m:      	                    (14, 0.5),
[92mINFO [0m:      	                    (15, 0.5),
[92mINFO [0m:      	                    (16, 0.5),
[92mINFO [0m:      	                    (17, 0.5),
[92mINFO [0m:      	                    (18, 0.5),
[92mINFO [0m:      	                    (19, 0.5),
[92mINFO [0m:      	                    (20, 0.5),
[92mINFO [0m:      	                    (21, 0.5),
[92mINFO [0m:      	                    (22, 0.5),
[92mINFO [0m:      	                    (23, 0.5),
[92mINFO [0m:      	                    (24, 0.5),
[92mINFO [0m:      	                    (25, 0.5),
[92mINFO [0m:      	                    (26, 0.5),
[92mINFO [0m:      	                    (27, 0.5),
[92mINFO [0m:      	                    (28, 0.55),
[92mINFO [0m:      	                    (29, 0.55),
[92mINFO [0m:      	                    (30, 0.55),
[92mINFO [0m:      	                    (31, 0.55),
[92mINFO [0m:      	                    (32, 0.55),
[92mINFO [0m:      	                    (33, 0.5),
[92mINFO [0m:      	                    (34, 0.5),
[92mINFO [0m:      	                    (35, 0.5),
[92mINFO [0m:      	                    (36, 0.5),
[92mINFO [0m:      	                    (37, 0.55),
[92mINFO [0m:      	                    (38, 0.55),
[92mINFO [0m:      	                    (39, 0.55),
[92mINFO [0m:      	                    (40, 0.55),
[92mINFO [0m:      	                    (41, 0.55),
[92mINFO [0m:      	                    (42, 0.5),
[92mINFO [0m:      	                    (43, 0.5),
[92mINFO [0m:      	                    (44, 0.5),
[92mINFO [0m:      	                    (45, 0.5),
[92mINFO [0m:      	                    (46, 0.5),
[92mINFO [0m:      	                    (47, 0.5),
[92mINFO [0m:      	                    (48, 0.5),
[92mINFO [0m:      	                    (49, 0.5),
[92mINFO [0m:      	                    (50, 0.5)],
[92mINFO [0m:      	 'f1': [(1, 0.2388930926386337),
[92mINFO [0m:      	        (2, 0.2550051696588025),
[92mINFO [0m:      	        (3, 0.26916592284042445),
[92mINFO [0m:      	        (4, 0.2810003113001972),
[92mINFO [0m:      	        (5, 0.29206145281301854),
[92mINFO [0m:      	        (6, 0.30117023625524403),
[92mINFO [0m:      	        (7, 0.3102045428862018),
[92mINFO [0m:      	        (8, 0.3178362063961925),
[92mINFO [0m:      	        (9, 0.3242060441185168),
[92mINFO [0m:      	        (10, 0.3288739576459296),
[92mINFO [0m:      	        (11, 0.3347387717690192),
[92mINFO [0m:      	        (12, 0.3383035327600074),
[92mINFO [0m:      	        (13, 0.34279982446241614),
[92mINFO [0m:      	        (14, 0.34683831881862925),
[92mINFO [0m:      	        (15, 0.35075434464319816),
[92mINFO [0m:      	        (16, 0.35416266102672567),
[92mINFO [0m:      	        (17, 0.35777390855742564),
[92mINFO [0m:      	        (18, 0.36084152934279945),
[92mINFO [0m:      	        (19, 0.3643151896246807),
[92mINFO [0m:      	        (20, 0.36676104563113193),
[92mINFO [0m:      	        (21, 0.3694747274529237),
[92mINFO [0m:      	        (22, 0.37210229159747593),
[92mINFO [0m:      	        (23, 0.37340255591054317),
[92mINFO [0m:      	        (24, 0.3758263772954925),
[92mINFO [0m:      	        (25, 0.3775277889379938),
[92mINFO [0m:      	        (26, 0.3792016101979202),
[92mINFO [0m:      	        (27, 0.38131771990039703),
[92mINFO [0m:      	        (28, 0.39523632303684403),
[92mINFO [0m:      	        (29, 0.39626726390444195),
[92mINFO [0m:      	        (30, 0.39733512987499064),
[92mINFO [0m:      	        (31, 0.39826191189691335),
[92mINFO [0m:      	        (32, 0.39910112359550565),
[92mINFO [0m:      	        (33, 0.38877865206979123),
[92mINFO [0m:      	        (34, 0.38978863573977496),
[92mINFO [0m:      	        (35, 0.390665751544269),
[92mINFO [0m:      	        (36, 0.3915104059344735),
[92mINFO [0m:      	        (37, 0.40330454374765307),
[92mINFO [0m:      	        (38, 0.4046094750320102),
[92mINFO [0m:      	        (39, 0.40478339350180503),
[92mINFO [0m:      	        (40, 0.40523859701941894),
[92mINFO [0m:      	        (41, 0.40560283153851945),
[92mINFO [0m:      	        (42, 0.3953279424977538),
[92mINFO [0m:      	        (43, 0.3961012028204065),
[92mINFO [0m:      	        (44, 0.39637395335962905),
[92mINFO [0m:      	        (45, 0.3968979365738818),
[92mINFO [0m:      	        (46, 0.3970120348595933),
[92mINFO [0m:      	        (47, 0.3973729692360871),
[92mINFO [0m:      	        (48, 0.39776412945966466),
[92mINFO [0m:      	        (49, 0.3984510061544845),
[92mINFO [0m:      	        (50, 0.3987262910148138)],
[92mINFO [0m:      	 'fn': [(1, 220),
[92mINFO [0m:      	        (2, 822),
[92mINFO [0m:      	        (3, 821),
[92mINFO [0m:      	        (4, 827),
[92mINFO [0m:      	        (5, 807),
[92mINFO [0m:      	        (6, 807),
[92mINFO [0m:      	        (7, 790),
[92mINFO [0m:      	        (8, 797),
[92mINFO [0m:      	        (9, 794),
[92mINFO [0m:      	        (10, 794),
[92mINFO [0m:      	        (11, 796),
[92mINFO [0m:      	        (12, 801),
[92mINFO [0m:      	        (13, 801),
[92mINFO [0m:      	        (14, 787),
[92mINFO [0m:      	        (15, 780),
[92mINFO [0m:      	        (16, 772),
[92mINFO [0m:      	        (17, 761),
[92mINFO [0m:      	        (18, 765),
[92mINFO [0m:      	        (19, 754),
[92mINFO [0m:      	        (20, 750),
[92mINFO [0m:      	        (21, 739),
[92mINFO [0m:      	        (22, 734),
[92mINFO [0m:      	        (23, 730),
[92mINFO [0m:      	        (24, 721),
[92mINFO [0m:      	        (25, 716),
[92mINFO [0m:      	        (26, 709),
[92mINFO [0m:      	        (27, 702),
[92mINFO [0m:      	        (28, 880),
[92mINFO [0m:      	        (29, 881),
[92mINFO [0m:      	        (30, 881),
[92mINFO [0m:      	        (31, 877),
[92mINFO [0m:      	        (32, 871),
[92mINFO [0m:      	        (33, 694),
[92mINFO [0m:      	        (34, 695),
[92mINFO [0m:      	        (35, 689),
[92mINFO [0m:      	        (36, 685),
[92mINFO [0m:      	        (37, 850),
[92mINFO [0m:      	        (38, 849),
[92mINFO [0m:      	        (39, 844),
[92mINFO [0m:      	        (40, 843),
[92mINFO [0m:      	        (41, 842),
[92mINFO [0m:      	        (42, 675),
[92mINFO [0m:      	        (43, 670),
[92mINFO [0m:      	        (44, 671),
[92mINFO [0m:      	        (45, 669),
[92mINFO [0m:      	        (46, 665),
[92mINFO [0m:      	        (47, 661),
[92mINFO [0m:      	        (48, 653),
[92mINFO [0m:      	        (49, 654),
[92mINFO [0m:      	        (50, 655)],
[92mINFO [0m:      	 'fp': [(1, 20903),
[92mINFO [0m:      	        (2, 15030),
[92mINFO [0m:      	        (3, 13917),
[92mINFO [0m:      	        (4, 13031),
[92mINFO [0m:      	        (5, 12418),
[92mINFO [0m:      	        (6, 11853),
[92mINFO [0m:      	        (7, 11418),
[92mINFO [0m:      	        (8, 10956),
[92mINFO [0m:      	        (9, 10633),
[92mINFO [0m:      	        (10, 10393),
[92mINFO [0m:      	        (11, 10091),
[92mINFO [0m:      	        (12, 9894),
[92mINFO [0m:      	        (13, 9682),
[92mINFO [0m:      	        (14, 9563),
[92mINFO [0m:      	        (15, 9419),
[92mINFO [0m:      	        (16, 9305),
[92mINFO [0m:      	        (17, 9198),
[92mINFO [0m:      	        (18, 9048),
[92mINFO [0m:      	        (19, 8951),
[92mINFO [0m:      	        (20, 8867),
[92mINFO [0m:      	        (21, 8804),
[92mINFO [0m:      	        (22, 8719),
[92mINFO [0m:      	        (23, 8684),
[92mINFO [0m:      	        (24, 8626),
[92mINFO [0m:      	        (25, 8580),
[92mINFO [0m:      	        (26, 8544),
[92mINFO [0m:      	        (27, 8491),
[92mINFO [0m:      	        (28, 7245),
[92mINFO [0m:      	        (29, 7206),
[92mINFO [0m:      	        (30, 7170),
[92mINFO [0m:      	        (31, 7155),
[92mINFO [0m:      	        (32, 7151),
[92mINFO [0m:      	        (33, 8239),
[92mINFO [0m:      	        (34, 8197),
[92mINFO [0m:      	        (35, 8189),
[92mINFO [0m:      	        (36, 8174),
[92mINFO [0m:      	        (37, 7095),
[92mINFO [0m:      	        (38, 7056),
[92mINFO [0m:      	        (39, 7070),
[92mINFO [0m:      	        (40, 7059),
[92mINFO [0m:      	        (41, 7051),
[92mINFO [0m:      	        (42, 8074),
[92mINFO [0m:      	        (43, 8066),
[92mINFO [0m:      	        (44, 8052),
[92mINFO [0m:      	        (45, 8041),
[92mINFO [0m:      	        (46, 8053),
[92mINFO [0m:      	        (47, 8056),
[92mINFO [0m:      	        (48, 8074),
[92mINFO [0m:      	        (49, 8045),
[92mINFO [0m:      	        (50, 8031)],
[92mINFO [0m:      	 'fpr': [(1, 0.9574039298309898),
[92mINFO [0m:      	         (2, 0.6884074566023909),
[92mINFO [0m:      	         (3, 0.6374295790775432),
[92mINFO [0m:      	         (4, 0.596848806852013),
[92mINFO [0m:      	         (5, 0.5687720423212568),
[92mINFO [0m:      	         (6, 0.5428937846379334),
[92mINFO [0m:      	         (7, 0.5229698163330738),
[92mINFO [0m:      	         (8, 0.5018091879265333),
[92mINFO [0m:      	         (9, 0.48701506893235014),
[92mINFO [0m:      	         (10, 0.4760225346951862),
[92mINFO [0m:      	         (11, 0.46219026244675493),
[92mINFO [0m:      	         (12, 0.45316722392708286),
[92mINFO [0m:      	         (13, 0.44345715201758806),
[92mINFO [0m:      	         (14, 0.4380066871249943),
[92mINFO [0m:      	         (15, 0.4314111665826959),
[92mINFO [0m:      	         (16, 0.42618971282004303),
[92mINFO [0m:      	         (17, 0.4212888746393075),
[92mINFO [0m:      	         (18, 0.41441854074108003),
[92mINFO [0m:      	         (19, 0.40997572482022626),
[92mINFO [0m:      	         (20, 0.4061283378372189),
[92mINFO [0m:      	         (21, 0.40324279759996334),
[92mINFO [0m:      	         (22, 0.3993496083909678),
[92mINFO [0m:      	         (23, 0.3977465304813814),
[92mINFO [0m:      	         (24, 0.3950900013740668),
[92mINFO [0m:      	         (25, 0.39298309897861033),
[92mINFO [0m:      	         (26, 0.39133421884303576),
[92mINFO [0m:      	         (27, 0.3889067008656621),
[92mINFO [0m:      	         (28, 0.331837127284386),
[92mINFO [0m:      	         (29, 0.3300508404708469),
[92mINFO [0m:      	         (30, 0.3284019603352723),
[92mINFO [0m:      	         (31, 0.32771492694544957),
[92mINFO [0m:      	         (32, 0.32753171804149683),
[92mINFO [0m:      	         (33, 0.37736453991663993),
[92mINFO [0m:      	         (34, 0.37544084642513625),
[92mINFO [0m:      	         (35, 0.3750744286172308),
[92mINFO [0m:      	         (36, 0.37438739522740805),
[92mINFO [0m:      	         (37, 0.3249667933861586),
[92mINFO [0m:      	         (38, 0.32318050657261943),
[92mINFO [0m:      	         (39, 0.323821737736454),
[92mINFO [0m:      	         (40, 0.32331791325058395),
[92mINFO [0m:      	         (41, 0.32295149544267854),
[92mINFO [0m:      	         (42, 0.36980717262858975),
[92mINFO [0m:      	         (43, 0.3694407548206843),
[92mINFO [0m:      	         (44, 0.3687995236568497),
[92mINFO [0m:      	         (45, 0.3682956991709797),
[92mINFO [0m:      	         (46, 0.3688453258828379),
[92mINFO [0m:      	         (47, 0.36898273256080244),
[92mINFO [0m:      	         (48, 0.36980717262858975),
[92mINFO [0m:      	         (49, 0.36847890807493244),
[92mINFO [0m:      	         (50, 0.36783767691109787)],
[92mINFO [0m:      	 'npv': [(1, 0.808695652173913),
[92mINFO [0m:      	         (2, 0.8921967213114754),
[92mINFO [0m:      	         (3, 0.9060318187020716),
[92mINFO [0m:      	         (4, 0.9141136151209887),
[92mINFO [0m:      	         (5, 0.9210526315789473),
[92mINFO [0m:      	         (6, 0.925187725966441),
[92mINFO [0m:      	         (7, 0.929495760821062),
[92mINFO [0m:      	         (8, 0.931728627719719),
[92mINFO [0m:      	         (9, 0.9338002334500584),
[92mINFO [0m:      	         (10, 0.9350989046918424),
[92mINFO [0m:      	         (11, 0.9365130004785452),
[92mINFO [0m:      	         (12, 0.93712715855573),
[92mINFO [0m:      	         (13, 0.9381562693020383),
[92mINFO [0m:      	         (14, 0.93972581756912),
[92mINFO [0m:      	         (15, 0.9408822191905412),
[92mINFO [0m:      	         (16, 0.9419548872180451),
[92mINFO [0m:      	         (17, 0.9431919976112272),
[92mINFO [0m:      	         (18, 0.9435424354243542),
[92mINFO [0m:      	         (19, 0.944705192138457),
[92mINFO [0m:      	         (20, 0.9453193350831146),
[92mINFO [0m:      	         (21, 0.9463248111563045),
[92mINFO [0m:      	         (22, 0.946995956094743),
[92mINFO [0m:      	         (23, 0.9474025506160386),
[92mINFO [0m:      	         (24, 0.9482337736932798),
[92mINFO [0m:      	         (25, 0.9487436466461451),
[92mINFO [0m:      	         (26, 0.9493499071295899),
[92mINFO [0m:      	         (27, 0.9500142409569923),
[92mINFO [0m:      	         (28, 0.9431083527282131),
[92mINFO [0m:      	         (29, 0.9431906112973949),
[92mINFO [0m:      	         (30, 0.9433221821924859),
[92mINFO [0m:      	         (31, 0.9436194149791064),
[92mINFO [0m:      	         (32, 0.9439979425191282),
[92mINFO [0m:      	         (33, 0.951427771556551),
[92mINFO [0m:      	         (34, 0.9515037331658642),
[92mINFO [0m:      	         (35, 0.9519291146305728),
[92mINFO [0m:      	         (36, 0.952244841048522),
[92mINFO [0m:      	         (37, 0.9454708750320759),
[92mINFO [0m:      	         (38, 0.945667477281454),
[92mINFO [0m:      	         (39, 0.9459217018004742),
[92mINFO [0m:      	         (40, 0.9460203624255619),
[92mINFO [0m:      	         (41, 0.9461085509472607),
[92mINFO [0m:      	         (42, 0.9532354163779964),
[92mINFO [0m:      	         (43, 0.9535914663711297),
[92mINFO [0m:      	         (44, 0.9535704400774979),
[92mINFO [0m:      	         (45, 0.9537376391674158),
[92mINFO [0m:      	         (46, 0.953963309103496),
[92mINFO [0m:      	         (47, 0.954218035739022),
[92mINFO [0m:      	         (48, 0.9546905356647238),
[92mINFO [0m:      	         (49, 0.9547154133776485),
[92mINFO [0m:      	         (50, 0.9546932281939545)],
[92mINFO [0m:      	 'ppv': [(1, 0.13688165827070775),
[92mINFO [0m:      	         (2, 0.1529053711322775),
[92mINFO [0m:      	         (3, 0.16318922494137453),
[92mINFO [0m:      	         (4, 0.17205667450282738),
[92mINFO [0m:      	         (5, 0.18011356133632642),
[92mINFO [0m:      	         (6, 0.18709279198957549),
[92mINFO [0m:      	         (7, 0.1938148697309892),
[92mINFO [0m:      	         (8, 0.1999415802541259),
[92mINFO [0m:      	         (9, 0.20494990279647077),
[92mINFO [0m:      	         (10, 0.20869499010202527),
[92mINFO [0m:      	         (11, 0.21348402182385035),
[92mINFO [0m:      	         (12, 0.216503009185936),
[92mINFO [0m:      	         (13, 0.22019974226804123),
[92mINFO [0m:      	         (14, 0.22321501096580293),
[92mINFO [0m:      	         (15, 0.2263019549860358),
[92mINFO [0m:      	         (16, 0.22895260192243952),
[92mINFO [0m:      	         (17, 0.23170731707317074),
[92mINFO [0m:      	         (18, 0.23438822135725165),
[92mINFO [0m:      	         (19, 0.23704398227071258),
[92mINFO [0m:      	         (20, 0.23901476141434946),
[92mINFO [0m:      	         (21, 0.2410344827586207),
[92mINFO [0m:      	         (22, 0.24314236111111112),
[92mINFO [0m:      	         (23, 0.24414657498476805),
[92mINFO [0m:      	         (24, 0.24597902097902097),
[92mINFO [0m:      	         (25, 0.24730239494692516),
[92mINFO [0m:      	         (26, 0.24854881266490766),
[92mINFO [0m:      	         (27, 0.25017661603673613),
[92mINFO [0m:      	         (28, 0.2681818181818182),
[92mINFO [0m:      	         (29, 0.2691683569979716),
[92mINFO [0m:      	         (30, 0.2701547231270358),
[92mINFO [0m:      	         (31, 0.2708651788443901),
[92mINFO [0m:      	         (32, 0.27142129393785025),
[92mINFO [0m:      	         (33, 0.25640794223826713),
[92mINFO [0m:      	         (34, 0.25731629971912656),
[92mINFO [0m:      	         (35, 0.25790666062528317),
[92mINFO [0m:      	         (36, 0.2585268505079826),
[92mINFO [0m:      	         (37, 0.2745398773006135),
[92mINFO [0m:      	         (38, 0.2757134058714843),
[92mINFO [0m:      	         (39, 0.27568896629443707),
[92mINFO [0m:      	         (40, 0.27607424879499537),
[92mINFO [0m:      	         (41, 0.2763752052545156),
[92mINFO [0m:      	         (42, 0.26156941649899396),
[92mINFO [0m:      	         (43, 0.2620986186076297),
[92mINFO [0m:      	         (44, 0.2623671674606083),
[92mINFO [0m:      	         (45, 0.2627670303474833),
[92mINFO [0m:      	         (46, 0.262748329213586),
[92mINFO [0m:      	         (47, 0.2629460201280878),
[92mINFO [0m:      	         (48, 0.26305220883534136),
[92mINFO [0m:      	         (49, 0.2636829580816401),
[92mINFO [0m:      	         (50, 0.2639538080835854)],
[92mINFO [0m:      	 'precision': [(1, 0.13688165827070775),
[92mINFO [0m:      	               (2, 0.1529053711322775),
[92mINFO [0m:      	               (3, 0.16318922494137453),
[92mINFO [0m:      	               (4, 0.17205667450282738),
[92mINFO [0m:      	               (5, 0.18011356133632642),
[92mINFO [0m:      	               (6, 0.18709279198957549),
[92mINFO [0m:      	               (7, 0.1938148697309892),
[92mINFO [0m:      	               (8, 0.1999415802541259),
[92mINFO [0m:      	               (9, 0.20494990279647077),
[92mINFO [0m:      	               (10, 0.20869499010202527),
[92mINFO [0m:      	               (11, 0.21348402182385035),
[92mINFO [0m:      	               (12, 0.216503009185936),
[92mINFO [0m:      	               (13, 0.22019974226804123),
[92mINFO [0m:      	               (14, 0.22321501096580293),
[92mINFO [0m:      	               (15, 0.2263019549860358),
[92mINFO [0m:      	               (16, 0.22895260192243952),
[92mINFO [0m:      	               (17, 0.23170731707317074),
[92mINFO [0m:      	               (18, 0.23438822135725165),
[92mINFO [0m:      	               (19, 0.23704398227071258),
[92mINFO [0m:      	               (20, 0.23901476141434946),
[92mINFO [0m:      	               (21, 0.2410344827586207),
[92mINFO [0m:      	               (22, 0.24314236111111112),
[92mINFO [0m:      	               (23, 0.24414657498476805),
[92mINFO [0m:      	               (24, 0.24597902097902097),
[92mINFO [0m:      	               (25, 0.24730239494692516),
[92mINFO [0m:      	               (26, 0.24854881266490766),
[92mINFO [0m:      	               (27, 0.25017661603673613),
[92mINFO [0m:      	               (28, 0.2681818181818182),
[92mINFO [0m:      	               (29, 0.2691683569979716),
[92mINFO [0m:      	               (30, 0.2701547231270358),
[92mINFO [0m:      	               (31, 0.2708651788443901),
[92mINFO [0m:      	               (32, 0.27142129393785025),
[92mINFO [0m:      	               (33, 0.25640794223826713),
[92mINFO [0m:      	               (34, 0.25731629971912656),
[92mINFO [0m:      	               (35, 0.25790666062528317),
[92mINFO [0m:      	               (36, 0.2585268505079826),
[92mINFO [0m:      	               (37, 0.2745398773006135),
[92mINFO [0m:      	               (38, 0.2757134058714843),
[92mINFO [0m:      	               (39, 0.27568896629443707),
[92mINFO [0m:      	               (40, 0.27607424879499537),
[92mINFO [0m:      	               (41, 0.2763752052545156),
[92mINFO [0m:      	               (42, 0.26156941649899396),
[92mINFO [0m:      	               (43, 0.2620986186076297),
[92mINFO [0m:      	               (44, 0.2623671674606083),
[92mINFO [0m:      	               (45, 0.2627670303474833),
[92mINFO [0m:      	               (46, 0.262748329213586),
[92mINFO [0m:      	               (47, 0.2629460201280878),
[92mINFO [0m:      	               (48, 0.26305220883534136),
[92mINFO [0m:      	               (49, 0.2636829580816401),
[92mINFO [0m:      	               (50, 0.2639538080835854)],
[92mINFO [0m:      	 'prevalence': [(1, 0.13934878587196467),
[92mINFO [0m:      	                (2, 0.13934878587196467),
[92mINFO [0m:      	                (3, 0.13934878587196467),
[92mINFO [0m:      	                (4, 0.13934878587196467),
[92mINFO [0m:      	                (5, 0.13934878587196467),
[92mINFO [0m:      	                (6, 0.13934878587196467),
[92mINFO [0m:      	                (7, 0.13934878587196467),
[92mINFO [0m:      	                (8, 0.13934878587196467),
[92mINFO [0m:      	                (9, 0.13934878587196467),
[92mINFO [0m:      	                (10, 0.13934878587196467),
[92mINFO [0m:      	                (11, 0.13934878587196467),
[92mINFO [0m:      	                (12, 0.13934878587196467),
[92mINFO [0m:      	                (13, 0.13934878587196467),
[92mINFO [0m:      	                (14, 0.13934878587196467),
[92mINFO [0m:      	                (15, 0.13934878587196467),
[92mINFO [0m:      	                (16, 0.13934878587196467),
[92mINFO [0m:      	                (17, 0.13934878587196467),
[92mINFO [0m:      	                (18, 0.13934878587196467),
[92mINFO [0m:      	                (19, 0.13934878587196467),
[92mINFO [0m:      	                (20, 0.13934878587196467),
[92mINFO [0m:      	                (21, 0.13934878587196467),
[92mINFO [0m:      	                (22, 0.13934878587196467),
[92mINFO [0m:      	                (23, 0.13934878587196467),
[92mINFO [0m:      	                (24, 0.13934878587196467),
[92mINFO [0m:      	                (25, 0.13934878587196467),
[92mINFO [0m:      	                (26, 0.13934878587196467),
[92mINFO [0m:      	                (27, 0.13934878587196467),
[92mINFO [0m:      	                (28, 0.13934878587196467),
[92mINFO [0m:      	                (29, 0.13934878587196467),
[92mINFO [0m:      	                (30, 0.13934878587196467),
[92mINFO [0m:      	                (31, 0.13934878587196467),
[92mINFO [0m:      	                (32, 0.13934878587196467),
[92mINFO [0m:      	                (33, 0.13934878587196467),
[92mINFO [0m:      	                (34, 0.13934878587196467),
[92mINFO [0m:      	                (35, 0.13934878587196467),
[92mINFO [0m:      	                (36, 0.13934878587196467),
[92mINFO [0m:      	                (37, 0.13934878587196467),
[92mINFO [0m:      	                (38, 0.13934878587196467),
[92mINFO [0m:      	                (39, 0.13934878587196467),
[92mINFO [0m:      	                (40, 0.13934878587196467),
[92mINFO [0m:      	                (41, 0.13934878587196467),
[92mINFO [0m:      	                (42, 0.13934878587196467),
[92mINFO [0m:      	                (43, 0.13934878587196467),
[92mINFO [0m:      	                (44, 0.13934878587196467),
[92mINFO [0m:      	                (45, 0.13934878587196467),
[92mINFO [0m:      	                (46, 0.13934878587196467),
[92mINFO [0m:      	                (47, 0.13934878587196467),
[92mINFO [0m:      	                (48, 0.13934878587196467),
[92mINFO [0m:      	                (49, 0.13934878587196467),
[92mINFO [0m:      	                (50, 0.13934878587196467)],
[92mINFO [0m:      	 'recall': [(1, 0.9377652050919377),
[92mINFO [0m:      	            (2, 0.7674681753889675),
[92mINFO [0m:      	            (3, 0.7677510608203677),
[92mINFO [0m:      	            (4, 0.766053748231966),
[92mINFO [0m:      	            (5, 0.7717114568599717),
[92mINFO [0m:      	            (6, 0.7717114568599717),
[92mINFO [0m:      	            (7, 0.7765205091937766),
[92mINFO [0m:      	            (8, 0.7745403111739746),
[92mINFO [0m:      	            (9, 0.7753889674681754),
[92mINFO [0m:      	            (10, 0.7753889674681754),
[92mINFO [0m:      	            (11, 0.7748231966053748),
[92mINFO [0m:      	            (12, 0.7734087694483734),
[92mINFO [0m:      	            (13, 0.7734087694483734),
[92mINFO [0m:      	            (14, 0.7773691654879774),
[92mINFO [0m:      	            (15, 0.7793493635077794),
[92mINFO [0m:      	            (16, 0.7816124469589816),
[92mINFO [0m:      	            (17, 0.7847241867043847),
[92mINFO [0m:      	            (18, 0.7835926449787836),
[92mINFO [0m:      	            (19, 0.7867043847241867),
[92mINFO [0m:      	            (20, 0.7878359264497878),
[92mINFO [0m:      	            (21, 0.790947666195191),
[92mINFO [0m:      	            (22, 0.7923620933521923),
[92mINFO [0m:      	            (23, 0.7934936350777935),
[92mINFO [0m:      	            (24, 0.7960396039603961),
[92mINFO [0m:      	            (25, 0.7974540311173974),
[92mINFO [0m:      	            (26, 0.7994342291371994),
[92mINFO [0m:      	            (27, 0.8014144271570014),
[92mINFO [0m:      	            (28, 0.751060820367751),
[92mINFO [0m:      	            (29, 0.7507779349363508),
[92mINFO [0m:      	            (30, 0.7507779349363508),
[92mINFO [0m:      	            (31, 0.751909476661952),
[92mINFO [0m:      	            (32, 0.7536067892503536),
[92mINFO [0m:      	            (33, 0.8036775106082037),
[92mINFO [0m:      	            (34, 0.8033946251768034),
[92mINFO [0m:      	            (35, 0.805091937765205),
[92mINFO [0m:      	            (36, 0.8062234794908062),
[92mINFO [0m:      	            (37, 0.7595473833097596),
[92mINFO [0m:      	            (38, 0.7598302687411598),
[92mINFO [0m:      	            (39, 0.7612446958981612),
[92mINFO [0m:      	            (40, 0.7615275813295616),
[92mINFO [0m:      	            (41, 0.7618104667609618),
[92mINFO [0m:      	            (42, 0.809052333804809),
[92mINFO [0m:      	            (43, 0.8104667609618105),
[92mINFO [0m:      	            (44, 0.8101838755304102),
[92mINFO [0m:      	            (45, 0.8107496463932108),
[92mINFO [0m:      	            (46, 0.8118811881188119),
[92mINFO [0m:      	            (47, 0.813012729844413),
[92mINFO [0m:      	            (48, 0.8152758132956153),
[92mINFO [0m:      	            (49, 0.814992927864215),
[92mINFO [0m:      	            (50, 0.8147100424328148)],
[92mINFO [0m:      	 'spec': [(1, 0.042596070169010236),
[92mINFO [0m:      	          (2, 0.3115925433976091),
[92mINFO [0m:      	          (3, 0.36257042092245684),
[92mINFO [0m:      	          (4, 0.403151193147987),
[92mINFO [0m:      	          (5, 0.4312279576787432),
[92mINFO [0m:      	          (6, 0.45710621536206664),
[92mINFO [0m:      	          (7, 0.4770301836669262),
[92mINFO [0m:      	          (8, 0.4981908120734667),
[92mINFO [0m:      	          (9, 0.5129849310676499),
[92mINFO [0m:      	          (10, 0.5239774653048138),
[92mINFO [0m:      	          (11, 0.5378097375532451),
[92mINFO [0m:      	          (12, 0.5468327760729171),
[92mINFO [0m:      	          (13, 0.5565428479824119),
[92mINFO [0m:      	          (14, 0.5619933128750056),
[92mINFO [0m:      	          (15, 0.5685888334173042),
[92mINFO [0m:      	          (16, 0.573810287179957),
[92mINFO [0m:      	          (17, 0.5787111253606925),
[92mINFO [0m:      	          (18, 0.5855814592589199),
[92mINFO [0m:      	          (19, 0.5900242751797737),
[92mINFO [0m:      	          (20, 0.5938716621627811),
[92mINFO [0m:      	          (21, 0.5967572024000367),
[92mINFO [0m:      	          (22, 0.6006503916090322),
[92mINFO [0m:      	          (23, 0.6022534695186186),
[92mINFO [0m:      	          (24, 0.6049099986259332),
[92mINFO [0m:      	          (25, 0.6070169010213897),
[92mINFO [0m:      	          (26, 0.6086657811569642),
[92mINFO [0m:      	          (27, 0.6110932991343379),
[92mINFO [0m:      	          (28, 0.6681628727156139),
[92mINFO [0m:      	          (29, 0.6699491595291531),
[92mINFO [0m:      	          (30, 0.6715980396647276),
[92mINFO [0m:      	          (31, 0.6722850730545504),
[92mINFO [0m:      	          (32, 0.6724682819585032),
[92mINFO [0m:      	          (33, 0.6226354600833601),
[92mINFO [0m:      	          (34, 0.6245591535748638),
[92mINFO [0m:      	          (35, 0.6249255713827693),
[92mINFO [0m:      	          (36, 0.625612604772592),
[92mINFO [0m:      	          (37, 0.6750332066138414),
[92mINFO [0m:      	          (38, 0.6768194934273806),
[92mINFO [0m:      	          (39, 0.6761782622635459),
[92mINFO [0m:      	          (40, 0.6766820867494161),
[92mINFO [0m:      	          (41, 0.6770485045573215),
[92mINFO [0m:      	          (42, 0.6301928273714102),
[92mINFO [0m:      	          (43, 0.6305592451793157),
[92mINFO [0m:      	          (44, 0.6312004763431502),
[92mINFO [0m:      	          (45, 0.6317043008290203),
[92mINFO [0m:      	          (46, 0.6311546741171621),
[92mINFO [0m:      	          (47, 0.6310172674391976),
[92mINFO [0m:      	          (48, 0.6301928273714102),
[92mINFO [0m:      	          (49, 0.6315210919250676),
[92mINFO [0m:      	          (50, 0.6321623230889022)],
[92mINFO [0m:      	 'threshold': [(1, 0.3),
[92mINFO [0m:      	               (2, 0.5),
[92mINFO [0m:      	               (3, 0.5),
[92mINFO [0m:      	               (4, 0.5),
[92mINFO [0m:      	               (5, 0.5),
[92mINFO [0m:      	               (6, 0.5),
[92mINFO [0m:      	               (7, 0.5),
[92mINFO [0m:      	               (8, 0.5),
[92mINFO [0m:      	               (9, 0.5),
[92mINFO [0m:      	               (10, 0.5),
[92mINFO [0m:      	               (11, 0.5),
[92mINFO [0m:      	               (12, 0.5),
[92mINFO [0m:      	               (13, 0.5),
[92mINFO [0m:      	               (14, 0.5),
[92mINFO [0m:      	               (15, 0.5),
[92mINFO [0m:      	               (16, 0.5),
[92mINFO [0m:      	               (17, 0.5),
[92mINFO [0m:      	               (18, 0.5),
[92mINFO [0m:      	               (19, 0.5),
[92mINFO [0m:      	               (20, 0.5),
[92mINFO [0m:      	               (21, 0.5),
[92mINFO [0m:      	               (22, 0.5),
[92mINFO [0m:      	               (23, 0.5),
[92mINFO [0m:      	               (24, 0.5),
[92mINFO [0m:      	               (25, 0.5),
[92mINFO [0m:      	               (26, 0.5),
[92mINFO [0m:      	               (27, 0.5),
[92mINFO [0m:      	               (28, 0.55),
[92mINFO [0m:      	               (29, 0.55),
[92mINFO [0m:      	               (30, 0.55),
[92mINFO [0m:      	               (31, 0.55),
[92mINFO [0m:      	               (32, 0.55),
[92mINFO [0m:      	               (33, 0.5),
[92mINFO [0m:      	               (34, 0.5),
[92mINFO [0m:      	               (35, 0.5),
[92mINFO [0m:      	               (36, 0.5),
[92mINFO [0m:      	               (37, 0.55),
[92mINFO [0m:      	               (38, 0.55),
[92mINFO [0m:      	               (39, 0.55),
[92mINFO [0m:      	               (40, 0.55),
[92mINFO [0m:      	               (41, 0.55),
[92mINFO [0m:      	               (42, 0.5),
[92mINFO [0m:      	               (43, 0.5),
[92mINFO [0m:      	               (44, 0.5),
[92mINFO [0m:      	               (45, 0.5),
[92mINFO [0m:      	               (46, 0.5),
[92mINFO [0m:      	               (47, 0.5),
[92mINFO [0m:      	               (48, 0.5),
[92mINFO [0m:      	               (49, 0.5),
[92mINFO [0m:      	               (50, 0.5)],
[92mINFO [0m:      	 'tn': [(1, 930),
[92mINFO [0m:      	        (2, 6803),
[92mINFO [0m:      	        (3, 7916),
[92mINFO [0m:      	        (4, 8802),
[92mINFO [0m:      	        (5, 9415),
[92mINFO [0m:      	        (6, 9980),
[92mINFO [0m:      	        (7, 10415),
[92mINFO [0m:      	        (8, 10877),
[92mINFO [0m:      	        (9, 11200),
[92mINFO [0m:      	        (10, 11440),
[92mINFO [0m:      	        (11, 11742),
[92mINFO [0m:      	        (12, 11939),
[92mINFO [0m:      	        (13, 12151),
[92mINFO [0m:      	        (14, 12270),
[92mINFO [0m:      	        (15, 12414),
[92mINFO [0m:      	        (16, 12528),
[92mINFO [0m:      	        (17, 12635),
[92mINFO [0m:      	        (18, 12785),
[92mINFO [0m:      	        (19, 12882),
[92mINFO [0m:      	        (20, 12966),
[92mINFO [0m:      	        (21, 13029),
[92mINFO [0m:      	        (22, 13114),
[92mINFO [0m:      	        (23, 13149),
[92mINFO [0m:      	        (24, 13207),
[92mINFO [0m:      	        (25, 13253),
[92mINFO [0m:      	        (26, 13289),
[92mINFO [0m:      	        (27, 13342),
[92mINFO [0m:      	        (28, 14588),
[92mINFO [0m:      	        (29, 14627),
[92mINFO [0m:      	        (30, 14663),
[92mINFO [0m:      	        (31, 14678),
[92mINFO [0m:      	        (32, 14682),
[92mINFO [0m:      	        (33, 13594),
[92mINFO [0m:      	        (34, 13636),
[92mINFO [0m:      	        (35, 13644),
[92mINFO [0m:      	        (36, 13659),
[92mINFO [0m:      	        (37, 14738),
[92mINFO [0m:      	        (38, 14777),
[92mINFO [0m:      	        (39, 14763),
[92mINFO [0m:      	        (40, 14774),
[92mINFO [0m:      	        (41, 14782),
[92mINFO [0m:      	        (42, 13759),
[92mINFO [0m:      	        (43, 13767),
[92mINFO [0m:      	        (44, 13781),
[92mINFO [0m:      	        (45, 13792),
[92mINFO [0m:      	        (46, 13780),
[92mINFO [0m:      	        (47, 13777),
[92mINFO [0m:      	        (48, 13759),
[92mINFO [0m:      	        (49, 13788),
[92mINFO [0m:      	        (50, 13802)],
[92mINFO [0m:      	 'tp': [(1, 3315),
[92mINFO [0m:      	        (2, 2713),
[92mINFO [0m:      	        (3, 2714),
[92mINFO [0m:      	        (4, 2708),
[92mINFO [0m:      	        (5, 2728),
[92mINFO [0m:      	        (6, 2728),
[92mINFO [0m:      	        (7, 2745),
[92mINFO [0m:      	        (8, 2738),
[92mINFO [0m:      	        (9, 2741),
[92mINFO [0m:      	        (10, 2741),
[92mINFO [0m:      	        (11, 2739),
[92mINFO [0m:      	        (12, 2734),
[92mINFO [0m:      	        (13, 2734),
[92mINFO [0m:      	        (14, 2748),
[92mINFO [0m:      	        (15, 2755),
[92mINFO [0m:      	        (16, 2763),
[92mINFO [0m:      	        (17, 2774),
[92mINFO [0m:      	        (18, 2770),
[92mINFO [0m:      	        (19, 2781),
[92mINFO [0m:      	        (20, 2785),
[92mINFO [0m:      	        (21, 2796),
[92mINFO [0m:      	        (22, 2801),
[92mINFO [0m:      	        (23, 2805),
[92mINFO [0m:      	        (24, 2814),
[92mINFO [0m:      	        (25, 2819),
[92mINFO [0m:      	        (26, 2826),
[92mINFO [0m:      	        (27, 2833),
[92mINFO [0m:      	        (28, 2655),
[92mINFO [0m:      	        (29, 2654),
[92mINFO [0m:      	        (30, 2654),
[92mINFO [0m:      	        (31, 2658),
[92mINFO [0m:      	        (32, 2664),
[92mINFO [0m:      	        (33, 2841),
[92mINFO [0m:      	        (34, 2840),
[92mINFO [0m:      	        (35, 2846),
[92mINFO [0m:      	        (36, 2850),
[92mINFO [0m:      	        (37, 2685),
[92mINFO [0m:      	        (38, 2686),
[92mINFO [0m:      	        (39, 2691),
[92mINFO [0m:      	        (40, 2692),
[92mINFO [0m:      	        (41, 2693),
[92mINFO [0m:      	        (42, 2860),
[92mINFO [0m:      	        (43, 2865),
[92mINFO [0m:      	        (44, 2864),
[92mINFO [0m:      	        (45, 2866),
[92mINFO [0m:      	        (46, 2870),
[92mINFO [0m:      	        (47, 2874),
[92mINFO [0m:      	        (48, 2882),
[92mINFO [0m:      	        (49, 2881),
[92mINFO [0m:      	        (50, 2880)],
[92mINFO [0m:      	 'tpr': [(1, 0.9377652050919377),
[92mINFO [0m:      	         (2, 0.7674681753889675),
[92mINFO [0m:      	         (3, 0.7677510608203677),
[92mINFO [0m:      	         (4, 0.766053748231966),
[92mINFO [0m:      	         (5, 0.7717114568599717),
[92mINFO [0m:      	         (6, 0.7717114568599717),
[92mINFO [0m:      	         (7, 0.7765205091937766),
[92mINFO [0m:      	         (8, 0.7745403111739746),
[92mINFO [0m:      	         (9, 0.7753889674681754),
[92mINFO [0m:      	         (10, 0.7753889674681754),
[92mINFO [0m:      	         (11, 0.7748231966053748),
[92mINFO [0m:      	         (12, 0.7734087694483734),
[92mINFO [0m:      	         (13, 0.7734087694483734),
[92mINFO [0m:      	         (14, 0.7773691654879774),
[92mINFO [0m:      	         (15, 0.7793493635077794),
[92mINFO [0m:      	         (16, 0.7816124469589816),
[92mINFO [0m:      	         (17, 0.7847241867043847),
[92mINFO [0m:      	         (18, 0.7835926449787836),
[92mINFO [0m:      	         (19, 0.7867043847241867),
[92mINFO [0m:      	         (20, 0.7878359264497878),
[92mINFO [0m:      	         (21, 0.790947666195191),
[92mINFO [0m:      	         (22, 0.7923620933521923),
[92mINFO [0m:      	         (23, 0.7934936350777935),
[92mINFO [0m:      	         (24, 0.7960396039603961),
[92mINFO [0m:      	         (25, 0.7974540311173974),
[92mINFO [0m:      	         (26, 0.7994342291371994),
[92mINFO [0m:      	         (27, 0.8014144271570014),
[92mINFO [0m:      	         (28, 0.751060820367751),
[92mINFO [0m:      	         (29, 0.7507779349363508),
[92mINFO [0m:      	         (30, 0.7507779349363508),
[92mINFO [0m:      	         (31, 0.751909476661952),
[92mINFO [0m:      	         (32, 0.7536067892503536),
[92mINFO [0m:      	         (33, 0.8036775106082037),
[92mINFO [0m:      	         (34, 0.8033946251768034),
[92mINFO [0m:      	         (35, 0.805091937765205),
[92mINFO [0m:      	         (36, 0.8062234794908062),
[92mINFO [0m:      	         (37, 0.7595473833097596),
[92mINFO [0m:      	         (38, 0.7598302687411598),
[92mINFO [0m:      	         (39, 0.7612446958981612),
[92mINFO [0m:      	         (40, 0.7615275813295616),
[92mINFO [0m:      	         (41, 0.7618104667609618),
[92mINFO [0m:      	         (42, 0.809052333804809),
[92mINFO [0m:      	         (43, 0.8104667609618105),
[92mINFO [0m:      	         (44, 0.8101838755304102),
[92mINFO [0m:      	         (45, 0.8107496463932108),
[92mINFO [0m:      	         (46, 0.8118811881188119),
[92mINFO [0m:      	         (47, 0.813012729844413),
[92mINFO [0m:      	         (48, 0.8152758132956153),
[92mINFO [0m:      	         (49, 0.814992927864215),
[92mINFO [0m:      	         (50, 0.8147100424328148)],
[92mINFO [0m:      	 'youden': [(1, -0.019638724739052038),
[92mINFO [0m:      	            (2, 0.07906071878657661),
[92mINFO [0m:      	            (3, 0.13032148174282465),
[92mINFO [0m:      	            (4, 0.169204941379953),
[92mINFO [0m:      	            (5, 0.2029394145387149),
[92mINFO [0m:      	            (6, 0.2288176722220383),
[92mINFO [0m:      	            (7, 0.25355069286070275),
[92mINFO [0m:      	            (8, 0.2727311232474414),
[92mINFO [0m:      	            (9, 0.2883738985358253),
[92mINFO [0m:      	            (10, 0.29936643277298924),
[92mINFO [0m:      	            (11, 0.31263293415862003),
[92mINFO [0m:      	            (12, 0.3202415455212906),
[92mINFO [0m:      	            (13, 0.3299516174307855),
[92mINFO [0m:      	            (14, 0.33936247836298294),
[92mINFO [0m:      	            (15, 0.34793819692508343),
[92mINFO [0m:      	            (16, 0.35542273413893843),
[92mINFO [0m:      	            (17, 0.3634353120650773),
[92mINFO [0m:      	            (18, 0.36917410423770347),
[92mINFO [0m:      	            (19, 0.3767286599039603),
[92mINFO [0m:      	            (20, 0.3817075886125689),
[92mINFO [0m:      	            (21, 0.38770486859522757),
[92mINFO [0m:      	            (22, 0.39301248496122465),
[92mINFO [0m:      	            (23, 0.39574710459641205),
[92mINFO [0m:      	            (24, 0.4009496025863293),
[92mINFO [0m:      	            (25, 0.40447093213878715),
[92mINFO [0m:      	            (26, 0.40810001029416365),
[92mINFO [0m:      	            (27, 0.41250772629133925),
[92mINFO [0m:      	            (28, 0.41922369308336505),
[92mINFO [0m:      	            (29, 0.42072709446550394),
[92mINFO [0m:      	            (30, 0.42237597460107845),
[92mINFO [0m:      	            (31, 0.4241945497165025),
[92mINFO [0m:      	            (32, 0.4260750712088568),
[92mINFO [0m:      	            (33, 0.4263129706915638),
[92mINFO [0m:      	            (34, 0.4279537787516672),
[92mINFO [0m:      	            (35, 0.4300175091479743),
[92mINFO [0m:      	            (36, 0.43183608426339815),
[92mINFO [0m:      	            (37, 0.43458058992360105),
[92mINFO [0m:      	            (38, 0.43664976216854035),
[92mINFO [0m:      	            (39, 0.43742295816170707),
[92mINFO [0m:      	            (40, 0.43820966807897754),
[92mINFO [0m:      	            (41, 0.43885897131828333),
[92mINFO [0m:      	            (42, 0.43924516117621915),
[92mINFO [0m:      	            (43, 0.4410260061411262),
[92mINFO [0m:      	            (44, 0.4413843518735603),
[92mINFO [0m:      	            (45, 0.4424539472222311),
[92mINFO [0m:      	            (46, 0.443035862235974),
[92mINFO [0m:      	            (47, 0.4440299972836106),
[92mINFO [0m:      	            (48, 0.44546864066702563),
[92mINFO [0m:      	            (49, 0.4465140197892825),
[92mINFO [0m:      	            (50, 0.44687236552171683)]}
[92mINFO [0m:      
[36m(ClientAppActor pid=1124648)[0m /home/bax9142/federated-edge-learning/.venv/lib64/python3.13/site-packages/sklearn/metrics/_ranking.py:424: UndefinedMetricWarning: Only one class is present in y_true. ROC AUC score is not defined in that case.[32m [repeated 12x across cluster][0m
[36m(ClientAppActor pid=1124648)[0m   warnings.warn([32m [repeated 12x across cluster][0m

[36m(ClientAppActor pid=1124597)[0m    Validation: 24 samples (client-local)[32m [repeated 282x across cluster][0m
[36m(ClientAppActor pid=1124597)[0m    Test:       50737 samples (global, shared)[32m [repeated 282x across cluster][0m
[36m(ClientAppActor pid=1124608)[0m [Client 832] Data split:[32m [repeated 282x across cluster][0m
[36m(ClientAppActor pid=1124608)[0m    Train:      173 samples (client-local)[32m [repeated 282x across cluster][0m
[36m(ClientAppActor pid=1124608)[0m    Validation: 24 samples (client-local)[32m [repeated 282x across cluster][0m
[36m(ClientAppActor pid=1124608)[0m    Test:       50737 samples (global, shared)[32m [repeated 282x across cluster][0m

🎯 Multi-Threshold Aggregation:
   ═══════════════════════════════════════════════
   Evaluated 10 thresholds:
     • Thr=0.30: Recall=0.931, Spec=0.416, F1=0.336
     • Thr=0.35: Recall=0.909, Spec=0.477, F1=0.354
     • Thr=0.40: Recall=0.881, Spec=0.531, F1=0.369
   ...

   BEST Threshold: 0.50
     • Recall:      0.815
     • Specificity: 0.632
     • F1-Score:    0.399
     • Score:       0.692
   ═══════════════════════════════════════════════

⚠️  No rounds meet spec≥0.7, using recall filter only
 5 Pareto-optimal rounds (not dominated in recall & spec)

🎯 SELECTED ROUND 50:
   Recall:     0.815
   Specificity: 0.632
   F1-Score:    0.399
   Stability:   1.000
   Alerts/1000: 430.1
   Composite:   0.695


✅ Round 50 is NEW BEST - Saving checkpoint...
   💾 Checkpoint saved: result/splits_iid_scaling/splits_iid_1024_clients.json/multi_thr/model_round_50.pt
⚠️  No rounds meet spec≥0.7, using recall filter only
 5 Pareto-optimal rounds (not dominated in recall & spec)

🎯 SELECTED ROUND 50:
   Recall:     0.815
   Specificity: 0.632
   F1-Score:    0.399
   Stability:   1.000
   Alerts/1000: 430.1
   Composite:   0.695

   💾 Best model saved: result/splits_iid_scaling/splits_iid_1024_clients.json/multi_thr/model_round_50.pt
   📊 Metrics saved: result/splits_iid_scaling/splits_iid_1024_clients.json/multi_thr/run_1.json
[36m(ClientAppActor pid=1124650)[0m [Client 561] Data split:[32m [repeated 50x across cluster][0m
[36m(ClientAppActor pid=1124650)[0m    Train:      173 samples (client-local)[32m [repeated 50x across cluster][0m
[36m(ClientAppActor pid=1124650)[0m    Validation: 24 samples (client-local)[32m [repeated 50x across cluster][0m
[36m(ClientAppActor pid=1124650)[0m    Test:       50737 samples (global, shared)[32m [repeated 50x across cluster][0m
