Loading project configuration... 
Success
[92mINFO [0m:      Starting Flower ServerApp, config: num_rounds=50, no round_timeout
[92mINFO [0m:      
[92mINFO [0m:      [INIT]
[92mINFO [0m:      Requesting initial parameters from one random client
/home/bax9142/federated-edge-learning/.venv/lib64/python3.13/site-packages/ray/_private/worker.py:2051: FutureWarning: Tip: In future versions of Ray, Ray will no longer override accelerator visible devices env var if num_gpus=0 or num_gpus=None (default). To enable this behavior and turn off this error message, set RAY_ACCEL_ENV_VAR_OVERRIDE_ON_ZERO=0
  warnings.warn(
[92mINFO [0m:      Received initial parameters from one random client
[92mINFO [0m:      Starting evaluation of initial global parameters
[92mINFO [0m:      Evaluation returned no results (`None`)
[92mINFO [0m:      
[92mINFO [0m:      [ROUND 1]
[92mINFO [0m:      configure_fit: strategy sampled 1638 clients (out of 2048)
[36m(pid=gcs_server)[0m [2025-12-03 15:39:37,686 E 1137467 1137467] (gcs_server) gcs_server.cc:302: Failed to establish connection to the event+metrics exporter agent. Events and metrics will not be exported. Exporter agent status: RpcError: Running out of retries to initialize the metrics agent. rpc_code: 14
[33m(raylet)[0m [2025-12-03 15:39:39,376 E 1137714 1137714] (raylet) main.cc:975: Failed to establish connection to the metrics exporter agent. Metrics will not be exported. Exporter agent status: RpcError: Running out of retries to initialize the metrics agent. rpc_code: 14
[2025-12-03 15:39:40,821 E 1137315 1137870] core_worker_process.cc:825: Failed to establish connection to the metrics exporter agent. Metrics will not be exported. Exporter agent status: RpcError: Running out of retries to initialize the metrics agent. rpc_code: 14
[36m(ClientAppActor pid=1144478)[0m [2025-12-03 15:39:41,643 E 1144478 1147766] core_worker_process.cc:825: Failed to establish connection to the metrics exporter agent. Metrics will not be exported. Exporter agent status: RpcError: Running out of retries to initialize the metrics agent. rpc_code: 14
[92mINFO [0m:      aggregate_fit: received 1638 results and 0 failures
[92mINFO [0m:      configure_evaluate: strategy sampled 2048 clients (out of 2048)
[36m(ClientAppActor pid=1144586)[0m /home/bax9142/federated-edge-learning/.venv/lib64/python3.13/site-packages/sklearn/metrics/_ranking.py:424: UndefinedMetricWarning: Only one class is present in y_true. ROC AUC score is not defined in that case.
[36m(ClientAppActor pid=1144586)[0m   warnings.warn(
[36m(ClientAppActor pid=1144586)[0m [2025-12-03 15:39:42,252 E 1144586 1152123] core_worker_process.cc:825: Failed to establish connection to the metrics exporter agent. Metrics will not be exported. Exporter agent status: RpcError: Running out of retries to initialize the metrics agent. rpc_code: 14[32m [repeated 55x across cluster][0m
[36m(ClientAppActor pid=1144546)[0m /home/bax9142/federated-edge-learning/.venv/lib64/python3.13/site-packages/sklearn/metrics/_ranking.py:424: UndefinedMetricWarning: Only one class is present in y_true. ROC AUC score is not defined in that case.[32m [repeated 45x across cluster][0m
[36m(ClientAppActor pid=1144546)[0m   warnings.warn([32m [repeated 45x across cluster][0m
[36m(ClientAppActor pid=1144543)[0m /home/bax9142/federated-edge-learning/.venv/lib64/python3.13/site-packages/sklearn/metrics/_ranking.py:424: UndefinedMetricWarning: Only one class is present in y_true. ROC AUC score is not defined in that case.[32m [repeated 47x across cluster][0m
[36m(ClientAppActor pid=1144543)[0m   warnings.warn([32m [repeated 47x across cluster][0m
[36m(ClientAppActor pid=1144537)[0m /home/bax9142/federated-edge-learning/.venv/lib64/python3.13/site-packages/sklearn/metrics/_ranking.py:424: UndefinedMetricWarning: Only one class is present in y_true. ROC AUC score is not defined in that case.[32m [repeated 34x across cluster][0m
[36m(ClientAppActor pid=1144537)[0m   warnings.warn([32m [repeated 34x across cluster][0m
[36m(ClientAppActor pid=1144554)[0m /home/bax9142/federated-edge-learning/.venv/lib64/python3.13/site-packages/sklearn/metrics/_ranking.py:424: UndefinedMetricWarning: Only one class is present in y_true. ROC AUC score is not defined in that case.[32m [repeated 40x across cluster][0m
[36m(ClientAppActor pid=1144554)[0m   warnings.warn([32m [repeated 40x across cluster][0m
[36m(ClientAppActor pid=1144560)[0m /home/bax9142/federated-edge-learning/.venv/lib64/python3.13/site-packages/sklearn/metrics/_ranking.py:424: UndefinedMetricWarning: Only one class is present in y_true. ROC AUC score is not defined in that case.[32m [repeated 43x across cluster][0m
[36m(ClientAppActor pid=1144560)[0m   warnings.warn([32m [repeated 43x across cluster][0m
[36m(ClientAppActor pid=1144556)[0m /home/bax9142/federated-edge-learning/.venv/lib64/python3.13/site-packages/sklearn/metrics/_ranking.py:424: UndefinedMetricWarning: Only one class is present in y_true. ROC AUC score is not defined in that case.[32m [repeated 32x across cluster][0m
[36m(ClientAppActor pid=1144556)[0m   warnings.warn([32m [repeated 32x across cluster][0m
[36m(ClientAppActor pid=1144581)[0m /home/bax9142/federated-edge-learning/.venv/lib64/python3.13/site-packages/sklearn/metrics/_ranking.py:424: UndefinedMetricWarning: Only one class is present in y_true. ROC AUC score is not defined in that case.[32m [repeated 39x across cluster][0m
[36m(ClientAppActor pid=1144581)[0m   warnings.warn([32m [repeated 39x across cluster][0m
[36m(ClientAppActor pid=1144585)[0m [Client 1757] Data split:
[36m(ClientAppActor pid=1144585)[0m    Train:      86 samples (client-local)
[36m(ClientAppActor pid=1144585)[0m    Validation: 12 samples (client-local)
[36m(ClientAppActor pid=1144585)[0m    Test:       50737 samples (global, shared)
[36m(ClientAppActor pid=1144585)[0m [Client 18] Data split:
[36m(ClientAppActor pid=1144585)[0m    Train:      87 samples (client-local)
[36m(ClientAppActor pid=1144585)[0m    Validation: 12 samples (client-local)
[36m(ClientAppActor pid=1144585)[0m    Test:       50737 samples (global, shared)
[36m(ClientAppActor pid=1144585)[0m [Client 1068] Data split:
[36m(ClientAppActor pid=1144585)[0m    Train:      87 samples (client-local)
[36m(ClientAppActor pid=1144585)[0m    Validation: 12 samples (client-local)
[36m(ClientAppActor pid=1144585)[0m    Test:       50737 samples (global, shared)
[36m(ClientAppActor pid=1144585)[0m [Client 1106] Data split:
[36m(ClientAppActor pid=1144585)[0m    Train:      87 samples (client-local)
[36m(ClientAppActor pid=1144585)[0m    Validation: 12 samples (client-local)
[36m(ClientAppActor pid=1144585)[0m    Test:       50737 samples (global, shared)
[36m(ClientAppActor pid=1144531)[0m [Client 611] Data split:[32m [repeated 48x across cluster] (Ray deduplicates logs by default. Set RAY_DEDUP_LOGS=0 to disable log deduplication, or see https://docs.ray.io/en/master/ray-observability/user-guides/configure-logging.html#log-deduplication for more options.)[0m
[36m(ClientAppActor pid=1144531)[0m    Train:      87 samples (client-local)[32m [repeated 48x across cluster][0m
[36m(ClientAppActor pid=1144531)[0m    Validation: 12 samples (client-local)[32m [repeated 48x across cluster][0m
[36m(ClientAppActor pid=1144531)[0m    Test:       50737 samples (global, shared)[32m [repeated 48x across cluster][0m
[36m(ClientAppActor pid=1144531)[0m [Client 1794] Data split:[32m [repeated 263x across cluster][0m
[36m(ClientAppActor pid=1144531)[0m    Train:      86 samples (client-local)[32m [repeated 263x across cluster][0m
[36m(ClientAppActor pid=1144531)[0m    Validation: 12 samples (client-local)[32m [repeated 263x across cluster][0m
[36m(ClientAppActor pid=1144531)[0m    Test:       50737 samples (global, shared)[32m [repeated 263x across cluster][0m
[36m(ClientAppActor pid=1144533)[0m [Client 1251] Data split:[32m [repeated 245x across cluster][0m
[36m(ClientAppActor pid=1144533)[0m    Train:      87 samples (client-local)[32m [repeated 245x across cluster][0m
[36m(ClientAppActor pid=1144533)[0m    Validation: 12 samples (client-local)[32m [repeated 245x across cluster][0m
[36m(ClientAppActor pid=1144533)[0m    Test:       50737 samples (global, shared)[32m [repeated 245x across cluster][0m
[36m(ClientAppActor pid=1144534)[0m [Client 403] Data split:[32m [repeated 240x across cluster][0m
[36m(ClientAppActor pid=1144534)[0m    Train:      87 samples (client-local)[32m [repeated 240x across cluster][0m
[36m(ClientAppActor pid=1144534)[0m    Validation: 12 samples (client-local)[32m [repeated 240x across cluster][0m
[36m(ClientAppActor pid=1144534)[0m    Test:       50737 samples (global, shared)[32m [repeated 240x across cluster][0m
[36m(ClientAppActor pid=1144531)[0m [Client 696] Data split:[32m [repeated 262x across cluster][0m
[36m(ClientAppActor pid=1144531)[0m    Train:      87 samples (client-local)[32m [repeated 262x across cluster][0m
[36m(ClientAppActor pid=1144531)[0m    Validation: 12 samples (client-local)[32m [repeated 262x across cluster][0m
[36m(ClientAppActor pid=1144531)[0m    Test:       50737 samples (global, shared)[32m [repeated 262x across cluster][0m
[36m(ClientAppActor pid=1144556)[0m 
[36m(ClientAppActor pid=1144547)[0m [Client 826] Data split:[32m [repeated 252x across cluster][0m
[36m(ClientAppActor pid=1144547)[0m    Train:      87 samples (client-local)[32m [repeated 252x across cluster][0m
[36m(ClientAppActor pid=1144547)[0m    Validation: 12 samples (client-local)[32m [repeated 252x across cluster][0m
[36m(ClientAppActor pid=1144547)[0m    Test:       50737 samples (global, shared)[32m [repeated 252x across cluster][0m
[36m(ClientAppActor pid=1144531)[0m [Client 526] Data split:[32m [repeated 257x across cluster][0m
[36m(ClientAppActor pid=1144531)[0m    Train:      87 samples (client-local)[32m [repeated 257x across cluster][0m
[36m(ClientAppActor pid=1144531)[0m    Validation: 12 samples (client-local)[32m [repeated 257x across cluster][0m
[36m(ClientAppActor pid=1144531)[0m    Test:       50737 samples (global, shared)[32m [repeated 257x across cluster][0m
[36m(ClientAppActor pid=1144538)[0m [Client 16] Data split:[32m [repeated 194x across cluster][0m
[36m(ClientAppActor pid=1144538)[0m    Train:      87 samples (client-local)[32m [repeated 194x across cluster][0m
[36m(ClientAppActor pid=1144538)[0m    Validation: 12 samples (client-local)[32m [repeated 194x across cluster][0m
[36m(ClientAppActor pid=1144538)[0m    Test:       50737 samples (global, shared)[32m [repeated 194x across cluster][0m
[36m(ClientAppActor pid=1144534)[0m [Client 499] Data split:[32m [repeated 253x across cluster][0m
[36m(ClientAppActor pid=1144534)[0m    Train:      87 samples (client-local)[32m [repeated 253x across cluster][0m
[36m(ClientAppActor pid=1144534)[0m    Validation: 12 samples (client-local)[32m [repeated 253x across cluster][0m
[36m(ClientAppActor pid=1144534)[0m    Test:       50737 samples (global, shared)[32m [repeated 253x across cluster][0m
[36m(ClientAppActor pid=1144552)[0m [Client 236] Data split:[32m [repeated 253x across cluster][0m
[36m(ClientAppActor pid=1144552)[0m    Train:      87 samples (client-local)[32m [repeated 253x across cluster][0m
[36m(ClientAppActor pid=1144552)[0m    Validation: 12 samples (client-local)[32m [repeated 253x across cluster][0m
[36m(ClientAppActor pid=1144552)[0m    Test:       50737 samples (global, shared)[32m [repeated 253x across cluster][0m
[36m(ClientAppActor pid=1144539)[0m [Client 1823] Data split:[32m [repeated 254x across cluster][0m
[36m(ClientAppActor pid=1144539)[0m    Train:      86 samples (client-local)[32m [repeated 254x across cluster][0m
[36m(ClientAppActor pid=1144539)[0m    Validation: 12 samples (client-local)[32m [repeated 254x across cluster][0m
[36m(ClientAppActor pid=1144539)[0m    Test:       50737 samples (global, shared)[32m [repeated 254x across cluster][0m
[36m(ClientAppActor pid=1144539)[0m [Client 1725] Data split:[32m [repeated 250x across cluster][0m
[36m(ClientAppActor pid=1144539)[0m    Train:      86 samples (client-local)[32m [repeated 250x across cluster][0m
[36m(ClientAppActor pid=1144539)[0m    Validation: 12 samples (client-local)[32m [repeated 250x across cluster][0m
[36m(ClientAppActor pid=1144539)[0m    Test:       50737 samples (global, shared)[32m [repeated 250x across cluster][0m
[36m(ClientAppActor pid=1144544)[0m 
[36m(ClientAppActor pid=1144531)[0m [Client 918] Data split:[32m [repeated 248x across cluster][0m
[36m(ClientAppActor pid=1144531)[0m    Train:      87 samples (client-local)[32m [repeated 248x across cluster][0m
[36m(ClientAppActor pid=1144531)[0m    Validation: 12 samples (client-local)[32m [repeated 248x across cluster][0m
[36m(ClientAppActor pid=1144531)[0m    Test:       50737 samples (global, shared)[32m [repeated 248x across cluster][0m
[36m(ClientAppActor pid=1144548)[0m [Client 137] Data split:[32m [repeated 238x across cluster][0m
[36m(ClientAppActor pid=1144548)[0m    Train:      87 samples (client-local)[32m [repeated 238x across cluster][0m
[36m(ClientAppActor pid=1144548)[0m    Validation: 12 samples (client-local)[32m [repeated 238x across cluster][0m
[36m(ClientAppActor pid=1144548)[0m    Test:       50737 samples (global, shared)[32m [repeated 238x across cluster][0m
[36m(ClientAppActor pid=1144541)[0m [Client 102] Data split:[32m [repeated 260x across cluster][0m
[36m(ClientAppActor pid=1144541)[0m    Train:      87 samples (client-local)[32m [repeated 260x across cluster][0m[36m(ClientAppActor pid=1144560)[0m /home/bax9142/federated-edge-learning/.venv/lib64/python3.13/site-packages/sklearn/metrics/_ranking.py:424: UndefinedMetricWarning: Only one class is present in y_true. ROC AUC score is not defined in that case.[32m [repeated 41x across cluster][0m
[36m(ClientAppActor pid=1144560)[0m   warnings.warn([32m [repeated 41x across cluster][0m
[92mINFO [0m:      aggregate_evaluate: received 2048 results and 0 failures
[92mINFO [0m:      
[92mINFO [0m:      [ROUND 2]
[92mINFO [0m:      configure_fit: strategy sampled 1638 clients (out of 2048)
[92mINFO [0m:      aggregate_fit: received 1638 results and 0 failures
[92mINFO [0m:      configure_evaluate: strategy sampled 2048 clients (out of 2048)
[36m(ClientAppActor pid=1144553)[0m /home/bax9142/federated-edge-learning/.venv/lib64/python3.13/site-packages/sklearn/metrics/_ranking.py:424: UndefinedMetricWarning: Only one class is present in y_true. ROC AUC score is not defined in that case.
[36m(ClientAppActor pid=1144553)[0m   warnings.warn(
[36m(ClientAppActor pid=1144533)[0m /home/bax9142/federated-edge-learning/.venv/lib64/python3.13/site-packages/sklearn/metrics/_ranking.py:424: UndefinedMetricWarning: Only one class is present in y_true. ROC AUC score is not defined in that case.
[36m(ClientAppActor pid=1144533)[0m   warnings.warn(
[36m(ClientAppActor pid=1144538)[0m /home/bax9142/federated-edge-learning/.venv/lib64/python3.13/site-packages/sklearn/metrics/_ranking.py:424: UndefinedMetricWarning: Only one class is present in y_true. ROC AUC score is not defined in that case.[32m [repeated 36x across cluster][0m
[36m(ClientAppActor pid=1144538)[0m   warnings.warn([32m [repeated 36x across cluster][0m
[36m(ClientAppActor pid=1144556)[0m /home/bax9142/federated-edge-learning/.venv/lib64/python3.13/site-packages/sklearn/metrics/_ranking.py:424: UndefinedMetricWarning: Only one class is present in y_true. ROC AUC score is not defined in that case.[32m [repeated 49x across cluster][0m
[36m(ClientAppActor pid=1144556)[0m   warnings.warn([32m [repeated 49x across cluster][0m
[36m(ClientAppActor pid=1144555)[0m /home/bax9142/federated-edge-learning/.venv/lib64/python3.13/site-packages/sklearn/metrics/_ranking.py:424: UndefinedMetricWarning: Only one class is present in y_true. ROC AUC score is not defined in that case.[32m [repeated 43x across cluster][0m
[36m(ClientAppActor pid=1144555)[0m   warnings.warn([32m [repeated 43x across cluster][0m
[36m(ClientAppActor pid=1144545)[0m /home/bax9142/federated-edge-learning/.venv/lib64/python3.13/site-packages/sklearn/metrics/_ranking.py:424: UndefinedMetricWarning: Only one class is present in y_true. ROC AUC score is not defined in that case.[32m [repeated 30x across cluster][0m
[36m(ClientAppActor pid=1144545)[0m   warnings.warn([32m [repeated 30x across cluster][0m
[36m(ClientAppActor pid=1144534)[0m /home/bax9142/federated-edge-learning/.venv/lib64/python3.13/site-packages/sklearn/metrics/_ranking.py:424: UndefinedMetricWarning: Only one class is present in y_true. ROC AUC score is not defined in that case.[32m [repeated 41x across cluster][0m
[36m(ClientAppActor pid=1144534)[0m   warnings.warn([32m [repeated 41x across cluster][0m
[36m(ClientAppActor pid=1144534)[0m /home/bax9142/federated-edge-learning/.venv/lib64/python3.13/site-packages/sklearn/metrics/_ranking.py:424: UndefinedMetricWarning: Only one class is present in y_true. ROC AUC score is not defined in that case.[32m [repeated 36x across cluster][0m
[36m(ClientAppActor pid=1144534)[0m   warnings.warn([32m [repeated 36x across cluster][0m

[36m(ClientAppActor pid=1144541)[0m    Validation: 12 samples (client-local)[32m [repeated 260x across cluster][0m
[36m(ClientAppActor pid=1144541)[0m    Test:       50737 samples (global, shared)[32m [repeated 260x across cluster][0m
⚠️  No threshold meets min_recall=0.75, using best youden index.

🎯 Multi-Threshold Aggregation:
   ═══════════════════════════════════════════════
   Evaluated 10 thresholds:
     • Thr=0.30: Recall=0.171, Spec=0.683, F1=0.109
     • Thr=0.35: Recall=0.131, Spec=0.753, F1=0.099
     • Thr=0.40: Recall=0.106, Spec=0.811, F1=0.093
   ...

   BEST Threshold: 0.75
     • Recall:      0.005
     • Specificity: 0.990
     • F1-Score:    0.009
     • Score:       -1.000
   ═══════════════════════════════════════════════

WARNING: No rounds meet min recall 0.75
           Using best available recall instead
Found 1 rounds with recall≥0.75 AND spec≥0.7
 1 Pareto-optimal rounds (not dominated in recall & spec)

🎯 SELECTED ROUND 1:
   Recall:     0.005
   Specificity: 0.990
   F1-Score:    0.009
   Stability:   1.000
   Alerts/1000: 9.5
   Composite:   0.401


✅ Round 1 is NEW BEST - Saving checkpoint...
   💾 Checkpoint saved: result/splits_iid_scaling/splits_iid_2048_clients.json/multi_thr/model_round_1.pt
WARNING: No rounds meet min recall 0.75
           Using best available recall instead
Found 1 rounds with recall≥0.75 AND spec≥0.7
 1 Pareto-optimal rounds (not dominated in recall & spec)

🎯 SELECTED ROUND 1:
   Recall:     0.005
   Specificity: 0.990
   F1-Score:    0.009
   Stability:   1.000
   Alerts/1000: 9.5
   Composite:   0.401

   💾 Best model saved: result/splits_iid_scaling/splits_iid_2048_clients.json/multi_thr/model_round_1.pt
   📊 Metrics saved: result/splits_iid_scaling/splits_iid_2048_clients.json/multi_thr/run_1.json
[36m(ClientAppActor pid=1144541)[0m [Client 1197] Data split:[32m [repeated 225x across cluster][0m
[36m(ClientAppActor pid=1144541)[0m    Train:      87 samples (client-local)[32m [repeated 225x across cluster][0m
[36m(ClientAppActor pid=1144541)[0m    Validation: 12 samples (client-local)[32m [repeated 225x across cluster][0m
[36m(ClientAppActor pid=1144541)[0m    Test:       50737 samples (global, shared)[32m [repeated 225x across cluster][0m
[36m(ClientAppActor pid=1144569)[0m [Client 2007] Data split:[32m [repeated 252x across cluster][0m
[36m(ClientAppActor pid=1144569)[0m    Train:      86 samples (client-local)[32m [repeated 252x across cluster][0m
[36m(ClientAppActor pid=1144569)[0m    Validation: 12 samples (client-local)[32m [repeated 252x across cluster][0m
[36m(ClientAppActor pid=1144569)[0m    Test:       50737 samples (global, shared)[32m [repeated 252x across cluster][0m
[36m(ClientAppActor pid=1144541)[0m [Client 1900] Data split:[32m [repeated 257x across cluster][0m
[36m(ClientAppActor pid=1144541)[0m    Train:      86 samples (client-local)[32m [repeated 257x across cluster][0m
[36m(ClientAppActor pid=1144541)[0m    Validation: 12 samples (client-local)[32m [repeated 257x across cluster][0m
[36m(ClientAppActor pid=1144541)[0m    Test:       50737 samples (global, shared)[32m [repeated 257x across cluster][0m
[36m(ClientAppActor pid=1144541)[0m [Client 967] Data split:[32m [repeated 246x across cluster][0m
[36m(ClientAppActor pid=1144541)[0m    Train:      87 samples (client-local)[32m [repeated 246x across cluster][0m
[36m(ClientAppActor pid=1144541)[0m    Validation: 12 samples (client-local)[32m [repeated 246x across cluster][0m
[36m(ClientAppActor pid=1144541)[0m    Test:       50737 samples (global, shared)[32m [repeated 246x across cluster][0m
[36m(ClientAppActor pid=1144554)[0m [Client 50] Data split:[32m [repeated 254x across cluster][0m
[36m(ClientAppActor pid=1144554)[0m    Train:      87 samples (client-local)[32m [repeated 254x across cluster][0m
[36m(ClientAppActor pid=1144554)[0m    Validation: 12 samples (client-local)[32m [repeated 254x across cluster][0m
[36m(ClientAppActor pid=1144554)[0m    Test:       50737 samples (global, shared)[32m [repeated 254x across cluster][0m
[36m(ClientAppActor pid=1144548)[0m [Client 1776] Data split:[32m [repeated 258x across cluster][0m
[36m(ClientAppActor pid=1144548)[0m    Train:      86 samples (client-local)[32m [repeated 258x across cluster][0m
[36m(ClientAppActor pid=1144548)[0m    Validation: 12 samples (client-local)[32m [repeated 258x across cluster][0m
[36m(ClientAppActor pid=1144548)[0m    Test:       50737 samples (global, shared)[32m [repeated 258x across cluster][0m
[36m(ClientAppActor pid=1144539)[0m [Client 1171] Data split:[32m [repeated 242x across cluster][0m
[36m(ClientAppActor pid=1144539)[0m    Train:      87 samples (client-local)[32m [repeated 242x across cluster][0m
[36m(ClientAppActor pid=1144539)[0m    Validation: 12 samples (client-local)[32m [repeated 242x across cluster][0m
[36m(ClientAppActor pid=1144539)[0m    Test:       50737 samples (global, shared)[32m [repeated 242x across cluster][0m
[36m(ClientAppActor pid=1144534)[0m [Client 1211] Data split:[32m [repeated 202x across cluster][0m
[36m(ClientAppActor pid=1144534)[0m    Train:      87 samples (client-local)[32m [repeated 202x across cluster][0m
[36m(ClientAppActor pid=1144534)[0m    Validation: 12 samples (client-local)[32m [repeated 202x across cluster][0m
[36m(ClientAppActor pid=1144534)[0m    Test:       50737 samples (global, shared)[32m [repeated 202x across cluster][0m
[36m(ClientAppActor pid=1144533)[0m [Client 1662] Data split:[32m [repeated 258x across cluster][0m
[36m(ClientAppActor pid=1144533)[0m    Train:      86 samples (client-local)[32m [repeated 258x across cluster][0m
[36m(ClientAppActor pid=1144533)[0m    Validation: 12 samples (client-local)[32m [repeated 258x across cluster][0m
[36m(ClientAppActor pid=1144533)[0m    Test:       50737 samples (global, shared)[32m [repeated 258x across cluster][0m
[36m(ClientAppActor pid=1144534)[0m [Client 1928] Data split:[32m [repeated 255x across cluster][0m
[36m(ClientAppActor pid=1144534)[0m    Train:      86 samples (client-local)[32m [repeated 255x across cluster][0m
[36m(ClientAppActor pid=1144534)[0m    Validation: 12 samples (client-local)[32m [repeated 255x across cluster][0m
[36m(ClientAppActor pid=1144534)[0m    Test:       50737 samples (global, shared)[32m [repeated 255x across cluster][0m
[36m(ClientAppActor pid=1144534)[0m [Client 139] Data split:[32m [repeated 245x across cluster][0m
[36m(ClientAppActor pid=1144534)[0m    Train:      87 samples (client-local)[32m [repeated 245x across cluster][0m
[36m(ClientAppActor pid=1144534)[0m    Validation: 12 samples (client-local)[32m [repeated 245x across cluster][0m
[36m(ClientAppActor pid=1144534)[0m    Test:       50737 samples (global, shared)[32m [repeated 245x across cluster][0m
[36m(ClientAppActor pid=1144531)[0m [Client 392] Data split:[32m [repeated 247x across cluster][0m
[36m(ClientAppActor pid=1144531)[0m    Train:      87 samples (client-local)[32m [repeated 247x across cluster][0m
[36m(ClientAppActor pid=1144531)[0m    Validation: 12 samples (client-local)[32m [repeated 247x across cluster][0m
[36m(ClientAppActor pid=1144531)[0m    Test:       50737 samples (global, shared)[32m [repeated 247x across cluster][0m
[36m(ClientAppActor pid=1144548)[0m [Client 121] Data split:[32m [repeated 256x across cluster][0m
[36m(ClientAppActor pid=1144548)[0m    Train:      87 samples (client-local)[32m [repeated 256x across cluster][0m
[36m(ClientAppActor pid=1144548)[0m    Validation: 12 samples (client-local)[32m [repeated 256x across cluster][0m
[36m(ClientAppActor pid=1144548)[0m    Test:       50737 samples (global, shared)[32m [repeated 256x across cluster][0m
[36m(ClientAppActor pid=1144536)[0m [Client 128] Data split:[32m [repeated 251x across cluster][0m
[36m(ClientAppActor pid=1144536)[0m    Train:      87 samples (client-local)[32m [repeated 251x across cluster][0m[36m(ClientAppActor pid=1144543)[0m /home/bax9142/federated-edge-learning/.venv/lib64/python3.13/site-packages/sklearn/metrics/_ranking.py:424: UndefinedMetricWarning: Only one class is present in y_true. ROC AUC score is not defined in that case.[32m [repeated 49x across cluster][0m
[36m(ClientAppActor pid=1144543)[0m   warnings.warn([32m [repeated 49x across cluster][0m
[92mINFO [0m:      aggregate_evaluate: received 2048 results and 0 failures
[92mINFO [0m:      
[92mINFO [0m:      [ROUND 3]
[92mINFO [0m:      configure_fit: strategy sampled 1638 clients (out of 2048)
[92mINFO [0m:      aggregate_fit: received 1638 results and 0 failures
[92mINFO [0m:      configure_evaluate: strategy sampled 2048 clients (out of 2048)
[36m(ClientAppActor pid=1144549)[0m /home/bax9142/federated-edge-learning/.venv/lib64/python3.13/site-packages/sklearn/metrics/_ranking.py:424: UndefinedMetricWarning: Only one class is present in y_true. ROC AUC score is not defined in that case.[32m [repeated 37x across cluster][0m
[36m(ClientAppActor pid=1144549)[0m   warnings.warn([32m [repeated 37x across cluster][0m
[36m(ClientAppActor pid=1144537)[0m /home/bax9142/federated-edge-learning/.venv/lib64/python3.13/site-packages/sklearn/metrics/_ranking.py:424: UndefinedMetricWarning: Only one class is present in y_true. ROC AUC score is not defined in that case.[32m [repeated 43x across cluster][0m
[36m(ClientAppActor pid=1144537)[0m   warnings.warn([32m [repeated 43x across cluster][0m
[36m(ClientAppActor pid=1144542)[0m /home/bax9142/federated-edge-learning/.venv/lib64/python3.13/site-packages/sklearn/metrics/_ranking.py:424: UndefinedMetricWarning: Only one class is present in y_true. ROC AUC score is not defined in that case.[32m [repeated 41x across cluster][0m
[36m(ClientAppActor pid=1144542)[0m   warnings.warn([32m [repeated 41x across cluster][0m
[36m(ClientAppActor pid=1144536)[0m /home/bax9142/federated-edge-learning/.venv/lib64/python3.13/site-packages/sklearn/metrics/_ranking.py:424: UndefinedMetricWarning: Only one class is present in y_true. ROC AUC score is not defined in that case.[32m [repeated 34x across cluster][0m
[36m(ClientAppActor pid=1144536)[0m   warnings.warn([32m [repeated 34x across cluster][0m
[36m(ClientAppActor pid=1144544)[0m /home/bax9142/federated-edge-learning/.venv/lib64/python3.13/site-packages/sklearn/metrics/_ranking.py:424: UndefinedMetricWarning: Only one class is present in y_true. ROC AUC score is not defined in that case.[32m [repeated 36x across cluster][0m
[36m(ClientAppActor pid=1144544)[0m   warnings.warn([32m [repeated 36x across cluster][0m
[36m(ClientAppActor pid=1144548)[0m /home/bax9142/federated-edge-learning/.venv/lib64/python3.13/site-packages/sklearn/metrics/_ranking.py:424: UndefinedMetricWarning: Only one class is present in y_true. ROC AUC score is not defined in that case.[32m [repeated 58x across cluster][0m
[36m(ClientAppActor pid=1144548)[0m   warnings.warn([32m [repeated 58x across cluster][0m

[36m(ClientAppActor pid=1144536)[0m    Validation: 12 samples (client-local)[32m [repeated 251x across cluster][0m
[36m(ClientAppActor pid=1144536)[0m    Test:       50737 samples (global, shared)[32m [repeated 251x across cluster][0m
[36m(ClientAppActor pid=1144569)[0m [Client 2029] Data split:[32m [repeated 252x across cluster][0m
[36m(ClientAppActor pid=1144569)[0m    Train:      86 samples (client-local)[32m [repeated 252x across cluster][0m
[36m(ClientAppActor pid=1144569)[0m    Validation: 12 samples (client-local)[32m [repeated 252x across cluster][0m
[36m(ClientAppActor pid=1144569)[0m    Test:       50737 samples (global, shared)[32m [repeated 252x across cluster][0m
⚠️  No threshold meets min_recall=0.75, using best youden index.

🎯 Multi-Threshold Aggregation:
   ═══════════════════════════════════════════════
   Evaluated 10 thresholds:
     • Thr=0.30: Recall=0.284, Spec=0.564, F1=0.143
     • Thr=0.35: Recall=0.231, Spec=0.637, F1=0.133
     • Thr=0.40: Recall=0.182, Spec=0.713, F1=0.123
   ...

   BEST Threshold: 0.75
     • Recall:      0.016
     • Specificity: 0.970
     • F1-Score:    0.026
     • Score:       -1.000
   ═══════════════════════════════════════════════

WARNING: No rounds meet min recall 0.75
           Using best available recall instead
Found 2 rounds with recall≥0.75 AND spec≥0.7
 2 Pareto-optimal rounds (not dominated in recall & spec)

🎯 SELECTED ROUND 2:
   Recall:     0.016
   Specificity: 0.970
   F1-Score:    0.026
   Stability:   0.999
   Alerts/1000: 27.9
   Composite:   0.402


✅ Round 2 is NEW BEST - Saving checkpoint...
   💾 Checkpoint saved: result/splits_iid_scaling/splits_iid_2048_clients.json/multi_thr/model_round_2.pt
WARNING: No rounds meet min recall 0.75
           Using best available recall instead
Found 2 rounds with recall≥0.75 AND spec≥0.7
 2 Pareto-optimal rounds (not dominated in recall & spec)

🎯 SELECTED ROUND 2:
   Recall:     0.016
   Specificity: 0.970
   F1-Score:    0.026
   Stability:   0.999
   Alerts/1000: 27.9
   Composite:   0.402

   💾 Best model saved: result/splits_iid_scaling/splits_iid_2048_clients.json/multi_thr/model_round_2.pt
   📊 Metrics saved: result/splits_iid_scaling/splits_iid_2048_clients.json/multi_thr/run_1.json
[36m(ClientAppActor pid=1144538)[0m [Client 1544] Data split:[32m [repeated 229x across cluster][0m
[36m(ClientAppActor pid=1144538)[0m    Train:      86 samples (client-local)[32m [repeated 229x across cluster][0m
[36m(ClientAppActor pid=1144538)[0m    Validation: 12 samples (client-local)[32m [repeated 229x across cluster][0m
[36m(ClientAppActor pid=1144538)[0m    Test:       50737 samples (global, shared)[32m [repeated 229x across cluster][0m
[36m(ClientAppActor pid=1144587)[0m [Client 1875] Data split:[32m [repeated 267x across cluster][0m
[36m(ClientAppActor pid=1144587)[0m    Train:      86 samples (client-local)[32m [repeated 267x across cluster][0m
[36m(ClientAppActor pid=1144587)[0m    Validation: 12 samples (client-local)[32m [repeated 267x across cluster][0m
[36m(ClientAppActor pid=1144587)[0m    Test:       50737 samples (global, shared)[32m [repeated 267x across cluster][0m
[36m(ClientAppActor pid=1144534)[0m [Client 374] Data split:[32m [repeated 253x across cluster][0m
[36m(ClientAppActor pid=1144534)[0m    Train:      87 samples (client-local)[32m [repeated 253x across cluster][0m
[36m(ClientAppActor pid=1144534)[0m    Validation: 12 samples (client-local)[32m [repeated 253x across cluster][0m
[36m(ClientAppActor pid=1144534)[0m    Test:       50737 samples (global, shared)[32m [repeated 253x across cluster][0m
[36m(ClientAppActor pid=1144533)[0m [Client 147] Data split:[32m [repeated 252x across cluster][0m
[36m(ClientAppActor pid=1144533)[0m    Train:      87 samples (client-local)[32m [repeated 252x across cluster][0m
[36m(ClientAppActor pid=1144533)[0m    Validation: 12 samples (client-local)[32m [repeated 252x across cluster][0m
[36m(ClientAppActor pid=1144533)[0m    Test:       50737 samples (global, shared)[32m [repeated 252x across cluster][0m
[36m(ClientAppActor pid=1144538)[0m [Client 984] Data split:[32m [repeated 256x across cluster][0m
[36m(ClientAppActor pid=1144538)[0m    Train:      87 samples (client-local)[32m [repeated 256x across cluster][0m
[36m(ClientAppActor pid=1144538)[0m    Validation: 12 samples (client-local)[32m [repeated 256x across cluster][0m
[36m(ClientAppActor pid=1144538)[0m    Test:       50737 samples (global, shared)[32m [repeated 256x across cluster][0m
[36m(ClientAppActor pid=1144533)[0m [Client 384] Data split:[32m [repeated 249x across cluster][0m
[36m(ClientAppActor pid=1144533)[0m    Train:      87 samples (client-local)[32m [repeated 249x across cluster][0m
[36m(ClientAppActor pid=1144533)[0m    Validation: 12 samples (client-local)[32m [repeated 249x across cluster][0m
[36m(ClientAppActor pid=1144533)[0m    Test:       50737 samples (global, shared)[32m [repeated 249x across cluster][0m
[36m(ClientAppActor pid=1144538)[0m [Client 826] Data split:[32m [repeated 255x across cluster][0m
[36m(ClientAppActor pid=1144538)[0m    Train:      87 samples (client-local)[32m [repeated 255x across cluster][0m
[36m(ClientAppActor pid=1144538)[0m    Validation: 12 samples (client-local)[32m [repeated 255x across cluster][0m
[36m(ClientAppActor pid=1144538)[0m    Test:       50737 samples (global, shared)[32m [repeated 255x across cluster][0m
[36m(ClientAppActor pid=1144531)[0m [Client 1652] Data split:[32m [repeated 187x across cluster][0m
[36m(ClientAppActor pid=1144531)[0m    Train:      86 samples (client-local)[32m [repeated 187x across cluster][0m
[36m(ClientAppActor pid=1144531)[0m    Validation: 12 samples (client-local)[32m [repeated 187x across cluster][0m
[36m(ClientAppActor pid=1144531)[0m    Test:       50737 samples (global, shared)[32m [repeated 187x across cluster][0m
[36m(ClientAppActor pid=1144537)[0m [Client 1209] Data split:[32m [repeated 254x across cluster][0m
[36m(ClientAppActor pid=1144537)[0m    Train:      87 samples (client-local)[32m [repeated 254x across cluster][0m
[36m(ClientAppActor pid=1144537)[0m    Validation: 12 samples (client-local)[32m [repeated 254x across cluster][0m
[36m(ClientAppActor pid=1144537)[0m    Test:       50737 samples (global, shared)[32m [repeated 254x across cluster][0m
[36m(ClientAppActor pid=1144537)[0m [Client 422] Data split:[32m [repeated 243x across cluster][0m
[36m(ClientAppActor pid=1144537)[0m    Train:      87 samples (client-local)[32m [repeated 243x across cluster][0m
[36m(ClientAppActor pid=1144537)[0m    Validation: 12 samples (client-local)[32m [repeated 243x across cluster][0m
[36m(ClientAppActor pid=1144537)[0m    Test:       50737 samples (global, shared)[32m [repeated 243x across cluster][0m
[36m(ClientAppActor pid=1144531)[0m [Client 251] Data split:[32m [repeated 259x across cluster][0m
[36m(ClientAppActor pid=1144531)[0m    Train:      87 samples (client-local)[32m [repeated 259x across cluster][0m
[36m(ClientAppActor pid=1144531)[0m    Validation: 12 samples (client-local)[32m [repeated 259x across cluster][0m
[36m(ClientAppActor pid=1144531)[0m    Test:       50737 samples (global, shared)[32m [repeated 259x across cluster][0m
[36m(ClientAppActor pid=1144538)[0m [Client 1388] Data split:[32m [repeated 245x across cluster][0m
[36m(ClientAppActor pid=1144538)[0m    Train:      87 samples (client-local)[32m [repeated 245x across cluster][0m
[36m(ClientAppActor pid=1144538)[0m    Validation: 12 samples (client-local)[32m [repeated 245x across cluster][0m
[36m(ClientAppActor pid=1144538)[0m    Test:       50737 samples (global, shared)[32m [repeated 245x across cluster][0m
[36m(ClientAppActor pid=1144531)[0m [Client 1239] Data split:[32m [repeated 255x across cluster][0m
[36m(ClientAppActor pid=1144531)[0m    Train:      87 samples (client-local)[32m [repeated 255x across cluster][0m[36m(ClientAppActor pid=1144554)[0m /home/bax9142/federated-edge-learning/.venv/lib64/python3.13/site-packages/sklearn/metrics/_ranking.py:424: UndefinedMetricWarning: Only one class is present in y_true. ROC AUC score is not defined in that case.[32m [repeated 41x across cluster][0m
[36m(ClientAppActor pid=1144554)[0m   warnings.warn([32m [repeated 41x across cluster][0m
[36m(ClientAppActor pid=1144542)[0m /home/bax9142/federated-edge-learning/.venv/lib64/python3.13/site-packages/sklearn/metrics/_ranking.py:424: UndefinedMetricWarning: Only one class is present in y_true. ROC AUC score is not defined in that case.[32m [repeated 37x across cluster][0m
[36m(ClientAppActor pid=1144542)[0m   warnings.warn([32m [repeated 37x across cluster][0m
[92mINFO [0m:      aggregate_evaluate: received 2048 results and 0 failures
[92mINFO [0m:      
[92mINFO [0m:      [ROUND 4]
[92mINFO [0m:      configure_fit: strategy sampled 1638 clients (out of 2048)
[92mINFO [0m:      aggregate_fit: received 1638 results and 0 failures
[92mINFO [0m:      configure_evaluate: strategy sampled 2048 clients (out of 2048)
[36m(ClientAppActor pid=1144549)[0m /home/bax9142/federated-edge-learning/.venv/lib64/python3.13/site-packages/sklearn/metrics/_ranking.py:424: UndefinedMetricWarning: Only one class is present in y_true. ROC AUC score is not defined in that case.[32m [repeated 32x across cluster][0m
[36m(ClientAppActor pid=1144549)[0m   warnings.warn([32m [repeated 32x across cluster][0m
[36m(ClientAppActor pid=1144544)[0m /home/bax9142/federated-edge-learning/.venv/lib64/python3.13/site-packages/sklearn/metrics/_ranking.py:424: UndefinedMetricWarning: Only one class is present in y_true. ROC AUC score is not defined in that case.[32m [repeated 45x across cluster][0m
[36m(ClientAppActor pid=1144544)[0m   warnings.warn([32m [repeated 45x across cluster][0m
[36m(ClientAppActor pid=1144581)[0m /home/bax9142/federated-edge-learning/.venv/lib64/python3.13/site-packages/sklearn/metrics/_ranking.py:424: UndefinedMetricWarning: Only one class is present in y_true. ROC AUC score is not defined in that case.[32m [repeated 37x across cluster][0m
[36m(ClientAppActor pid=1144581)[0m   warnings.warn([32m [repeated 37x across cluster][0m
[36m(ClientAppActor pid=1144586)[0m /home/bax9142/federated-edge-learning/.venv/lib64/python3.13/site-packages/sklearn/metrics/_ranking.py:424: UndefinedMetricWarning: Only one class is present in y_true. ROC AUC score is not defined in that case.[32m [repeated 29x across cluster][0m
[36m(ClientAppActor pid=1144586)[0m   warnings.warn([32m [repeated 29x across cluster][0m
[36m(ClientAppActor pid=1144533)[0m /home/bax9142/federated-edge-learning/.venv/lib64/python3.13/site-packages/sklearn/metrics/_ranking.py:424: UndefinedMetricWarning: Only one class is present in y_true. ROC AUC score is not defined in that case.[32m [repeated 44x across cluster][0m
[36m(ClientAppActor pid=1144533)[0m   warnings.warn([32m [repeated 44x across cluster][0m

[36m(ClientAppActor pid=1144531)[0m    Validation: 12 samples (client-local)[32m [repeated 255x across cluster][0m
[36m(ClientAppActor pid=1144531)[0m    Test:       50737 samples (global, shared)[32m [repeated 255x across cluster][0m
[36m(ClientAppActor pid=1144545)[0m [Client 101] Data split:[32m [repeated 248x across cluster][0m
[36m(ClientAppActor pid=1144545)[0m    Train:      87 samples (client-local)[32m [repeated 248x across cluster][0m
[36m(ClientAppActor pid=1144545)[0m    Validation: 12 samples (client-local)[32m [repeated 248x across cluster][0m
[36m(ClientAppActor pid=1144545)[0m    Test:       50737 samples (global, shared)[32m [repeated 248x across cluster][0m
[36m(ClientAppActor pid=1144537)[0m [Client 2032] Data split:[32m [repeated 256x across cluster][0m
[36m(ClientAppActor pid=1144537)[0m    Train:      86 samples (client-local)[32m [repeated 256x across cluster][0m
[36m(ClientAppActor pid=1144537)[0m    Validation: 12 samples (client-local)[32m [repeated 256x across cluster][0m
[36m(ClientAppActor pid=1144537)[0m    Test:       50737 samples (global, shared)[32m [repeated 256x across cluster][0m
⚠️  No threshold meets min_recall=0.75, using best youden index.

🎯 Multi-Threshold Aggregation:
   ═══════════════════════════════════════════════
   Evaluated 10 thresholds:
     • Thr=0.30: Recall=0.363, Spec=0.505, F1=0.164
     • Thr=0.35: Recall=0.300, Spec=0.578, F1=0.153
     • Thr=0.40: Recall=0.245, Spec=0.652, F1=0.144
   ...

   BEST Threshold: 0.75
     • Recall:      0.028
     • Specificity: 0.958
     • F1-Score:    0.044
     • Score:       -1.000
   ═══════════════════════════════════════════════

WARNING: No rounds meet min recall 0.75
           Using best available recall instead
Found 3 rounds with recall≥0.75 AND spec≥0.7
 3 Pareto-optimal rounds (not dominated in recall & spec)

🎯 SELECTED ROUND 3:
   Recall:     0.028
   Specificity: 0.958
   F1-Score:    0.044
   Stability:   0.997
   Alerts/1000: 40.2
   Composite:   0.407


✅ Round 3 is NEW BEST - Saving checkpoint...
   💾 Checkpoint saved: result/splits_iid_scaling/splits_iid_2048_clients.json/multi_thr/model_round_3.pt
WARNING: No rounds meet min recall 0.75
           Using best available recall instead
Found 3 rounds with recall≥0.75 AND spec≥0.7
 3 Pareto-optimal rounds (not dominated in recall & spec)

🎯 SELECTED ROUND 3:
   Recall:     0.028
   Specificity: 0.958
   F1-Score:    0.044
   Stability:   0.997
   Alerts/1000: 40.2
   Composite:   0.407

   💾 Best model saved: result/splits_iid_scaling/splits_iid_2048_clients.json/multi_thr/model_round_3.pt
   📊 Metrics saved: result/splits_iid_scaling/splits_iid_2048_clients.json/multi_thr/run_1.json
[36m(ClientAppActor pid=1144538)[0m [Client 1150] Data split:[32m [repeated 230x across cluster][0m
[36m(ClientAppActor pid=1144538)[0m    Train:      87 samples (client-local)[32m [repeated 230x across cluster][0m
[36m(ClientAppActor pid=1144538)[0m    Validation: 12 samples (client-local)[32m [repeated 230x across cluster][0m
[36m(ClientAppActor pid=1144538)[0m    Test:       50737 samples (global, shared)[32m [repeated 230x across cluster][0m
[36m(ClientAppActor pid=1144544)[0m [Client 2012] Data split:[32m [repeated 256x across cluster][0m
[36m(ClientAppActor pid=1144544)[0m    Train:      86 samples (client-local)[32m [repeated 256x across cluster][0m
[36m(ClientAppActor pid=1144544)[0m    Validation: 12 samples (client-local)[32m [repeated 256x across cluster][0m
[36m(ClientAppActor pid=1144544)[0m    Test:       50737 samples (global, shared)[32m [repeated 256x across cluster][0m
[36m(ClientAppActor pid=1144555)[0m [Client 1585] Data split:[32m [repeated 257x across cluster][0m
[36m(ClientAppActor pid=1144555)[0m    Train:      86 samples (client-local)[32m [repeated 257x across cluster][0m
[36m(ClientAppActor pid=1144555)[0m    Validation: 12 samples (client-local)[32m [repeated 257x across cluster][0m
[36m(ClientAppActor pid=1144555)[0m    Test:       50737 samples (global, shared)[32m [repeated 257x across cluster][0m
[36m(ClientAppActor pid=1144545)[0m [Client 1223] Data split:[32m [repeated 249x across cluster][0m
[36m(ClientAppActor pid=1144545)[0m    Train:      87 samples (client-local)[32m [repeated 249x across cluster][0m
[36m(ClientAppActor pid=1144545)[0m    Validation: 12 samples (client-local)[32m [repeated 249x across cluster][0m
[36m(ClientAppActor pid=1144545)[0m    Test:       50737 samples (global, shared)[32m [repeated 249x across cluster][0m
[36m(ClientAppActor pid=1144531)[0m [Client 176] Data split:[32m [repeated 260x across cluster][0m
[36m(ClientAppActor pid=1144531)[0m    Train:      87 samples (client-local)[32m [repeated 260x across cluster][0m
[36m(ClientAppActor pid=1144531)[0m    Validation: 12 samples (client-local)[32m [repeated 260x across cluster][0m
[36m(ClientAppActor pid=1144531)[0m    Test:       50737 samples (global, shared)[32m [repeated 260x across cluster][0m
[36m(ClientAppActor pid=1144538)[0m [Client 77] Data split:[32m [repeated 241x across cluster][0m
[36m(ClientAppActor pid=1144538)[0m    Train:      87 samples (client-local)[32m [repeated 241x across cluster][0m
[36m(ClientAppActor pid=1144538)[0m    Validation: 12 samples (client-local)[32m [repeated 241x across cluster][0m
[36m(ClientAppActor pid=1144538)[0m    Test:       50737 samples (global, shared)[32m [repeated 241x across cluster][0m
[36m(ClientAppActor pid=1144538)[0m [Client 2000] Data split:[32m [repeated 250x across cluster][0m
[36m(ClientAppActor pid=1144538)[0m    Train:      86 samples (client-local)[32m [repeated 250x across cluster][0m
[36m(ClientAppActor pid=1144538)[0m    Validation: 12 samples (client-local)[32m [repeated 250x across cluster][0m
[36m(ClientAppActor pid=1144538)[0m    Test:       50737 samples (global, shared)[32m [repeated 250x across cluster][0m
[36m(ClientAppActor pid=1144537)[0m [Client 1268] Data split:[32m [repeated 204x across cluster][0m
[36m(ClientAppActor pid=1144537)[0m    Train:      87 samples (client-local)[32m [repeated 204x across cluster][0m
[36m(ClientAppActor pid=1144537)[0m    Validation: 12 samples (client-local)[32m [repeated 204x across cluster][0m
[36m(ClientAppActor pid=1144537)[0m    Test:       50737 samples (global, shared)[32m [repeated 204x across cluster][0m
[36m(ClientAppActor pid=1144544)[0m [Client 634] Data split:[32m [repeated 247x across cluster][0m
[36m(ClientAppActor pid=1144544)[0m    Train:      87 samples (client-local)[32m [repeated 247x across cluster][0m
[36m(ClientAppActor pid=1144544)[0m    Validation: 12 samples (client-local)[32m [repeated 247x across cluster][0m
[36m(ClientAppActor pid=1144544)[0m    Test:       50737 samples (global, shared)[32m [repeated 247x across cluster][0m
[36m(ClientAppActor pid=1144541)[0m [Client 1100] Data split:[32m [repeated 256x across cluster][0m
[36m(ClientAppActor pid=1144541)[0m    Train:      87 samples (client-local)[32m [repeated 256x across cluster][0m
[36m(ClientAppActor pid=1144541)[0m    Validation: 12 samples (client-local)[32m [repeated 256x across cluster][0m
[36m(ClientAppActor pid=1144541)[0m    Test:       50737 samples (global, shared)[32m [repeated 256x across cluster][0m
[36m(ClientAppActor pid=1144531)[0m [Client 1417] Data split:[32m [repeated 252x across cluster][0m
[36m(ClientAppActor pid=1144531)[0m    Train:      87 samples (client-local)[32m [repeated 252x across cluster][0m
[36m(ClientAppActor pid=1144531)[0m    Validation: 12 samples (client-local)[32m [repeated 252x across cluster][0m
[36m(ClientAppActor pid=1144531)[0m    Test:       50737 samples (global, shared)[32m [repeated 252x across cluster][0m
[36m(ClientAppActor pid=1144533)[0m [Client 358] Data split:[32m [repeated 253x across cluster][0m
[36m(ClientAppActor pid=1144533)[0m    Train:      87 samples (client-local)[32m [repeated 253x across cluster][0m[36m(ClientAppActor pid=1144556)[0m /home/bax9142/federated-edge-learning/.venv/lib64/python3.13/site-packages/sklearn/metrics/_ranking.py:424: UndefinedMetricWarning: Only one class is present in y_true. ROC AUC score is not defined in that case.[32m [repeated 37x across cluster][0m
[36m(ClientAppActor pid=1144556)[0m   warnings.warn([32m [repeated 37x across cluster][0m
[36m(ClientAppActor pid=1144540)[0m /home/bax9142/federated-edge-learning/.venv/lib64/python3.13/site-packages/sklearn/metrics/_ranking.py:424: UndefinedMetricWarning: Only one class is present in y_true. ROC AUC score is not defined in that case.[32m [repeated 48x across cluster][0m
[36m(ClientAppActor pid=1144540)[0m   warnings.warn([32m [repeated 48x across cluster][0m
[36m(ClientAppActor pid=1144538)[0m /home/bax9142/federated-edge-learning/.venv/lib64/python3.13/site-packages/sklearn/metrics/_ranking.py:424: UndefinedMetricWarning: Only one class is present in y_true. ROC AUC score is not defined in that case.[32m [repeated 39x across cluster][0m
[36m(ClientAppActor pid=1144538)[0m   warnings.warn([32m [repeated 39x across cluster][0m
[92mINFO [0m:      aggregate_evaluate: received 2048 results and 0 failures
[92mINFO [0m:      
[92mINFO [0m:      [ROUND 5]
[92mINFO [0m:      configure_fit: strategy sampled 1638 clients (out of 2048)
[92mINFO [0m:      aggregate_fit: received 1638 results and 0 failures
[92mINFO [0m:      configure_evaluate: strategy sampled 2048 clients (out of 2048)
[36m(ClientAppActor pid=1144543)[0m /home/bax9142/federated-edge-learning/.venv/lib64/python3.13/site-packages/sklearn/metrics/_ranking.py:424: UndefinedMetricWarning: Only one class is present in y_true. ROC AUC score is not defined in that case.[32m [repeated 43x across cluster][0m
[36m(ClientAppActor pid=1144543)[0m   warnings.warn([32m [repeated 43x across cluster][0m
[36m(ClientAppActor pid=1144585)[0m /home/bax9142/federated-edge-learning/.venv/lib64/python3.13/site-packages/sklearn/metrics/_ranking.py:424: UndefinedMetricWarning: Only one class is present in y_true. ROC AUC score is not defined in that case.[32m [repeated 40x across cluster][0m
[36m(ClientAppActor pid=1144585)[0m   warnings.warn([32m [repeated 40x across cluster][0m
[36m(ClientAppActor pid=1144549)[0m /home/bax9142/federated-edge-learning/.venv/lib64/python3.13/site-packages/sklearn/metrics/_ranking.py:424: UndefinedMetricWarning: Only one class is present in y_true. ROC AUC score is not defined in that case.[32m [repeated 39x across cluster][0m
[36m(ClientAppActor pid=1144549)[0m   warnings.warn([32m [repeated 39x across cluster][0m
[36m(ClientAppActor pid=1144539)[0m /home/bax9142/federated-edge-learning/.venv/lib64/python3.13/site-packages/sklearn/metrics/_ranking.py:424: UndefinedMetricWarning: Only one class is present in y_true. ROC AUC score is not defined in that case.[32m [repeated 44x across cluster][0m
[36m(ClientAppActor pid=1144539)[0m   warnings.warn([32m [repeated 44x across cluster][0m

[36m(ClientAppActor pid=1144533)[0m    Validation: 12 samples (client-local)[32m [repeated 253x across cluster][0m
[36m(ClientAppActor pid=1144533)[0m    Test:       50737 samples (global, shared)[32m [repeated 253x across cluster][0m
[36m(ClientAppActor pid=1144541)[0m [Client 1095] Data split:[32m [repeated 256x across cluster][0m
[36m(ClientAppActor pid=1144541)[0m    Train:      87 samples (client-local)[32m [repeated 256x across cluster][0m
[36m(ClientAppActor pid=1144541)[0m    Validation: 12 samples (client-local)[32m [repeated 256x across cluster][0m
[36m(ClientAppActor pid=1144541)[0m    Test:       50737 samples (global, shared)[32m [repeated 256x across cluster][0m
[36m(ClientAppActor pid=1144531)[0m [Client 1821] Data split:[32m [repeated 252x across cluster][0m
[36m(ClientAppActor pid=1144531)[0m    Train:      86 samples (client-local)[32m [repeated 252x across cluster][0m
[36m(ClientAppActor pid=1144531)[0m    Validation: 12 samples (client-local)[32m [repeated 252x across cluster][0m
[36m(ClientAppActor pid=1144531)[0m    Test:       50737 samples (global, shared)[32m [repeated 252x across cluster][0m
[36m(ClientAppActor pid=1144531)[0m [Client 91] Data split:[32m [repeated 256x across cluster][0m
[36m(ClientAppActor pid=1144531)[0m    Train:      87 samples (client-local)[32m [repeated 256x across cluster][0m
[36m(ClientAppActor pid=1144531)[0m    Validation: 12 samples (client-local)[32m [repeated 256x across cluster][0m
[36m(ClientAppActor pid=1144531)[0m    Test:       50737 samples (global, shared)[32m [repeated 256x across cluster][0m
⚠️  No threshold meets min_recall=0.75, using best youden index.

🎯 Multi-Threshold Aggregation:
   ═══════════════════════════════════════════════
   Evaluated 10 thresholds:
     • Thr=0.30: Recall=0.445, Spec=0.443, F1=0.182
     • Thr=0.35: Recall=0.380, Spec=0.514, F1=0.173
     • Thr=0.40: Recall=0.322, Spec=0.589, F1=0.167
   ...

   BEST Threshold: 0.75
     • Recall:      0.044
     • Specificity: 0.944
     • F1-Score:    0.063
     • Score:       -1.000
   ═══════════════════════════════════════════════

WARNING: No rounds meet min recall 0.75
           Using best available recall instead
Found 4 rounds with recall≥0.75 AND spec≥0.7
 4 Pareto-optimal rounds (not dominated in recall & spec)

🎯 SELECTED ROUND 4:
   Recall:     0.044
   Specificity: 0.944
   F1-Score:    0.063
   Stability:   0.995
   Alerts/1000: 54.0
   Composite:   0.413


✅ Round 4 is NEW BEST - Saving checkpoint...
   💾 Checkpoint saved: result/splits_iid_scaling/splits_iid_2048_clients.json/multi_thr/model_round_4.pt
WARNING: No rounds meet min recall 0.75
           Using best available recall instead
Found 4 rounds with recall≥0.75 AND spec≥0.7
 4 Pareto-optimal rounds (not dominated in recall & spec)

🎯 SELECTED ROUND 4:
   Recall:     0.044
   Specificity: 0.944
   F1-Score:    0.063
   Stability:   0.995
   Alerts/1000: 54.0
   Composite:   0.413

   💾 Best model saved: result/splits_iid_scaling/splits_iid_2048_clients.json/multi_thr/model_round_4.pt
   📊 Metrics saved: result/splits_iid_scaling/splits_iid_2048_clients.json/multi_thr/run_1.json
[36m(ClientAppActor pid=1144540)[0m [Client 438] Data split:[32m [repeated 237x across cluster][0m
[36m(ClientAppActor pid=1144540)[0m    Train:      87 samples (client-local)[32m [repeated 237x across cluster][0m
[36m(ClientAppActor pid=1144540)[0m    Validation: 12 samples (client-local)[32m [repeated 237x across cluster][0m
[36m(ClientAppActor pid=1144540)[0m    Test:       50737 samples (global, shared)[32m [repeated 237x across cluster][0m
[36m(ClientAppActor pid=1144548)[0m [Client 1878] Data split:[32m [repeated 255x across cluster][0m
[36m(ClientAppActor pid=1144548)[0m    Train:      86 samples (client-local)[32m [repeated 255x across cluster][0m
[36m(ClientAppActor pid=1144548)[0m    Validation: 12 samples (client-local)[32m [repeated 255x across cluster][0m
[36m(ClientAppActor pid=1144548)[0m    Test:       50737 samples (global, shared)[32m [repeated 255x across cluster][0m
[36m(ClientAppActor pid=1144554)[0m [Client 1781] Data split:[32m [repeated 250x across cluster][0m
[36m(ClientAppActor pid=1144554)[0m    Train:      86 samples (client-local)[32m [repeated 250x across cluster][0m
[36m(ClientAppActor pid=1144554)[0m    Validation: 12 samples (client-local)[32m [repeated 250x across cluster][0m
[36m(ClientAppActor pid=1144554)[0m    Test:       50737 samples (global, shared)[32m [repeated 250x across cluster][0m
[36m(ClientAppActor pid=1144542)[0m [Client 809] Data split:[32m [repeated 252x across cluster][0m
[36m(ClientAppActor pid=1144542)[0m    Train:      87 samples (client-local)[32m [repeated 252x across cluster][0m
[36m(ClientAppActor pid=1144542)[0m    Validation: 12 samples (client-local)[32m [repeated 252x across cluster][0m
[36m(ClientAppActor pid=1144542)[0m    Test:       50737 samples (global, shared)[32m [repeated 252x across cluster][0m
[36m(ClientAppActor pid=1144545)[0m [Client 520] Data split:[32m [repeated 252x across cluster][0m
[36m(ClientAppActor pid=1144545)[0m    Train:      87 samples (client-local)[32m [repeated 252x across cluster][0m
[36m(ClientAppActor pid=1144545)[0m    Validation: 12 samples (client-local)[32m [repeated 252x across cluster][0m
[36m(ClientAppActor pid=1144545)[0m    Test:       50737 samples (global, shared)[32m [repeated 252x across cluster][0m
[36m(ClientAppActor pid=1144569)[0m [Client 362] Data split:[32m [repeated 250x across cluster][0m
[36m(ClientAppActor pid=1144569)[0m    Train:      87 samples (client-local)[32m [repeated 250x across cluster][0m
[36m(ClientAppActor pid=1144569)[0m    Validation: 12 samples (client-local)[32m [repeated 250x across cluster][0m
[36m(ClientAppActor pid=1144569)[0m    Test:       50737 samples (global, shared)[32m [repeated 250x across cluster][0m
[36m(ClientAppActor pid=1144536)[0m [Client 114] Data split:[32m [repeated 240x across cluster][0m
[36m(ClientAppActor pid=1144536)[0m    Train:      87 samples (client-local)[32m [repeated 240x across cluster][0m
[36m(ClientAppActor pid=1144536)[0m    Validation: 12 samples (client-local)[32m [repeated 240x across cluster][0m
[36m(ClientAppActor pid=1144536)[0m    Test:       50737 samples (global, shared)[32m [repeated 240x across cluster][0m
[36m(ClientAppActor pid=1144531)[0m [Client 251] Data split:[32m [repeated 243x across cluster][0m
[36m(ClientAppActor pid=1144531)[0m    Train:      87 samples (client-local)[32m [repeated 243x across cluster][0m
[36m(ClientAppActor pid=1144531)[0m    Validation: 12 samples (client-local)[32m [repeated 243x across cluster][0m
[36m(ClientAppActor pid=1144531)[0m    Test:       50737 samples (global, shared)[32m [repeated 243x across cluster][0m
[36m(ClientAppActor pid=1144531)[0m [Client 1764] Data split:[32m [repeated 254x across cluster][0m
[36m(ClientAppActor pid=1144531)[0m    Train:      86 samples (client-local)[32m [repeated 254x across cluster][0m
[36m(ClientAppActor pid=1144531)[0m    Validation: 12 samples (client-local)[32m [repeated 254x across cluster][0m
[36m(ClientAppActor pid=1144531)[0m    Test:       50737 samples (global, shared)[32m [repeated 254x across cluster][0m
[36m(ClientAppActor pid=1144537)[0m [Client 491] Data split:[32m [repeated 256x across cluster][0m
[36m(ClientAppActor pid=1144537)[0m    Train:      87 samples (client-local)[32m [repeated 256x across cluster][0m
[36m(ClientAppActor pid=1144537)[0m    Validation: 12 samples (client-local)[32m [repeated 256x across cluster][0m
[36m(ClientAppActor pid=1144537)[0m    Test:       50737 samples (global, shared)[32m [repeated 256x across cluster][0m
[36m(ClientAppActor pid=1144537)[0m [Client 1170] Data split:[32m [repeated 266x across cluster][0m
[36m(ClientAppActor pid=1144537)[0m    Train:      87 samples (client-local)[32m [repeated 266x across cluster][0m[36m(ClientAppActor pid=1144533)[0m /home/bax9142/federated-edge-learning/.venv/lib64/python3.13/site-packages/sklearn/metrics/_ranking.py:424: UndefinedMetricWarning: Only one class is present in y_true. ROC AUC score is not defined in that case.[32m [repeated 48x across cluster][0m
[36m(ClientAppActor pid=1144533)[0m   warnings.warn([32m [repeated 48x across cluster][0m
[36m(ClientAppActor pid=1144537)[0m /home/bax9142/federated-edge-learning/.venv/lib64/python3.13/site-packages/sklearn/metrics/_ranking.py:424: UndefinedMetricWarning: Only one class is present in y_true. ROC AUC score is not defined in that case.[32m [repeated 35x across cluster][0m
[36m(ClientAppActor pid=1144537)[0m   warnings.warn([32m [repeated 35x across cluster][0m
[36m(ClientAppActor pid=1144586)[0m /home/bax9142/federated-edge-learning/.venv/lib64/python3.13/site-packages/sklearn/metrics/_ranking.py:424: UndefinedMetricWarning: Only one class is present in y_true. ROC AUC score is not defined in that case.[32m [repeated 40x across cluster][0m
[36m(ClientAppActor pid=1144586)[0m   warnings.warn([32m [repeated 40x across cluster][0m
[36m(ClientAppActor pid=1144537)[0m /home/bax9142/federated-edge-learning/.venv/lib64/python3.13/site-packages/sklearn/metrics/_ranking.py:424: UndefinedMetricWarning: Only one class is present in y_true. ROC AUC score is not defined in that case.[32m [repeated 47x across cluster][0m
[36m(ClientAppActor pid=1144537)[0m   warnings.warn([32m [repeated 47x across cluster][0m
[92mINFO [0m:      aggregate_evaluate: received 2048 results and 0 failures
[92mINFO [0m:      
[92mINFO [0m:      [ROUND 6]
[92mINFO [0m:      configure_fit: strategy sampled 1638 clients (out of 2048)
[92mINFO [0m:      aggregate_fit: received 1638 results and 0 failures
[92mINFO [0m:      configure_evaluate: strategy sampled 2048 clients (out of 2048)
[36m(ClientAppActor pid=1144551)[0m /home/bax9142/federated-edge-learning/.venv/lib64/python3.13/site-packages/sklearn/metrics/_ranking.py:424: UndefinedMetricWarning: Only one class is present in y_true. ROC AUC score is not defined in that case.[32m [repeated 29x across cluster][0m
[36m(ClientAppActor pid=1144551)[0m   warnings.warn([32m [repeated 29x across cluster][0m
[36m(ClientAppActor pid=1144545)[0m /home/bax9142/federated-edge-learning/.venv/lib64/python3.13/site-packages/sklearn/metrics/_ranking.py:424: UndefinedMetricWarning: Only one class is present in y_true. ROC AUC score is not defined in that case.[32m [repeated 50x across cluster][0m
[36m(ClientAppActor pid=1144545)[0m   warnings.warn([32m [repeated 50x across cluster][0m
[36m(ClientAppActor pid=1144541)[0m /home/bax9142/federated-edge-learning/.venv/lib64/python3.13/site-packages/sklearn/metrics/_ranking.py:424: UndefinedMetricWarning: Only one class is present in y_true. ROC AUC score is not defined in that case.[32m [repeated 40x across cluster][0m
[36m(ClientAppActor pid=1144541)[0m   warnings.warn([32m [repeated 40x across cluster][0m

[36m(ClientAppActor pid=1144537)[0m    Validation: 12 samples (client-local)[32m [repeated 266x across cluster][0m
[36m(ClientAppActor pid=1144537)[0m    Test:       50737 samples (global, shared)[32m [repeated 266x across cluster][0m
[36m(ClientAppActor pid=1144549)[0m [Client 1575] Data split:[32m [repeated 251x across cluster][0m
[36m(ClientAppActor pid=1144549)[0m    Train:      86 samples (client-local)[32m [repeated 251x across cluster][0m
[36m(ClientAppActor pid=1144549)[0m    Validation: 12 samples (client-local)[32m [repeated 251x across cluster][0m
[36m(ClientAppActor pid=1144549)[0m    Test:       50737 samples (global, shared)[32m [repeated 251x across cluster][0m
[36m(ClientAppActor pid=1144538)[0m [Client 1361] Data split:[32m [repeated 243x across cluster][0m
[36m(ClientAppActor pid=1144538)[0m    Train:      87 samples (client-local)[32m [repeated 243x across cluster][0m
[36m(ClientAppActor pid=1144538)[0m    Validation: 12 samples (client-local)[32m [repeated 243x across cluster][0m
[36m(ClientAppActor pid=1144538)[0m    Test:       50737 samples (global, shared)[32m [repeated 243x across cluster][0m
[36m(ClientAppActor pid=1144538)[0m [Client 510] Data split:[32m [repeated 253x across cluster][0m
[36m(ClientAppActor pid=1144538)[0m    Train:      87 samples (client-local)[32m [repeated 253x across cluster][0m
[36m(ClientAppActor pid=1144538)[0m    Validation: 12 samples (client-local)[32m [repeated 253x across cluster][0m
[36m(ClientAppActor pid=1144538)[0m    Test:       50737 samples (global, shared)[32m [repeated 253x across cluster][0m
[36m(ClientAppActor pid=1144537)[0m [Client 212] Data split:[32m [repeated 255x across cluster][0m
[36m(ClientAppActor pid=1144537)[0m    Train:      87 samples (client-local)[32m [repeated 255x across cluster][0m
[36m(ClientAppActor pid=1144537)[0m    Validation: 12 samples (client-local)[32m [repeated 255x across cluster][0m
[36m(ClientAppActor pid=1144537)[0m    Test:       50737 samples (global, shared)[32m [repeated 255x across cluster][0m
⚠️  No threshold meets min_recall=0.75, using best youden index.

🎯 Multi-Threshold Aggregation:
   ═══════════════════════════════════════════════
   Evaluated 10 thresholds:
     • Thr=0.30: Recall=0.543, Spec=0.380, F1=0.202
     • Thr=0.35: Recall=0.474, Spec=0.453, F1=0.195
     • Thr=0.40: Recall=0.403, Spec=0.528, F1=0.187
   ...

   BEST Threshold: 0.75
     • Recall:      0.067
     • Specificity: 0.927
     • F1-Score:    0.088
     • Score:       -1.000
   ═══════════════════════════════════════════════

WARNING: No rounds meet min recall 0.75
           Using best available recall instead
Found 5 rounds with recall≥0.75 AND spec≥0.7
 5 Pareto-optimal rounds (not dominated in recall & spec)

🎯 SELECTED ROUND 5:
   Recall:     0.067
   Specificity: 0.927
   F1-Score:    0.088
   Stability:   0.994
   Alerts/1000: 72.3
   Composite:   0.422


✅ Round 5 is NEW BEST - Saving checkpoint...
   💾 Checkpoint saved: result/splits_iid_scaling/splits_iid_2048_clients.json/multi_thr/model_round_5.pt
WARNING: No rounds meet min recall 0.75
           Using best available recall instead
Found 5 rounds with recall≥0.75 AND spec≥0.7
 5 Pareto-optimal rounds (not dominated in recall & spec)

🎯 SELECTED ROUND 5:
   Recall:     0.067
   Specificity: 0.927
   F1-Score:    0.088
   Stability:   0.994
   Alerts/1000: 72.3
   Composite:   0.422

   💾 Best model saved: result/splits_iid_scaling/splits_iid_2048_clients.json/multi_thr/model_round_5.pt
   📊 Metrics saved: result/splits_iid_scaling/splits_iid_2048_clients.json/multi_thr/run_1.json
[36m(ClientAppActor pid=1144531)[0m [Client 1955] Data split:[32m [repeated 230x across cluster][0m
[36m(ClientAppActor pid=1144531)[0m    Train:      86 samples (client-local)[32m [repeated 230x across cluster][0m
[36m(ClientAppActor pid=1144531)[0m    Validation: 12 samples (client-local)[32m [repeated 230x across cluster][0m
[36m(ClientAppActor pid=1144531)[0m    Test:       50737 samples (global, shared)[32m [repeated 230x across cluster][0m
[36m(ClientAppActor pid=1144538)[0m [Client 816] Data split:[32m [repeated 244x across cluster][0m
[36m(ClientAppActor pid=1144538)[0m    Train:      87 samples (client-local)[32m [repeated 244x across cluster][0m
[36m(ClientAppActor pid=1144538)[0m    Validation: 12 samples (client-local)[32m [repeated 244x across cluster][0m
[36m(ClientAppActor pid=1144538)[0m    Test:       50737 samples (global, shared)[32m [repeated 244x across cluster][0m
[36m(ClientAppActor pid=1144545)[0m [Client 667] Data split:[32m [repeated 240x across cluster][0m
[36m(ClientAppActor pid=1144545)[0m    Train:      87 samples (client-local)[32m [repeated 240x across cluster][0m
[36m(ClientAppActor pid=1144545)[0m    Validation: 12 samples (client-local)[32m [repeated 240x across cluster][0m
[36m(ClientAppActor pid=1144545)[0m    Test:       50737 samples (global, shared)[32m [repeated 240x across cluster][0m
[36m(ClientAppActor pid=1144541)[0m [Client 252] Data split:[32m [repeated 259x across cluster][0m
[36m(ClientAppActor pid=1144541)[0m    Train:      87 samples (client-local)[32m [repeated 259x across cluster][0m
[36m(ClientAppActor pid=1144541)[0m    Validation: 12 samples (client-local)[32m [repeated 259x across cluster][0m
[36m(ClientAppActor pid=1144541)[0m    Test:       50737 samples (global, shared)[32m [repeated 259x across cluster][0m
[36m(ClientAppActor pid=1144534)[0m [Client 1631] Data split:[32m [repeated 253x across cluster][0m
[36m(ClientAppActor pid=1144534)[0m    Train:      86 samples (client-local)[32m [repeated 253x across cluster][0m
[36m(ClientAppActor pid=1144534)[0m    Validation: 12 samples (client-local)[32m [repeated 253x across cluster][0m
[36m(ClientAppActor pid=1144534)[0m    Test:       50737 samples (global, shared)[32m [repeated 253x across cluster][0m
[36m(ClientAppActor pid=1144556)[0m [Client 145] Data split:[32m [repeated 251x across cluster][0m
[36m(ClientAppActor pid=1144556)[0m    Train:      87 samples (client-local)[32m [repeated 251x across cluster][0m
[36m(ClientAppActor pid=1144556)[0m    Validation: 12 samples (client-local)[32m [repeated 251x across cluster][0m
[36m(ClientAppActor pid=1144556)[0m    Test:       50737 samples (global, shared)[32m [repeated 251x across cluster][0m
[36m(ClientAppActor pid=1144547)[0m [Client 377] Data split:[32m [repeated 188x across cluster][0m
[36m(ClientAppActor pid=1144547)[0m    Train:      87 samples (client-local)[32m [repeated 188x across cluster][0m
[36m(ClientAppActor pid=1144547)[0m    Validation: 12 samples (client-local)[32m [repeated 188x across cluster][0m
[36m(ClientAppActor pid=1144547)[0m    Test:       50737 samples (global, shared)[32m [repeated 188x across cluster][0m
[36m(ClientAppActor pid=1144531)[0m [Client 1469] Data split:[32m [repeated 258x across cluster][0m
[36m(ClientAppActor pid=1144531)[0m    Train:      86 samples (client-local)[32m [repeated 258x across cluster][0m
[36m(ClientAppActor pid=1144531)[0m    Validation: 12 samples (client-local)[32m [repeated 258x across cluster][0m
[36m(ClientAppActor pid=1144531)[0m    Test:       50737 samples (global, shared)[32m [repeated 258x across cluster][0m
[36m(ClientAppActor pid=1144540)[0m [Client 1196] Data split:[32m [repeated 253x across cluster][0m
[36m(ClientAppActor pid=1144540)[0m    Train:      87 samples (client-local)[32m [repeated 253x across cluster][0m
[36m(ClientAppActor pid=1144540)[0m    Validation: 12 samples (client-local)[32m [repeated 253x across cluster][0m
[36m(ClientAppActor pid=1144540)[0m    Test:       50737 samples (global, shared)[32m [repeated 253x across cluster][0m
[36m(ClientAppActor pid=1144539)[0m [Client 197] Data split:[32m [repeated 255x across cluster][0m
[36m(ClientAppActor pid=1144539)[0m    Train:      87 samples (client-local)[32m [repeated 255x across cluster][0m[36m(ClientAppActor pid=1144543)[0m /home/bax9142/federated-edge-learning/.venv/lib64/python3.13/site-packages/sklearn/metrics/_ranking.py:424: UndefinedMetricWarning: Only one class is present in y_true. ROC AUC score is not defined in that case.[32m [repeated 35x across cluster][0m
[36m(ClientAppActor pid=1144543)[0m   warnings.warn([32m [repeated 35x across cluster][0m
[36m(ClientAppActor pid=1144541)[0m /home/bax9142/federated-edge-learning/.venv/lib64/python3.13/site-packages/sklearn/metrics/_ranking.py:424: UndefinedMetricWarning: Only one class is present in y_true. ROC AUC score is not defined in that case.[32m [repeated 37x across cluster][0m
[36m(ClientAppActor pid=1144541)[0m   warnings.warn([32m [repeated 37x across cluster][0m
[36m(ClientAppActor pid=1144533)[0m /home/bax9142/federated-edge-learning/.venv/lib64/python3.13/site-packages/sklearn/metrics/_ranking.py:424: UndefinedMetricWarning: Only one class is present in y_true. ROC AUC score is not defined in that case.[32m [repeated 39x across cluster][0m
[36m(ClientAppActor pid=1144533)[0m   warnings.warn([32m [repeated 39x across cluster][0m
[36m(ClientAppActor pid=1144585)[0m /home/bax9142/federated-edge-learning/.venv/lib64/python3.13/site-packages/sklearn/metrics/_ranking.py:424: UndefinedMetricWarning: Only one class is present in y_true. ROC AUC score is not defined in that case.[32m [repeated 38x across cluster][0m
[36m(ClientAppActor pid=1144585)[0m   warnings.warn([32m [repeated 38x across cluster][0m
[36m(ClientAppActor pid=1144536)[0m /home/bax9142/federated-edge-learning/.venv/lib64/python3.13/site-packages/sklearn/metrics/_ranking.py:424: UndefinedMetricWarning: Only one class is present in y_true. ROC AUC score is not defined in that case.[32m [repeated 44x across cluster][0m
[36m(ClientAppActor pid=1144536)[0m   warnings.warn([32m [repeated 44x across cluster][0m
[92mINFO [0m:      aggregate_evaluate: received 2048 results and 0 failures
[92mINFO [0m:      
[92mINFO [0m:      [ROUND 7]
[92mINFO [0m:      configure_fit: strategy sampled 1638 clients (out of 2048)
[92mINFO [0m:      aggregate_fit: received 1638 results and 0 failures
[92mINFO [0m:      configure_evaluate: strategy sampled 2048 clients (out of 2048)
[36m(ClientAppActor pid=1144547)[0m /home/bax9142/federated-edge-learning/.venv/lib64/python3.13/site-packages/sklearn/metrics/_ranking.py:424: UndefinedMetricWarning: Only one class is present in y_true. ROC AUC score is not defined in that case.[32m [repeated 39x across cluster][0m
[36m(ClientAppActor pid=1144547)[0m   warnings.warn([32m [repeated 39x across cluster][0m

[36m(ClientAppActor pid=1144539)[0m    Validation: 12 samples (client-local)[32m [repeated 255x across cluster][0m
[36m(ClientAppActor pid=1144539)[0m    Test:       50737 samples (global, shared)[32m [repeated 255x across cluster][0m
[36m(ClientAppActor pid=1144541)[0m [Client 1896] Data split:[32m [repeated 261x across cluster][0m
[36m(ClientAppActor pid=1144541)[0m    Train:      86 samples (client-local)[32m [repeated 261x across cluster][0m
[36m(ClientAppActor pid=1144541)[0m    Validation: 12 samples (client-local)[32m [repeated 261x across cluster][0m
[36m(ClientAppActor pid=1144541)[0m    Test:       50737 samples (global, shared)[32m [repeated 261x across cluster][0m
[36m(ClientAppActor pid=1144536)[0m    Validation: 12 samples (
[36m(ClientAppActor pid=1144536)[0m client-local)
[36m(ClientAppActor pid=1144536)[0m [Client 1839] Data split:[32m [repeated 241x across cluster][0m
[36m(ClientAppActor pid=1144536)[0m    Train:      86 samples (client-local)[32m [repeated 241x across cluster][0m
[36m(ClientAppActor pid=1144536)[0m    Validation: 12 samples (client-local)[32m [repeated 240x across cluster][0m
[36m(ClientAppActor pid=1144536)[0m    Test:       50737 samples (global, shared)[32m [repeated 241x across cluster][0m
[36m(ClientAppActor pid=1144541)[0m [Client 431] Data split:[32m [repeated 249x across cluster][0m
[36m(ClientAppActor pid=1144541)[0m    Train:      87 samples (client-local)[32m [repeated 249x across cluster][0m
[36m(ClientAppActor pid=1144541)[0m    Validation: 12 samples (client-local)[32m [repeated 249x across cluster][0m
[36m(ClientAppActor pid=1144541)[0m    Test:       50737 samples (global, shared)[32m [repeated 249x across cluster][0m
[36m(ClientAppActor pid=1144539)[0m [Client 150] Data split:[32m [repeated 253x across cluster][0m
[36m(ClientAppActor pid=1144539)[0m    Train:      87 samples (client-local)[32m [repeated 253x across cluster][0m
[36m(ClientAppActor pid=1144539)[0m    Validation: 12 samples (client-local)[32m [repeated 253x across cluster][0m
[36m(ClientAppActor pid=1144539)[0m    Test:       50737 samples (global, shared)[32m [repeated 253x across cluster][0m
[36m(ClientAppActor pid=1144556)[0m [Client 0] Data split:[32m [repeated 255x across cluster][0m
[36m(ClientAppActor pid=1144556)[0m    Train:      87 samples (client-local)[32m [repeated 255x across cluster][0m
[36m(ClientAppActor pid=1144556)[0m    Validation: 12 samples (client-local)[32m [repeated 255x across cluster][0m
[36m(ClientAppActor pid=1144556)[0m    Test:       50737 samples (global, shared)[32m [repeated 255x across cluster][0m
⚠️  No threshold meets min_recall=0.75, using best youden index.

🎯 Multi-Threshold Aggregation:
   ═══════════════════════════════════════════════
   Evaluated 10 thresholds:
     • Thr=0.30: Recall=0.637, Spec=0.321, F1=0.219
     • Thr=0.35: Recall=0.570, Spec=0.392, F1=0.214
     • Thr=0.40: Recall=0.502, Spec=0.466, F1=0.209
   ...

   BEST Threshold: 0.70
     • Recall:      0.146
     • Specificity: 0.862
     • F1-Score:    0.146
     • Score:       -1.000
   ═══════════════════════════════════════════════

WARNING: No rounds meet min recall 0.75
           Using best available recall instead
Found 6 rounds with recall≥0.75 AND spec≥0.7
 6 Pareto-optimal rounds (not dominated in recall & spec)

🎯 SELECTED ROUND 6:
   Recall:     0.146
   Specificity: 0.862
   F1-Score:    0.146
   Stability:   0.967
   Alerts/1000: 138.9
   Composite:   0.443


✅ Round 6 is NEW BEST - Saving checkpoint...
   💾 Checkpoint saved: result/splits_iid_scaling/splits_iid_2048_clients.json/multi_thr/model_round_6.pt
WARNING: No rounds meet min recall 0.75
           Using best available recall instead
Found 6 rounds with recall≥0.75 AND spec≥0.7
 6 Pareto-optimal rounds (not dominated in recall & spec)

🎯 SELECTED ROUND 6:
   Recall:     0.146
   Specificity: 0.862
   F1-Score:    0.146
   Stability:   0.967
   Alerts/1000: 138.9
   Composite:   0.443

   💾 Best model saved: result/splits_iid_scaling/splits_iid_2048_clients.json/multi_thr/model_round_6.pt
   📊 Metrics saved: result/splits_iid_scaling/splits_iid_2048_clients.json/multi_thr/run_1.json
[36m(ClientAppActor pid=1144537)[0m [Client 1605] Data split:[32m [repeated 226x across cluster][0m
[36m(ClientAppActor pid=1144537)[0m    Train:      86 samples (client-local)[32m [repeated 226x across cluster][0m
[36m(ClientAppActor pid=1144537)[0m    Validation: 12 samples (client-local)[32m [repeated 226x across cluster][0m
[36m(ClientAppActor pid=1144537)[0m    Test:       50737 samples (global, shared)[32m [repeated 226x across cluster][0m
[36m(ClientAppActor pid=1144537)[0m [Client 1136] Data split:[32m [repeated 248x across cluster][0m
[36m(ClientAppActor pid=1144537)[0m    Train:      87 samples (client-local)[32m [repeated 248x across cluster][0m
[36m(ClientAppActor pid=1144537)[0m    Validation: 12 samples (client-local)[32m [repeated 248x across cluster][0m
[36m(ClientAppActor pid=1144537)[0m    Test:       50737 samples (global, shared)[32m [repeated 248x across cluster][0m
[36m(ClientAppActor pid=1144546)[0m [Client 903] Data split:[32m [repeated 246x across cluster][0m
[36m(ClientAppActor pid=1144546)[0m    Train:      87 samples (client-local)[32m [repeated 246x across cluster][0m
[36m(ClientAppActor pid=1144546)[0m    Validation: 12 samples (client-local)[32m [repeated 246x across cluster][0m
[36m(ClientAppActor pid=1144546)[0m    Test:       50737 samples (global, shared)[32m [repeated 246x across cluster][0m
[36m(ClientAppActor pid=1144536)[0m [Client 23] Data split:[32m [repeated 250x across cluster][0m
[36m(ClientAppActor pid=1144536)[0m    Train:      87 samples (client-local)[32m [repeated 250x across cluster][0m
[36m(ClientAppActor pid=1144536)[0m    Validation: 12 samples (client-local)[32m [repeated 250x across cluster][0m
[36m(ClientAppActor pid=1144536)[0m    Test:       50737 samples (global, shared)[32m [repeated 250x across cluster][0m
[36m(ClientAppActor pid=1144538)[0m [Client 256] Data split:[32m [repeated 259x across cluster][0m
[36m(ClientAppActor pid=1144538)[0m    Train:      87 samples (client-local)[32m [repeated 259x across cluster][0m
[36m(ClientAppActor pid=1144538)[0m    Validation: 12 samples (client-local)[32m [repeated 259x across cluster][0m
[36m(ClientAppActor pid=1144538)[0m    Test:       50737 samples (global, shared)[32m [repeated 259x across cluster][0m
[36m(ClientAppActor pid=1144536)[0m [Client 868] Data split:[32m [repeated 244x across cluster][0m
[36m(ClientAppActor pid=1144536)[0m    Train:      87 samples (client-local)[32m [repeated 244x across cluster][0m
[36m(ClientAppActor pid=1144536)[0m    Validation: 12 samples (client-local)[32m [repeated 244x across cluster][0m
[36m(ClientAppActor pid=1144536)[0m    Test:       50737 samples (global, shared)[32m [repeated 244x across cluster][0m
[36m(ClientAppActor pid=1144538)[0m [Client 954] Data split:[32m [repeated 191x across cluster][0m
[36m(ClientAppActor pid=1144538)[0m    Train:      87 samples (client-local)[32m [repeated 191x across cluster][0m
[36m(ClientAppActor pid=1144538)[0m    Validation: 12 samples (client-local)[32m [repeated 191x across cluster][0m
[36m(ClientAppActor pid=1144538)[0m    Test:       50737 samples (global, shared)[32m [repeated 191x across cluster][0m
[36m(ClientAppActor pid=1144550)[0m [Client 1968] Data split:[32m [repeated 265x across cluster][0m
[36m(ClientAppActor pid=1144550)[0m    Train:      86 samples (client-local)[32m [repeated 265x across cluster][0m
[36m(ClientAppActor pid=1144550)[0m    Validation: 12 samples (client-local)[32m [repeated 265x across cluster][0m
[36m(ClientAppActor pid=1144550)[0m    Test:       50737 samples (global, shared)[32m [repeated 265x across cluster][0m[36m(ClientAppActor pid=1144550)[0m /home/bax9142/federated-edge-learning/.venv/lib64/python3.13/site-packages/sklearn/metrics/_ranking.py:424: UndefinedMetricWarning: Only one class is present in y_true. ROC AUC score is not defined in that case.[32m [repeated 45x across cluster][0m
[36m(ClientAppActor pid=1144550)[0m   warnings.warn([32m [repeated 45x across cluster][0m
[36m(ClientAppActor pid=1144540)[0m /home/bax9142/federated-edge-learning/.venv/lib64/python3.13/site-packages/sklearn/metrics/_ranking.py:424: UndefinedMetricWarning: Only one class is present in y_true. ROC AUC score is not defined in that case.[32m [repeated 49x across cluster][0m
[36m(ClientAppActor pid=1144540)[0m   warnings.warn([32m [repeated 49x across cluster][0m
[36m(ClientAppActor pid=1144538)[0m /home/bax9142/federated-edge-learning/.venv/lib64/python3.13/site-packages/sklearn/metrics/_ranking.py:424: UndefinedMetricWarning: Only one class is present in y_true. ROC AUC score is not defined in that case.[32m [repeated 36x across cluster][0m
[36m(ClientAppActor pid=1144538)[0m   warnings.warn([32m [repeated 36x across cluster][0m
[36m(ClientAppActor pid=1144541)[0m /home/bax9142/federated-edge-learning/.venv/lib64/python3.13/site-packages/sklearn/metrics/_ranking.py:424: UndefinedMetricWarning: Only one class is present in y_true. ROC AUC score is not defined in that case.[32m [repeated 40x across cluster][0m
[36m(ClientAppActor pid=1144541)[0m   warnings.warn([32m [repeated 40x across cluster][0m
[36m(ClientAppActor pid=1144544)[0m /home/bax9142/federated-edge-learning/.venv/lib64/python3.13/site-packages/sklearn/metrics/_ranking.py:424: UndefinedMetricWarning: Only one class is present in y_true. ROC AUC score is not defined in that case.[32m [repeated 43x across cluster][0m
[36m(ClientAppActor pid=1144544)[0m   warnings.warn([32m [repeated 43x across cluster][0m
[36m(ClientAppActor pid=1144543)[0m /home/bax9142/federated-edge-learning/.venv/lib64/python3.13/site-packages/sklearn/metrics/_ranking.py:424: UndefinedMetricWarning: Only one class is present in y_true. ROC AUC score is not defined in that case.[32m [repeated 43x across cluster][0m
[36m(ClientAppActor pid=1144543)[0m   warnings.warn([32m [repeated 43x across cluster][0m
[36m(ClientAppActor pid=1144533)[0m /home/bax9142/federated-edge-learning/.venv/lib64/python3.13/site-packages/sklearn/metrics/_ranking.py:424: UndefinedMetricWarning: Only one class is present in y_true. ROC AUC score is not defined in that case.[32m [repeated 40x across cluster][0m
[36m(ClientAppActor pid=1144533)[0m   warnings.warn([32m [repeated 40x across cluster][0m
[92mINFO [0m:      aggregate_evaluate: received 2048 results and 0 failures
[92mINFO [0m:      
[92mINFO [0m:      [ROUND 8]
[92mINFO [0m:      configure_fit: strategy sampled 1638 clients (out of 2048)
[92mINFO [0m:      aggregate_fit: received 1638 results and 0 failures
[92mINFO [0m:      configure_evaluate: strategy sampled 2048 clients (out of 2048)
[36m(ClientAppActor pid=1144547)[0m /home/bax9142/federated-edge-learning/.venv/lib64/python3.13/site-packages/sklearn/metrics/_ranking.py:424: UndefinedMetricWarning: Only one class is present in y_true. ROC AUC score is not defined in that case.[32m [repeated 26x across cluster][0m
[36m(ClientAppActor pid=1144547)[0m   warnings.warn([32m [repeated 26x across cluster][0m

[36m(ClientAppActor pid=1144551)[0m [Client 1208] Data split:[32m [repeated 250x across cluster][0m
[36m(ClientAppActor pid=1144551)[0m    Train:      87 samples (client-local)[32m [repeated 250x across cluster][0m
[36m(ClientAppActor pid=1144551)[0m    Validation: 12 samples (client-local)[32m [repeated 250x across cluster][0m
[36m(ClientAppActor pid=1144551)[0m    Test:       50737 samples (global, shared)[32m [repeated 250x across cluster][0m
[36m(ClientAppActor pid=1144541)[0m [Client 224] Data split:[32m [repeated 253x across cluster][0m
[36m(ClientAppActor pid=1144541)[0m    Train:      87 samples (client-local)[32m [repeated 253x across cluster][0m
[36m(ClientAppActor pid=1144541)[0m    Validation: 12 samples (client-local)[32m [repeated 253x across cluster][0m
[36m(ClientAppActor pid=1144541)[0m    Test:       50737 samples (global, shared)[32m [repeated 253x across cluster][0m
[36m(ClientAppActor pid=1144537)[0m [Client 486] Data split:[32m [repeated 251x across cluster][0m
[36m(ClientAppActor pid=1144537)[0m    Train:      87 samples (client-local)[32m [repeated 251x across cluster][0m
[36m(ClientAppActor pid=1144537)[0m    Validation: 12 samples (client-local)[32m [repeated 251x across cluster][0m
[36m(ClientAppActor pid=1144537)[0m    Test:       50737 samples (global, shared)[32m [repeated 251x across cluster][0m
[36m(ClientAppActor pid=1144534)[0m [Client 2045] Data split:[32m [repeated 262x across cluster][0m
[36m(ClientAppActor pid=1144534)[0m    Train:      86 samples (client-local)[32m [repeated 262x across cluster][0m
[36m(ClientAppActor pid=1144534)[0m    Validation: 12 samples (client-local)[32m [repeated 262x across cluster][0m
[36m(ClientAppActor pid=1144534)[0m    Test:       50737 samples (global, shared)[32m [repeated 262x across cluster][0m
[36m(ClientAppActor pid=1144541)[0m [Client 439] Data split:[32m [repeated 244x across cluster][0m
[36m(ClientAppActor pid=1144541)[0m    Train:      87 samples (client-local)[32m [repeated 244x across cluster][0m
[36m(ClientAppActor pid=1144541)[0m    Validation: 12 samples (client-local)[32m [repeated 244x across cluster][0m
[36m(ClientAppActor pid=1144541)[0m    Test:       50737 samples (global, shared)[32m [repeated 244x across cluster][0m
[36m(ClientAppActor pid=1144536)[0m [Client 1200] Data split:[32m [repeated 263x across cluster][0m
[36m(ClientAppActor pid=1144536)[0m    Train:      87 samples (client-local)[32m [repeated 263x across cluster][0m
[36m(ClientAppActor pid=1144536)[0m    Validation: 12 samples (client-local)[32m [repeated 263x across cluster][0m
[36m(ClientAppActor pid=1144536)[0m    Test:       50737 samples (global, shared)[32m [repeated 263x across cluster][0m
[36m(ClientAppActor pid=1144531)[0m [Client 521] Data split:[32m [repeated 253x across cluster][0m
[36m(ClientAppActor pid=1144531)[0m    Train:      87 samples (client-local)[32m [repeated 253x across cluster][0m
[36m(ClientAppActor pid=1144531)[0m    Validation: 12 samples (client-local)[32m [repeated 253x across cluster][0m
[36m(ClientAppActor pid=1144531)[0m    Test:       50737 samples (global, shared)[32m [repeated 253x across cluster][0m
⚠️  No threshold meets min_recall=0.75, using best youden index.

🎯 Multi-Threshold Aggregation:
   ═══════════════════════════════════════════════
   Evaluated 10 thresholds:
     • Thr=0.30: Recall=0.726, Spec=0.268, F1=0.233
     • Thr=0.35: Recall=0.657, Spec=0.338, F1=0.229
     • Thr=0.40: Recall=0.593, Spec=0.409, F1=0.226
   ...

   BEST Threshold: 0.60
     • Recall:      0.318
     • Specificity: 0.718
     • F1-Score:    0.208
     • Score:       -1.000
   ═══════════════════════════════════════════════

WARNING: No rounds meet min recall 0.75
           Using best available recall instead
Found 7 rounds with recall≥0.75 AND spec≥0.7
 7 Pareto-optimal rounds (not dominated in recall & spec)

🎯 SELECTED ROUND 7:
   Recall:     0.318
   Specificity: 0.718
   F1-Score:    0.208
   Stability:   0.837
   Alerts/1000: 286.6
   Composite:   0.468


✅ Round 7 is NEW BEST - Saving checkpoint...
   💾 Checkpoint saved: result/splits_iid_scaling/splits_iid_2048_clients.json/multi_thr/model_round_7.pt
WARNING: No rounds meet min recall 0.75
           Using best available recall instead
Found 7 rounds with recall≥0.75 AND spec≥0.7
 7 Pareto-optimal rounds (not dominated in recall & spec)

🎯 SELECTED ROUND 7:
   Recall:     0.318
   Specificity: 0.718
   F1-Score:    0.208
   Stability:   0.837
   Alerts/1000: 286.6
   Composite:   0.468

   💾 Best model saved: result/splits_iid_scaling/splits_iid_2048_clients.json/multi_thr/model_round_7.pt
   📊 Metrics saved: result/splits_iid_scaling/splits_iid_2048_clients.json/multi_thr/run_1.json
[36m(ClientAppActor pid=1144537)[0m [Client 92] Data split:[32m [repeated 223x across cluster][0m
[36m(ClientAppActor pid=1144537)[0m    Train:      87 samples (client-local)[32m [repeated 223x across cluster][0m
[36m(ClientAppActor pid=1144537)[0m    Validation: 12 samples (client-local)[32m [repeated 223x across cluster][0m
[36m(ClientAppActor pid=1144537)[0m    Test:       50737 samples (global, shared)[32m [repeated 223x across cluster][0m
[36m(ClientAppActor pid=1144537)[0m [Client 1566] Data split:[32m [repeated 254x across cluster][0m
[36m(ClientAppActor pid=1144537)[0m    Train:      86 samples (client-local)[32m [repeated 254x across cluster][0m
[36m(ClientAppActor pid=1144537)[0m    Validation: 12 samples (client-local)[32m [repeated 254x across cluster][0m
[36m(ClientAppActor pid=1144537)[0m    Test:       50737 samples (global, shared)[32m [repeated 254x across cluster][0m
[36m(ClientAppActor pid=1144534)[0m [Client 201] Data split:[32m [repeated 262x across cluster][0m
[36m(ClientAppActor pid=1144534)[0m    Train:      87 samples (client-local)[32m [repeated 262x across cluster][0m
[36m(ClientAppActor pid=1144534)[0m    Validation: 12 samples (client-local)[32m [repeated 262x across cluster][0m
[36m(ClientAppActor pid=1144534)[0m    Test:       50737 samples (global, shared)[32m [repeated 262x across cluster][0m
[36m(ClientAppActor pid=1144545)[0m [Client 988] Data split:[32m [repeated 254x across cluster][0m
[36m(ClientAppActor pid=1144545)[0m    Train:      87 samples (client-local)[32m [repeated 254x across cluster][0m
[36m(ClientAppActor pid=1144545)[0m    Validation: 12 samples (client-local)[32m [repeated 254x across cluster][0m
[36m(ClientAppActor pid=1144545)[0m    Test:       50737 samples (global, shared)[32m [repeated 254x across cluster][0m
[36m(ClientAppActor pid=1144539)[0m [Client 1642] Data split:[32m [repeated 256x across cluster][0m
[36m(ClientAppActor pid=1144539)[0m    Train:      86 samples (client-local)[32m [repeated 256x across cluster][0m
[36m(ClientAppActor pid=1144539)[0m    Validation: 12 samples (client-local)[32m [repeated 256x across cluster][0m
[36m(ClientAppActor pid=1144539)[0m    Test:       50737 samples (global, shared)[32m [repeated 256x across cluster][0m
[36m(ClientAppActor pid=1144537)[0m [Client 196] Data split:[32m [repeated 249x across cluster][0m
[36m(ClientAppActor pid=1144537)[0m    Train:      87 samples (client-local)[32m [repeated 249x across cluster][0m
[36m(ClientAppActor pid=1144537)[0m    Validation: 12 samples (client-local)[32m [repeated 249x across cluster][0m
[36m(ClientAppActor pid=1144537)[0m    Test:       50737 samples (global, shared)[32m [repeated 249x across cluster][0m
[36m(ClientAppActor pid=1144549)[0m [Client 6] Data split:[32m [repeated 189x across cluster][0m
[36m(ClientAppActor pid=1144549)[0m    Train:      87 samples (client-local)[32m [repeated 189x across cluster][0m
[36m(ClientAppActor pid=1144549)[0m    Validation: 12 samples (client-local)[32m [repeated 189x across cluster][0m
[36m(ClientAppActor pid=1144549)[0m    Test:       50737 samples (global, shared)[32m [repeated 189x across cluster][0m[36m(ClientAppActor pid=1144554)[0m /home/bax9142/federated-edge-learning/.venv/lib64/python3.13/site-packages/sklearn/metrics/_ranking.py:424: UndefinedMetricWarning: Only one class is present in y_true. ROC AUC score is not defined in that case.[32m [repeated 41x across cluster][0m
[36m(ClientAppActor pid=1144554)[0m   warnings.warn([32m [repeated 41x across cluster][0m
[36m(ClientAppActor pid=1144541)[0m /home/bax9142/federated-edge-learning/.venv/lib64/python3.13/site-packages/sklearn/metrics/_ranking.py:424: UndefinedMetricWarning: Only one class is present in y_true. ROC AUC score is not defined in that case.[32m [repeated 45x across cluster][0m
[36m(ClientAppActor pid=1144541)[0m   warnings.warn([32m [repeated 45x across cluster][0m
[36m(ClientAppActor pid=1144549)[0m /home/bax9142/federated-edge-learning/.venv/lib64/python3.13/site-packages/sklearn/metrics/_ranking.py:424: UndefinedMetricWarning: Only one class is present in y_true. ROC AUC score is not defined in that case.[32m [repeated 42x across cluster][0m
[36m(ClientAppActor pid=1144549)[0m   warnings.warn([32m [repeated 42x across cluster][0m
[36m(ClientAppActor pid=1144548)[0m /home/bax9142/federated-edge-learning/.venv/lib64/python3.13/site-packages/sklearn/metrics/_ranking.py:424: UndefinedMetricWarning: Only one class is present in y_true. ROC AUC score is not defined in that case.[32m [repeated 34x across cluster][0m
[36m(ClientAppActor pid=1144548)[0m   warnings.warn([32m [repeated 34x across cluster][0m
[36m(ClientAppActor pid=1144537)[0m /home/bax9142/federated-edge-learning/.venv/lib64/python3.13/site-packages/sklearn/metrics/_ranking.py:424: UndefinedMetricWarning: Only one class is present in y_true. ROC AUC score is not defined in that case.[32m [repeated 47x across cluster][0m
[36m(ClientAppActor pid=1144537)[0m   warnings.warn([32m [repeated 47x across cluster][0m
[36m(ClientAppActor pid=1144533)[0m /home/bax9142/federated-edge-learning/.venv/lib64/python3.13/site-packages/sklearn/metrics/_ranking.py:424: UndefinedMetricWarning: Only one class is present in y_true. ROC AUC score is not defined in that case.[32m [repeated 43x across cluster][0m
[36m(ClientAppActor pid=1144533)[0m   warnings.warn([32m [repeated 43x across cluster][0m
[36m(ClientAppActor pid=1144531)[0m /home/bax9142/federated-edge-learning/.venv/lib64/python3.13/site-packages/sklearn/metrics/_ranking.py:424: UndefinedMetricWarning: Only one class is present in y_true. ROC AUC score is not defined in that case.[32m [repeated 37x across cluster][0m
[36m(ClientAppActor pid=1144531)[0m   warnings.warn([32m [repeated 37x across cluster][0m
[92mINFO [0m:      aggregate_evaluate: received 2048 results and 0 failures
[92mINFO [0m:      
[92mINFO [0m:      [ROUND 9]
[92mINFO [0m:      configure_fit: strategy sampled 1638 clients (out of 2048)
[92mINFO [0m:      aggregate_fit: received 1638 results and 0 failures
[92mINFO [0m:      configure_evaluate: strategy sampled 2048 clients (out of 2048)
[36m(ClientAppActor pid=1144554)[0m /home/bax9142/federated-edge-learning/.venv/lib64/python3.13/site-packages/sklearn/metrics/_ranking.py:424: UndefinedMetricWarning: Only one class is present in y_true. ROC AUC score is not defined in that case.[32m [repeated 33x across cluster][0m
[36m(ClientAppActor pid=1144554)[0m   warnings.warn([32m [repeated 33x across cluster][0m

[36m(ClientAppActor pid=1144538)[0m [Client 727] Data split:[32m [repeated 245x across cluster][0m
[36m(ClientAppActor pid=1144538)[0m    Train:      87 samples (client-local)[32m [repeated 245x across cluster][0m
[36m(ClientAppActor pid=1144538)[0m    Validation: 12 samples (client-local)[32m [repeated 245x across cluster][0m
[36m(ClientAppActor pid=1144538)[0m    Test:       50737 samples (global, shared)[32m [repeated 245x across cluster][0m
[36m(ClientAppActor pid=1144531)[0m [Client 1679] Data split:[32m [repeated 256x across cluster][0m
[36m(ClientAppActor pid=1144531)[0m    Train:      86 samples (client-local)[32m [repeated 256x across cluster][0m
[36m(ClientAppActor pid=1144531)[0m    Validation: 12 samples (client-local)[32m [repeated 256x across cluster][0m
[36m(ClientAppActor pid=1144531)[0m    Test:       50737 samples (global, shared)[32m [repeated 256x across cluster][0m
[36m(ClientAppActor pid=1144531)[0m [Client 959] Data split:[32m [repeated 259x across cluster][0m
[36m(ClientAppActor pid=1144531)[0m    Train:      87 samples (client-local)[32m [repeated 259x across cluster][0m
[36m(ClientAppActor pid=1144531)[0m    Validation: 12 samples (client-local)[32m [repeated 259x across cluster][0m
[36m(ClientAppActor pid=1144531)[0m    Test:       50737 samples (global, shared)[32m [repeated 259x across cluster][0m
[36m(ClientAppActor pid=1144531)[0m [Client 138] Data split:[32m [repeated 249x across cluster][0m
[36m(ClientAppActor pid=1144531)[0m    Train:      87 samples (client-local)[32m [repeated 249x across cluster][0m
[36m(ClientAppActor pid=1144531)[0m    Validation: 12 samples (client-local)[32m [repeated 249x across cluster][0m
[36m(ClientAppActor pid=1144531)[0m    Test:       50737 samples (global, shared)[32m [repeated 249x across cluster][0m
[36m(ClientAppActor pid=1144542)[0m [Client 1748] Data split:[32m [repeated 258x across cluster][0m
[36m(ClientAppActor pid=1144542)[0m    Train:      86 samples (client-local)[32m [repeated 258x across cluster][0m
[36m(ClientAppActor pid=1144542)[0m    Validation: 12 samples (client-local)[32m [repeated 258x across cluster][0m
[36m(ClientAppActor pid=1144542)[0m    Test:       50737 samples (global, shared)[32m [repeated 258x across cluster][0m
[36m(ClientAppActor pid=1144537)[0m [Client 536] Data split:[32m [repeated 249x across cluster][0m
[36m(ClientAppActor pid=1144537)[0m    Train:      87 samples (client-local)[32m [repeated 249x across cluster][0m
[36m(ClientAppActor pid=1144537)[0m    Validation: 12 samples (client-local)[32m [repeated 249x across cluster][0m
[36m(ClientAppActor pid=1144537)[0m    Test:       50737 samples (global, shared)[32m [repeated 249x across cluster][0m
[36m(ClientAppActor pid=1144533)[0m [Client 396] Data split:[32m [repeated 253x across cluster][0m
[36m(ClientAppActor pid=1144533)[0m    Train:      87 samples (client-local)[32m [repeated 253x across cluster][0m
[36m(ClientAppActor pid=1144533)[0m    Validation: 12 samples (client-local)[32m [repeated 253x across cluster][0m
[36m(ClientAppActor pid=1144533)[0m    Test:       50737 samples (global, shared)[32m [repeated 253x across cluster][0m

🎯 Multi-Threshold Aggregation:
   ═══════════════════════════════════════════════
   Evaluated 10 thresholds:
     • Thr=0.30: Recall=0.807, Spec=0.227, F1=0.245
     • Thr=0.35: Recall=0.734, Spec=0.292, F1=0.240
     • Thr=0.40: Recall=0.667, Spec=0.365, F1=0.239
   ...

   BEST Threshold: 0.30
     • Recall:      0.807
     • Specificity: 0.227
     • F1-Score:    0.245
     • Score:       0.517
   ═══════════════════════════════════════════════

⚠️  No rounds meet spec≥0.7, using recall filter only
 1 Pareto-optimal rounds (not dominated in recall & spec)

🎯 SELECTED ROUND 8:
   Recall:     0.807
   Specificity: 0.227
   F1-Score:    0.245
   Stability:   0.388
   Alerts/1000: 777.4
   Composite:   0.479


✅ Round 8 is NEW BEST - Saving checkpoint...
   💾 Checkpoint saved: result/splits_iid_scaling/splits_iid_2048_clients.json/multi_thr/model_round_8.pt
⚠️  No rounds meet spec≥0.7, using recall filter only
 1 Pareto-optimal rounds (not dominated in recall & spec)

🎯 SELECTED ROUND 8:
   Recall:     0.807
   Specificity: 0.227
   F1-Score:    0.245
   Stability:   0.388
   Alerts/1000: 777.4
   Composite:   0.479

   💾 Best model saved: result/splits_iid_scaling/splits_iid_2048_clients.json/multi_thr/model_round_8.pt
   📊 Metrics saved: result/splits_iid_scaling/splits_iid_2048_clients.json/multi_thr/run_1.json
[36m(ClientAppActor pid=1144534)[0m [Client 149] Data split:[32m [repeated 234x across cluster][0m
[36m(ClientAppActor pid=1144534)[0m    Train:      87 samples (client-local)[32m [repeated 234x across cluster][0m
[36m(ClientAppActor pid=1144534)[0m    Validation: 12 samples (client-local)[32m [repeated 234x across cluster][0m
[36m(ClientAppActor pid=1144534)[0m    Test:       50737 samples (global, shared)[32m [repeated 234x across cluster][0m
[36m(ClientAppActor pid=1144538)[0m [Client 1894] Data split:[32m [repeated 257x across cluster][0m
[36m(ClientAppActor pid=1144538)[0m    Train:      86 samples (client-local)[32m [repeated 257x across cluster][0m
[36m(ClientAppActor pid=1144538)[0m    Validation: 12 samples (client-local)[32m [repeated 257x across cluster][0m
[36m(ClientAppActor pid=1144538)[0m    Test:       50737 samples (global, shared)[32m [repeated 257x across cluster][0m
[36m(ClientAppActor pid=1144533)[0m [Client 1812] Data split:[32m [repeated 251x across cluster][0m
[36m(ClientAppActor pid=1144533)[0m    Train:      86 samples (client-local)[32m [repeated 251x across cluster][0m
[36m(ClientAppActor pid=1144533)[0m    Validation: 12 samples (client-local)[32m [repeated 251x across cluster][0m
[36m(ClientAppActor pid=1144533)[0m    Test:       50737 samples (global, shared)[32m [repeated 251x across cluster][0m
[36m(ClientAppActor pid=1144533)[0m [Client 625] Data split:[32m [repeated 247x across cluster][0m
[36m(ClientAppActor pid=1144533)[0m    Train:      87 samples (client-local)[32m [repeated 247x across cluster][0m
[36m(ClientAppActor pid=1144533)[0m    Validation: 12 samples (client-local)[32m [repeated 247x across cluster][0m
[36m(ClientAppActor pid=1144533)[0m    Test:       50737 samples (global, shared)[32m [repeated 247x across cluster][0m
[36m(ClientAppActor pid=1144533)[0m [Client 1110] Data split:[32m [repeated 256x across cluster][0m
[36m(ClientAppActor pid=1144533)[0m    Train:      87 samples (client-local)[32m [repeated 256x across cluster][0m
[36m(ClientAppActor pid=1144533)[0m    Validation: 12 samples (client-local)[32m [repeated 256x across cluster][0m
[36m(ClientAppActor pid=1144533)[0m    Test:       50737 samples (global, shared)[32m [repeated 256x across cluster][0m
[36m(ClientAppActor pid=1144537)[0m [Client 1951] Data split:[32m [repeated 255x across cluster][0m
[36m(ClientAppActor pid=1144537)[0m    Train:      86 samples (client-local)[32m [repeated 255x across cluster][0m
[36m(ClientAppActor pid=1144537)[0m    Validation: 12 samples (client-local)[32m [repeated 255x across cluster][0m
[36m(ClientAppActor pid=1144537)[0m    Test:       50737 samples (global, shared)[32m [repeated 255x across cluster][0m
[36m(ClientAppActor pid=1144534)[0m [Client 1979] Data split:[32m [repeated 251x across cluster][0m
[36m(ClientAppActor pid=1144534)[0m    Train:      86 samples (client-local)[32m [repeated 251x across cluster][0m
[36m(ClientAppActor pid=1144534)[0m    Validation: 12 samples (client-local)[32m [repeated 251x across cluster][0m
[36m(ClientAppActor pid=1144534)[0m    Test:       50737 samples (global, shared)[32m [repeated 251x across cluster][0m
[36m(ClientAppActor pid=1144531)[0m [Client 1088] Data split:[32m [repeated 183x across cluster][0m[36m(ClientAppActor pid=1144550)[0m /home/bax9142/federated-edge-learning/.venv/lib64/python3.13/site-packages/sklearn/metrics/_ranking.py:424: UndefinedMetricWarning: Only one class is present in y_true. ROC AUC score is not defined in that case.[32m [repeated 54x across cluster][0m
[36m(ClientAppActor pid=1144550)[0m   warnings.warn([32m [repeated 54x across cluster][0m
[36m(ClientAppActor pid=1144548)[0m /home/bax9142/federated-edge-learning/.venv/lib64/python3.13/site-packages/sklearn/metrics/_ranking.py:424: UndefinedMetricWarning: Only one class is present in y_true. ROC AUC score is not defined in that case.[32m [repeated 39x across cluster][0m
[36m(ClientAppActor pid=1144548)[0m   warnings.warn([32m [repeated 39x across cluster][0m
[36m(ClientAppActor pid=1144574)[0m /home/bax9142/federated-edge-learning/.venv/lib64/python3.13/site-packages/sklearn/metrics/_ranking.py:424: UndefinedMetricWarning: Only one class is present in y_true. ROC AUC score is not defined in that case.[32m [repeated 33x across cluster][0m
[36m(ClientAppActor pid=1144574)[0m   warnings.warn([32m [repeated 33x across cluster][0m
[36m(ClientAppActor pid=1144574)[0m /home/bax9142/federated-edge-learning/.venv/lib64/python3.13/site-packages/sklearn/metrics/_ranking.py:424: UndefinedMetricWarning: Only one class is present in y_true. ROC AUC score is not defined in that case.[32m [repeated 39x across cluster][0m
[36m(ClientAppActor pid=1144574)[0m   warnings.warn([32m [repeated 39x across cluster][0m
[36m(ClientAppActor pid=1144588)[0m /home/bax9142/federated-edge-learning/.venv/lib64/python3.13/site-packages/sklearn/metrics/_ranking.py:424: UndefinedMetricWarning: Only one class is present in y_true. ROC AUC score is not defined in that case.[32m [repeated 46x across cluster][0m
[36m(ClientAppActor pid=1144588)[0m   warnings.warn([32m [repeated 46x across cluster][0m
[36m(ClientAppActor pid=1144543)[0m /home/bax9142/federated-edge-learning/.venv/lib64/python3.13/site-packages/sklearn/metrics/_ranking.py:424: UndefinedMetricWarning: Only one class is present in y_true. ROC AUC score is not defined in that case.[32m [repeated 35x across cluster][0m
[36m(ClientAppActor pid=1144543)[0m   warnings.warn([32m [repeated 35x across cluster][0m
[36m(ClientAppActor pid=1144555)[0m /home/bax9142/federated-edge-learning/.venv/lib64/python3.13/site-packages/sklearn/metrics/_ranking.py:424: UndefinedMetricWarning: Only one class is present in y_true. ROC AUC score is not defined in that case.[32m [repeated 40x across cluster][0m
[36m(ClientAppActor pid=1144555)[0m   warnings.warn([32m [repeated 40x across cluster][0m
[92mINFO [0m:      aggregate_evaluate: received 2048 results and 0 failures
[92mINFO [0m:      
[92mINFO [0m:      [ROUND 10]
[92mINFO [0m:      configure_fit: strategy sampled 1638 clients (out of 2048)

[36m(ClientAppActor pid=1144531)[0m    Train:      87 samples (client-local)[32m [repeated 183x across cluster][0m
[36m(ClientAppActor pid=1144531)[0m    Validation: 12 samples (client-local)[32m [repeated 183x across cluster][0m
[36m(ClientAppActor pid=1144531)[0m    Test:       50737 samples (global, shared)[32m [repeated 183x across cluster][0m
[36m(ClientAppActor pid=1144538)[0m [Client 1660] Data split:[32m [repeated 253x across cluster][0m
[36m(ClientAppActor pid=1144538)[0m    Train:      86 samples (client-local)[32m [repeated 253x across cluster][0m
[36m(ClientAppActor pid=1144538)[0m    Validation: 12 samples (client-local)[32m [repeated 253x across cluster][0m
[36m(ClientAppActor pid=1144538)[0m    Test:       50737 samples (global, shared)[32m [repeated 253x across cluster][0m
[36m(ClientAppActor pid=1144537)[0m [Client 1513] Data split:[32m [repeated 245x across cluster][0m
[36m(ClientAppActor pid=1144537)[0m    Train:      86 samples (client-local)[32m [repeated 245x across cluster][0m
[36m(ClientAppActor pid=1144537)[0m    Validation: 12 samples (client-local)[32m [repeated 245x across cluster][0m
[36m(ClientAppActor pid=1144537)[0m    Test:       50737 samples (global, shared)[32m [repeated 245x across cluster][0m
[36m(ClientAppActor pid=1144569)[0m [Client 8] Data split:[32m [repeated 255x across cluster][0m
[36m(ClientAppActor pid=1144569)[0m    Train:      87 samples (client-local)[32m [repeated 255x across cluster][0m
[36m(ClientAppActor pid=1144569)[0m    Validation: 12 samples (client-local)[32m [repeated 255x across cluster][0m
[36m(ClientAppActor pid=1144569)[0m    Test:       50737 samples (global, shared)[32m [repeated 255x across cluster][0m
[36m(ClientAppActor pid=1144541)[0m [Client 152] Data split:[32m [repeated 258x across cluster][0m
[36m(ClientAppActor pid=1144541)[0m    Train:      87 samples (client-local)[32m [repeated 258x across cluster][0m
[36m(ClientAppActor pid=1144541)[0m    Validation: 12 samples (client-local)[32m [repeated 258x across cluster][0m
[36m(ClientAppActor pid=1144541)[0m    Test:       50737 samples (global, shared)[32m [repeated 258x across cluster][0m
[36m(ClientAppActor pid=1144556)[0m [Client 13] Data split:[32m [repeated 257x across cluster][0m
[36m(ClientAppActor pid=1144556)[0m    Train:      87 samples (client-local)[32m [repeated 257x across cluster][0m
[36m(ClientAppActor pid=1144556)[0m    Validation: 12 samples (client-local)[32m [repeated 257x across cluster][0m
[36m(ClientAppActor pid=1144556)[0m    Test:       50737 samples (global, shared)[32m [repeated 257x across cluster][0m
[36m(ClientAppActor pid=1144537)[0m [Client 627] Data split:[32m [repeated 251x across cluster][0m
[36m(ClientAppActor pid=1144537)[0m    Train:      87 samples (client-local)[32m [repeated 251x across cluster][0m
[36m(ClientAppActor pid=1144537)[0m    Validation: 12 samples (client-local)[32m [repeated 251x across cluster][0m
[36m(ClientAppActor pid=1144537)[0m    Test:       50737 samples (global, shared)[32m [repeated 251x across cluster][0m
[36m(ClientAppActor pid=1144539)[0m [Client 1785] Data split:[32m [repeated 248x across cluster][0m
[36m(ClientAppActor pid=1144539)[0m    Train:      86 samples (client-local)[32m [repeated 248x across cluster][0m
[36m(ClientAppActor pid=1144539)[0m    Validation: 12 samples (client-local)[32m [repeated 248x across cluster][0m
[36m(ClientAppActor pid=1144539)[0m    Test:       50737 samples (global, shared)[32m [repeated 248x across cluster][0m

🎯 Multi-Threshold Aggregation:
   ═══════════════════════════════════════════════
   Evaluated 10 thresholds:
     • Thr=0.30: Recall=0.856, Spec=0.197, F1=0.251
     • Thr=0.35: Recall=0.795, Spec=0.260, F1=0.250
     • Thr=0.40: Recall=0.731, Spec=0.331, F1=0.249
   ...

   BEST Threshold: 0.30
     • Recall:      0.856
     • Specificity: 0.197
     • F1-Score:    0.251
     • Score:       0.527
   ═══════════════════════════════════════════════

⚠️  No rounds meet spec≥0.7, using recall filter only
 2 Pareto-optimal rounds (not dominated in recall & spec)

🎯 SELECTED ROUND 9:
   Recall:     0.856
   Specificity: 0.197
   F1-Score:    0.251
   Stability:   0.357
   Alerts/1000: 810.3
   Composite:   0.487


✅ Round 9 is NEW BEST - Saving checkpoint...
   💾 Checkpoint saved: result/splits_iid_scaling/splits_iid_2048_clients.json/multi_thr/model_round_9.pt
⚠️  No rounds meet spec≥0.7, using recall filter only
 2 Pareto-optimal rounds (not dominated in recall & spec)

🎯 SELECTED ROUND 9:
   Recall:     0.856
   Specificity: 0.197
   F1-Score:    0.251
   Stability:   0.357
   Alerts/1000: 810.3
   Composite:   0.487

   💾 Best model saved: result/splits_iid_scaling/splits_iid_2048_clients.json/multi_thr/model_round_9.pt
   📊 Metrics saved: result/splits_iid_scaling/splits_iid_2048_clients.json/multi_thr/run_1.json
[36m(ClientAppActor pid=1144531)[0m [Client 407] Data split:[32m [repeated 237x across cluster][0m
[36m(ClientAppActor pid=1144531)[0m    Train:      87 samples (client-local)[32m [repeated 237x across cluster][0m
[36m(ClientAppActor pid=1144531)[0m    Validation: 12 samples (client-local)[32m [repeated 237x across cluster][0m
[36m(ClientAppActor pid=1144531)[0m    Test:       50737 samples (global, shared)[32m [repeated 237x across cluster][0m
[36m(ClientAppActor pid=1144533)[0m [Client 1449] Data split:[32m [repeated 253x across cluster][0m
[36m(ClientAppActor pid=1144533)[0m    Train:      86 samples (client-local)[32m [repeated 253x across cluster][0m
[36m(ClientAppActor pid=1144533)[0m    Validation: 12 samples (client-local)[32m [repeated 253x across cluster][0m
[36m(ClientAppActor pid=1144533)[0m    Test:       50737 samples (global, shared)[32m [repeated 253x across cluster][0m
[36m(ClientAppActor pid=1144533)[0m [Client 670] Data split:[32m [repeated 247x across cluster][0m
[36m(ClientAppActor pid=1144533)[0m    Train:      87 samples (client-local)[32m [repeated 247x across cluster][0m
[36m(ClientAppActor pid=1144533)[0m    Validation: 12 samples (client-local)[32m [repeated 247x across cluster][0m
[36m(ClientAppActor pid=1144533)[0m    Test:       50737 samples (global, shared)[32m [repeated 247x across cluster][0m
[36m(ClientAppActor pid=1144531)[0m [Client 1360] Data split:[32m [repeated 252x across cluster][0m
[36m(ClientAppActor pid=1144531)[0m    Train:      87 samples (client-local)[32m [repeated 252x across cluster][0m
[36m(ClientAppActor pid=1144531)[0m    Validation: 12 samples (client-local)[32m [repeated 252x across cluster][0m
[36m(ClientAppActor pid=1144531)[0m    Test:       50737 samples (global, shared)[32m [repeated 252x across cluster][0m
[36m(ClientAppActor pid=1144538)[0m [Client 1041] Data split:[32m [repeated 257x across cluster][0m
[36m(ClientAppActor pid=1144538)[0m    Train:      87 samples (client-local)[32m [repeated 257x across cluster][0m
[36m(ClientAppActor pid=1144538)[0m    Validation: 12 samples (client-local)[32m [repeated 257x across cluster][0m
[36m(ClientAppActor pid=1144538)[0m    Test:       50737 samples (global, shared)[32m [repeated 257x across cluster][0m
[36m(ClientAppActor pid=1144533)[0m [Client 257] Data split:[32m [repeated 252x across cluster][0m
[36m(ClientAppActor pid=1144533)[0m    Train:      87 samples (client-local)[32m [repeated 252x across cluster][0m
[36m(ClientAppActor pid=1144533)[0m    Validation: 12 samples (client-local)[32m [repeated 252x across cluster][0m
[36m(ClientAppActor pid=1144533)[0m    Test:       50737 samples (global, shared)[32m [repeated 252x across cluster][0m
[36m(ClientAppActor pid=1144538)[0m [Client 643] Data split:[32m [repeated 253x across cluster][0m
[36m(ClientAppActor pid=1144538)[0m    Train:      87 samples (client-local)[32m [repeated 253x across cluster][0m[92mINFO [0m:      aggregate_fit: received 1638 results and 0 failures
[92mINFO [0m:      configure_evaluate: strategy sampled 2048 clients (out of 2048)
[36m(ClientAppActor pid=1144536)[0m /home/bax9142/federated-edge-learning/.venv/lib64/python3.13/site-packages/sklearn/metrics/_ranking.py:424: UndefinedMetricWarning: Only one class is present in y_true. ROC AUC score is not defined in that case.[32m [repeated 36x across cluster][0m
[36m(ClientAppActor pid=1144536)[0m   warnings.warn([32m [repeated 36x across cluster][0m
[36m(ClientAppActor pid=1144540)[0m /home/bax9142/federated-edge-learning/.venv/lib64/python3.13/site-packages/sklearn/metrics/_ranking.py:424: UndefinedMetricWarning: Only one class is present in y_true. ROC AUC score is not defined in that case.[32m [repeated 40x across cluster][0m
[36m(ClientAppActor pid=1144540)[0m   warnings.warn([32m [repeated 40x across cluster][0m
[36m(ClientAppActor pid=1144539)[0m /home/bax9142/federated-edge-learning/.venv/lib64/python3.13/site-packages/sklearn/metrics/_ranking.py:424: UndefinedMetricWarning: Only one class is present in y_true. ROC AUC score is not defined in that case.[32m [repeated 33x across cluster][0m
[36m(ClientAppActor pid=1144539)[0m   warnings.warn([32m [repeated 33x across cluster][0m
[36m(ClientAppActor pid=1144556)[0m /home/bax9142/federated-edge-learning/.venv/lib64/python3.13/site-packages/sklearn/metrics/_ranking.py:424: UndefinedMetricWarning: Only one class is present in y_true. ROC AUC score is not defined in that case.[32m [repeated 39x across cluster][0m
[36m(ClientAppActor pid=1144556)[0m   warnings.warn([32m [repeated 39x across cluster][0m
[36m(ClientAppActor pid=1144536)[0m /home/bax9142/federated-edge-learning/.venv/lib64/python3.13/site-packages/sklearn/metrics/_ranking.py:424: UndefinedMetricWarning: Only one class is present in y_true. ROC AUC score is not defined in that case.[32m [repeated 43x across cluster][0m
[36m(ClientAppActor pid=1144536)[0m   warnings.warn([32m [repeated 43x across cluster][0m
[36m(ClientAppActor pid=1144547)[0m /home/bax9142/federated-edge-learning/.venv/lib64/python3.13/site-packages/sklearn/metrics/_ranking.py:424: UndefinedMetricWarning: Only one class is present in y_true. ROC AUC score is not defined in that case.[32m [repeated 49x across cluster][0m
[36m(ClientAppActor pid=1144547)[0m   warnings.warn([32m [repeated 49x across cluster][0m
[36m(ClientAppActor pid=1144540)[0m /home/bax9142/federated-edge-learning/.venv/lib64/python3.13/site-packages/sklearn/metrics/_ranking.py:424: UndefinedMetricWarning: Only one class is present in y_true. ROC AUC score is not defined in that case.[32m [repeated 42x across cluster][0m
[36m(ClientAppActor pid=1144540)[0m   warnings.warn([32m [repeated 42x across cluster][0m
[36m(ClientAppActor pid=1144538)[0m /home/bax9142/federated-edge-learning/.venv/lib64/python3.13/site-packages/sklearn/metrics/_ranking.py:424: UndefinedMetricWarning: Only one class is present in y_true. ROC AUC score is not defined in that case.[32m [repeated 36x across cluster][0m
[36m(ClientAppActor pid=1144538)[0m   warnings.warn([32m [repeated 36x across cluster][0m
[92mINFO [0m:      aggregate_evaluate: received 2048 results and 0 failures
[92mINFO [0m:      
[92mINFO [0m:      [ROUND 11]
[92mINFO [0m:      configure_fit: strategy sampled 1638 clients (out of 2048)

[36m(ClientAppActor pid=1144538)[0m    Validation: 12 samples (client-local)[32m [repeated 253x across cluster][0m
[36m(ClientAppActor pid=1144538)[0m    Test:       50737 samples (global, shared)[32m [repeated 253x across cluster][0m
[36m(ClientAppActor pid=1144537)[0m [Client 1473] Data split:[32m [repeated 196x across cluster][0m
[36m(ClientAppActor pid=1144537)[0m    Train:      86 samples (client-local)[32m [repeated 196x across cluster][0m
[36m(ClientAppActor pid=1144537)[0m    Validation: 12 samples (client-local)[32m [repeated 196x across cluster][0m
[36m(ClientAppActor pid=1144537)[0m    Test:       50737 samples (global, shared)[32m [repeated 196x across cluster][0m
[36m(ClientAppActor pid=1144531)[0m [Client 119] Data split:[32m [repeated 243x across cluster][0m
[36m(ClientAppActor pid=1144531)[0m    Train:      87 samples (client-local)[32m [repeated 243x across cluster][0m
[36m(ClientAppActor pid=1144531)[0m    Validation: 12 samples (client-local)[32m [repeated 243x across cluster][0m
[36m(ClientAppActor pid=1144531)[0m    Test:       50737 samples (global, shared)[32m [repeated 243x across cluster][0m
[36m(ClientAppActor pid=1144546)[0m [Client 398] Data split:[32m [repeated 248x across cluster][0m
[36m(ClientAppActor pid=1144546)[0m    Train:      87 samples (client-local)[32m [repeated 248x across cluster][0m
[36m(ClientAppActor pid=1144546)[0m    Validation: 12 samples (client-local)[32m [repeated 248x across cluster][0m
[36m(ClientAppActor pid=1144546)[0m    Test:       50737 samples (global, shared)[32m [repeated 248x across cluster][0m
[36m(ClientAppActor pid=1144538)[0m [Client 146] Data split:[32m [repeated 245x across cluster][0m
[36m(ClientAppActor pid=1144538)[0m    Train:      87 samples (client-local)[32m [repeated 245x across cluster][0m
[36m(ClientAppActor pid=1144538)[0m    Validation: 12 samples (client-local)[32m [repeated 245x across cluster][0m
[36m(ClientAppActor pid=1144538)[0m    Test:       50737 samples (global, shared)[32m [repeated 245x across cluster][0m
[36m(ClientAppActor pid=1144550)[0m [Client 75] Data split:[32m [repeated 250x across cluster][0m
[36m(ClientAppActor pid=1144550)[0m    Train:      87 samples (client-local)[32m [repeated 250x across cluster][0m
[36m(ClientAppActor pid=1144550)[0m    Validation: 12 samples (client-local)[32m [repeated 250x across cluster][0m
[36m(ClientAppActor pid=1144550)[0m    Test:       50737 samples (global, shared)[32m [repeated 250x across cluster][0m
[36m(ClientAppActor pid=1144531)[0m [Client 1105] Data split:[32m [repeated 248x across cluster][0m
[36m(ClientAppActor pid=1144531)[0m    Train:      87 samples (client-local)[32m [repeated 248x across cluster][0m
[36m(ClientAppActor pid=1144531)[0m    Validation: 12 samples (client-local)[32m [repeated 248x across cluster][0m
[36m(ClientAppActor pid=1144531)[0m    Test:       50737 samples (global, shared)[32m [repeated 248x across cluster][0m
[36m(ClientAppActor pid=1144537)[0m [Client 1827] Data split:[32m [repeated 251x across cluster][0m
[36m(ClientAppActor pid=1144537)[0m    Train:      86 samples (client-local)[32m [repeated 251x across cluster][0m
[36m(ClientAppActor pid=1144537)[0m    Validation: 12 samples (client-local)[32m [repeated 251x across cluster][0m
[36m(ClientAppActor pid=1144537)[0m    Test:       50737 samples (global, shared)[32m [repeated 251x across cluster][0m
[36m(ClientAppActor pid=1144539)[0m [Client 868] Data split:[32m [repeated 253x across cluster][0m
[36m(ClientAppActor pid=1144539)[0m    Train:      87 samples (client-local)[32m [repeated 253x across cluster][0m
[36m(ClientAppActor pid=1144539)[0m    Validation: 12 samples (client-local)[32m [repeated 253x across cluster][0m
[36m(ClientAppActor pid=1144539)[0m    Test:       50737 samples (global, shared)[32m [repeated 253x across cluster][0m

🎯 Multi-Threshold Aggregation:
   ═══════════════════════════════════════════════
   Evaluated 10 thresholds:
     • Thr=0.30: Recall=0.887, Spec=0.179, F1=0.255
     • Thr=0.35: Recall=0.827, Spec=0.236, F1=0.253
     • Thr=0.40: Recall=0.773, Spec=0.306, F1=0.255
   ...

   BEST Threshold: 0.30
     • Recall:      0.887
     • Specificity: 0.179
     • F1-Score:    0.255
     • Score:       0.533
   ═══════════════════════════════════════════════

⚠️  No rounds meet spec≥0.7, using recall filter only
 3 Pareto-optimal rounds (not dominated in recall & spec)

🎯 SELECTED ROUND 10:
   Recall:     0.887
   Specificity: 0.179
   F1-Score:    0.255
   Stability:   0.489
   Alerts/1000: 830.3
   Composite:   0.508


✅ Round 10 is NEW BEST - Saving checkpoint...
   💾 Checkpoint saved: result/splits_iid_scaling/splits_iid_2048_clients.json/multi_thr/model_round_10.pt
⚠️  No rounds meet spec≥0.7, using recall filter only
 3 Pareto-optimal rounds (not dominated in recall & spec)

🎯 SELECTED ROUND 10:
   Recall:     0.887
   Specificity: 0.179
   F1-Score:    0.255
   Stability:   0.489
   Alerts/1000: 830.3
   Composite:   0.508

   💾 Best model saved: result/splits_iid_scaling/splits_iid_2048_clients.json/multi_thr/model_round_10.pt
   📊 Metrics saved: result/splits_iid_scaling/splits_iid_2048_clients.json/multi_thr/run_1.json
[36m(ClientAppActor pid=1144545)[0m [Client 1842] Data split:[32m [repeated 244x across cluster][0m
[36m(ClientAppActor pid=1144545)[0m    Train:      86 samples (client-local)[32m [repeated 244x across cluster][0m
[36m(ClientAppActor pid=1144545)[0m    Validation: 12 samples (client-local)[32m [repeated 244x across cluster][0m
[36m(ClientAppActor pid=1144545)[0m    Test:       50737 samples (global, shared)[32m [repeated 244x across cluster][0m
[36m(ClientAppActor pid=1144537)[0m [Client 917] Data split:[32m [repeated 251x across cluster][0m
[36m(ClientAppActor pid=1144537)[0m    Train:      87 samples (client-local)[32m [repeated 251x across cluster][0m
[36m(ClientAppActor pid=1144537)[0m    Validation: 12 samples (client-local)[32m [repeated 251x across cluster][0m
[36m(ClientAppActor pid=1144537)[0m    Test:       50737 samples (global, shared)[32m [repeated 251x across cluster][0m
[36m(ClientAppActor pid=1144547)[0m [Client 1968] Data split:[32m [repeated 261x across cluster][0m
[36m(ClientAppActor pid=1144547)[0m    Train:      86 samples (client-local)[32m [repeated 261x across cluster][0m
[36m(ClientAppActor pid=1144547)[0m    Validation: 12 samples (client-local)[32m [repeated 261x across cluster][0m
[36m(ClientAppActor pid=1144547)[0m    Test:       50737 samples (global, shared)[32m [repeated 261x across cluster][0m
[36m(ClientAppActor pid=1144531)[0m [Client 863] Data split:[32m [repeated 243x across cluster][0m
[36m(ClientAppActor pid=1144531)[0m    Train:      87 samples (client-local)[32m [repeated 243x across cluster][0m
[36m(ClientAppActor pid=1144531)[0m    Validation: 12 samples (client-local)[32m [repeated 243x across cluster][0m
[36m(ClientAppActor pid=1144531)[0m    Test:       50737 samples (global, shared)[32m [repeated 243x across cluster][0m
[36m(ClientAppActor pid=1144552)[0m [Client 1977] Data split:[32m [repeated 263x across cluster][0m
[36m(ClientAppActor pid=1144552)[0m    Train:      86 samples (client-local)[32m [repeated 263x across cluster][0m
[36m(ClientAppActor pid=1144552)[0m    Validation: 12 samples (client-local)[32m [repeated 263x across cluster][0m
[36m(ClientAppActor pid=1144552)[0m    Test:       50737 samples (global, shared)[32m [repeated 263x across cluster][0m
[36m(ClientAppActor pid=1144586)[0m [Client 169] Data split:[32m [repeated 243x across cluster][0m
[36m(ClientAppActor pid=1144586)[0m    Train:      87 samples (client-local)[32m [repeated 243x across cluster][0m
[36m(ClientAppActor pid=1144586)[0m    Validation: 12 samples (client-local)[32m [repeated 243x across cluster][0m[92mINFO [0m:      aggregate_fit: received 1638 results and 0 failures
[92mINFO [0m:      configure_evaluate: strategy sampled 2048 clients (out of 2048)
[36m(ClientAppActor pid=1144560)[0m /home/bax9142/federated-edge-learning/.venv/lib64/python3.13/site-packages/sklearn/metrics/_ranking.py:424: UndefinedMetricWarning: Only one class is present in y_true. ROC AUC score is not defined in that case.[32m [repeated 40x across cluster][0m
[36m(ClientAppActor pid=1144560)[0m   warnings.warn([32m [repeated 40x across cluster][0m
[36m(ClientAppActor pid=1144551)[0m /home/bax9142/federated-edge-learning/.venv/lib64/python3.13/site-packages/sklearn/metrics/_ranking.py:424: UndefinedMetricWarning: Only one class is present in y_true. ROC AUC score is not defined in that case.[32m [repeated 38x across cluster][0m
[36m(ClientAppActor pid=1144551)[0m   warnings.warn([32m [repeated 38x across cluster][0m
[36m(ClientAppActor pid=1144533)[0m /home/bax9142/federated-edge-learning/.venv/lib64/python3.13/site-packages/sklearn/metrics/_ranking.py:424: UndefinedMetricWarning: Only one class is present in y_true. ROC AUC score is not defined in that case.[32m [repeated 36x across cluster][0m
[36m(ClientAppActor pid=1144533)[0m   warnings.warn([32m [repeated 36x across cluster][0m
[36m(ClientAppActor pid=1144552)[0m /home/bax9142/federated-edge-learning/.venv/lib64/python3.13/site-packages/sklearn/metrics/_ranking.py:424: UndefinedMetricWarning: Only one class is present in y_true. ROC AUC score is not defined in that case.[32m [repeated 49x across cluster][0m
[36m(ClientAppActor pid=1144552)[0m   warnings.warn([32m [repeated 49x across cluster][0m
[36m(ClientAppActor pid=1144552)[0m /home/bax9142/federated-edge-learning/.venv/lib64/python3.13/site-packages/sklearn/metrics/_ranking.py:424: UndefinedMetricWarning: Only one class is present in y_true. ROC AUC score is not defined in that case.[32m [repeated 42x across cluster][0m
[36m(ClientAppActor pid=1144552)[0m   warnings.warn([32m [repeated 42x across cluster][0m
[36m(ClientAppActor pid=1144533)[0m /home/bax9142/federated-edge-learning/.venv/lib64/python3.13/site-packages/sklearn/metrics/_ranking.py:424: UndefinedMetricWarning: Only one class is present in y_true. ROC AUC score is not defined in that case.[32m [repeated 38x across cluster][0m
[36m(ClientAppActor pid=1144533)[0m   warnings.warn([32m [repeated 38x across cluster][0m
[36m(ClientAppActor pid=1144554)[0m /home/bax9142/federated-edge-learning/.venv/lib64/python3.13/site-packages/sklearn/metrics/_ranking.py:424: UndefinedMetricWarning: Only one class is present in y_true. ROC AUC score is not defined in that case.[32m [repeated 36x across cluster][0m
[36m(ClientAppActor pid=1144554)[0m   warnings.warn([32m [repeated 36x across cluster][0m
[36m(ClientAppActor pid=1144551)[0m /home/bax9142/federated-edge-learning/.venv/lib64/python3.13/site-packages/sklearn/metrics/_ranking.py:424: UndefinedMetricWarning: Only one class is present in y_true. ROC AUC score is not defined in that case.[32m [repeated 41x across cluster][0m
[36m(ClientAppActor pid=1144551)[0m   warnings.warn([32m [repeated 41x across cluster][0m
[92mINFO [0m:      aggregate_evaluate: received 2048 results and 0 failures
[92mINFO [0m:      
[92mINFO [0m:      [ROUND 12]
[92mINFO [0m:      configure_fit: strategy sampled 1638 clients (out of 2048)

[36m(ClientAppActor pid=1144586)[0m    Test:       50737 samples (global, shared)[32m [repeated 243x across cluster][0m
[36m(ClientAppActor pid=1144536)[0m [Client 156] Data split:[32m [repeated 240x across cluster][0m
[36m(ClientAppActor pid=1144536)[0m    Train:      87 samples (client-local)[32m [repeated 240x across cluster][0m
[36m(ClientAppActor pid=1144536)[0m    Validation: 12 samples (client-local)[32m [repeated 240x across cluster][0m
[36m(ClientAppActor pid=1144536)[0m    Test:       50737 samples (global, shared)[32m [repeated 240x across cluster][0m
[36m(ClientAppActor pid=1144531)[0m [Client 1396] Data split:[32m [repeated 193x across cluster][0m
[36m(ClientAppActor pid=1144531)[0m    Train:      87 samples (client-local)[32m [repeated 193x across cluster][0m
[36m(ClientAppActor pid=1144531)[0m    Validation: 12 samples (client-local)[32m [repeated 193x across cluster][0m
[36m(ClientAppActor pid=1144531)[0m    Test:       50737 samples (global, shared)[32m [repeated 193x across cluster][0m
[36m(ClientAppActor pid=1144539)[0m [Client 471] Data split:[32m [repeated 255x across cluster][0m
[36m(ClientAppActor pid=1144539)[0m    Train:      87 samples (client-local)[32m [repeated 255x across cluster][0m
[36m(ClientAppActor pid=1144539)[0m    Validation: 12 samples (client-local)[32m [repeated 255x across cluster][0m
[36m(ClientAppActor pid=1144539)[0m    Test:       50737 samples (global, shared)[32m [repeated 255x across cluster][0m
[36m(ClientAppActor pid=1144545)[0m [Client 980] Data split:[32m [repeated 259x across cluster][0m
[36m(ClientAppActor pid=1144545)[0m    Train:      87 samples (client-local)[32m [repeated 259x across cluster][0m
[36m(ClientAppActor pid=1144545)[0m    Validation: 12 samples (client-local)[32m [repeated 259x across cluster][0m
[36m(ClientAppActor pid=1144545)[0m    Test:       50737 samples (global, shared)[32m [repeated 259x across cluster][0m
[36m(ClientAppActor pid=1144531)[0m [Client 1226] Data split:[32m [repeated 260x across cluster][0m
[36m(ClientAppActor pid=1144531)[0m    Train:      87 samples (client-local)[32m [repeated 260x across cluster][0m
[36m(ClientAppActor pid=1144531)[0m    Validation: 12 samples (client-local)[32m [repeated 260x across cluster][0m
[36m(ClientAppActor pid=1144531)[0m    Test:       50737 samples (global, shared)[32m [repeated 260x across cluster][0m
[36m(ClientAppActor pid=1144560)[0m [Client 2047] Data split:[32m [repeated 254x across cluster][0m
[36m(ClientAppActor pid=1144560)[0m    Train:      86 samples (client-local)[32m [repeated 254x across cluster][0m
[36m(ClientAppActor pid=1144560)[0m    Validation: 804 samples (client-local)[32m [repeated 254x across cluster][0m
[36m(ClientAppActor pid=1144560)[0m    Test:       50737 samples (global, shared)[32m [repeated 254x across cluster][0m
[36m(ClientAppActor pid=1144547)[0m [Client 839] Data split:[32m [repeated 244x across cluster][0m
[36m(ClientAppActor pid=1144547)[0m    Train:      87 samples (client-local)[32m [repeated 244x across cluster][0m
[36m(ClientAppActor pid=1144547)[0m    Validation: 12 samples (client-local)[32m [repeated 244x across cluster][0m
[36m(ClientAppActor pid=1144547)[0m    Test:       50737 samples (global, shared)[32m [repeated 244x across cluster][0m
[36m(ClientAppActor pid=1144541)[0m [Client 1063] Data split:[32m [repeated 258x across cluster][0m
[36m(ClientAppActor pid=1144541)[0m    Train:      87 samples (client-local)[32m [repeated 258x across cluster][0m
[36m(ClientAppActor pid=1144541)[0m    Validation: 12 samples (client-local)[32m [repeated 258x across cluster][0m
[36m(ClientAppActor pid=1144541)[0m    Test:       50737 samples (global, shared)[32m [repeated 258x across cluster][0m
[36m(ClientAppActor pid=1144531)[0m [Client 1006] Data split:[32m [repeated 257x across cluster][0m
[36m(ClientAppActor pid=1144531)[0m    Train:      87 samples (client-local)[32m [repeated 257x across cluster][0m
[36m(ClientAppActor pid=1144531)[0m    Validation: 12 samples (client-local)[32m [repeated 257x across cluster][0m
[36m(ClientAppActor pid=1144531)[0m    Test:       50737 samples (global, shared)[32m [repeated 257x across cluster][0m

🎯 Multi-Threshold Aggregation:
   ═══════════════════════════════════════════════
   Evaluated 10 thresholds:
     • Thr=0.30: Recall=0.905, Spec=0.167, F1=0.257
     • Thr=0.35: Recall=0.855, Spec=0.223, F1=0.257
     • Thr=0.40: Recall=0.803, Spec=0.289, F1=0.259
   ...

   BEST Threshold: 0.40
     • Recall:      0.803
     • Specificity: 0.289
     • F1-Score:    0.259
     • Score:       0.539
   ═══════════════════════════════════════════════

⚠️  No rounds meet spec≥0.7, using recall filter only
 4 Pareto-optimal rounds (not dominated in recall & spec)

🎯 SELECTED ROUND 11:
   Recall:     0.803
   Specificity: 0.289
   F1-Score:    0.259
   Stability:   0.971
   Alerts/1000: 723.7
   Composite:   0.557


✅ Round 11 is NEW BEST - Saving checkpoint...
   💾 Checkpoint saved: result/splits_iid_scaling/splits_iid_2048_clients.json/multi_thr/model_round_11.pt
⚠️  No rounds meet spec≥0.7, using recall filter only
 4 Pareto-optimal rounds (not dominated in recall & spec)

🎯 SELECTED ROUND 11:
   Recall:     0.803
   Specificity: 0.289
   F1-Score:    0.259
   Stability:   0.971
   Alerts/1000: 723.7
   Composite:   0.557

   💾 Best model saved: result/splits_iid_scaling/splits_iid_2048_clients.json/multi_thr/model_round_11.pt
   📊 Metrics saved: result/splits_iid_scaling/splits_iid_2048_clients.json/multi_thr/run_1.json
[36m(ClientAppActor pid=1144549)[0m [Client 54] Data split:[32m [repeated 225x across cluster][0m
[36m(ClientAppActor pid=1144549)[0m    Train:      87 samples (client-local)[32m [repeated 225x across cluster][0m
[36m(ClientAppActor pid=1144549)[0m    Validation: 12 samples (client-local)[32m [repeated 225x across cluster][0m
[36m(ClientAppActor pid=1144549)[0m    Test:       50737 samples (global, shared)[32m [repeated 225x across cluster][0m
[36m(ClientAppActor pid=1144541)[0m [Client 0] Data split:[32m [repeated 252x across cluster][0m
[36m(ClientAppActor pid=1144541)[0m    Train:      87 samples (client-local)[32m [repeated 252x across cluster][0m
[36m(ClientAppActor pid=1144541)[0m    Validation: 12 samples (client-local)[32m [repeated 252x across cluster][0m
[36m(ClientAppActor pid=1144541)[0m    Test:       50737 samples (global, shared)[32m [repeated 252x across cluster][0m
[36m(ClientAppActor pid=1144531)[0m [Client 1093] Data split:[32m [repeated 250x across cluster][0m
[36m(ClientAppActor pid=1144531)[0m    Train:      87 samples (client-local)[32m [repeated 250x across cluster][0m
[36m(ClientAppActor pid=1144531)[0m    Validation: 12 samples (client-local)[32m [repeated 250x across cluster][0m
[36m(ClientAppActor pid=1144531)[0m    Test:       50737 samples (global, shared)[32m [repeated 250x across cluster][0m
[36m(ClientAppActor pid=1144536)[0m [Client 2023] Data split:[32m [repeated 251x across cluster][0m
[36m(ClientAppActor pid=1144536)[0m    Train:      86 samples (client-local)[32m [repeated 251x across cluster][0m
[36m(ClientAppActor pid=1144536)[0m    Validation: 12 samples (client-local)[32m [repeated 251x across cluster][0m
[36m(ClientAppActor pid=1144536)[0m    Test:       50737 samples (global, shared)[32m [repeated 251x across cluster][0m
[36m(ClientAppActor pid=1144534)[0m [Client 1547] Data split:[32m [repeated 248x across cluster][0m
[36m(ClientAppActor pid=1144534)[0m    Train:      86 samples (client-local)[32m [repeated 248x across cluster][0m
[36m(ClientAppActor pid=1144534)[0m    Validation: 12 samples (client-local)[32m [repeated 248x across cluster][0m
[36m(ClientAppActor pid=1144534)[0m    Test:       50737 samples (global, shared)[32m [repeated 248x across cluster][0m[92mINFO [0m:      aggregate_fit: received 1638 results and 0 failures
[92mINFO [0m:      configure_evaluate: strategy sampled 2048 clients (out of 2048)
[36m(ClientAppActor pid=1144587)[0m /home/bax9142/federated-edge-learning/.venv/lib64/python3.13/site-packages/sklearn/metrics/_ranking.py:424: UndefinedMetricWarning: Only one class is present in y_true. ROC AUC score is not defined in that case.[32m [repeated 42x across cluster][0m
[36m(ClientAppActor pid=1144587)[0m   warnings.warn([32m [repeated 42x across cluster][0m
[36m(ClientAppActor pid=1144536)[0m /home/bax9142/federated-edge-learning/.venv/lib64/python3.13/site-packages/sklearn/metrics/_ranking.py:424: UndefinedMetricWarning: Only one class is present in y_true. ROC AUC score is not defined in that case.[32m [repeated 42x across cluster][0m
[36m(ClientAppActor pid=1144536)[0m   warnings.warn([32m [repeated 42x across cluster][0m
[36m(ClientAppActor pid=1144552)[0m /home/bax9142/federated-edge-learning/.venv/lib64/python3.13/site-packages/sklearn/metrics/_ranking.py:424: UndefinedMetricWarning: Only one class is present in y_true. ROC AUC score is not defined in that case.[32m [repeated 38x across cluster][0m
[36m(ClientAppActor pid=1144552)[0m   warnings.warn([32m [repeated 38x across cluster][0m
[36m(ClientAppActor pid=1144545)[0m /home/bax9142/federated-edge-learning/.venv/lib64/python3.13/site-packages/sklearn/metrics/_ranking.py:424: UndefinedMetricWarning: Only one class is present in y_true. ROC AUC score is not defined in that case.[32m [repeated 39x across cluster][0m
[36m(ClientAppActor pid=1144545)[0m   warnings.warn([32m [repeated 39x across cluster][0m
[36m(ClientAppActor pid=1144538)[0m /home/bax9142/federated-edge-learning/.venv/lib64/python3.13/site-packages/sklearn/metrics/_ranking.py:424: UndefinedMetricWarning: Only one class is present in y_true. ROC AUC score is not defined in that case.[32m [repeated 38x across cluster][0m
[36m(ClientAppActor pid=1144538)[0m   warnings.warn([32m [repeated 38x across cluster][0m
[36m(ClientAppActor pid=1144547)[0m /home/bax9142/federated-edge-learning/.venv/lib64/python3.13/site-packages/sklearn/metrics/_ranking.py:424: UndefinedMetricWarning: Only one class is present in y_true. ROC AUC score is not defined in that case.[32m [repeated 43x across cluster][0m
[36m(ClientAppActor pid=1144547)[0m   warnings.warn([32m [repeated 43x across cluster][0m
[36m(ClientAppActor pid=1144554)[0m /home/bax9142/federated-edge-learning/.venv/lib64/python3.13/site-packages/sklearn/metrics/_ranking.py:424: UndefinedMetricWarning: Only one class is present in y_true. ROC AUC score is not defined in that case.[32m [repeated 40x across cluster][0m
[36m(ClientAppActor pid=1144554)[0m   warnings.warn([32m [repeated 40x across cluster][0m
[36m(ClientAppActor pid=1144544)[0m /home/bax9142/federated-edge-learning/.venv/lib64/python3.13/site-packages/sklearn/metrics/_ranking.py:424: UndefinedMetricWarning: Only one class is present in y_true. ROC AUC score is not defined in that case.[32m [repeated 35x across cluster][0m
[36m(ClientAppActor pid=1144544)[0m   warnings.warn([32m [repeated 35x across cluster][0m
[36m(ClientAppActor pid=1144552)[0m /home/bax9142/federated-edge-learning/.venv/lib64/python3.13/site-packages/sklearn/metrics/_ranking.py:424: UndefinedMetricWarning: Only one class is present in y_true. ROC AUC score is not defined in that case.[32m [repeated 46x across cluster][0m
[36m(ClientAppActor pid=1144552)[0m   warnings.warn([32m [repeated 46x across cluster][0m
[92mINFO [0m:      aggregate_evaluate: received 2048 results and 0 failures
[92mINFO [0m:      
[92mINFO [0m:      [ROUND 13]
[92mINFO [0m:      configure_fit: strategy sampled 1638 clients (out of 2048)

[36m(ClientAppActor pid=1144537)[0m [Client 1746] Data split:[32m [repeated 259x across cluster][0m
[36m(ClientAppActor pid=1144537)[0m    Train:      86 samples (client-local)[32m [repeated 259x across cluster][0m
[36m(ClientAppActor pid=1144537)[0m    Validation: 12 samples (client-local)[32m [repeated 259x across cluster][0m
[36m(ClientAppActor pid=1144537)[0m    Test:       50737 samples (global, shared)[32m [repeated 259x across cluster][0m
[36m(ClientAppActor pid=1144541)[0m [Client 1234] Data split:[32m [repeated 244x across cluster][0m
[36m(ClientAppActor pid=1144541)[0m    Train:      87 samples (client-local)[32m [repeated 244x across cluster][0m
[36m(ClientAppActor pid=1144541)[0m    Validation: 12 samples (client-local)[32m [repeated 244x across cluster][0m
[36m(ClientAppActor pid=1144541)[0m    Test:       50737 samples (global, shared)[32m [repeated 244x across cluster][0m
[36m(ClientAppActor pid=1144533)[0m [Client 516] Data split:[32m [repeated 186x across cluster][0m
[36m(ClientAppActor pid=1144533)[0m    Train:      87 samples (client-local)[32m [repeated 186x across cluster][0m
[36m(ClientAppActor pid=1144533)[0m    Validation: 12 samples (client-local)[32m [repeated 186x across cluster][0m
[36m(ClientAppActor pid=1144533)[0m    Test:       50737 samples (global, shared)[32m [repeated 186x across cluster][0m
[36m(ClientAppActor pid=1144533)[0m [Client 85] Data split:[32m [repeated 248x across cluster][0m
[36m(ClientAppActor pid=1144533)[0m    Train:      87 samples (client-local)[32m [repeated 248x across cluster][0m
[36m(ClientAppActor pid=1144533)[0m    Validation: 12 samples (client-local)[32m [repeated 248x across cluster][0m
[36m(ClientAppActor pid=1144533)[0m    Test:       50737 samples (global, shared)[32m [repeated 248x across cluster][0m
[36m(ClientAppActor pid=1144531)[0m [Client 1784] Data split:[32m [repeated 254x across cluster][0m
[36m(ClientAppActor pid=1144531)[0m    Train:      86 samples (client-local)[32m [repeated 254x across cluster][0m
[36m(ClientAppActor pid=1144531)[0m    Validation: 12 samples (client-local)[32m [repeated 254x across cluster][0m
[36m(ClientAppActor pid=1144531)[0m    Test:       50737 samples (global, shared)[32m [repeated 254x across cluster][0m
[36m(ClientAppActor pid=1144533)[0m [Client 1972] Data split:[32m [repeated 255x across cluster][0m
[36m(ClientAppActor pid=1144533)[0m    Train:      86 samples (client-local)[32m [repeated 255x across cluster][0m
[36m(ClientAppActor pid=1144533)[0m    Validation: 12 samples (client-local)[32m [repeated 255x across cluster][0m
[36m(ClientAppActor pid=1144533)[0m    Test:       50737 samples (global, shared)[32m [repeated 255x across cluster][0m
[36m(ClientAppActor pid=1144574)[0m [Client 331] Data split:[32m [repeated 255x across cluster][0m
[36m(ClientAppActor pid=1144574)[0m    Train:      87 samples (client-local)[32m [repeated 255x across cluster][0m
[36m(ClientAppActor pid=1144574)[0m    Validation: 12 samples (client-local)[32m [repeated 255x across cluster][0m
[36m(ClientAppActor pid=1144574)[0m    Test:       50737 samples (global, shared)[32m [repeated 255x across cluster][0m
[36m(ClientAppActor pid=1144536)[0m [Client 664] Data split:[32m [repeated 246x across cluster][0m
[36m(ClientAppActor pid=1144536)[0m    Train:      87 samples (client-local)[32m [repeated 246x across cluster][0m
[36m(ClientAppActor pid=1144536)[0m    Validation: 12 samples (client-local)[32m [repeated 246x across cluster][0m
[36m(ClientAppActor pid=1144536)[0m    Test:       50737 samples (global, shared)[32m [repeated 246x across cluster][0m
[36m(ClientAppActor pid=1144541)[0m [Client 69] Data split:[32m [repeated 251x across cluster][0m
[36m(ClientAppActor pid=1144541)[0m    Train:      87 samples (client-local)[32m [repeated 251x across cluster][0m
[36m(ClientAppActor pid=1144541)[0m    Validation: 12 samples (client-local)[32m [repeated 251x across cluster][0m
[36m(ClientAppActor pid=1144541)[0m    Test:       50737 samples (global, shared)[32m [repeated 251x across cluster][0m
[36m(ClientAppActor pid=1144534)[0m [Client 1713] Data split:[32m [repeated 247x across cluster][0m
[36m(ClientAppActor pid=1144534)[0m    Train:      86 samples (client-local)[32m [repeated 247x across cluster][0m
[36m(ClientAppActor pid=1144534)[0m    Validation: 12 samples (client-local)[32m [repeated 247x across cluster][0m
[36m(ClientAppActor pid=1144534)[0m    Test:       50737 samples (global, shared)[32m [repeated 247x across cluster][0m

🎯 Multi-Threshold Aggregation:
   ═══════════════════════════════════════════════
   Evaluated 10 thresholds:
     • Thr=0.30: Recall=0.916, Spec=0.158, F1=0.257
     • Thr=0.35: Recall=0.873, Spec=0.214, F1=0.260
     • Thr=0.40: Recall=0.821, Spec=0.279, F1=0.262
   ...

   BEST Threshold: 0.45
     • Recall:      0.772
     • Specificity: 0.357
     • F1-Score:    0.269
     • Score:       0.553
   ═══════════════════════════════════════════════

⚠️  No rounds meet spec≥0.7, using recall filter only
 5 Pareto-optimal rounds (not dominated in recall & spec)

🎯 SELECTED ROUND 12:
   Recall:     0.772
   Specificity: 0.357
   F1-Score:    0.269
   Stability:   0.933
   Alerts/1000: 661.1
   Composite:   0.563


✅ Round 12 is NEW BEST - Saving checkpoint...
   💾 Checkpoint saved: result/splits_iid_scaling/splits_iid_2048_clients.json/multi_thr/model_round_12.pt
⚠️  No rounds meet spec≥0.7, using recall filter only
 5 Pareto-optimal rounds (not dominated in recall & spec)

🎯 SELECTED ROUND 12:
   Recall:     0.772
   Specificity: 0.357
   F1-Score:    0.269
   Stability:   0.933
   Alerts/1000: 661.1
   Composite:   0.563

   💾 Best model saved: result/splits_iid_scaling/splits_iid_2048_clients.json/multi_thr/model_round_12.pt
   📊 Metrics saved: result/splits_iid_scaling/splits_iid_2048_clients.json/multi_thr/run_1.json
[36m(ClientAppActor pid=1144538)[0m [Client 961] Data split:[32m [repeated 230x across cluster][0m
[36m(ClientAppActor pid=1144538)[0m    Train:      87 samples (client-local)[32m [repeated 230x across cluster][0m
[36m(ClientAppActor pid=1144538)[0m    Validation: 12 samples (client-local)[32m [repeated 230x across cluster][0m
[36m(ClientAppActor pid=1144538)[0m    Test:       50737 samples (global, shared)[32m [repeated 230x across cluster][0m
[36m(ClientAppActor pid=1144533)[0m [Client 1487] Data split:[32m [repeated 261x across cluster][0m
[36m(ClientAppActor pid=1144533)[0m    Train:      86 samples (client-local)[32m [repeated 261x across cluster][0m
[36m(ClientAppActor pid=1144533)[0m    Validation: 12 samples (client-local)[32m [repeated 261x across cluster][0m
[36m(ClientAppActor pid=1144533)[0m    Test:       50737 samples (global, shared)[32m [repeated 261x across cluster][0m
[36m(ClientAppActor pid=1144538)[0m [Client 1983] Data split:[32m [repeated 252x across cluster][0m
[36m(ClientAppActor pid=1144538)[0m    Train:      86 samples (client-local)[32m [repeated 252x across cluster][0m
[36m(ClientAppActor pid=1144538)[0m    Validation: 12 samples (client-local)[32m [repeated 252x across cluster][0m
[36m(ClientAppActor pid=1144538)[0m    Test:       50737 samples (global, shared)[32m [repeated 252x across cluster][0m
[36m(ClientAppActor pid=1144569)[0m [Client 1006] Data split:[32m [repeated 250x across cluster][0m
[36m(ClientAppActor pid=1144569)[0m    Train:      87 samples (client-local)[32m [repeated 250x across cluster][0m
[36m(ClientAppActor pid=1144569)[0m    Validation: 12 samples (client-local)[32m [repeated 250x across cluster][0m
[36m(ClientAppActor pid=1144569)[0m    Test:       50737 samples (global, shared)[32m [repeated 250x across cluster][0m
[36m(ClientAppActor pid=1144537)[0m [Client 1632] Data split:[32m [repeated 257x across cluster][0m[92mINFO [0m:      aggregate_fit: received 1638 results and 0 failures
[92mINFO [0m:      configure_evaluate: strategy sampled 2048 clients (out of 2048)
[36m(ClientAppActor pid=1144537)[0m /home/bax9142/federated-edge-learning/.venv/lib64/python3.13/site-packages/sklearn/metrics/_ranking.py:424: UndefinedMetricWarning: Only one class is present in y_true. ROC AUC score is not defined in that case.
[36m(ClientAppActor pid=1144537)[0m   warnings.warn(
[36m(ClientAppActor pid=1144533)[0m /home/bax9142/federated-edge-learning/.venv/lib64/python3.13/site-packages/sklearn/metrics/_ranking.py:424: UndefinedMetricWarning: Only one class is present in y_true. ROC AUC score is not defined in that case.
[36m(ClientAppActor pid=1144533)[0m   warnings.warn(
[36m(ClientAppActor pid=1144541)[0m /home/bax9142/federated-edge-learning/.venv/lib64/python3.13/site-packages/sklearn/metrics/_ranking.py:424: UndefinedMetricWarning: Only one class is present in y_true. ROC AUC score is not defined in that case.[32m [repeated 37x across cluster][0m
[36m(ClientAppActor pid=1144541)[0m   warnings.warn([32m [repeated 37x across cluster][0m
[36m(ClientAppActor pid=1144569)[0m /home/bax9142/federated-edge-learning/.venv/lib64/python3.13/site-packages/sklearn/metrics/_ranking.py:424: UndefinedMetricWarning: Only one class is present in y_true. ROC AUC score is not defined in that case.[32m [repeated 50x across cluster][0m
[36m(ClientAppActor pid=1144569)[0m   warnings.warn([32m [repeated 50x across cluster][0m
[36m(ClientAppActor pid=1144545)[0m /home/bax9142/federated-edge-learning/.venv/lib64/python3.13/site-packages/sklearn/metrics/_ranking.py:424: UndefinedMetricWarning: Only one class is present in y_true. ROC AUC score is not defined in that case.[32m [repeated 36x across cluster][0m
[36m(ClientAppActor pid=1144545)[0m   warnings.warn([32m [repeated 36x across cluster][0m
[36m(ClientAppActor pid=1144534)[0m /home/bax9142/federated-edge-learning/.venv/lib64/python3.13/site-packages/sklearn/metrics/_ranking.py:424: UndefinedMetricWarning: Only one class is present in y_true. ROC AUC score is not defined in that case.[32m [repeated 39x across cluster][0m
[36m(ClientAppActor pid=1144534)[0m   warnings.warn([32m [repeated 39x across cluster][0m
[36m(ClientAppActor pid=1144531)[0m /home/bax9142/federated-edge-learning/.venv/lib64/python3.13/site-packages/sklearn/metrics/_ranking.py:424: UndefinedMetricWarning: Only one class is present in y_true. ROC AUC score is not defined in that case.[32m [repeated 38x across cluster][0m
[36m(ClientAppActor pid=1144531)[0m   warnings.warn([32m [repeated 38x across cluster][0m
[36m(ClientAppActor pid=1144555)[0m /home/bax9142/federated-edge-learning/.venv/lib64/python3.13/site-packages/sklearn/metrics/_ranking.py:424: UndefinedMetricWarning: Only one class is present in y_true. ROC AUC score is not defined in that case.[32m [repeated 42x across cluster][0m
[36m(ClientAppActor pid=1144555)[0m   warnings.warn([32m [repeated 42x across cluster][0m
[36m(ClientAppActor pid=1144545)[0m /home/bax9142/federated-edge-learning/.venv/lib64/python3.13/site-packages/sklearn/metrics/_ranking.py:424: UndefinedMetricWarning: Only one class is present in y_true. ROC AUC score is not defined in that case.[32m [repeated 40x across cluster][0m
[36m(ClientAppActor pid=1144545)[0m   warnings.warn([32m [repeated 40x across cluster][0m
[92mINFO [0m:      aggregate_evaluate: received 2048 results and 0 failures
[92mINFO [0m:      
[92mINFO [0m:      [ROUND 14]
[92mINFO [0m:      configure_fit: strategy sampled 1638 clients (out of 2048)

[36m(ClientAppActor pid=1144537)[0m    Train:      86 samples (client-local)[32m [repeated 257x across cluster][0m
[36m(ClientAppActor pid=1144537)[0m    Validation: 12 samples (client-local)[32m [repeated 257x across cluster][0m
[36m(ClientAppActor pid=1144537)[0m    Test:       50737 samples (global, shared)[32m [repeated 257x across cluster][0m
[36m(ClientAppActor pid=1144549)[0m [Client 1025] Data split:[32m [repeated 253x across cluster][0m
[36m(ClientAppActor pid=1144549)[0m    Train:      87 samples (client-local)[32m [repeated 253x across cluster][0m
[36m(ClientAppActor pid=1144549)[0m    Validation: 12 samples (client-local)[32m [repeated 253x across cluster][0m
[36m(ClientAppActor pid=1144549)[0m    Test:       50737 samples (global, shared)[32m [repeated 253x across cluster][0m
[36m(ClientAppActor pid=1144536)[0m [Client 156] Data split:[32m [repeated 240x across cluster][0m
[36m(ClientAppActor pid=1144536)[0m    Train:      87 samples (client-local)[32m [repeated 240x across cluster][0m
[36m(ClientAppActor pid=1144536)[0m    Validation: 12 samples (client-local)[32m [repeated 240x across cluster][0m
[36m(ClientAppActor pid=1144536)[0m    Test:       50737 samples (global, shared)[32m [repeated 240x across cluster][0m
[36m(ClientAppActor pid=1144531)[0m [Client 1783] Data split:[32m [repeated 181x across cluster][0m
[36m(ClientAppActor pid=1144531)[0m    Train:      86 samples (client-local)[32m [repeated 181x across cluster][0m
[36m(ClientAppActor pid=1144531)[0m    Validation: 12 samples (client-local)[32m [repeated 181x across cluster][0m
[36m(ClientAppActor pid=1144531)[0m    Test:       50737 samples (global, shared)[32m [repeated 181x across cluster][0m
[36m(ClientAppActor pid=1144533)[0m [Client 1029] Data split:[32m [repeated 252x across cluster][0m
[36m(ClientAppActor pid=1144533)[0m    Train:      87 samples (client-local)[32m [repeated 252x across cluster][0m
[36m(ClientAppActor pid=1144533)[0m    Validation: 12 samples (client-local)[32m [repeated 252x across cluster][0m
[36m(ClientAppActor pid=1144533)[0m    Test:       50737 samples (global, shared)[32m [repeated 252x across cluster][0m
[36m(ClientAppActor pid=1144541)[0m [Client 179] Data split:[32m [repeated 261x across cluster][0m
[36m(ClientAppActor pid=1144541)[0m    Train:      87 samples (client-local)[32m [repeated 261x across cluster][0m
[36m(ClientAppActor pid=1144541)[0m    Validation: 12 samples (client-local)[32m [repeated 261x across cluster][0m
[36m(ClientAppActor pid=1144541)[0m    Test:       50737 samples (global, shared)[32m [repeated 261x across cluster][0m
[36m(ClientAppActor pid=1144542)[0m [Client 260] Data split:[32m [repeated 248x across cluster][0m
[36m(ClientAppActor pid=1144542)[0m    Train:      87 samples (client-local)[32m [repeated 248x across cluster][0m
[36m(ClientAppActor pid=1144542)[0m    Validation: 12 samples (client-local)[32m [repeated 248x across cluster][0m
[36m(ClientAppActor pid=1144542)[0m    Test:       50737 samples (global, shared)[32m [repeated 248x across cluster][0m
[36m(ClientAppActor pid=1144538)[0m [Client 553] Data split:[32m [repeated 256x across cluster][0m
[36m(ClientAppActor pid=1144538)[0m    Train:      87 samples (client-local)[32m [repeated 256x across cluster][0m
[36m(ClientAppActor pid=1144538)[0m    Validation: 12 samples (client-local)[32m [repeated 256x across cluster][0m
[36m(ClientAppActor pid=1144538)[0m    Test:       50737 samples (global, shared)[32m [repeated 256x across cluster][0m
[36m(ClientAppActor pid=1144537)[0m [Client 706] Data split:[32m [repeated 261x across cluster][0m
[36m(ClientAppActor pid=1144537)[0m    Train:      87 samples (client-local)[32m [repeated 261x across cluster][0m
[36m(ClientAppActor pid=1144537)[0m    Validation: 12 samples (client-local)[32m [repeated 261x across cluster][0m
[36m(ClientAppActor pid=1144537)[0m    Test:       50737 samples (global, shared)[32m [repeated 261x across cluster][0m
[36m(ClientAppActor pid=1144531)[0m [Client 811] Data split:[32m [repeated 250x across cluster][0m
[36m(ClientAppActor pid=1144531)[0m    Train:      87 samples (client-local)[32m [repeated 250x across cluster][0m
[36m(ClientAppActor pid=1144531)[0m    Validation: 12 samples (client-local)[32m [repeated 250x across cluster][0m
[36m(ClientAppActor pid=1144531)[0m    Test:       50737 samples (global, shared)[32m [repeated 250x across cluster][0m
[36m(ClientAppActor pid=1144544)[0m [Client 273] Data split:[32m [repeated 260x across cluster][0m
[36m(ClientAppActor pid=1144544)[0m    Train:      87 samples (client-local)[32m [repeated 260x across cluster][0m
[36m(ClientAppActor pid=1144544)[0m    Validation: 12 samples (client-local)[32m [repeated 260x across cluster][0m
[36m(ClientAppActor pid=1144544)[0m    Test:       50737 samples (global, shared)[32m [repeated 260x across cluster][0m

🎯 Multi-Threshold Aggregation:
   ═══════════════════════════════════════════════
   Evaluated 10 thresholds:
     • Thr=0.30: Recall=0.923, Spec=0.152, F1=0.258
     • Thr=0.35: Recall=0.883, Spec=0.208, F1=0.261
     • Thr=0.40: Recall=0.835, Spec=0.275, F1=0.264
   ...

   BEST Threshold: 0.45
     • Recall:      0.787
     • Specificity: 0.353
     • F1-Score:    0.272
     • Score:       0.558
   ═══════════════════════════════════════════════

⚠️  No rounds meet spec≥0.7, using recall filter only
 6 Pareto-optimal rounds (not dominated in recall & spec)

🎯 SELECTED ROUND 13:
   Recall:     0.787
   Specificity: 0.353
   F1-Score:    0.272
   Stability:   0.933
   Alerts/1000: 666.6
   Composite:   0.569


✅ Round 13 is NEW BEST - Saving checkpoint...
   💾 Checkpoint saved: result/splits_iid_scaling/splits_iid_2048_clients.json/multi_thr/model_round_13.pt
⚠️  No rounds meet spec≥0.7, using recall filter only
 6 Pareto-optimal rounds (not dominated in recall & spec)

🎯 SELECTED ROUND 13:
   Recall:     0.787
   Specificity: 0.353
   F1-Score:    0.272
   Stability:   0.933
   Alerts/1000: 666.6
   Composite:   0.569

   💾 Best model saved: result/splits_iid_scaling/splits_iid_2048_clients.json/multi_thr/model_round_13.pt
   📊 Metrics saved: result/splits_iid_scaling/splits_iid_2048_clients.json/multi_thr/run_1.json
[36m(ClientAppActor pid=1144554)[0m [Client 907] Data split:[32m [repeated 231x across cluster][0m
[36m(ClientAppActor pid=1144554)[0m    Train:      87 samples (client-local)[32m [repeated 231x across cluster][0m
[36m(ClientAppActor pid=1144554)[0m    Validation: 12 samples (client-local)[32m [repeated 231x across cluster][0m
[36m(ClientAppActor pid=1144554)[0m    Test:       50737 samples (global, shared)[32m [repeated 231x across cluster][0m
[36m(ClientAppActor pid=1144550)[0m [Client 1248] Data split:[32m [repeated 247x across cluster][0m
[36m(ClientAppActor pid=1144550)[0m    Train:      87 samples (client-local)[32m [repeated 247x across cluster][0m
[36m(ClientAppActor pid=1144550)[0m    Validation: 12 samples (client-local)[32m [repeated 247x across cluster][0m
[36m(ClientAppActor pid=1144550)[0m    Test:       50737 samples (global, shared)[32m [repeated 247x across cluster][0m
[36m(ClientAppActor pid=1144554)[0m    Test:       5
[36m(ClientAppActor pid=1144554)[0m 0737 samples (global, shared)
[36m(ClientAppActor pid=1144534)[0m [Client 425] Data split:[32m [repeated 250x across cluster][0m
[36m(ClientAppActor pid=1144534)[0m    Train:      87 samples (client-local)[32m [repeated 250x across cluster][0m
[36m(ClientAppActor pid=1144534)[0m    Validation: 12 samples (client-local)[32m [repeated 250x across cluster][0m
[36m(ClientAppActor pid=1144534)[0m    Test:       50737 samples (global, shared)[32m [repeated 249x across cluster][0m
[36m(ClientAppActor pid=1144537)[0m [Client 1092] Data split:[32m [repeated 254x across cluster][0m[92mINFO [0m:      aggregate_fit: received 1638 results and 0 failures
[92mINFO [0m:      configure_evaluate: strategy sampled 2048 clients (out of 2048)
[36m(ClientAppActor pid=1144537)[0m /home/bax9142/federated-edge-learning/.venv/lib64/python3.13/site-packages/sklearn/metrics/_ranking.py:424: UndefinedMetricWarning: Only one class is present in y_true. ROC AUC score is not defined in that case.[32m [repeated 39x across cluster][0m
[36m(ClientAppActor pid=1144537)[0m   warnings.warn([32m [repeated 39x across cluster][0m
[36m(ClientAppActor pid=1144581)[0m /home/bax9142/federated-edge-learning/.venv/lib64/python3.13/site-packages/sklearn/metrics/_ranking.py:424: UndefinedMetricWarning: Only one class is present in y_true. ROC AUC score is not defined in that case.[32m [repeated 42x across cluster][0m
[36m(ClientAppActor pid=1144581)[0m   warnings.warn([32m [repeated 42x across cluster][0m
[36m(ClientAppActor pid=1144547)[0m /home/bax9142/federated-edge-learning/.venv/lib64/python3.13/site-packages/sklearn/metrics/_ranking.py:424: UndefinedMetricWarning: Only one class is present in y_true. ROC AUC score is not defined in that case.[32m [repeated 50x across cluster][0m
[36m(ClientAppActor pid=1144547)[0m   warnings.warn([32m [repeated 50x across cluster][0m
[36m(ClientAppActor pid=1144539)[0m /home/bax9142/federated-edge-learning/.venv/lib64/python3.13/site-packages/sklearn/metrics/_ranking.py:424: UndefinedMetricWarning: Only one class is present in y_true. ROC AUC score is not defined in that case.[32m [repeated 39x across cluster][0m
[36m(ClientAppActor pid=1144539)[0m   warnings.warn([32m [repeated 39x across cluster][0m
[36m(ClientAppActor pid=1144539)[0m /home/bax9142/federated-edge-learning/.venv/lib64/python3.13/site-packages/sklearn/metrics/_ranking.py:424: UndefinedMetricWarning: Only one class is present in y_true. ROC AUC score is not defined in that case.[32m [repeated 45x across cluster][0m
[36m(ClientAppActor pid=1144539)[0m   warnings.warn([32m [repeated 45x across cluster][0m
[36m(ClientAppActor pid=1144586)[0m /home/bax9142/federated-edge-learning/.venv/lib64/python3.13/site-packages/sklearn/metrics/_ranking.py:424: UndefinedMetricWarning: Only one class is present in y_true. ROC AUC score is not defined in that case.[32m [repeated 43x across cluster][0m
[36m(ClientAppActor pid=1144586)[0m   warnings.warn([32m [repeated 43x across cluster][0m
[36m(ClientAppActor pid=1144533)[0m /home/bax9142/federated-edge-learning/.venv/lib64/python3.13/site-packages/sklearn/metrics/_ranking.py:424: UndefinedMetricWarning: Only one class is present in y_true. ROC AUC score is not defined in that case.[32m [repeated 32x across cluster][0m
[36m(ClientAppActor pid=1144533)[0m   warnings.warn([32m [repeated 32x across cluster][0m
[36m(ClientAppActor pid=1144552)[0m /home/bax9142/federated-edge-learning/.venv/lib64/python3.13/site-packages/sklearn/metrics/_ranking.py:424: UndefinedMetricWarning: Only one class is present in y_true. ROC AUC score is not defined in that case.[32m [repeated 39x across cluster][0m
[36m(ClientAppActor pid=1144552)[0m   warnings.warn([32m [repeated 39x across cluster][0m
[92mINFO [0m:      aggregate_evaluate: received 2048 results and 0 failures
[92mINFO [0m:      
[92mINFO [0m:      [ROUND 15]
[92mINFO [0m:      configure_fit: strategy sampled 1638 clients (out of 2048)

[36m(ClientAppActor pid=1144537)[0m    Train:      87 samples (client-local)[32m [repeated 254x across cluster][0m
[36m(ClientAppActor pid=1144537)[0m    Validation: 12 samples (client-local)[32m [repeated 254x across cluster][0m
[36m(ClientAppActor pid=1144537)[0m    Test:       50737 samples (global, shared)[32m [repeated 254x across cluster][0m
[36m(ClientAppActor pid=1144537)[0m [Client 1872] Data split:[32m [repeated 258x across cluster][0m
[36m(ClientAppActor pid=1144537)[0m    Train:      86 samples (client-local)[32m [repeated 258x across cluster][0m
[36m(ClientAppActor pid=1144537)[0m    Validation: 12 samples (client-local)[32m [repeated 258x across cluster][0m
[36m(ClientAppActor pid=1144537)[0m    Test:       50737 samples (global, shared)[32m [repeated 258x across cluster][0m
[36m(ClientAppActor pid=1144533)[0m [Client 1754] Data split:[32m [repeated 252x across cluster][0m
[36m(ClientAppActor pid=1144533)[0m    Train:      86 samples (client-local)[32m [repeated 252x across cluster][0m
[36m(ClientAppActor pid=1144533)[0m    Validation: 12 samples (client-local)[32m [repeated 252x across cluster][0m
[36m(ClientAppActor pid=1144533)[0m    Test:       50737 samples (global, shared)[32m [repeated 252x across cluster][0m
[36m(ClientAppActor pid=1144553)[0m [Client 2003] Data split:[32m [repeated 243x across cluster][0m
[36m(ClientAppActor pid=1144553)[0m    Train:      86 samples (client-local)[32m [repeated 243x across cluster][0m
[36m(ClientAppActor pid=1144553)[0m    Validation: 12 samples (client-local)[32m [repeated 243x across cluster][0m
[36m(ClientAppActor pid=1144553)[0m    Test:       50737 samples (global, shared)[32m [repeated 243x across cluster][0m
[36m(ClientAppActor pid=1144534)[0m [Client 897] Data split:[32m [repeated 200x across cluster][0m
[36m(ClientAppActor pid=1144534)[0m    Train:      87 samples (client-local)[32m [repeated 200x across cluster][0m
[36m(ClientAppActor pid=1144534)[0m    Validation: 12 samples (client-local)[32m [repeated 200x across cluster][0m
[36m(ClientAppActor pid=1144534)[0m    Test:       50737 samples (global, shared)[32m [repeated 200x across cluster][0m
[36m(ClientAppActor pid=1144544)[0m [Client 1881] Data split:[32m [repeated 249x across cluster][0m
[36m(ClientAppActor pid=1144544)[0m    Train:      86 samples (client-local)[32m [repeated 249x across cluster][0m
[36m(ClientAppActor pid=1144544)[0m    Validation: 12 samples (client-local)[32m [repeated 249x across cluster][0m
[36m(ClientAppActor pid=1144544)[0m    Test:       50737 samples (global, shared)[32m [repeated 249x across cluster][0m
[36m(ClientAppActor pid=1144541)[0m [Client 143] Data split:[32m [repeated 249x across cluster][0m
[36m(ClientAppActor pid=1144541)[0m    Train:      87 samples (client-local)[32m [repeated 249x across cluster][0m
[36m(ClientAppActor pid=1144541)[0m    Validation: 12 samples (client-local)[32m [repeated 249x across cluster][0m
[36m(ClientAppActor pid=1144541)[0m    Test:       50737 samples (global, shared)[32m [repeated 249x across cluster][0m
[36m(ClientAppActor pid=1144537)[0m [Client 1740] Data split:[32m [repeated 251x across cluster][0m
[36m(ClientAppActor pid=1144537)[0m    Train:      86 samples (client-local)[32m [repeated 251x across cluster][0m
[36m(ClientAppActor pid=1144537)[0m    Validation: 12 samples (client-local)[32m [repeated 251x across cluster][0m
[36m(ClientAppActor pid=1144537)[0m    Test:       50737 samples (global, shared)[32m [repeated 251x across cluster][0m
[36m(ClientAppActor pid=1144537)[0m [Client 1192] Data split:[32m [repeated 254x across cluster][0m
[36m(ClientAppActor pid=1144537)[0m    Train:      87 samples (client-local)[32m [repeated 254x across cluster][0m
[36m(ClientAppActor pid=1144537)[0m    Validation: 12 samples (client-local)[32m [repeated 254x across cluster][0m
[36m(ClientAppActor pid=1144537)[0m    Test:       50737 samples (global, shared)[32m [repeated 254x across cluster][0m
[36m(ClientAppActor pid=1144545)[0m [Client 1910] Data split:[32m [repeated 259x across cluster][0m
[36m(ClientAppActor pid=1144545)[0m    Train:      86 samples (client-local)[32m [repeated 259x across cluster][0m
[36m(ClientAppActor pid=1144545)[0m    Validation: 12 samples (client-local)[32m [repeated 259x across cluster][0m
[36m(ClientAppActor pid=1144545)[0m    Test:       50737 samples (global, shared)[32m [repeated 259x across cluster][0m
[36m(ClientAppActor pid=1144531)[0m [Client 1733] Data split:[32m [repeated 247x across cluster][0m
[36m(ClientAppActor pid=1144531)[0m    Train:      86 samples (client-local)[32m [repeated 247x across cluster][0m
[36m(ClientAppActor pid=1144531)[0m    Validation: 12 samples (client-local)[32m [repeated 247x across cluster][0m
[36m(ClientAppActor pid=1144531)[0m    Test:       50737 samples (global, shared)[32m [repeated 247x across cluster][0m
[36m(ClientAppActor pid=1144537)[0m [Client 643] Data split:[32m [repeated 259x across cluster][0m
[36m(ClientAppActor pid=1144537)[0m    Train:      87 samples (client-local)[32m [repeated 259x across cluster][0m
[36m(ClientAppActor pid=1144537)[0m    Validation: 12 samples (client-local)[32m [repeated 259x across cluster][0m
[36m(ClientAppActor pid=1144537)[0m    Test:       50737 samples (global, shared)[32m [repeated 259x across cluster][0m

🎯 Multi-Threshold Aggregation:
   ═══════════════════════════════════════════════
   Evaluated 10 thresholds:
     • Thr=0.30: Recall=0.929, Spec=0.148, F1=0.258
     • Thr=0.35: Recall=0.891, Spec=0.205, F1=0.262
     • Thr=0.40: Recall=0.846, Spec=0.273, F1=0.267
   ...

   BEST Threshold: 0.45
     • Recall:      0.800
     • Specificity: 0.352
     • F1-Score:    0.276
     • Score:       0.563
   ═══════════════════════════════════════════════

⚠️  No rounds meet spec≥0.7, using recall filter only
 7 Pareto-optimal rounds (not dominated in recall & spec)

🎯 SELECTED ROUND 14:
   Recall:     0.800
   Specificity: 0.352
   F1-Score:    0.276
   Stability:   0.991
   Alerts/1000: 669.4
   Composite:   0.580


✅ Round 14 is NEW BEST - Saving checkpoint...
   💾 Checkpoint saved: result/splits_iid_scaling/splits_iid_2048_clients.json/multi_thr/model_round_14.pt
⚠️  No rounds meet spec≥0.7, using recall filter only
 7 Pareto-optimal rounds (not dominated in recall & spec)

🎯 SELECTED ROUND 14:
   Recall:     0.800
   Specificity: 0.352
   F1-Score:    0.276
   Stability:   0.991
   Alerts/1000: 669.4
   Composite:   0.580

   💾 Best model saved: result/splits_iid_scaling/splits_iid_2048_clients.json/multi_thr/model_round_14.pt
   📊 Metrics saved: result/splits_iid_scaling/splits_iid_2048_clients.json/multi_thr/run_1.json
[36m(ClientAppActor pid=1144533)[0m [Client 1267] Data split:[32m [repeated 243x across cluster][0m
[36m(ClientAppActor pid=1144533)[0m    Train:      87 samples (client-local)[32m [repeated 243x across cluster][0m
[36m(ClientAppActor pid=1144533)[0m    Validation: 12 samples (client-local)[32m [repeated 243x across cluster][0m
[36m(ClientAppActor pid=1144533)[0m    Test:       50737 samples (global, shared)[32m [repeated 243x across cluster][0m
[36m(ClientAppActor pid=1144544)[0m [Client 188] Data split:[32m [repeated 253x across cluster][0m
[36m(ClientAppActor pid=1144544)[0m    Train:      87 samples (client-local)[32m [repeated 253x across cluster][0m
[36m(ClientAppActor pid=1144544)[0m    Validation: 12 samples (client-local)[32m [repeated 253x across cluster][0m
[36m(ClientAppActor pid=1144544)[0m    Test:       50737 samples (global, shared)[32m [repeated 253x across cluster][0m
[36m(ClientAppActor pid=1144533)[0m [Client 75] Data split:[32m [repeated 253x across cluster][0m
[36m(ClientAppActor pid=1144533)[0m    Train:      87 samples (client-local)[32m [repeated 253x across cluster][0m[92mINFO [0m:      aggregate_fit: received 1638 results and 0 failures
[92mINFO [0m:      configure_evaluate: strategy sampled 2048 clients (out of 2048)
[36m(ClientAppActor pid=1144534)[0m /home/bax9142/federated-edge-learning/.venv/lib64/python3.13/site-packages/sklearn/metrics/_ranking.py:424: UndefinedMetricWarning: Only one class is present in y_true. ROC AUC score is not defined in that case.[32m [repeated 32x across cluster][0m
[36m(ClientAppActor pid=1144534)[0m   warnings.warn([32m [repeated 32x across cluster][0m
[36m(ClientAppActor pid=1144550)[0m /home/bax9142/federated-edge-learning/.venv/lib64/python3.13/site-packages/sklearn/metrics/_ranking.py:424: UndefinedMetricWarning: Only one class is present in y_true. ROC AUC score is not defined in that case.[32m [repeated 41x across cluster][0m
[36m(ClientAppActor pid=1144550)[0m   warnings.warn([32m [repeated 41x across cluster][0m
[36m(ClientAppActor pid=1144531)[0m /home/bax9142/federated-edge-learning/.venv/lib64/python3.13/site-packages/sklearn/metrics/_ranking.py:424: UndefinedMetricWarning: Only one class is present in y_true. ROC AUC score is not defined in that case.[32m [repeated 38x across cluster][0m
[36m(ClientAppActor pid=1144531)[0m   warnings.warn([32m [repeated 38x across cluster][0m
[36m(ClientAppActor pid=1144542)[0m /home/bax9142/federated-edge-learning/.venv/lib64/python3.13/site-packages/sklearn/metrics/_ranking.py:424: UndefinedMetricWarning: Only one class is present in y_true. ROC AUC score is not defined in that case.[32m [repeated 33x across cluster][0m
[36m(ClientAppActor pid=1144542)[0m   warnings.warn([32m [repeated 33x across cluster][0m
[36m(ClientAppActor pid=1144585)[0m /home/bax9142/federated-edge-learning/.venv/lib64/python3.13/site-packages/sklearn/metrics/_ranking.py:424: UndefinedMetricWarning: Only one class is present in y_true. ROC AUC score is not defined in that case.[32m [repeated 38x across cluster][0m
[36m(ClientAppActor pid=1144585)[0m   warnings.warn([32m [repeated 38x across cluster][0m
[36m(ClientAppActor pid=1144531)[0m /home/bax9142/federated-edge-learning/.venv/lib64/python3.13/site-packages/sklearn/metrics/_ranking.py:424: UndefinedMetricWarning: Only one class is present in y_true. ROC AUC score is not defined in that case.[32m [repeated 41x across cluster][0m
[36m(ClientAppActor pid=1144531)[0m   warnings.warn([32m [repeated 41x across cluster][0m
[36m(ClientAppActor pid=1144574)[0m /home/bax9142/federated-edge-learning/.venv/lib64/python3.13/site-packages/sklearn/metrics/_ranking.py:424: UndefinedMetricWarning: Only one class is present in y_true. ROC AUC score is not defined in that case.[32m [repeated 46x across cluster][0m
[36m(ClientAppActor pid=1144574)[0m   warnings.warn([32m [repeated 46x across cluster][0m
[36m(ClientAppActor pid=1144537)[0m /home/bax9142/federated-edge-learning/.venv/lib64/python3.13/site-packages/sklearn/metrics/_ranking.py:424: UndefinedMetricWarning: Only one class is present in y_true. ROC AUC score is not defined in that case.[32m [repeated 44x across cluster][0m
[36m(ClientAppActor pid=1144537)[0m   warnings.warn([32m [repeated 44x across cluster][0m
[36m(ClientAppActor pid=1144531)[0m /home/bax9142/federated-edge-learning/.venv/lib64/python3.13/site-packages/sklearn/metrics/_ranking.py:424: UndefinedMetricWarning: Only one class is present in y_true. ROC AUC score is not defined in that case.[32m [repeated 35x across cluster][0m
[36m(ClientAppActor pid=1144531)[0m   warnings.warn([32m [repeated 35x across cluster][0m
[92mINFO [0m:      aggregate_evaluate: received 2048 results and 0 failures
[92mINFO [0m:      
[92mINFO [0m:      [ROUND 16]
[92mINFO [0m:      configure_fit: strategy sampled 1638 clients (out of 2048)

[36m(ClientAppActor pid=1144533)[0m    Validation: 12 samples (client-local)[32m [repeated 253x across cluster][0m
[36m(ClientAppActor pid=1144533)[0m    Test:       50737 samples (global, shared)[32m [repeated 253x across cluster][0m
[36m(ClientAppActor pid=1144538)[0m [Client 1240] Data split:[32m [repeated 248x across cluster][0m
[36m(ClientAppActor pid=1144538)[0m    Train:      87 samples (client-local)[32m [repeated 248x across cluster][0m
[36m(ClientAppActor pid=1144538)[0m    Validation: 12 samples (client-local)[32m [repeated 248x across cluster][0m
[36m(ClientAppActor pid=1144538)[0m    Test:       50737 samples (global, shared)[32m [repeated 248x across cluster][0m
[36m(ClientAppActor pid=1144587)[0m [Client 108] Data split:[32m [repeated 250x across cluster][0m
[36m(ClientAppActor pid=1144587)[0m    Train:      87 samples (client-local)[32m [repeated 250x across cluster][0m
[36m(ClientAppActor pid=1144587)[0m    Validation: 12 samples (client-local)[32m [repeated 250x across cluster][0m
[36m(ClientAppActor pid=1144587)[0m    Test:       50737 samples (global, shared)[32m [repeated 250x across cluster][0m
[36m(ClientAppActor pid=1144554)[0m [Client 398] Data split:[32m [repeated 245x across cluster][0m
[36m(ClientAppActor pid=1144554)[0m    Train:      87 samples (client-local)[32m [repeated 245x across cluster][0m
[36m(ClientAppActor pid=1144554)[0m    Validation: 12 samples (client-local)[32m [repeated 245x across cluster][0m
[36m(ClientAppActor pid=1144554)[0m    Test:       50737 samples (global, shared)[32m [repeated 245x across cluster][0m
[36m(ClientAppActor pid=1144547)[0m [Client 1472] Data split:[32m [repeated 248x across cluster][0m
[36m(ClientAppActor pid=1144547)[0m    Train:      86 samples (client-local)[32m [repeated 248x across cluster][0m
[36m(ClientAppActor pid=1144547)[0m    Validation: 12 samples (client-local)[32m [repeated 248x across cluster][0m
[36m(ClientAppActor pid=1144547)[0m    Test:       50737 samples (global, shared)[32m [repeated 248x across cluster][0m
[36m(ClientAppActor pid=1144531)[0m [Client 1313] Data split:[32m [repeated 171x across cluster][0m
[36m(ClientAppActor pid=1144531)[0m    Train:      87 samples (client-local)[32m [repeated 171x across cluster][0m
[36m(ClientAppActor pid=1144531)[0m    Validation: 12 samples (client-local)[32m [repeated 171x across cluster][0m
[36m(ClientAppActor pid=1144531)[0m    Test:       50737 samples (global, shared)[32m [repeated 171x across cluster][0m
[36m(ClientAppActor pid=1144533)[0m [Client 1057] Data split:[32m [repeated 254x across cluster][0m
[36m(ClientAppActor pid=1144533)[0m    Train:      87 samples (client-local)[32m [repeated 254x across cluster][0m
[36m(ClientAppActor pid=1144533)[0m    Validation: 12 samples (client-local)[32m [repeated 254x across cluster][0m
[36m(ClientAppActor pid=1144533)[0m    Test:       50737 samples (global, shared)[32m [repeated 254x across cluster][0m
[36m(ClientAppActor pid=1144537)[0m [Client 1929] Data split:[32m [repeated 253x across cluster][0m
[36m(ClientAppActor pid=1144537)[0m    Train:      86 samples (client-local)[32m [repeated 253x across cluster][0m
[36m(ClientAppActor pid=1144537)[0m    Validation: 12 samples (client-local)[32m [repeated 253x across cluster][0m
[36m(ClientAppActor pid=1144537)[0m    Test:       50737 samples (global, shared)[32m [repeated 253x across cluster][0m
[36m(ClientAppActor pid=1144531)[0m [Client 452] Data split:[32m [repeated 248x across cluster][0m
[36m(ClientAppActor pid=1144531)[0m    Train:      87 samples (client-local)[32m [repeated 248x across cluster][0m
[36m(ClientAppActor pid=1144531)[0m    Validation: 12 samples (client-local)[32m [repeated 248x across cluster][0m
[36m(ClientAppActor pid=1144531)[0m    Test:       50737 samples (global, shared)[32m [repeated 248x across cluster][0m
[36m(ClientAppActor pid=1144538)[0m [Client 230] Data split:[32m [repeated 256x across cluster][0m
[36m(ClientAppActor pid=1144538)[0m    Train:      87 samples (client-local)[32m [repeated 256x across cluster][0m
[36m(ClientAppActor pid=1144538)[0m    Validation: 12 samples (client-local)[32m [repeated 256x across cluster][0m
[36m(ClientAppActor pid=1144538)[0m    Test:       50737 samples (global, shared)[32m [repeated 256x across cluster][0m
[36m(ClientAppActor pid=1144531)[0m [Client 679] Data split:[32m [repeated 260x across cluster][0m
[36m(ClientAppActor pid=1144531)[0m    Train:      87 samples (client-local)[32m [repeated 260x across cluster][0m
[36m(ClientAppActor pid=1144531)[0m    Validation: 12 samples (client-local)[32m [repeated 260x across cluster][0m
[36m(ClientAppActor pid=1144531)[0m    Test:       50737 samples (global, shared)[32m [repeated 260x across cluster][0m
[36m(ClientAppActor pid=1144545)[0m [Client 525] Data split:[32m [repeated 264x across cluster][0m
[36m(ClientAppActor pid=1144545)[0m    Train:      87 samples (client-local)[32m [repeated 264x across cluster][0m
[36m(ClientAppActor pid=1144545)[0m    Validation: 12 samples (client-local)[32m [repeated 264x across cluster][0m
[36m(ClientAppActor pid=1144545)[0m    Test:       50737 samples (global, shared)[32m [repeated 264x across cluster][0m
[36m(ClientAppActor pid=1144537)[0m [Client 589] Data split:[32m [repeated 245x across cluster][0m
[36m(ClientAppActor pid=1144537)[0m    Train:      87 samples (client-local)[32m [repeated 245x across cluster][0m
[36m(ClientAppActor pid=1144537)[0m    Validation: 12 samples (client-local)[32m [repeated 245x across cluster][0m
[36m(ClientAppActor pid=1144537)[0m    Test:       50737 samples (global, shared)[32m [repeated 245x across cluster][0m

🎯 Multi-Threshold Aggregation:
   ═══════════════════════════════════════════════
   Evaluated 10 thresholds:
     • Thr=0.30: Recall=0.932, Spec=0.145, F1=0.259
     • Thr=0.35: Recall=0.896, Spec=0.205, F1=0.263
     • Thr=0.40: Recall=0.855, Spec=0.273, F1=0.270
   ...

   BEST Threshold: 0.50
     • Recall:      0.756
     • Specificity: 0.438
     • F1-Score:    0.289
     • Score:       0.579
   ═══════════════════════════════════════════════

⚠️  No rounds meet spec≥0.7, using recall filter only
 8 Pareto-optimal rounds (not dominated in recall & spec)

🎯 SELECTED ROUND 15:
   Recall:     0.756
   Specificity: 0.438
   F1-Score:    0.289
   Stability:   0.984
   Alerts/1000: 589.4
   Composite:   0.590


✅ Round 15 is NEW BEST - Saving checkpoint...
   💾 Checkpoint saved: result/splits_iid_scaling/splits_iid_2048_clients.json/multi_thr/model_round_15.pt
⚠️  No rounds meet spec≥0.7, using recall filter only
 8 Pareto-optimal rounds (not dominated in recall & spec)

🎯 SELECTED ROUND 15:
   Recall:     0.756
   Specificity: 0.438
   F1-Score:    0.289
   Stability:   0.984
   Alerts/1000: 589.4
   Composite:   0.590

   💾 Best model saved: result/splits_iid_scaling/splits_iid_2048_clients.json/multi_thr/model_round_15.pt
   📊 Metrics saved: result/splits_iid_scaling/splits_iid_2048_clients.json/multi_thr/run_1.json
[36m(ClientAppActor pid=1144538)[0m [Client 1799] Data split:[32m [repeated 233x across cluster][0m
[36m(ClientAppActor pid=1144538)[0m    Train:      86 samples (client-local)[32m [repeated 233x across cluster][0m
[36m(ClientAppActor pid=1144538)[0m    Validation: 12 samples (client-local)[32m [repeated 233x across cluster][0m
[36m(ClientAppActor pid=1144538)[0m    Test:       50737 samples (global, shared)[32m [repeated 233x across cluster][0m
[36m(ClientAppActor pid=1144546)[0m [Client 443] Data split:[32m [repeated 241x across cluster][0m
[36m(ClientAppActor pid=1144546)[0m    Train:      87 samples (client-local)[32m [repeated 241x across cluster][0m
[36m(ClientAppActor pid=1144546)[0m    Validation: 12 samples (client-local)[32m [repeated 241x across cluster][0m[92mINFO [0m:      aggregate_fit: received 1638 results and 0 failures
[92mINFO [0m:      configure_evaluate: strategy sampled 2048 clients (out of 2048)
[36m(ClientAppActor pid=1144554)[0m /home/bax9142/federated-edge-learning/.venv/lib64/python3.13/site-packages/sklearn/metrics/_ranking.py:424: UndefinedMetricWarning: Only one class is present in y_true. ROC AUC score is not defined in that case.[32m [repeated 6x across cluster][0m
[36m(ClientAppActor pid=1144554)[0m   warnings.warn([32m [repeated 6x across cluster][0m
[36m(ClientAppActor pid=1144581)[0m /home/bax9142/federated-edge-learning/.venv/lib64/python3.13/site-packages/sklearn/metrics/_ranking.py:424: UndefinedMetricWarning: Only one class is present in y_true. ROC AUC score is not defined in that case.[32m [repeated 42x across cluster][0m
[36m(ClientAppActor pid=1144581)[0m   warnings.warn([32m [repeated 42x across cluster][0m
[36m(ClientAppActor pid=1144533)[0m /home/bax9142/federated-edge-learning/.venv/lib64/python3.13/site-packages/sklearn/metrics/_ranking.py:424: UndefinedMetricWarning: Only one class is present in y_true. ROC AUC score is not defined in that case.[32m [repeated 39x across cluster][0m
[36m(ClientAppActor pid=1144533)[0m   warnings.warn([32m [repeated 39x across cluster][0m
[36m(ClientAppActor pid=1144545)[0m /home/bax9142/federated-edge-learning/.venv/lib64/python3.13/site-packages/sklearn/metrics/_ranking.py:424: UndefinedMetricWarning: Only one class is present in y_true. ROC AUC score is not defined in that case.[32m [repeated 47x across cluster][0m
[36m(ClientAppActor pid=1144545)[0m   warnings.warn([32m [repeated 47x across cluster][0m
[36m(ClientAppActor pid=1144574)[0m /home/bax9142/federated-edge-learning/.venv/lib64/python3.13/site-packages/sklearn/metrics/_ranking.py:424: UndefinedMetricWarning: Only one class is present in y_true. ROC AUC score is not defined in that case.[32m [repeated 37x across cluster][0m
[36m(ClientAppActor pid=1144574)[0m   warnings.warn([32m [repeated 37x across cluster][0m
[36m(ClientAppActor pid=1144531)[0m /home/bax9142/federated-edge-learning/.venv/lib64/python3.13/site-packages/sklearn/metrics/_ranking.py:424: UndefinedMetricWarning: Only one class is present in y_true. ROC AUC score is not defined in that case.[32m [repeated 42x across cluster][0m
[36m(ClientAppActor pid=1144531)[0m   warnings.warn([32m [repeated 42x across cluster][0m
[36m(ClientAppActor pid=1144551)[0m /home/bax9142/federated-edge-learning/.venv/lib64/python3.13/site-packages/sklearn/metrics/_ranking.py:424: UndefinedMetricWarning: Only one class is present in y_true. ROC AUC score is not defined in that case.[32m [repeated 42x across cluster][0m
[36m(ClientAppActor pid=1144551)[0m   warnings.warn([32m [repeated 42x across cluster][0m
[36m(ClientAppActor pid=1144588)[0m /home/bax9142/federated-edge-learning/.venv/lib64/python3.13/site-packages/sklearn/metrics/_ranking.py:424: UndefinedMetricWarning: Only one class is present in y_true. ROC AUC score is not defined in that case.[32m [repeated 42x across cluster][0m
[36m(ClientAppActor pid=1144588)[0m   warnings.warn([32m [repeated 42x across cluster][0m
[92mINFO [0m:      aggregate_evaluate: received 2048 results and 0 failures
[92mINFO [0m:      
[92mINFO [0m:      [ROUND 17]
[92mINFO [0m:      configure_fit: strategy sampled 1638 clients (out of 2048)

[36m(ClientAppActor pid=1144546)[0m    Test:       50737 samples (global, shared)[32m [repeated 241x across cluster][0m
[36m(ClientAppActor pid=1144537)[0m [Client 506] Data split:[32m [repeated 255x across cluster][0m
[36m(ClientAppActor pid=1144537)[0m    Train:      87 samples (client-local)[32m [repeated 255x across cluster][0m
[36m(ClientAppActor pid=1144537)[0m    Validation: 12 samples (client-local)[32m [repeated 255x across cluster][0m
[36m(ClientAppActor pid=1144537)[0m    Test:       50737 samples (global, shared)[32m [repeated 255x across cluster][0m
[36m(ClientAppActor pid=1144554)[0m [Client 207] Data split:[32m [repeated 259x across cluster][0m
[36m(ClientAppActor pid=1144554)[0m    Train:      87 samples (client-local)[32m [repeated 259x across cluster][0m
[36m(ClientAppActor pid=1144554)[0m    Validation: 12 samples (client-local)[32m [repeated 259x across cluster][0m
[36m(ClientAppActor pid=1144554)[0m    Test:       50737 samples (global, shared)[32m [repeated 259x across cluster][0m
[36m(ClientAppActor pid=1144587)[0m [Client 1069] Data split:[32m [repeated 250x across cluster][0m
[36m(ClientAppActor pid=1144587)[0m    Train:      87 samples (client-local)[32m [repeated 250x across cluster][0m
[36m(ClientAppActor pid=1144587)[0m    Validation: 12 samples (client-local)[32m [repeated 250x across cluster][0m
[36m(ClientAppActor pid=1144587)[0m    Test:       50737 samples (global, shared)[32m [repeated 250x across cluster][0m
[36m(ClientAppActor pid=1144545)[0m [Client 1485] Data split:[32m [repeated 253x across cluster][0m
[36m(ClientAppActor pid=1144545)[0m    Train:      86 samples (client-local)[32m [repeated 253x across cluster][0m
[36m(ClientAppActor pid=1144545)[0m    Validation: 12 samples (client-local)[32m [repeated 253x across cluster][0m
[36m(ClientAppActor pid=1144545)[0m    Test:       50737 samples (global, shared)[32m [repeated 253x across cluster][0m
[36m(ClientAppActor pid=1144533)[0m [Client 1587] Data split:[32m [repeated 248x across cluster][0m
[36m(ClientAppActor pid=1144533)[0m    Train:      86 samples (client-local)[32m [repeated 248x across cluster][0m
[36m(ClientAppActor pid=1144533)[0m    Validation: 12 samples (client-local)[32m [repeated 248x across cluster][0m
[36m(ClientAppActor pid=1144533)[0m    Test:       50737 samples (global, shared)[32m [repeated 248x across cluster][0m
[36m(ClientAppActor pid=1144550)[0m [Client 663] Data split:[32m [repeated 185x across cluster][0m
[36m(ClientAppActor pid=1144550)[0m    Train:      87 samples (client-local)[32m [repeated 185x across cluster][0m
[36m(ClientAppActor pid=1144550)[0m    Validation: 12 samples (client-local)[32m [repeated 185x across cluster][0m
[36m(ClientAppActor pid=1144550)[0m    Test:       50737 samples (global, shared)[32m [repeated 185x across cluster][0m
[36m(ClientAppActor pid=1144533)[0m [Client 433] Data split:[32m [repeated 258x across cluster][0m
[36m(ClientAppActor pid=1144533)[0m    Train:      87 samples (client-local)[32m [repeated 258x across cluster][0m
[36m(ClientAppActor pid=1144533)[0m    Validation: 12 samples (client-local)[32m [repeated 258x across cluster][0m
[36m(ClientAppActor pid=1144533)[0m    Test:       50737 samples (global, shared)[32m [repeated 258x across cluster][0m
[36m(ClientAppActor pid=1144531)[0m [Client 951] Data split:[32m [repeated 259x across cluster][0m
[36m(ClientAppActor pid=1144531)[0m    Train:      87 samples (client-local)[32m [repeated 259x across cluster][0m
[36m(ClientAppActor pid=1144531)[0m    Validation: 12 samples (client-local)[32m [repeated 259x across cluster][0m
[36m(ClientAppActor pid=1144531)[0m    Test:       50737 samples (global, shared)[32m [repeated 259x across cluster][0m
[36m(ClientAppActor pid=1144569)[0m [Client 88] Data split:[32m [repeated 251x across cluster][0m
[36m(ClientAppActor pid=1144569)[0m    Train:      87 samples (client-local)[32m [repeated 251x across cluster][0m
[36m(ClientAppActor pid=1144569)[0m    Validation: 12 samples (client-local)[32m [repeated 251x across cluster][0m
[36m(ClientAppActor pid=1144569)[0m    Test:       50737 samples (global, shared)[32m [repeated 251x across cluster][0m
[36m(ClientAppActor pid=1144538)[0m [Client 207] Data split:[32m [repeated 253x across cluster][0m
[36m(ClientAppActor pid=1144538)[0m    Train:      87 samples (client-local)[32m [repeated 253x across cluster][0m
[36m(ClientAppActor pid=1144538)[0m    Validation: 12 samples (client-local)[32m [repeated 253x across cluster][0m
[36m(ClientAppActor pid=1144538)[0m    Test:       50737 samples (global, shared)[32m [repeated 253x across cluster][0m
[36m(ClientAppActor pid=1144547)[0m [Client 1812] Data split:[32m [repeated 243x across cluster][0m
[36m(ClientAppActor pid=1144547)[0m    Train:      86 samples (client-local)[32m [repeated 243x across cluster][0m
[36m(ClientAppActor pid=1144547)[0m    Validation: 12 samples (client-local)[32m [repeated 243x across cluster][0m
[36m(ClientAppActor pid=1144547)[0m    Test:       50737 samples (global, shared)[32m [repeated 243x across cluster][0m
[36m(ClientAppActor pid=1144588)[0m [Client 1209] Data split:[32m [repeated 252x across cluster][0m
[36m(ClientAppActor pid=1144588)[0m    Train:      87 samples (client-local)[32m [repeated 252x across cluster][0m
[36m(ClientAppActor pid=1144588)[0m    Validation: 12 samples (client-local)[32m [repeated 252x across cluster][0m
[36m(ClientAppActor pid=1144588)[0m    Test:       50737 samples (global, shared)[32m [repeated 252x across cluster][0m
[36m(ClientAppActor pid=1144531)[0m [Client 530] Data split:[32m [repeated 236x across cluster][0m
[36m(ClientAppActor pid=1144531)[0m    Train:      87 samples (client-local)[32m [repeated 236x across cluster][0m
[36m(ClientAppActor pid=1144531)[0m    Validation: 12 samples (client-local)[32m [repeated 236x across cluster][0m
[36m(ClientAppActor pid=1144531)[0m    Test:       50737 samples (global, shared)[32m [repeated 236x across cluster][0m

🎯 Multi-Threshold Aggregation:
   ═══════════════════════════════════════════════
   Evaluated 10 thresholds:
     • Thr=0.30: Recall=0.936, Spec=0.146, F1=0.259
     • Thr=0.35: Recall=0.901, Spec=0.207, F1=0.265
     • Thr=0.40: Recall=0.859, Spec=0.276, F1=0.271
   ...

   BEST Threshold: 0.50
     • Recall:      0.763
     • Specificity: 0.442
     • F1-Score:    0.293
     • Score:       0.583
   ═══════════════════════════════════════════════

⚠️  No rounds meet spec≥0.7, using recall filter only
 8 Pareto-optimal rounds (not dominated in recall & spec)

🎯 SELECTED ROUND 16:
   Recall:     0.763
   Specificity: 0.442
   F1-Score:    0.293
   Stability:   0.978
   Alerts/1000: 586.8
   Composite:   0.594


✅ Round 16 is NEW BEST - Saving checkpoint...
   💾 Checkpoint saved: result/splits_iid_scaling/splits_iid_2048_clients.json/multi_thr/model_round_16.pt
⚠️  No rounds meet spec≥0.7, using recall filter only
 8 Pareto-optimal rounds (not dominated in recall & spec)

🎯 SELECTED ROUND 16:
   Recall:     0.763
   Specificity: 0.442
   F1-Score:    0.293
   Stability:   0.978
   Alerts/1000: 586.8
   Composite:   0.594

   💾 Best model saved: result/splits_iid_scaling/splits_iid_2048_clients.json/multi_thr/model_round_16.pt
   📊 Metrics saved: result/splits_iid_scaling/splits_iid_2048_clients.json/multi_thr/run_1.json
[36m(ClientAppActor pid=1144538)[0m [Client 407] Data split:[32m [repeated 234x across cluster][0m
[36m(ClientAppActor pid=1144538)[0m    Train:      87 samples (client-local)[32m [repeated 234x across cluster][0m
[36m(ClientAppActor pid=1144538)[0m    Validation: 12 samples (client-local)[32m [repeated 234x across cluster][0m
[36m(ClientAppActor pid=1144538)[0m    Test:       50737 samples (global, shared)[32m [repeated 234x across cluster][0m[92mINFO [0m:      aggregate_fit: received 1638 results and 0 failures
[92mINFO [0m:      configure_evaluate: strategy sampled 2048 clients (out of 2048)
[36m(ClientAppActor pid=1144556)[0m /home/bax9142/federated-edge-learning/.venv/lib64/python3.13/site-packages/sklearn/metrics/_ranking.py:424: UndefinedMetricWarning: Only one class is present in y_true. ROC AUC score is not defined in that case.[32m [repeated 31x across cluster][0m
[36m(ClientAppActor pid=1144556)[0m   warnings.warn([32m [repeated 31x across cluster][0m
[36m(ClientAppActor pid=1144533)[0m /home/bax9142/federated-edge-learning/.venv/lib64/python3.13/site-packages/sklearn/metrics/_ranking.py:424: UndefinedMetricWarning: Only one class is present in y_true. ROC AUC score is not defined in that case.[32m [repeated 42x across cluster][0m
[36m(ClientAppActor pid=1144533)[0m   warnings.warn([32m [repeated 42x across cluster][0m
[36m(ClientAppActor pid=1144544)[0m /home/bax9142/federated-edge-learning/.venv/lib64/python3.13/site-packages/sklearn/metrics/_ranking.py:424: UndefinedMetricWarning: Only one class is present in y_true. ROC AUC score is not defined in that case.[32m [repeated 36x across cluster][0m
[36m(ClientAppActor pid=1144544)[0m   warnings.warn([32m [repeated 36x across cluster][0m
[36m(ClientAppActor pid=1144539)[0m /home/bax9142/federated-edge-learning/.venv/lib64/python3.13/site-packages/sklearn/metrics/_ranking.py:424: UndefinedMetricWarning: Only one class is present in y_true. ROC AUC score is not defined in that case.[32m [repeated 40x across cluster][0m
[36m(ClientAppActor pid=1144539)[0m   warnings.warn([32m [repeated 40x across cluster][0m
[36m(ClientAppActor pid=1144531)[0m /home/bax9142/federated-edge-learning/.venv/lib64/python3.13/site-packages/sklearn/metrics/_ranking.py:424: UndefinedMetricWarning: Only one class is present in y_true. ROC AUC score is not defined in that case.[32m [repeated 49x across cluster][0m
[36m(ClientAppActor pid=1144531)[0m   warnings.warn([32m [repeated 49x across cluster][0m
[36m(ClientAppActor pid=1144538)[0m /home/bax9142/federated-edge-learning/.venv/lib64/python3.13/site-packages/sklearn/metrics/_ranking.py:424: UndefinedMetricWarning: Only one class is present in y_true. ROC AUC score is not defined in that case.[32m [repeated 36x across cluster][0m
[36m(ClientAppActor pid=1144538)[0m   warnings.warn([32m [repeated 36x across cluster][0m
[36m(ClientAppActor pid=1144586)[0m /home/bax9142/federated-edge-learning/.venv/lib64/python3.13/site-packages/sklearn/metrics/_ranking.py:424: UndefinedMetricWarning: Only one class is present in y_true. ROC AUC score is not defined in that case.[32m [repeated 37x across cluster][0m
[36m(ClientAppActor pid=1144586)[0m   warnings.warn([32m [repeated 37x across cluster][0m
[36m(ClientAppActor pid=1144537)[0m /home/bax9142/federated-edge-learning/.venv/lib64/python3.13/site-packages/sklearn/metrics/_ranking.py:424: UndefinedMetricWarning: Only one class is present in y_true. ROC AUC score is not defined in that case.[32m [repeated 42x across cluster][0m
[36m(ClientAppActor pid=1144537)[0m   warnings.warn([32m [repeated 42x across cluster][0m
[92mINFO [0m:      aggregate_evaluate: received 2048 results and 0 failures
[92mINFO [0m:      
[92mINFO [0m:      [ROUND 18]
[92mINFO [0m:      configure_fit: strategy sampled 1638 clients (out of 2048)

[36m(ClientAppActor pid=1144541)[0m [Client 77] Data split:[32m [repeated 248x across cluster][0m
[36m(ClientAppActor pid=1144541)[0m    Train:      87 samples (client-local)[32m [repeated 248x across cluster][0m
[36m(ClientAppActor pid=1144541)[0m    Validation: 12 samples (client-local)[32m [repeated 248x across cluster][0m
[36m(ClientAppActor pid=1144541)[0m    Test:       50737 samples (global, shared)[32m [repeated 248x across cluster][0m
[36m(ClientAppActor pid=1144533)[0m [Client 537] Data split:[32m [repeated 247x across cluster][0m
[36m(ClientAppActor pid=1144533)[0m    Train:      87 samples (client-local)[32m [repeated 247x across cluster][0m
[36m(ClientAppActor pid=1144533)[0m    Validation: 12 samples (client-local)[32m [repeated 247x across cluster][0m
[36m(ClientAppActor pid=1144533)[0m    Test:       50737 samples (global, shared)[32m [repeated 247x across cluster][0m
[36m(ClientAppActor pid=1144533)[0m [Client 1456] Data split:[32m [repeated 253x across cluster][0m
[36m(ClientAppActor pid=1144533)[0m    Train:      86 samples (client-local)[32m [repeated 253x across cluster][0m
[36m(ClientAppActor pid=1144533)[0m    Validation: 12 samples (client-local)[32m [repeated 253x across cluster][0m
[36m(ClientAppActor pid=1144533)[0m    Test:       50737 samples (global, shared)[32m [repeated 253x across cluster][0m
[36m(ClientAppActor pid=1144537)[0m [Client 1213] Data split:[32m [repeated 251x across cluster][0m
[36m(ClientAppActor pid=1144537)[0m    Train:      87 samples (client-local)[32m [repeated 251x across cluster][0m
[36m(ClientAppActor pid=1144537)[0m    Validation: 12 samples (client-local)[32m [repeated 251x across cluster][0m
[36m(ClientAppActor pid=1144537)[0m    Test:       50737 samples (global, shared)[32m [repeated 251x across cluster][0m
[36m(ClientAppActor pid=1144537)[0m [Client 1802] Data split:[32m [repeated 258x across cluster][0m
[36m(ClientAppActor pid=1144537)[0m    Train:      86 samples (client-local)[32m [repeated 258x across cluster][0m
[36m(ClientAppActor pid=1144537)[0m    Validation: 12 samples (client-local)[32m [repeated 258x across cluster][0m
[36m(ClientAppActor pid=1144537)[0m    Test:       50737 samples (global, shared)[32m [repeated 258x across cluster][0m
[36m(ClientAppActor pid=1144531)[0m [Client 280] Data split:[32m [repeated 246x across cluster][0m
[36m(ClientAppActor pid=1144531)[0m    Train:      87 samples (client-local)[32m [repeated 246x across cluster][0m
[36m(ClientAppActor pid=1144531)[0m    Validation: 12 samples (client-local)[32m [repeated 246x across cluster][0m
[36m(ClientAppActor pid=1144531)[0m    Test:       50737 samples (global, shared)[32m [repeated 246x across cluster][0m
[36m(ClientAppActor pid=1144537)[0m [Client 922] Data split:[32m [repeated 200x across cluster][0m
[36m(ClientAppActor pid=1144537)[0m    Train:      87 samples (client-local)[32m [repeated 200x across cluster][0m
[36m(ClientAppActor pid=1144537)[0m    Validation: 12 samples (client-local)[32m [repeated 200x across cluster][0m
[36m(ClientAppActor pid=1144537)[0m    Test:       50737 samples (global, shared)[32m [repeated 200x across cluster][0m
[36m(ClientAppActor pid=1144534)[0m [Client 262] Data split:[32m [repeated 251x across cluster][0m
[36m(ClientAppActor pid=1144534)[0m    Train:      87 samples (client-local)[32m [repeated 251x across cluster][0m
[36m(ClientAppActor pid=1144534)[0m    Validation: 12 samples (client-local)[32m [repeated 251x across cluster][0m
[36m(ClientAppActor pid=1144534)[0m    Test:       50737 samples (global, shared)[32m [repeated 251x across cluster][0m
[36m(ClientAppActor pid=1144533)[0m [Client 776] Data split:[32m [repeated 243x across cluster][0m
[36m(ClientAppActor pid=1144533)[0m    Train:      87 samples (client-local)[32m [repeated 243x across cluster][0m
[36m(ClientAppActor pid=1144533)[0m    Validation: 12 samples (client-local)[32m [repeated 243x across cluster][0m
[36m(ClientAppActor pid=1144533)[0m    Test:       50737 samples (global, shared)[32m [repeated 243x across cluster][0m
[36m(ClientAppActor pid=1144537)[0m [Client 1587] Data split:[32m [repeated 260x across cluster][0m
[36m(ClientAppActor pid=1144537)[0m    Train:      86 samples (client-local)[32m [repeated 260x across cluster][0m
[36m(ClientAppActor pid=1144537)[0m    Validation: 12 samples (client-local)[32m [repeated 260x across cluster][0m
[36m(ClientAppActor pid=1144537)[0m    Test:       50737 samples (global, shared)[32m [repeated 260x across cluster][0m
[36m(ClientAppActor pid=1144585)[0m [Client 2018] Data split:[32m [repeated 253x across cluster][0m
[36m(ClientAppActor pid=1144585)[0m    Train:      86 samples (client-local)[32m [repeated 253x across cluster][0m
[36m(ClientAppActor pid=1144585)[0m    Validation: 12 samples (client-local)[32m [repeated 253x across cluster][0m
[36m(ClientAppActor pid=1144585)[0m    Test:       50737 samples (global, shared)[32m [repeated 253x across cluster][0m
[36m(ClientAppActor pid=1144560)[0m [Client 1224] Data split:[32m [repeated 247x across cluster][0m
[36m(ClientAppActor pid=1144560)[0m    Train:      87 samples (client-local)[32m [repeated 247x across cluster][0m
[36m(ClientAppActor pid=1144560)[0m    Validation: 12 samples (client-local)[32m [repeated 247x across cluster][0m
[36m(ClientAppActor pid=1144560)[0m    Test:       50737 samples (global, shared)[32m [repeated 247x across cluster][0m
[36m(ClientAppActor pid=1144531)[0m [Client 1172] Data split:[32m [repeated 249x across cluster][0m
[36m(ClientAppActor pid=1144531)[0m    Train:      87 samples (client-local)[32m [repeated 249x across cluster][0m
[36m(ClientAppActor pid=1144531)[0m    Validation: 12 samples (client-local)[32m [repeated 249x across cluster][0m
[36m(ClientAppActor pid=1144531)[0m    Test:       50737 samples (global, shared)[32m [repeated 249x across cluster][0m
[36m(ClientAppActor pid=1144533)[0m [Client 1097] Data split:[32m [repeated 254x across cluster][0m
[36m(ClientAppActor pid=1144533)[0m    Train:      87 samples (client-local)[32m [repeated 254x across cluster][0m
[36m(ClientAppActor pid=1144533)[0m    Validation: 12 samples (client-local)[32m [repeated 254x across cluster][0m
[36m(ClientAppActor pid=1144533)[0m    Test:       50737 samples (global, shared)[32m [repeated 254x across cluster][0m

🎯 Multi-Threshold Aggregation:
   ═══════════════════════════════════════════════
   Evaluated 10 thresholds:
     • Thr=0.30: Recall=0.938, Spec=0.146, F1=0.260
     • Thr=0.35: Recall=0.904, Spec=0.210, F1=0.267
     • Thr=0.40: Recall=0.863, Spec=0.281, F1=0.274
   ...

   BEST Threshold: 0.50
     • Recall:      0.767
     • Specificity: 0.446
     • F1-Score:    0.295
     • Score:       0.587
   ═══════════════════════════════════════════════

⚠️  No rounds meet spec≥0.7, using recall filter only
 8 Pareto-optimal rounds (not dominated in recall & spec)

🎯 SELECTED ROUND 17:
   Recall:     0.767
   Specificity: 0.446
   F1-Score:    0.295
   Stability:   0.982
   Alerts/1000: 584.1
   Composite:   0.598


✅ Round 17 is NEW BEST - Saving checkpoint...
   💾 Checkpoint saved: result/splits_iid_scaling/splits_iid_2048_clients.json/multi_thr/model_round_17.pt
⚠️  No rounds meet spec≥0.7, using recall filter only
 8 Pareto-optimal rounds (not dominated in recall & spec)

🎯 SELECTED ROUND 17:
   Recall:     0.767
   Specificity: 0.446
   F1-Score:    0.295
   Stability:   0.982
   Alerts/1000: 584.1
   Composite:   0.598

   💾 Best model saved: result/splits_iid_scaling/splits_iid_2048_clients.json/multi_thr/model_round_17.pt
   📊 Metrics saved: result/splits_iid_scaling/splits_iid_2048_clients.json/multi_thr/run_1.json
[36m(ClientAppActor pid=1144531)[0m [Client 1635] Data split:[32m [repeated 233x across cluster][0m[92mINFO [0m:      aggregate_fit: received 1638 results and 0 failures
[92mINFO [0m:      configure_evaluate: strategy sampled 2048 clients (out of 2048)
[36m(ClientAppActor pid=1144534)[0m /home/bax9142/federated-edge-learning/.venv/lib64/python3.13/site-packages/sklearn/metrics/_ranking.py:424: UndefinedMetricWarning: Only one class is present in y_true. ROC AUC score is not defined in that case.[32m [repeated 40x across cluster][0m
[36m(ClientAppActor pid=1144534)[0m   warnings.warn([32m [repeated 40x across cluster][0m
[36m(ClientAppActor pid=1144545)[0m /home/bax9142/federated-edge-learning/.venv/lib64/python3.13/site-packages/sklearn/metrics/_ranking.py:424: UndefinedMetricWarning: Only one class is present in y_true. ROC AUC score is not defined in that case.[32m [repeated 42x across cluster][0m
[36m(ClientAppActor pid=1144545)[0m   warnings.warn([32m [repeated 42x across cluster][0m
[36m(ClientAppActor pid=1144541)[0m /home/bax9142/federated-edge-learning/.venv/lib64/python3.13/site-packages/sklearn/metrics/_ranking.py:424: UndefinedMetricWarning: Only one class is present in y_true. ROC AUC score is not defined in that case.[32m [repeated 32x across cluster][0m
[36m(ClientAppActor pid=1144541)[0m   warnings.warn([32m [repeated 32x across cluster][0m
[36m(ClientAppActor pid=1144531)[0m /home/bax9142/federated-edge-learning/.venv/lib64/python3.13/site-packages/sklearn/metrics/_ranking.py:424: UndefinedMetricWarning: Only one class is present in y_true. ROC AUC score is not defined in that case.[32m [repeated 42x across cluster][0m
[36m(ClientAppActor pid=1144531)[0m   warnings.warn([32m [repeated 42x across cluster][0m
[36m(ClientAppActor pid=1144541)[0m /home/bax9142/federated-edge-learning/.venv/lib64/python3.13/site-packages/sklearn/metrics/_ranking.py:424: UndefinedMetricWarning: Only one class is present in y_true. ROC AUC score is not defined in that case.[32m [repeated 49x across cluster][0m
[36m(ClientAppActor pid=1144541)[0m   warnings.warn([32m [repeated 49x across cluster][0m
[36m(ClientAppActor pid=1144544)[0m /home/bax9142/federated-edge-learning/.venv/lib64/python3.13/site-packages/sklearn/metrics/_ranking.py:424: UndefinedMetricWarning: Only one class is present in y_true. ROC AUC score is not defined in that case.[32m [repeated 40x across cluster][0m
[36m(ClientAppActor pid=1144544)[0m   warnings.warn([32m [repeated 40x across cluster][0m
[36m(ClientAppActor pid=1144531)[0m /home/bax9142/federated-edge-learning/.venv/lib64/python3.13/site-packages/sklearn/metrics/_ranking.py:424: UndefinedMetricWarning: Only one class is present in y_true. ROC AUC score is not defined in that case.[32m [repeated 47x across cluster][0m
[36m(ClientAppActor pid=1144531)[0m   warnings.warn([32m [repeated 47x across cluster][0m
[36m(ClientAppActor pid=1144538)[0m /home/bax9142/federated-edge-learning/.venv/lib64/python3.13/site-packages/sklearn/metrics/_ranking.py:424: UndefinedMetricWarning: Only one class is present in y_true. ROC AUC score is not defined in that case.[32m [repeated 32x across cluster][0m
[36m(ClientAppActor pid=1144538)[0m   warnings.warn([32m [repeated 32x across cluster][0m
[92mINFO [0m:      aggregate_evaluate: received 2048 results and 0 failures

[36m(ClientAppActor pid=1144531)[0m    Train:      86 samples (client-local)[32m [repeated 233x across cluster][0m
[36m(ClientAppActor pid=1144531)[0m    Validation: 12 samples (client-local)[32m [repeated 233x across cluster][0m
[36m(ClientAppActor pid=1144531)[0m    Test:       50737 samples (global, shared)[32m [repeated 233x across cluster][0m
[36m(ClientAppActor pid=1144531)[0m [Client 63] Data split:[32m [repeated 264x across cluster][0m
[36m(ClientAppActor pid=1144531)[0m    Train:      87 samples (client-local)[32m [repeated 264x across cluster][0m
[36m(ClientAppActor pid=1144531)[0m    Validation: 12 samples (client-local)[32m [repeated 264x across cluster][0m
[36m(ClientAppActor pid=1144531)[0m    Test:       50737 samples (global, shared)[32m [repeated 264x across cluster][0m
[36m(ClientAppActor pid=1144538)[0m [Client 1661] Data split:[32m [repeated 253x across cluster][0m
[36m(ClientAppActor pid=1144538)[0m    Train:      86 samples (client-local)[32m [repeated 253x across cluster][0m
[36m(ClientAppActor pid=1144538)[0m    Validation: 12 samples (client-local)[32m [repeated 253x across cluster][0m
[36m(ClientAppActor pid=1144538)[0m    Test:       50737 samples (global, shared)[32m [repeated 253x across cluster][0m
[36m(ClientAppActor pid=1144534)[0m [Client 1529] Data split:[32m [repeated 257x across cluster][0m
[36m(ClientAppActor pid=1144534)[0m    Train:      86 samples (client-local)[32m [repeated 257x across cluster][0m
[36m(ClientAppActor pid=1144534)[0m    Validation: 12 samples (client-local)[32m [repeated 257x across cluster][0m
[36m(ClientAppActor pid=1144534)[0m    Test:       50737 samples (global, shared)[32m [repeated 257x across cluster][0m
[36m(ClientAppActor pid=1144538)[0m [Client 1515] Data split:[32m [repeated 260x across cluster][0m
[36m(ClientAppActor pid=1144538)[0m    Train:      86 samples (client-local)[32m [repeated 260x across cluster][0m
[36m(ClientAppActor pid=1144538)[0m    Validation: 12 samples (client-local)[32m [repeated 260x across cluster][0m
[36m(ClientAppActor pid=1144538)[0m    Test:       50737 samples (global, shared)[32m [repeated 260x across cluster][0m
[36m(ClientAppActor pid=1144541)[0m [Client 989] Data split:[32m [repeated 249x across cluster][0m
[36m(ClientAppActor pid=1144541)[0m    Train:      87 samples (client-local)[32m [repeated 249x across cluster][0m
[36m(ClientAppActor pid=1144541)[0m    Validation: 12 samples (client-local)[32m [repeated 249x across cluster][0m
[36m(ClientAppActor pid=1144541)[0m    Test:       50737 samples (global, shared)[32m [repeated 249x across cluster][0m
[36m(ClientAppActor pid=1144554)[0m [Client 332] Data split:[32m [repeated 249x across cluster][0m
[36m(ClientAppActor pid=1144554)[0m    Train:      87 samples (client-local)[32m [repeated 249x across cluster][0m
[36m(ClientAppActor pid=1144554)[0m    Validation: 12 samples (client-local)[32m [repeated 249x across cluster][0m
[36m(ClientAppActor pid=1144554)[0m    Test:       50737 samples (global, shared)[32m [repeated 249x across cluster][0m
[36m(ClientAppActor pid=1144539)[0m [Client 483] Data split:[32m [repeated 178x across cluster][0m
[36m(ClientAppActor pid=1144539)[0m    Train:      87 samples (client-local)[32m [repeated 178x across cluster][0m
[36m(ClientAppActor pid=1144539)[0m    Validation: 12 samples (client-local)[32m [repeated 178x across cluster][0m
[36m(ClientAppActor pid=1144539)[0m    Test:       50737 samples (global, shared)[32m [repeated 178x across cluster][0m
[36m(ClientAppActor pid=1144551)[0m [Client 275] Data split:[32m [repeated 257x across cluster][0m
[36m(ClientAppActor pid=1144551)[0m    Train:      87 samples (client-local)[32m [repeated 257x across cluster][0m
[36m(ClientAppActor pid=1144551)[0m    Validation: 12 samples (client-local)[32m [repeated 257x across cluster][0m
[36m(ClientAppActor pid=1144551)[0m    Test:       50737 samples (global, shared)[32m [repeated 257x across cluster][0m
[36m(ClientAppActor pid=1144531)[0m [Client 276] Data split:[32m [repeated 238x across cluster][0m
[36m(ClientAppActor pid=1144531)[0m    Train:      87 samples (client-local)[32m [repeated 238x across cluster][0m
[36m(ClientAppActor pid=1144531)[0m    Validation: 12 samples (client-local)[32m [repeated 238x across cluster][0m
[36m(ClientAppActor pid=1144531)[0m    Test:       50737 samples (global, shared)[32m [repeated 238x across cluster][0m
[36m(ClientAppActor pid=1144531)[0m [Client 436] Data split:[32m [repeated 253x across cluster][0m
[36m(ClientAppActor pid=1144531)[0m    Train:      87 samples (client-local)[32m [repeated 253x across cluster][0m
[36m(ClientAppActor pid=1144531)[0m    Validation: 12 samples (client-local)[32m [repeated 253x across cluster][0m
[36m(ClientAppActor pid=1144531)[0m    Test:       50737 samples (global, shared)[32m [repeated 253x across cluster][0m
[36m(ClientAppActor pid=1144531)[0m [Client 521] Data split:[32m [repeated 256x across cluster][0m
[36m(ClientAppActor pid=1144531)[0m    Train:      87 samples (client-local)[32m [repeated 256x across cluster][0m
[36m(ClientAppActor pid=1144531)[0m    Validation: 12 samples (client-local)[32m [repeated 256x across cluster][0m
[36m(ClientAppActor pid=1144531)[0m    Test:       50737 samples (global, shared)[32m [repeated 256x across cluster][0m
[36m(ClientAppActor pid=1144547)[0m [Client 1375] Data split:[32m [repeated 256x across cluster][0m
[36m(ClientAppActor pid=1144547)[0m    Train:      87 samples (client-local)[32m [repeated 256x across cluster][0m
[36m(ClientAppActor pid=1144547)[0m    Validation: 12 samples (client-local)[32m [repeated 256x across cluster][0m
[36m(ClientAppActor pid=1144547)[0m    Test:       50737 samples (global, shared)[32m [repeated 256x across cluster][0m
[36m(ClientAppActor pid=1144531)[0m [Client 1836] Data split:[32m [repeated 263x across cluster][0m
[36m(ClientAppActor pid=1144531)[0m    Train:      86 samples (client-local)[32m [repeated 263x across cluster][0m
[36m(ClientAppActor pid=1144531)[0m    Validation: 12 samples (client-local)[32m [repeated 263x across cluster][0m
[36m(ClientAppActor pid=1144531)[0m    Test:       50737 samples (global, shared)[32m [repeated 263x across cluster][0m
[36m(ClientAppActor pid=1144588)[0m [Client 273] Data split:[32m [repeated 257x across cluster][0m
[36m(ClientAppActor pid=1144588)[0m    Train:      87 samples (client-local)[32m [repeated 257x across cluster][0m
[36m(ClientAppActor pid=1144588)[0m    Validation: 12 samples (client-local)[32m [repeated 257x across cluster][0m
[36m(ClientAppActor pid=1144588)[0m    Test:       50737 samples (global, shared)[32m [repeated 257x across cluster][0m

🎯 Multi-Threshold Aggregation:
   ═══════════════════════════════════════════════
   Evaluated 10 thresholds:
     • Thr=0.30: Recall=0.939, Spec=0.148, F1=0.261
     • Thr=0.35: Recall=0.906, Spec=0.213, F1=0.268
     • Thr=0.40: Recall=0.865, Spec=0.287, F1=0.276
   ...

   BEST Threshold: 0.50
     • Recall:      0.771
     • Specificity: 0.451
     • F1-Score:    0.299
     • Score:       0.591
   ═══════════════════════════════════════════════

⚠️  No rounds meet spec≥0.7, using recall filter only
 8 Pareto-optimal rounds (not dominated in recall & spec)

🎯 SELECTED ROUND 18:
   Recall:     0.771
   Specificity: 0.451
   F1-Score:    0.299
   Stability:   0.999
   Alerts/1000: 579.8
   Composite:   0.603


✅ Round 18 is NEW BEST - Saving checkpoint...
   💾 Checkpoint saved: result/splits_iid_scaling/splits_iid_2048_clients.json/multi_thr/model_round_18.pt
⚠️  No rounds meet spec≥0.7, using recall filter only
 8 Pareto-optimal rounds (not dominated in recall & spec)

🎯 SELECTED ROUND 18:
   Recall:     0.771
   Specificity: 0.451
   F1-Score:    0.299
   Stability:   0.999[92mINFO [0m:      
[92mINFO [0m:      [ROUND 19]
[92mINFO [0m:      configure_fit: strategy sampled 1638 clients (out of 2048)
[92mINFO [0m:      aggregate_fit: received 1638 results and 0 failures
[92mINFO [0m:      configure_evaluate: strategy sampled 2048 clients (out of 2048)
[36m(ClientAppActor pid=1144544)[0m /home/bax9142/federated-edge-learning/.venv/lib64/python3.13/site-packages/sklearn/metrics/_ranking.py:424: UndefinedMetricWarning: Only one class is present in y_true. ROC AUC score is not defined in that case.[32m [repeated 38x across cluster][0m
[36m(ClientAppActor pid=1144544)[0m   warnings.warn([32m [repeated 38x across cluster][0m
[36m(ClientAppActor pid=1144539)[0m /home/bax9142/federated-edge-learning/.venv/lib64/python3.13/site-packages/sklearn/metrics/_ranking.py:424: UndefinedMetricWarning: Only one class is present in y_true. ROC AUC score is not defined in that case.[32m [repeated 31x across cluster][0m
[36m(ClientAppActor pid=1144539)[0m   warnings.warn([32m [repeated 31x across cluster][0m
[36m(ClientAppActor pid=1144551)[0m /home/bax9142/federated-edge-learning/.venv/lib64/python3.13/site-packages/sklearn/metrics/_ranking.py:424: UndefinedMetricWarning: Only one class is present in y_true. ROC AUC score is not defined in that case.[32m [repeated 45x across cluster][0m
[36m(ClientAppActor pid=1144551)[0m   warnings.warn([32m [repeated 45x across cluster][0m
[36m(ClientAppActor pid=1144531)[0m /home/bax9142/federated-edge-learning/.venv/lib64/python3.13/site-packages/sklearn/metrics/_ranking.py:424: UndefinedMetricWarning: Only one class is present in y_true. ROC AUC score is not defined in that case.[32m [repeated 44x across cluster][0m
[36m(ClientAppActor pid=1144531)[0m   warnings.warn([32m [repeated 44x across cluster][0m
[36m(ClientAppActor pid=1144550)[0m /home/bax9142/federated-edge-learning/.venv/lib64/python3.13/site-packages/sklearn/metrics/_ranking.py:424: UndefinedMetricWarning: Only one class is present in y_true. ROC AUC score is not defined in that case.[32m [repeated 36x across cluster][0m
[36m(ClientAppActor pid=1144550)[0m   warnings.warn([32m [repeated 36x across cluster][0m
[36m(ClientAppActor pid=1144546)[0m /home/bax9142/federated-edge-learning/.venv/lib64/python3.13/site-packages/sklearn/metrics/_ranking.py:424: UndefinedMetricWarning: Only one class is present in y_true. ROC AUC score is not defined in that case.[32m [repeated 35x across cluster][0m
[36m(ClientAppActor pid=1144546)[0m   warnings.warn([32m [repeated 35x across cluster][0m
[36m(ClientAppActor pid=1144547)[0m /home/bax9142/federated-edge-learning/.venv/lib64/python3.13/site-packages/sklearn/metrics/_ranking.py:424: UndefinedMetricWarning: Only one class is present in y_true. ROC AUC score is not defined in that case.[32m [repeated 45x across cluster][0m
[36m(ClientAppActor pid=1144547)[0m   warnings.warn([32m [repeated 45x across cluster][0m
[36m(ClientAppActor pid=1144543)[0m /home/bax9142/federated-edge-learning/.venv/lib64/python3.13/site-packages/sklearn/metrics/_ranking.py:424: UndefinedMetricWarning: Only one class is present in y_true. ROC AUC score is not defined in that case.[32m [repeated 53x across cluster][0m
[36m(ClientAppActor pid=1144543)[0m   warnings.warn([32m [repeated 53x across cluster][0m
[92mINFO [0m:      aggregate_evaluate: received 2048 results and 0 failures

   Alerts/1000: 579.8
   Composite:   0.603

   💾 Best model saved: result/splits_iid_scaling/splits_iid_2048_clients.json/multi_thr/model_round_18.pt
   📊 Metrics saved: result/splits_iid_scaling/splits_iid_2048_clients.json/multi_thr/run_1.json
[36m(ClientAppActor pid=1144534)[0m [Client 1762] Data split:[32m [repeated 227x across cluster][0m
[36m(ClientAppActor pid=1144534)[0m    Train:      86 samples (client-local)[32m [repeated 227x across cluster][0m
[36m(ClientAppActor pid=1144534)[0m    Validation: 12 samples (client-local)[32m [repeated 227x across cluster][0m
[36m(ClientAppActor pid=1144534)[0m    Test:       50737 samples (global, shared)[32m [repeated 227x across cluster][0m
[36m(ClientAppActor pid=1144549)[0m [Client 629] Data split:[32m [repeated 252x across cluster][0m
[36m(ClientAppActor pid=1144549)[0m    Train:      87 samples (client-local)[32m [repeated 252x across cluster][0m
[36m(ClientAppActor pid=1144549)[0m    Validation: 12 samples (client-local)[32m [repeated 252x across cluster][0m
[36m(ClientAppActor pid=1144549)[0m    Test:       50737 samples (global, shared)[32m [repeated 252x across cluster][0m
[36m(ClientAppActor pid=1144533)[0m [Client 692] Data split:[32m [repeated 247x across cluster][0m
[36m(ClientAppActor pid=1144533)[0m    Train:      87 samples (client-local)[32m [repeated 247x across cluster][0m
[36m(ClientAppActor pid=1144533)[0m    Validation: 12 samples (client-local)[32m [repeated 247x across cluster][0m
[36m(ClientAppActor pid=1144533)[0m    Test:       50737 samples (global, shared)[32m [repeated 247x across cluster][0m
[36m(ClientAppActor pid=1144536)[0m [Client 22] Data split:[32m [repeated 253x across cluster][0m
[36m(ClientAppActor pid=1144536)[0m    Train:      87 samples (client-local)[32m [repeated 253x across cluster][0m
[36m(ClientAppActor pid=1144536)[0m    Validation: 12 samples (client-local)[32m [repeated 253x across cluster][0m
[36m(ClientAppActor pid=1144536)[0m    Test:       50737 samples (global, shared)[32m [repeated 253x across cluster][0m
[36m(ClientAppActor pid=1144537)[0m [Client 1642] Data split:[32m [repeated 255x across cluster][0m
[36m(ClientAppActor pid=1144537)[0m    Train:      86 samples (client-local)[32m [repeated 255x across cluster][0m
[36m(ClientAppActor pid=1144537)[0m    Validation: 12 samples (client-local)[32m [repeated 255x across cluster][0m
[36m(ClientAppActor pid=1144537)[0m    Test:       50737 samples (global, shared)[32m [repeated 255x across cluster][0m
[36m(ClientAppActor pid=1144533)[0m [Client 777] Data split:[32m [repeated 247x across cluster][0m
[36m(ClientAppActor pid=1144533)[0m    Train:      87 samples (client-local)[32m [repeated 247x across cluster][0m
[36m(ClientAppActor pid=1144533)[0m    Validation: 12 samples (client-local)[32m [repeated 247x across cluster][0m
[36m(ClientAppActor pid=1144533)[0m    Test:       50737 samples (global, shared)[32m [repeated 247x across cluster][0m
[36m(ClientAppActor pid=1144531)[0m [Client 1962] Data split:[32m [repeated 257x across cluster][0m
[36m(ClientAppActor pid=1144531)[0m    Train:      86 samples (client-local)[32m [repeated 257x across cluster][0m
[36m(ClientAppActor pid=1144531)[0m    Validation: 12 samples (client-local)[32m [repeated 257x across cluster][0m
[36m(ClientAppActor pid=1144531)[0m    Test:       50737 samples (global, shared)[32m [repeated 257x across cluster][0m
[36m(ClientAppActor pid=1144536)[0m [Client 903] Data split:[32m [repeated 193x across cluster][0m
[36m(ClientAppActor pid=1144536)[0m    Train:      87 samples (client-local)[32m [repeated 193x across cluster][0m
[36m(ClientAppActor pid=1144536)[0m    Validation: 12 samples (client-local)[32m [repeated 193x across cluster][0m
[36m(ClientAppActor pid=1144536)[0m    Test:       50737 samples (global, shared)[32m [repeated 193x across cluster][0m
[36m(ClientAppActor pid=1144545)[0m [Client 221] Data split:[32m [repeated 242x across cluster][0m
[36m(ClientAppActor pid=1144545)[0m    Train:      87 samples (client-local)[32m [repeated 242x across cluster][0m
[36m(ClientAppActor pid=1144545)[0m    Validation: 12 samples (client-local)[32m [repeated 242x across cluster][0m
[36m(ClientAppActor pid=1144545)[0m    Test:       50737 samples (global, shared)[32m [repeated 242x across cluster][0m
[36m(ClientAppActor pid=1144538)[0m [Client 1333] Data split:[32m [repeated 252x across cluster][0m
[36m(ClientAppActor pid=1144538)[0m    Train:      87 samples (client-local)[32m [repeated 252x across cluster][0m
[36m(ClientAppActor pid=1144538)[0m    Validation: 12 samples (client-local)[32m [repeated 252x across cluster][0m
[36m(ClientAppActor pid=1144538)[0m    Test:       50737 samples (global, shared)[32m [repeated 252x across cluster][0m
[36m(ClientAppActor pid=1144538)[0m [Client 1057] Data split:[32m [repeated 250x across cluster][0m
[36m(ClientAppActor pid=1144538)[0m    Train:      87 samples (client-local)[32m [repeated 250x across cluster][0m
[36m(ClientAppActor pid=1144538)[0m    Validation: 12 samples (client-local)[32m [repeated 250x across cluster][0m
[36m(ClientAppActor pid=1144538)[0m    Test:       50737 samples (global, shared)[32m [repeated 250x across cluster][0m
[36m(ClientAppActor pid=1144538)[0m [Client 247] Data split:[32m [repeated 249x across cluster][0m
[36m(ClientAppActor pid=1144538)[0m    Train:      87 samples (client-local)[32m [repeated 249x across cluster][0m
[36m(ClientAppActor pid=1144538)[0m    Validation: 12 samples (client-local)[32m [repeated 249x across cluster][0m
[36m(ClientAppActor pid=1144538)[0m    Test:       50737 samples (global, shared)[32m [repeated 249x across cluster][0m
[36m(ClientAppActor pid=1144537)[0m [Client 1473] Data split:[32m [repeated 257x across cluster][0m
[36m(ClientAppActor pid=1144537)[0m    Train:      86 samples (client-local)[32m [repeated 257x across cluster][0m
[36m(ClientAppActor pid=1144537)[0m    Validation: 12 samples (client-local)[32m [repeated 257x across cluster][0m
[36m(ClientAppActor pid=1144537)[0m    Test:       50737 samples (global, shared)[32m [repeated 257x across cluster][0m
[36m(ClientAppActor pid=1144551)[0m [Client 640] Data split:[32m [repeated 259x across cluster][0m
[36m(ClientAppActor pid=1144551)[0m    Train:      87 samples (client-local)[32m [repeated 259x across cluster][0m
[36m(ClientAppActor pid=1144551)[0m    Validation: 12 samples (client-local)[32m [repeated 259x across cluster][0m
[36m(ClientAppActor pid=1144551)[0m    Test:       50737 samples (global, shared)[32m [repeated 259x across cluster][0m
[36m(ClientAppActor pid=1144536)[0m [Client 188] Data split:[32m [repeated 254x across cluster][0m
[36m(ClientAppActor pid=1144536)[0m    Train:      87 samples (client-local)[32m [repeated 254x across cluster][0m
[36m(ClientAppActor pid=1144536)[0m    Validation: 12 samples (client-local)[32m [repeated 254x across cluster][0m
[36m(ClientAppActor pid=1144536)[0m    Test:       50737 samples (global, shared)[32m [repeated 254x across cluster][0m

🎯 Multi-Threshold Aggregation:
   ═══════════════════════════════════════════════
   Evaluated 10 thresholds:
     • Thr=0.30: Recall=0.941, Spec=0.150, F1=0.262
     • Thr=0.35: Recall=0.907, Spec=0.216, F1=0.269
     • Thr=0.40: Recall=0.867, Spec=0.295, F1=0.279
   ...

   BEST Threshold: 0.50
     • Recall:      0.775
     • Specificity: 0.456
     • F1-Score:    0.302
     • Score:       0.595
   ═══════════════════════════════════════════════

⚠️  No rounds meet spec≥0.7, using recall filter only
 7 Pareto-optimal rounds (not dominated in recall & spec)

🎯 SELECTED ROUND 19:
   Recall:     0.775
   Specificity: 0.456
   F1-Score:    0.302
   Stability:   0.999
   Alerts/1000: 575.8
   Composite:   0.607


✅ Round 19 is NEW BEST - Saving checkpoint...[92mINFO [0m:      
[92mINFO [0m:      [ROUND 20]
[92mINFO [0m:      configure_fit: strategy sampled 1638 clients (out of 2048)
[92mINFO [0m:      aggregate_fit: received 1638 results and 0 failures
[92mINFO [0m:      configure_evaluate: strategy sampled 2048 clients (out of 2048)
[36m(ClientAppActor pid=1144552)[0m /home/bax9142/federated-edge-learning/.venv/lib64/python3.13/site-packages/sklearn/metrics/_ranking.py:424: UndefinedMetricWarning: Only one class is present in y_true. ROC AUC score is not defined in that case.[32m [repeated 33x across cluster][0m
[36m(ClientAppActor pid=1144552)[0m   warnings.warn([32m [repeated 33x across cluster][0m
[36m(ClientAppActor pid=1144548)[0m /home/bax9142/federated-edge-learning/.venv/lib64/python3.13/site-packages/sklearn/metrics/_ranking.py:424: UndefinedMetricWarning: Only one class is present in y_true. ROC AUC score is not defined in that case.[32m [repeated 52x across cluster][0m
[36m(ClientAppActor pid=1144548)[0m   warnings.warn([32m [repeated 52x across cluster][0m
[36m(ClientAppActor pid=1144539)[0m /home/bax9142/federated-edge-learning/.venv/lib64/python3.13/site-packages/sklearn/metrics/_ranking.py:424: UndefinedMetricWarning: Only one class is present in y_true. ROC AUC score is not defined in that case.[32m [repeated 40x across cluster][0m
[36m(ClientAppActor pid=1144539)[0m   warnings.warn([32m [repeated 40x across cluster][0m
[36m(ClientAppActor pid=1144553)[0m /home/bax9142/federated-edge-learning/.venv/lib64/python3.13/site-packages/sklearn/metrics/_ranking.py:424: UndefinedMetricWarning: Only one class is present in y_true. ROC AUC score is not defined in that case.[32m [repeated 35x across cluster][0m
[36m(ClientAppActor pid=1144553)[0m   warnings.warn([32m [repeated 35x across cluster][0m
[36m(ClientAppActor pid=1144588)[0m /home/bax9142/federated-edge-learning/.venv/lib64/python3.13/site-packages/sklearn/metrics/_ranking.py:424: UndefinedMetricWarning: Only one class is present in y_true. ROC AUC score is not defined in that case.[32m [repeated 43x across cluster][0m
[36m(ClientAppActor pid=1144588)[0m   warnings.warn([32m [repeated 43x across cluster][0m
[36m(ClientAppActor pid=1144556)[0m /home/bax9142/federated-edge-learning/.venv/lib64/python3.13/site-packages/sklearn/metrics/_ranking.py:424: UndefinedMetricWarning: Only one class is present in y_true. ROC AUC score is not defined in that case.[32m [repeated 39x across cluster][0m
[36m(ClientAppActor pid=1144556)[0m   warnings.warn([32m [repeated 39x across cluster][0m
[36m(ClientAppActor pid=1144540)[0m /home/bax9142/federated-edge-learning/.venv/lib64/python3.13/site-packages/sklearn/metrics/_ranking.py:424: UndefinedMetricWarning: Only one class is present in y_true. ROC AUC score is not defined in that case.[32m [repeated 36x across cluster][0m
[36m(ClientAppActor pid=1144540)[0m   warnings.warn([32m [repeated 36x across cluster][0m
[36m(ClientAppActor pid=1144553)[0m /home/bax9142/federated-edge-learning/.venv/lib64/python3.13/site-packages/sklearn/metrics/_ranking.py:424: UndefinedMetricWarning: Only one class is present in y_true. ROC AUC score is not defined in that case.[32m [repeated 39x across cluster][0m
[36m(ClientAppActor pid=1144553)[0m   warnings.warn([32m [repeated 39x across cluster][0m
[92mINFO [0m:      aggregate_evaluate: received 2048 results and 0 failures

   💾 Checkpoint saved: result/splits_iid_scaling/splits_iid_2048_clients.json/multi_thr/model_round_19.pt
⚠️  No rounds meet spec≥0.7, using recall filter only
 7 Pareto-optimal rounds (not dominated in recall & spec)

🎯 SELECTED ROUND 19:
   Recall:     0.775
   Specificity: 0.456
   F1-Score:    0.302
   Stability:   0.999
   Alerts/1000: 575.8
   Composite:   0.607

   💾 Best model saved: result/splits_iid_scaling/splits_iid_2048_clients.json/multi_thr/model_round_19.pt
   📊 Metrics saved: result/splits_iid_scaling/splits_iid_2048_clients.json/multi_thr/run_1.json
[36m(ClientAppActor pid=1144538)[0m [Client 2010] Data split:[32m [repeated 236x across cluster][0m
[36m(ClientAppActor pid=1144538)[0m    Train:      86 samples (client-local)[32m [repeated 236x across cluster][0m
[36m(ClientAppActor pid=1144538)[0m    Validation: 12 samples (client-local)[32m [repeated 236x across cluster][0m
[36m(ClientAppActor pid=1144538)[0m    Test:       50737 samples (global, shared)[32m [repeated 236x across cluster][0m
[36m(ClientAppActor pid=1144533)[0m [Client 794] Data split:[32m [repeated 247x across cluster][0m
[36m(ClientAppActor pid=1144533)[0m    Train:      87 samples (client-local)[32m [repeated 247x across cluster][0m
[36m(ClientAppActor pid=1144533)[0m    Validation: 12 samples (client-local)[32m [repeated 247x across cluster][0m
[36m(ClientAppActor pid=1144533)[0m    Test:       50737 samples (global, shared)[32m [repeated 247x across cluster][0m
[36m(ClientAppActor pid=1144531)[0m [Client 670] Data split:[32m [repeated 251x across cluster][0m
[36m(ClientAppActor pid=1144531)[0m    Train:      87 samples (client-local)[32m [repeated 251x across cluster][0m
[36m(ClientAppActor pid=1144531)[0m    Validation: 12 samples (client-local)[32m [repeated 251x across cluster][0m
[36m(ClientAppActor pid=1144531)[0m    Test:       50737 samples (global, shared)[32m [repeated 251x across cluster][0m
[36m(ClientAppActor pid=1144536)[0m [Client 456] Data split:[32m [repeated 245x across cluster][0m
[36m(ClientAppActor pid=1144536)[0m    Train:      87 samples (client-local)[32m [repeated 245x across cluster][0m
[36m(ClientAppActor pid=1144536)[0m    Validation: 12 samples (client-local)[32m [repeated 245x across cluster][0m
[36m(ClientAppActor pid=1144536)[0m    Test:       50737 samples (global, shared)[32m [repeated 245x across cluster][0m
[36m(ClientAppActor pid=1144550)[0m [Client 1910] Data split:[32m [repeated 258x across cluster][0m
[36m(ClientAppActor pid=1144550)[0m    Train:      86 samples (client-local)[32m [repeated 258x across cluster][0m
[36m(ClientAppActor pid=1144550)[0m    Validation: 12 samples (client-local)[32m [repeated 258x across cluster][0m
[36m(ClientAppActor pid=1144550)[0m    Test:       50737 samples (global, shared)[32m [repeated 258x across cluster][0m
[36m(ClientAppActor pid=1144531)[0m [Client 1251] Data split:[32m [repeated 243x across cluster][0m
[36m(ClientAppActor pid=1144531)[0m    Train:      87 samples (client-local)[32m [repeated 243x across cluster][0m
[36m(ClientAppActor pid=1144531)[0m    Validation: 12 samples (client-local)[32m [repeated 243x across cluster][0m
[36m(ClientAppActor pid=1144531)[0m    Test:       50737 samples (global, shared)[32m [repeated 243x across cluster][0m
[36m(ClientAppActor pid=1144547)[0m [Client 115] Data split:[32m [repeated 254x across cluster][0m
[36m(ClientAppActor pid=1144547)[0m    Train:      87 samples (client-local)[32m [repeated 254x across cluster][0m
[36m(ClientAppActor pid=1144547)[0m    Validation: 12 samples (client-local)[32m [repeated 254x across cluster][0m
[36m(ClientAppActor pid=1144547)[0m    Test:       50737 samples (global, shared)[32m [repeated 254x across cluster][0m
[36m(ClientAppActor pid=1144536)[0m [Client 530] Data split:[32m [repeated 174x across cluster][0m
[36m(ClientAppActor pid=1144536)[0m    Train:      87 samples (client-local)[32m [repeated 174x across cluster][0m
[36m(ClientAppActor pid=1144536)[0m    Validation: 12 samples (client-local)[32m [repeated 174x across cluster][0m
[36m(ClientAppActor pid=1144536)[0m    Test:       50737 samples (global, shared)[32m [repeated 174x across cluster][0m
[36m(ClientAppActor pid=1144538)[0m [Client 850] Data split:[32m [repeated 256x across cluster][0m
[36m(ClientAppActor pid=1144538)[0m    Train:      87 samples (client-local)[32m [repeated 256x across cluster][0m
[36m(ClientAppActor pid=1144538)[0m    Validation: 12 samples (client-local)[32m [repeated 256x across cluster][0m
[36m(ClientAppActor pid=1144538)[0m    Test:       50737 samples (global, shared)[32m [repeated 256x across cluster][0m
[36m(ClientAppActor pid=1144546)[0m [Client 315] Data split:[32m [repeated 260x across cluster][0m
[36m(ClientAppActor pid=1144546)[0m    Train:      87 samples (client-local)[32m [repeated 260x across cluster][0m
[36m(ClientAppActor pid=1144546)[0m    Validation: 12 samples (client-local)[32m [repeated 260x across cluster][0m
[36m(ClientAppActor pid=1144546)[0m    Test:       50737 samples (global, shared)[32m [repeated 260x across cluster][0m
[36m(ClientAppActor pid=1144546)[0m [Client 236] Data split:[32m [repeated 257x across cluster][0m
[36m(ClientAppActor pid=1144546)[0m    Train:      87 samples (client-local)[32m [repeated 257x across cluster][0m
[36m(ClientAppActor pid=1144546)[0m    Validation: 12 samples (client-local)[32m [repeated 257x across cluster][0m
[36m(ClientAppActor pid=1144546)[0m    Test:       50737 samples (global, shared)[32m [repeated 257x across cluster][0m
[36m(ClientAppActor pid=1144538)[0m [Client 686] Data split:[32m [repeated 259x across cluster][0m
[36m(ClientAppActor pid=1144538)[0m    Train:      87 samples (client-local)[32m [repeated 259x across cluster][0m
[36m(ClientAppActor pid=1144538)[0m    Validation: 12 samples (client-local)[32m [repeated 259x across cluster][0m
[36m(ClientAppActor pid=1144538)[0m    Test:       50737 samples (global, shared)[32m [repeated 259x across cluster][0m
[36m(ClientAppActor pid=1144534)[0m [Client 564] Data split:[32m [repeated 265x across cluster][0m
[36m(ClientAppActor pid=1144534)[0m    Train:      87 samples (client-local)[32m [repeated 265x across cluster][0m
[36m(ClientAppActor pid=1144534)[0m    Validation: 12 samples (client-local)[32m [repeated 265x across cluster][0m
[36m(ClientAppActor pid=1144534)[0m    Test:       50737 samples (global, shared)[32m [repeated 265x across cluster][0m
[36m(ClientAppActor pid=1144531)[0m [Client 1795] Data split:[32m [repeated 263x across cluster][0m
[36m(ClientAppActor pid=1144531)[0m    Train:      86 samples (client-local)[32m [repeated 263x across cluster][0m
[36m(ClientAppActor pid=1144531)[0m    Validation: 12 samples (client-local)[32m [repeated 263x across cluster][0m
[36m(ClientAppActor pid=1144531)[0m    Test:       50737 samples (global, shared)[32m [repeated 263x across cluster][0m
[36m(ClientAppActor pid=1144550)[0m [Client 284] Data split:[32m [repeated 251x across cluster][0m
[36m(ClientAppActor pid=1144550)[0m    Train:      87 samples (client-local)[32m [repeated 251x across cluster][0m
[36m(ClientAppActor pid=1144550)[0m    Validation: 12 samples (client-local)[32m [repeated 251x across cluster][0m
[36m(ClientAppActor pid=1144550)[0m    Test:       50737 samples (global, shared)[32m [repeated 251x across cluster][0m

🎯 Multi-Threshold Aggregation:
   ═══════════════════════════════════════════════
   Evaluated 10 thresholds:
     • Thr=0.30: Recall=0.941, Spec=0.153, F1=0.262
     • Thr=0.35: Recall=0.908, Spec=0.221, F1=0.270
     • Thr=0.40: Recall=0.870, Spec=0.303, F1=0.282
   ...

   BEST Threshold: 0.50
     • Recall:      0.779
     • Specificity: 0.464
     • F1-Score:    0.306
     • Score:       0.600
   ═══════════════════════════════════════════════
[92mINFO [0m:      
[92mINFO [0m:      [ROUND 21]
[92mINFO [0m:      configure_fit: strategy sampled 1638 clients (out of 2048)
[92mINFO [0m:      aggregate_fit: received 1638 results and 0 failures
[92mINFO [0m:      configure_evaluate: strategy sampled 2048 clients (out of 2048)
[36m(ClientAppActor pid=1144539)[0m /home/bax9142/federated-edge-learning/.venv/lib64/python3.13/site-packages/sklearn/metrics/_ranking.py:424: UndefinedMetricWarning: Only one class is present in y_true. ROC AUC score is not defined in that case.[32m [repeated 38x across cluster][0m
[36m(ClientAppActor pid=1144539)[0m   warnings.warn([32m [repeated 38x across cluster][0m
[36m(ClientAppActor pid=1144556)[0m /home/bax9142/federated-edge-learning/.venv/lib64/python3.13/site-packages/sklearn/metrics/_ranking.py:424: UndefinedMetricWarning: Only one class is present in y_true. ROC AUC score is not defined in that case.[32m [repeated 36x across cluster][0m
[36m(ClientAppActor pid=1144556)[0m   warnings.warn([32m [repeated 36x across cluster][0m
[36m(ClientAppActor pid=1144539)[0m /home/bax9142/federated-edge-learning/.venv/lib64/python3.13/site-packages/sklearn/metrics/_ranking.py:424: UndefinedMetricWarning: Only one class is present in y_true. ROC AUC score is not defined in that case.[32m [repeated 45x across cluster][0m
[36m(ClientAppActor pid=1144539)[0m   warnings.warn([32m [repeated 45x across cluster][0m
[36m(ClientAppActor pid=1144550)[0m /home/bax9142/federated-edge-learning/.venv/lib64/python3.13/site-packages/sklearn/metrics/_ranking.py:424: UndefinedMetricWarning: Only one class is present in y_true. ROC AUC score is not defined in that case.[32m [repeated 42x across cluster][0m
[36m(ClientAppActor pid=1144550)[0m   warnings.warn([32m [repeated 42x across cluster][0m
[36m(ClientAppActor pid=1144540)[0m /home/bax9142/federated-edge-learning/.venv/lib64/python3.13/site-packages/sklearn/metrics/_ranking.py:424: UndefinedMetricWarning: Only one class is present in y_true. ROC AUC score is not defined in that case.[32m [repeated 36x across cluster][0m
[36m(ClientAppActor pid=1144540)[0m   warnings.warn([32m [repeated 36x across cluster][0m
[36m(ClientAppActor pid=1144560)[0m /home/bax9142/federated-edge-learning/.venv/lib64/python3.13/site-packages/sklearn/metrics/_ranking.py:424: UndefinedMetricWarning: Only one class is present in y_true. ROC AUC score is not defined in that case.[32m [repeated 36x across cluster][0m
[36m(ClientAppActor pid=1144560)[0m   warnings.warn([32m [repeated 36x across cluster][0m
[36m(ClientAppActor pid=1144531)[0m /home/bax9142/federated-edge-learning/.venv/lib64/python3.13/site-packages/sklearn/metrics/_ranking.py:424: UndefinedMetricWarning: Only one class is present in y_true. ROC AUC score is not defined in that case.[32m [repeated 46x across cluster][0m
[36m(ClientAppActor pid=1144531)[0m   warnings.warn([32m [repeated 46x across cluster][0m
[36m(ClientAppActor pid=1144536)[0m /home/bax9142/federated-edge-learning/.venv/lib64/python3.13/site-packages/sklearn/metrics/_ranking.py:424: UndefinedMetricWarning: Only one class is present in y_true. ROC AUC score is not defined in that case.[32m [repeated 40x across cluster][0m
[36m(ClientAppActor pid=1144536)[0m   warnings.warn([32m [repeated 40x across cluster][0m
[92mINFO [0m:      aggregate_evaluate: received 2048 results and 0 failures

⚠️  No rounds meet spec≥0.7, using recall filter only
 7 Pareto-optimal rounds (not dominated in recall & spec)

🎯 SELECTED ROUND 20:
   Recall:     0.779
   Specificity: 0.464
   F1-Score:    0.306
   Stability:   0.999
   Alerts/1000: 569.9
   Composite:   0.612


✅ Round 20 is NEW BEST - Saving checkpoint...
   💾 Checkpoint saved: result/splits_iid_scaling/splits_iid_2048_clients.json/multi_thr/model_round_20.pt
⚠️  No rounds meet spec≥0.7, using recall filter only
 7 Pareto-optimal rounds (not dominated in recall & spec)

🎯 SELECTED ROUND 20:
   Recall:     0.779
   Specificity: 0.464
   F1-Score:    0.306
   Stability:   0.999
   Alerts/1000: 569.9
   Composite:   0.612

   💾 Best model saved: result/splits_iid_scaling/splits_iid_2048_clients.json/multi_thr/model_round_20.pt
   📊 Metrics saved: result/splits_iid_scaling/splits_iid_2048_clients.json/multi_thr/run_1.json
[36m(ClientAppActor pid=1144551)[0m [Client 1753] Data split:[32m [repeated 233x across cluster][0m
[36m(ClientAppActor pid=1144551)[0m    Train:      86 samples (client-local)[32m [repeated 233x across cluster][0m
[36m(ClientAppActor pid=1144551)[0m    Validation: 12 samples (client-local)[32m [repeated 233x across cluster][0m
[36m(ClientAppActor pid=1144551)[0m    Test:       50737 samples (global, shared)[32m [repeated 233x across cluster][0m
[36m(ClientAppActor pid=1144537)[0m [Client 861] Data split:[32m [repeated 246x across cluster][0m
[36m(ClientAppActor pid=1144537)[0m    Train:      87 samples (client-local)[32m [repeated 246x across cluster][0m
[36m(ClientAppActor pid=1144537)[0m    Validation: 12 samples (client-local)[32m [repeated 246x across cluster][0m
[36m(ClientAppActor pid=1144537)[0m    Test:       50737 samples (global, shared)[32m [repeated 246x across cluster][0m
[36m(ClientAppActor pid=1144537)[0m [Client 1106] Data split:[32m [repeated 260x across cluster][0m
[36m(ClientAppActor pid=1144537)[0m    Train:      87 samples (client-local)[32m [repeated 260x across cluster][0m
[36m(ClientAppActor pid=1144537)[0m    Validation: 12 samples (client-local)[32m [repeated 260x across cluster][0m
[36m(ClientAppActor pid=1144537)[0m    Test:       50737 samples (global, shared)[32m [repeated 260x across cluster][0m
[36m(ClientAppActor pid=1144541)[0m [Client 1462] Data split:[32m [repeated 251x across cluster][0m
[36m(ClientAppActor pid=1144541)[0m    Train:      86 samples (client-local)[32m [repeated 251x across cluster][0m
[36m(ClientAppActor pid=1144541)[0m    Validation: 12 samples (client-local)[32m [repeated 251x across cluster][0m
[36m(ClientAppActor pid=1144541)[0m    Test:       50737 samples (global, shared)[32m [repeated 251x across cluster][0m
[36m(ClientAppActor pid=1144531)[0m [Client 1285] Data split:[32m [repeated 256x across cluster][0m
[36m(ClientAppActor pid=1144531)[0m    Train:      87 samples (client-local)[32m [repeated 256x across cluster][0m
[36m(ClientAppActor pid=1144531)[0m    Validation: 12 samples (client-local)[32m [repeated 256x across cluster][0m
[36m(ClientAppActor pid=1144531)[0m    Test:       50737 samples (global, shared)[32m [repeated 256x across cluster][0m
[36m(ClientAppActor pid=1144533)[0m [Client 1760] Data split:[32m [repeated 258x across cluster][0m
[36m(ClientAppActor pid=1144533)[0m    Train:      86 samples (client-local)[32m [repeated 258x across cluster][0m
[36m(ClientAppActor pid=1144533)[0m    Validation: 12 samples (client-local)[32m [repeated 258x across cluster][0m
[36m(ClientAppActor pid=1144533)[0m    Test:       50737 samples (global, shared)[32m [repeated 258x across cluster][0m
[36m(ClientAppActor pid=1144534)[0m [Client 124] Data split:[32m [repeated 206x across cluster][0m
[36m(ClientAppActor pid=1144534)[0m    Train:      87 samples (client-local)[32m [repeated 206x across cluster][0m
[36m(ClientAppActor pid=1144534)[0m    Validation: 12 samples (client-local)[32m [repeated 206x across cluster][0m
[36m(ClientAppActor pid=1144534)[0m    Test:       50737 samples (global, shared)[32m [repeated 206x across cluster][0m
[36m(ClientAppActor pid=1144541)[0m [Client 121] Data split:[32m [repeated 265x across cluster][0m
[36m(ClientAppActor pid=1144541)[0m    Train:      87 samples (client-local)[32m [repeated 265x across cluster][0m
[36m(ClientAppActor pid=1144541)[0m    Validation: 12 samples (client-local)[32m [repeated 265x across cluster][0m
[36m(ClientAppActor pid=1144541)[0m    Test:       50737 samples (global, shared)[32m [repeated 265x across cluster][0m
[36m(ClientAppActor pid=1144533)[0m [Client 501] Data split:[32m [repeated 239x across cluster][0m
[36m(ClientAppActor pid=1144533)[0m    Train:      87 samples (client-local)[32m [repeated 239x across cluster][0m
[36m(ClientAppActor pid=1144533)[0m    Validation: 12 samples (client-local)[32m [repeated 239x across cluster][0m
[36m(ClientAppActor pid=1144533)[0m    Test:       50737 samples (global, shared)[32m [repeated 239x across cluster][0m
[36m(ClientAppActor pid=1144569)[0m [Client 152] Data split:[32m [repeated 256x across cluster][0m
[36m(ClientAppActor pid=1144569)[0m    Train:      87 samples (client-local)[32m [repeated 256x across cluster][0m
[36m(ClientAppActor pid=1144569)[0m    Validation: 12 samples (client-local)[32m [repeated 256x across cluster][0m
[36m(ClientAppActor pid=1144569)[0m    Test:       50737 samples (global, shared)[32m [repeated 256x across cluster][0m
[36m(ClientAppActor pid=1144534)[0m [Client 233] Data split:[32m [repeated 259x across cluster][0m
[36m(ClientAppActor pid=1144534)[0m    Train:      87 samples (client-local)[32m [repeated 259x across cluster][0m
[36m(ClientAppActor pid=1144534)[0m    Validation: 12 samples (client-local)[32m [repeated 259x across cluster][0m
[36m(ClientAppActor pid=1144534)[0m    Test:       50737 samples (global, shared)[32m [repeated 259x across cluster][0m
[36m(ClientAppActor pid=1144539)[0m [Client 402] Data split:[32m [repeated 257x across cluster][0m
[36m(ClientAppActor pid=1144539)[0m    Train:      87 samples (client-local)[32m [repeated 257x across cluster][0m
[36m(ClientAppActor pid=1144539)[0m    Validation: 12 samples (client-local)[32m [repeated 257x across cluster][0m
[36m(ClientAppActor pid=1144539)[0m    Test:       50737 samples (global, shared)[32m [repeated 257x across cluster][0m
[36m(ClientAppActor pid=1144552)[0m [Client 145] Data split:[32m [repeated 256x across cluster][0m
[36m(ClientAppActor pid=1144552)[0m    Train:      87 samples (client-local)[32m [repeated 256x across cluster][0m
[36m(ClientAppActor pid=1144552)[0m    Validation: 12 samples (client-local)[32m [repeated 256x across cluster][0m
[36m(ClientAppActor pid=1144552)[0m    Test:       50737 samples (global, shared)[32m [repeated 256x across cluster][0m
[36m(ClientAppActor pid=1144538)[0m [Client 1948] Data split:[32m [repeated 254x across cluster][0m
[36m(ClientAppActor pid=1144538)[0m    Train:      86 samples (client-local)[32m [repeated 254x across cluster][0m
[36m(ClientAppActor pid=1144538)[0m    Validation: 12 samples (client-local)[32m [repeated 254x across cluster][0m
[36m(ClientAppActor pid=1144538)[0m    Test:       50737 samples (global, shared)[32m [repeated 254x across cluster][0m
[36m(ClientAppActor pid=1144551)[0m [Client 1327] Data split:[32m [repeated 255x across cluster][0m
[36m(ClientAppActor pid=1144551)[0m    Train:      87 samples (client-local)[32m [repeated 255x across cluster][0m
[36m(ClientAppActor pid=1144551)[0m    Validation: 12 samples (client-local)[32m [repeated 255x across cluster][0m
[36m(ClientAppActor pid=1144551)[0m    Test:       50737 samples (global, shared)[32m [repeated 255x across cluster][0m

🎯 Multi-Threshold Aggregation:
   ═══════════════════════════════════════════════
   Evaluated 10 thresholds:
     • Thr=0.30: Recall=0.943, Spec=0.156, F1=0.264
     • Thr=0.35: Recall=0.910, Spec=0.226, F1=0.272[92mINFO [0m:      
[92mINFO [0m:      [ROUND 22]
[92mINFO [0m:      configure_fit: strategy sampled 1638 clients (out of 2048)
[92mINFO [0m:      aggregate_fit: received 1638 results and 0 failures
[92mINFO [0m:      configure_evaluate: strategy sampled 2048 clients (out of 2048)
[36m(ClientAppActor pid=1144531)[0m /home/bax9142/federated-edge-learning/.venv/lib64/python3.13/site-packages/sklearn/metrics/_ranking.py:424: UndefinedMetricWarning: Only one class is present in y_true. ROC AUC score is not defined in that case.[32m [repeated 41x across cluster][0m
[36m(ClientAppActor pid=1144531)[0m   warnings.warn([32m [repeated 41x across cluster][0m
[36m(ClientAppActor pid=1144554)[0m /home/bax9142/federated-edge-learning/.venv/lib64/python3.13/site-packages/sklearn/metrics/_ranking.py:424: UndefinedMetricWarning: Only one class is present in y_true. ROC AUC score is not defined in that case.[32m [repeated 45x across cluster][0m
[36m(ClientAppActor pid=1144554)[0m   warnings.warn([32m [repeated 45x across cluster][0m
[36m(ClientAppActor pid=1144554)[0m /home/bax9142/federated-edge-learning/.venv/lib64/python3.13/site-packages/sklearn/metrics/_ranking.py:424: UndefinedMetricWarning: Only one class is present in y_true. ROC AUC score is not defined in that case.[32m [repeated 44x across cluster][0m
[36m(ClientAppActor pid=1144554)[0m   warnings.warn([32m [repeated 44x across cluster][0m
[36m(ClientAppActor pid=1144536)[0m /home/bax9142/federated-edge-learning/.venv/lib64/python3.13/site-packages/sklearn/metrics/_ranking.py:424: UndefinedMetricWarning: Only one class is present in y_true. ROC AUC score is not defined in that case.[32m [repeated 36x across cluster][0m
[36m(ClientAppActor pid=1144536)[0m   warnings.warn([32m [repeated 36x across cluster][0m
[36m(ClientAppActor pid=1144531)[0m /home/bax9142/federated-edge-learning/.venv/lib64/python3.13/site-packages/sklearn/metrics/_ranking.py:424: UndefinedMetricWarning: Only one class is present in y_true. ROC AUC score is not defined in that case.[32m [repeated 30x across cluster][0m
[36m(ClientAppActor pid=1144531)[0m   warnings.warn([32m [repeated 30x across cluster][0m
[36m(ClientAppActor pid=1144581)[0m /home/bax9142/federated-edge-learning/.venv/lib64/python3.13/site-packages/sklearn/metrics/_ranking.py:424: UndefinedMetricWarning: Only one class is present in y_true. ROC AUC score is not defined in that case.[32m [repeated 36x across cluster][0m
[36m(ClientAppActor pid=1144581)[0m   warnings.warn([32m [repeated 36x across cluster][0m
[36m(ClientAppActor pid=1144546)[0m /home/bax9142/federated-edge-learning/.venv/lib64/python3.13/site-packages/sklearn/metrics/_ranking.py:424: UndefinedMetricWarning: Only one class is present in y_true. ROC AUC score is not defined in that case.[32m [repeated 46x across cluster][0m
[36m(ClientAppActor pid=1144546)[0m   warnings.warn([32m [repeated 46x across cluster][0m
[36m(ClientAppActor pid=1144534)[0m /home/bax9142/federated-edge-learning/.venv/lib64/python3.13/site-packages/sklearn/metrics/_ranking.py:424: UndefinedMetricWarning: Only one class is present in y_true. ROC AUC score is not defined in that case.[32m [repeated 41x across cluster][0m
[36m(ClientAppActor pid=1144534)[0m   warnings.warn([32m [repeated 41x across cluster][0m

     • Thr=0.40: Recall=0.871, Spec=0.311, F1=0.284
   ...

   BEST Threshold: 0.50
     • Recall:      0.779
     • Specificity: 0.471
     • F1-Score:    0.309
     • Score:       0.603
   ═══════════════════════════════════════════════

⚠️  No rounds meet spec≥0.7, using recall filter only
 7 Pareto-optimal rounds (not dominated in recall & spec)

🎯 SELECTED ROUND 21:
   Recall:     0.779
   Specificity: 0.471
   F1-Score:    0.309
   Stability:   0.999
   Alerts/1000: 563.6
   Composite:   0.615


✅ Round 21 is NEW BEST - Saving checkpoint...
   💾 Checkpoint saved: result/splits_iid_scaling/splits_iid_2048_clients.json/multi_thr/model_round_21.pt
⚠️  No rounds meet spec≥0.7, using recall filter only
 7 Pareto-optimal rounds (not dominated in recall & spec)

🎯 SELECTED ROUND 21:
   Recall:     0.779
   Specificity: 0.471
   F1-Score:    0.309
   Stability:   0.999
   Alerts/1000: 563.6
   Composite:   0.615

   💾 Best model saved: result/splits_iid_scaling/splits_iid_2048_clients.json/multi_thr/model_round_21.pt
   📊 Metrics saved: result/splits_iid_scaling/splits_iid_2048_clients.json/multi_thr/run_1.json
[36m(ClientAppActor pid=1144533)[0m [Client 1962] Data split:[32m [repeated 226x across cluster][0m
[36m(ClientAppActor pid=1144533)[0m    Train:      86 samples (client-local)[32m [repeated 226x across cluster][0m
[36m(ClientAppActor pid=1144533)[0m    Validation: 12 samples (client-local)[32m [repeated 226x across cluster][0m
[36m(ClientAppActor pid=1144533)[0m    Test:       50737 samples (global, shared)[32m [repeated 226x across cluster][0m
[36m(ClientAppActor pid=1144537)[0m [Client 1261] Data split:[32m [repeated 246x across cluster][0m
[36m(ClientAppActor pid=1144537)[0m    Train:      87 samples (client-local)[32m [repeated 246x across cluster][0m
[36m(ClientAppActor pid=1144537)[0m    Validation: 12 samples (client-local)[32m [repeated 246x across cluster][0m
[36m(ClientAppActor pid=1144537)[0m    Test:       50737 samples (global, shared)[32m [repeated 246x across cluster][0m
[36m(ClientAppActor pid=1144537)[0m [Client 1515] Data split:[32m [repeated 257x across cluster][0m
[36m(ClientAppActor pid=1144537)[0m    Train:      86 samples (client-local)[32m [repeated 257x across cluster][0m
[36m(ClientAppActor pid=1144537)[0m    Validation: 12 samples (client-local)[32m [repeated 257x across cluster][0m
[36m(ClientAppActor pid=1144537)[0m    Test:       50737 samples (global, shared)[32m [repeated 257x across cluster][0m
[36m(ClientAppActor pid=1144543)[0m [Client 1316] Data split:[32m [repeated 249x across cluster][0m
[36m(ClientAppActor pid=1144543)[0m    Train:      87 samples (client-local)[32m [repeated 249x across cluster][0m
[36m(ClientAppActor pid=1144543)[0m    Validation: 12 samples (client-local)[32m [repeated 249x across cluster][0m
[36m(ClientAppActor pid=1144543)[0m    Test:       50737 samples (global, shared)[32m [repeated 249x across cluster][0m
[36m(ClientAppActor pid=1144534)[0m [Client 1317] Data split:[32m [repeated 249x across cluster][0m
[36m(ClientAppActor pid=1144534)[0m    Train:      87 samples (client-local)[32m [repeated 249x across cluster][0m
[36m(ClientAppActor pid=1144534)[0m    Validation: 12 samples (client-local)[32m [repeated 249x across cluster][0m
[36m(ClientAppActor pid=1144534)[0m    Test:       50737 samples (global, shared)[32m [repeated 249x across cluster][0m
[36m(ClientAppActor pid=1144538)[0m [Client 889] Data split:[32m [repeated 251x across cluster][0m
[36m(ClientAppActor pid=1144538)[0m    Train:      87 samples (client-local)[32m [repeated 251x across cluster][0m
[36m(ClientAppActor pid=1144538)[0m    Validation: 12 samples (client-local)[32m [repeated 251x across cluster][0m
[36m(ClientAppActor pid=1144538)[0m    Test:       50737 samples (global, shared)[32m [repeated 251x across cluster][0m
[36m(ClientAppActor pid=1144542)[0m [Client 330] Data split:[32m [repeated 199x across cluster][0m
[36m(ClientAppActor pid=1144542)[0m    Train:      87 samples (client-local)[32m [repeated 199x across cluster][0m
[36m(ClientAppActor pid=1144542)[0m    Validation: 12 samples (client-local)[32m [repeated 199x across cluster][0m
[36m(ClientAppActor pid=1144542)[0m    Test:       50737 samples (global, shared)[32m [repeated 199x across cluster][0m
[36m(ClientAppActor pid=1144542)[0m [Client 320] Data split:[32m [repeated 244x across cluster][0m
[36m(ClientAppActor pid=1144542)[0m    Train:      87 samples (client-local)[32m [repeated 244x across cluster][0m
[36m(ClientAppActor pid=1144542)[0m    Validation: 12 samples (client-local)[32m [repeated 244x across cluster][0m
[36m(ClientAppActor pid=1144542)[0m    Test:       50737 samples (global, shared)[32m [repeated 244x across cluster][0m
[36m(ClientAppActor pid=1144581)[0m [Client 481] Data split:[32m [repeated 256x across cluster][0m
[36m(ClientAppActor pid=1144581)[0m    Train:      87 samples (client-local)[32m [repeated 256x across cluster][0m
[36m(ClientAppActor pid=1144581)[0m    Validation: 12 samples (client-local)[32m [repeated 256x across cluster][0m
[36m(ClientAppActor pid=1144581)[0m    Test:       50737 samples (global, shared)[32m [repeated 256x across cluster][0m
[36m(ClientAppActor pid=1144531)[0m [Client 98] Data split:[32m [repeated 251x across cluster][0m
[36m(ClientAppActor pid=1144531)[0m    Train:      87 samples (client-local)[32m [repeated 251x across cluster][0m
[36m(ClientAppActor pid=1144531)[0m    Validation: 12 samples (client-local)[32m [repeated 251x across cluster][0m
[36m(ClientAppActor pid=1144531)[0m    Test:       50737 samples (global, shared)[32m [repeated 251x across cluster][0m
[36m(ClientAppActor pid=1144548)[0m [Client 70] Data split:[32m [repeated 250x across cluster][0m
[36m(ClientAppActor pid=1144548)[0m    Train:      87 samples (client-local)[32m [repeated 250x across cluster][0m
[36m(ClientAppActor pid=1144548)[0m    Validation: 12 samples (client-local)[32m [repeated 250x across cluster][0m
[36m(ClientAppActor pid=1144548)[0m    Test:       50737 samples (global, shared)[32m [repeated 250x across cluster][0m
[36m(ClientAppActor pid=1144533)[0m [Client 1486] Data split:[32m [repeated 254x across cluster][0m
[36m(ClientAppActor pid=1144533)[0m    Train:      86 samples (client-local)[32m [repeated 254x across cluster][0m
[36m(ClientAppActor pid=1144533)[0m    Validation: 12 samples (client-local)[32m [repeated 254x across cluster][0m
[36m(ClientAppActor pid=1144533)[0m    Test:       50737 samples (global, shared)[32m [repeated 254x across cluster][0m
[36m(ClientAppActor pid=1144537)[0m [Client 1975] Data split:[32m [repeated 259x across cluster][0m
[36m(ClientAppActor pid=1144537)[0m    Train:      86 samples (client-local)[32m [repeated 259x across cluster][0m
[36m(ClientAppActor pid=1144537)[0m    Validation: 12 samples (client-local)[32m [repeated 259x across cluster][0m
[36m(ClientAppActor pid=1144537)[0m    Test:       50737 samples (global, shared)[32m [repeated 259x across cluster][0m
[36m(ClientAppActor pid=1144534)[0m [Client 89] Data split:[32m [repeated 249x across cluster][0m
[36m(ClientAppActor pid=1144534)[0m    Train:      87 samples (client-local)[32m [repeated 249x across cluster][0m
[36m(ClientAppActor pid=1144534)[0m    Validation: 12 samples (client-local)[32m [repeated 249x across cluster][0m
[36m(ClientAppActor pid=1144534)[0m    Test:       50737 samples (global, shared)[32m [repeated 249x across cluster][0m
[36m(ClientAppActor pid=1144542)[0m [Client 196] Data split:[32m [repeated 252x across cluster][0m
[36m(ClientAppActor pid=1144542)[0m    Train:      87 samples (client-local)[32m [repeated 252x across cluster][0m
[36m(ClientAppActor pid=1144542)[0m    Validation: 12 samples (client-local)[32m [repeated 252x across cluster][0m
[36m(ClientAppActor pid=1144542)[0m    Test:       50737 samples (global, shared)[32m [repeated 252x across cluster][0m[92mINFO [0m:      aggregate_evaluate: received 2048 results and 0 failures
[92mINFO [0m:      
[92mINFO [0m:      [ROUND 23]
[92mINFO [0m:      configure_fit: strategy sampled 1638 clients (out of 2048)
[92mINFO [0m:      aggregate_fit: received 1638 results and 0 failures
[92mINFO [0m:      configure_evaluate: strategy sampled 2048 clients (out of 2048)
[36m(ClientAppActor pid=1144548)[0m /home/bax9142/federated-edge-learning/.venv/lib64/python3.13/site-packages/sklearn/metrics/_ranking.py:424: UndefinedMetricWarning: Only one class is present in y_true. ROC AUC score is not defined in that case.[32m [repeated 44x across cluster][0m
[36m(ClientAppActor pid=1144548)[0m   warnings.warn([32m [repeated 44x across cluster][0m
[36m(ClientAppActor pid=1144569)[0m /home/bax9142/federated-edge-learning/.venv/lib64/python3.13/site-packages/sklearn/metrics/_ranking.py:424: UndefinedMetricWarning: Only one class is present in y_true. ROC AUC score is not defined in that case.[32m [repeated 41x across cluster][0m
[36m(ClientAppActor pid=1144569)[0m   warnings.warn([32m [repeated 41x across cluster][0m
[36m(ClientAppActor pid=1144540)[0m /home/bax9142/federated-edge-learning/.venv/lib64/python3.13/site-packages/sklearn/metrics/_ranking.py:424: UndefinedMetricWarning: Only one class is present in y_true. ROC AUC score is not defined in that case.[32m [repeated 44x across cluster][0m
[36m(ClientAppActor pid=1144540)[0m   warnings.warn([32m [repeated 44x across cluster][0m
[36m(ClientAppActor pid=1144544)[0m /home/bax9142/federated-edge-learning/.venv/lib64/python3.13/site-packages/sklearn/metrics/_ranking.py:424: UndefinedMetricWarning: Only one class is present in y_true. ROC AUC score is not defined in that case.[32m [repeated 39x across cluster][0m
[36m(ClientAppActor pid=1144544)[0m   warnings.warn([32m [repeated 39x across cluster][0m
[36m(ClientAppActor pid=1144552)[0m /home/bax9142/federated-edge-learning/.venv/lib64/python3.13/site-packages/sklearn/metrics/_ranking.py:424: UndefinedMetricWarning: Only one class is present in y_true. ROC AUC score is not defined in that case.[32m [repeated 34x across cluster][0m
[36m(ClientAppActor pid=1144552)[0m   warnings.warn([32m [repeated 34x across cluster][0m
[36m(ClientAppActor pid=1144533)[0m /home/bax9142/federated-edge-learning/.venv/lib64/python3.13/site-packages/sklearn/metrics/_ranking.py:424: UndefinedMetricWarning: Only one class is present in y_true. ROC AUC score is not defined in that case.[32m [repeated 45x across cluster][0m
[36m(ClientAppActor pid=1144533)[0m   warnings.warn([32m [repeated 45x across cluster][0m
[36m(ClientAppActor pid=1144541)[0m /home/bax9142/federated-edge-learning/.venv/lib64/python3.13/site-packages/sklearn/metrics/_ranking.py:424: UndefinedMetricWarning: Only one class is present in y_true. ROC AUC score is not defined in that case.[32m [repeated 47x across cluster][0m
[36m(ClientAppActor pid=1144541)[0m   warnings.warn([32m [repeated 47x across cluster][0m
[36m(ClientAppActor pid=1144544)[0m /home/bax9142/federated-edge-learning/.venv/lib64/python3.13/site-packages/sklearn/metrics/_ranking.py:424: UndefinedMetricWarning: Only one class is present in y_true. ROC AUC score is not defined in that case.[32m [repeated 40x across cluster][0m
[36m(ClientAppActor pid=1144544)[0m   warnings.warn([32m [repeated 40x across cluster][0m
[92mINFO [0m:      aggregate_evaluate: received 2048 results and 0 failures


🎯 Multi-Threshold Aggregation:
   ═══════════════════════════════════════════════
   Evaluated 10 thresholds:
     • Thr=0.30: Recall=0.945, Spec=0.159, F1=0.265
     • Thr=0.35: Recall=0.911, Spec=0.231, F1=0.274
     • Thr=0.40: Recall=0.872, Spec=0.317, F1=0.286
   ...

   BEST Threshold: 0.50
     • Recall:      0.780
     • Specificity: 0.478
     • F1-Score:    0.312
     • Score:       0.606
   ═══════════════════════════════════════════════

⚠️  No rounds meet spec≥0.7, using recall filter only
 7 Pareto-optimal rounds (not dominated in recall & spec)

🎯 SELECTED ROUND 22:
   Recall:     0.780
   Specificity: 0.478
   F1-Score:    0.312
   Stability:   0.999
   Alerts/1000: 558.2
   Composite:   0.618


✅ Round 22 is NEW BEST - Saving checkpoint...
   💾 Checkpoint saved: result/splits_iid_scaling/splits_iid_2048_clients.json/multi_thr/model_round_22.pt
⚠️  No rounds meet spec≥0.7, using recall filter only
 7 Pareto-optimal rounds (not dominated in recall & spec)

🎯 SELECTED ROUND 22:
   Recall:     0.780
   Specificity: 0.478
   F1-Score:    0.312
   Stability:   0.999
   Alerts/1000: 558.2
   Composite:   0.618

   💾 Best model saved: result/splits_iid_scaling/splits_iid_2048_clients.json/multi_thr/model_round_22.pt
   📊 Metrics saved: result/splits_iid_scaling/splits_iid_2048_clients.json/multi_thr/run_1.json
[36m(ClientAppActor pid=1144549)[0m [Client 680] Data split:[32m [repeated 228x across cluster][0m
[36m(ClientAppActor pid=1144549)[0m    Train:      87 samples (client-local)[32m [repeated 228x across cluster][0m
[36m(ClientAppActor pid=1144549)[0m    Validation: 12 samples (client-local)[32m [repeated 228x across cluster][0m
[36m(ClientAppActor pid=1144549)[0m    Test:       50737 samples (global, shared)[32m [repeated 228x across cluster][0m
[36m(ClientAppActor pid=1144536)[0m [Client 671] Data split:[32m [repeated 255x across cluster][0m
[36m(ClientAppActor pid=1144536)[0m    Train:      87 samples (client-local)[32m [repeated 255x across cluster][0m
[36m(ClientAppActor pid=1144536)[0m    Validation: 12 samples (client-local)[32m [repeated 255x across cluster][0m
[36m(ClientAppActor pid=1144536)[0m    Test:       50737 samples (global, shared)[32m [repeated 255x across cluster][0m
[36m(ClientAppActor pid=1144533)[0m [Client 1378] Data split:[32m [repeated 249x across cluster][0m
[36m(ClientAppActor pid=1144533)[0m    Train:      87 samples (client-local)[32m [repeated 249x across cluster][0m
[36m(ClientAppActor pid=1144533)[0m    Validation: 12 samples (client-local)[32m [repeated 249x across cluster][0m
[36m(ClientAppActor pid=1144533)[0m    Test:       50737 samples (global, shared)[32m [repeated 249x across cluster][0m
[36m(ClientAppActor pid=1144531)[0m [Client 190] Data split:[32m [repeated 245x across cluster][0m
[36m(ClientAppActor pid=1144531)[0m    Train:      87 samples (client-local)[32m [repeated 245x across cluster][0m
[36m(ClientAppActor pid=1144531)[0m    Validation: 12 samples (client-local)[32m [repeated 245x across cluster][0m
[36m(ClientAppActor pid=1144531)[0m    Test:       50737 samples (global, shared)[32m [repeated 245x across cluster][0m
[36m(ClientAppActor pid=1144531)[0m [Client 1494] Data split:[32m [repeated 257x across cluster][0m
[36m(ClientAppActor pid=1144531)[0m    Train:      86 samples (client-local)[32m [repeated 257x across cluster][0m
[36m(ClientAppActor pid=1144531)[0m    Validation: 12 samples (client-local)[32m [repeated 257x across cluster][0m
[36m(ClientAppActor pid=1144531)[0m    Test:       50737 samples (global, shared)[32m [repeated 257x across cluster][0m
[36m(ClientAppActor pid=1144531)[0m [Client 1595] Data split:[32m [repeated 261x across cluster][0m
[36m(ClientAppActor pid=1144531)[0m    Train:      86 samples (client-local)[32m [repeated 261x across cluster][0m
[36m(ClientAppActor pid=1144531)[0m    Validation: 12 samples (client-local)[32m [repeated 261x across cluster][0m
[36m(ClientAppActor pid=1144531)[0m    Test:       50737 samples (global, shared)[32m [repeated 261x across cluster][0m
[36m(ClientAppActor pid=1144537)[0m [Client 284] Data split:[32m [repeated 194x across cluster][0m
[36m(ClientAppActor pid=1144537)[0m    Train:      87 samples (client-local)[32m [repeated 194x across cluster][0m
[36m(ClientAppActor pid=1144537)[0m    Validation: 12 samples (client-local)[32m [repeated 194x across cluster][0m
[36m(ClientAppActor pid=1144537)[0m    Test:       50737 samples (global, shared)[32m [repeated 194x across cluster][0m
[36m(ClientAppActor pid=1144547)[0m [Client 619] Data split:[32m [repeated 252x across cluster][0m
[36m(ClientAppActor pid=1144547)[0m    Train:      87 samples (client-local)[32m [repeated 252x across cluster][0m
[36m(ClientAppActor pid=1144547)[0m    Validation: 12 samples (client-local)[32m [repeated 252x across cluster][0m
[36m(ClientAppActor pid=1144547)[0m    Test:       50737 samples (global, shared)[32m [repeated 252x across cluster][0m
[36m(ClientAppActor pid=1144533)[0m [Client 528] Data split:[32m [repeated 259x across cluster][0m
[36m(ClientAppActor pid=1144533)[0m    Train:      87 samples (client-local)[32m [repeated 259x across cluster][0m
[36m(ClientAppActor pid=1144533)[0m    Validation: 12 samples (client-local)[32m [repeated 259x across cluster][0m
[36m(ClientAppActor pid=1144533)[0m    Test:       50737 samples (global, shared)[32m [repeated 259x across cluster][0m
[36m(ClientAppActor pid=1144560)[0m [Client 1351] Data split:[32m [repeated 262x across cluster][0m
[36m(ClientAppActor pid=1144560)[0m    Train:      87 samples (client-local)[32m [repeated 262x across cluster][0m
[36m(ClientAppActor pid=1144560)[0m    Validation: 12 samples (client-local)[32m [repeated 262x across cluster][0m
[36m(ClientAppActor pid=1144560)[0m    Test:       50737 samples (global, shared)[32m [repeated 262x across cluster][0m
[36m(ClientAppActor pid=1144541)[0m [Client 1981] Data split:[32m [repeated 256x across cluster][0m
[36m(ClientAppActor pid=1144541)[0m    Train:      86 samples (client-local)[32m [repeated 256x across cluster][0m
[36m(ClientAppActor pid=1144541)[0m    Validation: 12 samples (client-local)[32m [repeated 256x across cluster][0m
[36m(ClientAppActor pid=1144541)[0m    Test:       50737 samples (global, shared)[32m [repeated 256x across cluster][0m
[36m(ClientAppActor pid=1144541)[0m [Client 388] Data split:[32m [repeated 248x across cluster][0m
[36m(ClientAppActor pid=1144541)[0m    Train:      87 samples (client-local)[32m [repeated 248x across cluster][0m
[36m(ClientAppActor pid=1144541)[0m    Validation: 12 samples (client-local)[32m [repeated 248x across cluster][0m
[36m(ClientAppActor pid=1144541)[0m    Test:       50737 samples (global, shared)[32m [repeated 248x across cluster][0m
[36m(ClientAppActor pid=1144533)[0m [Client 389] Data split:[32m [repeated 259x across cluster][0m
[36m(ClientAppActor pid=1144533)[0m    Train:      87 samples (client-local)[32m [repeated 259x across cluster][0m
[36m(ClientAppActor pid=1144533)[0m    Validation: 12 samples (client-local)[32m [repeated 259x across cluster][0m
[36m(ClientAppActor pid=1144533)[0m    Test:       50737 samples (global, shared)[32m [repeated 259x across cluster][0m
[36m(ClientAppActor pid=1144538)[0m [Client 71] Data split:[32m [repeated 259x across cluster][0m
[36m(ClientAppActor pid=1144538)[0m    Train:      87 samples (client-local)[32m [repeated 259x across cluster][0m
[36m(ClientAppActor pid=1144538)[0m    Validation: 12 samples (client-local)[32m [repeated 259x across cluster][0m
[36m(ClientAppActor pid=1144538)[0m    Test:       50737 samples (global, shared)[32m [repeated 259x across cluster][0m

🎯 Multi-Threshold Aggregation:
   ═══════════════════════════════════════════════[92mINFO [0m:      
[92mINFO [0m:      [ROUND 24]
[92mINFO [0m:      configure_fit: strategy sampled 1638 clients (out of 2048)
[92mINFO [0m:      aggregate_fit: received 1638 results and 0 failures
[92mINFO [0m:      configure_evaluate: strategy sampled 2048 clients (out of 2048)
[36m(ClientAppActor pid=1144551)[0m /home/bax9142/federated-edge-learning/.venv/lib64/python3.13/site-packages/sklearn/metrics/_ranking.py:424: UndefinedMetricWarning: Only one class is present in y_true. ROC AUC score is not defined in that case.[32m [repeated 32x across cluster][0m
[36m(ClientAppActor pid=1144551)[0m   warnings.warn([32m [repeated 32x across cluster][0m
[36m(ClientAppActor pid=1144534)[0m /home/bax9142/federated-edge-learning/.venv/lib64/python3.13/site-packages/sklearn/metrics/_ranking.py:424: UndefinedMetricWarning: Only one class is present in y_true. ROC AUC score is not defined in that case.[32m [repeated 37x across cluster][0m
[36m(ClientAppActor pid=1144534)[0m   warnings.warn([32m [repeated 37x across cluster][0m
[36m(ClientAppActor pid=1144588)[0m /home/bax9142/federated-edge-learning/.venv/lib64/python3.13/site-packages/sklearn/metrics/_ranking.py:424: UndefinedMetricWarning: Only one class is present in y_true. ROC AUC score is not defined in that case.[32m [repeated 48x across cluster][0m
[36m(ClientAppActor pid=1144588)[0m   warnings.warn([32m [repeated 48x across cluster][0m
[36m(ClientAppActor pid=1144540)[0m /home/bax9142/federated-edge-learning/.venv/lib64/python3.13/site-packages/sklearn/metrics/_ranking.py:424: UndefinedMetricWarning: Only one class is present in y_true. ROC AUC score is not defined in that case.[32m [repeated 38x across cluster][0m
[36m(ClientAppActor pid=1144540)[0m   warnings.warn([32m [repeated 38x across cluster][0m
[36m(ClientAppActor pid=1144546)[0m /home/bax9142/federated-edge-learning/.venv/lib64/python3.13/site-packages/sklearn/metrics/_ranking.py:424: UndefinedMetricWarning: Only one class is present in y_true. ROC AUC score is not defined in that case.[32m [repeated 39x across cluster][0m
[36m(ClientAppActor pid=1144546)[0m   warnings.warn([32m [repeated 39x across cluster][0m
[36m(ClientAppActor pid=1144547)[0m /home/bax9142/federated-edge-learning/.venv/lib64/python3.13/site-packages/sklearn/metrics/_ranking.py:424: UndefinedMetricWarning: Only one class is present in y_true. ROC AUC score is not defined in that case.[32m [repeated 41x across cluster][0m
[36m(ClientAppActor pid=1144547)[0m   warnings.warn([32m [repeated 41x across cluster][0m
[36m(ClientAppActor pid=1144554)[0m /home/bax9142/federated-edge-learning/.venv/lib64/python3.13/site-packages/sklearn/metrics/_ranking.py:424: UndefinedMetricWarning: Only one class is present in y_true. ROC AUC score is not defined in that case.[32m [repeated 44x across cluster][0m
[36m(ClientAppActor pid=1144554)[0m   warnings.warn([32m [repeated 44x across cluster][0m
[36m(ClientAppActor pid=1144555)[0m /home/bax9142/federated-edge-learning/.venv/lib64/python3.13/site-packages/sklearn/metrics/_ranking.py:424: UndefinedMetricWarning: Only one class is present in y_true. ROC AUC score is not defined in that case.[32m [repeated 40x across cluster][0m
[36m(ClientAppActor pid=1144555)[0m   warnings.warn([32m [repeated 40x across cluster][0m

   Evaluated 10 thresholds:
     • Thr=0.30: Recall=0.946, Spec=0.164, F1=0.266
     • Thr=0.35: Recall=0.912, Spec=0.240, F1=0.276
     • Thr=0.40: Recall=0.873, Spec=0.325, F1=0.289
   ...

   BEST Threshold: 0.50
     • Recall:      0.782
     • Specificity: 0.484
     • F1-Score:    0.315
     • Score:       0.610
   ═══════════════════════════════════════════════

⚠️  No rounds meet spec≥0.7, using recall filter only
 7 Pareto-optimal rounds (not dominated in recall & spec)

🎯 SELECTED ROUND 23:
   Recall:     0.782
   Specificity: 0.484
   F1-Score:    0.315
   Stability:   0.999
   Alerts/1000: 553.1
   Composite:   0.621


✅ Round 23 is NEW BEST - Saving checkpoint...
   💾 Checkpoint saved: result/splits_iid_scaling/splits_iid_2048_clients.json/multi_thr/model_round_23.pt
⚠️  No rounds meet spec≥0.7, using recall filter only
 7 Pareto-optimal rounds (not dominated in recall & spec)

🎯 SELECTED ROUND 23:
   Recall:     0.782
   Specificity: 0.484
   F1-Score:    0.315
   Stability:   0.999
   Alerts/1000: 553.1
   Composite:   0.621

   💾 Best model saved: result/splits_iid_scaling/splits_iid_2048_clients.json/multi_thr/model_round_23.pt
   📊 Metrics saved: result/splits_iid_scaling/splits_iid_2048_clients.json/multi_thr/run_1.json
[36m(ClientAppActor pid=1144536)[0m [Client 318] Data split:[32m [repeated 235x across cluster][0m
[36m(ClientAppActor pid=1144536)[0m    Train:      87 samples (client-local)[32m [repeated 235x across cluster][0m
[36m(ClientAppActor pid=1144536)[0m    Validation: 12 samples (client-local)[32m [repeated 235x across cluster][0m
[36m(ClientAppActor pid=1144536)[0m    Test:       50737 samples (global, shared)[32m [repeated 235x across cluster][0m
[36m(ClientAppActor pid=1144585)[0m [Client 7] Data split:[32m [repeated 248x across cluster][0m
[36m(ClientAppActor pid=1144585)[0m    Train:      87 samples (client-local)[32m [repeated 248x across cluster][0m
[36m(ClientAppActor pid=1144585)[0m    Validation: 12 samples (client-local)[32m [repeated 248x across cluster][0m
[36m(ClientAppActor pid=1144585)[0m    Test:       50737 samples (global, shared)[32m [repeated 248x across cluster][0m
[36m(ClientAppActor pid=1144534)[0m [Client 92] Data split:[32m [repeated 252x across cluster][0m
[36m(ClientAppActor pid=1144534)[0m    Train:      87 samples (client-local)[32m [repeated 252x across cluster][0m
[36m(ClientAppActor pid=1144534)[0m    Validation: 12 samples (client-local)[32m [repeated 252x across cluster][0m
[36m(ClientAppActor pid=1144534)[0m    Test:       50737 samples (global, shared)[32m [repeated 252x across cluster][0m
[36m(ClientAppActor pid=1144538)[0m [Client 213] Data split:[32m [repeated 256x across cluster][0m
[36m(ClientAppActor pid=1144538)[0m    Train:      87 samples (client-local)[32m [repeated 256x across cluster][0m
[36m(ClientAppActor pid=1144538)[0m    Validation: 12 samples (client-local)[32m [repeated 256x across cluster][0m
[36m(ClientAppActor pid=1144538)[0m    Test:       50737 samples (global, shared)[32m [repeated 256x across cluster][0m
[36m(ClientAppActor pid=1144554)[0m [Client 1324] Data split:[32m [repeated 247x across cluster][0m
[36m(ClientAppActor pid=1144554)[0m    Train:      87 samples (client-local)[32m [repeated 247x across cluster][0m
[36m(ClientAppActor pid=1144554)[0m    Validation: 12 samples (client-local)[32m [repeated 247x across cluster][0m
[36m(ClientAppActor pid=1144554)[0m    Test:       50737 samples (global, shared)[32m [repeated 247x across cluster][0m
[36m(ClientAppActor pid=1144538)[0m [Client 111] Data split:[32m [repeated 247x across cluster][0m
[36m(ClientAppActor pid=1144538)[0m    Train:      87 samples (client-local)[32m [repeated 247x across cluster][0m
[36m(ClientAppActor pid=1144538)[0m    Validation: 12 samples (client-local)[32m [repeated 247x across cluster][0m
[36m(ClientAppActor pid=1144538)[0m    Test:       50737 samples (global, shared)[32m [repeated 247x across cluster][0m
[36m(ClientAppActor pid=1144545)[0m [Client 143] Data split:[32m [repeated 249x across cluster][0m
[36m(ClientAppActor pid=1144545)[0m    Train:      87 samples (client-local)[32m [repeated 249x across cluster][0m
[36m(ClientAppActor pid=1144545)[0m    Validation: 12 samples (client-local)[32m [repeated 249x across cluster][0m
[36m(ClientAppActor pid=1144545)[0m    Test:       50737 samples (global, shared)[32m [repeated 249x across cluster][0m
[36m(ClientAppActor pid=1144531)[0m [Client 1796] Data split:[32m [repeated 191x across cluster][0m
[36m(ClientAppActor pid=1144531)[0m    Train:      86 samples (client-local)[32m [repeated 191x across cluster][0m
[36m(ClientAppActor pid=1144531)[0m    Validation: 12 samples (client-local)[32m [repeated 191x across cluster][0m
[36m(ClientAppActor pid=1144531)[0m    Test:       50737 samples (global, shared)[32m [repeated 191x across cluster][0m
[36m(ClientAppActor pid=1144531)[0m [Client 1929] Data split:[32m [repeated 258x across cluster][0m
[36m(ClientAppActor pid=1144531)[0m    Train:      86 samples (client-local)[32m [repeated 258x across cluster][0m
[36m(ClientAppActor pid=1144531)[0m    Validation: 12 samples (client-local)[32m [repeated 258x across cluster][0m
[36m(ClientAppActor pid=1144531)[0m    Test:       50737 samples (global, shared)[32m [repeated 258x across cluster][0m
[36m(ClientAppActor pid=1144546)[0m [Client 546] Data split:[32m [repeated 248x across cluster][0m
[36m(ClientAppActor pid=1144546)[0m    Train:      87 samples (client-local)[32m [repeated 248x across cluster][0m
[36m(ClientAppActor pid=1144546)[0m    Validation: 12 samples (client-local)[32m [repeated 248x across cluster][0m
[36m(ClientAppActor pid=1144546)[0m    Test:       50737 samples (global, shared)[32m [repeated 248x across cluster][0m
[36m(ClientAppActor pid=1144537)[0m [Client 798] Data split:[32m [repeated 255x across cluster][0m
[36m(ClientAppActor pid=1144537)[0m    Train:      87 samples (client-local)[32m [repeated 255x across cluster][0m
[36m(ClientAppActor pid=1144537)[0m    Validation: 12 samples (client-local)[32m [repeated 255x across cluster][0m
[36m(ClientAppActor pid=1144537)[0m    Test:       50737 samples (global, shared)[32m [repeated 255x across cluster][0m
[36m(ClientAppActor pid=1144536)[0m [Client 2018] Data split:[32m [repeated 261x across cluster][0m
[36m(ClientAppActor pid=1144536)[0m    Train:      86 samples (client-local)[32m [repeated 261x across cluster][0m
[36m(ClientAppActor pid=1144536)[0m    Validation: 12 samples (client-local)[32m [repeated 261x across cluster][0m
[36m(ClientAppActor pid=1144536)[0m    Test:       50737 samples (global, shared)[32m [repeated 261x across cluster][0m
[36m(ClientAppActor pid=1144533)[0m [Client 1606] Data split:[32m [repeated 254x across cluster][0m
[36m(ClientAppActor pid=1144533)[0m    Train:      86 samples (client-local)[32m [repeated 254x across cluster][0m
[36m(ClientAppActor pid=1144533)[0m    Validation: 12 samples (client-local)[32m [repeated 254x across cluster][0m
[36m(ClientAppActor pid=1144533)[0m    Test:       50737 samples (global, shared)[32m [repeated 254x across cluster][0m
[36m(ClientAppActor pid=1144531)[0m [Client 1345] Data split:[32m [repeated 256x across cluster][0m
[36m(ClientAppActor pid=1144531)[0m    Train:      87 samples (client-local)[32m [repeated 256x across cluster][0m
[36m(ClientAppActor pid=1144531)[0m    Validation: 12 samples (client-local)[32m [repeated 256x across cluster][0m
[36m(ClientAppActor pid=1144531)[0m    Test:       50737 samples (global, shared)[32m [repeated 256x across cluster][0m
[36m(ClientAppActor pid=1144536)[0m [Client 393] Data split:[32m [repeated 265x across cluster][0m
[36m(ClientAppActor pid=1144536)[0m    Train:      87 samples (client-local)[32m [repeated 265x across cluster][0m
[36m(ClientAppActor pid=1144536)[0m    Validation: 12 samples (client-local)[32m [repeated 265x across cluster][0m[92mINFO [0m:      aggregate_evaluate: received 2048 results and 0 failures
[92mINFO [0m:      
[92mINFO [0m:      [ROUND 25]
[92mINFO [0m:      configure_fit: strategy sampled 1638 clients (out of 2048)
[92mINFO [0m:      aggregate_fit: received 1638 results and 0 failures
[92mINFO [0m:      configure_evaluate: strategy sampled 2048 clients (out of 2048)
[36m(ClientAppActor pid=1144555)[0m /home/bax9142/federated-edge-learning/.venv/lib64/python3.13/site-packages/sklearn/metrics/_ranking.py:424: UndefinedMetricWarning: Only one class is present in y_true. ROC AUC score is not defined in that case.[32m [repeated 35x across cluster][0m
[36m(ClientAppActor pid=1144555)[0m   warnings.warn([32m [repeated 35x across cluster][0m
[36m(ClientAppActor pid=1144574)[0m /home/bax9142/federated-edge-learning/.venv/lib64/python3.13/site-packages/sklearn/metrics/_ranking.py:424: UndefinedMetricWarning: Only one class is present in y_true. ROC AUC score is not defined in that case.[32m [repeated 44x across cluster][0m
[36m(ClientAppActor pid=1144574)[0m   warnings.warn([32m [repeated 44x across cluster][0m
[36m(ClientAppActor pid=1144536)[0m /home/bax9142/federated-edge-learning/.venv/lib64/python3.13/site-packages/sklearn/metrics/_ranking.py:424: UndefinedMetricWarning: Only one class is present in y_true. ROC AUC score is not defined in that case.[32m [repeated 32x across cluster][0m
[36m(ClientAppActor pid=1144536)[0m   warnings.warn([32m [repeated 32x across cluster][0m
[36m(ClientAppActor pid=1144548)[0m /home/bax9142/federated-edge-learning/.venv/lib64/python3.13/site-packages/sklearn/metrics/_ranking.py:424: UndefinedMetricWarning: Only one class is present in y_true. ROC AUC score is not defined in that case.[32m [repeated 36x across cluster][0m
[36m(ClientAppActor pid=1144548)[0m   warnings.warn([32m [repeated 36x across cluster][0m
[36m(ClientAppActor pid=1144541)[0m /home/bax9142/federated-edge-learning/.venv/lib64/python3.13/site-packages/sklearn/metrics/_ranking.py:424: UndefinedMetricWarning: Only one class is present in y_true. ROC AUC score is not defined in that case.[32m [repeated 33x across cluster][0m
[36m(ClientAppActor pid=1144541)[0m   warnings.warn([32m [repeated 33x across cluster][0m
[36m(ClientAppActor pid=1144544)[0m /home/bax9142/federated-edge-learning/.venv/lib64/python3.13/site-packages/sklearn/metrics/_ranking.py:424: UndefinedMetricWarning: Only one class is present in y_true. ROC AUC score is not defined in that case.[32m [repeated 48x across cluster][0m
[36m(ClientAppActor pid=1144544)[0m   warnings.warn([32m [repeated 48x across cluster][0m
[36m(ClientAppActor pid=1144537)[0m /home/bax9142/federated-edge-learning/.venv/lib64/python3.13/site-packages/sklearn/metrics/_ranking.py:424: UndefinedMetricWarning: Only one class is present in y_true. ROC AUC score is not defined in that case.[32m [repeated 33x across cluster][0m
[36m(ClientAppActor pid=1144537)[0m   warnings.warn([32m [repeated 33x across cluster][0m

[36m(ClientAppActor pid=1144536)[0m    Test:       50737 samples (global, shared)[32m [repeated 265x across cluster][0m

🎯 Multi-Threshold Aggregation:
   ═══════════════════════════════════════════════
   Evaluated 10 thresholds:
     • Thr=0.30: Recall=0.946, Spec=0.168, F1=0.267
     • Thr=0.35: Recall=0.911, Spec=0.247, F1=0.278
     • Thr=0.40: Recall=0.873, Spec=0.333, F1=0.291
   ...

   BEST Threshold: 0.50
     • Recall:      0.781
     • Specificity: 0.489
     • F1-Score:    0.316
     • Score:       0.612
   ═══════════════════════════════════════════════

⚠️  No rounds meet spec≥0.7, using recall filter only
 8 Pareto-optimal rounds (not dominated in recall & spec)

🎯 SELECTED ROUND 24:
   Recall:     0.781
   Specificity: 0.489
   F1-Score:    0.316
   Stability:   1.000
   Alerts/1000: 548.3
   Composite:   0.622


✅ Round 24 is NEW BEST - Saving checkpoint...
   💾 Checkpoint saved: result/splits_iid_scaling/splits_iid_2048_clients.json/multi_thr/model_round_24.pt
⚠️  No rounds meet spec≥0.7, using recall filter only
 8 Pareto-optimal rounds (not dominated in recall & spec)

🎯 SELECTED ROUND 24:
   Recall:     0.781
   Specificity: 0.489
   F1-Score:    0.316
   Stability:   1.000
   Alerts/1000: 548.3
   Composite:   0.622

   💾 Best model saved: result/splits_iid_scaling/splits_iid_2048_clients.json/multi_thr/model_round_24.pt
   📊 Metrics saved: result/splits_iid_scaling/splits_iid_2048_clients.json/multi_thr/run_1.json
[36m(ClientAppActor pid=1144533)[0m [Client 70] Data split:[32m [repeated 243x across cluster][0m
[36m(ClientAppActor pid=1144533)[0m    Train:      87 samples (client-local)[32m [repeated 243x across cluster][0m
[36m(ClientAppActor pid=1144533)[0m    Validation: 12 samples (client-local)[32m [repeated 243x across cluster][0m
[36m(ClientAppActor pid=1144533)[0m    Test:       50737 samples (global, shared)[32m [repeated 243x across cluster][0m
[36m(ClientAppActor pid=1144533)[0m [Client 1279] Data split:[32m [repeated 257x across cluster][0m
[36m(ClientAppActor pid=1144533)[0m    Train:      87 samples (client-local)[32m [repeated 257x across cluster][0m
[36m(ClientAppActor pid=1144533)[0m    Validation: 12 samples (client-local)[32m [repeated 257x across cluster][0m
[36m(ClientAppActor pid=1144533)[0m    Test:       50737 samples (global, shared)[32m [repeated 257x across cluster][0m
[36m(ClientAppActor pid=1144534)[0m [Client 2004] Data split:[32m [repeated 253x across cluster][0m
[36m(ClientAppActor pid=1144534)[0m    Train:      86 samples (client-local)[32m [repeated 253x across cluster][0m
[36m(ClientAppActor pid=1144534)[0m    Validation: 12 samples (client-local)[32m [repeated 253x across cluster][0m
[36m(ClientAppActor pid=1144534)[0m    Test:       50737 samples (global, shared)[32m [repeated 253x across cluster][0m
[36m(ClientAppActor pid=1144588)[0m [Client 2036] Data split:[32m [repeated 241x across cluster][0m
[36m(ClientAppActor pid=1144588)[0m    Train:      86 samples (client-local)[32m [repeated 241x across cluster][0m
[36m(ClientAppActor pid=1144588)[0m    Validation: 12 samples (client-local)[32m [repeated 241x across cluster][0m
[36m(ClientAppActor pid=1144588)[0m    Test:       50737 samples (global, shared)[32m [repeated 241x across cluster][0m
[36m(ClientAppActor pid=1144547)[0m [Client 10] Data split:[32m [repeated 259x across cluster][0m
[36m(ClientAppActor pid=1144547)[0m    Train:      87 samples (client-local)[32m [repeated 259x across cluster][0m
[36m(ClientAppActor pid=1144547)[0m    Validation: 12 samples (client-local)[32m [repeated 259x across cluster][0m
[36m(ClientAppActor pid=1144547)[0m    Test:       50737 samples (global, shared)[32m [repeated 259x across cluster][0m
[36m(ClientAppActor pid=1144548)[0m [Client 174] Data split:[32m [repeated 250x across cluster][0m
[36m(ClientAppActor pid=1144548)[0m    Train:      87 samples (client-local)[32m [repeated 250x across cluster][0m
[36m(ClientAppActor pid=1144548)[0m    Validation: 12 samples (client-local)[32m [repeated 250x across cluster][0m
[36m(ClientAppActor pid=1144548)[0m    Test:       50737 samples (global, shared)[32m [repeated 250x across cluster][0m
[36m(ClientAppActor pid=1144585)[0m [Client 33] Data split:[32m [repeated 250x across cluster][0m
[36m(ClientAppActor pid=1144585)[0m    Train:      87 samples (client-local)[32m [repeated 250x across cluster][0m
[36m(ClientAppActor pid=1144585)[0m    Validation: 12 samples (client-local)[32m [repeated 250x across cluster][0m
[36m(ClientAppActor pid=1144585)[0m    Test:       50737 samples (global, shared)[32m [repeated 250x across cluster][0m
[36m(ClientAppActor pid=1144541)[0m [Client 36] Data split:[32m [repeated 189x across cluster][0m
[36m(ClientAppActor pid=1144541)[0m    Train:      87 samples (client-local)[32m [repeated 189x across cluster][0m
[36m(ClientAppActor pid=1144541)[0m    Validation: 12 samples (client-local)[32m [repeated 189x across cluster][0m
[36m(ClientAppActor pid=1144541)[0m    Test:       50737 samples (global, shared)[32m [repeated 189x across cluster][0m
[36m(ClientAppActor pid=1144531)[0m [Client 1738] Data split:[32m [repeated 252x across cluster][0m
[36m(ClientAppActor pid=1144531)[0m    Train:      86 samples (client-local)[32m [repeated 252x across cluster][0m
[36m(ClientAppActor pid=1144531)[0m    Validation: 12 samples (client-local)[32m [repeated 252x across cluster][0m
[36m(ClientAppActor pid=1144531)[0m    Test:       50737 samples (global, shared)[32m [repeated 252x across cluster][0m
[36m(ClientAppActor pid=1144533)[0m [Client 121] Data split:[32m [repeated 246x across cluster][0m
[36m(ClientAppActor pid=1144533)[0m    Train:      87 samples (client-local)[32m [repeated 246x across cluster][0m
[36m(ClientAppActor pid=1144533)[0m    Validation: 12 samples (client-local)[32m [repeated 246x across cluster][0m
[36m(ClientAppActor pid=1144533)[0m    Test:       50737 samples (global, shared)[32m [repeated 246x across cluster][0m
[36m(ClientAppActor pid=1144537)[0m [Client 1732] Data split:[32m [repeated 268x across cluster][0m
[36m(ClientAppActor pid=1144537)[0m    Train:      86 samples (client-local)[32m [repeated 268x across cluster][0m
[36m(ClientAppActor pid=1144537)[0m    Validation: 12 samples (client-local)[32m [repeated 268x across cluster][0m
[36m(ClientAppActor pid=1144537)[0m    Test:       50737 samples (global, shared)[32m [repeated 268x across cluster][0m
[36m(ClientAppActor pid=1144543)[0m [Client 1977] Data split:[32m [repeated 260x across cluster][0m
[36m(ClientAppActor pid=1144543)[0m    Train:      86 samples (client-local)[32m [repeated 260x across cluster][0m
[36m(ClientAppActor pid=1144543)[0m    Validation: 12 samples (client-local)[32m [repeated 260x across cluster][0m
[36m(ClientAppActor pid=1144543)[0m    Test:       50737 samples (global, shared)[32m [repeated 260x across cluster][0m
[36m(ClientAppActor pid=1144537)[0m [Client 80] Data split:[32m [repeated 257x across cluster][0m
[36m(ClientAppActor pid=1144537)[0m    Train:      87 samples (client-local)[32m [repeated 257x across cluster][0m
[36m(ClientAppActor pid=1144537)[0m    Validation: 12 samples (client-local)[32m [repeated 257x across cluster][0m
[36m(ClientAppActor pid=1144537)[0m    Test:       50737 samples (global, shared)[32m [repeated 257x across cluster][0m
[36m(ClientAppActor pid=1144538)[0m [Client 950] Data split:[32m [repeated 249x across cluster][0m
[36m(ClientAppActor pid=1144538)[0m    Train:      87 samples (client-local)[32m [repeated 249x across cluster][0m
[36m(ClientAppActor pid=1144538)[0m    Validation: 12 samples (client-local)[32m [repeated 249x across cluster][0m
[36m(ClientAppActor pid=1144538)[0m    Test:       50737 samples (global, shared)[32m [repeated 249x across cluster][0m[36m(ClientAppActor pid=1144548)[0m /home/bax9142/federated-edge-learning/.venv/lib64/python3.13/site-packages/sklearn/metrics/_ranking.py:424: UndefinedMetricWarning: Only one class is present in y_true. ROC AUC score is not defined in that case.[32m [repeated 42x across cluster][0m
[36m(ClientAppActor pid=1144548)[0m   warnings.warn([32m [repeated 42x across cluster][0m
[36m(ClientAppActor pid=1144546)[0m /home/bax9142/federated-edge-learning/.venv/lib64/python3.13/site-packages/sklearn/metrics/_ranking.py:424: UndefinedMetricWarning: Only one class is present in y_true. ROC AUC score is not defined in that case.[32m [repeated 52x across cluster][0m
[36m(ClientAppActor pid=1144546)[0m   warnings.warn([32m [repeated 52x across cluster][0m
[92mINFO [0m:      aggregate_evaluate: received 2048 results and 0 failures
[92mINFO [0m:      
[92mINFO [0m:      [ROUND 26]
[92mINFO [0m:      configure_fit: strategy sampled 1638 clients (out of 2048)
[92mINFO [0m:      aggregate_fit: received 1638 results and 0 failures
[92mINFO [0m:      configure_evaluate: strategy sampled 2048 clients (out of 2048)
[36m(ClientAppActor pid=1144547)[0m /home/bax9142/federated-edge-learning/.venv/lib64/python3.13/site-packages/sklearn/metrics/_ranking.py:424: UndefinedMetricWarning: Only one class is present in y_true. ROC AUC score is not defined in that case.[32m [repeated 2x across cluster][0m
[36m(ClientAppActor pid=1144547)[0m   warnings.warn([32m [repeated 2x across cluster][0m
[36m(ClientAppActor pid=1144553)[0m /home/bax9142/federated-edge-learning/.venv/lib64/python3.13/site-packages/sklearn/metrics/_ranking.py:424: UndefinedMetricWarning: Only one class is present in y_true. ROC AUC score is not defined in that case.[32m [repeated 49x across cluster][0m
[36m(ClientAppActor pid=1144553)[0m   warnings.warn([32m [repeated 49x across cluster][0m
[36m(ClientAppActor pid=1144556)[0m /home/bax9142/federated-edge-learning/.venv/lib64/python3.13/site-packages/sklearn/metrics/_ranking.py:424: UndefinedMetricWarning: Only one class is present in y_true. ROC AUC score is not defined in that case.[32m [repeated 47x across cluster][0m
[36m(ClientAppActor pid=1144556)[0m   warnings.warn([32m [repeated 47x across cluster][0m
[36m(ClientAppActor pid=1144569)[0m /home/bax9142/federated-edge-learning/.venv/lib64/python3.13/site-packages/sklearn/metrics/_ranking.py:424: UndefinedMetricWarning: Only one class is present in y_true. ROC AUC score is not defined in that case.[32m [repeated 42x across cluster][0m
[36m(ClientAppActor pid=1144569)[0m   warnings.warn([32m [repeated 42x across cluster][0m
[36m(ClientAppActor pid=1144541)[0m /home/bax9142/federated-edge-learning/.venv/lib64/python3.13/site-packages/sklearn/metrics/_ranking.py:424: UndefinedMetricWarning: Only one class is present in y_true. ROC AUC score is not defined in that case.[32m [repeated 40x across cluster][0m
[36m(ClientAppActor pid=1144541)[0m   warnings.warn([32m [repeated 40x across cluster][0m
[36m(ClientAppActor pid=1144533)[0m /home/bax9142/federated-edge-learning/.venv/lib64/python3.13/site-packages/sklearn/metrics/_ranking.py:424: UndefinedMetricWarning: Only one class is present in y_true. ROC AUC score is not defined in that case.[32m [repeated 37x across cluster][0m
[36m(ClientAppActor pid=1144533)[0m   warnings.warn([32m [repeated 37x across cluster][0m
[36m(ClientAppActor pid=1144554)[0m /home/bax9142/federated-edge-learning/.venv/lib64/python3.13/site-packages/sklearn/metrics/_ranking.py:424: UndefinedMetricWarning: Only one class is present in y_true. ROC AUC score is not defined in that case.[32m [repeated 35x across cluster][0m
[36m(ClientAppActor pid=1144554)[0m   warnings.warn([32m [repeated 35x across cluster][0m

[36m(ClientAppActor pid=1144531)[0m [Client 887] Data split:[32m [repeated 252x across cluster][0m
[36m(ClientAppActor pid=1144531)[0m    Train:      87 samples (client-local)[32m [repeated 252x across cluster][0m
[36m(ClientAppActor pid=1144531)[0m    Validation: 12 samples (client-local)[32m [repeated 252x across cluster][0m
[36m(ClientAppActor pid=1144531)[0m    Test:       50737 samples (global, shared)[32m [repeated 252x across cluster][0m

🎯 Multi-Threshold Aggregation:
   ═══════════════════════════════════════════════
   Evaluated 10 thresholds:
     • Thr=0.30: Recall=0.946, Spec=0.172, F1=0.268
     • Thr=0.35: Recall=0.912, Spec=0.254, F1=0.280
     • Thr=0.40: Recall=0.872, Spec=0.339, F1=0.293
   ...

   BEST Threshold: 0.50
     • Recall:      0.781
     • Specificity: 0.495
     • F1-Score:    0.319
     • Score:       0.614
   ═══════════════════════════════════════════════

⚠️  No rounds meet spec≥0.7, using recall filter only
 8 Pareto-optimal rounds (not dominated in recall & spec)

🎯 SELECTED ROUND 25:
   Recall:     0.781
   Specificity: 0.495
   F1-Score:    0.319
   Stability:   1.000
   Alerts/1000: 543.7
   Composite:   0.625


✅ Round 25 is NEW BEST - Saving checkpoint...
   💾 Checkpoint saved: result/splits_iid_scaling/splits_iid_2048_clients.json/multi_thr/model_round_25.pt
⚠️  No rounds meet spec≥0.7, using recall filter only
 8 Pareto-optimal rounds (not dominated in recall & spec)

🎯 SELECTED ROUND 25:
   Recall:     0.781
   Specificity: 0.495
   F1-Score:    0.319
   Stability:   1.000
   Alerts/1000: 543.7
   Composite:   0.625

   💾 Best model saved: result/splits_iid_scaling/splits_iid_2048_clients.json/multi_thr/model_round_25.pt
   📊 Metrics saved: result/splits_iid_scaling/splits_iid_2048_clients.json/multi_thr/run_1.json
[36m(ClientAppActor pid=1144544)[0m [Client 1447] Data split:[32m [repeated 239x across cluster][0m
[36m(ClientAppActor pid=1144544)[0m    Train:      86 samples (client-local)[32m [repeated 239x across cluster][0m
[36m(ClientAppActor pid=1144544)[0m    Validation: 12 samples (client-local)[32m [repeated 239x across cluster][0m
[36m(ClientAppActor pid=1144544)[0m    Test:       50737 samples (global, shared)[32m [repeated 239x across cluster][0m
[36m(ClientAppActor pid=1144533)[0m [Client 423] Data split:[32m [repeated 243x across cluster][0m
[36m(ClientAppActor pid=1144533)[0m    Train:      87 samples (client-local)[32m [repeated 243x across cluster][0m
[36m(ClientAppActor pid=1144533)[0m    Validation: 12 samples (client-local)[32m [repeated 243x across cluster][0m
[36m(ClientAppActor pid=1144533)[0m    Test:       50737 samples (global, shared)[32m [repeated 243x across cluster][0m
[36m(ClientAppActor pid=1144546)[0m [Client 1293] Data split:[32m [repeated 253x across cluster][0m
[36m(ClientAppActor pid=1144546)[0m    Train:      87 samples (client-local)[32m [repeated 253x across cluster][0m
[36m(ClientAppActor pid=1144546)[0m    Validation: 12 samples (client-local)[32m [repeated 253x across cluster][0m
[36m(ClientAppActor pid=1144546)[0m    Test:       50737 samples (global, shared)[32m [repeated 253x across cluster][0m
[36m(ClientAppActor pid=1144539)[0m [Client 1442] Data split:[32m [repeated 259x across cluster][0m
[36m(ClientAppActor pid=1144539)[0m    Train:      87 samples (client-local)[32m [repeated 259x across cluster][0m
[36m(ClientAppActor pid=1144539)[0m    Validation: 12 samples (client-local)[32m [repeated 259x across cluster][0m
[36m(ClientAppActor pid=1144539)[0m    Test:       50737 samples (global, shared)[32m [repeated 259x across cluster][0m
[36m(ClientAppActor pid=1144537)[0m [Client 1607] Data split:[32m [repeated 247x across cluster][0m
[36m(ClientAppActor pid=1144537)[0m    Train:      86 samples (client-local)[32m [repeated 247x across cluster][0m
[36m(ClientAppActor pid=1144537)[0m    Validation: 12 samples (client-local)[32m [repeated 247x across cluster][0m
[36m(ClientAppActor pid=1144537)[0m    Test:       50737 samples (global, shared)[32m [repeated 247x across cluster][0m
[36m(ClientAppActor pid=1144543)[0m [Client 880] Data split:[32m [repeated 255x across cluster][0m
[36m(ClientAppActor pid=1144543)[0m    Train:      87 samples (client-local)[32m [repeated 255x across cluster][0m
[36m(ClientAppActor pid=1144543)[0m    Validation: 12 samples (client-local)[32m [repeated 255x across cluster][0m
[36m(ClientAppActor pid=1144543)[0m    Test:       50737 samples (global, shared)[32m [repeated 255x across cluster][0m
[36m(ClientAppActor pid=1144533)[0m [Client 1964] Data split:[32m [repeated 256x across cluster][0m
[36m(ClientAppActor pid=1144533)[0m    Train:      86 samples (client-local)[32m [repeated 256x across cluster][0m
[36m(ClientAppActor pid=1144533)[0m    Validation: 12 samples (client-local)[32m [repeated 256x across cluster][0m
[36m(ClientAppActor pid=1144533)[0m    Test:       50737 samples (global, shared)[32m [repeated 256x across cluster][0m
[36m(ClientAppActor pid=1144547)[0m [Client 299] Data split:[32m [repeated 181x across cluster][0m
[36m(ClientAppActor pid=1144547)[0m    Train:      87 samples (client-local)[32m [repeated 181x across cluster][0m
[36m(ClientAppActor pid=1144547)[0m    Validation: 12 samples (client-local)[32m [repeated 181x across cluster][0m
[36m(ClientAppActor pid=1144547)[0m    Test:       50737 samples (global, shared)[32m [repeated 181x across cluster][0m
[36m(ClientAppActor pid=1144539)[0m [Client 1094] Data split:[32m [repeated 255x across cluster][0m
[36m(ClientAppActor pid=1144539)[0m    Train:      87 samples (client-local)[32m [repeated 255x across cluster][0m
[36m(ClientAppActor pid=1144539)[0m    Validation: 12 samples (client-local)[32m [repeated 255x across cluster][0m
[36m(ClientAppActor pid=1144539)[0m    Test:       50737 samples (global, shared)[32m [repeated 255x across cluster][0m
[36m(ClientAppActor pid=1144534)[0m [Client 1318] Data split:[32m [repeated 255x across cluster][0m
[36m(ClientAppActor pid=1144534)[0m    Train:      87 samples (client-local)[32m [repeated 255x across cluster][0m
[36m(ClientAppActor pid=1144534)[0m    Validation: 12 samples (client-local)[32m [repeated 255x across cluster][0m
[36m(ClientAppActor pid=1144534)[0m    Test:       50737 samples (global, shared)[32m [repeated 255x across cluster][0m
[36m(ClientAppActor pid=1144537)[0m [Client 1067] Data split:[32m [repeated 253x across cluster][0m
[36m(ClientAppActor pid=1144537)[0m    Train:      87 samples (client-local)[32m [repeated 253x across cluster][0m
[36m(ClientAppActor pid=1144537)[0m    Validation: 12 samples (client-local)[32m [repeated 253x across cluster][0m
[36m(ClientAppActor pid=1144537)[0m    Test:       50737 samples (global, shared)[32m [repeated 253x across cluster][0m
[36m(ClientAppActor pid=1144536)[0m [Client 2004] Data split:[32m [repeated 260x across cluster][0m
[36m(ClientAppActor pid=1144536)[0m    Train:      86 samples (client-local)[32m [repeated 260x across cluster][0m
[36m(ClientAppActor pid=1144536)[0m    Validation: 12 samples (client-local)[32m [repeated 260x across cluster][0m
[36m(ClientAppActor pid=1144536)[0m    Test:       50737 samples (global, shared)[32m [repeated 260x across cluster][0m
[36m(ClientAppActor pid=1144539)[0m [Client 609] Data split:[32m [repeated 246x across cluster][0m
[36m(ClientAppActor pid=1144539)[0m    Train:      87 samples (client-local)[32m [repeated 246x across cluster][0m
[36m(ClientAppActor pid=1144539)[0m    Validation: 12 samples (client-local)[32m [repeated 246x across cluster][0m
[36m(ClientAppActor pid=1144539)[0m    Test:       50737 samples (global, shared)[32m [repeated 246x across cluster][0m
[36m(ClientAppActor pid=1144539)[0m [Client 545] Data split:[32m [repeated 251x across cluster][0m[36m(ClientAppActor pid=1144534)[0m /home/bax9142/federated-edge-learning/.venv/lib64/python3.13/site-packages/sklearn/metrics/_ranking.py:424: UndefinedMetricWarning: Only one class is present in y_true. ROC AUC score is not defined in that case.[32m [repeated 24x across cluster][0m
[36m(ClientAppActor pid=1144534)[0m   warnings.warn([32m [repeated 24x across cluster][0m
[36m(ClientAppActor pid=1144536)[0m /home/bax9142/federated-edge-learning/.venv/lib64/python3.13/site-packages/sklearn/metrics/_ranking.py:424: UndefinedMetricWarning: Only one class is present in y_true. ROC AUC score is not defined in that case.[32m [repeated 46x across cluster][0m
[36m(ClientAppActor pid=1144536)[0m   warnings.warn([32m [repeated 46x across cluster][0m
[92mINFO [0m:      aggregate_evaluate: received 2048 results and 0 failures
[92mINFO [0m:      
[92mINFO [0m:      [ROUND 27]
[92mINFO [0m:      configure_fit: strategy sampled 1638 clients (out of 2048)
[92mINFO [0m:      aggregate_fit: received 1638 results and 0 failures
[92mINFO [0m:      configure_evaluate: strategy sampled 2048 clients (out of 2048)
[36m(ClientAppActor pid=1144540)[0m /home/bax9142/federated-edge-learning/.venv/lib64/python3.13/site-packages/sklearn/metrics/_ranking.py:424: UndefinedMetricWarning: Only one class is present in y_true. ROC AUC score is not defined in that case.[32m [repeated 2x across cluster][0m
[36m(ClientAppActor pid=1144540)[0m   warnings.warn([32m [repeated 2x across cluster][0m
[36m(ClientAppActor pid=1144539)[0m /home/bax9142/federated-edge-learning/.venv/lib64/python3.13/site-packages/sklearn/metrics/_ranking.py:424: UndefinedMetricWarning: Only one class is present in y_true. ROC AUC score is not defined in that case.[32m [repeated 42x across cluster][0m
[36m(ClientAppActor pid=1144539)[0m   warnings.warn([32m [repeated 42x across cluster][0m
[36m(ClientAppActor pid=1144569)[0m /home/bax9142/federated-edge-learning/.venv/lib64/python3.13/site-packages/sklearn/metrics/_ranking.py:424: UndefinedMetricWarning: Only one class is present in y_true. ROC AUC score is not defined in that case.[32m [repeated 45x across cluster][0m
[36m(ClientAppActor pid=1144569)[0m   warnings.warn([32m [repeated 45x across cluster][0m
[36m(ClientAppActor pid=1144547)[0m /home/bax9142/federated-edge-learning/.venv/lib64/python3.13/site-packages/sklearn/metrics/_ranking.py:424: UndefinedMetricWarning: Only one class is present in y_true. ROC AUC score is not defined in that case.[32m [repeated 40x across cluster][0m
[36m(ClientAppActor pid=1144547)[0m   warnings.warn([32m [repeated 40x across cluster][0m
[36m(ClientAppActor pid=1144541)[0m /home/bax9142/federated-edge-learning/.venv/lib64/python3.13/site-packages/sklearn/metrics/_ranking.py:424: UndefinedMetricWarning: Only one class is present in y_true. ROC AUC score is not defined in that case.[32m [repeated 46x across cluster][0m
[36m(ClientAppActor pid=1144541)[0m   warnings.warn([32m [repeated 46x across cluster][0m
[36m(ClientAppActor pid=1144533)[0m /home/bax9142/federated-edge-learning/.venv/lib64/python3.13/site-packages/sklearn/metrics/_ranking.py:424: UndefinedMetricWarning: Only one class is present in y_true. ROC AUC score is not defined in that case.[32m [repeated 35x across cluster][0m
[36m(ClientAppActor pid=1144533)[0m   warnings.warn([32m [repeated 35x across cluster][0m

[36m(ClientAppActor pid=1144539)[0m    Train:      87 samples (client-local)[32m [repeated 251x across cluster][0m
[36m(ClientAppActor pid=1144539)[0m    Validation: 12 samples (client-local)[32m [repeated 251x across cluster][0m
[36m(ClientAppActor pid=1144539)[0m    Test:       50737 samples (global, shared)[32m [repeated 251x across cluster][0m
[36m(ClientAppActor pid=1144537)[0m [Client 1458] Data split:[32m [repeated 254x across cluster][0m
[36m(ClientAppActor pid=1144537)[0m    Train:      86 samples (client-local)[32m [repeated 254x across cluster][0m
[36m(ClientAppActor pid=1144537)[0m    Validation: 12 samples (client-local)[32m [repeated 254x across cluster][0m
[36m(ClientAppActor pid=1144537)[0m    Test:       50737 samples (global, shared)[32m [repeated 254x across cluster][0m

🎯 Multi-Threshold Aggregation:
   ═══════════════════════════════════════════════
   Evaluated 10 thresholds:
     • Thr=0.30: Recall=0.946, Spec=0.177, F1=0.269
     • Thr=0.35: Recall=0.913, Spec=0.262, F1=0.282
     • Thr=0.40: Recall=0.873, Spec=0.345, F1=0.295
   ...

   BEST Threshold: 0.50
     • Recall:      0.785
     • Specificity: 0.499
     • F1-Score:    0.322
     • Score:       0.618
   ═══════════════════════════════════════════════

⚠️  No rounds meet spec≥0.7, using recall filter only
 7 Pareto-optimal rounds (not dominated in recall & spec)

🎯 SELECTED ROUND 26:
   Recall:     0.785
   Specificity: 0.499
   F1-Score:    0.322
   Stability:   1.000
   Alerts/1000: 540.2
   Composite:   0.628


✅ Round 26 is NEW BEST - Saving checkpoint...
   💾 Checkpoint saved: result/splits_iid_scaling/splits_iid_2048_clients.json/multi_thr/model_round_26.pt
⚠️  No rounds meet spec≥0.7, using recall filter only
 7 Pareto-optimal rounds (not dominated in recall & spec)

🎯 SELECTED ROUND 26:
   Recall:     0.785
   Specificity: 0.499
   F1-Score:    0.322
   Stability:   1.000
   Alerts/1000: 540.2
   Composite:   0.628

   💾 Best model saved: result/splits_iid_scaling/splits_iid_2048_clients.json/multi_thr/model_round_26.pt
   📊 Metrics saved: result/splits_iid_scaling/splits_iid_2048_clients.json/multi_thr/run_1.json
[36m(ClientAppActor pid=1144546)[0m [Client 2036] Data split:[32m [repeated 240x across cluster][0m
[36m(ClientAppActor pid=1144546)[0m    Train:      86 samples (client-local)[32m [repeated 240x across cluster][0m
[36m(ClientAppActor pid=1144546)[0m    Validation: 12 samples (client-local)[32m [repeated 240x across cluster][0m
[36m(ClientAppActor pid=1144546)[0m    Test:       50737 samples (global, shared)[32m [repeated 240x across cluster][0m
[36m(ClientAppActor pid=1144546)[0m [Client 1853] Data split:[32m [repeated 255x across cluster][0m
[36m(ClientAppActor pid=1144546)[0m    Train:      86 samples (client-local)[32m [repeated 255x across cluster][0m
[36m(ClientAppActor pid=1144546)[0m    Validation: 12 samples (client-local)[32m [repeated 255x across cluster][0m
[36m(ClientAppActor pid=1144546)[0m    Test:       50737 samples (global, shared)[32m [repeated 255x across cluster][0m
[36m(ClientAppActor pid=1144544)[0m [Client 10] Data split:[32m [repeated 253x across cluster][0m
[36m(ClientAppActor pid=1144544)[0m    Train:      87 samples (client-local)[32m [repeated 253x across cluster][0m
[36m(ClientAppActor pid=1144544)[0m    Validation: 12 samples (client-local)[32m [repeated 253x across cluster][0m
[36m(ClientAppActor pid=1144544)[0m    Test:       50737 samples (global, shared)[32m [repeated 253x across cluster][0m
[36m(ClientAppActor pid=1144534)[0m [Client 1961] Data split:[32m [repeated 256x across cluster][0m
[36m(ClientAppActor pid=1144534)[0m    Train:      86 samples (client-local)[32m [repeated 256x across cluster][0m
[36m(ClientAppActor pid=1144534)[0m    Validation: 12 samples (client-local)[32m [repeated 256x across cluster][0m
[36m(ClientAppActor pid=1144534)[0m    Test:       50737 samples (global, shared)[32m [repeated 256x across cluster][0m
[36m(ClientAppActor pid=1144537)[0m [Client 257] Data split:[32m [repeated 262x across cluster][0m
[36m(ClientAppActor pid=1144537)[0m    Train:      87 samples (client-local)[32m [repeated 262x across cluster][0m
[36m(ClientAppActor pid=1144537)[0m    Validation: 12 samples (client-local)[32m [repeated 262x across cluster][0m
[36m(ClientAppActor pid=1144537)[0m    Test:       50737 samples (global, shared)[32m [repeated 262x across cluster][0m
[36m(ClientAppActor pid=1144547)[0m [Client 554] Data split:[32m [repeated 261x across cluster][0m
[36m(ClientAppActor pid=1144547)[0m    Train:      87 samples (client-local)[32m [repeated 261x across cluster][0m
[36m(ClientAppActor pid=1144547)[0m    Validation: 12 samples (client-local)[32m [repeated 261x across cluster][0m
[36m(ClientAppActor pid=1144547)[0m    Test:       50737 samples (global, shared)[32m [repeated 261x across cluster][0m
[36m(ClientAppActor pid=1144549)[0m [Client 36] Data split:[32m [repeated 217x across cluster][0m
[36m(ClientAppActor pid=1144549)[0m    Train:      87 samples (client-local)[32m [repeated 217x across cluster][0m
[36m(ClientAppActor pid=1144549)[0m    Validation: 12 samples (client-local)[32m [repeated 217x across cluster][0m
[36m(ClientAppActor pid=1144549)[0m    Test:       50737 samples (global, shared)[32m [repeated 217x across cluster][0m
[36m(ClientAppActor pid=1144536)[0m [Client 1062] Data split:[32m [repeated 263x across cluster][0m
[36m(ClientAppActor pid=1144536)[0m    Train:      87 samples (client-local)[32m [repeated 263x across cluster][0m
[36m(ClientAppActor pid=1144536)[0m    Validation: 12 samples (client-local)[32m [repeated 263x across cluster][0m
[36m(ClientAppActor pid=1144536)[0m    Test:       50737 samples (global, shared)[32m [repeated 263x across cluster][0m
[36m(ClientAppActor pid=1144534)[0m [Client 957] Data split:[32m [repeated 252x across cluster][0m
[36m(ClientAppActor pid=1144534)[0m    Train:      87 samples (client-local)[32m [repeated 252x across cluster][0m
[36m(ClientAppActor pid=1144534)[0m    Validation: 12 samples (client-local)[32m [repeated 252x across cluster][0m
[36m(ClientAppActor pid=1144534)[0m    Test:       50737 samples (global, shared)[32m [repeated 252x across cluster][0m
[36m(ClientAppActor pid=1144531)[0m [Client 1132] Data split:[32m [repeated 251x across cluster][0m
[36m(ClientAppActor pid=1144531)[0m    Train:      87 samples (client-local)[32m [repeated 251x across cluster][0m
[36m(ClientAppActor pid=1144531)[0m    Validation: 12 samples (client-local)[32m [repeated 251x across cluster][0m
[36m(ClientAppActor pid=1144531)[0m    Test:       50737 samples (global, shared)[32m [repeated 251x across cluster][0m
[36m(ClientAppActor pid=1144531)[0m [Client 51] Data split:[32m [repeated 259x across cluster][0m
[36m(ClientAppActor pid=1144531)[0m    Train:      87 samples (client-local)[32m [repeated 259x across cluster][0m
[36m(ClientAppActor pid=1144531)[0m    Validation: 12 samples (client-local)[32m [repeated 259x across cluster][0m
[36m(ClientAppActor pid=1144531)[0m    Test:       50737 samples (global, shared)[32m [repeated 259x across cluster][0m
[36m(ClientAppActor pid=1144533)[0m [Client 544] Data split:[32m [repeated 263x across cluster][0m
[36m(ClientAppActor pid=1144533)[0m    Train:      87 samples (client-local)[32m [repeated 263x across cluster][0m
[36m(ClientAppActor pid=1144533)[0m    Validation: 12 samples (client-local)[32m [repeated 263x across cluster][0m
[36m(ClientAppActor pid=1144533)[0m    Test:       50737 samples (global, shared)[32m [repeated 263x across cluster][0m
[36m(ClientAppActor pid=1144531)[0m [Client 1605] Data split:[32m [repeated 255x across cluster][0m
[36m(ClientAppActor pid=1144531)[0m    Train:      86 samples (client-local)[32m [repeated 255x across cluster][0m[36m(ClientAppActor pid=1144543)[0m /home/bax9142/federated-edge-learning/.venv/lib64/python3.13/site-packages/sklearn/metrics/_ranking.py:424: UndefinedMetricWarning: Only one class is present in y_true. ROC AUC score is not defined in that case.[32m [repeated 44x across cluster][0m
[36m(ClientAppActor pid=1144543)[0m   warnings.warn([32m [repeated 44x across cluster][0m
[36m(ClientAppActor pid=1144549)[0m /home/bax9142/federated-edge-learning/.venv/lib64/python3.13/site-packages/sklearn/metrics/_ranking.py:424: UndefinedMetricWarning: Only one class is present in y_true. ROC AUC score is not defined in that case.[32m [repeated 32x across cluster][0m
[36m(ClientAppActor pid=1144549)[0m   warnings.warn([32m [repeated 32x across cluster][0m
[92mINFO [0m:      aggregate_evaluate: received 2048 results and 0 failures
[92mINFO [0m:      
[92mINFO [0m:      [ROUND 28]
[92mINFO [0m:      configure_fit: strategy sampled 1638 clients (out of 2048)
[92mINFO [0m:      aggregate_fit: received 1638 results and 0 failures
[92mINFO [0m:      configure_evaluate: strategy sampled 2048 clients (out of 2048)
[36m(ClientAppActor pid=1144550)[0m /home/bax9142/federated-edge-learning/.venv/lib64/python3.13/site-packages/sklearn/metrics/_ranking.py:424: UndefinedMetricWarning: Only one class is present in y_true. ROC AUC score is not defined in that case.[32m [repeated 38x across cluster][0m
[36m(ClientAppActor pid=1144550)[0m   warnings.warn([32m [repeated 38x across cluster][0m
[36m(ClientAppActor pid=1144533)[0m /home/bax9142/federated-edge-learning/.venv/lib64/python3.13/site-packages/sklearn/metrics/_ranking.py:424: UndefinedMetricWarning: Only one class is present in y_true. ROC AUC score is not defined in that case.[32m [repeated 44x across cluster][0m
[36m(ClientAppActor pid=1144533)[0m   warnings.warn([32m [repeated 44x across cluster][0m
[36m(ClientAppActor pid=1144548)[0m /home/bax9142/federated-edge-learning/.venv/lib64/python3.13/site-packages/sklearn/metrics/_ranking.py:424: UndefinedMetricWarning: Only one class is present in y_true. ROC AUC score is not defined in that case.[32m [repeated 30x across cluster][0m
[36m(ClientAppActor pid=1144548)[0m   warnings.warn([32m [repeated 30x across cluster][0m
[36m(ClientAppActor pid=1144554)[0m /home/bax9142/federated-edge-learning/.venv/lib64/python3.13/site-packages/sklearn/metrics/_ranking.py:424: UndefinedMetricWarning: Only one class is present in y_true. ROC AUC score is not defined in that case.[32m [repeated 49x across cluster][0m
[36m(ClientAppActor pid=1144554)[0m   warnings.warn([32m [repeated 49x across cluster][0m
[36m(ClientAppActor pid=1144536)[0m /home/bax9142/federated-edge-learning/.venv/lib64/python3.13/site-packages/sklearn/metrics/_ranking.py:424: UndefinedMetricWarning: Only one class is present in y_true. ROC AUC score is not defined in that case.[32m [repeated 38x across cluster][0m
[36m(ClientAppActor pid=1144536)[0m   warnings.warn([32m [repeated 38x across cluster][0m
[36m(ClientAppActor pid=1144537)[0m /home/bax9142/federated-edge-learning/.venv/lib64/python3.13/site-packages/sklearn/metrics/_ranking.py:424: UndefinedMetricWarning: Only one class is present in y_true. ROC AUC score is not defined in that case.[32m [repeated 41x across cluster][0m
[36m(ClientAppActor pid=1144537)[0m   warnings.warn([32m [repeated 41x across cluster][0m

[36m(ClientAppActor pid=1144531)[0m    Validation: 12 samples (client-local)[32m [repeated 255x across cluster][0m
[36m(ClientAppActor pid=1144531)[0m    Test:       50737 samples (global, shared)[32m [repeated 255x across cluster][0m
[36m(ClientAppActor pid=1144544)[0m 
[36m(ClientAppActor pid=1144541)[0m [Client 1902] Data split:[32m [repeated 259x across cluster][0m
[36m(ClientAppActor pid=1144541)[0m    Train:      86 samples (client-local)[32m [repeated 259x across cluster][0m
[36m(ClientAppActor pid=1144541)[0m    Validation: 12 samples (client-local)[32m [repeated 259x across cluster][0m
[36m(ClientAppActor pid=1144541)[0m    Test:       50737 samples (global, shared)[32m [repeated 259x across cluster][0m

🎯 Multi-Threshold Aggregation:
   ═══════════════════════════════════════════════
   Evaluated 10 thresholds:
     • Thr=0.30: Recall=0.945, Spec=0.182, F1=0.270
     • Thr=0.35: Recall=0.912, Spec=0.268, F1=0.284
     • Thr=0.40: Recall=0.873, Spec=0.352, F1=0.297
   ...

   BEST Threshold: 0.50
     • Recall:      0.785
     • Specificity: 0.505
     • F1-Score:    0.325
     • Score:       0.621
   ═══════════════════════════════════════════════

⚠️  No rounds meet spec≥0.7, using recall filter only
 7 Pareto-optimal rounds (not dominated in recall & spec)

🎯 SELECTED ROUND 27:
   Recall:     0.785
   Specificity: 0.505
   F1-Score:    0.325
   Stability:   1.000
   Alerts/1000: 535.1
   Composite:   0.631


✅ Round 27 is NEW BEST - Saving checkpoint...
   💾 Checkpoint saved: result/splits_iid_scaling/splits_iid_2048_clients.json/multi_thr/model_round_27.pt
⚠️  No rounds meet spec≥0.7, using recall filter only
 7 Pareto-optimal rounds (not dominated in recall & spec)

🎯 SELECTED ROUND 27:
   Recall:     0.785
   Specificity: 0.505
   F1-Score:    0.325
   Stability:   1.000
   Alerts/1000: 535.1
   Composite:   0.631

   💾 Best model saved: result/splits_iid_scaling/splits_iid_2048_clients.json/multi_thr/model_round_27.pt
   📊 Metrics saved: result/splits_iid_scaling/splits_iid_2048_clients.json/multi_thr/run_1.json
[36m(ClientAppActor pid=1144537)[0m [Client 39] Data split:[32m [repeated 246x across cluster][0m
[36m(ClientAppActor pid=1144537)[0m    Train:      87 samples (client-local)[32m [repeated 246x across cluster][0m
[36m(ClientAppActor pid=1144537)[0m    Validation: 12 samples (client-local)[32m [repeated 246x across cluster][0m
[36m(ClientAppActor pid=1144537)[0m    Test:       50737 samples (global, shared)[32m [repeated 246x across cluster][0m
[36m(ClientAppActor pid=1144537)[0m [Client 243] Data split:[32m [repeated 267x across cluster][0m
[36m(ClientAppActor pid=1144537)[0m    Train:      87 samples (client-local)[32m [repeated 267x across cluster][0m
[36m(ClientAppActor pid=1144537)[0m    Validation: 12 samples (client-local)[32m [repeated 267x across cluster][0m
[36m(ClientAppActor pid=1144537)[0m    Test:       50737 samples (global, shared)[32m [repeated 267x across cluster][0m
[36m(ClientAppActor pid=1144545)[0m 
[36m(ClientAppActor pid=1144531)[0m [Client 1029] Data split:[32m [repeated 249x across cluster][0m
[36m(ClientAppActor pid=1144531)[0m    Train:      87 samples (client-local)[32m [repeated 249x across cluster][0m
[36m(ClientAppActor pid=1144531)[0m    Validation: 12 samples (client-local)[32m [repeated 249x across cluster][0m
[36m(ClientAppActor pid=1144531)[0m    Test:       50737 samples (global, shared)[32m [repeated 249x across cluster][0m
[36m(ClientAppActor pid=1144585)[0m [Client 1821] Data split:[32m [repeated 264x across cluster][0m
[36m(ClientAppActor pid=1144585)[0m    Train:      86 samples (client-local)[32m [repeated 264x across cluster][0m
[36m(ClientAppActor pid=1144585)[0m    Validation: 12 samples (client-local)[32m [repeated 264x across cluster][0m
[36m(ClientAppActor pid=1144585)[0m    Test:       50737 samples (global, shared)[32m [repeated 264x across cluster][0m
[36m(ClientAppActor pid=1144536)[0m [Client 1976] Data split:[32m [repeated 239x across cluster][0m
[36m(ClientAppActor pid=1144536)[0m    Train:      86 samples (client-local)[32m [repeated 239x across cluster][0m
[36m(ClientAppActor pid=1144536)[0m    Validation: 12 samples (client-local)[32m [repeated 239x across cluster][0m
[36m(ClientAppActor pid=1144536)[0m    Test:       50737 samples (global, shared)[32m [repeated 239x across cluster][0m
[36m(ClientAppActor pid=1144551)[0m [Client 118] Data split:[32m [repeated 252x across cluster][0m
[36m(ClientAppActor pid=1144551)[0m    Train:      87 samples (client-local)[32m [repeated 252x across cluster][0m
[36m(ClientAppActor pid=1144551)[0m    Validation: 12 samples (client-local)[32m [repeated 252x across cluster][0m
[36m(ClientAppActor pid=1144551)[0m    Test:       50737 samples (global, shared)[32m [repeated 252x across cluster][0m
[36m(ClientAppActor pid=1144544)[0m [Client 416] Data split:[32m [repeated 254x across cluster][0m
[36m(ClientAppActor pid=1144544)[0m    Train:      87 samples (client-local)[32m [repeated 254x across cluster][0m
[36m(ClientAppActor pid=1144544)[0m    Validation: 12 samples (client-local)[32m [repeated 254x across cluster][0m
[36m(ClientAppActor pid=1144544)[0m    Test:       50737 samples (global, shared)[32m [repeated 254x across cluster][0m
[36m(ClientAppActor pid=1144537)[0m [Client 1857] Data split:[32m [repeated 194x across cluster][0m
[36m(ClientAppActor pid=1144537)[0m    Train:      86 samples (client-local)[32m [repeated 194x across cluster][0m
[36m(ClientAppActor pid=1144537)[0m    Validation: 12 samples (client-local)[32m [repeated 194x across cluster][0m
[36m(ClientAppActor pid=1144537)[0m    Test:       50737 samples (global, shared)[32m [repeated 194x across cluster][0m
[36m(ClientAppActor pid=1144543)[0m [Client 1244] Data split:[32m [repeated 245x across cluster][0m
[36m(ClientAppActor pid=1144543)[0m    Train:      87 samples (client-local)[32m [repeated 245x across cluster][0m
[36m(ClientAppActor pid=1144543)[0m    Validation: 12 samples (client-local)[32m [repeated 245x across cluster][0m
[36m(ClientAppActor pid=1144543)[0m    Test:       50737 samples (global, shared)[32m [repeated 245x across cluster][0m
[36m(ClientAppActor pid=1144541)[0m [Client 1299] Data split:[32m [repeated 248x across cluster][0m
[36m(ClientAppActor pid=1144541)[0m    Train:      87 samples (client-local)[32m [repeated 248x across cluster][0m
[36m(ClientAppActor pid=1144541)[0m    Validation: 12 samples (client-local)[32m [repeated 248x across cluster][0m
[36m(ClientAppActor pid=1144541)[0m    Test:       50737 samples (global, shared)[32m [repeated 248x across cluster][0m
[36m(ClientAppActor pid=1144560)[0m [Client 67] Data split:[32m [repeated 265x across cluster][0m
[36m(ClientAppActor pid=1144560)[0m    Train:      87 samples (client-local)[32m [repeated 265x across cluster][0m
[36m(ClientAppActor pid=1144560)[0m    Validation: 12 samples (client-local)[32m [repeated 265x across cluster][0m
[36m(ClientAppActor pid=1144560)[0m    Test:       50737 samples (global, shared)[32m [repeated 265x across cluster][0m
[36m(ClientAppActor pid=1144534)[0m [Client 1060] Data split:[32m [repeated 256x across cluster][0m
[36m(ClientAppActor pid=1144534)[0m    Train:      87 samples (client-local)[32m [repeated 256x across cluster][0m
[36m(ClientAppActor pid=1144534)[0m    Validation: 12 samples (client-local)[32m [repeated 256x across cluster][0m
[36m(ClientAppActor pid=1144534)[0m    Test:       50737 samples (global, shared)[32m [repeated 256x across cluster][0m
[36m(ClientAppActor pid=1144542)[0m [Client 958] Data split:[32m [repeated 259x across cluster][0m
[36m(ClientAppActor pid=1144542)[0m    Train:      87 samples (client-local)[32m [repeated 259x across cluster][0m
[36m(ClientAppActor pid=1144542)[0m    Validation: 12 samples (client-local)[32m [repeated 259x across cluster][0m[36m(ClientAppActor pid=1144531)[0m /home/bax9142/federated-edge-learning/.venv/lib64/python3.13/site-packages/sklearn/metrics/_ranking.py:424: UndefinedMetricWarning: Only one class is present in y_true. ROC AUC score is not defined in that case.[32m [repeated 42x across cluster][0m
[36m(ClientAppActor pid=1144531)[0m   warnings.warn([32m [repeated 42x across cluster][0m
[36m(ClientAppActor pid=1144546)[0m /home/bax9142/federated-edge-learning/.venv/lib64/python3.13/site-packages/sklearn/metrics/_ranking.py:424: UndefinedMetricWarning: Only one class is present in y_true. ROC AUC score is not defined in that case.[32m [repeated 37x across cluster][0m
[36m(ClientAppActor pid=1144546)[0m   warnings.warn([32m [repeated 37x across cluster][0m
[92mINFO [0m:      aggregate_evaluate: received 2048 results and 0 failures
[92mINFO [0m:      
[92mINFO [0m:      [ROUND 29]
[92mINFO [0m:      configure_fit: strategy sampled 1638 clients (out of 2048)
[92mINFO [0m:      aggregate_fit: received 1638 results and 0 failures
[92mINFO [0m:      configure_evaluate: strategy sampled 2048 clients (out of 2048)
[36m(ClientAppActor pid=1144536)[0m /home/bax9142/federated-edge-learning/.venv/lib64/python3.13/site-packages/sklearn/metrics/_ranking.py:424: UndefinedMetricWarning: Only one class is present in y_true. ROC AUC score is not defined in that case.[32m [repeated 41x across cluster][0m
[36m(ClientAppActor pid=1144536)[0m   warnings.warn([32m [repeated 41x across cluster][0m
[36m(ClientAppActor pid=1144534)[0m /home/bax9142/federated-edge-learning/.venv/lib64/python3.13/site-packages/sklearn/metrics/_ranking.py:424: UndefinedMetricWarning: Only one class is present in y_true. ROC AUC score is not defined in that case.[32m [repeated 46x across cluster][0m
[36m(ClientAppActor pid=1144534)[0m   warnings.warn([32m [repeated 46x across cluster][0m
[36m(ClientAppActor pid=1144542)[0m /home/bax9142/federated-edge-learning/.venv/lib64/python3.13/site-packages/sklearn/metrics/_ranking.py:424: UndefinedMetricWarning: Only one class is present in y_true. ROC AUC score is not defined in that case.[32m [repeated 41x across cluster][0m
[36m(ClientAppActor pid=1144542)[0m   warnings.warn([32m [repeated 41x across cluster][0m
[36m(ClientAppActor pid=1144549)[0m /home/bax9142/federated-edge-learning/.venv/lib64/python3.13/site-packages/sklearn/metrics/_ranking.py:424: UndefinedMetricWarning: Only one class is present in y_true. ROC AUC score is not defined in that case.[32m [repeated 37x across cluster][0m
[36m(ClientAppActor pid=1144549)[0m   warnings.warn([32m [repeated 37x across cluster][0m
[36m(ClientAppActor pid=1144554)[0m /home/bax9142/federated-edge-learning/.venv/lib64/python3.13/site-packages/sklearn/metrics/_ranking.py:424: UndefinedMetricWarning: Only one class is present in y_true. ROC AUC score is not defined in that case.[32m [repeated 44x across cluster][0m
[36m(ClientAppActor pid=1144554)[0m   warnings.warn([32m [repeated 44x across cluster][0m

[36m(ClientAppActor pid=1144542)[0m    Test:       50737 samples (global, shared)[32m [repeated 259x across cluster][0m
[36m(ClientAppActor pid=1144536)[0m [Client 1840] Data split:[32m [repeated 254x across cluster][0m
[36m(ClientAppActor pid=1144536)[0m    Train:      86 samples (client-local)[32m [repeated 254x across cluster][0m
[36m(ClientAppActor pid=1144536)[0m    Validation: 12 samples (client-local)[32m [repeated 254x across cluster][0m
[36m(ClientAppActor pid=1144536)[0m    Test:       50737 samples (global, shared)[32m [repeated 254x across cluster][0m
[36m(ClientAppActor pid=1144534)[0m [Client 1866] Data split:[32m [repeated 252x across cluster][0m
[36m(ClientAppActor pid=1144534)[0m    Train:      86 samples (client-local)[32m [repeated 252x across cluster][0m
[36m(ClientAppActor pid=1144534)[0m    Validation: 12 samples (client-local)[32m [repeated 252x across cluster][0m
[36m(ClientAppActor pid=1144534)[0m    Test:       50737 samples (global, shared)[32m [repeated 252x across cluster][0m

🎯 Multi-Threshold Aggregation:
   ═══════════════════════════════════════════════
   Evaluated 10 thresholds:
     • Thr=0.30: Recall=0.945, Spec=0.187, F1=0.271
     • Thr=0.35: Recall=0.914, Spec=0.274, F1=0.286
     • Thr=0.40: Recall=0.873, Spec=0.358, F1=0.299
   ...

   BEST Threshold: 0.50
     • Recall:      0.786
     • Specificity: 0.510
     • F1-Score:    0.326
     • Score:       0.623
   ═══════════════════════════════════════════════

⚠️  No rounds meet spec≥0.7, using recall filter only
 7 Pareto-optimal rounds (not dominated in recall & spec)

🎯 SELECTED ROUND 28:
   Recall:     0.786
   Specificity: 0.510
   F1-Score:    0.326
   Stability:   1.000
   Alerts/1000: 531.4
   Composite:   0.632


✅ Round 28 is NEW BEST - Saving checkpoint...
   💾 Checkpoint saved: result/splits_iid_scaling/splits_iid_2048_clients.json/multi_thr/model_round_28.pt
⚠️  No rounds meet spec≥0.7, using recall filter only
 7 Pareto-optimal rounds (not dominated in recall & spec)

🎯 SELECTED ROUND 28:
   Recall:     0.786
   Specificity: 0.510
   F1-Score:    0.326
   Stability:   1.000
   Alerts/1000: 531.4
   Composite:   0.632

   💾 Best model saved: result/splits_iid_scaling/splits_iid_2048_clients.json/multi_thr/model_round_28.pt
   📊 Metrics saved: result/splits_iid_scaling/splits_iid_2048_clients.json/multi_thr/run_1.json
[36m(ClientAppActor pid=1144533)[0m [Client 56] Data split:[32m [repeated 237x across cluster][0m
[36m(ClientAppActor pid=1144533)[0m    Train:      87 samples (client-local)[32m [repeated 237x across cluster][0m
[36m(ClientAppActor pid=1144533)[0m    Validation: 12 samples (client-local)[32m [repeated 237x across cluster][0m
[36m(ClientAppActor pid=1144533)[0m    Test:       50737 samples (global, shared)[32m [repeated 237x across cluster][0m
[36m(ClientAppActor pid=1144545)[0m [Client 447] Data split:[32m [repeated 251x across cluster][0m
[36m(ClientAppActor pid=1144545)[0m    Train:      87 samples (client-local)[32m [repeated 251x across cluster][0m
[36m(ClientAppActor pid=1144545)[0m    Validation: 12 samples (client-local)[32m [repeated 251x across cluster][0m
[36m(ClientAppActor pid=1144545)[0m    Test:       50737 samples (global, shared)[32m [repeated 251x across cluster][0m
[36m(ClientAppActor pid=1144537)[0m [Client 516] Data split:[32m [repeated 254x across cluster][0m
[36m(ClientAppActor pid=1144537)[0m    Train:      87 samples (client-local)[32m [repeated 254x across cluster][0m
[36m(ClientAppActor pid=1144537)[0m    Validation: 12 samples (client-local)[32m [repeated 254x across cluster][0m
[36m(ClientAppActor pid=1144537)[0m    Test:       50737 samples (global, shared)[32m [repeated 254x across cluster][0m
[36m(ClientAppActor pid=1144537)[0m [Client 1043] Data split:[32m [repeated 259x across cluster][0m
[36m(ClientAppActor pid=1144537)[0m    Train:      87 samples (client-local)[32m [repeated 259x across cluster][0m
[36m(ClientAppActor pid=1144537)[0m    Validation: 12 samples (client-local)[32m [repeated 259x across cluster][0m
[36m(ClientAppActor pid=1144537)[0m    Test:       50737 samples (global, shared)[32m [repeated 259x across cluster][0m
[36m(ClientAppActor pid=1144541)[0m [Client 376] Data split:[32m [repeated 254x across cluster][0m
[36m(ClientAppActor pid=1144541)[0m    Train:      87 samples (client-local)[32m [repeated 254x across cluster][0m
[36m(ClientAppActor pid=1144541)[0m    Validation: 12 samples (client-local)[32m [repeated 254x across cluster][0m
[36m(ClientAppActor pid=1144541)[0m    Test:       50737 samples (global, shared)[32m [repeated 254x across cluster][0m
[36m(ClientAppActor pid=1144537)[0m [Client 1662] Data split:[32m [repeated 267x across cluster][0m
[36m(ClientAppActor pid=1144537)[0m    Train:      86 samples (client-local)[32m [repeated 267x across cluster][0m
[36m(ClientAppActor pid=1144537)[0m    Validation: 12 samples (client-local)[32m [repeated 267x across cluster][0m
[36m(ClientAppActor pid=1144537)[0m    Test:       50737 samples (global, shared)[32m [repeated 267x across cluster][0m
[36m(ClientAppActor pid=1144547)[0m [Client 242] Data split:[32m [repeated 259x across cluster][0m
[36m(ClientAppActor pid=1144547)[0m    Train:      87 samples (client-local)[32m [repeated 259x across cluster][0m
[36m(ClientAppActor pid=1144547)[0m    Validation: 12 samples (client-local)[32m [repeated 259x across cluster][0m
[36m(ClientAppActor pid=1144547)[0m    Test:       50737 samples (global, shared)[32m [repeated 259x across cluster][0m
[36m(ClientAppActor pid=1144534)[0m [Client 575] Data split:[32m [repeated 183x across cluster][0m
[36m(ClientAppActor pid=1144534)[0m    Train:      87 samples (client-local)[32m [repeated 183x across cluster][0m
[36m(ClientAppActor pid=1144534)[0m    Validation: 12 samples (client-local)[32m [repeated 183x across cluster][0m
[36m(ClientAppActor pid=1144534)[0m    Test:       50737 samples (global, shared)[32m [repeated 183x across cluster][0m
[36m(ClientAppActor pid=1144538)[0m [Client 380] Data split:[32m [repeated 263x across cluster][0m
[36m(ClientAppActor pid=1144538)[0m    Train:      87 samples (client-local)[32m [repeated 263x across cluster][0m
[36m(ClientAppActor pid=1144538)[0m    Validation: 12 samples (client-local)[32m [repeated 263x across cluster][0m
[36m(ClientAppActor pid=1144538)[0m    Test:       50737 samples (global, shared)[32m [repeated 263x across cluster][0m
[36m(ClientAppActor pid=1144531)[0m [Client 507] Data split:[32m [repeated 254x across cluster][0m
[36m(ClientAppActor pid=1144531)[0m    Train:      87 samples (client-local)[32m [repeated 254x across cluster][0m
[36m(ClientAppActor pid=1144531)[0m    Validation: 12 samples (client-local)[32m [repeated 254x across cluster][0m
[36m(ClientAppActor pid=1144531)[0m    Test:       50737 samples (global, shared)[32m [repeated 254x across cluster][0m
[36m(ClientAppActor pid=1144537)[0m [Client 1735] Data split:[32m [repeated 266x across cluster][0m
[36m(ClientAppActor pid=1144537)[0m    Train:      86 samples (client-local)[32m [repeated 266x across cluster][0m
[36m(ClientAppActor pid=1144537)[0m    Validation: 12 samples (client-local)[32m [repeated 266x across cluster][0m
[36m(ClientAppActor pid=1144537)[0m    Test:       50737 samples (global, shared)[32m [repeated 266x across cluster][0m
[36m(ClientAppActor pid=1144538)[0m [Client 1000] Data split:[32m [repeated 259x across cluster][0m
[36m(ClientAppActor pid=1144538)[0m    Train:      87 samples (client-local)[32m [repeated 259x across cluster][0m
[36m(ClientAppActor pid=1144538)[0m    Validation: 12 samples (client-local)[32m [repeated 259x across cluster][0m
[36m(ClientAppActor pid=1144538)[0m    Test:       50737 samples (global, shared)[32m [repeated 259x across cluster][0m[36m(ClientAppActor pid=1144569)[0m /home/bax9142/federated-edge-learning/.venv/lib64/python3.13/site-packages/sklearn/metrics/_ranking.py:424: UndefinedMetricWarning: Only one class is present in y_true. ROC AUC score is not defined in that case.[32m [repeated 37x across cluster][0m
[36m(ClientAppActor pid=1144569)[0m   warnings.warn([32m [repeated 37x across cluster][0m
[36m(ClientAppActor pid=1144585)[0m /home/bax9142/federated-edge-learning/.venv/lib64/python3.13/site-packages/sklearn/metrics/_ranking.py:424: UndefinedMetricWarning: Only one class is present in y_true. ROC AUC score is not defined in that case.[32m [repeated 40x across cluster][0m
[36m(ClientAppActor pid=1144585)[0m   warnings.warn([32m [repeated 40x across cluster][0m
[36m(ClientAppActor pid=1144587)[0m /home/bax9142/federated-edge-learning/.venv/lib64/python3.13/site-packages/sklearn/metrics/_ranking.py:424: UndefinedMetricWarning: Only one class is present in y_true. ROC AUC score is not defined in that case.[32m [repeated 41x across cluster][0m
[36m(ClientAppActor pid=1144587)[0m   warnings.warn([32m [repeated 41x across cluster][0m
[92mINFO [0m:      aggregate_evaluate: received 2048 results and 0 failures
[92mINFO [0m:      
[92mINFO [0m:      [ROUND 30]
[92mINFO [0m:      configure_fit: strategy sampled 1638 clients (out of 2048)
[92mINFO [0m:      aggregate_fit: received 1638 results and 0 failures
[92mINFO [0m:      configure_evaluate: strategy sampled 2048 clients (out of 2048)
[36m(ClientAppActor pid=1144586)[0m /home/bax9142/federated-edge-learning/.venv/lib64/python3.13/site-packages/sklearn/metrics/_ranking.py:424: UndefinedMetricWarning: Only one class is present in y_true. ROC AUC score is not defined in that case.[32m [repeated 36x across cluster][0m
[36m(ClientAppActor pid=1144586)[0m   warnings.warn([32m [repeated 36x across cluster][0m
[36m(ClientAppActor pid=1144546)[0m /home/bax9142/federated-edge-learning/.venv/lib64/python3.13/site-packages/sklearn/metrics/_ranking.py:424: UndefinedMetricWarning: Only one class is present in y_true. ROC AUC score is not defined in that case.[32m [repeated 53x across cluster][0m
[36m(ClientAppActor pid=1144546)[0m   warnings.warn([32m [repeated 53x across cluster][0m
[36m(ClientAppActor pid=1144550)[0m /home/bax9142/federated-edge-learning/.venv/lib64/python3.13/site-packages/sklearn/metrics/_ranking.py:424: UndefinedMetricWarning: Only one class is present in y_true. ROC AUC score is not defined in that case.[32m [repeated 37x across cluster][0m
[36m(ClientAppActor pid=1144550)[0m   warnings.warn([32m [repeated 37x across cluster][0m
[36m(ClientAppActor pid=1144544)[0m /home/bax9142/federated-edge-learning/.venv/lib64/python3.13/site-packages/sklearn/metrics/_ranking.py:424: UndefinedMetricWarning: Only one class is present in y_true. ROC AUC score is not defined in that case.[32m [repeated 40x across cluster][0m
[36m(ClientAppActor pid=1144544)[0m   warnings.warn([32m [repeated 40x across cluster][0m
[36m(ClientAppActor pid=1144539)[0m /home/bax9142/federated-edge-learning/.venv/lib64/python3.13/site-packages/sklearn/metrics/_ranking.py:424: UndefinedMetricWarning: Only one class is present in y_true. ROC AUC score is not defined in that case.[32m [repeated 37x across cluster][0m
[36m(ClientAppActor pid=1144539)[0m   warnings.warn([32m [repeated 37x across cluster][0m

[36m(ClientAppActor pid=1144537)[0m [Client 640] Data split:[32m [repeated 257x across cluster][0m
[36m(ClientAppActor pid=1144537)[0m    Train:      87 samples (client-local)[32m [repeated 257x across cluster][0m
[36m(ClientAppActor pid=1144537)[0m    Validation: 12 samples (client-local)[32m [repeated 257x across cluster][0m
[36m(ClientAppActor pid=1144537)[0m    Test:       50737 samples (global, shared)[32m [repeated 257x across cluster][0m
[36m(ClientAppActor pid=1144541)[0m [Client 354] Data split:[32m [repeated 253x across cluster][0m
[36m(ClientAppActor pid=1144541)[0m    Train:      87 samples (client-local)[32m [repeated 253x across cluster][0m
[36m(ClientAppActor pid=1144541)[0m    Validation: 12 samples (client-local)[32m [repeated 253x across cluster][0m
[36m(ClientAppActor pid=1144541)[0m    Test:       50737 samples (global, shared)[32m [repeated 253x across cluster][0m
[36m(ClientAppActor pid=1144537)[0m [Client 15] Data split:[32m [repeated 265x across cluster][0m
[36m(ClientAppActor pid=1144537)[0m    Train:      87 samples (client-local)[32m [repeated 265x across cluster][0m
[36m(ClientAppActor pid=1144537)[0m    Validation: 12 samples (client-local)[32m [repeated 265x across cluster][0m
[36m(ClientAppActor pid=1144537)[0m    Test:       50737 samples (global, shared)[32m [repeated 265x across cluster][0m

🎯 Multi-Threshold Aggregation:
   ═══════════════════════════════════════════════
   Evaluated 10 thresholds:
     • Thr=0.30: Recall=0.945, Spec=0.193, F1=0.273
     • Thr=0.35: Recall=0.915, Spec=0.281, F1=0.288
     • Thr=0.40: Recall=0.873, Spec=0.366, F1=0.301
   ...

   BEST Threshold: 0.50
     • Recall:      0.787
     • Specificity: 0.515
     • F1-Score:    0.329
     • Score:       0.626
   ═══════════════════════════════════════════════

⚠️  No rounds meet spec≥0.7, using recall filter only
 7 Pareto-optimal rounds (not dominated in recall & spec)

🎯 SELECTED ROUND 29:
   Recall:     0.787
   Specificity: 0.515
   F1-Score:    0.329
   Stability:   1.000
   Alerts/1000: 527.4
   Composite:   0.635


✅ Round 29 is NEW BEST - Saving checkpoint...
   💾 Checkpoint saved: result/splits_iid_scaling/splits_iid_2048_clients.json/multi_thr/model_round_29.pt
⚠️  No rounds meet spec≥0.7, using recall filter only
 7 Pareto-optimal rounds (not dominated in recall & spec)

🎯 SELECTED ROUND 29:
   Recall:     0.787
   Specificity: 0.515
   F1-Score:    0.329
   Stability:   1.000
   Alerts/1000: 527.4
   Composite:   0.635

   💾 Best model saved: result/splits_iid_scaling/splits_iid_2048_clients.json/multi_thr/model_round_29.pt
   📊 Metrics saved: result/splits_iid_scaling/splits_iid_2048_clients.json/multi_thr/run_1.json
[36m(ClientAppActor pid=1144536)[0m [Client 61] Data split:[32m [repeated 236x across cluster][0m
[36m(ClientAppActor pid=1144536)[0m    Train:      87 samples (client-local)[32m [repeated 236x across cluster][0m
[36m(ClientAppActor pid=1144536)[0m    Validation: 12 samples (client-local)[32m [repeated 236x across cluster][0m
[36m(ClientAppActor pid=1144536)[0m    Test:       50737 samples (global, shared)[32m [repeated 236x across cluster][0m
[36m(ClientAppActor pid=1144537)[0m [Client 1739] Data split:[32m [repeated 243x across cluster][0m
[36m(ClientAppActor pid=1144537)[0m    Train:      86 samples (client-local)[32m [repeated 243x across cluster][0m
[36m(ClientAppActor pid=1144537)[0m    Validation: 12 samples (client-local)[32m [repeated 243x across cluster][0m
[36m(ClientAppActor pid=1144537)[0m    Test:       50737 samples (global, shared)[32m [repeated 243x across cluster][0m
[36m(ClientAppActor pid=1144538)[0m [Client 161] Data split:[32m [repeated 264x across cluster][0m
[36m(ClientAppActor pid=1144538)[0m    Train:      87 samples (client-local)[32m [repeated 264x across cluster][0m
[36m(ClientAppActor pid=1144538)[0m    Validation: 12 samples (client-local)[32m [repeated 264x across cluster][0m
[36m(ClientAppActor pid=1144538)[0m    Test:       50737 samples (global, shared)[32m [repeated 264x across cluster][0m
[36m(ClientAppActor pid=1144548)[0m [Client 1940] Data split:[32m [repeated 255x across cluster][0m
[36m(ClientAppActor pid=1144548)[0m    Train:      86 samples (client-local)[32m [repeated 255x across cluster][0m
[36m(ClientAppActor pid=1144548)[0m    Validation: 12 samples (client-local)[32m [repeated 255x across cluster][0m
[36m(ClientAppActor pid=1144548)[0m    Test:       50737 samples (global, shared)[32m [repeated 255x across cluster][0m
[36m(ClientAppActor pid=1144536)[0m [Client 1885] Data split:[32m [repeated 254x across cluster][0m
[36m(ClientAppActor pid=1144536)[0m    Train:      86 samples (client-local)[32m [repeated 254x across cluster][0m
[36m(ClientAppActor pid=1144536)[0m    Validation: 12 samples (client-local)[32m [repeated 254x across cluster][0m
[36m(ClientAppActor pid=1144536)[0m    Test:       50737 samples (global, shared)[32m [repeated 254x across cluster][0m
[36m(ClientAppActor pid=1144569)[0m [Client 1122] Data split:[32m [repeated 249x across cluster][0m
[36m(ClientAppActor pid=1144569)[0m    Train:      87 samples (client-local)[32m [repeated 249x across cluster][0m
[36m(ClientAppActor pid=1144569)[0m    Validation: 12 samples (client-local)[32m [repeated 249x across cluster][0m
[36m(ClientAppActor pid=1144569)[0m    Test:       50737 samples (global, shared)[32m [repeated 249x across cluster][0m
[36m(ClientAppActor pid=1144556)[0m [Client 41] Data split:[32m [repeated 230x across cluster][0m
[36m(ClientAppActor pid=1144556)[0m    Train:      87 samples (client-local)[32m [repeated 230x across cluster][0m
[36m(ClientAppActor pid=1144556)[0m    Validation: 12 samples (client-local)[32m [repeated 230x across cluster][0m
[36m(ClientAppActor pid=1144556)[0m    Test:       50737 samples (global, shared)[32m [repeated 230x across cluster][0m
[36m(ClientAppActor pid=1144546)[0m [Client 1414] Data split:[32m [repeated 237x across cluster][0m
[36m(ClientAppActor pid=1144546)[0m    Train:      87 samples (client-local)[32m [repeated 237x across cluster][0m
[36m(ClientAppActor pid=1144546)[0m    Validation: 12 samples (client-local)[32m [repeated 237x across cluster][0m
[36m(ClientAppActor pid=1144546)[0m    Test:       50737 samples (global, shared)[32m [repeated 237x across cluster][0m
[36m(ClientAppActor pid=1144536)[0m [Client 215] Data split:[32m [repeated 266x across cluster][0m
[36m(ClientAppActor pid=1144536)[0m    Train:      87 samples (client-local)[32m [repeated 266x across cluster][0m
[36m(ClientAppActor pid=1144536)[0m    Validation: 12 samples (client-local)[32m [repeated 266x across cluster][0m
[36m(ClientAppActor pid=1144536)[0m    Test:       50737 samples (global, shared)[32m [repeated 266x across cluster][0m
[36m(ClientAppActor pid=1144537)[0m [Client 694] Data split:[32m [repeated 258x across cluster][0m
[36m(ClientAppActor pid=1144537)[0m    Train:      87 samples (client-local)[32m [repeated 258x across cluster][0m
[36m(ClientAppActor pid=1144537)[0m    Validation: 12 samples (client-local)[32m [repeated 258x across cluster][0m
[36m(ClientAppActor pid=1144537)[0m    Test:       50737 samples (global, shared)[32m [repeated 258x across cluster][0m
[36m(ClientAppActor pid=1144539)[0m [Client 1671] Data split:[32m [repeated 257x across cluster][0m
[36m(ClientAppActor pid=1144539)[0m    Train:      86 samples (client-local)[32m [repeated 257x across cluster][0m
[36m(ClientAppActor pid=1144539)[0m    Validation: 12 samples (client-local)[32m [repeated 257x across cluster][0m
[36m(ClientAppActor pid=1144539)[0m    Test:       50737 samples (global, shared)[32m [repeated 257x across cluster][0m
[36m(ClientAppActor pid=1144537)[0m [Client 486] Data split:[32m [repeated 271x across cluster][0m[36m(ClientAppActor pid=1144537)[0m /home/bax9142/federated-edge-learning/.venv/lib64/python3.13/site-packages/sklearn/metrics/_ranking.py:424: UndefinedMetricWarning: Only one class is present in y_true. ROC AUC score is not defined in that case.[32m [repeated 46x across cluster][0m
[36m(ClientAppActor pid=1144537)[0m   warnings.warn([32m [repeated 46x across cluster][0m
[36m(ClientAppActor pid=1144569)[0m /home/bax9142/federated-edge-learning/.venv/lib64/python3.13/site-packages/sklearn/metrics/_ranking.py:424: UndefinedMetricWarning: Only one class is present in y_true. ROC AUC score is not defined in that case.[32m [repeated 35x across cluster][0m
[36m(ClientAppActor pid=1144569)[0m   warnings.warn([32m [repeated 35x across cluster][0m
[36m(ClientAppActor pid=1144569)[0m /home/bax9142/federated-edge-learning/.venv/lib64/python3.13/site-packages/sklearn/metrics/_ranking.py:424: UndefinedMetricWarning: Only one class is present in y_true. ROC AUC score is not defined in that case.[32m [repeated 32x across cluster][0m
[36m(ClientAppActor pid=1144569)[0m   warnings.warn([32m [repeated 32x across cluster][0m
[92mINFO [0m:      aggregate_evaluate: received 2048 results and 0 failures
[92mINFO [0m:      
[92mINFO [0m:      [ROUND 31]
[92mINFO [0m:      configure_fit: strategy sampled 1638 clients (out of 2048)
[92mINFO [0m:      aggregate_fit: received 1638 results and 0 failures
[92mINFO [0m:      configure_evaluate: strategy sampled 2048 clients (out of 2048)
[36m(ClientAppActor pid=1144543)[0m /home/bax9142/federated-edge-learning/.venv/lib64/python3.13/site-packages/sklearn/metrics/_ranking.py:424: UndefinedMetricWarning: Only one class is present in y_true. ROC AUC score is not defined in that case.[32m [repeated 42x across cluster][0m
[36m(ClientAppActor pid=1144543)[0m   warnings.warn([32m [repeated 42x across cluster][0m
[36m(ClientAppActor pid=1144536)[0m /home/bax9142/federated-edge-learning/.venv/lib64/python3.13/site-packages/sklearn/metrics/_ranking.py:424: UndefinedMetricWarning: Only one class is present in y_true. ROC AUC score is not defined in that case.[32m [repeated 38x across cluster][0m
[36m(ClientAppActor pid=1144536)[0m   warnings.warn([32m [repeated 38x across cluster][0m
[36m(ClientAppActor pid=1144556)[0m /home/bax9142/federated-edge-learning/.venv/lib64/python3.13/site-packages/sklearn/metrics/_ranking.py:424: UndefinedMetricWarning: Only one class is present in y_true. ROC AUC score is not defined in that case.[32m [repeated 46x across cluster][0m
[36m(ClientAppActor pid=1144556)[0m   warnings.warn([32m [repeated 46x across cluster][0m
[36m(ClientAppActor pid=1144541)[0m /home/bax9142/federated-edge-learning/.venv/lib64/python3.13/site-packages/sklearn/metrics/_ranking.py:424: UndefinedMetricWarning: Only one class is present in y_true. ROC AUC score is not defined in that case.[32m [repeated 41x across cluster][0m
[36m(ClientAppActor pid=1144541)[0m   warnings.warn([32m [repeated 41x across cluster][0m
[36m(ClientAppActor pid=1144552)[0m /home/bax9142/federated-edge-learning/.venv/lib64/python3.13/site-packages/sklearn/metrics/_ranking.py:424: UndefinedMetricWarning: Only one class is present in y_true. ROC AUC score is not defined in that case.[32m [repeated 46x across cluster][0m
[36m(ClientAppActor pid=1144552)[0m   warnings.warn([32m [repeated 46x across cluster][0m

[36m(ClientAppActor pid=1144537)[0m    Train:      87 samples (client-local)[32m [repeated 271x across cluster][0m
[36m(ClientAppActor pid=1144537)[0m    Validation: 12 samples (client-local)[32m [repeated 271x across cluster][0m
[36m(ClientAppActor pid=1144537)[0m    Test:       50737 samples (global, shared)[32m [repeated 271x across cluster][0m
[36m(ClientAppActor pid=1144542)[0m [Client 13] Data split:[32m [repeated 259x across cluster][0m
[36m(ClientAppActor pid=1144542)[0m    Train:      87 samples (client-local)[32m [repeated 259x across cluster][0m
[36m(ClientAppActor pid=1144542)[0m    Validation: 12 samples (client-local)[32m [repeated 259x across cluster][0m
[36m(ClientAppActor pid=1144542)[0m    Test:       50737 samples (global, shared)[32m [repeated 259x across cluster][0m
[36m(ClientAppActor pid=1144534)[0m [Client 629] Data split:[32m [repeated 260x across cluster][0m
[36m(ClientAppActor pid=1144534)[0m    Train:      87 samples (client-local)[32m [repeated 260x across cluster][0m
[36m(ClientAppActor pid=1144534)[0m    Validation: 12 samples (client-local)[32m [repeated 260x across cluster][0m
[36m(ClientAppActor pid=1144534)[0m    Test:       50737 samples (global, shared)[32m [repeated 260x across cluster][0m

🎯 Multi-Threshold Aggregation:
   ═══════════════════════════════════════════════
   Evaluated 10 thresholds:
     • Thr=0.30: Recall=0.945, Spec=0.200, F1=0.275
     • Thr=0.35: Recall=0.914, Spec=0.289, F1=0.290
     • Thr=0.40: Recall=0.873, Spec=0.372, F1=0.304
   ...

   BEST Threshold: 0.50
     • Recall:      0.787
     • Specificity: 0.520
     • F1-Score:    0.331
     • Score:       0.628
   ═══════════════════════════════════════════════

⚠️  No rounds meet spec≥0.7, using recall filter only
 7 Pareto-optimal rounds (not dominated in recall & spec)

🎯 SELECTED ROUND 30:
   Recall:     0.787
   Specificity: 0.520
   F1-Score:    0.331
   Stability:   1.000
   Alerts/1000: 523.0
   Composite:   0.637


✅ Round 30 is NEW BEST - Saving checkpoint...
   💾 Checkpoint saved: result/splits_iid_scaling/splits_iid_2048_clients.json/multi_thr/model_round_30.pt
⚠️  No rounds meet spec≥0.7, using recall filter only
 7 Pareto-optimal rounds (not dominated in recall & spec)

🎯 SELECTED ROUND 30:
   Recall:     0.787
   Specificity: 0.520
   F1-Score:    0.331
   Stability:   1.000
   Alerts/1000: 523.0
   Composite:   0.637

   💾 Best model saved: result/splits_iid_scaling/splits_iid_2048_clients.json/multi_thr/model_round_30.pt
   📊 Metrics saved: result/splits_iid_scaling/splits_iid_2048_clients.json/multi_thr/run_1.json
[36m(ClientAppActor pid=1144543)[0m [Client 57] Data split:[32m [repeated 240x across cluster][0m
[36m(ClientAppActor pid=1144543)[0m    Train:      87 samples (client-local)[32m [repeated 240x across cluster][0m
[36m(ClientAppActor pid=1144543)[0m    Validation: 12 samples (client-local)[32m [repeated 240x across cluster][0m
[36m(ClientAppActor pid=1144543)[0m    Test:       50737 samples (global, shared)[32m [repeated 240x across cluster][0m
[36m(ClientAppActor pid=1144539)[0m [Client 1877] Data split:[32m [repeated 251x across cluster][0m
[36m(ClientAppActor pid=1144539)[0m    Train:      86 samples (client-local)[32m [repeated 251x across cluster][0m
[36m(ClientAppActor pid=1144539)[0m    Validation: 12 samples (client-local)[32m [repeated 251x across cluster][0m
[36m(ClientAppActor pid=1144539)[0m    Test:       50737 samples (global, shared)[32m [repeated 251x across cluster][0m
[36m(ClientAppActor pid=1144540)[0m [Client 328] Data split:[32m [repeated 253x across cluster][0m
[36m(ClientAppActor pid=1144540)[0m    Train:      87 samples (client-local)[32m [repeated 253x across cluster][0m
[36m(ClientAppActor pid=1144540)[0m    Validation: 12 samples (client-local)[32m [repeated 253x across cluster][0m
[36m(ClientAppActor pid=1144540)[0m    Test:       50737 samples (global, shared)[32m [repeated 253x across cluster][0m
[36m(ClientAppActor pid=1144533)[0m [Client 126] Data split:[32m [repeated 250x across cluster][0m
[36m(ClientAppActor pid=1144533)[0m    Train:      87 samples (client-local)[32m [repeated 250x across cluster][0m
[36m(ClientAppActor pid=1144533)[0m    Validation: 12 samples (client-local)[32m [repeated 250x across cluster][0m
[36m(ClientAppActor pid=1144533)[0m    Test:       50737 samples (global, shared)[32m [repeated 250x across cluster][0m
[36m(ClientAppActor pid=1144547)[0m [Client 1165] Data split:[32m [repeated 257x across cluster][0m
[36m(ClientAppActor pid=1144547)[0m    Train:      87 samples (client-local)[32m [repeated 257x across cluster][0m
[36m(ClientAppActor pid=1144547)[0m    Validation: 12 samples (client-local)[32m [repeated 257x across cluster][0m
[36m(ClientAppActor pid=1144547)[0m    Test:       50737 samples (global, shared)[32m [repeated 257x across cluster][0m
[36m(ClientAppActor pid=1144539)[0m [Client 810] Data split:[32m [repeated 255x across cluster][0m
[36m(ClientAppActor pid=1144539)[0m    Train:      87 samples (client-local)[32m [repeated 255x across cluster][0m
[36m(ClientAppActor pid=1144539)[0m    Validation: 12 samples (client-local)[32m [repeated 255x across cluster][0m
[36m(ClientAppActor pid=1144539)[0m    Test:       50737 samples (global, shared)[32m [repeated 255x across cluster][0m
[36m(ClientAppActor pid=1144539)[0m [Client 1821] Data split:[32m [repeated 259x across cluster][0m
[36m(ClientAppActor pid=1144539)[0m    Train:      86 samples (client-local)[32m [repeated 259x across cluster][0m
[36m(ClientAppActor pid=1144539)[0m    Validation: 12 samples (client-local)[32m [repeated 259x across cluster][0m
[36m(ClientAppActor pid=1144539)[0m    Test:       50737 samples (global, shared)[32m [repeated 259x across cluster][0m
[36m(ClientAppActor pid=1144586)[0m [Client 1640] Data split:[32m [repeated 199x across cluster][0m
[36m(ClientAppActor pid=1144586)[0m    Train:      86 samples (client-local)[32m [repeated 199x across cluster][0m
[36m(ClientAppActor pid=1144586)[0m    Validation: 12 samples (client-local)[32m [repeated 199x across cluster][0m
[36m(ClientAppActor pid=1144586)[0m    Test:       50737 samples (global, shared)[32m [repeated 199x across cluster][0m
[36m(ClientAppActor pid=1144531)[0m [Client 327] Data split:[32m [repeated 250x across cluster][0m
[36m(ClientAppActor pid=1144531)[0m    Train:      87 samples (client-local)[32m [repeated 250x across cluster][0m
[36m(ClientAppActor pid=1144531)[0m    Validation: 12 samples (client-local)[32m [repeated 250x across cluster][0m
[36m(ClientAppActor pid=1144531)[0m    Test:       50737 samples (global, shared)[32m [repeated 250x across cluster][0m
[36m(ClientAppActor pid=1144536)[0m [Client 16] Data split:[32m [repeated 257x across cluster][0m
[36m(ClientAppActor pid=1144536)[0m    Train:      87 samples (client-local)[32m [repeated 257x across cluster][0m
[36m(ClientAppActor pid=1144536)[0m    Validation: 12 samples (client-local)[32m [repeated 257x across cluster][0m
[36m(ClientAppActor pid=1144536)[0m    Test:       50737 samples (global, shared)[32m [repeated 257x across cluster][0m
[36m(ClientAppActor pid=1144550)[0m [Client 1465] Data split:[32m [repeated 255x across cluster][0m
[36m(ClientAppActor pid=1144550)[0m    Train:      86 samples (client-local)[32m [repeated 255x across cluster][0m
[36m(ClientAppActor pid=1144550)[0m    Validation: 12 samples (client-local)[32m [repeated 255x across cluster][0m
[36m(ClientAppActor pid=1144550)[0m    Test:       50737 samples (global, shared)[32m [repeated 255x across cluster][0m
[36m(ClientAppActor pid=1144537)[0m [Client 1826] Data split:[32m [repeated 255x across cluster][0m
[36m(ClientAppActor pid=1144537)[0m    Train:      86 samples (client-local)[32m [repeated 255x across cluster][0m[36m(ClientAppActor pid=1144550)[0m /home/bax9142/federated-edge-learning/.venv/lib64/python3.13/site-packages/sklearn/metrics/_ranking.py:424: UndefinedMetricWarning: Only one class is present in y_true. ROC AUC score is not defined in that case.[32m [repeated 44x across cluster][0m
[36m(ClientAppActor pid=1144550)[0m   warnings.warn([32m [repeated 44x across cluster][0m
[36m(ClientAppActor pid=1144547)[0m /home/bax9142/federated-edge-learning/.venv/lib64/python3.13/site-packages/sklearn/metrics/_ranking.py:424: UndefinedMetricWarning: Only one class is present in y_true. ROC AUC score is not defined in that case.[32m [repeated 44x across cluster][0m
[36m(ClientAppActor pid=1144547)[0m   warnings.warn([32m [repeated 44x across cluster][0m
[36m(ClientAppActor pid=1144586)[0m /home/bax9142/federated-edge-learning/.venv/lib64/python3.13/site-packages/sklearn/metrics/_ranking.py:424: UndefinedMetricWarning: Only one class is present in y_true. ROC AUC score is not defined in that case.[32m [repeated 46x across cluster][0m
[36m(ClientAppActor pid=1144586)[0m   warnings.warn([32m [repeated 46x across cluster][0m
[92mINFO [0m:      aggregate_evaluate: received 2048 results and 0 failures
[92mINFO [0m:      
[92mINFO [0m:      [ROUND 32]
[92mINFO [0m:      configure_fit: strategy sampled 1638 clients (out of 2048)
[92mINFO [0m:      aggregate_fit: received 1638 results and 0 failures
[92mINFO [0m:      configure_evaluate: strategy sampled 2048 clients (out of 2048)
[36m(ClientAppActor pid=1144552)[0m /home/bax9142/federated-edge-learning/.venv/lib64/python3.13/site-packages/sklearn/metrics/_ranking.py:424: UndefinedMetricWarning: Only one class is present in y_true. ROC AUC score is not defined in that case.[32m [repeated 17x across cluster][0m
[36m(ClientAppActor pid=1144552)[0m   warnings.warn([32m [repeated 17x across cluster][0m
[36m(ClientAppActor pid=1144569)[0m /home/bax9142/federated-edge-learning/.venv/lib64/python3.13/site-packages/sklearn/metrics/_ranking.py:424: UndefinedMetricWarning: Only one class is present in y_true. ROC AUC score is not defined in that case.[32m [repeated 46x across cluster][0m
[36m(ClientAppActor pid=1144569)[0m   warnings.warn([32m [repeated 46x across cluster][0m
[36m(ClientAppActor pid=1144534)[0m /home/bax9142/federated-edge-learning/.venv/lib64/python3.13/site-packages/sklearn/metrics/_ranking.py:424: UndefinedMetricWarning: Only one class is present in y_true. ROC AUC score is not defined in that case.[32m [repeated 45x across cluster][0m
[36m(ClientAppActor pid=1144534)[0m   warnings.warn([32m [repeated 45x across cluster][0m
[36m(ClientAppActor pid=1144554)[0m /home/bax9142/federated-edge-learning/.venv/lib64/python3.13/site-packages/sklearn/metrics/_ranking.py:424: UndefinedMetricWarning: Only one class is present in y_true. ROC AUC score is not defined in that case.[32m [repeated 42x across cluster][0m
[36m(ClientAppActor pid=1144554)[0m   warnings.warn([32m [repeated 42x across cluster][0m

[36m(ClientAppActor pid=1144537)[0m    Validation: 12 samples (client-local)[32m [repeated 255x across cluster][0m
[36m(ClientAppActor pid=1144537)[0m    Test:       50737 samples (global, shared)[32m [repeated 255x across cluster][0m
[36m(ClientAppActor pid=1144547)[0m [Client 1901] Data split:[32m [repeated 265x across cluster][0m
[36m(ClientAppActor pid=1144547)[0m    Train:      86 samples (client-local)[32m [repeated 265x across cluster][0m
[36m(ClientAppActor pid=1144547)[0m    Validation: 12 samples (client-local)[32m [repeated 265x across cluster][0m
[36m(ClientAppActor pid=1144547)[0m    Test:       50737 samples (global, shared)[32m [repeated 265x across cluster][0m
[36m(ClientAppActor pid=1144531)[0m [Client 7] Data split:[32m [repeated 257x across cluster][0m
[36m(ClientAppActor pid=1144531)[0m    Train:      87 samples (client-local)[32m [repeated 257x across cluster][0m
[36m(ClientAppActor pid=1144531)[0m    Validation: 12 samples (client-local)[32m [repeated 257x across cluster][0m
[36m(ClientAppActor pid=1144531)[0m    Test:       50737 samples (global, shared)[32m [repeated 257x across cluster][0m
[36m(ClientAppActor pid=1144533)[0m [Client 72] Data split:[32m [repeated 256x across cluster][0m
[36m(ClientAppActor pid=1144533)[0m    Train:      87 samples (client-local)[32m [repeated 256x across cluster][0m
[36m(ClientAppActor pid=1144533)[0m    Validation: 12 samples (client-local)[32m [repeated 256x across cluster][0m
[36m(ClientAppActor pid=1144533)[0m    Test:       50737 samples (global, shared)[32m [repeated 256x across cluster][0m

🎯 Multi-Threshold Aggregation:
   ═══════════════════════════════════════════════
   Evaluated 10 thresholds:
     • Thr=0.30: Recall=0.946, Spec=0.207, F1=0.277
     • Thr=0.35: Recall=0.914, Spec=0.295, F1=0.291
     • Thr=0.40: Recall=0.874, Spec=0.378, F1=0.306
   ...

   BEST Threshold: 0.50
     • Recall:      0.786
     • Specificity: 0.523
     • F1-Score:    0.332
     • Score:       0.629
   ═══════════════════════════════════════════════

⚠️  No rounds meet spec≥0.7, using recall filter only
 8 Pareto-optimal rounds (not dominated in recall & spec)

🎯 SELECTED ROUND 31:
   Recall:     0.786
   Specificity: 0.523
   F1-Score:    0.332
   Stability:   1.000
   Alerts/1000: 519.7
   Composite:   0.638


✅ Round 31 is NEW BEST - Saving checkpoint...
   💾 Checkpoint saved: result/splits_iid_scaling/splits_iid_2048_clients.json/multi_thr/model_round_31.pt
⚠️  No rounds meet spec≥0.7, using recall filter only
 8 Pareto-optimal rounds (not dominated in recall & spec)

🎯 SELECTED ROUND 31:
   Recall:     0.786
   Specificity: 0.523
   F1-Score:    0.332
   Stability:   1.000
   Alerts/1000: 519.7
   Composite:   0.638

   💾 Best model saved: result/splits_iid_scaling/splits_iid_2048_clients.json/multi_thr/model_round_31.pt
   📊 Metrics saved: result/splits_iid_scaling/splits_iid_2048_clients.json/multi_thr/run_1.json
[36m(ClientAppActor pid=1144543)[0m [Client 412] Data split:[32m [repeated 235x across cluster][0m
[36m(ClientAppActor pid=1144543)[0m    Train:      87 samples (client-local)[32m [repeated 235x across cluster][0m
[36m(ClientAppActor pid=1144543)[0m    Validation: 12 samples (client-local)[32m [repeated 235x across cluster][0m
[36m(ClientAppActor pid=1144543)[0m    Test:       50737 samples (global, shared)[32m [repeated 235x across cluster][0m
[36m(ClientAppActor pid=1144553)[0m [Client 1838] Data split:[32m [repeated 266x across cluster][0m
[36m(ClientAppActor pid=1144553)[0m    Train:      86 samples (client-local)[32m [repeated 266x across cluster][0m
[36m(ClientAppActor pid=1144553)[0m    Validation: 12 samples (client-local)[32m [repeated 266x across cluster][0m
[36m(ClientAppActor pid=1144553)[0m    Test:       50737 samples (global, shared)[32m [repeated 266x across cluster][0m
[36m(ClientAppActor pid=1144537)[0m [Client 1741] Data split:[32m [repeated 253x across cluster][0m
[36m(ClientAppActor pid=1144537)[0m    Train:      86 samples (client-local)[32m [repeated 253x across cluster][0m
[36m(ClientAppActor pid=1144537)[0m    Validation: 12 samples (client-local)[32m [repeated 253x across cluster][0m
[36m(ClientAppActor pid=1144537)[0m    Test:       50737 samples (global, shared)[32m [repeated 253x across cluster][0m
[36m(ClientAppActor pid=1144547)[0m [Client 1936] Data split:[32m [repeated 256x across cluster][0m
[36m(ClientAppActor pid=1144547)[0m    Train:      86 samples (client-local)[32m [repeated 256x across cluster][0m
[36m(ClientAppActor pid=1144547)[0m    Validation: 12 samples (client-local)[32m [repeated 256x across cluster][0m
[36m(ClientAppActor pid=1144547)[0m    Test:       50737 samples (global, shared)[32m [repeated 256x across cluster][0m
[36m(ClientAppActor pid=1144543)[0m [Client 1616] Data split:[32m [repeated 256x across cluster][0m
[36m(ClientAppActor pid=1144543)[0m    Train:      86 samples (client-local)[32m [repeated 256x across cluster][0m
[36m(ClientAppActor pid=1144543)[0m    Validation: 12 samples (client-local)[32m [repeated 256x across cluster][0m
[36m(ClientAppActor pid=1144543)[0m    Test:       50737 samples (global, shared)[32m [repeated 256x across cluster][0m
[36m(ClientAppActor pid=1144585)[0m [Client 490] Data split:[32m [repeated 254x across cluster][0m
[36m(ClientAppActor pid=1144585)[0m    Train:      87 samples (client-local)[32m [repeated 254x across cluster][0m
[36m(ClientAppActor pid=1144585)[0m    Validation: 12 samples (client-local)[32m [repeated 254x across cluster][0m
[36m(ClientAppActor pid=1144585)[0m    Test:       50737 samples (global, shared)[32m [repeated 254x across cluster][0m
[36m(ClientAppActor pid=1144538)[0m [Client 469] Data split:[32m [repeated 249x across cluster][0m
[36m(ClientAppActor pid=1144538)[0m    Train:      87 samples (client-local)[32m [repeated 249x across cluster][0m
[36m(ClientAppActor pid=1144538)[0m    Validation: 12 samples (client-local)[32m [repeated 249x across cluster][0m
[36m(ClientAppActor pid=1144538)[0m    Test:       50737 samples (global, shared)[32m [repeated 249x across cluster][0m
[36m(ClientAppActor pid=1144539)[0m [Client 705] Data split:[32m [repeated 202x across cluster][0m
[36m(ClientAppActor pid=1144539)[0m    Train:      87 samples (client-local)[32m [repeated 202x across cluster][0m
[36m(ClientAppActor pid=1144539)[0m    Validation: 12 samples (client-local)[32m [repeated 202x across cluster][0m
[36m(ClientAppActor pid=1144539)[0m    Test:       50737 samples (global, shared)[32m [repeated 202x across cluster][0m
[36m(ClientAppActor pid=1144556)[0m [Client 1925] Data split:[32m [repeated 245x across cluster][0m
[36m(ClientAppActor pid=1144556)[0m    Train:      86 samples (client-local)[32m [repeated 245x across cluster][0m
[36m(ClientAppActor pid=1144556)[0m    Validation: 12 samples (client-local)[32m [repeated 245x across cluster][0m
[36m(ClientAppActor pid=1144556)[0m    Test:       50737 samples (global, shared)[32m [repeated 245x across cluster][0m
[36m(ClientAppActor pid=1144587)[0m [Client 123] Data split:[32m [repeated 251x across cluster][0m
[36m(ClientAppActor pid=1144587)[0m    Train:      87 samples (client-local)[32m [repeated 251x across cluster][0m
[36m(ClientAppActor pid=1144587)[0m    Validation: 12 samples (client-local)[32m [repeated 251x across cluster][0m
[36m(ClientAppActor pid=1144587)[0m    Test:       50737 samples (global, shared)[32m [repeated 251x across cluster][0m
[36m(ClientAppActor pid=1144539)[0m [Client 1407] Data split:[32m [repeated 253x across cluster][0m
[36m(ClientAppActor pid=1144539)[0m    Train:      87 samples (client-local)[32m [repeated 253x across cluster][0m
[36m(ClientAppActor pid=1144539)[0m    Validation: 12 samples (client-local)[32m [repeated 253x across cluster][0m[36m(ClientAppActor pid=1144552)[0m /home/bax9142/federated-edge-learning/.venv/lib64/python3.13/site-packages/sklearn/metrics/_ranking.py:424: UndefinedMetricWarning: Only one class is present in y_true. ROC AUC score is not defined in that case.[32m [repeated 41x across cluster][0m
[36m(ClientAppActor pid=1144552)[0m   warnings.warn([32m [repeated 41x across cluster][0m
[36m(ClientAppActor pid=1144545)[0m /home/bax9142/federated-edge-learning/.venv/lib64/python3.13/site-packages/sklearn/metrics/_ranking.py:424: UndefinedMetricWarning: Only one class is present in y_true. ROC AUC score is not defined in that case.[32m [repeated 36x across cluster][0m
[36m(ClientAppActor pid=1144545)[0m   warnings.warn([32m [repeated 36x across cluster][0m
[36m(ClientAppActor pid=1144546)[0m /home/bax9142/federated-edge-learning/.venv/lib64/python3.13/site-packages/sklearn/metrics/_ranking.py:424: UndefinedMetricWarning: Only one class is present in y_true. ROC AUC score is not defined in that case.[32m [repeated 37x across cluster][0m
[36m(ClientAppActor pid=1144546)[0m   warnings.warn([32m [repeated 37x across cluster][0m
[36m(ClientAppActor pid=1144574)[0m /home/bax9142/federated-edge-learning/.venv/lib64/python3.13/site-packages/sklearn/metrics/_ranking.py:424: UndefinedMetricWarning: Only one class is present in y_true. ROC AUC score is not defined in that case.[32m [repeated 40x across cluster][0m
[36m(ClientAppActor pid=1144574)[0m   warnings.warn([32m [repeated 40x across cluster][0m
[92mINFO [0m:      aggregate_evaluate: received 2048 results and 0 failures
[92mINFO [0m:      
[92mINFO [0m:      [ROUND 33]
[92mINFO [0m:      configure_fit: strategy sampled 1638 clients (out of 2048)
[92mINFO [0m:      aggregate_fit: received 1638 results and 0 failures
[92mINFO [0m:      configure_evaluate: strategy sampled 2048 clients (out of 2048)
[36m(ClientAppActor pid=1144550)[0m /home/bax9142/federated-edge-learning/.venv/lib64/python3.13/site-packages/sklearn/metrics/_ranking.py:424: UndefinedMetricWarning: Only one class is present in y_true. ROC AUC score is not defined in that case.[32m [repeated 35x across cluster][0m
[36m(ClientAppActor pid=1144550)[0m   warnings.warn([32m [repeated 35x across cluster][0m
[36m(ClientAppActor pid=1144555)[0m /home/bax9142/federated-edge-learning/.venv/lib64/python3.13/site-packages/sklearn/metrics/_ranking.py:424: UndefinedMetricWarning: Only one class is present in y_true. ROC AUC score is not defined in that case.[32m [repeated 37x across cluster][0m
[36m(ClientAppActor pid=1144555)[0m   warnings.warn([32m [repeated 37x across cluster][0m
[36m(ClientAppActor pid=1144552)[0m /home/bax9142/federated-edge-learning/.venv/lib64/python3.13/site-packages/sklearn/metrics/_ranking.py:424: UndefinedMetricWarning: Only one class is present in y_true. ROC AUC score is not defined in that case.[32m [repeated 42x across cluster][0m
[36m(ClientAppActor pid=1144552)[0m   warnings.warn([32m [repeated 42x across cluster][0m

[36m(ClientAppActor pid=1144539)[0m    Test:       50737 samples (global, shared)[32m [repeated 253x across cluster][0m
[36m(ClientAppActor pid=1144531)[0m [Client 1492] Data split:[32m [repeated 255x across cluster][0m
[36m(ClientAppActor pid=1144531)[0m    Train:      86 samples (client-local)[32m [repeated 255x across cluster][0m
[36m(ClientAppActor pid=1144531)[0m    Validation: 12 samples (client-local)[32m [repeated 255x across cluster][0m
[36m(ClientAppActor pid=1144531)[0m    Test:       50737 samples (global, shared)[32m [repeated 255x across cluster][0m
[36m(ClientAppActor pid=1144533)[0m [Client 1332] Data split:[32m [repeated 256x across cluster][0m
[36m(ClientAppActor pid=1144533)[0m    Train:      87 samples (client-local)[32m [repeated 256x across cluster][0m
[36m(ClientAppActor pid=1144533)[0m    Validation: 12 samples (client-local)[32m [repeated 256x across cluster][0m
[36m(ClientAppActor pid=1144533)[0m    Test:       50737 samples (global, shared)[32m [repeated 256x across cluster][0m
[36m(ClientAppActor pid=1144531)[0m [Client 1327] Data split:[32m [repeated 260x across cluster][0m
[36m(ClientAppActor pid=1144531)[0m    Train:      87 samples (client-local)[32m [repeated 260x across cluster][0m
[36m(ClientAppActor pid=1144531)[0m    Validation: 12 samples (client-local)[32m [repeated 260x across cluster][0m
[36m(ClientAppActor pid=1144531)[0m    Test:       50737 samples (global, shared)[32m [repeated 260x across cluster][0m
[36m(ClientAppActor pid=1144545)[0m [Client 721] Data split:[32m [repeated 256x across cluster][0m
[36m(ClientAppActor pid=1144545)[0m    Train:      87 samples (client-local)[32m [repeated 256x across cluster][0m
[36m(ClientAppActor pid=1144545)[0m    Validation: 12 samples (client-local)[32m [repeated 256x across cluster][0m
[36m(ClientAppActor pid=1144545)[0m    Test:       50737 samples (global, shared)[32m [repeated 256x across cluster][0m

🎯 Multi-Threshold Aggregation:
   ═══════════════════════════════════════════════
   Evaluated 10 thresholds:
     • Thr=0.30: Recall=0.946, Spec=0.214, F1=0.278
     • Thr=0.35: Recall=0.914, Spec=0.301, F1=0.293
     • Thr=0.40: Recall=0.875, Spec=0.384, F1=0.308
   ...

   BEST Threshold: 0.50
     • Recall:      0.786
     • Specificity: 0.528
     • F1-Score:    0.334
     • Score:       0.631
   ═══════════════════════════════════════════════

⚠️  No rounds meet spec≥0.7, using recall filter only
 9 Pareto-optimal rounds (not dominated in recall & spec)

🎯 SELECTED ROUND 32:
   Recall:     0.786
   Specificity: 0.528
   F1-Score:    0.334
   Stability:   1.000
   Alerts/1000: 515.8
   Composite:   0.639


✅ Round 32 is NEW BEST - Saving checkpoint...
   💾 Checkpoint saved: result/splits_iid_scaling/splits_iid_2048_clients.json/multi_thr/model_round_32.pt
⚠️  No rounds meet spec≥0.7, using recall filter only
 9 Pareto-optimal rounds (not dominated in recall & spec)

🎯 SELECTED ROUND 32:
   Recall:     0.786
   Specificity: 0.528
   F1-Score:    0.334
   Stability:   1.000
   Alerts/1000: 515.8
   Composite:   0.639

   💾 Best model saved: result/splits_iid_scaling/splits_iid_2048_clients.json/multi_thr/model_round_32.pt
   📊 Metrics saved: result/splits_iid_scaling/splits_iid_2048_clients.json/multi_thr/run_1.json
[36m(ClientAppActor pid=1144545)[0m [Client 472] Data split:[32m [repeated 227x across cluster][0m
[36m(ClientAppActor pid=1144545)[0m    Train:      87 samples (client-local)[32m [repeated 227x across cluster][0m
[36m(ClientAppActor pid=1144545)[0m    Validation: 12 samples (client-local)[32m [repeated 227x across cluster][0m
[36m(ClientAppActor pid=1144545)[0m    Test:       50737 samples (global, shared)[32m [repeated 227x across cluster][0m
[36m(ClientAppActor pid=1144537)[0m [Client 863] Data split:[32m [repeated 252x across cluster][0m
[36m(ClientAppActor pid=1144537)[0m    Train:      87 samples (client-local)[32m [repeated 252x across cluster][0m
[36m(ClientAppActor pid=1144537)[0m    Validation: 12 samples (client-local)[32m [repeated 252x across cluster][0m
[36m(ClientAppActor pid=1144537)[0m    Test:       50737 samples (global, shared)[32m [repeated 252x across cluster][0m
[36m(ClientAppActor pid=1144538)[0m [Client 2006] Data split:[32m [repeated 265x across cluster][0m
[36m(ClientAppActor pid=1144538)[0m    Train:      86 samples (client-local)[32m [repeated 265x across cluster][0m
[36m(ClientAppActor pid=1144538)[0m    Validation: 12 samples (client-local)[32m [repeated 265x across cluster][0m
[36m(ClientAppActor pid=1144538)[0m    Test:       50737 samples (global, shared)[32m [repeated 265x across cluster][0m
[36m(ClientAppActor pid=1144556)[0m [Client 19] Data split:[32m [repeated 258x across cluster][0m
[36m(ClientAppActor pid=1144556)[0m    Train:      87 samples (client-local)[32m [repeated 258x across cluster][0m
[36m(ClientAppActor pid=1144556)[0m    Validation: 12 samples (client-local)[32m [repeated 258x across cluster][0m
[36m(ClientAppActor pid=1144556)[0m    Test:       50737 samples (global, shared)[32m [repeated 258x across cluster][0m
[36m(ClientAppActor pid=1144550)[0m [Client 35] Data split:[32m [repeated 252x across cluster][0m
[36m(ClientAppActor pid=1144550)[0m    Train:      87 samples (client-local)[32m [repeated 252x across cluster][0m
[36m(ClientAppActor pid=1144550)[0m    Validation: 12 samples (client-local)[32m [repeated 252x across cluster][0m
[36m(ClientAppActor pid=1144550)[0m    Test:       50737 samples (global, shared)[32m [repeated 252x across cluster][0m
[36m(ClientAppActor pid=1144536)[0m [Client 409] Data split:[32m [repeated 253x across cluster][0m
[36m(ClientAppActor pid=1144536)[0m    Train:      87 samples (client-local)[32m [repeated 253x across cluster][0m
[36m(ClientAppActor pid=1144536)[0m    Validation: 12 samples (client-local)[32m [repeated 253x across cluster][0m
[36m(ClientAppActor pid=1144536)[0m    Test:       50737 samples (global, shared)[32m [repeated 253x across cluster][0m
[36m(ClientAppActor pid=1144539)[0m [Client 69] Data split:[32m [repeated 237x across cluster][0m
[36m(ClientAppActor pid=1144539)[0m    Train:      87 samples (client-local)[32m [repeated 237x across cluster][0m
[36m(ClientAppActor pid=1144539)[0m    Validation: 12 samples (client-local)[32m [repeated 237x across cluster][0m
[36m(ClientAppActor pid=1144539)[0m    Test:       50737 samples (global, shared)[32m [repeated 237x across cluster][0m
[36m(ClientAppActor pid=1144531)[0m [Client 639] Data split:[32m [repeated 242x across cluster][0m
[36m(ClientAppActor pid=1144531)[0m    Train:      87 samples (client-local)[32m [repeated 242x across cluster][0m
[36m(ClientAppActor pid=1144531)[0m    Validation: 12 samples (client-local)[32m [repeated 242x across cluster][0m
[36m(ClientAppActor pid=1144531)[0m    Test:       50737 samples (global, shared)[32m [repeated 242x across cluster][0m
[36m(ClientAppActor pid=1144531)[0m [Client 732] Data split:[32m [repeated 252x across cluster][0m
[36m(ClientAppActor pid=1144531)[0m    Train:      87 samples (client-local)[32m [repeated 252x across cluster][0m
[36m(ClientAppActor pid=1144531)[0m    Validation: 12 samples (client-local)[32m [repeated 252x across cluster][0m
[36m(ClientAppActor pid=1144531)[0m    Test:       50737 samples (global, shared)[32m [repeated 252x across cluster][0m
[36m(ClientAppActor pid=1144538)[0m [Client 153] Data split:[32m [repeated 258x across cluster][0m
[36m(ClientAppActor pid=1144538)[0m    Train:      87 samples (client-local)[32m [repeated 258x across cluster][0m
[36m(ClientAppActor pid=1144538)[0m    Validation: 12 samples (client-local)[32m [repeated 258x across cluster][0m
[36m(ClientAppActor pid=1144538)[0m    Test:       50737 samples (global, shared)[32m [repeated 258x across cluster][0m[36m(ClientAppActor pid=1144550)[0m /home/bax9142/federated-edge-learning/.venv/lib64/python3.13/site-packages/sklearn/metrics/_ranking.py:424: UndefinedMetricWarning: Only one class is present in y_true. ROC AUC score is not defined in that case.[32m [repeated 39x across cluster][0m
[36m(ClientAppActor pid=1144550)[0m   warnings.warn([32m [repeated 39x across cluster][0m
[36m(ClientAppActor pid=1144545)[0m /home/bax9142/federated-edge-learning/.venv/lib64/python3.13/site-packages/sklearn/metrics/_ranking.py:424: UndefinedMetricWarning: Only one class is present in y_true. ROC AUC score is not defined in that case.[32m [repeated 45x across cluster][0m
[36m(ClientAppActor pid=1144545)[0m   warnings.warn([32m [repeated 45x across cluster][0m
[36m(ClientAppActor pid=1144574)[0m /home/bax9142/federated-edge-learning/.venv/lib64/python3.13/site-packages/sklearn/metrics/_ranking.py:424: UndefinedMetricWarning: Only one class is present in y_true. ROC AUC score is not defined in that case.[32m [repeated 47x across cluster][0m
[36m(ClientAppActor pid=1144574)[0m   warnings.warn([32m [repeated 47x across cluster][0m
[36m(ClientAppActor pid=1144551)[0m /home/bax9142/federated-edge-learning/.venv/lib64/python3.13/site-packages/sklearn/metrics/_ranking.py:424: UndefinedMetricWarning: Only one class is present in y_true. ROC AUC score is not defined in that case.[32m [repeated 33x across cluster][0m
[36m(ClientAppActor pid=1144551)[0m   warnings.warn([32m [repeated 33x across cluster][0m
[36m(ClientAppActor pid=1144540)[0m /home/bax9142/federated-edge-learning/.venv/lib64/python3.13/site-packages/sklearn/metrics/_ranking.py:424: UndefinedMetricWarning: Only one class is present in y_true. ROC AUC score is not defined in that case.[32m [repeated 34x across cluster][0m
[36m(ClientAppActor pid=1144540)[0m   warnings.warn([32m [repeated 34x across cluster][0m
[92mINFO [0m:      aggregate_evaluate: received 2048 results and 0 failures
[92mINFO [0m:      
[92mINFO [0m:      [ROUND 34]
[92mINFO [0m:      configure_fit: strategy sampled 1638 clients (out of 2048)
[92mINFO [0m:      aggregate_fit: received 1638 results and 0 failures
[92mINFO [0m:      configure_evaluate: strategy sampled 2048 clients (out of 2048)
[36m(ClientAppActor pid=1144533)[0m /home/bax9142/federated-edge-learning/.venv/lib64/python3.13/site-packages/sklearn/metrics/_ranking.py:424: UndefinedMetricWarning: Only one class is present in y_true. ROC AUC score is not defined in that case.[32m [repeated 45x across cluster][0m
[36m(ClientAppActor pid=1144533)[0m   warnings.warn([32m [repeated 45x across cluster][0m
[36m(ClientAppActor pid=1144534)[0m /home/bax9142/federated-edge-learning/.venv/lib64/python3.13/site-packages/sklearn/metrics/_ranking.py:424: UndefinedMetricWarning: Only one class is present in y_true. ROC AUC score is not defined in that case.[32m [repeated 44x across cluster][0m
[36m(ClientAppActor pid=1144534)[0m   warnings.warn([32m [repeated 44x across cluster][0m
[36m(ClientAppActor pid=1144549)[0m /home/bax9142/federated-edge-learning/.venv/lib64/python3.13/site-packages/sklearn/metrics/_ranking.py:424: UndefinedMetricWarning: Only one class is present in y_true. ROC AUC score is not defined in that case.[32m [repeated 45x across cluster][0m
[36m(ClientAppActor pid=1144549)[0m   warnings.warn([32m [repeated 45x across cluster][0m
[36m(ClientAppActor pid=1144554)[0m /home/bax9142/federated-edge-learning/.venv/lib64/python3.13/site-packages/sklearn/metrics/_ranking.py:424: UndefinedMetricWarning: Only one class is present in y_true. ROC AUC score is not defined in that case.[32m [repeated 42x across cluster][0m
[36m(ClientAppActor pid=1144554)[0m   warnings.warn([32m [repeated 42x across cluster][0m

[36m(ClientAppActor pid=1144531)[0m [Client 2023] Data split:[32m [repeated 251x across cluster][0m
[36m(ClientAppActor pid=1144531)[0m    Train:      86 samples (client-local)[32m [repeated 251x across cluster][0m
[36m(ClientAppActor pid=1144531)[0m    Validation: 12 samples (client-local)[32m [repeated 251x across cluster][0m
[36m(ClientAppActor pid=1144531)[0m    Test:       50737 samples (global, shared)[32m [repeated 251x across cluster][0m
[36m(ClientAppActor pid=1144547)[0m [Client 1040] Data split:[32m [repeated 251x across cluster][0m
[36m(ClientAppActor pid=1144547)[0m    Train:      87 samples (client-local)[32m [repeated 251x across cluster][0m
[36m(ClientAppActor pid=1144547)[0m    Validation: 12 samples (client-local)[32m [repeated 251x across cluster][0m
[36m(ClientAppActor pid=1144547)[0m    Test:       50737 samples (global, shared)[32m [repeated 251x across cluster][0m
[36m(ClientAppActor pid=1144550)[0m [Client 1827] Data split:[32m [repeated 254x across cluster][0m
[36m(ClientAppActor pid=1144550)[0m    Train:      86 samples (client-local)[32m [repeated 254x across cluster][0m
[36m(ClientAppActor pid=1144550)[0m    Validation: 12 samples (client-local)[32m [repeated 254x across cluster][0m
[36m(ClientAppActor pid=1144550)[0m    Test:       50737 samples (global, shared)[32m [repeated 254x across cluster][0m
[36m(ClientAppActor pid=1144536)[0m [Client 1458] Data split:[32m [repeated 248x across cluster][0m
[36m(ClientAppActor pid=1144536)[0m    Train:      86 samples (client-local)[32m [repeated 248x across cluster][0m
[36m(ClientAppActor pid=1144536)[0m    Validation: 12 samples (client-local)[32m [repeated 248x across cluster][0m
[36m(ClientAppActor pid=1144536)[0m    Test:       50737 samples (global, shared)[32m [repeated 248x across cluster][0m
[36m(ClientAppActor pid=1144538)[0m [Client 856] Data split:[32m [repeated 257x across cluster][0m
[36m(ClientAppActor pid=1144538)[0m    Train:      87 samples (client-local)[32m [repeated 257x across cluster][0m
[36m(ClientAppActor pid=1144538)[0m    Validation: 12 samples (client-local)[32m [repeated 257x across cluster][0m
[36m(ClientAppActor pid=1144538)[0m    Test:       50737 samples (global, shared)[32m [repeated 257x across cluster][0m

🎯 Multi-Threshold Aggregation:
   ═══════════════════════════════════════════════
   Evaluated 10 thresholds:
     • Thr=0.30: Recall=0.946, Spec=0.220, F1=0.280
     • Thr=0.35: Recall=0.913, Spec=0.306, F1=0.295
     • Thr=0.40: Recall=0.874, Spec=0.389, F1=0.310
   ...

   BEST Threshold: 0.50
     • Recall:      0.785
     • Specificity: 0.532
     • F1-Score:    0.336
     • Score:       0.632
   ═══════════════════════════════════════════════

⚠️  No rounds meet spec≥0.7, using recall filter only
 10 Pareto-optimal rounds (not dominated in recall & spec)

🎯 SELECTED ROUND 33:
   Recall:     0.785
   Specificity: 0.532
   F1-Score:    0.336
   Stability:   1.000
   Alerts/1000: 512.3
   Composite:   0.641


✅ Round 33 is NEW BEST - Saving checkpoint...
   💾 Checkpoint saved: result/splits_iid_scaling/splits_iid_2048_clients.json/multi_thr/model_round_33.pt
⚠️  No rounds meet spec≥0.7, using recall filter only
 10 Pareto-optimal rounds (not dominated in recall & spec)

🎯 SELECTED ROUND 33:
   Recall:     0.785
   Specificity: 0.532
   F1-Score:    0.336
   Stability:   1.000
   Alerts/1000: 512.3
   Composite:   0.641

   💾 Best model saved: result/splits_iid_scaling/splits_iid_2048_clients.json/multi_thr/model_round_33.pt
   📊 Metrics saved: result/splits_iid_scaling/splits_iid_2048_clients.json/multi_thr/run_1.json
[36m(ClientAppActor pid=1144531)[0m [Client 952] Data split:[32m [repeated 235x across cluster][0m
[36m(ClientAppActor pid=1144531)[0m    Train:      87 samples (client-local)[32m [repeated 235x across cluster][0m
[36m(ClientAppActor pid=1144531)[0m    Validation: 12 samples (client-local)[32m [repeated 235x across cluster][0m
[36m(ClientAppActor pid=1144531)[0m    Test:       50737 samples (global, shared)[32m [repeated 235x across cluster][0m
[36m(ClientAppActor pid=1144531)[0m [Client 801] Data split:[32m [repeated 259x across cluster][0m
[36m(ClientAppActor pid=1144531)[0m    Train:      87 samples (client-local)[32m [repeated 259x across cluster][0m
[36m(ClientAppActor pid=1144531)[0m    Validation: 12 samples (client-local)[32m [repeated 259x across cluster][0m
[36m(ClientAppActor pid=1144531)[0m    Test:       50737 samples (global, shared)[32m [repeated 259x across cluster][0m
[36m(ClientAppActor pid=1144537)[0m [Client 927] Data split:[32m [repeated 243x across cluster][0m
[36m(ClientAppActor pid=1144537)[0m    Train:      87 samples (client-local)[32m [repeated 243x across cluster][0m
[36m(ClientAppActor pid=1144537)[0m    Validation: 12 samples (client-local)[32m [repeated 243x across cluster][0m
[36m(ClientAppActor pid=1144537)[0m    Test:       50737 samples (global, shared)[32m [repeated 243x across cluster][0m
[36m(ClientAppActor pid=1144537)[0m [Client 1102] Data split:[32m [repeated 255x across cluster][0m
[36m(ClientAppActor pid=1144537)[0m    Train:      87 samples (client-local)[32m [repeated 255x across cluster][0m
[36m(ClientAppActor pid=1144537)[0m    Validation: 12 samples (client-local)[32m [repeated 255x across cluster][0m
[36m(ClientAppActor pid=1144537)[0m    Test:       50737 samples (global, shared)[32m [repeated 255x across cluster][0m
[36m(ClientAppActor pid=1144547)[0m [Client 711] Data split:[32m [repeated 258x across cluster][0m
[36m(ClientAppActor pid=1144547)[0m    Train:      87 samples (client-local)[32m [repeated 258x across cluster][0m
[36m(ClientAppActor pid=1144547)[0m    Validation: 12 samples (client-local)[32m [repeated 258x across cluster][0m
[36m(ClientAppActor pid=1144547)[0m    Test:       50737 samples (global, shared)[32m [repeated 258x across cluster][0m
[36m(ClientAppActor pid=1144533)[0m [Client 1876] Data split:[32m [repeated 256x across cluster][0m
[36m(ClientAppActor pid=1144533)[0m    Train:      86 samples (client-local)[32m [repeated 256x across cluster][0m
[36m(ClientAppActor pid=1144533)[0m    Validation: 12 samples (client-local)[32m [repeated 256x across cluster][0m
[36m(ClientAppActor pid=1144533)[0m    Test:       50737 samples (global, shared)[32m [repeated 256x across cluster][0m
[36m(ClientAppActor pid=1144552)[0m [Client 2026] Data split:[32m [repeated 197x across cluster][0m
[36m(ClientAppActor pid=1144552)[0m    Train:      86 samples (client-local)[32m [repeated 197x across cluster][0m
[36m(ClientAppActor pid=1144552)[0m    Validation: 12 samples (client-local)[32m [repeated 197x across cluster][0m
[36m(ClientAppActor pid=1144552)[0m    Test:       50737 samples (global, shared)[32m [repeated 197x across cluster][0m
[36m(ClientAppActor pid=1144542)[0m [Client 829] Data split:[32m [repeated 248x across cluster][0m
[36m(ClientAppActor pid=1144542)[0m    Train:      87 samples (client-local)[32m [repeated 248x across cluster][0m
[36m(ClientAppActor pid=1144542)[0m    Validation: 12 samples (client-local)[32m [repeated 248x across cluster][0m
[36m(ClientAppActor pid=1144542)[0m    Test:       50737 samples (global, shared)[32m [repeated 248x across cluster][0m
[36m(ClientAppActor pid=1144533)[0m [Client 1241] Data split:[32m [repeated 267x across cluster][0m
[36m(ClientAppActor pid=1144533)[0m    Train:      87 samples (client-local)[32m [repeated 267x across cluster][0m
[36m(ClientAppActor pid=1144533)[0m    Validation: 12 samples (client-local)[32m [repeated 267x across cluster][0m
[36m(ClientAppActor pid=1144533)[0m    Test:       50737 samples (global, shared)[32m [repeated 267x across cluster][0m
[36m(ClientAppActor pid=1144533)[0m [Client 1320] Data split:[32m [repeated 256x across cluster][0m[36m(ClientAppActor pid=1144540)[0m /home/bax9142/federated-edge-learning/.venv/lib64/python3.13/site-packages/sklearn/metrics/_ranking.py:424: UndefinedMetricWarning: Only one class is present in y_true. ROC AUC score is not defined in that case.[32m [repeated 37x across cluster][0m
[36m(ClientAppActor pid=1144540)[0m   warnings.warn([32m [repeated 37x across cluster][0m
[36m(ClientAppActor pid=1144549)[0m /home/bax9142/federated-edge-learning/.venv/lib64/python3.13/site-packages/sklearn/metrics/_ranking.py:424: UndefinedMetricWarning: Only one class is present in y_true. ROC AUC score is not defined in that case.[32m [repeated 45x across cluster][0m
[36m(ClientAppActor pid=1144549)[0m   warnings.warn([32m [repeated 45x across cluster][0m
[36m(ClientAppActor pid=1144538)[0m /home/bax9142/federated-edge-learning/.venv/lib64/python3.13/site-packages/sklearn/metrics/_ranking.py:424: UndefinedMetricWarning: Only one class is present in y_true. ROC AUC score is not defined in that case.[32m [repeated 40x across cluster][0m
[36m(ClientAppActor pid=1144538)[0m   warnings.warn([32m [repeated 40x across cluster][0m
[36m(ClientAppActor pid=1144540)[0m /home/bax9142/federated-edge-learning/.venv/lib64/python3.13/site-packages/sklearn/metrics/_ranking.py:424: UndefinedMetricWarning: Only one class is present in y_true. ROC AUC score is not defined in that case.[32m [repeated 40x across cluster][0m
[36m(ClientAppActor pid=1144540)[0m   warnings.warn([32m [repeated 40x across cluster][0m
[92mINFO [0m:      aggregate_evaluate: received 2048 results and 0 failures
[92mINFO [0m:      
[92mINFO [0m:      [ROUND 35]
[92mINFO [0m:      configure_fit: strategy sampled 1638 clients (out of 2048)
[92mINFO [0m:      aggregate_fit: received 1638 results and 0 failures
[92mINFO [0m:      configure_evaluate: strategy sampled 2048 clients (out of 2048)
[36m(ClientAppActor pid=1144533)[0m /home/bax9142/federated-edge-learning/.venv/lib64/python3.13/site-packages/sklearn/metrics/_ranking.py:424: UndefinedMetricWarning: Only one class is present in y_true. ROC AUC score is not defined in that case.[32m [repeated 29x across cluster][0m
[36m(ClientAppActor pid=1144533)[0m   warnings.warn([32m [repeated 29x across cluster][0m
[36m(ClientAppActor pid=1144547)[0m /home/bax9142/federated-edge-learning/.venv/lib64/python3.13/site-packages/sklearn/metrics/_ranking.py:424: UndefinedMetricWarning: Only one class is present in y_true. ROC AUC score is not defined in that case.[32m [repeated 36x across cluster][0m
[36m(ClientAppActor pid=1144547)[0m   warnings.warn([32m [repeated 36x across cluster][0m
[36m(ClientAppActor pid=1144548)[0m /home/bax9142/federated-edge-learning/.venv/lib64/python3.13/site-packages/sklearn/metrics/_ranking.py:424: UndefinedMetricWarning: Only one class is present in y_true. ROC AUC score is not defined in that case.[32m [repeated 39x across cluster][0m
[36m(ClientAppActor pid=1144548)[0m   warnings.warn([32m [repeated 39x across cluster][0m

[36m(ClientAppActor pid=1144533)[0m    Train:      87 samples (client-local)[32m [repeated 256x across cluster][0m
[36m(ClientAppActor pid=1144533)[0m    Validation: 12 samples (client-local)[32m [repeated 256x across cluster][0m
[36m(ClientAppActor pid=1144533)[0m    Test:       50737 samples (global, shared)[32m [repeated 256x across cluster][0m
[36m(ClientAppActor pid=1144536)[0m [Client 342] Data split:[32m [repeated 256x across cluster][0m
[36m(ClientAppActor pid=1144536)[0m    Train:      87 samples (client-local)[32m [repeated 256x across cluster][0m
[36m(ClientAppActor pid=1144536)[0m    Validation: 12 samples (client-local)[32m [repeated 256x across cluster][0m
[36m(ClientAppActor pid=1144536)[0m    Test:       50737 samples (global, shared)[32m [repeated 256x across cluster][0m
[36m(ClientAppActor pid=1144537)[0m [Client 875] Data split:[32m [repeated 258x across cluster][0m
[36m(ClientAppActor pid=1144537)[0m    Train:      87 samples (client-local)[32m [repeated 258x across cluster][0m
[36m(ClientAppActor pid=1144537)[0m    Validation: 12 samples (client-local)[32m [repeated 258x across cluster][0m
[36m(ClientAppActor pid=1144537)[0m    Test:       50737 samples (global, shared)[32m [repeated 258x across cluster][0m
[36m(ClientAppActor pid=1144534)[0m [Client 1532] Data split:[32m [repeated 266x across cluster][0m
[36m(ClientAppActor pid=1144534)[0m    Train:      86 samples (client-local)[32m [repeated 266x across cluster][0m
[36m(ClientAppActor pid=1144534)[0m    Validation: 12 samples (client-local)[32m [repeated 266x across cluster][0m
[36m(ClientAppActor pid=1144534)[0m    Test:       50737 samples (global, shared)[32m [repeated 266x across cluster][0m
[36m(ClientAppActor pid=1144544)[0m [Client 1840] Data split:[32m [repeated 254x across cluster][0m
[36m(ClientAppActor pid=1144544)[0m    Train:      86 samples (client-local)[32m [repeated 254x across cluster][0m
[36m(ClientAppActor pid=1144544)[0m    Validation: 12 samples (client-local)[32m [repeated 254x across cluster][0m
[36m(ClientAppActor pid=1144544)[0m    Test:       50737 samples (global, shared)[32m [repeated 254x across cluster][0m

🎯 Multi-Threshold Aggregation:
   ═══════════════════════════════════════════════
   Evaluated 10 thresholds:
     • Thr=0.30: Recall=0.947, Spec=0.226, F1=0.281
     • Thr=0.35: Recall=0.912, Spec=0.312, F1=0.296
     • Thr=0.40: Recall=0.873, Spec=0.394, F1=0.311
   ...

   BEST Threshold: 0.50
     • Recall:      0.786
     • Specificity: 0.536
     • F1-Score:    0.338
     • Score:       0.635
   ═══════════════════════════════════════════════

⚠️  No rounds meet spec≥0.7, using recall filter only
 9 Pareto-optimal rounds (not dominated in recall & spec)

🎯 SELECTED ROUND 34:
   Recall:     0.786
   Specificity: 0.536
   F1-Score:    0.338
   Stability:   1.000
   Alerts/1000: 508.4
   Composite:   0.643


✅ Round 34 is NEW BEST - Saving checkpoint...
   💾 Checkpoint saved: result/splits_iid_scaling/splits_iid_2048_clients.json/multi_thr/model_round_34.pt
⚠️  No rounds meet spec≥0.7, using recall filter only
 9 Pareto-optimal rounds (not dominated in recall & spec)

🎯 SELECTED ROUND 34:
   Recall:     0.786
   Specificity: 0.536
   F1-Score:    0.338
   Stability:   1.000
   Alerts/1000: 508.4
   Composite:   0.643

   💾 Best model saved: result/splits_iid_scaling/splits_iid_2048_clients.json/multi_thr/model_round_34.pt
   📊 Metrics saved: result/splits_iid_scaling/splits_iid_2048_clients.json/multi_thr/run_1.json
[36m(ClientAppActor pid=1144531)[0m [Client 1290] Data split:[32m [repeated 230x across cluster][0m
[36m(ClientAppActor pid=1144531)[0m    Train:      87 samples (client-local)[32m [repeated 230x across cluster][0m
[36m(ClientAppActor pid=1144531)[0m    Validation: 12 samples (client-local)[32m [repeated 230x across cluster][0m
[36m(ClientAppActor pid=1144531)[0m    Test:       50737 samples (global, shared)[32m [repeated 230x across cluster][0m
[36m(ClientAppActor pid=1144534)[0m [Client 10] Data split:[32m [repeated 251x across cluster][0m
[36m(ClientAppActor pid=1144534)[0m    Train:      87 samples (client-local)[32m [repeated 251x across cluster][0m
[36m(ClientAppActor pid=1144534)[0m    Validation: 12 samples (client-local)[32m [repeated 251x across cluster][0m
[36m(ClientAppActor pid=1144534)[0m    Test:       50737 samples (global, shared)[32m [repeated 251x across cluster][0m
[36m(ClientAppActor pid=1144550)[0m [Client 879] Data split:[32m [repeated 257x across cluster][0m
[36m(ClientAppActor pid=1144550)[0m    Train:      87 samples (client-local)[32m [repeated 257x across cluster][0m
[36m(ClientAppActor pid=1144550)[0m    Validation: 12 samples (client-local)[32m [repeated 257x across cluster][0m
[36m(ClientAppActor pid=1144550)[0m    Test:       50737 samples (global, shared)[32m [repeated 257x across cluster][0m
[36m(ClientAppActor pid=1144537)[0m [Client 405] Data split:[32m [repeated 261x across cluster][0m
[36m(ClientAppActor pid=1144537)[0m    Train:      87 samples (client-local)[32m [repeated 261x across cluster][0m
[36m(ClientAppActor pid=1144537)[0m    Validation: 12 samples (client-local)[32m [repeated 261x across cluster][0m
[36m(ClientAppActor pid=1144537)[0m    Test:       50737 samples (global, shared)[32m [repeated 261x across cluster][0m
[36m(ClientAppActor pid=1144547)[0m [Client 321] Data split:[32m [repeated 252x across cluster][0m
[36m(ClientAppActor pid=1144547)[0m    Train:      87 samples (client-local)[32m [repeated 252x across cluster][0m
[36m(ClientAppActor pid=1144547)[0m    Validation: 12 samples (client-local)[32m [repeated 252x across cluster][0m
[36m(ClientAppActor pid=1144547)[0m    Test:       50737 samples (global, shared)[32m [repeated 252x across cluster][0m
[36m(ClientAppActor pid=1144534)[0m [Client 1347] Data split:[32m [repeated 256x across cluster][0m
[36m(ClientAppActor pid=1144534)[0m    Train:      87 samples (client-local)[32m [repeated 256x across cluster][0m
[36m(ClientAppActor pid=1144534)[0m    Validation: 12 samples (client-local)[32m [repeated 256x across cluster][0m
[36m(ClientAppActor pid=1144534)[0m    Test:       50737 samples (global, shared)[32m [repeated 256x across cluster][0m
[36m(ClientAppActor pid=1144536)[0m [Client 1265] Data split:[32m [repeated 260x across cluster][0m
[36m(ClientAppActor pid=1144536)[0m    Train:      87 samples (client-local)[32m [repeated 260x across cluster][0m
[36m(ClientAppActor pid=1144536)[0m    Validation: 12 samples (client-local)[32m [repeated 260x across cluster][0m
[36m(ClientAppActor pid=1144536)[0m    Test:       50737 samples (global, shared)[32m [repeated 260x across cluster][0m
[36m(ClientAppActor pid=1144552)[0m [Client 1993] Data split:[32m [repeated 198x across cluster][0m
[36m(ClientAppActor pid=1144552)[0m    Train:      86 samples (client-local)[32m [repeated 198x across cluster][0m
[36m(ClientAppActor pid=1144552)[0m    Validation: 12 samples (client-local)[32m [repeated 198x across cluster][0m
[36m(ClientAppActor pid=1144552)[0m    Test:       50737 samples (global, shared)[32m [repeated 198x across cluster][0m
[36m(ClientAppActor pid=1144533)[0m [Client 51] Data split:[32m [repeated 236x across cluster][0m
[36m(ClientAppActor pid=1144533)[0m    Train:      87 samples (client-local)[32m [repeated 236x across cluster][0m
[36m(ClientAppActor pid=1144533)[0m    Validation: 12 samples (client-local)[32m [repeated 236x across cluster][0m
[36m(ClientAppActor pid=1144533)[0m    Test:       50737 samples (global, shared)[32m [repeated 236x across cluster][0m
[36m(ClientAppActor pid=1144536)[0m [Client 615] Data split:[32m [repeated 262x across cluster][0m
[36m(ClientAppActor pid=1144536)[0m    Train:      87 samples (client-local)[32m [repeated 262x across cluster][0m[36m(ClientAppActor pid=1144551)[0m /home/bax9142/federated-edge-learning/.venv/lib64/python3.13/site-packages/sklearn/metrics/_ranking.py:424: UndefinedMetricWarning: Only one class is present in y_true. ROC AUC score is not defined in that case.[32m [repeated 38x across cluster][0m
[36m(ClientAppActor pid=1144551)[0m   warnings.warn([32m [repeated 38x across cluster][0m
[36m(ClientAppActor pid=1144544)[0m /home/bax9142/federated-edge-learning/.venv/lib64/python3.13/site-packages/sklearn/metrics/_ranking.py:424: UndefinedMetricWarning: Only one class is present in y_true. ROC AUC score is not defined in that case.[32m [repeated 34x across cluster][0m
[36m(ClientAppActor pid=1144544)[0m   warnings.warn([32m [repeated 34x across cluster][0m
[36m(ClientAppActor pid=1144545)[0m /home/bax9142/federated-edge-learning/.venv/lib64/python3.13/site-packages/sklearn/metrics/_ranking.py:424: UndefinedMetricWarning: Only one class is present in y_true. ROC AUC score is not defined in that case.[32m [repeated 46x across cluster][0m
[36m(ClientAppActor pid=1144545)[0m   warnings.warn([32m [repeated 46x across cluster][0m
[36m(ClientAppActor pid=1144536)[0m /home/bax9142/federated-edge-learning/.venv/lib64/python3.13/site-packages/sklearn/metrics/_ranking.py:424: UndefinedMetricWarning: Only one class is present in y_true. ROC AUC score is not defined in that case.[32m [repeated 42x across cluster][0m
[36m(ClientAppActor pid=1144536)[0m   warnings.warn([32m [repeated 42x across cluster][0m
[36m(ClientAppActor pid=1144534)[0m /home/bax9142/federated-edge-learning/.venv/lib64/python3.13/site-packages/sklearn/metrics/_ranking.py:424: UndefinedMetricWarning: Only one class is present in y_true. ROC AUC score is not defined in that case.[32m [repeated 39x across cluster][0m
[36m(ClientAppActor pid=1144534)[0m   warnings.warn([32m [repeated 39x across cluster][0m
[92mINFO [0m:      aggregate_evaluate: received 2048 results and 0 failures
[92mINFO [0m:      
[92mINFO [0m:      [ROUND 36]
[92mINFO [0m:      configure_fit: strategy sampled 1638 clients (out of 2048)
[92mINFO [0m:      aggregate_fit: received 1638 results and 0 failures
[92mINFO [0m:      configure_evaluate: strategy sampled 2048 clients (out of 2048)
[36m(ClientAppActor pid=1144546)[0m /home/bax9142/federated-edge-learning/.venv/lib64/python3.13/site-packages/sklearn/metrics/_ranking.py:424: UndefinedMetricWarning: Only one class is present in y_true. ROC AUC score is not defined in that case.[32m [repeated 48x across cluster][0m
[36m(ClientAppActor pid=1144546)[0m   warnings.warn([32m [repeated 48x across cluster][0m
[36m(ClientAppActor pid=1144547)[0m /home/bax9142/federated-edge-learning/.venv/lib64/python3.13/site-packages/sklearn/metrics/_ranking.py:424: UndefinedMetricWarning: Only one class is present in y_true. ROC AUC score is not defined in that case.[32m [repeated 49x across cluster][0m
[36m(ClientAppActor pid=1144547)[0m   warnings.warn([32m [repeated 49x across cluster][0m

[36m(ClientAppActor pid=1144536)[0m    Validation: 12 samples (client-local)[32m [repeated 262x across cluster][0m
[36m(ClientAppActor pid=1144536)[0m    Test:       50737 samples (global, shared)[32m [repeated 262x across cluster][0m
[36m(ClientAppActor pid=1144546)[0m [Client 358] Data split:[32m [repeated 255x across cluster][0m
[36m(ClientAppActor pid=1144546)[0m    Train:      87 samples (client-local)[32m [repeated 255x across cluster][0m
[36m(ClientAppActor pid=1144546)[0m    Validation: 12 samples (client-local)[32m [repeated 255x across cluster][0m
[36m(ClientAppActor pid=1144546)[0m    Test:       50737 samples (global, shared)[32m [repeated 255x across cluster][0m
[36m(ClientAppActor pid=1144537)[0m [Client 452] Data split:[32m [repeated 251x across cluster][0m
[36m(ClientAppActor pid=1144537)[0m    Train:      87 samples (client-local)[32m [repeated 251x across cluster][0m
[36m(ClientAppActor pid=1144537)[0m    Validation: 12 samples (client-local)[32m [repeated 251x across cluster][0m
[36m(ClientAppActor pid=1144537)[0m    Test:       50737 samples (global, shared)[32m [repeated 251x across cluster][0m
[36m(ClientAppActor pid=1144543)[0m [Client 949] Data split:[32m [repeated 260x across cluster][0m
[36m(ClientAppActor pid=1144543)[0m    Train:      87 samples (client-local)[32m [repeated 260x across cluster][0m
[36m(ClientAppActor pid=1144543)[0m    Validation: 12 samples (client-local)[32m [repeated 260x across cluster][0m
[36m(ClientAppActor pid=1144543)[0m    Test:       50737 samples (global, shared)[32m [repeated 260x across cluster][0m
[36m(ClientAppActor pid=1144534)[0m [Client 1416] Data split:[32m [repeated 254x across cluster][0m
[36m(ClientAppActor pid=1144534)[0m    Train:      87 samples (client-local)[32m [repeated 254x across cluster][0m
[36m(ClientAppActor pid=1144534)[0m    Validation: 12 samples (client-local)[32m [repeated 254x across cluster][0m
[36m(ClientAppActor pid=1144534)[0m    Test:       50737 samples (global, shared)[32m [repeated 254x across cluster][0m
[36m(ClientAppActor pid=1144546)[0m [Client 44] Data split:[32m [repeated 267x across cluster][0m
[36m(ClientAppActor pid=1144546)[0m    Train:      87 samples (client-local)[32m [repeated 267x across cluster][0m
[36m(ClientAppActor pid=1144546)[0m    Validation: 12 samples (client-local)[32m [repeated 267x across cluster][0m
[36m(ClientAppActor pid=1144546)[0m    Test:       50737 samples (global, shared)[32m [repeated 267x across cluster][0m

🎯 Multi-Threshold Aggregation:
   ═══════════════════════════════════════════════
   Evaluated 10 thresholds:
     • Thr=0.30: Recall=0.947, Spec=0.231, F1=0.283
     • Thr=0.35: Recall=0.912, Spec=0.319, F1=0.298
     • Thr=0.40: Recall=0.874, Spec=0.399, F1=0.313
   ...

   BEST Threshold: 0.50
     • Recall:      0.786
     • Specificity: 0.539
     • F1-Score:    0.340
     • Score:       0.636
   ═══════════════════════════════════════════════

⚠️  No rounds meet spec≥0.7, using recall filter only
 8 Pareto-optimal rounds (not dominated in recall & spec)

🎯 SELECTED ROUND 35:
   Recall:     0.786
   Specificity: 0.539
   F1-Score:    0.340
   Stability:   1.000
   Alerts/1000: 506.0
   Composite:   0.644


✅ Round 35 is NEW BEST - Saving checkpoint...
   💾 Checkpoint saved: result/splits_iid_scaling/splits_iid_2048_clients.json/multi_thr/model_round_35.pt
⚠️  No rounds meet spec≥0.7, using recall filter only
 8 Pareto-optimal rounds (not dominated in recall & spec)

🎯 SELECTED ROUND 35:
   Recall:     0.786
   Specificity: 0.539
   F1-Score:    0.340
   Stability:   1.000
   Alerts/1000: 506.0
   Composite:   0.644

   💾 Best model saved: result/splits_iid_scaling/splits_iid_2048_clients.json/multi_thr/model_round_35.pt
   📊 Metrics saved: result/splits_iid_scaling/splits_iid_2048_clients.json/multi_thr/run_1.json
[36m(ClientAppActor pid=1144534)[0m [Client 53] Data split:[32m [repeated 238x across cluster][0m
[36m(ClientAppActor pid=1144534)[0m    Train:      87 samples (client-local)[32m [repeated 238x across cluster][0m
[36m(ClientAppActor pid=1144534)[0m    Validation: 12 samples (client-local)[32m [repeated 238x across cluster][0m
[36m(ClientAppActor pid=1144534)[0m    Test:       50737 samples (global, shared)[32m [repeated 238x across cluster][0m
[36m(ClientAppActor pid=1144550)[0m [Client 491] Data split:[32m [repeated 268x across cluster][0m
[36m(ClientAppActor pid=1144550)[0m    Train:      87 samples (client-local)[32m [repeated 268x across cluster][0m
[36m(ClientAppActor pid=1144550)[0m    Validation: 12 samples (client-local)[32m [repeated 268x across cluster][0m
[36m(ClientAppActor pid=1144550)[0m    Test:       50737 samples (global, shared)[32m [repeated 268x across cluster][0m
[36m(ClientAppActor pid=1144538)[0m [Client 397] Data split:[32m [repeated 253x across cluster][0m
[36m(ClientAppActor pid=1144538)[0m    Train:      87 samples (client-local)[32m [repeated 253x across cluster][0m
[36m(ClientAppActor pid=1144538)[0m    Validation: 12 samples (client-local)[32m [repeated 253x across cluster][0m
[36m(ClientAppActor pid=1144538)[0m    Test:       50737 samples (global, shared)[32m [repeated 253x across cluster][0m
[36m(ClientAppActor pid=1144534)[0m [Client 425] Data split:[32m [repeated 262x across cluster][0m
[36m(ClientAppActor pid=1144534)[0m    Train:      87 samples (client-local)[32m [repeated 262x across cluster][0m
[36m(ClientAppActor pid=1144534)[0m    Validation: 12 samples (client-local)[32m [repeated 262x across cluster][0m
[36m(ClientAppActor pid=1144534)[0m    Test:       50737 samples (global, shared)[32m [repeated 262x across cluster][0m
[36m(ClientAppActor pid=1144536)[0m [Client 384] Data split:[32m [repeated 259x across cluster][0m
[36m(ClientAppActor pid=1144536)[0m    Train:      87 samples (client-local)[32m [repeated 259x across cluster][0m
[36m(ClientAppActor pid=1144536)[0m    Validation: 12 samples (client-local)[32m [repeated 259x across cluster][0m
[36m(ClientAppActor pid=1144536)[0m    Test:       50737 samples (global, shared)[32m [repeated 259x across cluster][0m
[36m(ClientAppActor pid=1144587)[0m [Client 570] Data split:[32m [repeated 266x across cluster][0m
[36m(ClientAppActor pid=1144587)[0m    Train:      87 samples (client-local)[32m [repeated 266x across cluster][0m
[36m(ClientAppActor pid=1144587)[0m    Validation: 12 samples (client-local)[32m [repeated 266x across cluster][0m
[36m(ClientAppActor pid=1144587)[0m    Test:       50737 samples (global, shared)[32m [repeated 266x across cluster][0m
[36m(ClientAppActor pid=1144569)[0m [Client 93] Data split:[32m [repeated 241x across cluster][0m
[36m(ClientAppActor pid=1144569)[0m    Train:      87 samples (client-local)[32m [repeated 241x across cluster][0m
[36m(ClientAppActor pid=1144569)[0m    Validation: 12 samples (client-local)[32m [repeated 241x across cluster][0m
[36m(ClientAppActor pid=1144569)[0m    Test:       50737 samples (global, shared)[32m [repeated 241x across cluster][0m
[36m(ClientAppActor pid=1144542)[0m [Client 1969] Data split:[32m [repeated 249x across cluster][0m
[36m(ClientAppActor pid=1144542)[0m    Train:      86 samples (client-local)[32m [repeated 249x across cluster][0m
[36m(ClientAppActor pid=1144542)[0m    Validation: 12 samples (client-local)[32m [repeated 249x across cluster][0m
[36m(ClientAppActor pid=1144542)[0m    Test:       50737 samples (global, shared)[32m [repeated 249x across cluster][0m
[36m(ClientAppActor pid=1144547)[0m [Client 1060] Data split:[32m [repeated 247x across cluster][0m
[36m(ClientAppActor pid=1144547)[0m    Train:      87 samples (client-local)[32m [repeated 247x across cluster][0m
[36m(ClientAppActor pid=1144547)[0m    Validation: 12 samples (client-local)[32m [repeated 247x across cluster][0m[36m(ClientAppActor pid=1144536)[0m /home/bax9142/federated-edge-learning/.venv/lib64/python3.13/site-packages/sklearn/metrics/_ranking.py:424: UndefinedMetricWarning: Only one class is present in y_true. ROC AUC score is not defined in that case.[32m [repeated 48x across cluster][0m
[36m(ClientAppActor pid=1144536)[0m   warnings.warn([32m [repeated 48x across cluster][0m
[36m(ClientAppActor pid=1144588)[0m /home/bax9142/federated-edge-learning/.venv/lib64/python3.13/site-packages/sklearn/metrics/_ranking.py:424: UndefinedMetricWarning: Only one class is present in y_true. ROC AUC score is not defined in that case.[32m [repeated 48x across cluster][0m
[36m(ClientAppActor pid=1144588)[0m   warnings.warn([32m [repeated 48x across cluster][0m
[36m(ClientAppActor pid=1144537)[0m /home/bax9142/federated-edge-learning/.venv/lib64/python3.13/site-packages/sklearn/metrics/_ranking.py:424: UndefinedMetricWarning: Only one class is present in y_true. ROC AUC score is not defined in that case.[32m [repeated 41x across cluster][0m
[36m(ClientAppActor pid=1144537)[0m   warnings.warn([32m [repeated 41x across cluster][0m
[36m(ClientAppActor pid=1144552)[0m /home/bax9142/federated-edge-learning/.venv/lib64/python3.13/site-packages/sklearn/metrics/_ranking.py:424: UndefinedMetricWarning: Only one class is present in y_true. ROC AUC score is not defined in that case.[32m [repeated 33x across cluster][0m
[36m(ClientAppActor pid=1144552)[0m   warnings.warn([32m [repeated 33x across cluster][0m
[36m(ClientAppActor pid=1144534)[0m /home/bax9142/federated-edge-learning/.venv/lib64/python3.13/site-packages/sklearn/metrics/_ranking.py:424: UndefinedMetricWarning: Only one class is present in y_true. ROC AUC score is not defined in that case.[32m [repeated 31x across cluster][0m
[36m(ClientAppActor pid=1144534)[0m   warnings.warn([32m [repeated 31x across cluster][0m
[36m(ClientAppActor pid=1144546)[0m /home/bax9142/federated-edge-learning/.venv/lib64/python3.13/site-packages/sklearn/metrics/_ranking.py:424: UndefinedMetricWarning: Only one class is present in y_true. ROC AUC score is not defined in that case.[32m [repeated 39x across cluster][0m
[36m(ClientAppActor pid=1144546)[0m   warnings.warn([32m [repeated 39x across cluster][0m
[92mINFO [0m:      aggregate_evaluate: received 2048 results and 0 failures
[92mINFO [0m:      
[92mINFO [0m:      [ROUND 37]
[92mINFO [0m:      configure_fit: strategy sampled 1638 clients (out of 2048)
[92mINFO [0m:      aggregate_fit: received 1638 results and 0 failures
[92mINFO [0m:      configure_evaluate: strategy sampled 2048 clients (out of 2048)
[36m(ClientAppActor pid=1144554)[0m /home/bax9142/federated-edge-learning/.venv/lib64/python3.13/site-packages/sklearn/metrics/_ranking.py:424: UndefinedMetricWarning: Only one class is present in y_true. ROC AUC score is not defined in that case.[32m [repeated 33x across cluster][0m
[36m(ClientAppActor pid=1144554)[0m   warnings.warn([32m [repeated 33x across cluster][0m
[36m(ClientAppActor pid=1144541)[0m /home/bax9142/federated-edge-learning/.venv/lib64/python3.13/site-packages/sklearn/metrics/_ranking.py:424: UndefinedMetricWarning: Only one class is present in y_true. ROC AUC score is not defined in that case.[32m [repeated 46x across cluster][0m
[36m(ClientAppActor pid=1144541)[0m   warnings.warn([32m [repeated 46x across cluster][0m

[36m(ClientAppActor pid=1144547)[0m    Test:       50737 samples (global, shared)[32m [repeated 247x across cluster][0m
[36m(ClientAppActor pid=1144537)[0m [Client 1895] Data split:[32m [repeated 263x across cluster][0m
[36m(ClientAppActor pid=1144537)[0m    Train:      86 samples (client-local)[32m [repeated 263x across cluster][0m
[36m(ClientAppActor pid=1144537)[0m    Validation: 12 samples (client-local)[32m [repeated 263x across cluster][0m
[36m(ClientAppActor pid=1144537)[0m    Test:       50737 samples (global, shared)[32m [repeated 263x across cluster][0m
[36m(ClientAppActor pid=1144538)[0m [Client 1980] Data split:[32m [repeated 254x across cluster][0m
[36m(ClientAppActor pid=1144538)[0m    Train:      86 samples (client-local)[32m [repeated 254x across cluster][0m
[36m(ClientAppActor pid=1144538)[0m    Validation: 12 samples (client-local)[32m [repeated 254x across cluster][0m
[36m(ClientAppActor pid=1144538)[0m    Test:       50737 samples (global, shared)[32m [repeated 254x across cluster][0m
[36m(ClientAppActor pid=1144574)[0m [Client 106] Data split:[32m [repeated 252x across cluster][0m
[36m(ClientAppActor pid=1144574)[0m    Train:      87 samples (client-local)[32m [repeated 252x across cluster][0m
[36m(ClientAppActor pid=1144574)[0m    Validation: 12 samples (client-local)[32m [repeated 252x across cluster][0m
[36m(ClientAppActor pid=1144574)[0m    Test:       50737 samples (global, shared)[32m [repeated 252x across cluster][0m
[36m(ClientAppActor pid=1144540)[0m [Client 876] Data split:[32m [repeated 256x across cluster][0m
[36m(ClientAppActor pid=1144540)[0m    Train:      87 samples (client-local)[32m [repeated 256x across cluster][0m
[36m(ClientAppActor pid=1144540)[0m    Validation: 12 samples (client-local)[32m [repeated 256x across cluster][0m
[36m(ClientAppActor pid=1144540)[0m    Test:       50737 samples (global, shared)[32m [repeated 256x across cluster][0m
[36m(ClientAppActor pid=1144537)[0m [Client 404] Data split:[32m [repeated 251x across cluster][0m
[36m(ClientAppActor pid=1144537)[0m    Train:      87 samples (client-local)[32m [repeated 251x across cluster][0m
[36m(ClientAppActor pid=1144537)[0m    Validation: 12 samples (client-local)[32m [repeated 251x across cluster][0m
[36m(ClientAppActor pid=1144537)[0m    Test:       50737 samples (global, shared)[32m [repeated 251x across cluster][0m
[36m(ClientAppActor pid=1144543)[0m [Client 75] Data split:[32m [repeated 258x across cluster][0m
[36m(ClientAppActor pid=1144543)[0m    Train:      87 samples (client-local)[32m [repeated 258x across cluster][0m
[36m(ClientAppActor pid=1144543)[0m    Validation: 12 samples (client-local)[32m [repeated 258x across cluster][0m
[36m(ClientAppActor pid=1144543)[0m    Test:       50737 samples (global, shared)[32m [repeated 258x across cluster][0m

🎯 Multi-Threshold Aggregation:
   ═══════════════════════════════════════════════
   Evaluated 10 thresholds:
     • Thr=0.30: Recall=0.947, Spec=0.237, F1=0.285
     • Thr=0.35: Recall=0.912, Spec=0.326, F1=0.300
     • Thr=0.40: Recall=0.873, Spec=0.404, F1=0.314
   ...

   BEST Threshold: 0.50
     • Recall:      0.785
     • Specificity: 0.543
     • F1-Score:    0.341
     • Score:       0.637
   ═══════════════════════════════════════════════

⚠️  No rounds meet spec≥0.7, using recall filter only
 9 Pareto-optimal rounds (not dominated in recall & spec)

🎯 SELECTED ROUND 36:
   Recall:     0.785
   Specificity: 0.543
   F1-Score:    0.341
   Stability:   1.000
   Alerts/1000: 502.5
   Composite:   0.645


✅ Round 36 is NEW BEST - Saving checkpoint...
   💾 Checkpoint saved: result/splits_iid_scaling/splits_iid_2048_clients.json/multi_thr/model_round_36.pt
⚠️  No rounds meet spec≥0.7, using recall filter only
 9 Pareto-optimal rounds (not dominated in recall & spec)

🎯 SELECTED ROUND 36:
   Recall:     0.785
   Specificity: 0.543
   F1-Score:    0.341
   Stability:   1.000
   Alerts/1000: 502.5
   Composite:   0.645

   💾 Best model saved: result/splits_iid_scaling/splits_iid_2048_clients.json/multi_thr/model_round_36.pt
   📊 Metrics saved: result/splits_iid_scaling/splits_iid_2048_clients.json/multi_thr/run_1.json
[36m(ClientAppActor pid=1144531)[0m [Client 1598] Data split:[32m [repeated 225x across cluster][0m
[36m(ClientAppActor pid=1144531)[0m    Train:      86 samples (client-local)[32m [repeated 225x across cluster][0m
[36m(ClientAppActor pid=1144531)[0m    Validation: 12 samples (client-local)[32m [repeated 225x across cluster][0m
[36m(ClientAppActor pid=1144531)[0m    Test:       50737 samples (global, shared)[32m [repeated 225x across cluster][0m
[36m(ClientAppActor pid=1144531)[0m [Client 1901] Data split:[32m [repeated 263x across cluster][0m
[36m(ClientAppActor pid=1144531)[0m    Train:      86 samples (client-local)[32m [repeated 263x across cluster][0m
[36m(ClientAppActor pid=1144531)[0m    Validation: 12 samples (client-local)[32m [repeated 263x across cluster][0m
[36m(ClientAppActor pid=1144531)[0m    Test:       50737 samples (global, shared)[32m [repeated 263x across cluster][0m
[36m(ClientAppActor pid=1144531)[0m [Client 1418] Data split:[32m [repeated 252x across cluster][0m
[36m(ClientAppActor pid=1144531)[0m    Train:      87 samples (client-local)[32m [repeated 252x across cluster][0m
[36m(ClientAppActor pid=1144531)[0m    Validation: 12 samples (client-local)[32m [repeated 252x across cluster][0m
[36m(ClientAppActor pid=1144531)[0m    Test:       50737 samples (global, shared)[32m [repeated 252x across cluster][0m
[36m(ClientAppActor pid=1144534)[0m [Client 136] Data split:[32m [repeated 253x across cluster][0m
[36m(ClientAppActor pid=1144534)[0m    Train:      87 samples (client-local)[32m [repeated 253x across cluster][0m
[36m(ClientAppActor pid=1144534)[0m    Validation: 12 samples (client-local)[32m [repeated 253x across cluster][0m
[36m(ClientAppActor pid=1144534)[0m    Test:       50737 samples (global, shared)[32m [repeated 253x across cluster][0m
[36m(ClientAppActor pid=1144533)[0m [Client 84] Data split:[32m [repeated 261x across cluster][0m
[36m(ClientAppActor pid=1144533)[0m    Train:      87 samples (client-local)[32m [repeated 261x across cluster][0m
[36m(ClientAppActor pid=1144533)[0m    Validation: 12 samples (client-local)[32m [repeated 261x across cluster][0m
[36m(ClientAppActor pid=1144533)[0m    Test:       50737 samples (global, shared)[32m [repeated 261x across cluster][0m
[36m(ClientAppActor pid=1144538)[0m [Client 607] Data split:[32m [repeated 255x across cluster][0m
[36m(ClientAppActor pid=1144538)[0m    Train:      87 samples (client-local)[32m [repeated 255x across cluster][0m
[36m(ClientAppActor pid=1144538)[0m    Validation: 12 samples (client-local)[32m [repeated 255x across cluster][0m
[36m(ClientAppActor pid=1144538)[0m    Test:       50737 samples (global, shared)[32m [repeated 255x across cluster][0m
[36m(ClientAppActor pid=1144537)[0m [Client 380] Data split:[32m [repeated 193x across cluster][0m
[36m(ClientAppActor pid=1144537)[0m    Train:      87 samples (client-local)[32m [repeated 193x across cluster][0m
[36m(ClientAppActor pid=1144537)[0m    Validation: 12 samples (client-local)[32m [repeated 193x across cluster][0m
[36m(ClientAppActor pid=1144537)[0m    Test:       50737 samples (global, shared)[32m [repeated 193x across cluster][0m
[36m(ClientAppActor pid=1144550)[0m [Client 126] Data split:[32m [repeated 240x across cluster][0m
[36m(ClientAppActor pid=1144550)[0m    Train:      87 samples (client-local)[32m [repeated 240x across cluster][0m
[36m(ClientAppActor pid=1144550)[0m    Validation: 12 samples (client-local)[32m [repeated 240x across cluster][0m
[36m(ClientAppActor pid=1144550)[0m    Test:       50737 samples (global, shared)[32m [repeated 240x across cluster][0m[36m(ClientAppActor pid=1144550)[0m /home/bax9142/federated-edge-learning/.venv/lib64/python3.13/site-packages/sklearn/metrics/_ranking.py:424: UndefinedMetricWarning: Only one class is present in y_true. ROC AUC score is not defined in that case.[32m [repeated 45x across cluster][0m
[36m(ClientAppActor pid=1144550)[0m   warnings.warn([32m [repeated 45x across cluster][0m
[36m(ClientAppActor pid=1144556)[0m /home/bax9142/federated-edge-learning/.venv/lib64/python3.13/site-packages/sklearn/metrics/_ranking.py:424: UndefinedMetricWarning: Only one class is present in y_true. ROC AUC score is not defined in that case.[32m [repeated 40x across cluster][0m
[36m(ClientAppActor pid=1144556)[0m   warnings.warn([32m [repeated 40x across cluster][0m
[36m(ClientAppActor pid=1144569)[0m /home/bax9142/federated-edge-learning/.venv/lib64/python3.13/site-packages/sklearn/metrics/_ranking.py:424: UndefinedMetricWarning: Only one class is present in y_true. ROC AUC score is not defined in that case.[32m [repeated 37x across cluster][0m
[36m(ClientAppActor pid=1144569)[0m   warnings.warn([32m [repeated 37x across cluster][0m
[36m(ClientAppActor pid=1144544)[0m /home/bax9142/federated-edge-learning/.venv/lib64/python3.13/site-packages/sklearn/metrics/_ranking.py:424: UndefinedMetricWarning: Only one class is present in y_true. ROC AUC score is not defined in that case.[32m [repeated 44x across cluster][0m
[36m(ClientAppActor pid=1144544)[0m   warnings.warn([32m [repeated 44x across cluster][0m
[36m(ClientAppActor pid=1144545)[0m /home/bax9142/federated-edge-learning/.venv/lib64/python3.13/site-packages/sklearn/metrics/_ranking.py:424: UndefinedMetricWarning: Only one class is present in y_true. ROC AUC score is not defined in that case.[32m [repeated 39x across cluster][0m
[36m(ClientAppActor pid=1144545)[0m   warnings.warn([32m [repeated 39x across cluster][0m
[36m(ClientAppActor pid=1144537)[0m /home/bax9142/federated-edge-learning/.venv/lib64/python3.13/site-packages/sklearn/metrics/_ranking.py:424: UndefinedMetricWarning: Only one class is present in y_true. ROC AUC score is not defined in that case.[32m [repeated 32x across cluster][0m
[36m(ClientAppActor pid=1144537)[0m   warnings.warn([32m [repeated 32x across cluster][0m
[92mINFO [0m:      aggregate_evaluate: received 2048 results and 0 failures
[92mINFO [0m:      
[92mINFO [0m:      [ROUND 38]
[92mINFO [0m:      configure_fit: strategy sampled 1638 clients (out of 2048)
[92mINFO [0m:      aggregate_fit: received 1638 results and 0 failures
[92mINFO [0m:      configure_evaluate: strategy sampled 2048 clients (out of 2048)
[36m(ClientAppActor pid=1144548)[0m /home/bax9142/federated-edge-learning/.venv/lib64/python3.13/site-packages/sklearn/metrics/_ranking.py:424: UndefinedMetricWarning: Only one class is present in y_true. ROC AUC score is not defined in that case.[32m [repeated 39x across cluster][0m
[36m(ClientAppActor pid=1144548)[0m   warnings.warn([32m [repeated 39x across cluster][0m
[36m(ClientAppActor pid=1144544)[0m /home/bax9142/federated-edge-learning/.venv/lib64/python3.13/site-packages/sklearn/metrics/_ranking.py:424: UndefinedMetricWarning: Only one class is present in y_true. ROC AUC score is not defined in that case.[32m [repeated 61x across cluster][0m
[36m(ClientAppActor pid=1144544)[0m   warnings.warn([32m [repeated 61x across cluster][0m

[36m(ClientAppActor pid=1144543)[0m [Client 420] Data split:[32m [repeated 257x across cluster][0m
[36m(ClientAppActor pid=1144543)[0m    Train:      87 samples (client-local)[32m [repeated 257x across cluster][0m
[36m(ClientAppActor pid=1144543)[0m    Validation: 12 samples (client-local)[32m [repeated 257x across cluster][0m
[36m(ClientAppActor pid=1144543)[0m    Test:       50737 samples (global, shared)[32m [repeated 257x across cluster][0m
[36m(ClientAppActor pid=1144531)[0m [Client 1506] Data split:[32m [repeated 265x across cluster][0m
[36m(ClientAppActor pid=1144531)[0m    Train:      86 samples (client-local)[32m [repeated 265x across cluster][0m
[36m(ClientAppActor pid=1144531)[0m    Validation: 12 samples (client-local)[32m [repeated 265x across cluster][0m
[36m(ClientAppActor pid=1144531)[0m    Test:       50737 samples (global, shared)[32m [repeated 265x across cluster][0m
[36m(ClientAppActor pid=1144537)[0m [Client 347] Data split:[32m [repeated 253x across cluster][0m
[36m(ClientAppActor pid=1144537)[0m    Train:      87 samples (client-local)[32m [repeated 253x across cluster][0m
[36m(ClientAppActor pid=1144537)[0m    Validation: 12 samples (client-local)[32m [repeated 253x across cluster][0m
[36m(ClientAppActor pid=1144537)[0m    Test:       50737 samples (global, shared)[32m [repeated 253x across cluster][0m
[36m(ClientAppActor pid=1144531)[0m [Client 797] Data split:[32m [repeated 259x across cluster][0m
[36m(ClientAppActor pid=1144531)[0m    Train:      87 samples (client-local)[32m [repeated 259x across cluster][0m
[36m(ClientAppActor pid=1144531)[0m    Validation: 12 samples (client-local)[32m [repeated 259x across cluster][0m
[36m(ClientAppActor pid=1144531)[0m    Test:       50737 samples (global, shared)[32m [repeated 259x across cluster][0m
[36m(ClientAppActor pid=1144531)[0m [Client 1817] Data split:[32m [repeated 262x across cluster][0m
[36m(ClientAppActor pid=1144531)[0m    Train:      86 samples (client-local)[32m [repeated 262x across cluster][0m
[36m(ClientAppActor pid=1144531)[0m    Validation: 12 samples (client-local)[32m [repeated 262x across cluster][0m
[36m(ClientAppActor pid=1144531)[0m    Test:       50737 samples (global, shared)[32m [repeated 262x across cluster][0m
[36m(ClientAppActor pid=1144533)[0m [Client 240] Data split:[32m [repeated 252x across cluster][0m
[36m(ClientAppActor pid=1144533)[0m    Train:      87 samples (client-local)[32m [repeated 252x across cluster][0m
[36m(ClientAppActor pid=1144533)[0m    Validation: 12 samples (client-local)[32m [repeated 252x across cluster][0m
[36m(ClientAppActor pid=1144533)[0m    Test:       50737 samples (global, shared)[32m [repeated 252x across cluster][0m

🎯 Multi-Threshold Aggregation:
   ═══════════════════════════════════════════════
   Evaluated 10 thresholds:
     • Thr=0.30: Recall=0.948, Spec=0.242, F1=0.286
     • Thr=0.35: Recall=0.913, Spec=0.329, F1=0.302
     • Thr=0.40: Recall=0.875, Spec=0.407, F1=0.316
   ...

   BEST Threshold: 0.50
     • Recall:      0.785
     • Specificity: 0.546
     • F1-Score:    0.342
     • Score:       0.638
   ═══════════════════════════════════════════════

⚠️  No rounds meet spec≥0.7, using recall filter only
 10 Pareto-optimal rounds (not dominated in recall & spec)

🎯 SELECTED ROUND 37:
   Recall:     0.785
   Specificity: 0.546
   F1-Score:    0.342
   Stability:   1.000
   Alerts/1000: 500.1
   Composite:   0.646


✅ Round 37 is NEW BEST - Saving checkpoint...
   💾 Checkpoint saved: result/splits_iid_scaling/splits_iid_2048_clients.json/multi_thr/model_round_37.pt
⚠️  No rounds meet spec≥0.7, using recall filter only
 10 Pareto-optimal rounds (not dominated in recall & spec)

🎯 SELECTED ROUND 37:
   Recall:     0.785
   Specificity: 0.546
   F1-Score:    0.342
   Stability:   1.000
   Alerts/1000: 500.1
   Composite:   0.646

   💾 Best model saved: result/splits_iid_scaling/splits_iid_2048_clients.json/multi_thr/model_round_37.pt
   📊 Metrics saved: result/splits_iid_scaling/splits_iid_2048_clients.json/multi_thr/run_1.json
[36m(ClientAppActor pid=1144547)[0m [Client 1098] Data split:[32m [repeated 250x across cluster][0m
[36m(ClientAppActor pid=1144547)[0m    Train:      87 samples (client-local)[32m [repeated 250x across cluster][0m
[36m(ClientAppActor pid=1144547)[0m    Validation: 12 samples (client-local)[32m [repeated 250x across cluster][0m
[36m(ClientAppActor pid=1144547)[0m    Test:       50737 samples (global, shared)[32m [repeated 250x across cluster][0m
[36m(ClientAppActor pid=1144541)[0m [Client 1785] Data split:[32m [repeated 259x across cluster][0m
[36m(ClientAppActor pid=1144541)[0m    Train:      86 samples (client-local)[32m [repeated 259x across cluster][0m
[36m(ClientAppActor pid=1144541)[0m    Validation: 12 samples (client-local)[32m [repeated 259x across cluster][0m
[36m(ClientAppActor pid=1144541)[0m    Test:       50737 samples (global, shared)[32m [repeated 259x across cluster][0m
[36m(ClientAppActor pid=1144531)[0m [Client 1763] Data split:[32m [repeated 254x across cluster][0m
[36m(ClientAppActor pid=1144531)[0m    Train:      86 samples (client-local)[32m [repeated 254x across cluster][0m
[36m(ClientAppActor pid=1144531)[0m    Validation: 12 samples (client-local)[32m [repeated 254x across cluster][0m
[36m(ClientAppActor pid=1144531)[0m    Test:       50737 samples (global, shared)[32m [repeated 254x across cluster][0m
[36m(ClientAppActor pid=1144546)[0m [Client 2039] Data split:[32m [repeated 267x across cluster][0m
[36m(ClientAppActor pid=1144546)[0m    Train:      86 samples (client-local)[32m [repeated 267x across cluster][0m
[36m(ClientAppActor pid=1144546)[0m    Validation: 12 samples (client-local)[32m [repeated 267x across cluster][0m
[36m(ClientAppActor pid=1144546)[0m    Test:       50737 samples (global, shared)[32m [repeated 267x across cluster][0m
[36m(ClientAppActor pid=1144537)[0m [Client 818] Data split:[32m [repeated 249x across cluster][0m
[36m(ClientAppActor pid=1144537)[0m    Train:      87 samples (client-local)[32m [repeated 249x across cluster][0m
[36m(ClientAppActor pid=1144537)[0m    Validation: 12 samples (client-local)[32m [repeated 249x across cluster][0m
[36m(ClientAppActor pid=1144537)[0m    Test:       50737 samples (global, shared)[32m [repeated 249x across cluster][0m
[36m(ClientAppActor pid=1144539)[0m [Client 867] Data split:[32m [repeated 253x across cluster][0m
[36m(ClientAppActor pid=1144539)[0m    Train:      87 samples (client-local)[32m [repeated 253x across cluster][0m
[36m(ClientAppActor pid=1144539)[0m    Validation: 12 samples (client-local)[32m [repeated 253x across cluster][0m
[36m(ClientAppActor pid=1144539)[0m    Test:       50737 samples (global, shared)[32m [repeated 253x across cluster][0m
[36m(ClientAppActor pid=1144539)[0m [Client 1720] Data split:[32m [repeated 251x across cluster][0m
[36m(ClientAppActor pid=1144539)[0m    Train:      86 samples (client-local)[32m [repeated 251x across cluster][0m
[36m(ClientAppActor pid=1144539)[0m    Validation: 12 samples (client-local)[32m [repeated 251x across cluster][0m
[36m(ClientAppActor pid=1144539)[0m    Test:       50737 samples (global, shared)[32m [repeated 251x across cluster][0m
[36m(ClientAppActor pid=1144541)[0m [Client 1557] Data split:[32m [repeated 196x across cluster][0m
[36m(ClientAppActor pid=1144541)[0m    Train:      86 samples (client-local)[32m [repeated 196x across cluster][0m
[36m(ClientAppActor pid=1144541)[0m    Validation: 12 samples (client-local)[32m [repeated 196x across cluster][0m
[36m(ClientAppActor pid=1144541)[0m    Test:       50737 samples (global, shared)[32m [repeated 196x across cluster][0m
[36m(ClientAppActor pid=1144541)[0m [Client 300] Data split:[32m [repeated 259x across cluster][0m[36m(ClientAppActor pid=1144542)[0m /home/bax9142/federated-edge-learning/.venv/lib64/python3.13/site-packages/sklearn/metrics/_ranking.py:424: UndefinedMetricWarning: Only one class is present in y_true. ROC AUC score is not defined in that case.[32m [repeated 43x across cluster][0m
[36m(ClientAppActor pid=1144542)[0m   warnings.warn([32m [repeated 43x across cluster][0m
[36m(ClientAppActor pid=1144537)[0m /home/bax9142/federated-edge-learning/.venv/lib64/python3.13/site-packages/sklearn/metrics/_ranking.py:424: UndefinedMetricWarning: Only one class is present in y_true. ROC AUC score is not defined in that case.[32m [repeated 41x across cluster][0m
[36m(ClientAppActor pid=1144537)[0m   warnings.warn([32m [repeated 41x across cluster][0m
[36m(ClientAppActor pid=1144552)[0m /home/bax9142/federated-edge-learning/.venv/lib64/python3.13/site-packages/sklearn/metrics/_ranking.py:424: UndefinedMetricWarning: Only one class is present in y_true. ROC AUC score is not defined in that case.[32m [repeated 38x across cluster][0m
[36m(ClientAppActor pid=1144552)[0m   warnings.warn([32m [repeated 38x across cluster][0m
[36m(ClientAppActor pid=1144547)[0m /home/bax9142/federated-edge-learning/.venv/lib64/python3.13/site-packages/sklearn/metrics/_ranking.py:424: UndefinedMetricWarning: Only one class is present in y_true. ROC AUC score is not defined in that case.[32m [repeated 32x across cluster][0m
[36m(ClientAppActor pid=1144547)[0m   warnings.warn([32m [repeated 32x across cluster][0m
[36m(ClientAppActor pid=1144543)[0m /home/bax9142/federated-edge-learning/.venv/lib64/python3.13/site-packages/sklearn/metrics/_ranking.py:424: UndefinedMetricWarning: Only one class is present in y_true. ROC AUC score is not defined in that case.[32m [repeated 39x across cluster][0m
[36m(ClientAppActor pid=1144543)[0m   warnings.warn([32m [repeated 39x across cluster][0m
[36m(ClientAppActor pid=1144553)[0m /home/bax9142/federated-edge-learning/.venv/lib64/python3.13/site-packages/sklearn/metrics/_ranking.py:424: UndefinedMetricWarning: Only one class is present in y_true. ROC AUC score is not defined in that case.[32m [repeated 43x across cluster][0m
[36m(ClientAppActor pid=1144553)[0m   warnings.warn([32m [repeated 43x across cluster][0m
[92mINFO [0m:      aggregate_evaluate: received 2048 results and 0 failures
[92mINFO [0m:      
[92mINFO [0m:      [ROUND 39]
[92mINFO [0m:      configure_fit: strategy sampled 1638 clients (out of 2048)
[92mINFO [0m:      aggregate_fit: received 1638 results and 0 failures
[92mINFO [0m:      configure_evaluate: strategy sampled 2048 clients (out of 2048)
[36m(ClientAppActor pid=1144545)[0m /home/bax9142/federated-edge-learning/.venv/lib64/python3.13/site-packages/sklearn/metrics/_ranking.py:424: UndefinedMetricWarning: Only one class is present in y_true. ROC AUC score is not defined in that case.[32m [repeated 25x across cluster][0m
[36m(ClientAppActor pid=1144545)[0m   warnings.warn([32m [repeated 25x across cluster][0m

[36m(ClientAppActor pid=1144541)[0m    Train:      87 samples (client-local)[32m [repeated 259x across cluster][0m
[36m(ClientAppActor pid=1144541)[0m    Validation: 12 samples (client-local)[32m [repeated 259x across cluster][0m
[36m(ClientAppActor pid=1144541)[0m    Test:       50737 samples (global, shared)[32m [repeated 259x across cluster][0m
[36m(ClientAppActor pid=1144538)[0m [Client 1179] Data split:[32m [repeated 272x across cluster][0m
[36m(ClientAppActor pid=1144538)[0m    Train:      87 samples (client-local)[32m [repeated 272x across cluster][0m
[36m(ClientAppActor pid=1144538)[0m    Validation: 12 samples (client-local)[32m [repeated 272x across cluster][0m
[36m(ClientAppActor pid=1144538)[0m    Test:       50737 samples (global, shared)[32m [repeated 272x across cluster][0m
[36m(ClientAppActor pid=1144531)[0m [Client 699] Data split:[32m [repeated 248x across cluster][0m
[36m(ClientAppActor pid=1144531)[0m    Train:      87 samples (client-local)[32m [repeated 248x across cluster][0m
[36m(ClientAppActor pid=1144531)[0m    Validation: 12 samples (client-local)[32m [repeated 248x across cluster][0m
[36m(ClientAppActor pid=1144531)[0m    Test:       50737 samples (global, shared)[32m [repeated 248x across cluster][0m
[36m(ClientAppActor pid=1144552)[0m [Client 102] Data split:[32m [repeated 266x across cluster][0m
[36m(ClientAppActor pid=1144552)[0m    Train:      87 samples (client-local)[32m [repeated 266x across cluster][0m
[36m(ClientAppActor pid=1144552)[0m    Validation: 12 samples (client-local)[32m [repeated 266x across cluster][0m
[36m(ClientAppActor pid=1144552)[0m    Test:       50737 samples (global, shared)[32m [repeated 266x across cluster][0m
[36m(ClientAppActor pid=1144545)[0m [Client 1253] Data split:[32m [repeated 247x across cluster][0m
[36m(ClientAppActor pid=1144545)[0m    Train:      87 samples (client-local)[32m [repeated 247x across cluster][0m
[36m(ClientAppActor pid=1144545)[0m    Validation: 12 samples (client-local)[32m [repeated 247x across cluster][0m
[36m(ClientAppActor pid=1144545)[0m    Test:       50737 samples (global, shared)[32m [repeated 247x across cluster][0m
[36m(ClientAppActor pid=1144540)[0m [Client 1878] Data split:[32m [repeated 264x across cluster][0m
[36m(ClientAppActor pid=1144540)[0m    Train:      86 samples (client-local)[32m [repeated 264x across cluster][0m
[36m(ClientAppActor pid=1144540)[0m    Validation: 12 samples (client-local)[32m [repeated 264x across cluster][0m
[36m(ClientAppActor pid=1144540)[0m    Test:       50737 samples (global, shared)[32m [repeated 264x across cluster][0m
[36m(ClientAppActor pid=1144541)[0m [Client 495] Data split:[32m [repeated 256x across cluster][0m
[36m(ClientAppActor pid=1144541)[0m    Train:      87 samples (client-local)[32m [repeated 256x across cluster][0m
[36m(ClientAppActor pid=1144541)[0m    Validation: 12 samples (client-local)[32m [repeated 256x across cluster][0m
[36m(ClientAppActor pid=1144541)[0m    Test:       50737 samples (global, shared)[32m [repeated 256x across cluster][0m

🎯 Multi-Threshold Aggregation:
   ═══════════════════════════════════════════════
   Evaluated 10 thresholds:
     • Thr=0.30: Recall=0.947, Spec=0.247, F1=0.287
     • Thr=0.35: Recall=0.913, Spec=0.334, F1=0.303
     • Thr=0.40: Recall=0.875, Spec=0.412, F1=0.318
   ...

   BEST Threshold: 0.50
     • Recall:      0.786
     • Specificity: 0.549
     • F1-Score:    0.344
     • Score:       0.640
   ═══════════════════════════════════════════════

⚠️  No rounds meet spec≥0.7, using recall filter only
 8 Pareto-optimal rounds (not dominated in recall & spec)

🎯 SELECTED ROUND 38:
   Recall:     0.786
   Specificity: 0.549
   F1-Score:    0.344
   Stability:   1.000
   Alerts/1000: 497.8
   Composite:   0.648


✅ Round 38 is NEW BEST - Saving checkpoint...
   💾 Checkpoint saved: result/splits_iid_scaling/splits_iid_2048_clients.json/multi_thr/model_round_38.pt
⚠️  No rounds meet spec≥0.7, using recall filter only
 8 Pareto-optimal rounds (not dominated in recall & spec)

🎯 SELECTED ROUND 38:
   Recall:     0.786
   Specificity: 0.549
   F1-Score:    0.344
   Stability:   1.000
   Alerts/1000: 497.8
   Composite:   0.648

   💾 Best model saved: result/splits_iid_scaling/splits_iid_2048_clients.json/multi_thr/model_round_38.pt
   📊 Metrics saved: result/splits_iid_scaling/splits_iid_2048_clients.json/multi_thr/run_1.json
[36m(ClientAppActor pid=1144531)[0m [Client 1743] Data split:[32m [repeated 241x across cluster][0m
[36m(ClientAppActor pid=1144531)[0m    Train:      86 samples (client-local)[32m [repeated 241x across cluster][0m
[36m(ClientAppActor pid=1144531)[0m    Validation: 12 samples (client-local)[32m [repeated 241x across cluster][0m
[36m(ClientAppActor pid=1144531)[0m    Test:       50737 samples (global, shared)[32m [repeated 241x across cluster][0m
[36m(ClientAppActor pid=1144547)[0m [Client 1493] Data split:[32m [repeated 251x across cluster][0m
[36m(ClientAppActor pid=1144547)[0m    Train:      86 samples (client-local)[32m [repeated 251x across cluster][0m
[36m(ClientAppActor pid=1144547)[0m    Validation: 12 samples (client-local)[32m [repeated 251x across cluster][0m
[36m(ClientAppActor pid=1144547)[0m    Test:       50737 samples (global, shared)[32m [repeated 251x across cluster][0m
[36m(ClientAppActor pid=1144537)[0m [Client 1784] Data split:[32m [repeated 260x across cluster][0m
[36m(ClientAppActor pid=1144537)[0m    Train:      86 samples (client-local)[32m [repeated 260x across cluster][0m
[36m(ClientAppActor pid=1144537)[0m    Validation: 12 samples (client-local)[32m [repeated 260x across cluster][0m
[36m(ClientAppActor pid=1144537)[0m    Test:       50737 samples (global, shared)[32m [repeated 260x across cluster][0m
[36m(ClientAppActor pid=1144544)[0m [Client 274] Data split:[32m [repeated 254x across cluster][0m
[36m(ClientAppActor pid=1144544)[0m    Train:      87 samples (client-local)[32m [repeated 254x across cluster][0m
[36m(ClientAppActor pid=1144544)[0m    Validation: 12 samples (client-local)[32m [repeated 254x across cluster][0m
[36m(ClientAppActor pid=1144544)[0m    Test:       50737 samples (global, shared)[32m [repeated 254x across cluster][0m
[36m(ClientAppActor pid=1144531)[0m [Client 825] Data split:[32m [repeated 248x across cluster][0m
[36m(ClientAppActor pid=1144531)[0m    Train:      87 samples (client-local)[32m [repeated 248x across cluster][0m
[36m(ClientAppActor pid=1144531)[0m    Validation: 12 samples (client-local)[32m [repeated 248x across cluster][0m
[36m(ClientAppActor pid=1144531)[0m    Test:       50737 samples (global, shared)[32m [repeated 248x across cluster][0m
[36m(ClientAppActor pid=1144531)[0m [Client 1825] Data split:[32m [repeated 259x across cluster][0m
[36m(ClientAppActor pid=1144531)[0m    Train:      86 samples (client-local)[32m [repeated 259x across cluster][0m
[36m(ClientAppActor pid=1144531)[0m    Validation: 12 samples (client-local)[32m [repeated 259x across cluster][0m
[36m(ClientAppActor pid=1144531)[0m    Test:       50737 samples (global, shared)[32m [repeated 259x across cluster][0m
[36m(ClientAppActor pid=1144531)[0m [Client 12] Data split:[32m [repeated 234x across cluster][0m
[36m(ClientAppActor pid=1144531)[0m    Train:      87 samples (client-local)[32m [repeated 234x across cluster][0m
[36m(ClientAppActor pid=1144531)[0m    Validation: 12 samples (client-local)[32m [repeated 234x across cluster][0m
[36m(ClientAppActor pid=1144531)[0m    Test:       50737 samples (global, shared)[32m [repeated 234x across cluster][0m
[36m(ClientAppActor pid=1144536)[0m [Client 641] Data split:[32m [repeated 261x across cluster][0m
[36m(ClientAppActor pid=1144536)[0m    Train:      87 samples (client-local)[32m [repeated 261x across cluster][0m[36m(ClientAppActor pid=1144540)[0m /home/bax9142/federated-edge-learning/.venv/lib64/python3.13/site-packages/sklearn/metrics/_ranking.py:424: UndefinedMetricWarning: Only one class is present in y_true. ROC AUC score is not defined in that case.[32m [repeated 40x across cluster][0m
[36m(ClientAppActor pid=1144540)[0m   warnings.warn([32m [repeated 40x across cluster][0m
[36m(ClientAppActor pid=1144547)[0m /home/bax9142/federated-edge-learning/.venv/lib64/python3.13/site-packages/sklearn/metrics/_ranking.py:424: UndefinedMetricWarning: Only one class is present in y_true. ROC AUC score is not defined in that case.[32m [repeated 43x across cluster][0m
[36m(ClientAppActor pid=1144547)[0m   warnings.warn([32m [repeated 43x across cluster][0m
[36m(ClientAppActor pid=1144549)[0m /home/bax9142/federated-edge-learning/.venv/lib64/python3.13/site-packages/sklearn/metrics/_ranking.py:424: UndefinedMetricWarning: Only one class is present in y_true. ROC AUC score is not defined in that case.[32m [repeated 46x across cluster][0m
[36m(ClientAppActor pid=1144549)[0m   warnings.warn([32m [repeated 46x across cluster][0m
[36m(ClientAppActor pid=1144540)[0m /home/bax9142/federated-edge-learning/.venv/lib64/python3.13/site-packages/sklearn/metrics/_ranking.py:424: UndefinedMetricWarning: Only one class is present in y_true. ROC AUC score is not defined in that case.[32m [repeated 38x across cluster][0m
[36m(ClientAppActor pid=1144540)[0m   warnings.warn([32m [repeated 38x across cluster][0m
[36m(ClientAppActor pid=1144531)[0m /home/bax9142/federated-edge-learning/.venv/lib64/python3.13/site-packages/sklearn/metrics/_ranking.py:424: UndefinedMetricWarning: Only one class is present in y_true. ROC AUC score is not defined in that case.[32m [repeated 39x across cluster][0m
[36m(ClientAppActor pid=1144531)[0m   warnings.warn([32m [repeated 39x across cluster][0m
[36m(ClientAppActor pid=1144542)[0m /home/bax9142/federated-edge-learning/.venv/lib64/python3.13/site-packages/sklearn/metrics/_ranking.py:424: UndefinedMetricWarning: Only one class is present in y_true. ROC AUC score is not defined in that case.[32m [repeated 33x across cluster][0m
[36m(ClientAppActor pid=1144542)[0m   warnings.warn([32m [repeated 33x across cluster][0m
[36m(ClientAppActor pid=1144543)[0m /home/bax9142/federated-edge-learning/.venv/lib64/python3.13/site-packages/sklearn/metrics/_ranking.py:424: UndefinedMetricWarning: Only one class is present in y_true. ROC AUC score is not defined in that case.[32m [repeated 35x across cluster][0m
[36m(ClientAppActor pid=1144543)[0m   warnings.warn([32m [repeated 35x across cluster][0m
[92mINFO [0m:      aggregate_evaluate: received 2048 results and 0 failures
[92mINFO [0m:      
[92mINFO [0m:      [ROUND 40]
[92mINFO [0m:      configure_fit: strategy sampled 1638 clients (out of 2048)
[92mINFO [0m:      aggregate_fit: received 1638 results and 0 failures
[92mINFO [0m:      configure_evaluate: strategy sampled 2048 clients (out of 2048)
[36m(ClientAppActor pid=1144544)[0m /home/bax9142/federated-edge-learning/.venv/lib64/python3.13/site-packages/sklearn/metrics/_ranking.py:424: UndefinedMetricWarning: Only one class is present in y_true. ROC AUC score is not defined in that case.[32m [repeated 48x across cluster][0m
[36m(ClientAppActor pid=1144544)[0m   warnings.warn([32m [repeated 48x across cluster][0m

[36m(ClientAppActor pid=1144536)[0m    Validation: 12 samples (client-local)[32m [repeated 261x across cluster][0m
[36m(ClientAppActor pid=1144536)[0m    Test:       50737 samples (global, shared)[32m [repeated 261x across cluster][0m
[36m(ClientAppActor pid=1144541)[0m [Client 550] Data split:[32m [repeated 241x across cluster][0m
[36m(ClientAppActor pid=1144541)[0m    Train:      87 samples (client-local)[32m [repeated 241x across cluster][0m
[36m(ClientAppActor pid=1144541)[0m    Validation: 12 samples (client-local)[32m [repeated 241x across cluster][0m
[36m(ClientAppActor pid=1144541)[0m    Test:       50737 samples (global, shared)[32m [repeated 241x across cluster][0m
[36m(ClientAppActor pid=1144531)[0m [Client 851] Data split:[32m [repeated 246x across cluster][0m
[36m(ClientAppActor pid=1144531)[0m    Train:      87 samples (client-local)[32m [repeated 246x across cluster][0m
[36m(ClientAppActor pid=1144531)[0m    Validation: 12 samples (client-local)[32m [repeated 246x across cluster][0m
[36m(ClientAppActor pid=1144531)[0m    Test:       50737 samples (global, shared)[32m [repeated 246x across cluster][0m
[36m(ClientAppActor pid=1144540)[0m [Client 955] Data split:[32m [repeated 255x across cluster][0m
[36m(ClientAppActor pid=1144540)[0m    Train:      87 samples (client-local)[32m [repeated 255x across cluster][0m
[36m(ClientAppActor pid=1144540)[0m    Validation: 12 samples (client-local)[32m [repeated 255x across cluster][0m
[36m(ClientAppActor pid=1144540)[0m    Test:       50737 samples (global, shared)[32m [repeated 255x across cluster][0m
[36m(ClientAppActor pid=1144538)[0m [Client 188] Data split:[32m [repeated 252x across cluster][0m
[36m(ClientAppActor pid=1144538)[0m    Train:      87 samples (client-local)[32m [repeated 252x across cluster][0m
[36m(ClientAppActor pid=1144538)[0m    Validation: 12 samples (client-local)[32m [repeated 252x across cluster][0m
[36m(ClientAppActor pid=1144538)[0m    Test:       50737 samples (global, shared)[32m [repeated 252x across cluster][0m
[36m(ClientAppActor pid=1144545)[0m [Client 721] Data split:[32m [repeated 253x across cluster][0m
[36m(ClientAppActor pid=1144545)[0m    Train:      87 samples (client-local)[32m [repeated 253x across cluster][0m
[36m(ClientAppActor pid=1144545)[0m    Validation: 12 samples (client-local)[32m [repeated 253x across cluster][0m
[36m(ClientAppActor pid=1144545)[0m    Test:       50737 samples (global, shared)[32m [repeated 253x across cluster][0m
[36m(ClientAppActor pid=1144531)[0m [Client 10] Data split:[32m [repeated 260x across cluster][0m
[36m(ClientAppActor pid=1144531)[0m    Train:      87 samples (client-local)[32m [repeated 260x across cluster][0m
[36m(ClientAppActor pid=1144531)[0m    Validation: 12 samples (client-local)[32m [repeated 260x across cluster][0m
[36m(ClientAppActor pid=1144531)[0m    Test:       50737 samples (global, shared)[32m [repeated 260x across cluster][0m
[36m(ClientAppActor pid=1144539)[0m [Client 246] Data split:[32m [repeated 255x across cluster][0m
[36m(ClientAppActor pid=1144539)[0m    Train:      87 samples (client-local)[32m [repeated 255x across cluster][0m
[36m(ClientAppActor pid=1144539)[0m    Validation: 12 samples (client-local)[32m [repeated 255x across cluster][0m
[36m(ClientAppActor pid=1144539)[0m    Test:       50737 samples (global, shared)[32m [repeated 255x across cluster][0m

🎯 Multi-Threshold Aggregation:
   ═══════════════════════════════════════════════
   Evaluated 10 thresholds:
     • Thr=0.30: Recall=0.947, Spec=0.252, F1=0.288
     • Thr=0.35: Recall=0.914, Spec=0.338, F1=0.305
     • Thr=0.40: Recall=0.874, Spec=0.416, F1=0.319
   ...

   BEST Threshold: 0.50
     • Recall:      0.786
     • Specificity: 0.552
     • F1-Score:    0.345
     • Score:       0.641
   ═══════════════════════════════════════════════

⚠️  No rounds meet spec≥0.7, using recall filter only
 9 Pareto-optimal rounds (not dominated in recall & spec)

🎯 SELECTED ROUND 39:
   Recall:     0.786
   Specificity: 0.552
   F1-Score:    0.345
   Stability:   1.000
   Alerts/1000: 495.3
   Composite:   0.649


✅ Round 39 is NEW BEST - Saving checkpoint...
   💾 Checkpoint saved: result/splits_iid_scaling/splits_iid_2048_clients.json/multi_thr/model_round_39.pt
⚠️  No rounds meet spec≥0.7, using recall filter only
 9 Pareto-optimal rounds (not dominated in recall & spec)

🎯 SELECTED ROUND 39:
   Recall:     0.786
   Specificity: 0.552
   F1-Score:    0.345
   Stability:   1.000
   Alerts/1000: 495.3
   Composite:   0.649

   💾 Best model saved: result/splits_iid_scaling/splits_iid_2048_clients.json/multi_thr/model_round_39.pt
   📊 Metrics saved: result/splits_iid_scaling/splits_iid_2048_clients.json/multi_thr/run_1.json
[36m(ClientAppActor pid=1144531)[0m [Client 1724] Data split:[32m [repeated 233x across cluster][0m
[36m(ClientAppActor pid=1144531)[0m    Train:      86 samples (client-local)[32m [repeated 233x across cluster][0m
[36m(ClientAppActor pid=1144531)[0m    Validation: 12 samples (client-local)[32m [repeated 233x across cluster][0m
[36m(ClientAppActor pid=1144531)[0m    Test:       50737 samples (global, shared)[32m [repeated 233x across cluster][0m
[36m(ClientAppActor pid=1144547)[0m [Client 1996] Data split:[32m [repeated 255x across cluster][0m
[36m(ClientAppActor pid=1144547)[0m    Train:      86 samples (client-local)[32m [repeated 255x across cluster][0m
[36m(ClientAppActor pid=1144547)[0m    Validation: 12 samples (client-local)[32m [repeated 255x across cluster][0m
[36m(ClientAppActor pid=1144547)[0m    Test:       50737 samples (global, shared)[32m [repeated 255x across cluster][0m
[36m(ClientAppActor pid=1144540)[0m [Client 81] Data split:[32m [repeated 250x across cluster][0m
[36m(ClientAppActor pid=1144540)[0m    Train:      87 samples (client-local)[32m [repeated 250x across cluster][0m
[36m(ClientAppActor pid=1144540)[0m    Validation: 12 samples (client-local)[32m [repeated 250x across cluster][0m
[36m(ClientAppActor pid=1144540)[0m    Test:       50737 samples (global, shared)[32m [repeated 250x across cluster][0m
[36m(ClientAppActor pid=1144534)[0m [Client 1006] Data split:[32m [repeated 253x across cluster][0m
[36m(ClientAppActor pid=1144534)[0m    Train:      87 samples (client-local)[32m [repeated 253x across cluster][0m
[36m(ClientAppActor pid=1144534)[0m    Validation: 12 samples (client-local)[32m [repeated 253x across cluster][0m
[36m(ClientAppActor pid=1144534)[0m    Test:       50737 samples (global, shared)[32m [repeated 253x across cluster][0m
[36m(ClientAppActor pid=1144544)[0m [Client 1825] Data split:[32m [repeated 267x across cluster][0m
[36m(ClientAppActor pid=1144544)[0m    Train:      86 samples (client-local)[32m [repeated 267x across cluster][0m
[36m(ClientAppActor pid=1144544)[0m    Validation: 12 samples (client-local)[32m [repeated 267x across cluster][0m
[36m(ClientAppActor pid=1144544)[0m    Test:       50737 samples (global, shared)[32m [repeated 267x across cluster][0m
[36m(ClientAppActor pid=1144541)[0m [Client 131] Data split:[32m [repeated 251x across cluster][0m
[36m(ClientAppActor pid=1144541)[0m    Train:      87 samples (client-local)[32m [repeated 251x across cluster][0m
[36m(ClientAppActor pid=1144541)[0m    Validation: 12 samples (client-local)[32m [repeated 251x across cluster][0m
[36m(ClientAppActor pid=1144541)[0m    Test:       50737 samples (global, shared)[32m [repeated 251x across cluster][0m
[36m(ClientAppActor pid=1144533)[0m [Client 1893] Data split:[32m [repeated 194x across cluster][0m
[36m(ClientAppActor pid=1144533)[0m    Train:      86 samples (client-local)[32m [repeated 194x across cluster][0m
[36m(ClientAppActor pid=1144533)[0m    Validation: 12 samples (client-local)[32m [repeated 194x across cluster][0m[36m(ClientAppActor pid=1144537)[0m /home/bax9142/federated-edge-learning/.venv/lib64/python3.13/site-packages/sklearn/metrics/_ranking.py:424: UndefinedMetricWarning: Only one class is present in y_true. ROC AUC score is not defined in that case.[32m [repeated 46x across cluster][0m
[36m(ClientAppActor pid=1144537)[0m   warnings.warn([32m [repeated 46x across cluster][0m
[36m(ClientAppActor pid=1144546)[0m /home/bax9142/federated-edge-learning/.venv/lib64/python3.13/site-packages/sklearn/metrics/_ranking.py:424: UndefinedMetricWarning: Only one class is present in y_true. ROC AUC score is not defined in that case.[32m [repeated 42x across cluster][0m
[36m(ClientAppActor pid=1144546)[0m   warnings.warn([32m [repeated 42x across cluster][0m
[36m(ClientAppActor pid=1144540)[0m /home/bax9142/federated-edge-learning/.venv/lib64/python3.13/site-packages/sklearn/metrics/_ranking.py:424: UndefinedMetricWarning: Only one class is present in y_true. ROC AUC score is not defined in that case.[32m [repeated 44x across cluster][0m
[36m(ClientAppActor pid=1144540)[0m   warnings.warn([32m [repeated 44x across cluster][0m
[36m(ClientAppActor pid=1144556)[0m /home/bax9142/federated-edge-learning/.venv/lib64/python3.13/site-packages/sklearn/metrics/_ranking.py:424: UndefinedMetricWarning: Only one class is present in y_true. ROC AUC score is not defined in that case.[32m [repeated 38x across cluster][0m
[36m(ClientAppActor pid=1144556)[0m   warnings.warn([32m [repeated 38x across cluster][0m
[36m(ClientAppActor pid=1144541)[0m /home/bax9142/federated-edge-learning/.venv/lib64/python3.13/site-packages/sklearn/metrics/_ranking.py:424: UndefinedMetricWarning: Only one class is present in y_true. ROC AUC score is not defined in that case.[32m [repeated 47x across cluster][0m
[36m(ClientAppActor pid=1144541)[0m   warnings.warn([32m [repeated 47x across cluster][0m
[36m(ClientAppActor pid=1144531)[0m /home/bax9142/federated-edge-learning/.venv/lib64/python3.13/site-packages/sklearn/metrics/_ranking.py:424: UndefinedMetricWarning: Only one class is present in y_true. ROC AUC score is not defined in that case.[32m [repeated 36x across cluster][0m
[36m(ClientAppActor pid=1144531)[0m   warnings.warn([32m [repeated 36x across cluster][0m
[36m(ClientAppActor pid=1144585)[0m /home/bax9142/federated-edge-learning/.venv/lib64/python3.13/site-packages/sklearn/metrics/_ranking.py:424: UndefinedMetricWarning: Only one class is present in y_true. ROC AUC score is not defined in that case.[32m [repeated 38x across cluster][0m
[36m(ClientAppActor pid=1144585)[0m   warnings.warn([32m [repeated 38x across cluster][0m
[92mINFO [0m:      aggregate_evaluate: received 2048 results and 0 failures
[92mINFO [0m:      
[92mINFO [0m:      [ROUND 41]
[92mINFO [0m:      configure_fit: strategy sampled 1638 clients (out of 2048)

[36m(ClientAppActor pid=1144533)[0m    Test:       50737 samples (global, shared)[32m [repeated 194x across cluster][0m
[36m(ClientAppActor pid=1144553)[0m [Client 311] Data split:[32m [repeated 267x across cluster][0m
[36m(ClientAppActor pid=1144553)[0m    Train:      87 samples (client-local)[32m [repeated 267x across cluster][0m
[36m(ClientAppActor pid=1144553)[0m    Validation: 12 samples (client-local)[32m [repeated 267x across cluster][0m
[36m(ClientAppActor pid=1144553)[0m    Test:       50737 samples (global, shared)[32m [repeated 267x across cluster][0m
[36m(ClientAppActor pid=1144534)[0m [Client 301] Data split:[32m [repeated 257x across cluster][0m
[36m(ClientAppActor pid=1144534)[0m    Train:      87 samples (client-local)[32m [repeated 257x across cluster][0m
[36m(ClientAppActor pid=1144534)[0m    Validation: 12 samples (client-local)[32m [repeated 257x across cluster][0m
[36m(ClientAppActor pid=1144534)[0m    Test:       50737 samples (global, shared)[32m [repeated 257x across cluster][0m
[36m(ClientAppActor pid=1144574)[0m 
[36m(ClientAppActor pid=1144541)[0m [Client 1806] Data split:[32m [repeated 251x across cluster][0m
[36m(ClientAppActor pid=1144541)[0m    Train:      86 samples (client-local)[32m [repeated 251x across cluster][0m
[36m(ClientAppActor pid=1144541)[0m    Validation: 12 samples (client-local)[32m [repeated 251x across cluster][0m
[36m(ClientAppActor pid=1144541)[0m    Test:       50737 samples (global, shared)[32m [repeated 251x across cluster][0m
[36m(ClientAppActor pid=1144541)[0m [Client 2004] Data split:[32m [repeated 263x across cluster][0m
[36m(ClientAppActor pid=1144541)[0m    Train:      86 samples (client-local)[32m [repeated 263x across cluster][0m
[36m(ClientAppActor pid=1144541)[0m    Validation: 12 samples (client-local)[32m [repeated 263x across cluster][0m
[36m(ClientAppActor pid=1144541)[0m    Test:       50737 samples (global, shared)[32m [repeated 263x across cluster][0m
[36m(ClientAppActor pid=1144537)[0m [Client 309] Data split:[32m [repeated 255x across cluster][0m
[36m(ClientAppActor pid=1144537)[0m    Train:      87 samples (client-local)[32m [repeated 255x across cluster][0m
[36m(ClientAppActor pid=1144537)[0m    Validation: 12 samples (client-local)[32m [repeated 255x across cluster][0m
[36m(ClientAppActor pid=1144537)[0m    Test:       50737 samples (global, shared)[32m [repeated 255x across cluster][0m
[36m(ClientAppActor pid=1144533)[0m [Client 8] Data split:[32m [repeated 269x across cluster][0m
[36m(ClientAppActor pid=1144533)[0m    Train:      87 samples (client-local)[32m [repeated 269x across cluster][0m
[36m(ClientAppActor pid=1144533)[0m    Validation: 12 samples (client-local)[32m [repeated 269x across cluster][0m
[36m(ClientAppActor pid=1144533)[0m    Test:       50737 samples (global, shared)[32m [repeated 269x across cluster][0m
[36m(ClientAppActor pid=1144533)[0m [Client 1101] Data split:[32m [repeated 256x across cluster][0m
[36m(ClientAppActor pid=1144533)[0m    Train:      87 samples (client-local)[32m [repeated 256x across cluster][0m
[36m(ClientAppActor pid=1144533)[0m    Validation: 12 samples (client-local)[32m [repeated 256x across cluster][0m
[36m(ClientAppActor pid=1144533)[0m    Test:       50737 samples (global, shared)[32m [repeated 256x across cluster][0m

🎯 Multi-Threshold Aggregation:
   ═══════════════════════════════════════════════
   Evaluated 10 thresholds:
     • Thr=0.30: Recall=0.945, Spec=0.256, F1=0.289
     • Thr=0.35: Recall=0.915, Spec=0.342, F1=0.306
     • Thr=0.40: Recall=0.875, Spec=0.420, F1=0.321
   ...

   BEST Threshold: 0.50
     • Recall:      0.786
     • Specificity: 0.554
     • F1-Score:    0.346
     • Score:       0.642
   ═══════════════════════════════════════════════

⚠️  No rounds meet spec≥0.7, using recall filter only
 9 Pareto-optimal rounds (not dominated in recall & spec)

🎯 SELECTED ROUND 40:
   Recall:     0.786
   Specificity: 0.554
   F1-Score:    0.346
   Stability:   1.000
   Alerts/1000: 493.3
   Composite:   0.650


✅ Round 40 is NEW BEST - Saving checkpoint...
   💾 Checkpoint saved: result/splits_iid_scaling/splits_iid_2048_clients.json/multi_thr/model_round_40.pt
⚠️  No rounds meet spec≥0.7, using recall filter only
 9 Pareto-optimal rounds (not dominated in recall & spec)

🎯 SELECTED ROUND 40:
   Recall:     0.786
   Specificity: 0.554
   F1-Score:    0.346
   Stability:   1.000
   Alerts/1000: 493.3
   Composite:   0.650

   💾 Best model saved: result/splits_iid_scaling/splits_iid_2048_clients.json/multi_thr/model_round_40.pt
   📊 Metrics saved: result/splits_iid_scaling/splits_iid_2048_clients.json/multi_thr/run_1.json
[36m(ClientAppActor pid=1144534)[0m [Client 580] Data split:[32m [repeated 237x across cluster][0m
[36m(ClientAppActor pid=1144534)[0m    Train:      87 samples (client-local)[32m [repeated 237x across cluster][0m
[36m(ClientAppActor pid=1144534)[0m    Validation: 12 samples (client-local)[32m [repeated 237x across cluster][0m
[36m(ClientAppActor pid=1144534)[0m    Test:       50737 samples (global, shared)[32m [repeated 237x across cluster][0m
[36m(ClientAppActor pid=1144533)[0m [Client 1552] Data split:[32m [repeated 262x across cluster][0m
[36m(ClientAppActor pid=1144533)[0m    Train:      86 samples (client-local)[32m [repeated 262x across cluster][0m
[36m(ClientAppActor pid=1144533)[0m    Validation: 12 samples (client-local)[32m [repeated 262x across cluster][0m
[36m(ClientAppActor pid=1144533)[0m    Test:       50737 samples (global, shared)[32m [repeated 262x across cluster][0m
[36m(ClientAppActor pid=1144539)[0m [Client 83] Data split:[32m [repeated 250x across cluster][0m
[36m(ClientAppActor pid=1144539)[0m    Train:      87 samples (client-local)[32m [repeated 250x across cluster][0m
[36m(ClientAppActor pid=1144539)[0m    Validation: 12 samples (client-local)[32m [repeated 250x across cluster][0m
[36m(ClientAppActor pid=1144539)[0m    Test:       50737 samples (global, shared)[32m [repeated 250x across cluster][0m
[36m(ClientAppActor pid=1144536)[0m [Client 1243] Data split:[32m [repeated 253x across cluster][0m
[36m(ClientAppActor pid=1144536)[0m    Train:      87 samples (client-local)[32m [repeated 253x across cluster][0m
[36m(ClientAppActor pid=1144536)[0m    Validation: 12 samples (client-local)[32m [repeated 253x across cluster][0m
[36m(ClientAppActor pid=1144536)[0m    Test:       50737 samples (global, shared)[32m [repeated 253x across cluster][0m
[36m(ClientAppActor pid=1144545)[0m [Client 75] Data split:[32m [repeated 260x across cluster][0m
[36m(ClientAppActor pid=1144545)[0m    Train:      87 samples (client-local)[32m [repeated 260x across cluster][0m
[36m(ClientAppActor pid=1144545)[0m    Validation: 12 samples (client-local)[32m [repeated 260x across cluster][0m
[36m(ClientAppActor pid=1144545)[0m    Test:       50737 samples (global, shared)[32m [repeated 260x across cluster][0m
[36m(ClientAppActor pid=1144537)[0m [Client 237] Data split:[32m [repeated 256x across cluster][0m
[36m(ClientAppActor pid=1144537)[0m    Train:      87 samples (client-local)[32m [repeated 256x across cluster][0m
[36m(ClientAppActor pid=1144537)[0m    Validation: 12 samples (client-local)[32m [repeated 256x across cluster][0m
[36m(ClientAppActor pid=1144537)[0m    Test:       50737 samples (global, shared)[32m [repeated 256x across cluster][0m
[36m(ClientAppActor pid=1144531)[0m [Client 1420] Data split:[32m [repeated 264x across cluster][0m
[36m(ClientAppActor pid=1144531)[0m    Train:      87 samples (client-local)[32m [repeated 264x across cluster][0m
[36m(ClientAppActor pid=1144531)[0m    Validation: 12 samples (client-local)[32m [repeated 264x across cluster][0m
[36m(ClientAppActor pid=1144531)[0m    Test:       50737 samples (global, shared)[32m [repeated 264x across cluster][0m[92mINFO [0m:      aggregate_fit: received 1638 results and 0 failures
[92mINFO [0m:      configure_evaluate: strategy sampled 2048 clients (out of 2048)
[36m(ClientAppActor pid=1144537)[0m /home/bax9142/federated-edge-learning/.venv/lib64/python3.13/site-packages/sklearn/metrics/_ranking.py:424: UndefinedMetricWarning: Only one class is present in y_true. ROC AUC score is not defined in that case.[32m [repeated 31x across cluster][0m
[36m(ClientAppActor pid=1144537)[0m   warnings.warn([32m [repeated 31x across cluster][0m
[36m(ClientAppActor pid=1144549)[0m /home/bax9142/federated-edge-learning/.venv/lib64/python3.13/site-packages/sklearn/metrics/_ranking.py:424: UndefinedMetricWarning: Only one class is present in y_true. ROC AUC score is not defined in that case.[32m [repeated 37x across cluster][0m
[36m(ClientAppActor pid=1144549)[0m   warnings.warn([32m [repeated 37x across cluster][0m
[36m(ClientAppActor pid=1144560)[0m /home/bax9142/federated-edge-learning/.venv/lib64/python3.13/site-packages/sklearn/metrics/_ranking.py:424: UndefinedMetricWarning: Only one class is present in y_true. ROC AUC score is not defined in that case.[32m [repeated 34x across cluster][0m
[36m(ClientAppActor pid=1144560)[0m   warnings.warn([32m [repeated 34x across cluster][0m
[36m(ClientAppActor pid=1144533)[0m /home/bax9142/federated-edge-learning/.venv/lib64/python3.13/site-packages/sklearn/metrics/_ranking.py:424: UndefinedMetricWarning: Only one class is present in y_true. ROC AUC score is not defined in that case.[32m [repeated 45x across cluster][0m
[36m(ClientAppActor pid=1144533)[0m   warnings.warn([32m [repeated 45x across cluster][0m
[36m(ClientAppActor pid=1144552)[0m /home/bax9142/federated-edge-learning/.venv/lib64/python3.13/site-packages/sklearn/metrics/_ranking.py:424: UndefinedMetricWarning: Only one class is present in y_true. ROC AUC score is not defined in that case.[32m [repeated 43x across cluster][0m
[36m(ClientAppActor pid=1144552)[0m   warnings.warn([32m [repeated 43x across cluster][0m
[36m(ClientAppActor pid=1144552)[0m /home/bax9142/federated-edge-learning/.venv/lib64/python3.13/site-packages/sklearn/metrics/_ranking.py:424: UndefinedMetricWarning: Only one class is present in y_true. ROC AUC score is not defined in that case.[32m [repeated 40x across cluster][0m
[36m(ClientAppActor pid=1144552)[0m   warnings.warn([32m [repeated 40x across cluster][0m
[36m(ClientAppActor pid=1144533)[0m /home/bax9142/federated-edge-learning/.venv/lib64/python3.13/site-packages/sklearn/metrics/_ranking.py:424: UndefinedMetricWarning: Only one class is present in y_true. ROC AUC score is not defined in that case.[32m [repeated 49x across cluster][0m
[36m(ClientAppActor pid=1144533)[0m   warnings.warn([32m [repeated 49x across cluster][0m
[36m(ClientAppActor pid=1144569)[0m /home/bax9142/federated-edge-learning/.venv/lib64/python3.13/site-packages/sklearn/metrics/_ranking.py:424: UndefinedMetricWarning: Only one class is present in y_true. ROC AUC score is not defined in that case.[32m [repeated 38x across cluster][0m
[36m(ClientAppActor pid=1144569)[0m   warnings.warn([32m [repeated 38x across cluster][0m
[92mINFO [0m:      aggregate_evaluate: received 2048 results and 0 failures
[92mINFO [0m:      
[92mINFO [0m:      [ROUND 42]
[92mINFO [0m:      configure_fit: strategy sampled 1638 clients (out of 2048)
[92mINFO [0m:      aggregate_fit: received 1638 results and 0 failures
[92mINFO [0m:      configure_evaluate: strategy sampled 2048 clients (out of 2048)

[36m(ClientAppActor pid=1144545)[0m 
[36m(ClientAppActor pid=1144531)[0m [Client 1476] Data split:[32m [repeated 205x across cluster][0m
[36m(ClientAppActor pid=1144531)[0m    Train:      86 samples (client-local)[32m [repeated 205x across cluster][0m
[36m(ClientAppActor pid=1144531)[0m    Validation: 12 samples (client-local)[32m [repeated 205x across cluster][0m
[36m(ClientAppActor pid=1144531)[0m    Test:       50737 samples (global, shared)[32m [repeated 205x across cluster][0m
[36m(ClientAppActor pid=1144531)[0m [Client 2018] Data split:[32m [repeated 247x across cluster][0m
[36m(ClientAppActor pid=1144531)[0m    Train:      86 samples (client-local)[32m [repeated 247x across cluster][0m
[36m(ClientAppActor pid=1144531)[0m    Validation: 12 samples (client-local)[32m [repeated 247x across cluster][0m
[36m(ClientAppActor pid=1144531)[0m    Test:       50737 samples (global, shared)[32m [repeated 247x across cluster][0m
[36m(ClientAppActor pid=1144533)[0m [Client 321] Data split:[32m [repeated 263x across cluster][0m
[36m(ClientAppActor pid=1144533)[0m    Train:      87 samples (client-local)[32m [repeated 263x across cluster][0m
[36m(ClientAppActor pid=1144533)[0m    Validation: 12 samples (client-local)[32m [repeated 263x across cluster][0m
[36m(ClientAppActor pid=1144533)[0m    Test:       50737 samples (global, shared)[32m [repeated 263x across cluster][0m
[36m(ClientAppActor pid=1144539)[0m [Client 462] Data split:[32m [repeated 254x across cluster][0m
[36m(ClientAppActor pid=1144539)[0m    Train:      87 samples (client-local)[32m [repeated 254x across cluster][0m
[36m(ClientAppActor pid=1144539)[0m    Validation: 12 samples (client-local)[32m [repeated 254x across cluster][0m
[36m(ClientAppActor pid=1144539)[0m    Test:       50737 samples (global, shared)[32m [repeated 254x across cluster][0m
[36m(ClientAppActor pid=1144531)[0m [Client 640] Data split:[32m [repeated 256x across cluster][0m
[36m(ClientAppActor pid=1144531)[0m    Train:      87 samples (client-local)[32m [repeated 256x across cluster][0m
[36m(ClientAppActor pid=1144531)[0m    Validation: 12 samples (client-local)[32m [repeated 256x across cluster][0m
[36m(ClientAppActor pid=1144531)[0m    Test:       50737 samples (global, shared)[32m [repeated 256x across cluster][0m
[36m(ClientAppActor pid=1144531)[0m [Client 995] Data split:[32m [repeated 253x across cluster][0m
[36m(ClientAppActor pid=1144531)[0m    Train:      87 samples (client-local)[32m [repeated 253x across cluster][0m
[36m(ClientAppActor pid=1144531)[0m    Validation: 12 samples (client-local)[32m [repeated 253x across cluster][0m
[36m(ClientAppActor pid=1144531)[0m    Test:       50737 samples (global, shared)[32m [repeated 253x across cluster][0m
[36m(ClientAppActor pid=1144544)[0m [Client 46] Data split:[32m [repeated 255x across cluster][0m
[36m(ClientAppActor pid=1144544)[0m    Train:      87 samples (client-local)[32m [repeated 255x across cluster][0m
[36m(ClientAppActor pid=1144544)[0m    Validation: 12 samples (client-local)[32m [repeated 255x across cluster][0m
[36m(ClientAppActor pid=1144544)[0m    Test:       50737 samples (global, shared)[32m [repeated 255x across cluster][0m
[36m(ClientAppActor pid=1144534)[0m [Client 1785] Data split:[32m [repeated 250x across cluster][0m
[36m(ClientAppActor pid=1144534)[0m    Train:      86 samples (client-local)[32m [repeated 250x across cluster][0m
[36m(ClientAppActor pid=1144534)[0m    Validation: 12 samples (client-local)[32m [repeated 250x across cluster][0m
[36m(ClientAppActor pid=1144534)[0m    Test:       50737 samples (global, shared)[32m [repeated 250x across cluster][0m

🎯 Multi-Threshold Aggregation:
   ═══════════════════════════════════════════════
   Evaluated 10 thresholds:
     • Thr=0.30: Recall=0.945, Spec=0.262, F1=0.291
     • Thr=0.35: Recall=0.915, Spec=0.347, F1=0.308
     • Thr=0.40: Recall=0.874, Spec=0.424, F1=0.322
   ...

   BEST Threshold: 0.50
     • Recall:      0.786
     • Specificity: 0.556
     • F1-Score:    0.347
     • Score:       0.644
   ═══════════════════════════════════════════════

⚠️  No rounds meet spec≥0.7, using recall filter only
 9 Pareto-optimal rounds (not dominated in recall & spec)

🎯 SELECTED ROUND 41:
   Recall:     0.786
   Specificity: 0.556
   F1-Score:    0.347
   Stability:   1.000
   Alerts/1000: 491.4
   Composite:   0.651


✅ Round 41 is NEW BEST - Saving checkpoint...
   💾 Checkpoint saved: result/splits_iid_scaling/splits_iid_2048_clients.json/multi_thr/model_round_41.pt
⚠️  No rounds meet spec≥0.7, using recall filter only
 9 Pareto-optimal rounds (not dominated in recall & spec)

🎯 SELECTED ROUND 41:
   Recall:     0.786
   Specificity: 0.556
   F1-Score:    0.347
   Stability:   1.000
   Alerts/1000: 491.4
   Composite:   0.651

   💾 Best model saved: result/splits_iid_scaling/splits_iid_2048_clients.json/multi_thr/model_round_41.pt
   📊 Metrics saved: result/splits_iid_scaling/splits_iid_2048_clients.json/multi_thr/run_1.json
[36m(ClientAppActor pid=1144543)[0m [Client 737] Data split:[32m [repeated 229x across cluster][0m
[36m(ClientAppActor pid=1144543)[0m    Train:      87 samples (client-local)[32m [repeated 229x across cluster][0m
[36m(ClientAppActor pid=1144543)[0m    Validation: 12 samples (client-local)[32m [repeated 229x across cluster][0m
[36m(ClientAppActor pid=1144543)[0m    Test:       50737 samples (global, shared)[32m [repeated 229x across cluster][0m
[36m(ClientAppActor pid=1144539)[0m [Client 1606] Data split:[32m [repeated 260x across cluster][0m
[36m(ClientAppActor pid=1144539)[0m    Train:      86 samples (client-local)[32m [repeated 260x across cluster][0m
[36m(ClientAppActor pid=1144539)[0m    Validation: 12 samples (client-local)[32m [repeated 260x across cluster][0m
[36m(ClientAppActor pid=1144539)[0m    Test:       50737 samples (global, shared)[32m [repeated 260x across cluster][0m
[36m(ClientAppActor pid=1144553)[0m [Client 1487] Data split:[32m [repeated 264x across cluster][0m
[36m(ClientAppActor pid=1144553)[0m    Train:      86 samples (client-local)[32m [repeated 264x across cluster][0m
[36m(ClientAppActor pid=1144553)[0m    Validation: 12 samples (client-local)[32m [repeated 264x across cluster][0m
[36m(ClientAppActor pid=1144553)[0m    Test:       50737 samples (global, shared)[32m [repeated 264x across cluster][0m
[36m(ClientAppActor pid=1144533)[0m [Client 1198] Data split:[32m [repeated 245x across cluster][0m
[36m(ClientAppActor pid=1144533)[0m    Train:      87 samples (client-local)[32m [repeated 245x across cluster][0m
[36m(ClientAppActor pid=1144533)[0m    Validation: 12 samples (client-local)[32m [repeated 245x across cluster][0m
[36m(ClientAppActor pid=1144533)[0m    Test:       50737 samples (global, shared)[32m [repeated 245x across cluster][0m
[36m(ClientAppActor pid=1144543)[0m [Client 1767] Data split:[32m [repeated 257x across cluster][0m
[36m(ClientAppActor pid=1144543)[0m    Train:      86 samples (client-local)[32m [repeated 257x across cluster][0m
[36m(ClientAppActor pid=1144543)[0m    Validation: 12 samples (client-local)[32m [repeated 257x across cluster][0m
[36m(ClientAppActor pid=1144543)[0m    Test:       50737 samples (global, shared)[32m [repeated 257x across cluster][0m
[36m(ClientAppActor pid=1144538)[0m [Client 565] Data split:[32m [repeated 254x across cluster][0m
[36m(ClientAppActor pid=1144538)[0m    Train:      87 samples (client-local)[32m [repeated 254x across cluster][0m
[36m(ClientAppActor pid=1144538)[0m    Validation: 12 samples (client-local)[32m [repeated 254x across cluster][0m
[36m(ClientAppActor pid=1144538)[0m    Test:       50737 samples (global, shared)[32m [repeated 254x across cluster][0m
[36m(ClientAppActor pid=1144534)[0m [Client 290] Data split:[32m [repeated 240x across cluster][0m[36m(ClientAppActor pid=1144546)[0m /home/bax9142/federated-edge-learning/.venv/lib64/python3.13/site-packages/sklearn/metrics/_ranking.py:424: UndefinedMetricWarning: Only one class is present in y_true. ROC AUC score is not defined in that case.[32m [repeated 36x across cluster][0m
[36m(ClientAppActor pid=1144546)[0m   warnings.warn([32m [repeated 36x across cluster][0m
[36m(ClientAppActor pid=1144545)[0m /home/bax9142/federated-edge-learning/.venv/lib64/python3.13/site-packages/sklearn/metrics/_ranking.py:424: UndefinedMetricWarning: Only one class is present in y_true. ROC AUC score is not defined in that case.[32m [repeated 41x across cluster][0m
[36m(ClientAppActor pid=1144545)[0m   warnings.warn([32m [repeated 41x across cluster][0m
[36m(ClientAppActor pid=1144556)[0m /home/bax9142/federated-edge-learning/.venv/lib64/python3.13/site-packages/sklearn/metrics/_ranking.py:424: UndefinedMetricWarning: Only one class is present in y_true. ROC AUC score is not defined in that case.[32m [repeated 31x across cluster][0m
[36m(ClientAppActor pid=1144556)[0m   warnings.warn([32m [repeated 31x across cluster][0m
[36m(ClientAppActor pid=1144588)[0m /home/bax9142/federated-edge-learning/.venv/lib64/python3.13/site-packages/sklearn/metrics/_ranking.py:424: UndefinedMetricWarning: Only one class is present in y_true. ROC AUC score is not defined in that case.[32m [repeated 46x across cluster][0m
[36m(ClientAppActor pid=1144588)[0m   warnings.warn([32m [repeated 46x across cluster][0m
[36m(ClientAppActor pid=1144548)[0m /home/bax9142/federated-edge-learning/.venv/lib64/python3.13/site-packages/sklearn/metrics/_ranking.py:424: UndefinedMetricWarning: Only one class is present in y_true. ROC AUC score is not defined in that case.[32m [repeated 44x across cluster][0m
[36m(ClientAppActor pid=1144548)[0m   warnings.warn([32m [repeated 44x across cluster][0m
[36m(ClientAppActor pid=1144588)[0m /home/bax9142/federated-edge-learning/.venv/lib64/python3.13/site-packages/sklearn/metrics/_ranking.py:424: UndefinedMetricWarning: Only one class is present in y_true. ROC AUC score is not defined in that case.[32m [repeated 44x across cluster][0m
[36m(ClientAppActor pid=1144588)[0m   warnings.warn([32m [repeated 44x across cluster][0m
[36m(ClientAppActor pid=1144536)[0m /home/bax9142/federated-edge-learning/.venv/lib64/python3.13/site-packages/sklearn/metrics/_ranking.py:424: UndefinedMetricWarning: Only one class is present in y_true. ROC AUC score is not defined in that case.[32m [repeated 41x across cluster][0m
[36m(ClientAppActor pid=1144536)[0m   warnings.warn([32m [repeated 41x across cluster][0m
[36m(ClientAppActor pid=1144544)[0m /home/bax9142/federated-edge-learning/.venv/lib64/python3.13/site-packages/sklearn/metrics/_ranking.py:424: UndefinedMetricWarning: Only one class is present in y_true. ROC AUC score is not defined in that case.[32m [repeated 48x across cluster][0m
[36m(ClientAppActor pid=1144544)[0m   warnings.warn([32m [repeated 48x across cluster][0m
[92mINFO [0m:      aggregate_evaluate: received 2048 results and 0 failures
[92mINFO [0m:      
[92mINFO [0m:      [ROUND 43]
[92mINFO [0m:      configure_fit: strategy sampled 1638 clients (out of 2048)

[36m(ClientAppActor pid=1144534)[0m    Train:      87 samples (client-local)[32m [repeated 240x across cluster][0m
[36m(ClientAppActor pid=1144534)[0m    Validation: 12 samples (client-local)[32m [repeated 240x across cluster][0m
[36m(ClientAppActor pid=1144534)[0m    Test:       50737 samples (global, shared)[32m [repeated 240x across cluster][0m
[36m(ClientAppActor pid=1144537)[0m [Client 149] Data split:[32m [repeated 248x across cluster][0m
[36m(ClientAppActor pid=1144537)[0m    Train:      87 samples (client-local)[32m [repeated 248x across cluster][0m
[36m(ClientAppActor pid=1144537)[0m    Validation: 12 samples (client-local)[32m [repeated 248x across cluster][0m
[36m(ClientAppActor pid=1144537)[0m    Test:       50737 samples (global, shared)[32m [repeated 248x across cluster][0m
[36m(ClientAppActor pid=1144531)[0m [Client 1851] Data split:[32m [repeated 260x across cluster][0m
[36m(ClientAppActor pid=1144531)[0m    Train:      86 samples (client-local)[32m [repeated 260x across cluster][0m
[36m(ClientAppActor pid=1144531)[0m    Validation: 12 samples (client-local)[32m [repeated 260x across cluster][0m
[36m(ClientAppActor pid=1144531)[0m    Test:       50737 samples (global, shared)[32m [repeated 260x across cluster][0m
[36m(ClientAppActor pid=1144531)[0m [Client 357] Data split:[32m [repeated 258x across cluster][0m
[36m(ClientAppActor pid=1144531)[0m    Train:      87 samples (client-local)[32m [repeated 258x across cluster][0m
[36m(ClientAppActor pid=1144531)[0m    Validation: 12 samples (client-local)[32m [repeated 258x across cluster][0m
[36m(ClientAppActor pid=1144531)[0m    Test:       50737 samples (global, shared)[32m [repeated 258x across cluster][0m
[36m(ClientAppActor pid=1144537)[0m [Client 1952] Data split:[32m [repeated 259x across cluster][0m
[36m(ClientAppActor pid=1144537)[0m    Train:      86 samples (client-local)[32m [repeated 259x across cluster][0m
[36m(ClientAppActor pid=1144537)[0m    Validation: 12 samples (client-local)[32m [repeated 259x across cluster][0m
[36m(ClientAppActor pid=1144537)[0m    Test:       50737 samples (global, shared)[32m [repeated 259x across cluster][0m
[36m(ClientAppActor pid=1144547)[0m [Client 997] Data split:[32m [repeated 260x across cluster][0m
[36m(ClientAppActor pid=1144547)[0m    Train:      87 samples (client-local)[32m [repeated 260x across cluster][0m
[36m(ClientAppActor pid=1144547)[0m    Validation: 12 samples (client-local)[32m [repeated 260x across cluster][0m
[36m(ClientAppActor pid=1144547)[0m    Test:       50737 samples (global, shared)[32m [repeated 260x across cluster][0m
[36m(ClientAppActor pid=1144545)[0m [Client 1500] Data split:[32m [repeated 269x across cluster][0m
[36m(ClientAppActor pid=1144545)[0m    Train:      86 samples (client-local)[32m [repeated 269x across cluster][0m
[36m(ClientAppActor pid=1144545)[0m    Validation: 12 samples (client-local)[32m [repeated 269x across cluster][0m
[36m(ClientAppActor pid=1144545)[0m    Test:       50737 samples (global, shared)[32m [repeated 269x across cluster][0m
[36m(ClientAppActor pid=1144536)[0m [Client 1547] Data split:[32m [repeated 251x across cluster][0m
[36m(ClientAppActor pid=1144536)[0m    Train:      86 samples (client-local)[32m [repeated 251x across cluster][0m
[36m(ClientAppActor pid=1144536)[0m    Validation: 12 samples (client-local)[32m [repeated 251x across cluster][0m
[36m(ClientAppActor pid=1144536)[0m    Test:       50737 samples (global, shared)[32m [repeated 251x across cluster][0m

🎯 Multi-Threshold Aggregation:
   ═══════════════════════════════════════════════
   Evaluated 10 thresholds:
     • Thr=0.30: Recall=0.945, Spec=0.267, F1=0.292
     • Thr=0.35: Recall=0.916, Spec=0.350, F1=0.309
     • Thr=0.40: Recall=0.874, Spec=0.428, F1=0.323
   ...

   BEST Threshold: 0.50
     • Recall:      0.786
     • Specificity: 0.559
     • F1-Score:    0.348
     • Score:       0.645
   ═══════════════════════════════════════════════

⚠️  No rounds meet spec≥0.7, using recall filter only
 8 Pareto-optimal rounds (not dominated in recall & spec)

🎯 SELECTED ROUND 42:
   Recall:     0.786
   Specificity: 0.559
   F1-Score:    0.348
   Stability:   1.000
   Alerts/1000: 489.4
   Composite:   0.652


✅ Round 42 is NEW BEST - Saving checkpoint...
   💾 Checkpoint saved: result/splits_iid_scaling/splits_iid_2048_clients.json/multi_thr/model_round_42.pt
⚠️  No rounds meet spec≥0.7, using recall filter only
 8 Pareto-optimal rounds (not dominated in recall & spec)

🎯 SELECTED ROUND 42:
   Recall:     0.786
   Specificity: 0.559
   F1-Score:    0.348
   Stability:   1.000
   Alerts/1000: 489.4
   Composite:   0.652

   💾 Best model saved: result/splits_iid_scaling/splits_iid_2048_clients.json/multi_thr/model_round_42.pt
   📊 Metrics saved: result/splits_iid_scaling/splits_iid_2048_clients.json/multi_thr/run_1.json
[36m(ClientAppActor pid=1144537)[0m [Client 709] Data split:[32m [repeated 243x across cluster][0m
[36m(ClientAppActor pid=1144537)[0m    Train:      87 samples (client-local)[32m [repeated 243x across cluster][0m
[36m(ClientAppActor pid=1144537)[0m    Validation: 12 samples (client-local)[32m [repeated 243x across cluster][0m
[36m(ClientAppActor pid=1144537)[0m    Test:       50737 samples (global, shared)[32m [repeated 243x across cluster][0m
[36m(ClientAppActor pid=1144533)[0m [Client 813] Data split:[32m [repeated 261x across cluster][0m
[36m(ClientAppActor pid=1144533)[0m    Train:      87 samples (client-local)[32m [repeated 261x across cluster][0m
[36m(ClientAppActor pid=1144533)[0m    Validation: 12 samples (client-local)[32m [repeated 261x across cluster][0m
[36m(ClientAppActor pid=1144533)[0m    Test:       50737 samples (global, shared)[32m [repeated 261x across cluster][0m
[36m(ClientAppActor pid=1144546)[0m [Client 1475] Data split:[32m [repeated 254x across cluster][0m
[36m(ClientAppActor pid=1144546)[0m    Train:      86 samples (client-local)[32m [repeated 254x across cluster][0m
[36m(ClientAppActor pid=1144546)[0m    Validation: 12 samples (client-local)[32m [repeated 254x across cluster][0m
[36m(ClientAppActor pid=1144546)[0m    Test:       50737 samples (global, shared)[32m [repeated 254x across cluster][0m
[36m(ClientAppActor pid=1144552)[0m [Client 355] Data split:[32m [repeated 260x across cluster][0m
[36m(ClientAppActor pid=1144552)[0m    Train:      87 samples (client-local)[32m [repeated 260x across cluster][0m
[36m(ClientAppActor pid=1144552)[0m    Validation: 12 samples (client-local)[32m [repeated 260x across cluster][0m
[36m(ClientAppActor pid=1144552)[0m    Test:       50737 samples (global, shared)[32m [repeated 260x across cluster][0m
[36m(ClientAppActor pid=1144538)[0m [Client 1176] Data split:[32m [repeated 256x across cluster][0m
[36m(ClientAppActor pid=1144538)[0m    Train:      87 samples (client-local)[32m [repeated 256x across cluster][0m
[36m(ClientAppActor pid=1144538)[0m    Validation: 12 samples (client-local)[32m [repeated 256x across cluster][0m
[36m(ClientAppActor pid=1144538)[0m    Test:       50737 samples (global, shared)[32m [repeated 256x across cluster][0m
[36m(ClientAppActor pid=1144534)[0m [Client 1975] Data split:[32m [repeated 252x across cluster][0m
[36m(ClientAppActor pid=1144534)[0m    Train:      86 samples (client-local)[32m [repeated 252x across cluster][0m
[36m(ClientAppActor pid=1144534)[0m    Validation: 12 samples (client-local)[32m [repeated 252x across cluster][0m
[36m(ClientAppActor pid=1144534)[0m    Test:       50737 samples (global, shared)[32m [repeated 252x across cluster][0m
[36m(ClientAppActor pid=1144537)[0m [Client 313] Data split:[32m [repeated 254x across cluster][0m
[36m(ClientAppActor pid=1144537)[0m    Train:      87 samples (client-local)[32m [repeated 254x across cluster][0m[92mINFO [0m:      aggregate_fit: received 1638 results and 0 failures
[92mINFO [0m:      configure_evaluate: strategy sampled 2048 clients (out of 2048)
[36m(ClientAppActor pid=1144533)[0m /home/bax9142/federated-edge-learning/.venv/lib64/python3.13/site-packages/sklearn/metrics/_ranking.py:424: UndefinedMetricWarning: Only one class is present in y_true. ROC AUC score is not defined in that case.[32m [repeated 27x across cluster][0m
[36m(ClientAppActor pid=1144533)[0m   warnings.warn([32m [repeated 27x across cluster][0m
[36m(ClientAppActor pid=1144587)[0m /home/bax9142/federated-edge-learning/.venv/lib64/python3.13/site-packages/sklearn/metrics/_ranking.py:424: UndefinedMetricWarning: Only one class is present in y_true. ROC AUC score is not defined in that case.[32m [repeated 36x across cluster][0m
[36m(ClientAppActor pid=1144587)[0m   warnings.warn([32m [repeated 36x across cluster][0m
[36m(ClientAppActor pid=1144551)[0m /home/bax9142/federated-edge-learning/.venv/lib64/python3.13/site-packages/sklearn/metrics/_ranking.py:424: UndefinedMetricWarning: Only one class is present in y_true. ROC AUC score is not defined in that case.[32m [repeated 31x across cluster][0m
[36m(ClientAppActor pid=1144551)[0m   warnings.warn([32m [repeated 31x across cluster][0m
[36m(ClientAppActor pid=1144548)[0m /home/bax9142/federated-edge-learning/.venv/lib64/python3.13/site-packages/sklearn/metrics/_ranking.py:424: UndefinedMetricWarning: Only one class is present in y_true. ROC AUC score is not defined in that case.[32m [repeated 39x across cluster][0m
[36m(ClientAppActor pid=1144548)[0m   warnings.warn([32m [repeated 39x across cluster][0m
[36m(ClientAppActor pid=1144541)[0m /home/bax9142/federated-edge-learning/.venv/lib64/python3.13/site-packages/sklearn/metrics/_ranking.py:424: UndefinedMetricWarning: Only one class is present in y_true. ROC AUC score is not defined in that case.[32m [repeated 48x across cluster][0m
[36m(ClientAppActor pid=1144541)[0m   warnings.warn([32m [repeated 48x across cluster][0m
[36m(ClientAppActor pid=1144534)[0m /home/bax9142/federated-edge-learning/.venv/lib64/python3.13/site-packages/sklearn/metrics/_ranking.py:424: UndefinedMetricWarning: Only one class is present in y_true. ROC AUC score is not defined in that case.[32m [repeated 45x across cluster][0m
[36m(ClientAppActor pid=1144534)[0m   warnings.warn([32m [repeated 45x across cluster][0m
[36m(ClientAppActor pid=1144541)[0m /home/bax9142/federated-edge-learning/.venv/lib64/python3.13/site-packages/sklearn/metrics/_ranking.py:424: UndefinedMetricWarning: Only one class is present in y_true. ROC AUC score is not defined in that case.[32m [repeated 42x across cluster][0m
[36m(ClientAppActor pid=1144541)[0m   warnings.warn([32m [repeated 42x across cluster][0m
[36m(ClientAppActor pid=1144546)[0m /home/bax9142/federated-edge-learning/.venv/lib64/python3.13/site-packages/sklearn/metrics/_ranking.py:424: UndefinedMetricWarning: Only one class is present in y_true. ROC AUC score is not defined in that case.[32m [repeated 38x across cluster][0m
[36m(ClientAppActor pid=1144546)[0m   warnings.warn([32m [repeated 38x across cluster][0m
[92mINFO [0m:      aggregate_evaluate: received 2048 results and 0 failures
[92mINFO [0m:      
[92mINFO [0m:      [ROUND 44]
[92mINFO [0m:      configure_fit: strategy sampled 1638 clients (out of 2048)

[36m(ClientAppActor pid=1144537)[0m    Validation: 12 samples (client-local)[32m [repeated 254x across cluster][0m
[36m(ClientAppActor pid=1144537)[0m    Test:       50737 samples (global, shared)[32m [repeated 254x across cluster][0m
[36m(ClientAppActor pid=1144543)[0m [Client 687] Data split:[32m [repeated 182x across cluster][0m
[36m(ClientAppActor pid=1144543)[0m    Train:      87 samples (client-local)[32m [repeated 182x across cluster][0m
[36m(ClientAppActor pid=1144543)[0m    Validation: 12 samples (client-local)[32m [repeated 182x across cluster][0m
[36m(ClientAppActor pid=1144543)[0m    Test:       50737 samples (global, shared)[32m [repeated 182x across cluster][0m
[36m(ClientAppActor pid=1144538)[0m [Client 1360] Data split:[32m [repeated 250x across cluster][0m
[36m(ClientAppActor pid=1144538)[0m    Train:      87 samples (client-local)[32m [repeated 250x across cluster][0m
[36m(ClientAppActor pid=1144538)[0m    Validation: 12 samples (client-local)[32m [repeated 250x across cluster][0m
[36m(ClientAppActor pid=1144538)[0m    Test:       50737 samples (global, shared)[32m [repeated 250x across cluster][0m
[36m(ClientAppActor pid=1144541)[0m [Client 19] Data split:[32m [repeated 257x across cluster][0m
[36m(ClientAppActor pid=1144541)[0m    Train:      87 samples (client-local)[32m [repeated 257x across cluster][0m
[36m(ClientAppActor pid=1144541)[0m    Validation: 12 samples (client-local)[32m [repeated 257x across cluster][0m
[36m(ClientAppActor pid=1144541)[0m    Test:       50737 samples (global, shared)[32m [repeated 257x across cluster][0m
[36m(ClientAppActor pid=1144544)[0m [Client 104] Data split:[32m [repeated 253x across cluster][0m
[36m(ClientAppActor pid=1144544)[0m    Train:      87 samples (client-local)[32m [repeated 253x across cluster][0m
[36m(ClientAppActor pid=1144544)[0m    Validation: 12 samples (client-local)[32m [repeated 253x across cluster][0m
[36m(ClientAppActor pid=1144544)[0m    Test:       50737 samples (global, shared)[32m [repeated 253x across cluster][0m
[36m(ClientAppActor pid=1144574)[0m [Client 68] Data split:[32m [repeated 265x across cluster][0m
[36m(ClientAppActor pid=1144574)[0m    Train:      87 samples (client-local)[32m [repeated 265x across cluster][0m
[36m(ClientAppActor pid=1144574)[0m    Validation: 12 samples (client-local)[32m [repeated 265x across cluster][0m
[36m(ClientAppActor pid=1144574)[0m    Test:       50737 samples (global, shared)[32m [repeated 265x across cluster][0m
[36m(ClientAppActor pid=1144533)[0m [Client 1996] Data split:[32m [repeated 256x across cluster][0m
[36m(ClientAppActor pid=1144533)[0m    Train:      86 samples (client-local)[32m [repeated 256x across cluster][0m
[36m(ClientAppActor pid=1144533)[0m    Validation: 12 samples (client-local)[32m [repeated 256x across cluster][0m
[36m(ClientAppActor pid=1144533)[0m    Test:       50737 samples (global, shared)[32m [repeated 256x across cluster][0m
[36m(ClientAppActor pid=1144538)[0m [Client 111] Data split:[32m [repeated 252x across cluster][0m
[36m(ClientAppActor pid=1144538)[0m    Train:      87 samples (client-local)[32m [repeated 252x across cluster][0m
[36m(ClientAppActor pid=1144538)[0m    Validation: 12 samples (client-local)[32m [repeated 252x across cluster][0m
[36m(ClientAppActor pid=1144538)[0m    Test:       50737 samples (global, shared)[32m [repeated 252x across cluster][0m
[36m(ClientAppActor pid=1144548)[0m 
[36m(ClientAppActor pid=1144533)[0m [Client 1042] Data split:[32m [repeated 256x across cluster][0m
[36m(ClientAppActor pid=1144533)[0m    Train:      87 samples (client-local)[32m [repeated 256x across cluster][0m
[36m(ClientAppActor pid=1144533)[0m    Validation: 12 samples (client-local)[32m [repeated 256x across cluster][0m
[36m(ClientAppActor pid=1144533)[0m    Test:       50737 samples (global, shared)[32m [repeated 256x across cluster][0m

🎯 Multi-Threshold Aggregation:
   ═══════════════════════════════════════════════
   Evaluated 10 thresholds:
     • Thr=0.30: Recall=0.945, Spec=0.271, F1=0.293
     • Thr=0.35: Recall=0.916, Spec=0.354, F1=0.310
     • Thr=0.40: Recall=0.874, Spec=0.431, F1=0.324
   ...

   BEST Threshold: 0.50
     • Recall:      0.787
     • Specificity: 0.561
     • F1-Score:    0.350
     • Score:       0.646
   ═══════════════════════════════════════════════

⚠️  No rounds meet spec≥0.7, using recall filter only
 7 Pareto-optimal rounds (not dominated in recall & spec)

🎯 SELECTED ROUND 43:
   Recall:     0.787
   Specificity: 0.561
   F1-Score:    0.350
   Stability:   1.000
   Alerts/1000: 487.4
   Composite:   0.653


✅ Round 43 is NEW BEST - Saving checkpoint...
   💾 Checkpoint saved: result/splits_iid_scaling/splits_iid_2048_clients.json/multi_thr/model_round_43.pt
⚠️  No rounds meet spec≥0.7, using recall filter only
 7 Pareto-optimal rounds (not dominated in recall & spec)

🎯 SELECTED ROUND 43:
   Recall:     0.787
   Specificity: 0.561
   F1-Score:    0.350
   Stability:   1.000
   Alerts/1000: 487.4
   Composite:   0.653

   💾 Best model saved: result/splits_iid_scaling/splits_iid_2048_clients.json/multi_thr/model_round_43.pt
   📊 Metrics saved: result/splits_iid_scaling/splits_iid_2048_clients.json/multi_thr/run_1.json
[36m(ClientAppActor pid=1144533)[0m [Client 1109] Data split:[32m [repeated 234x across cluster][0m
[36m(ClientAppActor pid=1144533)[0m    Train:      87 samples (client-local)[32m [repeated 234x across cluster][0m
[36m(ClientAppActor pid=1144533)[0m    Validation: 12 samples (client-local)[32m [repeated 234x across cluster][0m
[36m(ClientAppActor pid=1144533)[0m    Test:       50737 samples (global, shared)[32m [repeated 234x across cluster][0m
[36m(ClientAppActor pid=1144531)[0m [Client 1550] Data split:[32m [repeated 249x across cluster][0m
[36m(ClientAppActor pid=1144531)[0m    Train:      86 samples (client-local)[32m [repeated 249x across cluster][0m
[36m(ClientAppActor pid=1144531)[0m    Validation: 12 samples (client-local)[32m [repeated 249x across cluster][0m
[36m(ClientAppActor pid=1144531)[0m    Test:       50737 samples (global, shared)[32m [repeated 249x across cluster][0m
[36m(ClientAppActor pid=1144545)[0m [Client 815] Data split:[32m [repeated 259x across cluster][0m
[36m(ClientAppActor pid=1144545)[0m    Train:      87 samples (client-local)[32m [repeated 259x across cluster][0m
[36m(ClientAppActor pid=1144545)[0m    Validation: 12 samples (client-local)[32m [repeated 259x across cluster][0m
[36m(ClientAppActor pid=1144545)[0m    Test:       50737 samples (global, shared)[32m [repeated 259x across cluster][0m
[36m(ClientAppActor pid=1144533)[0m [Client 1786] Data split:[32m [repeated 250x across cluster][0m
[36m(ClientAppActor pid=1144533)[0m    Train:      86 samples (client-local)[32m [repeated 250x across cluster][0m
[36m(ClientAppActor pid=1144533)[0m    Validation: 12 samples (client-local)[32m [repeated 250x across cluster][0m
[36m(ClientAppActor pid=1144533)[0m    Test:       50737 samples (global, shared)[32m [repeated 250x across cluster][0m
[36m(ClientAppActor pid=1144536)[0m [Client 317] Data split:[32m [repeated 258x across cluster][0m
[36m(ClientAppActor pid=1144536)[0m    Train:      87 samples (client-local)[32m [repeated 258x across cluster][0m
[36m(ClientAppActor pid=1144536)[0m    Validation: 12 samples (client-local)[32m [repeated 258x across cluster][0m
[36m(ClientAppActor pid=1144536)[0m    Test:       50737 samples (global, shared)[32m [repeated 258x across cluster][0m
[36m(ClientAppActor pid=1144545)[0m [Client 1307] Data split:[32m [repeated 256x across cluster][0m
[36m(ClientAppActor pid=1144545)[0m    Train:      87 samples (client-local)[32m [repeated 256x across cluster][0m
[36m(ClientAppActor pid=1144545)[0m    Validation: 12 samples (client-local)[32m [repeated 256x across cluster][0m[92mINFO [0m:      aggregate_fit: received 1638 results and 0 failures
[92mINFO [0m:      configure_evaluate: strategy sampled 2048 clients (out of 2048)
[36m(ClientAppActor pid=1144543)[0m /home/bax9142/federated-edge-learning/.venv/lib64/python3.13/site-packages/sklearn/metrics/_ranking.py:424: UndefinedMetricWarning: Only one class is present in y_true. ROC AUC score is not defined in that case.[32m [repeated 43x across cluster][0m
[36m(ClientAppActor pid=1144543)[0m   warnings.warn([32m [repeated 43x across cluster][0m
[36m(ClientAppActor pid=1144553)[0m /home/bax9142/federated-edge-learning/.venv/lib64/python3.13/site-packages/sklearn/metrics/_ranking.py:424: UndefinedMetricWarning: Only one class is present in y_true. ROC AUC score is not defined in that case.[32m [repeated 44x across cluster][0m
[36m(ClientAppActor pid=1144553)[0m   warnings.warn([32m [repeated 44x across cluster][0m
[36m(ClientAppActor pid=1144587)[0m /home/bax9142/federated-edge-learning/.venv/lib64/python3.13/site-packages/sklearn/metrics/_ranking.py:424: UndefinedMetricWarning: Only one class is present in y_true. ROC AUC score is not defined in that case.[32m [repeated 30x across cluster][0m
[36m(ClientAppActor pid=1144587)[0m   warnings.warn([32m [repeated 30x across cluster][0m
[36m(ClientAppActor pid=1144542)[0m /home/bax9142/federated-edge-learning/.venv/lib64/python3.13/site-packages/sklearn/metrics/_ranking.py:424: UndefinedMetricWarning: Only one class is present in y_true. ROC AUC score is not defined in that case.[32m [repeated 33x across cluster][0m
[36m(ClientAppActor pid=1144542)[0m   warnings.warn([32m [repeated 33x across cluster][0m
[36m(ClientAppActor pid=1144587)[0m /home/bax9142/federated-edge-learning/.venv/lib64/python3.13/site-packages/sklearn/metrics/_ranking.py:424: UndefinedMetricWarning: Only one class is present in y_true. ROC AUC score is not defined in that case.[32m [repeated 37x across cluster][0m
[36m(ClientAppActor pid=1144587)[0m   warnings.warn([32m [repeated 37x across cluster][0m
[36m(ClientAppActor pid=1144548)[0m /home/bax9142/federated-edge-learning/.venv/lib64/python3.13/site-packages/sklearn/metrics/_ranking.py:424: UndefinedMetricWarning: Only one class is present in y_true. ROC AUC score is not defined in that case.[32m [repeated 37x across cluster][0m
[36m(ClientAppActor pid=1144548)[0m   warnings.warn([32m [repeated 37x across cluster][0m
[36m(ClientAppActor pid=1144553)[0m /home/bax9142/federated-edge-learning/.venv/lib64/python3.13/site-packages/sklearn/metrics/_ranking.py:424: UndefinedMetricWarning: Only one class is present in y_true. ROC AUC score is not defined in that case.[32m [repeated 40x across cluster][0m
[36m(ClientAppActor pid=1144553)[0m   warnings.warn([32m [repeated 40x across cluster][0m
[36m(ClientAppActor pid=1144587)[0m /home/bax9142/federated-edge-learning/.venv/lib64/python3.13/site-packages/sklearn/metrics/_ranking.py:424: UndefinedMetricWarning: Only one class is present in y_true. ROC AUC score is not defined in that case.[32m [repeated 52x across cluster][0m
[36m(ClientAppActor pid=1144587)[0m   warnings.warn([32m [repeated 52x across cluster][0m
[92mINFO [0m:      aggregate_evaluate: received 2048 results and 0 failures
[92mINFO [0m:      
[92mINFO [0m:      [ROUND 45]
[92mINFO [0m:      configure_fit: strategy sampled 1638 clients (out of 2048)

[36m(ClientAppActor pid=1144545)[0m    Test:       50737 samples (global, shared)[32m [repeated 256x across cluster][0m
[36m(ClientAppActor pid=1144538)[0m [Client 1572] Data split:[32m [repeated 252x across cluster][0m
[36m(ClientAppActor pid=1144538)[0m    Train:      86 samples (client-local)[32m [repeated 252x across cluster][0m
[36m(ClientAppActor pid=1144538)[0m    Validation: 12 samples (client-local)[32m [repeated 252x across cluster][0m
[36m(ClientAppActor pid=1144538)[0m    Test:       50737 samples (global, shared)[32m [repeated 252x across cluster][0m
[36m(ClientAppActor pid=1144556)[0m [Client 815] Data split:[32m [repeated 198x across cluster][0m
[36m(ClientAppActor pid=1144556)[0m    Train:      87 samples (client-local)[32m [repeated 198x across cluster][0m
[36m(ClientAppActor pid=1144556)[0m    Validation: 12 samples (client-local)[32m [repeated 198x across cluster][0m
[36m(ClientAppActor pid=1144556)[0m    Test:       50737 samples (global, shared)[32m [repeated 198x across cluster][0m
[36m(ClientAppActor pid=1144534)[0m [Client 1811] Data split:[32m [repeated 256x across cluster][0m
[36m(ClientAppActor pid=1144534)[0m    Train:      86 samples (client-local)[32m [repeated 256x across cluster][0m
[36m(ClientAppActor pid=1144534)[0m    Validation: 12 samples (client-local)[32m [repeated 256x across cluster][0m
[36m(ClientAppActor pid=1144534)[0m    Test:       50737 samples (global, shared)[32m [repeated 256x across cluster][0m
[36m(ClientAppActor pid=1144556)[0m [Client 126] Data split:[32m [repeated 251x across cluster][0m
[36m(ClientAppActor pid=1144556)[0m    Train:      87 samples (client-local)[32m [repeated 251x across cluster][0m
[36m(ClientAppActor pid=1144556)[0m    Validation: 12 samples (client-local)[32m [repeated 251x across cluster][0m
[36m(ClientAppActor pid=1144556)[0m    Test:       50737 samples (global, shared)[32m [repeated 251x across cluster][0m
[36m(ClientAppActor pid=1144539)[0m [Client 1069] Data split:[32m [repeated 258x across cluster][0m
[36m(ClientAppActor pid=1144539)[0m    Train:      87 samples (client-local)[32m [repeated 258x across cluster][0m
[36m(ClientAppActor pid=1144539)[0m    Validation: 12 samples (client-local)[32m [repeated 258x across cluster][0m
[36m(ClientAppActor pid=1144539)[0m    Test:       50737 samples (global, shared)[32m [repeated 258x across cluster][0m
[36m(ClientAppActor pid=1144581)[0m [Client 1821] Data split:[32m [repeated 251x across cluster][0m
[36m(ClientAppActor pid=1144581)[0m    Train:      86 samples (client-local)[32m [repeated 251x across cluster][0m
[36m(ClientAppActor pid=1144581)[0m    Validation: 12 samples (client-local)[32m [repeated 251x across cluster][0m
[36m(ClientAppActor pid=1144581)[0m    Test:       50737 samples (global, shared)[32m [repeated 251x across cluster][0m
[36m(ClientAppActor pid=1144533)[0m [Client 586] Data split:[32m [repeated 252x across cluster][0m
[36m(ClientAppActor pid=1144533)[0m    Train:      87 samples (client-local)[32m [repeated 252x across cluster][0m
[36m(ClientAppActor pid=1144533)[0m    Validation: 12 samples (client-local)[32m [repeated 252x across cluster][0m
[36m(ClientAppActor pid=1144533)[0m    Test:       50737 samples (global, shared)[32m [repeated 252x across cluster][0m
[36m(ClientAppActor pid=1144552)[0m [Client 240] Data split:[32m [repeated 256x across cluster][0m
[36m(ClientAppActor pid=1144552)[0m    Train:      87 samples (client-local)[32m [repeated 256x across cluster][0m
[36m(ClientAppActor pid=1144552)[0m    Validation: 12 samples (client-local)[32m [repeated 256x across cluster][0m
[36m(ClientAppActor pid=1144552)[0m    Test:       50737 samples (global, shared)[32m [repeated 256x across cluster][0m
[36m(ClientAppActor pid=1144537)[0m [Client 248] Data split:[32m [repeated 248x across cluster][0m
[36m(ClientAppActor pid=1144537)[0m    Train:      87 samples (client-local)[32m [repeated 248x across cluster][0m
[36m(ClientAppActor pid=1144537)[0m    Validation: 12 samples (client-local)[32m [repeated 248x across cluster][0m
[36m(ClientAppActor pid=1144537)[0m    Test:       50737 samples (global, shared)[32m [repeated 248x across cluster][0m

🎯 Multi-Threshold Aggregation:
   ═══════════════════════════════════════════════
   Evaluated 10 thresholds:
     • Thr=0.30: Recall=0.945, Spec=0.275, F1=0.294
     • Thr=0.35: Recall=0.915, Spec=0.358, F1=0.311
     • Thr=0.40: Recall=0.875, Spec=0.433, F1=0.326
   ...

   BEST Threshold: 0.50
     • Recall:      0.787
     • Specificity: 0.563
     • F1-Score:    0.351
     • Score:       0.647
   ═══════════════════════════════════════════════

⚠️  No rounds meet spec≥0.7, using recall filter only
 8 Pareto-optimal rounds (not dominated in recall & spec)

🎯 SELECTED ROUND 44:
   Recall:     0.787
   Specificity: 0.563
   F1-Score:    0.351
   Stability:   1.000
   Alerts/1000: 485.7
   Composite:   0.654


✅ Round 44 is NEW BEST - Saving checkpoint...
   💾 Checkpoint saved: result/splits_iid_scaling/splits_iid_2048_clients.json/multi_thr/model_round_44.pt
⚠️  No rounds meet spec≥0.7, using recall filter only
 8 Pareto-optimal rounds (not dominated in recall & spec)

🎯 SELECTED ROUND 44:
   Recall:     0.787
   Specificity: 0.563
   F1-Score:    0.351
   Stability:   1.000
   Alerts/1000: 485.7
   Composite:   0.654

   💾 Best model saved: result/splits_iid_scaling/splits_iid_2048_clients.json/multi_thr/model_round_44.pt
   📊 Metrics saved: result/splits_iid_scaling/splits_iid_2048_clients.json/multi_thr/run_1.json
[36m(ClientAppActor pid=1144538)[0m [Client 853] Data split:[32m [repeated 238x across cluster][0m
[36m(ClientAppActor pid=1144538)[0m    Train:      87 samples (client-local)[32m [repeated 238x across cluster][0m
[36m(ClientAppActor pid=1144538)[0m    Validation: 12 samples (client-local)[32m [repeated 238x across cluster][0m
[36m(ClientAppActor pid=1144538)[0m    Test:       50737 samples (global, shared)[32m [repeated 238x across cluster][0m
[36m(ClientAppActor pid=1144531)[0m [Client 1770] Data split:[32m [repeated 255x across cluster][0m
[36m(ClientAppActor pid=1144531)[0m    Train:      86 samples (client-local)[32m [repeated 255x across cluster][0m
[36m(ClientAppActor pid=1144531)[0m    Validation: 12 samples (client-local)[32m [repeated 255x across cluster][0m
[36m(ClientAppActor pid=1144531)[0m    Test:       50737 samples (global, shared)[32m [repeated 255x across cluster][0m
[36m(ClientAppActor pid=1144537)[0m [Client 1978] Data split:[32m [repeated 246x across cluster][0m
[36m(ClientAppActor pid=1144537)[0m    Train:      86 samples (client-local)[32m [repeated 246x across cluster][0m
[36m(ClientAppActor pid=1144537)[0m    Validation: 12 samples (client-local)[32m [repeated 246x across cluster][0m
[36m(ClientAppActor pid=1144537)[0m    Test:       50737 samples (global, shared)[32m [repeated 246x across cluster][0m
[36m(ClientAppActor pid=1144531)[0m [Client 1423] Data split:[32m [repeated 256x across cluster][0m
[36m(ClientAppActor pid=1144531)[0m    Train:      87 samples (client-local)[32m [repeated 256x across cluster][0m
[36m(ClientAppActor pid=1144531)[0m    Validation: 12 samples (client-local)[32m [repeated 256x across cluster][0m
[36m(ClientAppActor pid=1144531)[0m    Test:       50737 samples (global, shared)[32m [repeated 256x across cluster][0m
[36m(ClientAppActor pid=1144533)[0m [Client 1471] Data split:[32m [repeated 246x across cluster][0m
[36m(ClientAppActor pid=1144533)[0m    Train:      86 samples (client-local)[32m [repeated 246x across cluster][0m
[36m(ClientAppActor pid=1144533)[0m    Validation: 12 samples (client-local)[32m [repeated 246x across cluster][0m
[36m(ClientAppActor pid=1144533)[0m    Test:       50737 samples (global, shared)[32m [repeated 246x across cluster][0m[92mINFO [0m:      aggregate_fit: received 1638 results and 0 failures
[92mINFO [0m:      configure_evaluate: strategy sampled 2048 clients (out of 2048)
[36m(ClientAppActor pid=1144548)[0m /home/bax9142/federated-edge-learning/.venv/lib64/python3.13/site-packages/sklearn/metrics/_ranking.py:424: UndefinedMetricWarning: Only one class is present in y_true. ROC AUC score is not defined in that case.[32m [repeated 49x across cluster][0m
[36m(ClientAppActor pid=1144548)[0m   warnings.warn([32m [repeated 49x across cluster][0m
[36m(ClientAppActor pid=1144548)[0m /home/bax9142/federated-edge-learning/.venv/lib64/python3.13/site-packages/sklearn/metrics/_ranking.py:424: UndefinedMetricWarning: Only one class is present in y_true. ROC AUC score is not defined in that case.[32m [repeated 43x across cluster][0m
[36m(ClientAppActor pid=1144548)[0m   warnings.warn([32m [repeated 43x across cluster][0m
[36m(ClientAppActor pid=1144542)[0m /home/bax9142/federated-edge-learning/.venv/lib64/python3.13/site-packages/sklearn/metrics/_ranking.py:424: UndefinedMetricWarning: Only one class is present in y_true. ROC AUC score is not defined in that case.[32m [repeated 30x across cluster][0m
[36m(ClientAppActor pid=1144542)[0m   warnings.warn([32m [repeated 30x across cluster][0m
[36m(ClientAppActor pid=1144536)[0m /home/bax9142/federated-edge-learning/.venv/lib64/python3.13/site-packages/sklearn/metrics/_ranking.py:424: UndefinedMetricWarning: Only one class is present in y_true. ROC AUC score is not defined in that case.[32m [repeated 49x across cluster][0m
[36m(ClientAppActor pid=1144536)[0m   warnings.warn([32m [repeated 49x across cluster][0m
[36m(ClientAppActor pid=1144555)[0m /home/bax9142/federated-edge-learning/.venv/lib64/python3.13/site-packages/sklearn/metrics/_ranking.py:424: UndefinedMetricWarning: Only one class is present in y_true. ROC AUC score is not defined in that case.[32m [repeated 31x across cluster][0m
[36m(ClientAppActor pid=1144555)[0m   warnings.warn([32m [repeated 31x across cluster][0m
[36m(ClientAppActor pid=1144541)[0m /home/bax9142/federated-edge-learning/.venv/lib64/python3.13/site-packages/sklearn/metrics/_ranking.py:424: UndefinedMetricWarning: Only one class is present in y_true. ROC AUC score is not defined in that case.[32m [repeated 45x across cluster][0m
[36m(ClientAppActor pid=1144541)[0m   warnings.warn([32m [repeated 45x across cluster][0m
[36m(ClientAppActor pid=1144536)[0m /home/bax9142/federated-edge-learning/.venv/lib64/python3.13/site-packages/sklearn/metrics/_ranking.py:424: UndefinedMetricWarning: Only one class is present in y_true. ROC AUC score is not defined in that case.[32m [repeated 48x across cluster][0m
[36m(ClientAppActor pid=1144536)[0m   warnings.warn([32m [repeated 48x across cluster][0m
[36m(ClientAppActor pid=1144548)[0m /home/bax9142/federated-edge-learning/.venv/lib64/python3.13/site-packages/sklearn/metrics/_ranking.py:424: UndefinedMetricWarning: Only one class is present in y_true. ROC AUC score is not defined in that case.[32m [repeated 37x across cluster][0m
[36m(ClientAppActor pid=1144548)[0m   warnings.warn([32m [repeated 37x across cluster][0m
[92mINFO [0m:      aggregate_evaluate: received 2048 results and 0 failures
[92mINFO [0m:      
[92mINFO [0m:      [ROUND 46]
[92mINFO [0m:      configure_fit: strategy sampled 1638 clients (out of 2048)

[36m(ClientAppActor pid=1144531)[0m [Client 458] Data split:[32m [repeated 257x across cluster][0m
[36m(ClientAppActor pid=1144531)[0m    Train:      87 samples (client-local)[32m [repeated 257x across cluster][0m
[36m(ClientAppActor pid=1144531)[0m    Validation: 12 samples (client-local)[32m [repeated 257x across cluster][0m
[36m(ClientAppActor pid=1144531)[0m    Test:       50737 samples (global, shared)[32m [repeated 257x across cluster][0m
[36m(ClientAppActor pid=1144533)[0m [Client 591] Data split:[32m [repeated 251x across cluster][0m
[36m(ClientAppActor pid=1144533)[0m    Train:      87 samples (client-local)[32m [repeated 251x across cluster][0m
[36m(ClientAppActor pid=1144533)[0m    Validation: 12 samples (client-local)[32m [repeated 251x across cluster][0m
[36m(ClientAppActor pid=1144533)[0m    Test:       50737 samples (global, shared)[32m [repeated 251x across cluster][0m
[36m(ClientAppActor pid=1144545)[0m [Client 116] Data split:[32m [repeated 188x across cluster][0m
[36m(ClientAppActor pid=1144545)[0m    Train:      87 samples (client-local)[32m [repeated 188x across cluster][0m
[36m(ClientAppActor pid=1144545)[0m    Validation: 12 samples (client-local)[32m [repeated 188x across cluster][0m
[36m(ClientAppActor pid=1144545)[0m    Test:       50737 samples (global, shared)[32m [repeated 188x across cluster][0m
[36m(ClientAppActor pid=1144536)[0m [Client 511] Data split:[32m [repeated 252x across cluster][0m
[36m(ClientAppActor pid=1144536)[0m    Train:      87 samples (client-local)[32m [repeated 252x across cluster][0m
[36m(ClientAppActor pid=1144536)[0m    Validation: 12 samples (client-local)[32m [repeated 252x across cluster][0m
[36m(ClientAppActor pid=1144536)[0m    Test:       50737 samples (global, shared)[32m [repeated 252x across cluster][0m
[36m(ClientAppActor pid=1144541)[0m [Client 1880] Data split:[32m [repeated 264x across cluster][0m
[36m(ClientAppActor pid=1144541)[0m    Train:      86 samples (client-local)[32m [repeated 264x across cluster][0m
[36m(ClientAppActor pid=1144541)[0m    Validation: 12 samples (client-local)[32m [repeated 264x across cluster][0m
[36m(ClientAppActor pid=1144541)[0m    Test:       50737 samples (global, shared)[32m [repeated 264x across cluster][0m
[36m(ClientAppActor pid=1144537)[0m [Client 623] Data split:[32m [repeated 264x across cluster][0m
[36m(ClientAppActor pid=1144537)[0m    Train:      87 samples (client-local)[32m [repeated 264x across cluster][0m
[36m(ClientAppActor pid=1144537)[0m    Validation: 12 samples (client-local)[32m [repeated 264x across cluster][0m
[36m(ClientAppActor pid=1144537)[0m    Test:       50737 samples (global, shared)[32m [repeated 264x across cluster][0m
[36m(ClientAppActor pid=1144531)[0m [Client 196] Data split:[32m [repeated 254x across cluster][0m
[36m(ClientAppActor pid=1144531)[0m    Train:      87 samples (client-local)[32m [repeated 254x across cluster][0m
[36m(ClientAppActor pid=1144531)[0m    Validation: 12 samples (client-local)[32m [repeated 254x across cluster][0m
[36m(ClientAppActor pid=1144531)[0m    Test:       50737 samples (global, shared)[32m [repeated 254x across cluster][0m
[36m(ClientAppActor pid=1144546)[0m [Client 721] Data split:[32m [repeated 263x across cluster][0m
[36m(ClientAppActor pid=1144546)[0m    Train:      87 samples (client-local)[32m [repeated 263x across cluster][0m
[36m(ClientAppActor pid=1144546)[0m    Validation: 12 samples (client-local)[32m [repeated 263x across cluster][0m
[36m(ClientAppActor pid=1144546)[0m    Test:       50737 samples (global, shared)[32m [repeated 263x across cluster][0m
[36m(ClientAppActor pid=1144531)[0m [Client 1482] Data split:[32m [repeated 262x across cluster][0m
[36m(ClientAppActor pid=1144531)[0m    Train:      86 samples (client-local)[32m [repeated 262x across cluster][0m
[36m(ClientAppActor pid=1144531)[0m    Validation: 12 samples (client-local)[32m [repeated 262x across cluster][0m
[36m(ClientAppActor pid=1144531)[0m    Test:       50737 samples (global, shared)[32m [repeated 262x across cluster][0m
[36m(ClientAppActor pid=1144540)[0m [Client 1862] Data split:[32m [repeated 251x across cluster][0m
[36m(ClientAppActor pid=1144540)[0m    Train:      86 samples (client-local)[32m [repeated 251x across cluster][0m
[36m(ClientAppActor pid=1144540)[0m    Validation: 12 samples (client-local)[32m [repeated 251x across cluster][0m
[36m(ClientAppActor pid=1144540)[0m    Test:       50737 samples (global, shared)[32m [repeated 251x across cluster][0m

🎯 Multi-Threshold Aggregation:
   ═══════════════════════════════════════════════
   Evaluated 10 thresholds:
     • Thr=0.30: Recall=0.945, Spec=0.280, F1=0.296
     • Thr=0.35: Recall=0.915, Spec=0.362, F1=0.312
     • Thr=0.40: Recall=0.876, Spec=0.436, F1=0.327
   ...

   BEST Threshold: 0.50
     • Recall:      0.786
     • Specificity: 0.566
     • F1-Score:    0.352
     • Score:       0.648
   ═══════════════════════════════════════════════

⚠️  No rounds meet spec≥0.7, using recall filter only
 9 Pareto-optimal rounds (not dominated in recall & spec)

🎯 SELECTED ROUND 45:
   Recall:     0.786
   Specificity: 0.566
   F1-Score:    0.352
   Stability:   1.000
   Alerts/1000: 482.9
   Composite:   0.655


✅ Round 45 is NEW BEST - Saving checkpoint...
   💾 Checkpoint saved: result/splits_iid_scaling/splits_iid_2048_clients.json/multi_thr/model_round_45.pt
⚠️  No rounds meet spec≥0.7, using recall filter only
 9 Pareto-optimal rounds (not dominated in recall & spec)

🎯 SELECTED ROUND 45:
   Recall:     0.786
   Specificity: 0.566
   F1-Score:    0.352
   Stability:   1.000
   Alerts/1000: 482.9
   Composite:   0.655

   💾 Best model saved: result/splits_iid_scaling/splits_iid_2048_clients.json/multi_thr/model_round_45.pt
   📊 Metrics saved: result/splits_iid_scaling/splits_iid_2048_clients.json/multi_thr/run_1.json
[36m(ClientAppActor pid=1144536)[0m [Client 1699] Data split:[32m [repeated 227x across cluster][0m
[36m(ClientAppActor pid=1144536)[0m    Train:      86 samples (client-local)[32m [repeated 227x across cluster][0m
[36m(ClientAppActor pid=1144536)[0m    Validation: 12 samples (client-local)[32m [repeated 227x across cluster][0m
[36m(ClientAppActor pid=1144536)[0m    Test:       50737 samples (global, shared)[32m [repeated 227x across cluster][0m
[36m(ClientAppActor pid=1144536)[0m [Client 57] Data split:[32m [repeated 261x across cluster][0m
[36m(ClientAppActor pid=1144536)[0m    Train:      87 samples (client-local)[32m [repeated 261x across cluster][0m
[36m(ClientAppActor pid=1144536)[0m    Validation: 12 samples (client-local)[32m [repeated 261x across cluster][0m
[36m(ClientAppActor pid=1144536)[0m    Test:       50737 samples (global, shared)[32m [repeated 261x across cluster][0m
[36m(ClientAppActor pid=1144533)[0m [Client 918] Data split:[32m [repeated 252x across cluster][0m
[36m(ClientAppActor pid=1144533)[0m    Train:      87 samples (client-local)[32m [repeated 252x across cluster][0m
[36m(ClientAppActor pid=1144533)[0m    Validation: 12 samples (client-local)[32m [repeated 252x across cluster][0m
[36m(ClientAppActor pid=1144533)[0m    Test:       50737 samples (global, shared)[32m [repeated 252x across cluster][0m
[36m(ClientAppActor pid=1144533)[0m [Client 1543] Data split:[32m [repeated 260x across cluster][0m
[36m(ClientAppActor pid=1144533)[0m    Train:      86 samples (client-local)[32m [repeated 260x across cluster][0m
[36m(ClientAppActor pid=1144533)[0m    Validation: 12 samples (client-local)[32m [repeated 260x across cluster][0m
[36m(ClientAppActor pid=1144533)[0m    Test:       50737 samples (global, shared)[32m [repeated 260x across cluster][0m
[36m(ClientAppActor pid=1144531)[0m [Client 2010] Data split:[32m [repeated 259x across cluster][0m[92mINFO [0m:      aggregate_fit: received 1638 results and 0 failures
[92mINFO [0m:      configure_evaluate: strategy sampled 2048 clients (out of 2048)
[36m(ClientAppActor pid=1144533)[0m /home/bax9142/federated-edge-learning/.venv/lib64/python3.13/site-packages/sklearn/metrics/_ranking.py:424: UndefinedMetricWarning: Only one class is present in y_true. ROC AUC score is not defined in that case.[32m [repeated 39x across cluster][0m
[36m(ClientAppActor pid=1144533)[0m   warnings.warn([32m [repeated 39x across cluster][0m
[36m(ClientAppActor pid=1144587)[0m /home/bax9142/federated-edge-learning/.venv/lib64/python3.13/site-packages/sklearn/metrics/_ranking.py:424: UndefinedMetricWarning: Only one class is present in y_true. ROC AUC score is not defined in that case.[32m [repeated 43x across cluster][0m
[36m(ClientAppActor pid=1144587)[0m   warnings.warn([32m [repeated 43x across cluster][0m
[36m(ClientAppActor pid=1144587)[0m /home/bax9142/federated-edge-learning/.venv/lib64/python3.13/site-packages/sklearn/metrics/_ranking.py:424: UndefinedMetricWarning: Only one class is present in y_true. ROC AUC score is not defined in that case.[32m [repeated 48x across cluster][0m
[36m(ClientAppActor pid=1144587)[0m   warnings.warn([32m [repeated 48x across cluster][0m
[36m(ClientAppActor pid=1144541)[0m /home/bax9142/federated-edge-learning/.venv/lib64/python3.13/site-packages/sklearn/metrics/_ranking.py:424: UndefinedMetricWarning: Only one class is present in y_true. ROC AUC score is not defined in that case.[32m [repeated 52x across cluster][0m
[36m(ClientAppActor pid=1144541)[0m   warnings.warn([32m [repeated 52x across cluster][0m
[36m(ClientAppActor pid=1144536)[0m /home/bax9142/federated-edge-learning/.venv/lib64/python3.13/site-packages/sklearn/metrics/_ranking.py:424: UndefinedMetricWarning: Only one class is present in y_true. ROC AUC score is not defined in that case.[32m [repeated 33x across cluster][0m
[36m(ClientAppActor pid=1144536)[0m   warnings.warn([32m [repeated 33x across cluster][0m
[36m(ClientAppActor pid=1144534)[0m /home/bax9142/federated-edge-learning/.venv/lib64/python3.13/site-packages/sklearn/metrics/_ranking.py:424: UndefinedMetricWarning: Only one class is present in y_true. ROC AUC score is not defined in that case.[32m [repeated 39x across cluster][0m
[36m(ClientAppActor pid=1144534)[0m   warnings.warn([32m [repeated 39x across cluster][0m
[36m(ClientAppActor pid=1144539)[0m /home/bax9142/federated-edge-learning/.venv/lib64/python3.13/site-packages/sklearn/metrics/_ranking.py:424: UndefinedMetricWarning: Only one class is present in y_true. ROC AUC score is not defined in that case.[32m [repeated 44x across cluster][0m
[36m(ClientAppActor pid=1144539)[0m   warnings.warn([32m [repeated 44x across cluster][0m
[36m(ClientAppActor pid=1144554)[0m /home/bax9142/federated-edge-learning/.venv/lib64/python3.13/site-packages/sklearn/metrics/_ranking.py:424: UndefinedMetricWarning: Only one class is present in y_true. ROC AUC score is not defined in that case.[32m [repeated 35x across cluster][0m
[36m(ClientAppActor pid=1144554)[0m   warnings.warn([32m [repeated 35x across cluster][0m
[92mINFO [0m:      aggregate_evaluate: received 2048 results and 0 failures
[92mINFO [0m:      
[92mINFO [0m:      [ROUND 47]
[92mINFO [0m:      configure_fit: strategy sampled 1638 clients (out of 2048)

[36m(ClientAppActor pid=1144531)[0m    Train:      86 samples (client-local)[32m [repeated 259x across cluster][0m
[36m(ClientAppActor pid=1144531)[0m    Validation: 12 samples (client-local)[32m [repeated 259x across cluster][0m
[36m(ClientAppActor pid=1144531)[0m    Test:       50737 samples (global, shared)[32m [repeated 259x across cluster][0m
[36m(ClientAppActor pid=1144546)[0m [Client 2015] Data split:[32m [repeated 252x across cluster][0m
[36m(ClientAppActor pid=1144546)[0m    Train:      86 samples (client-local)[32m [repeated 252x across cluster][0m
[36m(ClientAppActor pid=1144546)[0m    Validation: 12 samples (client-local)[32m [repeated 252x across cluster][0m
[36m(ClientAppActor pid=1144546)[0m    Test:       50737 samples (global, shared)[32m [repeated 252x across cluster][0m
[36m(ClientAppActor pid=1144540)[0m [Client 235] Data split:[32m [repeated 202x across cluster][0m
[36m(ClientAppActor pid=1144540)[0m    Train:      87 samples (client-local)[32m [repeated 202x across cluster][0m
[36m(ClientAppActor pid=1144540)[0m    Validation: 12 samples (client-local)[32m [repeated 202x across cluster][0m
[36m(ClientAppActor pid=1144540)[0m    Test:       50737 samples (global, shared)[32m [repeated 202x across cluster][0m
[36m(ClientAppActor pid=1144549)[0m [Client 556] Data split:[32m [repeated 266x across cluster][0m
[36m(ClientAppActor pid=1144549)[0m    Train:      87 samples (client-local)[32m [repeated 266x across cluster][0m
[36m(ClientAppActor pid=1144549)[0m    Validation: 12 samples (client-local)[32m [repeated 266x across cluster][0m
[36m(ClientAppActor pid=1144549)[0m    Test:       50737 samples (global, shared)[32m [repeated 266x across cluster][0m
[36m(ClientAppActor pid=1144552)[0m [Client 2044] Data split:[32m [repeated 255x across cluster][0m
[36m(ClientAppActor pid=1144552)[0m    Train:      86 samples (client-local)[32m [repeated 255x across cluster][0m
[36m(ClientAppActor pid=1144552)[0m    Validation: 12 samples (client-local)[32m [repeated 255x across cluster][0m
[36m(ClientAppActor pid=1144552)[0m    Test:       50737 samples (global, shared)[32m [repeated 255x across cluster][0m
[36m(ClientAppActor pid=1144534)[0m [Client 441] Data split:[32m [repeated 245x across cluster][0m
[36m(ClientAppActor pid=1144534)[0m    Train:      87 samples (client-local)[32m [repeated 245x across cluster][0m
[36m(ClientAppActor pid=1144534)[0m    Validation: 12 samples (client-local)[32m [repeated 245x across cluster][0m
[36m(ClientAppActor pid=1144534)[0m    Test:       50737 samples (global, shared)[32m [repeated 245x across cluster][0m
[36m(ClientAppActor pid=1144534)[0m [Client 1597] Data split:[32m [repeated 258x across cluster][0m
[36m(ClientAppActor pid=1144534)[0m    Train:      86 samples (client-local)[32m [repeated 258x across cluster][0m
[36m(ClientAppActor pid=1144534)[0m    Validation: 12 samples (client-local)[32m [repeated 258x across cluster][0m
[36m(ClientAppActor pid=1144534)[0m    Test:       50737 samples (global, shared)[32m [repeated 258x across cluster][0m
[36m(ClientAppActor pid=1144537)[0m [Client 1425] Data split:[32m [repeated 252x across cluster][0m
[36m(ClientAppActor pid=1144537)[0m    Train:      87 samples (client-local)[32m [repeated 252x across cluster][0m
[36m(ClientAppActor pid=1144537)[0m    Validation: 12 samples (client-local)[32m [repeated 252x across cluster][0m
[36m(ClientAppActor pid=1144537)[0m    Test:       50737 samples (global, shared)[32m [repeated 252x across cluster][0m
[36m(ClientAppActor pid=1144536)[0m [Client 1379] Data split:[32m [repeated 260x across cluster][0m
[36m(ClientAppActor pid=1144536)[0m    Train:      87 samples (client-local)[32m [repeated 260x across cluster][0m
[36m(ClientAppActor pid=1144536)[0m    Validation: 12 samples (client-local)[32m [repeated 260x across cluster][0m
[36m(ClientAppActor pid=1144536)[0m    Test:       50737 samples (global, shared)[32m [repeated 260x across cluster][0m
[36m(ClientAppActor pid=1144531)[0m [Client 1350] Data split:[32m [repeated 259x across cluster][0m
[36m(ClientAppActor pid=1144531)[0m    Train:      87 samples (client-local)[32m [repeated 259x across cluster][0m
[36m(ClientAppActor pid=1144531)[0m    Validation: 12 samples (client-local)[32m [repeated 259x across cluster][0m
[36m(ClientAppActor pid=1144531)[0m    Test:       50737 samples (global, shared)[32m [repeated 259x across cluster][0m

🎯 Multi-Threshold Aggregation:
   ═══════════════════════════════════════════════
   Evaluated 10 thresholds:
     • Thr=0.30: Recall=0.944, Spec=0.283, F1=0.296
     • Thr=0.35: Recall=0.915, Spec=0.365, F1=0.313
     • Thr=0.40: Recall=0.876, Spec=0.440, F1=0.328
   ...

   BEST Threshold: 0.50
     • Recall:      0.786
     • Specificity: 0.568
     • F1-Score:    0.353
     • Score:       0.649
   ═══════════════════════════════════════════════

⚠️  No rounds meet spec≥0.7, using recall filter only
 10 Pareto-optimal rounds (not dominated in recall & spec)

🎯 SELECTED ROUND 46:
   Recall:     0.786
   Specificity: 0.568
   F1-Score:    0.353
   Stability:   1.000
   Alerts/1000: 481.1
   Composite:   0.655


✅ Round 46 is NEW BEST - Saving checkpoint...
   💾 Checkpoint saved: result/splits_iid_scaling/splits_iid_2048_clients.json/multi_thr/model_round_46.pt
⚠️  No rounds meet spec≥0.7, using recall filter only
 10 Pareto-optimal rounds (not dominated in recall & spec)

🎯 SELECTED ROUND 46:
   Recall:     0.786
   Specificity: 0.568
   F1-Score:    0.353
   Stability:   1.000
   Alerts/1000: 481.1
   Composite:   0.655

   💾 Best model saved: result/splits_iid_scaling/splits_iid_2048_clients.json/multi_thr/model_round_46.pt
   📊 Metrics saved: result/splits_iid_scaling/splits_iid_2048_clients.json/multi_thr/run_1.json
[36m(ClientAppActor pid=1144588)[0m [Client 15] Data split:[32m [repeated 253x across cluster][0m
[36m(ClientAppActor pid=1144588)[0m    Train:      87 samples (client-local)[32m [repeated 253x across cluster][0m
[36m(ClientAppActor pid=1144588)[0m    Validation: 12 samples (client-local)[32m [repeated 253x across cluster][0m
[36m(ClientAppActor pid=1144588)[0m    Test:       50737 samples (global, shared)[32m [repeated 253x across cluster][0m
[36m(ClientAppActor pid=1144549)[0m [Client 481] Data split:[32m [repeated 256x across cluster][0m
[36m(ClientAppActor pid=1144549)[0m    Train:      87 samples (client-local)[32m [repeated 256x across cluster][0m
[36m(ClientAppActor pid=1144549)[0m    Validation: 12 samples (client-local)[32m [repeated 256x across cluster][0m
[36m(ClientAppActor pid=1144549)[0m    Test:       50737 samples (global, shared)[32m [repeated 256x across cluster][0m
[36m(ClientAppActor pid=1144541)[0m [Client 122] Data split:[32m [repeated 253x across cluster][0m
[36m(ClientAppActor pid=1144541)[0m    Train:      87 samples (client-local)[32m [repeated 253x across cluster][0m
[36m(ClientAppActor pid=1144541)[0m    Validation: 12 samples (client-local)[32m [repeated 253x across cluster][0m
[36m(ClientAppActor pid=1144541)[0m    Test:       50737 samples (global, shared)[32m [repeated 253x across cluster][0m
[36m(ClientAppActor pid=1144585)[0m 
[36m(ClientAppActor pid=1144533)[0m [Client 1713] Data split:[32m [repeated 248x across cluster][0m
[36m(ClientAppActor pid=1144533)[0m    Train:      86 samples (client-local)[32m [repeated 248x across cluster][0m
[36m(ClientAppActor pid=1144533)[0m    Validation: 12 samples (client-local)[32m [repeated 248x across cluster][0m
[36m(ClientAppActor pid=1144533)[0m    Test:       50737 samples (global, shared)[32m [repeated 248x across cluster][0m
[36m(ClientAppActor pid=1144546)[0m [Client 1919] Data split:[32m [repeated 252x across cluster][0m
[36m(ClientAppActor pid=1144546)[0m    Train:      86 samples (client-local)[32m [repeated 252x across cluster][0m[92mINFO [0m:      aggregate_fit: received 1638 results and 0 failures
[92mINFO [0m:      configure_evaluate: strategy sampled 2048 clients (out of 2048)
[36m(ClientAppActor pid=1144554)[0m /home/bax9142/federated-edge-learning/.venv/lib64/python3.13/site-packages/sklearn/metrics/_ranking.py:424: UndefinedMetricWarning: Only one class is present in y_true. ROC AUC score is not defined in that case.[32m [repeated 28x across cluster][0m
[36m(ClientAppActor pid=1144554)[0m   warnings.warn([32m [repeated 28x across cluster][0m
[36m(ClientAppActor pid=1144549)[0m /home/bax9142/federated-edge-learning/.venv/lib64/python3.13/site-packages/sklearn/metrics/_ranking.py:424: UndefinedMetricWarning: Only one class is present in y_true. ROC AUC score is not defined in that case.[32m [repeated 47x across cluster][0m
[36m(ClientAppActor pid=1144549)[0m   warnings.warn([32m [repeated 47x across cluster][0m
[36m(ClientAppActor pid=1144556)[0m /home/bax9142/federated-edge-learning/.venv/lib64/python3.13/site-packages/sklearn/metrics/_ranking.py:424: UndefinedMetricWarning: Only one class is present in y_true. ROC AUC score is not defined in that case.[32m [repeated 41x across cluster][0m
[36m(ClientAppActor pid=1144556)[0m   warnings.warn([32m [repeated 41x across cluster][0m
[36m(ClientAppActor pid=1144537)[0m /home/bax9142/federated-edge-learning/.venv/lib64/python3.13/site-packages/sklearn/metrics/_ranking.py:424: UndefinedMetricWarning: Only one class is present in y_true. ROC AUC score is not defined in that case.[32m [repeated 29x across cluster][0m
[36m(ClientAppActor pid=1144537)[0m   warnings.warn([32m [repeated 29x across cluster][0m
[36m(ClientAppActor pid=1144538)[0m /home/bax9142/federated-edge-learning/.venv/lib64/python3.13/site-packages/sklearn/metrics/_ranking.py:424: UndefinedMetricWarning: Only one class is present in y_true. ROC AUC score is not defined in that case.[32m [repeated 33x across cluster][0m
[36m(ClientAppActor pid=1144538)[0m   warnings.warn([32m [repeated 33x across cluster][0m
[36m(ClientAppActor pid=1144569)[0m /home/bax9142/federated-edge-learning/.venv/lib64/python3.13/site-packages/sklearn/metrics/_ranking.py:424: UndefinedMetricWarning: Only one class is present in y_true. ROC AUC score is not defined in that case.[32m [repeated 46x across cluster][0m
[36m(ClientAppActor pid=1144569)[0m   warnings.warn([32m [repeated 46x across cluster][0m
[36m(ClientAppActor pid=1144545)[0m /home/bax9142/federated-edge-learning/.venv/lib64/python3.13/site-packages/sklearn/metrics/_ranking.py:424: UndefinedMetricWarning: Only one class is present in y_true. ROC AUC score is not defined in that case.[32m [repeated 39x across cluster][0m
[36m(ClientAppActor pid=1144545)[0m   warnings.warn([32m [repeated 39x across cluster][0m
[36m(ClientAppActor pid=1144540)[0m /home/bax9142/federated-edge-learning/.venv/lib64/python3.13/site-packages/sklearn/metrics/_ranking.py:424: UndefinedMetricWarning: Only one class is present in y_true. ROC AUC score is not defined in that case.[32m [repeated 45x across cluster][0m
[36m(ClientAppActor pid=1144540)[0m   warnings.warn([32m [repeated 45x across cluster][0m
[92mINFO [0m:      aggregate_evaluate: received 2048 results and 0 failures
[92mINFO [0m:      
[92mINFO [0m:      [ROUND 48]
[92mINFO [0m:      configure_fit: strategy sampled 1638 clients (out of 2048)

[36m(ClientAppActor pid=1144546)[0m    Validation: 12 samples (client-local)[32m [repeated 252x across cluster][0m
[36m(ClientAppActor pid=1144546)[0m    Test:       50737 samples (global, shared)[32m [repeated 252x across cluster][0m
[36m(ClientAppActor pid=1144549)[0m [Client 1977] Data split:[32m [repeated 255x across cluster][0m
[36m(ClientAppActor pid=1144549)[0m    Train:      86 samples (client-local)[32m [repeated 255x across cluster][0m
[36m(ClientAppActor pid=1144549)[0m    Validation: 12 samples (client-local)[32m [repeated 255x across cluster][0m
[36m(ClientAppActor pid=1144549)[0m    Test:       50737 samples (global, shared)[32m [repeated 255x across cluster][0m
[36m(ClientAppActor pid=1144533)[0m [Client 1068] Data split:[32m [repeated 255x across cluster][0m
[36m(ClientAppActor pid=1144533)[0m    Train:      87 samples (client-local)[32m [repeated 255x across cluster][0m
[36m(ClientAppActor pid=1144533)[0m    Validation: 12 samples (client-local)[32m [repeated 255x across cluster][0m
[36m(ClientAppActor pid=1144533)[0m    Test:       50737 samples (global, shared)[32m [repeated 255x across cluster][0m
[36m(ClientAppActor pid=1144538)[0m [Client 2045] Data split:[32m [repeated 197x across cluster][0m
[36m(ClientAppActor pid=1144538)[0m    Train:      86 samples (client-local)[32m [repeated 197x across cluster][0m
[36m(ClientAppActor pid=1144538)[0m    Validation: 12 samples (client-local)[32m [repeated 197x across cluster][0m
[36m(ClientAppActor pid=1144538)[0m    Test:       50737 samples (global, shared)[32m [repeated 197x across cluster][0m
[36m(ClientAppActor pid=1144531)[0m [Client 1809] Data split:[32m [repeated 252x across cluster][0m
[36m(ClientAppActor pid=1144531)[0m    Train:      86 samples (client-local)[32m [repeated 252x across cluster][0m
[36m(ClientAppActor pid=1144531)[0m    Validation: 12 samples (client-local)[32m [repeated 252x across cluster][0m
[36m(ClientAppActor pid=1144531)[0m    Test:       50737 samples (global, shared)[32m [repeated 252x across cluster][0m
[36m(ClientAppActor pid=1144556)[0m [Client 787] Data split:[32m [repeated 242x across cluster][0m
[36m(ClientAppActor pid=1144556)[0m    Train:      87 samples (client-local)[32m [repeated 242x across cluster][0m
[36m(ClientAppActor pid=1144556)[0m    Validation: 12 samples (client-local)[32m [repeated 242x across cluster][0m
[36m(ClientAppActor pid=1144556)[0m    Test:       50737 samples (global, shared)[32m [repeated 242x across cluster][0m
[36m(ClientAppActor pid=1144588)[0m [Client 1917] Data split:[32m [repeated 253x across cluster][0m
[36m(ClientAppActor pid=1144588)[0m    Train:      86 samples (client-local)[32m [repeated 253x across cluster][0m
[36m(ClientAppActor pid=1144588)[0m    Validation: 12 samples (client-local)[32m [repeated 253x across cluster][0m
[36m(ClientAppActor pid=1144588)[0m    Test:       50737 samples (global, shared)[32m [repeated 253x across cluster][0m
[36m(ClientAppActor pid=1144536)[0m [Client 831] Data split:[32m [repeated 262x across cluster][0m
[36m(ClientAppActor pid=1144536)[0m    Train:      87 samples (client-local)[32m [repeated 262x across cluster][0m
[36m(ClientAppActor pid=1144536)[0m    Validation: 12 samples (client-local)[32m [repeated 262x across cluster][0m
[36m(ClientAppActor pid=1144536)[0m    Test:       50737 samples (global, shared)[32m [repeated 262x across cluster][0m
[36m(ClientAppActor pid=1144539)[0m [Client 1777] Data split:[32m [repeated 260x across cluster][0m
[36m(ClientAppActor pid=1144539)[0m    Train:      86 samples (client-local)[32m [repeated 260x across cluster][0m
[36m(ClientAppActor pid=1144539)[0m    Validation: 12 samples (client-local)[32m [repeated 260x across cluster][0m
[36m(ClientAppActor pid=1144539)[0m    Test:       50737 samples (global, shared)[32m [repeated 260x across cluster][0m
[36m(ClientAppActor pid=1144556)[0m [Client 1256] Data split:[32m [repeated 257x across cluster][0m
[36m(ClientAppActor pid=1144556)[0m    Train:      87 samples (client-local)[32m [repeated 257x across cluster][0m
[36m(ClientAppActor pid=1144556)[0m    Validation: 12 samples (client-local)[32m [repeated 257x across cluster][0m
[36m(ClientAppActor pid=1144556)[0m    Test:       50737 samples (global, shared)[32m [repeated 257x across cluster][0m
[36m(ClientAppActor pid=1144531)[0m [Client 1506] Data split:[32m [repeated 254x across cluster][0m
[36m(ClientAppActor pid=1144531)[0m    Train:      86 samples (client-local)[32m [repeated 254x across cluster][0m
[36m(ClientAppActor pid=1144531)[0m    Validation: 12 samples (client-local)[32m [repeated 254x across cluster][0m
[36m(ClientAppActor pid=1144531)[0m    Test:       50737 samples (global, shared)[32m [repeated 254x across cluster][0m

🎯 Multi-Threshold Aggregation:
   ═══════════════════════════════════════════════
   Evaluated 10 thresholds:
     • Thr=0.30: Recall=0.944, Spec=0.286, F1=0.297
     • Thr=0.35: Recall=0.915, Spec=0.368, F1=0.314
     • Thr=0.40: Recall=0.876, Spec=0.443, F1=0.329
   ...

   BEST Threshold: 0.50
     • Recall:      0.786
     • Specificity: 0.570
     • F1-Score:    0.354
     • Score:       0.649
   ═══════════════════════════════════════════════

⚠️  No rounds meet spec≥0.7, using recall filter only
 11 Pareto-optimal rounds (not dominated in recall & spec)

🎯 SELECTED ROUND 47:
   Recall:     0.786
   Specificity: 0.570
   F1-Score:    0.354
   Stability:   1.000
   Alerts/1000: 479.5
   Composite:   0.656


✅ Round 47 is NEW BEST - Saving checkpoint...
   💾 Checkpoint saved: result/splits_iid_scaling/splits_iid_2048_clients.json/multi_thr/model_round_47.pt
⚠️  No rounds meet spec≥0.7, using recall filter only
 11 Pareto-optimal rounds (not dominated in recall & spec)

🎯 SELECTED ROUND 47:
   Recall:     0.786
   Specificity: 0.570
   F1-Score:    0.354
   Stability:   1.000
   Alerts/1000: 479.5
   Composite:   0.656

   💾 Best model saved: result/splits_iid_scaling/splits_iid_2048_clients.json/multi_thr/model_round_47.pt
   📊 Metrics saved: result/splits_iid_scaling/splits_iid_2048_clients.json/multi_thr/run_1.json
[36m(ClientAppActor pid=1144541)[0m [Client 1234] Data split:[32m [repeated 229x across cluster][0m
[36m(ClientAppActor pid=1144541)[0m    Train:      87 samples (client-local)[32m [repeated 229x across cluster][0m
[36m(ClientAppActor pid=1144541)[0m    Validation: 12 samples (client-local)[32m [repeated 229x across cluster][0m
[36m(ClientAppActor pid=1144541)[0m    Test:       50737 samples (global, shared)[32m [repeated 229x across cluster][0m
[36m(ClientAppActor pid=1144531)[0m [Client 1602] Data split:[32m [repeated 252x across cluster][0m
[36m(ClientAppActor pid=1144531)[0m    Train:      86 samples (client-local)[32m [repeated 252x across cluster][0m
[36m(ClientAppActor pid=1144531)[0m    Validation: 12 samples (client-local)[32m [repeated 252x across cluster][0m
[36m(ClientAppActor pid=1144531)[0m    Test:       50737 samples (global, shared)[32m [repeated 252x across cluster][0m
[36m(ClientAppActor pid=1144533)[0m [Client 1874] Data split:[32m [repeated 250x across cluster][0m
[36m(ClientAppActor pid=1144533)[0m    Train:      86 samples (client-local)[32m [repeated 250x across cluster][0m
[36m(ClientAppActor pid=1144533)[0m    Validation: 12 samples (client-local)[32m [repeated 250x across cluster][0m
[36m(ClientAppActor pid=1144533)[0m    Test:       50737 samples (global, shared)[32m [repeated 250x across cluster][0m
[36m(ClientAppActor pid=1144550)[0m [Client 209] Data split:[32m [repeated 252x across cluster][0m
[36m(ClientAppActor pid=1144550)[0m    Train:      87 samples (client-local)[32m [repeated 252x across cluster][0m
[36m(ClientAppActor pid=1144550)[0m    Validation: 12 samples (client-local)[32m [repeated 252x across cluster][0m[92mINFO [0m:      aggregate_fit: received 1638 results and 0 failures
[92mINFO [0m:      configure_evaluate: strategy sampled 2048 clients (out of 2048)
[36m(ClientAppActor pid=1144548)[0m /home/bax9142/federated-edge-learning/.venv/lib64/python3.13/site-packages/sklearn/metrics/_ranking.py:424: UndefinedMetricWarning: Only one class is present in y_true. ROC AUC score is not defined in that case.[32m [repeated 42x across cluster][0m
[36m(ClientAppActor pid=1144548)[0m   warnings.warn([32m [repeated 42x across cluster][0m
[36m(ClientAppActor pid=1144541)[0m /home/bax9142/federated-edge-learning/.venv/lib64/python3.13/site-packages/sklearn/metrics/_ranking.py:424: UndefinedMetricWarning: Only one class is present in y_true. ROC AUC score is not defined in that case.[32m [repeated 41x across cluster][0m
[36m(ClientAppActor pid=1144541)[0m   warnings.warn([32m [repeated 41x across cluster][0m
[36m(ClientAppActor pid=1144560)[0m /home/bax9142/federated-edge-learning/.venv/lib64/python3.13/site-packages/sklearn/metrics/_ranking.py:424: UndefinedMetricWarning: Only one class is present in y_true. ROC AUC score is not defined in that case.[32m [repeated 33x across cluster][0m
[36m(ClientAppActor pid=1144560)[0m   warnings.warn([32m [repeated 33x across cluster][0m
[36m(ClientAppActor pid=1144531)[0m /home/bax9142/federated-edge-learning/.venv/lib64/python3.13/site-packages/sklearn/metrics/_ranking.py:424: UndefinedMetricWarning: Only one class is present in y_true. ROC AUC score is not defined in that case.[32m [repeated 48x across cluster][0m
[36m(ClientAppActor pid=1144531)[0m   warnings.warn([32m [repeated 48x across cluster][0m
[36m(ClientAppActor pid=1144533)[0m /home/bax9142/federated-edge-learning/.venv/lib64/python3.13/site-packages/sklearn/metrics/_ranking.py:424: UndefinedMetricWarning: Only one class is present in y_true. ROC AUC score is not defined in that case.[32m [repeated 38x across cluster][0m
[36m(ClientAppActor pid=1144533)[0m   warnings.warn([32m [repeated 38x across cluster][0m
[36m(ClientAppActor pid=1144548)[0m /home/bax9142/federated-edge-learning/.venv/lib64/python3.13/site-packages/sklearn/metrics/_ranking.py:424: UndefinedMetricWarning: Only one class is present in y_true. ROC AUC score is not defined in that case.[32m [repeated 39x across cluster][0m
[36m(ClientAppActor pid=1144548)[0m   warnings.warn([32m [repeated 39x across cluster][0m
[36m(ClientAppActor pid=1144550)[0m /home/bax9142/federated-edge-learning/.venv/lib64/python3.13/site-packages/sklearn/metrics/_ranking.py:424: UndefinedMetricWarning: Only one class is present in y_true. ROC AUC score is not defined in that case.[32m [repeated 40x across cluster][0m
[36m(ClientAppActor pid=1144550)[0m   warnings.warn([32m [repeated 40x across cluster][0m
[36m(ClientAppActor pid=1144550)[0m /home/bax9142/federated-edge-learning/.venv/lib64/python3.13/site-packages/sklearn/metrics/_ranking.py:424: UndefinedMetricWarning: Only one class is present in y_true. ROC AUC score is not defined in that case.[32m [repeated 39x across cluster][0m
[36m(ClientAppActor pid=1144550)[0m   warnings.warn([32m [repeated 39x across cluster][0m
[92mINFO [0m:      aggregate_evaluate: received 2048 results and 0 failures
[92mINFO [0m:      
[92mINFO [0m:      [ROUND 49]
[92mINFO [0m:      configure_fit: strategy sampled 1638 clients (out of 2048)

[36m(ClientAppActor pid=1144550)[0m    Test:       50737 samples (global, shared)[32m [repeated 252x across cluster][0m
[36m(ClientAppActor pid=1144538)[0m [Client 864] Data split:[32m [repeated 257x across cluster][0m
[36m(ClientAppActor pid=1144538)[0m    Train:      87 samples (client-local)[32m [repeated 257x across cluster][0m
[36m(ClientAppActor pid=1144538)[0m    Validation: 12 samples (client-local)[32m [repeated 257x across cluster][0m
[36m(ClientAppActor pid=1144538)[0m    Test:       50737 samples (global, shared)[32m [repeated 257x across cluster][0m
[36m(ClientAppActor pid=1144533)[0m [Client 1309] Data split:[32m [repeated 254x across cluster][0m
[36m(ClientAppActor pid=1144533)[0m    Train:      87 samples (client-local)[32m [repeated 254x across cluster][0m
[36m(ClientAppActor pid=1144533)[0m    Validation: 12 samples (client-local)[32m [repeated 254x across cluster][0m
[36m(ClientAppActor pid=1144533)[0m    Test:       50737 samples (global, shared)[32m [repeated 254x across cluster][0m
[36m(ClientAppActor pid=1144539)[0m [Client 1541] Data split:[32m [repeated 261x across cluster][0m
[36m(ClientAppActor pid=1144539)[0m    Train:      86 samples (client-local)[32m [repeated 261x across cluster][0m
[36m(ClientAppActor pid=1144539)[0m    Validation: 12 samples (client-local)[32m [repeated 261x across cluster][0m
[36m(ClientAppActor pid=1144539)[0m    Test:       50737 samples (global, shared)[32m [repeated 261x across cluster][0m
[36m(ClientAppActor pid=1144547)[0m [Client 639] Data split:[32m [repeated 201x across cluster][0m
[36m(ClientAppActor pid=1144547)[0m    Train:      87 samples (client-local)[32m [repeated 201x across cluster][0m
[36m(ClientAppActor pid=1144547)[0m    Validation: 12 samples (client-local)[32m [repeated 201x across cluster][0m
[36m(ClientAppActor pid=1144547)[0m    Test:       50737 samples (global, shared)[32m [repeated 201x across cluster][0m
[36m(ClientAppActor pid=1144531)[0m [Client 1142] Data split:[32m [repeated 246x across cluster][0m
[36m(ClientAppActor pid=1144531)[0m    Train:      87 samples (client-local)[32m [repeated 246x across cluster][0m
[36m(ClientAppActor pid=1144531)[0m    Validation: 12 samples (client-local)[32m [repeated 246x across cluster][0m
[36m(ClientAppActor pid=1144531)[0m    Test:       50737 samples (global, shared)[32m [repeated 246x across cluster][0m
[36m(ClientAppActor pid=1144531)[0m [Client 628] Data split:[32m [repeated 265x across cluster][0m
[36m(ClientAppActor pid=1144531)[0m    Train:      87 samples (client-local)[32m [repeated 265x across cluster][0m
[36m(ClientAppActor pid=1144531)[0m    Validation: 12 samples (client-local)[32m [repeated 265x across cluster][0m
[36m(ClientAppActor pid=1144531)[0m    Test:       50737 samples (global, shared)[32m [repeated 265x across cluster][0m
[36m(ClientAppActor pid=1144538)[0m [Client 1596] Data split:[32m [repeated 264x across cluster][0m
[36m(ClientAppActor pid=1144538)[0m    Train:      86 samples (client-local)[32m [repeated 264x across cluster][0m
[36m(ClientAppActor pid=1144538)[0m    Validation: 12 samples (client-local)[32m [repeated 264x across cluster][0m
[36m(ClientAppActor pid=1144538)[0m    Test:       50737 samples (global, shared)[32m [repeated 264x across cluster][0m
[36m(ClientAppActor pid=1144538)[0m [Client 941] Data split:[32m [repeated 256x across cluster][0m
[36m(ClientAppActor pid=1144538)[0m    Train:      87 samples (client-local)[32m [repeated 256x across cluster][0m
[36m(ClientAppActor pid=1144538)[0m    Validation: 12 samples (client-local)[32m [repeated 256x across cluster][0m
[36m(ClientAppActor pid=1144538)[0m    Test:       50737 samples (global, shared)[32m [repeated 256x across cluster][0m
[36m(ClientAppActor pid=1144534)[0m [Client 232] Data split:[32m [repeated 253x across cluster][0m
[36m(ClientAppActor pid=1144534)[0m    Train:      87 samples (client-local)[32m [repeated 253x across cluster][0m
[36m(ClientAppActor pid=1144534)[0m    Validation: 12 samples (client-local)[32m [repeated 253x across cluster][0m
[36m(ClientAppActor pid=1144534)[0m    Test:       50737 samples (global, shared)[32m [repeated 253x across cluster][0m
[36m(ClientAppActor pid=1144574)[0m [Client 2044] Data split:[32m [repeated 256x across cluster][0m
[36m(ClientAppActor pid=1144574)[0m    Train:      86 samples (client-local)[32m [repeated 256x across cluster][0m
[36m(ClientAppActor pid=1144574)[0m    Validation: 12 samples (client-local)[32m [repeated 256x across cluster][0m
[36m(ClientAppActor pid=1144574)[0m    Test:       50737 samples (global, shared)[32m [repeated 256x across cluster][0m
[36m(ClientAppActor pid=1144549)[0m [Client 1152] Data split:[32m [repeated 252x across cluster][0m
[36m(ClientAppActor pid=1144549)[0m    Train:      87 samples (client-local)[32m [repeated 252x across cluster][0m
[36m(ClientAppActor pid=1144549)[0m    Validation: 12 samples (client-local)[32m [repeated 252x across cluster][0m
[36m(ClientAppActor pid=1144549)[0m    Test:       50737 samples (global, shared)[32m [repeated 252x across cluster][0m

🎯 Multi-Threshold Aggregation:
   ═══════════════════════════════════════════════
   Evaluated 10 thresholds:
     • Thr=0.30: Recall=0.943, Spec=0.290, F1=0.298
     • Thr=0.35: Recall=0.916, Spec=0.371, F1=0.316
     • Thr=0.40: Recall=0.876, Spec=0.446, F1=0.331
   ...

   BEST Threshold: 0.50
     • Recall:      0.786
     • Specificity: 0.572
     • F1-Score:    0.355
     • Score:       0.651
   ═══════════════════════════════════════════════

⚠️  No rounds meet spec≥0.7, using recall filter only
 9 Pareto-optimal rounds (not dominated in recall & spec)

🎯 SELECTED ROUND 48:
   Recall:     0.786
   Specificity: 0.572
   F1-Score:    0.355
   Stability:   1.000
   Alerts/1000: 478.2
   Composite:   0.657


✅ Round 48 is NEW BEST - Saving checkpoint...
   💾 Checkpoint saved: result/splits_iid_scaling/splits_iid_2048_clients.json/multi_thr/model_round_48.pt
⚠️  No rounds meet spec≥0.7, using recall filter only
 9 Pareto-optimal rounds (not dominated in recall & spec)

🎯 SELECTED ROUND 48:
   Recall:     0.786
   Specificity: 0.572
   F1-Score:    0.355
   Stability:   1.000
   Alerts/1000: 478.2
   Composite:   0.657

   💾 Best model saved: result/splits_iid_scaling/splits_iid_2048_clients.json/multi_thr/model_round_48.pt
   📊 Metrics saved: result/splits_iid_scaling/splits_iid_2048_clients.json/multi_thr/run_1.json
[36m(ClientAppActor pid=1144552)[0m [Client 426] Data split:[32m [repeated 222x across cluster][0m
[36m(ClientAppActor pid=1144552)[0m    Train:      87 samples (client-local)[32m [repeated 222x across cluster][0m
[36m(ClientAppActor pid=1144552)[0m    Validation: 12 samples (client-local)[32m [repeated 222x across cluster][0m
[36m(ClientAppActor pid=1144552)[0m    Test:       50737 samples (global, shared)[32m [repeated 222x across cluster][0m
[36m(ClientAppActor pid=1144537)[0m [Client 1922] Data split:[32m [repeated 241x across cluster][0m
[36m(ClientAppActor pid=1144537)[0m    Train:      86 samples (client-local)[32m [repeated 241x across cluster][0m
[36m(ClientAppActor pid=1144537)[0m    Validation: 12 samples (client-local)[32m [repeated 241x across cluster][0m
[36m(ClientAppActor pid=1144537)[0m    Test:       50737 samples (global, shared)[32m [repeated 241x across cluster][0m
[36m(ClientAppActor pid=1144536)[0m [Client 1432] Data split:[32m [repeated 252x across cluster][0m
[36m(ClientAppActor pid=1144536)[0m    Train:      87 samples (client-local)[32m [repeated 252x across cluster][0m
[36m(ClientAppActor pid=1144536)[0m    Validation: 12 samples (client-local)[32m [repeated 252x across cluster][0m
[36m(ClientAppActor pid=1144536)[0m    Test:       50737 samples (global, shared)[32m [repeated 252x across cluster][0m[92mINFO [0m:      aggregate_fit: received 1638 results and 0 failures
[92mINFO [0m:      configure_evaluate: strategy sampled 2048 clients (out of 2048)
[36m(ClientAppActor pid=1144550)[0m /home/bax9142/federated-edge-learning/.venv/lib64/python3.13/site-packages/sklearn/metrics/_ranking.py:424: UndefinedMetricWarning: Only one class is present in y_true. ROC AUC score is not defined in that case.[32m [repeated 44x across cluster][0m
[36m(ClientAppActor pid=1144550)[0m   warnings.warn([32m [repeated 44x across cluster][0m
[36m(ClientAppActor pid=1144541)[0m /home/bax9142/federated-edge-learning/.venv/lib64/python3.13/site-packages/sklearn/metrics/_ranking.py:424: UndefinedMetricWarning: Only one class is present in y_true. ROC AUC score is not defined in that case.[32m [repeated 35x across cluster][0m
[36m(ClientAppActor pid=1144541)[0m   warnings.warn([32m [repeated 35x across cluster][0m
[36m(ClientAppActor pid=1144544)[0m /home/bax9142/federated-edge-learning/.venv/lib64/python3.13/site-packages/sklearn/metrics/_ranking.py:424: UndefinedMetricWarning: Only one class is present in y_true. ROC AUC score is not defined in that case.[32m [repeated 48x across cluster][0m
[36m(ClientAppActor pid=1144544)[0m   warnings.warn([32m [repeated 48x across cluster][0m
[36m(ClientAppActor pid=1144569)[0m /home/bax9142/federated-edge-learning/.venv/lib64/python3.13/site-packages/sklearn/metrics/_ranking.py:424: UndefinedMetricWarning: Only one class is present in y_true. ROC AUC score is not defined in that case.[32m [repeated 42x across cluster][0m
[36m(ClientAppActor pid=1144569)[0m   warnings.warn([32m [repeated 42x across cluster][0m
[36m(ClientAppActor pid=1144539)[0m /home/bax9142/federated-edge-learning/.venv/lib64/python3.13/site-packages/sklearn/metrics/_ranking.py:424: UndefinedMetricWarning: Only one class is present in y_true. ROC AUC score is not defined in that case.[32m [repeated 40x across cluster][0m
[36m(ClientAppActor pid=1144539)[0m   warnings.warn([32m [repeated 40x across cluster][0m
[36m(ClientAppActor pid=1144547)[0m /home/bax9142/federated-edge-learning/.venv/lib64/python3.13/site-packages/sklearn/metrics/_ranking.py:424: UndefinedMetricWarning: Only one class is present in y_true. ROC AUC score is not defined in that case.[32m [repeated 43x across cluster][0m
[36m(ClientAppActor pid=1144547)[0m   warnings.warn([32m [repeated 43x across cluster][0m
[36m(ClientAppActor pid=1144546)[0m /home/bax9142/federated-edge-learning/.venv/lib64/python3.13/site-packages/sklearn/metrics/_ranking.py:424: UndefinedMetricWarning: Only one class is present in y_true. ROC AUC score is not defined in that case.[32m [repeated 28x across cluster][0m
[36m(ClientAppActor pid=1144546)[0m   warnings.warn([32m [repeated 28x across cluster][0m
[36m(ClientAppActor pid=1144544)[0m /home/bax9142/federated-edge-learning/.venv/lib64/python3.13/site-packages/sklearn/metrics/_ranking.py:424: UndefinedMetricWarning: Only one class is present in y_true. ROC AUC score is not defined in that case.[32m [repeated 54x across cluster][0m
[36m(ClientAppActor pid=1144544)[0m   warnings.warn([32m [repeated 54x across cluster][0m
[92mINFO [0m:      aggregate_evaluate: received 2048 results and 0 failures
[92mINFO [0m:      
[92mINFO [0m:      [ROUND 50]
[92mINFO [0m:      configure_fit: strategy sampled 1638 clients (out of 2048)

[36m(ClientAppActor pid=1144549)[0m [Client 398] Data split:[32m [repeated 251x across cluster][0m
[36m(ClientAppActor pid=1144549)[0m    Train:      87 samples (client-local)[32m [repeated 251x across cluster][0m
[36m(ClientAppActor pid=1144549)[0m    Validation: 12 samples (client-local)[32m [repeated 251x across cluster][0m
[36m(ClientAppActor pid=1144549)[0m    Test:       50737 samples (global, shared)[32m [repeated 251x across cluster][0m
[36m(ClientAppActor pid=1144534)[0m [Client 884] Data split:[32m [repeated 256x across cluster][0m
[36m(ClientAppActor pid=1144534)[0m    Train:      87 samples (client-local)[32m [repeated 256x across cluster][0m
[36m(ClientAppActor pid=1144534)[0m    Validation: 12 samples (client-local)[32m [repeated 256x across cluster][0m
[36m(ClientAppActor pid=1144534)[0m    Test:       50737 samples (global, shared)[32m [repeated 256x across cluster][0m
[36m(ClientAppActor pid=1144533)[0m [Client 441] Data split:[32m [repeated 246x across cluster][0m
[36m(ClientAppActor pid=1144533)[0m    Train:      87 samples (client-local)[32m [repeated 246x across cluster][0m
[36m(ClientAppActor pid=1144533)[0m    Validation: 12 samples (client-local)[32m [repeated 246x across cluster][0m
[36m(ClientAppActor pid=1144533)[0m    Test:       50737 samples (global, shared)[32m [repeated 246x across cluster][0m
[36m(ClientAppActor pid=1144551)[0m [Client 1105] Data split:[32m [repeated 248x across cluster][0m
[36m(ClientAppActor pid=1144551)[0m    Train:      87 samples (client-local)[32m [repeated 248x across cluster][0m
[36m(ClientAppActor pid=1144551)[0m    Validation: 12 samples (client-local)[32m [repeated 248x across cluster][0m
[36m(ClientAppActor pid=1144551)[0m    Test:       50737 samples (global, shared)[32m [repeated 248x across cluster][0m
[36m(ClientAppActor pid=1144534)[0m [Client 210] Data split:[32m [repeated 187x across cluster][0m
[36m(ClientAppActor pid=1144534)[0m    Train:      87 samples (client-local)[32m [repeated 187x across cluster][0m
[36m(ClientAppActor pid=1144534)[0m    Validation: 12 samples (client-local)[32m [repeated 187x across cluster][0m
[36m(ClientAppActor pid=1144534)[0m    Test:       50737 samples (global, shared)[32m [repeated 187x across cluster][0m
[36m(ClientAppActor pid=1144536)[0m [Client 204] Data split:[32m [repeated 255x across cluster][0m
[36m(ClientAppActor pid=1144536)[0m    Train:      87 samples (client-local)[32m [repeated 255x across cluster][0m
[36m(ClientAppActor pid=1144536)[0m    Validation: 12 samples (client-local)[32m [repeated 255x across cluster][0m
[36m(ClientAppActor pid=1144536)[0m    Test:       50737 samples (global, shared)[32m [repeated 255x across cluster][0m
[36m(ClientAppActor pid=1144541)[0m [Client 1859] Data split:[32m [repeated 257x across cluster][0m
[36m(ClientAppActor pid=1144541)[0m    Train:      86 samples (client-local)[32m [repeated 257x across cluster][0m
[36m(ClientAppActor pid=1144541)[0m    Validation: 12 samples (client-local)[32m [repeated 257x across cluster][0m
[36m(ClientAppActor pid=1144541)[0m    Test:       50737 samples (global, shared)[32m [repeated 257x across cluster][0m
[36m(ClientAppActor pid=1144547)[0m [Client 241] Data split:[32m [repeated 257x across cluster][0m
[36m(ClientAppActor pid=1144547)[0m    Train:      87 samples (client-local)[32m [repeated 257x across cluster][0m
[36m(ClientAppActor pid=1144547)[0m    Validation: 12 samples (client-local)[32m [repeated 257x across cluster][0m
[36m(ClientAppActor pid=1144547)[0m    Test:       50737 samples (global, shared)[32m [repeated 257x across cluster][0m
[36m(ClientAppActor pid=1144545)[0m [Client 1548] Data split:[32m [repeated 251x across cluster][0m
[36m(ClientAppActor pid=1144545)[0m    Train:      86 samples (client-local)[32m [repeated 251x across cluster][0m
[36m(ClientAppActor pid=1144545)[0m    Validation: 12 samples (client-local)[32m [repeated 251x across cluster][0m
[36m(ClientAppActor pid=1144545)[0m    Test:       50737 samples (global, shared)[32m [repeated 251x across cluster][0m
[36m(ClientAppActor pid=1144531)[0m [Client 652] Data split:[32m [repeated 249x across cluster][0m
[36m(ClientAppActor pid=1144531)[0m    Train:      87 samples (client-local)[32m [repeated 249x across cluster][0m
[36m(ClientAppActor pid=1144531)[0m    Validation: 12 samples (client-local)[32m [repeated 249x across cluster][0m
[36m(ClientAppActor pid=1144531)[0m    Test:       50737 samples (global, shared)[32m [repeated 249x across cluster][0m
[36m(ClientAppActor pid=1144585)[0m [Client 6] Data split:[32m [repeated 259x across cluster][0m
[36m(ClientAppActor pid=1144585)[0m    Train:      87 samples (client-local)[32m [repeated 259x across cluster][0m
[36m(ClientAppActor pid=1144585)[0m    Validation: 12 samples (client-local)[32m [repeated 259x across cluster][0m
[36m(ClientAppActor pid=1144585)[0m    Test:       50737 samples (global, shared)[32m [repeated 259x across cluster][0m
[36m(ClientAppActor pid=1144546)[0m [Client 1994] Data split:[32m [repeated 248x across cluster][0m
[36m(ClientAppActor pid=1144546)[0m    Train:      86 samples (client-local)[32m [repeated 248x across cluster][0m
[36m(ClientAppActor pid=1144546)[0m    Validation: 12 samples (client-local)[32m [repeated 248x across cluster][0m
[36m(ClientAppActor pid=1144546)[0m    Test:       50737 samples (global, shared)[32m [repeated 248x across cluster][0m

🎯 Multi-Threshold Aggregation:
   ═══════════════════════════════════════════════
   Evaluated 10 thresholds:
     • Thr=0.30: Recall=0.943, Spec=0.293, F1=0.299
     • Thr=0.35: Recall=0.917, Spec=0.374, F1=0.317
     • Thr=0.40: Recall=0.877, Spec=0.449, F1=0.332
   ...

   BEST Threshold: 0.50
     • Recall:      0.787
     • Specificity: 0.574
     • F1-Score:    0.356
     • Score:       0.652
   ═══════════════════════════════════════════════

⚠️  No rounds meet spec≥0.7, using recall filter only
 8 Pareto-optimal rounds (not dominated in recall & spec)

🎯 SELECTED ROUND 49:
   Recall:     0.787
   Specificity: 0.574
   F1-Score:    0.356
   Stability:   1.000
   Alerts/1000: 476.6
   Composite:   0.658


✅ Round 49 is NEW BEST - Saving checkpoint...
   💾 Checkpoint saved: result/splits_iid_scaling/splits_iid_2048_clients.json/multi_thr/model_round_49.pt
⚠️  No rounds meet spec≥0.7, using recall filter only
 8 Pareto-optimal rounds (not dominated in recall & spec)

🎯 SELECTED ROUND 49:
   Recall:     0.787
   Specificity: 0.574
   F1-Score:    0.356
   Stability:   1.000
   Alerts/1000: 476.6
   Composite:   0.658

   💾 Best model saved: result/splits_iid_scaling/splits_iid_2048_clients.json/multi_thr/model_round_49.pt
   📊 Metrics saved: result/splits_iid_scaling/splits_iid_2048_clients.json/multi_thr/run_1.json
[36m(ClientAppActor pid=1144533)[0m [Client 1704] Data split:[32m [repeated 229x across cluster][0m
[36m(ClientAppActor pid=1144533)[0m    Train:      86 samples (client-local)[32m [repeated 229x across cluster][0m
[36m(ClientAppActor pid=1144533)[0m    Validation: 12 samples (client-local)[32m [repeated 229x across cluster][0m
[36m(ClientAppActor pid=1144533)[0m    Test:       50737 samples (global, shared)[32m [repeated 229x across cluster][0m
[36m(ClientAppActor pid=1144531)[0m [Client 1375] Data split:[32m [repeated 249x across cluster][0m
[36m(ClientAppActor pid=1144531)[0m    Train:      87 samples (client-local)[32m [repeated 249x across cluster][0m
[36m(ClientAppActor pid=1144531)[0m    Validation: 12 samples (client-local)[32m [repeated 249x across cluster][0m
[36m(ClientAppActor pid=1144531)[0m    Test:       50737 samples (global, shared)[32m [repeated 249x across cluster][0m
[36m(ClientAppActor pid=1144531)[0m [Client 1416] Data split:[32m [repeated 255x across cluster][0m[92mINFO [0m:      aggregate_fit: received 1638 results and 0 failures
[92mINFO [0m:      configure_evaluate: strategy sampled 2048 clients (out of 2048)
[36m(ClientAppActor pid=1144542)[0m /home/bax9142/federated-edge-learning/.venv/lib64/python3.13/site-packages/sklearn/metrics/_ranking.py:424: UndefinedMetricWarning: Only one class is present in y_true. ROC AUC score is not defined in that case.[32m [repeated 32x across cluster][0m
[36m(ClientAppActor pid=1144542)[0m   warnings.warn([32m [repeated 32x across cluster][0m
[36m(ClientAppActor pid=1144552)[0m /home/bax9142/federated-edge-learning/.venv/lib64/python3.13/site-packages/sklearn/metrics/_ranking.py:424: UndefinedMetricWarning: Only one class is present in y_true. ROC AUC score is not defined in that case.[32m [repeated 40x across cluster][0m
[36m(ClientAppActor pid=1144552)[0m   warnings.warn([32m [repeated 40x across cluster][0m
[36m(ClientAppActor pid=1144553)[0m /home/bax9142/federated-edge-learning/.venv/lib64/python3.13/site-packages/sklearn/metrics/_ranking.py:424: UndefinedMetricWarning: Only one class is present in y_true. ROC AUC score is not defined in that case.[32m [repeated 36x across cluster][0m
[36m(ClientAppActor pid=1144553)[0m   warnings.warn([32m [repeated 36x across cluster][0m
[36m(ClientAppActor pid=1144553)[0m /home/bax9142/federated-edge-learning/.venv/lib64/python3.13/site-packages/sklearn/metrics/_ranking.py:424: UndefinedMetricWarning: Only one class is present in y_true. ROC AUC score is not defined in that case.[32m [repeated 44x across cluster][0m
[36m(ClientAppActor pid=1144553)[0m   warnings.warn([32m [repeated 44x across cluster][0m
[36m(ClientAppActor pid=1144536)[0m /home/bax9142/federated-edge-learning/.venv/lib64/python3.13/site-packages/sklearn/metrics/_ranking.py:424: UndefinedMetricWarning: Only one class is present in y_true. ROC AUC score is not defined in that case.[32m [repeated 48x across cluster][0m
[36m(ClientAppActor pid=1144536)[0m   warnings.warn([32m [repeated 48x across cluster][0m
[36m(ClientAppActor pid=1144560)[0m /home/bax9142/federated-edge-learning/.venv/lib64/python3.13/site-packages/sklearn/metrics/_ranking.py:424: UndefinedMetricWarning: Only one class is present in y_true. ROC AUC score is not defined in that case.[32m [repeated 43x across cluster][0m
[36m(ClientAppActor pid=1144560)[0m   warnings.warn([32m [repeated 43x across cluster][0m
[36m(ClientAppActor pid=1144533)[0m /home/bax9142/federated-edge-learning/.venv/lib64/python3.13/site-packages/sklearn/metrics/_ranking.py:424: UndefinedMetricWarning: Only one class is present in y_true. ROC AUC score is not defined in that case.[32m [repeated 35x across cluster][0m
[36m(ClientAppActor pid=1144533)[0m   warnings.warn([32m [repeated 35x across cluster][0m
[36m(ClientAppActor pid=1144550)[0m /home/bax9142/federated-edge-learning/.venv/lib64/python3.13/site-packages/sklearn/metrics/_ranking.py:424: UndefinedMetricWarning: Only one class is present in y_true. ROC AUC score is not defined in that case.[32m [repeated 45x across cluster][0m
[36m(ClientAppActor pid=1144550)[0m   warnings.warn([32m [repeated 45x across cluster][0m
[92mINFO [0m:      aggregate_evaluate: received 2048 results and 0 failures
[92mINFO [0m:      
[92mINFO [0m:      [SUMMARY]
[92mINFO [0m:      Run finished 50 round(s) in 3754.88s
[92mINFO [0m:      	History (loss, distributed):
[92mINFO [0m:      		round 1: 1.5280980590656894
[92mINFO [0m:      		round 2: 1.2488576228692494
[92mINFO [0m:      		round 3: 1.1285966556367721
[92mINFO [0m:      		round 4: 1.023578137314421
[92mINFO [0m:      		round 5: 0.9363546201301952
[92mINFO [0m:      		round 6: 0.8680513925505
[92mINFO [0m:      		round 7: 0.8189510461172069
[92mINFO [0m:      		round 8: 0.7860729116787861
[92mINFO [0m:      		round 9: 0.7648317109839242
[92mINFO [0m:      		round 10: 0.7507498486067963
[92mINFO [0m:      		round 11: 0.7406986266825711
[92mINFO [0m:      		round 12: 0.7327976218418569
[92mINFO [0m:      		round 13: 0.7260808600438803
[92mINFO [0m:      		round 14: 0.720071777941037
[92mINFO [0m:      		round 15: 0.7144699011671171
[92mINFO [0m:      		round 16: 0.708916486670019
[92mINFO [0m:      		round 17: 0.703749951542608
[92mINFO [0m:      		round 18: 0.6986958108341909
[92mINFO [0m:      		round 19: 0.6938134430006302
[92mINFO [0m:      		round 20: 0.6889696759766526
[92mINFO [0m:      		round 21: 0.6844982165022063
[92mINFO [0m:      		round 22: 0.6801873869496127
[92mINFO [0m:      		round 23: 0.6760146106287569
[92mINFO [0m:      		round 24: 0.6720104983522289
[92mINFO [0m:      		round 25: 0.668270974110745
[92mINFO [0m:      		round 26: 0.664633070142515
[92mINFO [0m:      		round 27: 0.6610180112474238
[92mINFO [0m:      		round 28: 0.6576568318448094
[92mINFO [0m:      		round 29: 0.6544619098291604
[92mINFO [0m:      		round 30: 0.6513517493471969
[92mINFO [0m:      		round 31: 0.6483909852006239
[92mINFO [0m:      		round 32: 0.6454954876960057
[92mINFO [0m:      		round 33: 0.6427541318910801
[92mINFO [0m:      		round 34: 0.6401790648120805
[92mINFO [0m:      		round 35: 0.6376747789254364
[92mINFO [0m:      		round 36: 0.6352812914193635
[92mINFO [0m:      		round 37: 0.6331520793340967
[92mINFO [0m:      		round 38: 0.630952655620584
[92mINFO [0m:      		round 39: 0.6287761806821417
[92mINFO [0m:      		round 40: 0.6268627036754095
[92mINFO [0m:      		round 41: 0.624888184400189
[92mINFO [0m:      		round 42: 0.6230584331836583
[92mINFO [0m:      		round 43: 0.6212411062931157
[92mINFO [0m:      		round 44: 0.6195396376930551
[92mINFO [0m:      		round 45: 0.6178157085106976
[92mINFO [0m:      		round 46: 0.6162423522422195
[92mINFO [0m:      		round 47: 0.6147032267957672
[92mINFO [0m:      		round 48: 0.6131995711035061
[92mINFO [0m:      		round 49: 0.6118332162048304
[92mINFO [0m:      		round 50: 0.6103861893024102
[92mINFO [0m:      	History (metrics, distributed, fit):
[92mINFO [0m:      	{'fit_accuracy': [(1, 0.8145636605615058),
[92mINFO [0m:      	                  (2, 0.7792320256836295),
[92mINFO [0m:      	                  (3, 0.7300283046766085),
[92mINFO [0m:      	                  (4, 0.6994142330113492),
[92mINFO [0m:      	                  (5, 0.6660540510090555),
[92mINFO [0m:      	                  (6, 0.6302192618045092),
[92mINFO [0m:      	                  (7, 0.5921902173530386),
[92mINFO [0m:      	                  (8, 0.5579291261520697),
[92mINFO [0m:      	                  (9, 0.5300077448426389),
[92mINFO [0m:      	                  (10, 0.5076211463048881),
[92mINFO [0m:      	                  (11, 0.4916565747599065),
[92mINFO [0m:      	                  (12, 0.4835302567280204),
[92mINFO [0m:      	                  (13, 0.4794257227753447),
[92mINFO [0m:      	                  (14, 0.4775126220838937),
[92mINFO [0m:      	                  (15, 0.48008167288601),
[92mINFO [0m:      	                  (16, 0.4813380554401628),
[92mINFO [0m:      	                  (17, 0.48499612757868055),
[92mINFO [0m:      	                  (18, 0.4893576573468425),
[92mINFO [0m:      	                  (19, 0.4934939657236203),
[92mINFO [0m:      	                  (20, 0.499003738620442),
[92mINFO [0m:      	                  (21, 0.5062947993972765),
[92mINFO [0m:      	                  (22, 0.5117929509835674),
[92mINFO [0m:      	                  (23, 0.5161140410790106),
[92mINFO [0m:      	                  (24, 0.5226054934764087),
[92mINFO [0m:      	                  (25, 0.5271032380255015),
[92mINFO [0m:      	                  (26, 0.5326935668973675),
[92mINFO [0m:      	                  (27, 0.5373327700323898),
[92mINFO [0m:      	                  (28, 0.5432449939448559),
[92mINFO [0m:      	                  (29, 0.5478104759222754),
[92mINFO [0m:      	                  (30, 0.5508416702454959),
[92mINFO [0m:      	                  (31, 0.5554006477960851),
[92mINFO [0m:      	                  (32, 0.5597946999352277),
[92mINFO [0m:      	                  (33, 0.56443743531615),
[92mINFO [0m:      	                  (34, 0.5665162003619642),
[92mINFO [0m:      	                  (35, 0.572102553991536),
[92mINFO [0m:      	                  (36, 0.5740989769983033),
[92mINFO [0m:      	                  (37, 0.5780342343737898),
[92mINFO [0m:      	                  (38, 0.5786420344138106),
[92mINFO [0m:      	                  (39, 0.5817726082180978),
[92mINFO [0m:      	                  (40, 0.5846141930759644),
[92mINFO [0m:      	                  (41, 0.5862627457608022),
[92mINFO [0m:      	                  (42, 0.5898196003323523),
[92mINFO [0m:      	                  (43, 0.5902185238376841),
[92mINFO [0m:      	                  (44, 0.5939641028890907),
[92mINFO [0m:      	                  (45, 0.5951007935334418),
[92mINFO [0m:      	                  (46, 0.5962864123814419),
[92mINFO [0m:      	                  (47, 0.5996071612117457),
[92mINFO [0m:      	                  (48, 0.6010054426271061),
[92mINFO [0m:      	                  (49, 0.6027431983326762),
[92mINFO [0m:      	                  (50, 0.6034541025388287)],
[92mINFO [0m:      	 'fit_loss': [(1, 2.0721231127744586),
[92mINFO [0m:      	              (2, 1.6984933169215113),
[92mINFO [0m:      	              (3, 1.368545952851722),
[92mINFO [0m:      	              (4, 1.2267646426549783),
[92mINFO [0m:      	              (5, 1.0955210814612737),
[92mINFO [0m:      	              (6, 0.987122271359206),
[92mINFO [0m:      	              (7, 0.8998018525318351),
[92mINFO [0m:      	              (8, 0.8318595019219099),
[92mINFO [0m:      	              (9, 0.7867534005926469),
[92mINFO [0m:      	              (10, 0.7564271999835239),
[92mINFO [0m:      	              (11, 0.7361045280434146),
[92mINFO [0m:      	              (12, 0.7222948639942388),
[92mINFO [0m:      	              (13, 0.7087254448458749),
[92mINFO [0m:      	              (14, 0.7004362614975874),
[92mINFO [0m:      	              (15, 0.6908351528160271),
[92mINFO [0m:      	              (16, 0.6860925866243334),
[92mINFO [0m:      	              (17, 0.6794533185534416),
[92mINFO [0m:      	              (18, 0.6742758640233537),
[92mINFO [0m:      	              (19, 0.671189740094952),
[92mINFO [0m:      	              (20, 0.6651937157284336),
[92mINFO [0m:      	              (21, 0.658363671521477),
[92mINFO [0m:      	              (22, 0.655253808886509),
[92mINFO [0m:      	              (23, 0.6529382578505823),
[92mINFO [0m:      	              (24, 0.6458649150421547),
[92mINFO [0m:      	              (25, 0.6427642989108775),
[92mINFO [0m:      	              (26, 0.6397497220463509),
[92mINFO [0m:      	              (27, 0.6380839704948904),
[92mINFO [0m:      	              (28, 0.6332098386530643),
[92mINFO [0m:      	              (29, 0.6311430936831885),
[92mINFO [0m:      	              (30, 0.6278546019693162),
[92mINFO [0m:      	              (31, 0.6273039591396766),
[92mINFO [0m:      	              (32, 0.6203802742821248),
[92mINFO [0m:      	              (33, 0.6203675856989317),
[92mINFO [0m:      	              (34, 0.6184074448104337),
[92mINFO [0m:      	              (35, 0.6140976109779896),
[92mINFO [0m:      	              (36, 0.6125196749503347),
[92mINFO [0m:      	              (37, 0.610014018806107),
[92mINFO [0m:      	              (38, 0.6086873982863649),
[92mINFO [0m:      	              (39, 0.6069998769804852),
[92mINFO [0m:      	              (40, 0.6053842576266861),
[92mINFO [0m:      	              (41, 0.603312693543207),
[92mINFO [0m:      	              (42, 0.6012558354609826),
[92mINFO [0m:      	              (43, 0.6019383715571881),
[92mINFO [0m:      	              (44, 0.5976429944127216),
[92mINFO [0m:      	              (45, 0.5971517496077852),
[92mINFO [0m:      	              (46, 0.5967085305289866),
[92mINFO [0m:      	              (47, 0.5943574071325767),
[92mINFO [0m:      	              (48, 0.5924069923993871),
[92mINFO [0m:      	              (49, 0.5920130357377926),
[92mINFO [0m:      	              (50, 0.5917860549172252)]}
[92mINFO [0m:      	History (metrics, distributed, evaluate):
[92mINFO [0m:      	{'alerts_per_1000': [(1, 9.500157678965625),
[92mINFO [0m:      	                     (2, 27.869757174392937),
[92mINFO [0m:      	                     (3, 40.2475559760328),
[92mINFO [0m:      	                     (4, 54.04446546830653),
[92mINFO [0m:      	                     (5, 72.33522548092085),
[92mINFO [0m:      	                     (6, 138.91516871649324),
[92mINFO [0m:      	                     (7, 286.6209397666351),
[92mINFO [0m:      	                     (8, 777.4361400189215),
[92mINFO [0m:      	                     (9, 810.3122043519394),
[92mINFO [0m:      	                     (10, 830.2980132450332),
[92mINFO [0m:      	                     (11, 723.7464522232734),
[92mINFO [0m:      	                     (12, 661.1479028697572),
[92mINFO [0m:      	                     (13, 666.6272469252602),
[92mINFO [0m:      	                     (14, 669.4260485651214),
[92mINFO [0m:      	                     (15, 589.4039735099337),
[92mINFO [0m:      	                     (16, 586.8416903185115),
[92mINFO [0m:      	                     (17, 584.0823084200568),
[92mINFO [0m:      	                     (18, 579.8249763481551),
[92mINFO [0m:      	                     (19, 575.8435824660991),
[92mINFO [0m:      	                     (20, 569.8517817723116),
[92mINFO [0m:      	                     (21, 563.6234626300851),
[92mINFO [0m:      	                     (22, 558.2229580573952),
[92mINFO [0m:      	                     (23, 553.1378114159571),
[92mINFO [0m:      	                     (24, 548.3286029643646),
[92mINFO [0m:      	                     (25, 543.677073478398),
[92mINFO [0m:      	                     (26, 540.2081362346263),
[92mINFO [0m:      	                     (27, 535.0835698517817),
[92mINFO [0m:      	                     (28, 531.4175339009776),
[92mINFO [0m:      	                     (29, 527.396720277515),
[92mINFO [0m:      	                     (30, 523.0211289813939),
[92mINFO [0m:      	                     (31, 519.6704509618418),
[92mINFO [0m:      	                     (32, 515.807316304005),
[92mINFO [0m:      	                     (33, 512.2595395774204),
[92mINFO [0m:      	                     (34, 508.43582466099025),
[92mINFO [0m:      	                     (35, 505.9523809523809),
[92mINFO [0m:      	                     (36, 502.52286345001573),
[92mINFO [0m:      	                     (37, 500.07883948281295),
[92mINFO [0m:      	                     (38, 497.75307473982974),
[92mINFO [0m:      	                     (39, 495.26963103122046),
[92mINFO [0m:      	                     (40, 493.3380637023021),
[92mINFO [0m:      	                     (41, 491.36707663197734),
[92mINFO [0m:      	                     (42, 489.3960895616525),
[92mINFO [0m:      	                     (43, 487.38568274992116),
[92mINFO [0m:      	                     (44, 485.7300536108483),
[92mINFO [0m:      	                     (45, 482.8524124881741),
[92mINFO [0m:      	                     (46, 481.1179438662883),
[92mINFO [0m:      	                     (47, 479.5411542100284),
[92mINFO [0m:      	                     (48, 478.161463260801),
[92mINFO [0m:      	                     (49, 476.58467360454114),
[92mINFO [0m:      	                     (50, 475.0867234310943)],
[92mINFO [0m:      	 'auc': [(1, nan),
[92mINFO [0m:      	         (2, nan),
[92mINFO [0m:      	         (3, nan),
[92mINFO [0m:      	         (4, nan),
[92mINFO [0m:      	         (5, nan),
[92mINFO [0m:      	         (6, nan),
[92mINFO [0m:      	         (7, nan),
[92mINFO [0m:      	         (8, nan),
[92mINFO [0m:      	         (9, nan),
[92mINFO [0m:      	         (10, nan),
[92mINFO [0m:      	         (11, nan),
[92mINFO [0m:      	         (12, nan),
[92mINFO [0m:      	         (13, nan),
[92mINFO [0m:      	         (14, nan),
[92mINFO [0m:      	         (15, nan),
[92mINFO [0m:      	         (16, nan),
[92mINFO [0m:      	         (17, nan),
[92mINFO [0m:      	         (18, nan),
[92mINFO [0m:      	         (19, nan),
[92mINFO [0m:      	         (20, nan),
[92mINFO [0m:      	         (21, nan),
[92mINFO [0m:      	         (22, nan),
[92mINFO [0m:      	         (23, nan),
[92mINFO [0m:      	         (24, nan),
[92mINFO [0m:      	         (25, nan),
[92mINFO [0m:      	         (26, nan),
[92mINFO [0m:      	         (27, nan),
[92mINFO [0m:      	         (28, nan),
[92mINFO [0m:      	         (29, nan),
[92mINFO [0m:      	         (30, nan),
[92mINFO [0m:      	         (31, nan),
[92mINFO [0m:      	         (32, nan),
[92mINFO [0m:      	         (33, nan),
[92mINFO [0m:      	         (34, nan),
[92mINFO [0m:      	         (35, nan),
[92mINFO [0m:      	         (36, nan),
[92mINFO [0m:      	         (37, nan),
[92mINFO [0m:      	         (38, nan),
[92mINFO [0m:      	         (39, nan),
[92mINFO [0m:      	         (40, nan),
[92mINFO [0m:      	         (41, nan),
[92mINFO [0m:      	         (42, nan),
[92mINFO [0m:      	         (43, nan),
[92mINFO [0m:      	         (44, nan),
[92mINFO [0m:      	         (45, nan),
[92mINFO [0m:      	         (46, nan),
[92mINFO [0m:      	         (47, nan),
[92mINFO [0m:      	         (48, nan),
[92mINFO [0m:      	         (49, nan),
[92mINFO [0m:      	         (50, nan)],
[92mINFO [0m:      	 'balanced_accuracy': [(1, 0.4972746768562259),
[92mINFO [0m:      	                       (2, 0.4928478236913601),
[92mINFO [0m:      	                       (3, 0.49305234650245583),
[92mINFO [0m:      	                       (4, 0.4939115237040124),
[92mINFO [0m:      	                       (5, 0.49692594505637533),
[92mINFO [0m:      	                       (6, 0.50426223724374),
[92mINFO [0m:      	                       (7, 0.5180441270435842),
[92mINFO [0m:      	                       (8, 0.5173815366238681),
[92mINFO [0m:      	                       (9, 0.5265491469222038),
[92mINFO [0m:      	                       (10, 0.5328517599618707),
[92mINFO [0m:      	                       (11, 0.5462720389201015),
[92mINFO [0m:      	                       (12, 0.5645611851983532),
[92mINFO [0m:      	                       (13, 0.5700881534129687),
[92mINFO [0m:      	                       (14, 0.5756933028529345),
[92mINFO [0m:      	                       (15, 0.5970379564407227),
[92mINFO [0m:      	                       (16, 0.6023064368453059),
[92mINFO [0m:      	                       (17, 0.6062103283566116),
[92mINFO [0m:      	                       (18, 0.6108201183329985),
[92mINFO [0m:      	                       (19, 0.6159269758332038),
[92mINFO [0m:      	                       (20, 0.6213800709526365),
[92mINFO [0m:      	                       (21, 0.6249984468057028),
[92mINFO [0m:      	                       (22, 0.6287932746006704),
[92mINFO [0m:      	                       (23, 0.6328979249777678),
[92mINFO [0m:      	                       (24, 0.63503448544827),
[92mINFO [0m:      	                       (25, 0.6380655044389614),
[92mINFO [0m:      	                       (26, 0.6420529283267722),
[92mINFO [0m:      	                       (27, 0.6453587606733926),
[92mINFO [0m:      	                       (28, 0.6476529080105372),
[92mINFO [0m:      	                       (29, 0.6506461968507116),
[92mINFO [0m:      	                       (30, 0.6533525642217499),
[92mINFO [0m:      	                       (31, 0.6546417835114707),
[92mINFO [0m:      	                       (32, 0.6567217487561975),
[92mINFO [0m:      	                       (33, 0.6586185050969715),
[92mINFO [0m:      	                       (34, 0.6610042568860925),
[92mINFO [0m:      	                       (35, 0.6627757146621088),
[92mINFO [0m:      	                       (36, 0.6641107361778178),
[92mINFO [0m:      	                       (37, 0.6653662613547573),
[92mINFO [0m:      	                       (38, 0.6675391461648799),
[92mINFO [0m:      	                       (39, 0.6688175724548133),
[92mINFO [0m:      	                       (40, 0.6699397269915239),
[92mINFO [0m:      	                       (41, 0.6710847826412285),
[92mINFO [0m:      	                       (42, 0.6723941821196273),
[92mINFO [0m:      	                       (43, 0.6740551703684086),
[92mINFO [0m:      	                       (44, 0.6748526732854663),
[92mINFO [0m:      	                       (45, 0.6763601107053407),
[92mINFO [0m:      	                       (46, 0.6770390720196923),
[92mINFO [0m:      	                       (47, 0.6777907727107617),
[92mINFO [0m:      	                       (48, 0.6790853431516375),
[92mINFO [0m:      	                       (49, 0.6801657315000955),
[92mINFO [0m:      	                       (50, 0.6805429423077882)],
[92mINFO [0m:      	 'best_score': [(1, -1.0),
[92mINFO [0m:      	                (2, -1.0),
[92mINFO [0m:      	                (3, -1.0),
[92mINFO [0m:      	                (4, -1.0),
[92mINFO [0m:      	                (5, -1.0),
[92mINFO [0m:      	                (6, -1.0),
[92mINFO [0m:      	                (7, -1.0),
[92mINFO [0m:      	                (8, 0.5166211232964015),
[92mINFO [0m:      	                (9, 0.5266277978887478),
[92mINFO [0m:      	                (10, 0.5333182777968853),
[92mINFO [0m:      	                (11, 0.5394441502818561),
[92mINFO [0m:      	                (12, 0.5525812515213664),
[92mINFO [0m:      	                (13, 0.5578710725488443),
[92mINFO [0m:      	                (14, 0.5630864379891679),
[92mINFO [0m:      	                (15, 0.5786052240835431),
[92mINFO [0m:      	                (16, 0.5833220231088878),
[92mINFO [0m:      	                (17, 0.5867812777132513),
[92mINFO [0m:      	                (18, 0.5908268233826262),
[92mINFO [0m:      	                (19, 0.5953493516848385),
[92mINFO [0m:      	                (20, 0.6001136112678567),
[92mINFO [0m:      	                (21, 0.6031887793249686),
[92mINFO [0m:      	                (22, 0.6064702171125969),
[92mINFO [0m:      	                (23, 0.6100595012730805),
[92mINFO [0m:      	                (24, 0.6118469381174494),
[92mINFO [0m:      	                (25, 0.61447409028794),
[92mINFO [0m:      	                (26, 0.6180389416281398),
[92mINFO [0m:      	                (27, 0.6209171441728681),
[92mINFO [0m:      	                (28, 0.622915414475688),
[92mINFO [0m:      	                (29, 0.6255555598695931),
[92mINFO [0m:      	                (30, 0.627922427581614),
[92mINFO [0m:      	                (31, 0.6290093156547412),
[92mINFO [0m:      	                (32, 0.6308190046667526),
[92mINFO [0m:      	                (33, 0.632472285082053),
[92mINFO [0m:      	                (34, 0.6345773135663725),
[92mINFO [0m:      	                (35, 0.6361546346828741),
[92mINFO [0m:      	                (36, 0.6372971252108172),
[92mINFO [0m:      	                (37, 0.6383977460965078),
[92mINFO [0m:      	                (38, 0.6403629495163431),
[92mINFO [0m:      	                (39, 0.6414880078181717),
[92mINFO [0m:      	                (40, 0.6424842401753791),
[92mINFO [0m:      	                (41, 0.6435021342703593),
[92mINFO [0m:      	                (42, 0.6446756481454605),
[92mINFO [0m:      	                (43, 0.646179806150784),
[92mINFO [0m:      	                (44, 0.646884073887237),
[92mINFO [0m:      	                (45, 0.6482242421694777),
[92mINFO [0m:      	                (46, 0.6488173414096169),
[92mINFO [0m:      	                (47, 0.6494837754041504),
[92mINFO [0m:      	                (48, 0.6506670903064384),
[92mINFO [0m:      	                (49, 0.6516448312862761),
[92mINFO [0m:      	                (50, 0.651963023749147)],
[92mINFO [0m:      	 'best_threshold': [(1, 0.75),
[92mINFO [0m:      	                    (2, 0.75),
[92mINFO [0m:      	                    (3, 0.75),
[92mINFO [0m:      	                    (4, 0.75),
[92mINFO [0m:      	                    (5, 0.75),
[92mINFO [0m:      	                    (6, 0.7),
[92mINFO [0m:      	                    (7, 0.6),
[92mINFO [0m:      	                    (8, 0.3),
[92mINFO [0m:      	                    (9, 0.3),
[92mINFO [0m:      	                    (10, 0.3),
[92mINFO [0m:      	                    (11, 0.4),
[92mINFO [0m:      	                    (12, 0.45),
[92mINFO [0m:      	                    (13, 0.45),
[92mINFO [0m:      	                    (14, 0.45),
[92mINFO [0m:      	                    (15, 0.5),
[92mINFO [0m:      	                    (16, 0.5),
[92mINFO [0m:      	                    (17, 0.5),
[92mINFO [0m:      	                    (18, 0.5),
[92mINFO [0m:      	                    (19, 0.5),
[92mINFO [0m:      	                    (20, 0.5),
[92mINFO [0m:      	                    (21, 0.5),
[92mINFO [0m:      	                    (22, 0.5),
[92mINFO [0m:      	                    (23, 0.5),
[92mINFO [0m:      	                    (24, 0.5),
[92mINFO [0m:      	                    (25, 0.5),
[92mINFO [0m:      	                    (26, 0.5),
[92mINFO [0m:      	                    (27, 0.5),
[92mINFO [0m:      	                    (28, 0.5),
[92mINFO [0m:      	                    (29, 0.5),
[92mINFO [0m:      	                    (30, 0.5),
[92mINFO [0m:      	                    (31, 0.5),
[92mINFO [0m:      	                    (32, 0.5),
[92mINFO [0m:      	                    (33, 0.5),
[92mINFO [0m:      	                    (34, 0.5),
[92mINFO [0m:      	                    (35, 0.5),
[92mINFO [0m:      	                    (36, 0.5),
[92mINFO [0m:      	                    (37, 0.5),
[92mINFO [0m:      	                    (38, 0.5),
[92mINFO [0m:      	                    (39, 0.5),
[92mINFO [0m:      	                    (40, 0.5),
[92mINFO [0m:      	                    (41, 0.5),
[92mINFO [0m:      	                    (42, 0.5),
[92mINFO [0m:      	                    (43, 0.5),
[92mINFO [0m:      	                    (44, 0.5),
[92mINFO [0m:      	                    (45, 0.5),
[92mINFO [0m:      	                    (46, 0.5),
[92mINFO [0m:      	                    (47, 0.5),
[92mINFO [0m:      	                    (48, 0.5),
[92mINFO [0m:      	                    (49, 0.5),
[92mINFO [0m:      	                    (50, 0.5)],
[92mINFO [0m:      	 'f1': [(1, 0.009004237288135594),
[92mINFO [0m:      	        (2, 0.02593116454502593),
[92mINFO [0m:      	        (3, 0.043898156277436345),
[92mINFO [0m:      	        (4, 0.06278026905829596),
[92mINFO [0m:      	        (5, 0.088268156424581),
[92mINFO [0m:      	        (6, 0.1464796713415498),
[92mINFO [0m:      	        (7, 0.2078474921339996),
[92mINFO [0m:      	        (8, 0.24543148299436726),
[92mINFO [0m:      	        (9, 0.2512141463617118),
[92mINFO [0m:      	        (10, 0.25489877225790714),
[92mINFO [0m:      	        (11, 0.25941995889472486),
[92mINFO [0m:      	        (12, 0.26887280248190276),
[92mINFO [0m:      	        (13, 0.27222928690208353),
[92mINFO [0m:      	        (14, 0.2755763513184189),
[92mINFO [0m:      	        (15, 0.2892843619840969),
[92mINFO [0m:      	        (16, 0.29280208446422756),
[92mINFO [0m:      	        (17, 0.2954446381865737),
[92mINFO [0m:      	        (18, 0.29861872396404304),
[92mINFO [0m:      	        (19, 0.3021551011409359),
[92mINFO [0m:      	        (20, 0.3060419098438108),
[92mINFO [0m:      	        (21, 0.30875343464363825),
[92mINFO [0m:      	        (22, 0.31159584086799275),
[92mINFO [0m:      	        (23, 0.31468093584561957),
[92mINFO [0m:      	        (24, 0.3164230438521066),
[92mINFO [0m:      	        (25, 0.31880879552144054),
[92mINFO [0m:      	        (26, 0.3218284123209003),
[92mINFO [0m:      	        (27, 0.32450756911567014),
[92mINFO [0m:      	        (28, 0.3263986835919135),
[92mINFO [0m:      	        (29, 0.3288400141894289),
[92mINFO [0m:      	        (30, 0.33113134559304885),
[92mINFO [0m:      	        (31, 0.3323364038760617),
[92mINFO [0m:      	        (32, 0.3341756919374248),
[92mINFO [0m:      	        (33, 0.3358741681790684),
[92mINFO [0m:      	        (34, 0.33797845798089204),
[92mINFO [0m:      	        (35, 0.3395235186316433),
[92mINFO [0m:      	        (36, 0.34084628139777684),
[92mINFO [0m:      	        (37, 0.3420257690647925),
[92mINFO [0m:      	        (38, 0.3438930825392897),
[92mINFO [0m:      	        (39, 0.345114603391515),
[92mINFO [0m:      	        (40, 0.34616822429906546),
[92mINFO [0m:      	        (41, 0.34725000000000006),
[92mINFO [0m:      	        (42, 0.3484639498432602),
[92mINFO [0m:      	        (43, 0.34995911692559284),
[92mINFO [0m:      	        (44, 0.3507599167560068),
[92mINFO [0m:      	        (45, 0.35225544855549923),
[92mINFO [0m:      	        (46, 0.35298602287166453),
[92mINFO [0m:      	        (47, 0.3537579617834395),
[92mINFO [0m:      	        (48, 0.35493137567826366),
[92mINFO [0m:      	        (49, 0.355968),
[92mINFO [0m:      	        (50, 0.3564508885609803)],
[92mINFO [0m:      	 'fn': [(1, 3518),
[92mINFO [0m:      	        (2, 3480),
[92mINFO [0m:      	        (3, 3435),
[92mINFO [0m:      	        (4, 3381),
[92mINFO [0m:      	        (5, 3298),
[92mINFO [0m:      	        (6, 3018),
[92mINFO [0m:      	        (7, 2412),
[92mINFO [0m:      	        (8, 681),
[92mINFO [0m:      	        (9, 509),
[92mINFO [0m:      	        (10, 400),
[92mINFO [0m:      	        (11, 695),
[92mINFO [0m:      	        (12, 805),
[92mINFO [0m:      	        (13, 752),
[92mINFO [0m:      	        (14, 708),
[92mINFO [0m:      	        (15, 861),
[92mINFO [0m:      	        (16, 838),
[92mINFO [0m:      	        (17, 824),
[92mINFO [0m:      	        (18, 811),
[92mINFO [0m:      	        (19, 794),
[92mINFO [0m:      	        (20, 782),
[92mINFO [0m:      	        (21, 782),
[92mINFO [0m:      	        (22, 778),
[92mINFO [0m:      	        (23, 771),
[92mINFO [0m:      	        (24, 775),
[92mINFO [0m:      	        (25, 773),
[92mINFO [0m:      	        (26, 761),
[92mINFO [0m:      	        (27, 759),
[92mINFO [0m:      	        (28, 758),
[92mINFO [0m:      	        (29, 754),
[92mINFO [0m:      	        (30, 753),
[92mINFO [0m:      	        (31, 757),
[92mINFO [0m:      	        (32, 758),
[92mINFO [0m:      	        (33, 759),
[92mINFO [0m:      	        (34, 758),
[92mINFO [0m:      	        (35, 756),
[92mINFO [0m:      	        (36, 760),
[92mINFO [0m:      	        (37, 761),
[92mINFO [0m:      	        (38, 756),
[92mINFO [0m:      	        (39, 757),
[92mINFO [0m:      	        (40, 757),
[92mINFO [0m:      	        (41, 757),
[92mINFO [0m:      	        (42, 756),
[92mINFO [0m:      	        (43, 753),
[92mINFO [0m:      	        (44, 754),
[92mINFO [0m:      	        (45, 755),
[92mINFO [0m:      	        (46, 757),
[92mINFO [0m:      	        (47, 758),
[92mINFO [0m:      	        (48, 755),
[92mINFO [0m:      	        (49, 754),
[92mINFO [0m:      	        (50, 757)],
[92mINFO [0m:      	 'fp': [(1, 224),
[92mINFO [0m:      	        (2, 652),
[92mINFO [0m:      	        (3, 921),
[92mINFO [0m:      	        (4, 1217),
[92mINFO [0m:      	        (5, 1598),
[92mINFO [0m:      	        (6, 3007),
[92mINFO [0m:      	        (7, 6148),
[92mINFO [0m:      	        (8, 16868),
[92mINFO [0m:      	        (9, 17530),
[92mINFO [0m:      	        (10, 17928),
[92mINFO [0m:      	        (11, 15520),
[92mINFO [0m:      	        (12, 14042),
[92mINFO [0m:      	        (13, 14128),
[92mINFO [0m:      	        (14, 14155),
[92mINFO [0m:      	        (15, 12278),
[92mINFO [0m:      	        (16, 12190),
[92mINFO [0m:      	        (17, 12106),
[92mINFO [0m:      	        (18, 11985),
[92mINFO [0m:      	        (19, 11867),
[92mINFO [0m:      	        (20, 11703),
[92mINFO [0m:      	        (21, 11545),
[92mINFO [0m:      	        (22, 11404),
[92mINFO [0m:      	        (23, 11268),
[92mINFO [0m:      	        (24, 11150),
[92mINFO [0m:      	        (25, 11030),
[92mINFO [0m:      	        (26, 10930),
[92mINFO [0m:      	        (27, 10798),
[92mINFO [0m:      	        (28, 10704),
[92mINFO [0m:      	        (29, 10598),
[92mINFO [0m:      	        (30, 10486),
[92mINFO [0m:      	        (31, 10405),
[92mINFO [0m:      	        (32, 10308),
[92mINFO [0m:      	        (33, 10219),
[92mINFO [0m:      	        (34, 10121),
[92mINFO [0m:      	        (35, 10056),
[92mINFO [0m:      	        (36, 9973),
[92mINFO [0m:      	        (37, 9912),
[92mINFO [0m:      	        (38, 9848),
[92mINFO [0m:      	        (39, 9786),
[92mINFO [0m:      	        (40, 9737),
[92mINFO [0m:      	        (41, 9687),
[92mINFO [0m:      	        (42, 9636),
[92mINFO [0m:      	        (43, 9582),
[92mINFO [0m:      	        (44, 9541),
[92mINFO [0m:      	        (45, 9469),
[92mINFO [0m:      	        (46, 9427),
[92mINFO [0m:      	        (47, 9388),
[92mINFO [0m:      	        (48, 9350),
[92mINFO [0m:      	        (49, 9309),
[92mINFO [0m:      	        (50, 9274)],
[92mINFO [0m:      	 'fpr': [(1, 0.010259698621352998),
[92mINFO [0m:      	         (2, 0.029863051344295333),
[92mINFO [0m:      	         (3, 0.042183850135116566),
[92mINFO [0m:      	         (4, 0.05574130902761874),
[92mINFO [0m:      	         (5, 0.07319195712911647),
[92mINFO [0m:      	         (6, 0.13772729354646635),
[92mINFO [0m:      	         (7, 0.28159208537534924),
[92mINFO [0m:      	         (8, 0.7725919479686713),
[92mINFO [0m:      	         (9, 0.8029130215728485),
[92mINFO [0m:      	         (10, 0.8211423075161453),
[92mINFO [0m:      	         (11, 0.7108505473366006),
[92mINFO [0m:      	         (12, 0.643154857326066),
[92mINFO [0m:      	         (13, 0.6470938487610498),
[92mINFO [0m:      	         (14, 0.6483305088627307),
[92mINFO [0m:      	         (15, 0.5623597306829112),
[92mINFO [0m:      	         (16, 0.558329134795951),
[92mINFO [0m:      	         (17, 0.5544817478129437),
[92mINFO [0m:      	         (18, 0.5489396784683735),
[92mINFO [0m:      	         (19, 0.543535015801768),
[92mINFO [0m:      	         (20, 0.5360234507397059),
[92mINFO [0m:      	         (21, 0.528786699033573),
[92mINFO [0m:      	         (22, 0.5223285851692392),
[92mINFO [0m:      	         (23, 0.5160994824348464),
[92mINFO [0m:      	         (24, 0.5106948197682407),
[92mINFO [0m:      	         (25, 0.5051985526496587),
[92mINFO [0m:      	         (26, 0.5006183300508404),
[92mINFO [0m:      	         (27, 0.4945724362204003),
[92mINFO [0m:      	         (28, 0.4902670269775111),
[92mINFO [0m:      	         (29, 0.4854119910227637),
[92mINFO [0m:      	         (30, 0.4802821417120872),
[92mINFO [0m:      	         (31, 0.4765721614070444),
[92mINFO [0m:      	         (32, 0.4721293454861906),
[92mINFO [0m:      	         (33, 0.4680529473732423),
[92mINFO [0m:      	         (34, 0.4635643292264004),
[92mINFO [0m:      	         (35, 0.4605871845371685),
[92mINFO [0m:      	         (36, 0.4567855997801493),
[92mINFO [0m:      	         (37, 0.4539916639948702),
[92mINFO [0m:      	         (38, 0.45106032153162645),
[92mINFO [0m:      	         (39, 0.4482205835203591),
[92mINFO [0m:      	         (40, 0.4459762744469381),
[92mINFO [0m:      	         (41, 0.44368616314752896),
[92mINFO [0m:      	         (42, 0.44135024962213165),
[92mINFO [0m:      	         (43, 0.43887692941876977),
[92mINFO [0m:      	         (44, 0.43699903815325425),
[92mINFO [0m:      	         (45, 0.43370127788210505),
[92mINFO [0m:      	         (46, 0.4317775843906014),
[92mINFO [0m:      	         (47, 0.4299912975770622),
[92mINFO [0m:      	         (48, 0.4282508129895113),
[92mINFO [0m:      	         (49, 0.42637292172399577),
[92mINFO [0m:      	         (50, 0.42476984381440935)],
[92mINFO [0m:      	 'npv': [(1, 0.8599912444780515),
[92mINFO [0m:      	         (2, 0.8588865009529216),
[92mINFO [0m:      	         (3, 0.8589148560397585),
[92mINFO [0m:      	         (4, 0.8591073884235529),
[92mINFO [0m:      	         (5, 0.8598563719032848),
[92mINFO [0m:      	         (6, 0.8618384911188427),
[92mINFO [0m:      	         (7, 0.8667182405923634),
[92mINFO [0m:      	         (8, 0.879383634431456),
[92mINFO [0m:      	         (9, 0.8942227763923525),
[92mINFO [0m:      	         (10, 0.9070847851335656),
[92mINFO [0m:      	         (11, 0.9008276255707762),
[92mINFO [0m:      	         (12, 0.9063517915309446),
[92mINFO [0m:      	         (13, 0.9110795790469434),
[92mINFO [0m:      	         (14, 0.9155735750059624),
[92mINFO [0m:      	         (15, 0.9173387096774194),
[92mINFO [0m:      	         (16, 0.9200457971567598),
[92mINFO [0m:      	         (17, 0.9219031371433988),
[92mINFO [0m:      	         (18, 0.9239140632329487),
[92mINFO [0m:      	         (19, 0.9262081784386617),
[92mINFO [0m:      	         (20, 0.9283357771260997),
[92mINFO [0m:      	         (21, 0.9293586269196026),
[92mINFO [0m:      	         (22, 0.9305791023467476),
[92mINFO [0m:      	         (23, 0.9319865913902611),
[92mINFO [0m:      	         (24, 0.9323616687030896),
[92mINFO [0m:      	         (25, 0.9332239115411196),
[92mINFO [0m:      	         (26, 0.9347565157750343),
[92mINFO [0m:      	         (27, 0.9356452433440733),
[92mINFO [0m:      	         (28, 0.936232859426264),
[92mINFO [0m:      	         (29, 0.9371090165985486),
[92mINFO [0m:      	         (30, 0.9377685950413223),
[92mINFO [0m:      	         (31, 0.9378744357816988),
[92mINFO [0m:      	         (32, 0.9382886916876985),
[92mINFO [0m:      	         (33, 0.9386567526064818),
[92mINFO [0m:      	         (34, 0.9392141138732959),
[92mINFO [0m:      	         (35, 0.9396792467884784),
[92mINFO [0m:      	         (36, 0.9397781299524565),
[92mINFO [0m:      	         (37, 0.9399936918467119),
[92mINFO [0m:      	         (38, 0.9406639981163174),
[92mINFO [0m:      	         (39, 0.9408778506716651),
[92mINFO [0m:      	         (40, 0.9411032443787443),
[92mINFO [0m:      	         (41, 0.9413314733007828),
[92mINFO [0m:      	         (42, 0.9416351424380452),
[92mINFO [0m:      	         (43, 0.9420947400799754),
[92mINFO [0m:      	         (44, 0.9422045071286218),
[92mINFO [0m:      	         (45, 0.9424498818507508),
[92mINFO [0m:      	         (46, 0.9424903137582618),
[92mINFO [0m:      	         (47, 0.9425888055744907),
[92mINFO [0m:      	         (48, 0.9429672155914791),
[92mINFO [0m:      	         (49, 0.9432143395089622),
[92mINFO [0m:      	         (50, 0.943151096425353)],
[92mINFO [0m:      	 'ppv': [(1, 0.07053941908713693),
[92mINFO [0m:      	         (2, 0.07779349363507779),
[92mINFO [0m:      	         (3, 0.0979431929480901),
[92mINFO [0m:      	         (4, 0.11232676878191102),
[92mINFO [0m:      	         (5, 0.12915531335149863),
[92mINFO [0m:      	         (6, 0.1467082860385925),
[92mINFO [0m:      	         (7, 0.15444918168064917),
[92mINFO [0m:      	         (8, 0.14471148970692627),
[92mINFO [0m:      	         (9, 0.1472076279431796),
[92mINFO [0m:      	         (10, 0.1488391966956274),
[92mINFO [0m:      	         (11, 0.15468409586056645),
[92mINFO [0m:      	         (12, 0.16277128547579298),
[92mINFO [0m:      	         (13, 0.1645674413103897),
[92mINFO [0m:      	         (14, 0.16647038040277942),
[92mINFO [0m:      	         (15, 0.17883895131086142),
[92mINFO [0m:      	         (16, 0.1811647746355881),
[92mINFO [0m:      	         (17, 0.18296551258689342),
[92mINFO [0m:      	         (18, 0.18519273913930248),
[92mINFO [0m:      	         (19, 0.1876369112814896),
[92mINFO [0m:      	         (20, 0.1904399557277255),
[92mINFO [0m:      	         (21, 0.19254441180584697),
[92mINFO [0m:      	         (22, 0.1946896405621072),
[92mINFO [0m:      	         (23, 0.1969783352337514),
[92mINFO [0m:      	         (24, 0.19841840402588065),
[92mINFO [0m:      	         (25, 0.20026102088167053),
[92mINFO [0m:      	         (26, 0.20242265032107415),
[92mINFO [0m:      	         (27, 0.20450861941947843),
[92mINFO [0m:      	         (28, 0.20599362065128698),
[92mINFO [0m:      	         (29, 0.20786306898871365),
[92mINFO [0m:      	         (30, 0.20967741935483872),
[92mINFO [0m:      	         (31, 0.21072593491617994),
[92mINFO [0m:      	         (32, 0.21222774168895683),
[92mINFO [0m:      	         (33, 0.21362062331666026),
[92mINFO [0m:      	         (34, 0.21530469840285316),
[92mINFO [0m:      	         (35, 0.21651733541098558),
[92mINFO [0m:      	         (36, 0.21768120489488546),
[92mINFO [0m:      	         (37, 0.21866624625571496),
[92mINFO [0m:      	         (38, 0.22008394709748952),
[92mINFO [0m:      	         (39, 0.22110792741165233),
[92mINFO [0m:      	         (40, 0.22197363164202957),
[92mINFO [0m:      	         (41, 0.22286401925391094),
[92mINFO [0m:      	         (42, 0.22384212645992752),
[92mINFO [0m:      	         (43, 0.22500808799741184),
[92mINFO [0m:      	         (44, 0.22569388086349618),
[92mINFO [0m:      	         (45, 0.22695730263694996),
[92mINFO [0m:      	         (46, 0.22761163457599345),
[92mINFO [0m:      	         (47, 0.22827784628031236),
[92mINFO [0m:      	         (48, 0.2291838417147568),
[92mINFO [0m:      	         (49, 0.23002481389578164),
[92mINFO [0m:      	         (50, 0.230501161632924)],
[92mINFO [0m:      	 'precision': [(1, 0.07053941908713693),
[92mINFO [0m:      	               (2, 0.07779349363507779),
[92mINFO [0m:      	               (3, 0.0979431929480901),
[92mINFO [0m:      	               (4, 0.11232676878191102),
[92mINFO [0m:      	               (5, 0.12915531335149863),
[92mINFO [0m:      	               (6, 0.1467082860385925),
[92mINFO [0m:      	               (7, 0.15444918168064917),
[92mINFO [0m:      	               (8, 0.14471148970692627),
[92mINFO [0m:      	               (9, 0.1472076279431796),
[92mINFO [0m:      	               (10, 0.1488391966956274),
[92mINFO [0m:      	               (11, 0.15468409586056645),
[92mINFO [0m:      	               (12, 0.16277128547579298),
[92mINFO [0m:      	               (13, 0.1645674413103897),
[92mINFO [0m:      	               (14, 0.16647038040277942),
[92mINFO [0m:      	               (15, 0.17883895131086142),
[92mINFO [0m:      	               (16, 0.1811647746355881),
[92mINFO [0m:      	               (17, 0.18296551258689342),
[92mINFO [0m:      	               (18, 0.18519273913930248),
[92mINFO [0m:      	               (19, 0.1876369112814896),
[92mINFO [0m:      	               (20, 0.1904399557277255),
[92mINFO [0m:      	               (21, 0.19254441180584697),
[92mINFO [0m:      	               (22, 0.1946896405621072),
[92mINFO [0m:      	               (23, 0.1969783352337514),
[92mINFO [0m:      	               (24, 0.19841840402588065),
[92mINFO [0m:      	               (25, 0.20026102088167053),
[92mINFO [0m:      	               (26, 0.20242265032107415),
[92mINFO [0m:      	               (27, 0.20450861941947843),
[92mINFO [0m:      	               (28, 0.20599362065128698),
[92mINFO [0m:      	               (29, 0.20786306898871365),
[92mINFO [0m:      	               (30, 0.20967741935483872),
[92mINFO [0m:      	               (31, 0.21072593491617994),
[92mINFO [0m:      	               (32, 0.21222774168895683),
[92mINFO [0m:      	               (33, 0.21362062331666026),
[92mINFO [0m:      	               (34, 0.21530469840285316),
[92mINFO [0m:      	               (35, 0.21651733541098558),
[92mINFO [0m:      	               (36, 0.21768120489488546),
[92mINFO [0m:      	               (37, 0.21866624625571496),
[92mINFO [0m:      	               (38, 0.22008394709748952),
[92mINFO [0m:      	               (39, 0.22110792741165233),
[92mINFO [0m:      	               (40, 0.22197363164202957),
[92mINFO [0m:      	               (41, 0.22286401925391094),
[92mINFO [0m:      	               (42, 0.22384212645992752),
[92mINFO [0m:      	               (43, 0.22500808799741184),
[92mINFO [0m:      	               (44, 0.22569388086349618),
[92mINFO [0m:      	               (45, 0.22695730263694996),
[92mINFO [0m:      	               (46, 0.22761163457599345),
[92mINFO [0m:      	               (47, 0.22827784628031236),
[92mINFO [0m:      	               (48, 0.2291838417147568),
[92mINFO [0m:      	               (49, 0.23002481389578164),
[92mINFO [0m:      	               (50, 0.230501161632924)],
[92mINFO [0m:      	 'prevalence': [(1, 0.13934878587196467),
[92mINFO [0m:      	                (2, 0.13934878587196467),
[92mINFO [0m:      	                (3, 0.13934878587196467),
[92mINFO [0m:      	                (4, 0.13934878587196467),
[92mINFO [0m:      	                (5, 0.13934878587196467),
[92mINFO [0m:      	                (6, 0.13934878587196467),
[92mINFO [0m:      	                (7, 0.13934878587196467),
[92mINFO [0m:      	                (8, 0.13934878587196467),
[92mINFO [0m:      	                (9, 0.13934878587196467),
[92mINFO [0m:      	                (10, 0.13934878587196467),
[92mINFO [0m:      	                (11, 0.13934878587196467),
[92mINFO [0m:      	                (12, 0.13934878587196467),
[92mINFO [0m:      	                (13, 0.13934878587196467),
[92mINFO [0m:      	                (14, 0.13934878587196467),
[92mINFO [0m:      	                (15, 0.13934878587196467),
[92mINFO [0m:      	                (16, 0.13934878587196467),
[92mINFO [0m:      	                (17, 0.13934878587196467),
[92mINFO [0m:      	                (18, 0.13934878587196467),
[92mINFO [0m:      	                (19, 0.13934878587196467),
[92mINFO [0m:      	                (20, 0.13934878587196467),
[92mINFO [0m:      	                (21, 0.13934878587196467),
[92mINFO [0m:      	                (22, 0.13934878587196467),
[92mINFO [0m:      	                (23, 0.13934878587196467),
[92mINFO [0m:      	                (24, 0.13934878587196467),
[92mINFO [0m:      	                (25, 0.13934878587196467),
[92mINFO [0m:      	                (26, 0.13934878587196467),
[92mINFO [0m:      	                (27, 0.13934878587196467),
[92mINFO [0m:      	                (28, 0.13934878587196467),
[92mINFO [0m:      	                (29, 0.13934878587196467),
[92mINFO [0m:      	                (30, 0.13934878587196467),
[92mINFO [0m:      	                (31, 0.13934878587196467),
[92mINFO [0m:      	                (32, 0.13934878587196467),
[92mINFO [0m:      	                (33, 0.13934878587196467),
[92mINFO [0m:      	                (34, 0.13934878587196467),
[92mINFO [0m:      	                (35, 0.13934878587196467),
[92mINFO [0m:      	                (36, 0.13934878587196467),
[92mINFO [0m:      	                (37, 0.13934878587196467),
[92mINFO [0m:      	                (38, 0.13934878587196467),
[92mINFO [0m:      	                (39, 0.13934878587196467),
[92mINFO [0m:      	                (40, 0.13934878587196467),
[92mINFO [0m:      	                (41, 0.13934878587196467),
[92mINFO [0m:      	                (42, 0.13934878587196467),
[92mINFO [0m:      	                (43, 0.13934878587196467),
[92mINFO [0m:      	                (44, 0.13934878587196467),
[92mINFO [0m:      	                (45, 0.13934878587196467),
[92mINFO [0m:      	                (46, 0.13934878587196467),
[92mINFO [0m:      	                (47, 0.13934878587196467),
[92mINFO [0m:      	                (48, 0.13934878587196467),
[92mINFO [0m:      	                (49, 0.13934878587196467),
[92mINFO [0m:      	                (50, 0.13934878587196467)],
[92mINFO [0m:      	 'recall': [(1, 0.004809052333804809),
[92mINFO [0m:      	            (2, 0.015558698727015558),
[92mINFO [0m:      	            (3, 0.028288543140028287),
[92mINFO [0m:      	            (4, 0.04356435643564356),
[92mINFO [0m:      	            (5, 0.06704384724186704),
[92mINFO [0m:      	            (6, 0.14625176803394624),
[92mINFO [0m:      	            (7, 0.31768033946251767),
[92mINFO [0m:      	            (8, 0.8073550212164073),
[92mINFO [0m:      	            (9, 0.8560113154172561),
[92mINFO [0m:      	            (10, 0.8868458274398868),
[92mINFO [0m:      	            (11, 0.8033946251768034),
[92mINFO [0m:      	            (12, 0.7722772277227723),
[92mINFO [0m:      	            (13, 0.7872701555869873),
[92mINFO [0m:      	            (14, 0.7997171145685997),
[92mINFO [0m:      	            (15, 0.7564356435643564),
[92mINFO [0m:      	            (16, 0.7629420084865629),
[92mINFO [0m:      	            (17, 0.7669024045261669),
[92mINFO [0m:      	            (18, 0.7705799151343706),
[92mINFO [0m:      	            (19, 0.7753889674681754),
[92mINFO [0m:      	            (20, 0.7787835926449788),
[92mINFO [0m:      	            (21, 0.7787835926449788),
[92mINFO [0m:      	            (22, 0.7799151343705799),
[92mINFO [0m:      	            (23, 0.7818953323903819),
[92mINFO [0m:      	            (24, 0.7807637906647807),
[92mINFO [0m:      	            (25, 0.7813295615275814),
[92mINFO [0m:      	            (26, 0.7847241867043847),
[92mINFO [0m:      	            (27, 0.7852899575671853),
[92mINFO [0m:      	            (28, 0.7855728429985855),
[92mINFO [0m:      	            (29, 0.7867043847241867),
[92mINFO [0m:      	            (30, 0.786987270155587),
[92mINFO [0m:      	            (31, 0.7858557284299859),
[92mINFO [0m:      	            (32, 0.7855728429985855),
[92mINFO [0m:      	            (33, 0.7852899575671853),
[92mINFO [0m:      	            (34, 0.7855728429985855),
[92mINFO [0m:      	            (35, 0.7861386138613862),
[92mINFO [0m:      	            (36, 0.785007072135785),
[92mINFO [0m:      	            (37, 0.7847241867043847),
[92mINFO [0m:      	            (38, 0.7861386138613862),
[92mINFO [0m:      	            (39, 0.7858557284299859),
[92mINFO [0m:      	            (40, 0.7858557284299859),
[92mINFO [0m:      	            (41, 0.7858557284299859),
[92mINFO [0m:      	            (42, 0.7861386138613862),
[92mINFO [0m:      	            (43, 0.786987270155587),
[92mINFO [0m:      	            (44, 0.7867043847241867),
[92mINFO [0m:      	            (45, 0.7864214992927864),
[92mINFO [0m:      	            (46, 0.7858557284299859),
[92mINFO [0m:      	            (47, 0.7855728429985855),
[92mINFO [0m:      	            (48, 0.7864214992927864),
[92mINFO [0m:      	            (49, 0.7867043847241867),
[92mINFO [0m:      	            (50, 0.7858557284299859)],
[92mINFO [0m:      	 'spec': [(1, 0.989740301378647),
[92mINFO [0m:      	          (2, 0.9701369486557047),
[92mINFO [0m:      	          (3, 0.9578161498648834),
[92mINFO [0m:      	          (4, 0.9442586909723812),
[92mINFO [0m:      	          (5, 0.9268080428708836),
[92mINFO [0m:      	          (6, 0.8622727064535336),
[92mINFO [0m:      	          (7, 0.7184079146246507),
[92mINFO [0m:      	          (8, 0.22740805203132874),
[92mINFO [0m:      	          (9, 0.1970869784271515),
[92mINFO [0m:      	          (10, 0.17885769248385475),
[92mINFO [0m:      	          (11, 0.2891494526633994),
[92mINFO [0m:      	          (12, 0.35684514267393397),
[92mINFO [0m:      	          (13, 0.3529061512389502),
[92mINFO [0m:      	          (14, 0.3516694911372693),
[92mINFO [0m:      	          (15, 0.43764026931708877),
[92mINFO [0m:      	          (16, 0.44167086520404897),
[92mINFO [0m:      	          (17, 0.4455182521870563),
[92mINFO [0m:      	          (18, 0.45106032153162645),
[92mINFO [0m:      	          (19, 0.456464984198232),
[92mINFO [0m:      	          (20, 0.4639765492602941),
[92mINFO [0m:      	          (21, 0.471213300966427),
[92mINFO [0m:      	          (22, 0.4776714148307608),
[92mINFO [0m:      	          (23, 0.4839005175651536),
[92mINFO [0m:      	          (24, 0.4893051802317593),
[92mINFO [0m:      	          (25, 0.49480144735034126),
[92mINFO [0m:      	          (26, 0.49938166994915956),
[92mINFO [0m:      	          (27, 0.5054275637795997),
[92mINFO [0m:      	          (28, 0.5097329730224889),
[92mINFO [0m:      	          (29, 0.5145880089772363),
[92mINFO [0m:      	          (30, 0.5197178582879127),
[92mINFO [0m:      	          (31, 0.5234278385929556),
[92mINFO [0m:      	          (32, 0.5278706545138094),
[92mINFO [0m:      	          (33, 0.5319470526267577),
[92mINFO [0m:      	          (34, 0.5364356707735995),
[92mINFO [0m:      	          (35, 0.5394128154628315),
[92mINFO [0m:      	          (36, 0.5432144002198507),
[92mINFO [0m:      	          (37, 0.5460083360051298),
[92mINFO [0m:      	          (38, 0.5489396784683735),
[92mINFO [0m:      	          (39, 0.5517794164796409),
[92mINFO [0m:      	          (40, 0.5540237255530619),
[92mINFO [0m:      	          (41, 0.556313836852471),
[92mINFO [0m:      	          (42, 0.5586497503778683),
[92mINFO [0m:      	          (43, 0.5611230705812302),
[92mINFO [0m:      	          (44, 0.5630009618467458),
[92mINFO [0m:      	          (45, 0.566298722117895),
[92mINFO [0m:      	          (46, 0.5682224156093987),
[92mINFO [0m:      	          (47, 0.5700087024229378),
[92mINFO [0m:      	          (48, 0.5717491870104887),
[92mINFO [0m:      	          (49, 0.5736270782760042),
[92mINFO [0m:      	          (50, 0.5752301561855906)],
[92mINFO [0m:      	 'threshold': [(1, 0.75),
[92mINFO [0m:      	               (2, 0.75),
[92mINFO [0m:      	               (3, 0.75),
[92mINFO [0m:      	               (4, 0.75),
[92mINFO [0m:      	               (5, 0.75),
[92mINFO [0m:      	               (6, 0.7),
[92mINFO [0m:      	               (7, 0.6),
[92mINFO [0m:      	               (8, 0.3),
[92mINFO [0m:      	               (9, 0.3),
[92mINFO [0m:      	               (10, 0.3),
[92mINFO [0m:      	               (11, 0.4),
[92mINFO [0m:      	               (12, 0.45),
[92mINFO [0m:      	               (13, 0.45),
[92mINFO [0m:      	               (14, 0.45),
[92mINFO [0m:      	               (15, 0.5),
[92mINFO [0m:      	               (16, 0.5),
[92mINFO [0m:      	               (17, 0.5),
[92mINFO [0m:      	               (18, 0.5),
[92mINFO [0m:      	               (19, 0.5),
[92mINFO [0m:      	               (20, 0.5),
[92mINFO [0m:      	               (21, 0.5),
[92mINFO [0m:      	               (22, 0.5),
[92mINFO [0m:      	               (23, 0.5),
[92mINFO [0m:      	               (24, 0.5),
[92mINFO [0m:      	               (25, 0.5),
[92mINFO [0m:      	               (26, 0.5),
[92mINFO [0m:      	               (27, 0.5),
[92mINFO [0m:      	               (28, 0.5),
[92mINFO [0m:      	               (29, 0.5),
[92mINFO [0m:      	               (30, 0.5),
[92mINFO [0m:      	               (31, 0.5),
[92mINFO [0m:      	               (32, 0.5),
[92mINFO [0m:      	               (33, 0.5),
[92mINFO [0m:      	               (34, 0.5),
[92mINFO [0m:      	               (35, 0.5),
[92mINFO [0m:      	               (36, 0.5),
[92mINFO [0m:      	               (37, 0.5),
[92mINFO [0m:      	               (38, 0.5),
[92mINFO [0m:      	               (39, 0.5),
[92mINFO [0m:      	               (40, 0.5),
[92mINFO [0m:      	               (41, 0.5),
[92mINFO [0m:      	               (42, 0.5),
[92mINFO [0m:      	               (43, 0.5),
[92mINFO [0m:      	               (44, 0.5),
[92mINFO [0m:      	               (45, 0.5),
[92mINFO [0m:      	               (46, 0.5),
[92mINFO [0m:      	               (47, 0.5),
[92mINFO [0m:      	               (48, 0.5),
[92mINFO [0m:      	               (49, 0.5),
[92mINFO [0m:      	               (50, 0.5)],
[92mINFO [0m:      	 'tn': [(1, 21609),
[92mINFO [0m:      	        (2, 21181),
[92mINFO [0m:      	        (3, 20912),
[92mINFO [0m:      	        (4, 20616),
[92mINFO [0m:      	        (5, 20235),
[92mINFO [0m:      	        (6, 18826),
[92mINFO [0m:      	        (7, 15685),
[92mINFO [0m:      	        (8, 4965),
[92mINFO [0m:      	        (9, 4303),
[92mINFO [0m:      	        (10, 3905),
[92mINFO [0m:      	        (11, 6313),
[92mINFO [0m:      	        (12, 7791),
[92mINFO [0m:      	        (13, 7705),
[92mINFO [0m:      	        (14, 7678),
[92mINFO [0m:      	        (15, 9555),
[92mINFO [0m:      	        (16, 9643),
[92mINFO [0m:      	        (17, 9727),
[92mINFO [0m:      	        (18, 9848),
[92mINFO [0m:      	        (19, 9966),
[92mINFO [0m:      	        (20, 10130),
[92mINFO [0m:      	        (21, 10288),
[92mINFO [0m:      	        (22, 10429),
[92mINFO [0m:      	        (23, 10565),
[92mINFO [0m:      	        (24, 10683),
[92mINFO [0m:      	        (25, 10803),
[92mINFO [0m:      	        (26, 10903),
[92mINFO [0m:      	        (27, 11035),
[92mINFO [0m:      	        (28, 11129),
[92mINFO [0m:      	        (29, 11235),
[92mINFO [0m:      	        (30, 11347),
[92mINFO [0m:      	        (31, 11428),
[92mINFO [0m:      	        (32, 11525),
[92mINFO [0m:      	        (33, 11614),
[92mINFO [0m:      	        (34, 11712),
[92mINFO [0m:      	        (35, 11777),
[92mINFO [0m:      	        (36, 11860),
[92mINFO [0m:      	        (37, 11921),
[92mINFO [0m:      	        (38, 11985),
[92mINFO [0m:      	        (39, 12047),
[92mINFO [0m:      	        (40, 12096),
[92mINFO [0m:      	        (41, 12146),
[92mINFO [0m:      	        (42, 12197),
[92mINFO [0m:      	        (43, 12251),
[92mINFO [0m:      	        (44, 12292),
[92mINFO [0m:      	        (45, 12364),
[92mINFO [0m:      	        (46, 12406),
[92mINFO [0m:      	        (47, 12445),
[92mINFO [0m:      	        (48, 12483),
[92mINFO [0m:      	        (49, 12524),
[92mINFO [0m:      	        (50, 12559)],
[92mINFO [0m:      	 'tp': [(1, 17),
[92mINFO [0m:      	        (2, 55),
[92mINFO [0m:      	        (3, 100),
[92mINFO [0m:      	        (4, 154),
[92mINFO [0m:      	        (5, 237),
[92mINFO [0m:      	        (6, 517),
[92mINFO [0m:      	        (7, 1123),
[92mINFO [0m:      	        (8, 2854),
[92mINFO [0m:      	        (9, 3026),
[92mINFO [0m:      	        (10, 3135),
[92mINFO [0m:      	        (11, 2840),
[92mINFO [0m:      	        (12, 2730),
[92mINFO [0m:      	        (13, 2783),
[92mINFO [0m:      	        (14, 2827),
[92mINFO [0m:      	        (15, 2674),
[92mINFO [0m:      	        (16, 2697),
[92mINFO [0m:      	        (17, 2711),
[92mINFO [0m:      	        (18, 2724),
[92mINFO [0m:      	        (19, 2741),
[92mINFO [0m:      	        (20, 2753),
[92mINFO [0m:      	        (21, 2753),
[92mINFO [0m:      	        (22, 2757),
[92mINFO [0m:      	        (23, 2764),
[92mINFO [0m:      	        (24, 2760),
[92mINFO [0m:      	        (25, 2762),
[92mINFO [0m:      	        (26, 2774),
[92mINFO [0m:      	        (27, 2776),
[92mINFO [0m:      	        (28, 2777),
[92mINFO [0m:      	        (29, 2781),
[92mINFO [0m:      	        (30, 2782),
[92mINFO [0m:      	        (31, 2778),
[92mINFO [0m:      	        (32, 2777),
[92mINFO [0m:      	        (33, 2776),
[92mINFO [0m:      	        (34, 2777),
[92mINFO [0m:      	        (35, 2779),
[92mINFO [0m:      	        (36, 2775),
[92mINFO [0m:      	        (37, 2774),
[92mINFO [0m:      	        (38, 2779),
[92mINFO [0m:      	        (39, 2778),
[92mINFO [0m:      	        (40, 2778),
[92mINFO [0m:      	        (41, 2778),
[92mINFO [0m:      	        (42, 2779),
[92mINFO [0m:      	        (43, 2782),
[92mINFO [0m:      	        (44, 2781),
[92mINFO [0m:      	        (45, 2780),
[92mINFO [0m:      	        (46, 2778),
[92mINFO [0m:      	        (47, 2777),
[92mINFO [0m:      	        (48, 2780),
[92mINFO [0m:      	        (49, 2781),
[92mINFO [0m:      	        (50, 2778)],
[92mINFO [0m:      	 'tpr': [(1, 0.004809052333804809),
[92mINFO [0m:      	         (2, 0.015558698727015558),
[92mINFO [0m:      	         (3, 0.028288543140028287),
[92mINFO [0m:      	         (4, 0.04356435643564356),
[92mINFO [0m:      	         (5, 0.06704384724186704),
[92mINFO [0m:      	         (6, 0.14625176803394624),
[92mINFO [0m:      	         (7, 0.31768033946251767),
[92mINFO [0m:      	         (8, 0.8073550212164073),
[92mINFO [0m:      	         (9, 0.8560113154172561),
[92mINFO [0m:      	         (10, 0.8868458274398868),
[92mINFO [0m:      	         (11, 0.8033946251768034),
[92mINFO [0m:      	         (12, 0.7722772277227723),
[92mINFO [0m:      	         (13, 0.7872701555869873),
[92mINFO [0m:      	         (14, 0.7997171145685997),
[92mINFO [0m:      	         (15, 0.7564356435643564),
[92mINFO [0m:      	         (16, 0.7629420084865629),
[92mINFO [0m:      	         (17, 0.7669024045261669),
[92mINFO [0m:      	         (18, 0.7705799151343706),
[92mINFO [0m:      	         (19, 0.7753889674681754),
[92mINFO [0m:      	         (20, 0.7787835926449788),
[92mINFO [0m:      	         (21, 0.7787835926449788),
[92mINFO [0m:      	         (22, 0.7799151343705799),
[92mINFO [0m:      	         (23, 0.7818953323903819),
[92mINFO [0m:      	         (24, 0.7807637906647807),
[92mINFO [0m:      	         (25, 0.7813295615275814),
[92mINFO [0m:      	         (26, 0.7847241867043847),
[92mINFO [0m:      	         (27, 0.7852899575671853),
[92mINFO [0m:      	         (28, 0.7855728429985855),
[92mINFO [0m:      	         (29, 0.7867043847241867),
[92mINFO [0m:      	         (30, 0.786987270155587),
[92mINFO [0m:      	         (31, 0.7858557284299859),
[92mINFO [0m:      	         (32, 0.7855728429985855),
[92mINFO [0m:      	         (33, 0.7852899575671853),
[92mINFO [0m:      	         (34, 0.7855728429985855),
[92mINFO [0m:      	         (35, 0.7861386138613862),
[92mINFO [0m:      	         (36, 0.785007072135785),
[92mINFO [0m:      	         (37, 0.7847241867043847),
[92mINFO [0m:      	         (38, 0.7861386138613862),
[92mINFO [0m:      	         (39, 0.7858557284299859),
[92mINFO [0m:      	         (40, 0.7858557284299859),
[92mINFO [0m:      	         (41, 0.7858557284299859),
[92mINFO [0m:      	         (42, 0.7861386138613862),
[92mINFO [0m:      	         (43, 0.786987270155587),
[92mINFO [0m:      	         (44, 0.7867043847241867),
[92mINFO [0m:      	         (45, 0.7864214992927864),
[92mINFO [0m:      	         (46, 0.7858557284299859),
[92mINFO [0m:      	         (47, 0.7855728429985855),
[92mINFO [0m:      	         (48, 0.7864214992927864),
[92mINFO [0m:      	         (49, 0.7867043847241867),
[92mINFO [0m:      	         (50, 0.7858557284299859)],
[92mINFO [0m:      	 'youden': [(1, -0.005450646287548211),
[92mINFO [0m:      	            (2, -0.014304352617279803),
[92mINFO [0m:      	            (3, -0.013895306995088341),
[92mINFO [0m:      	            (4, -0.012176952591975154),
[92mINFO [0m:      	            (5, -0.006148109887249342),
[92mINFO [0m:      	            (6, 0.00852447448747995),
[92mINFO [0m:      	            (7, 0.036088254087168314),
[92mINFO [0m:      	            (8, 0.0347630732477362),
[92mINFO [0m:      	            (9, 0.05309829384440756),
[92mINFO [0m:      	            (10, 0.06570351992374146),
[92mINFO [0m:      	            (11, 0.09254407784020291),
[92mINFO [0m:      	            (12, 0.12912237039670638),
[92mINFO [0m:      	            (13, 0.1401763068259374),
[92mINFO [0m:      	            (14, 0.15138660570586904),
[92mINFO [0m:      	            (15, 0.19407591288144532),
[92mINFO [0m:      	            (16, 0.20461287369061187),
[92mINFO [0m:      	            (17, 0.2124206567132232),
[92mINFO [0m:      	            (18, 0.22164023666599708),
[92mINFO [0m:      	            (19, 0.23185395166640754),
[92mINFO [0m:      	            (20, 0.24276014190527295),
[92mINFO [0m:      	            (21, 0.24999689361140565),
[92mINFO [0m:      	            (22, 0.2575865492013407),
[92mINFO [0m:      	            (23, 0.2657958499555355),
[92mINFO [0m:      	            (24, 0.27006897089654003),
[92mINFO [0m:      	            (25, 0.27613100887792275),
[92mINFO [0m:      	            (26, 0.2841058566535444),
[92mINFO [0m:      	            (27, 0.2907175213467852),
[92mINFO [0m:      	            (28, 0.2953058160210744),
[92mINFO [0m:      	            (29, 0.30129239370142313),
[92mINFO [0m:      	            (30, 0.30670512844349984),
[92mINFO [0m:      	            (31, 0.30928356702294146),
[92mINFO [0m:      	            (32, 0.313443497512395),
[92mINFO [0m:      	            (33, 0.317237010193943),
[92mINFO [0m:      	            (34, 0.3220085137721851),
[92mINFO [0m:      	            (35, 0.32555142932421766),
[92mINFO [0m:      	            (36, 0.3282214723556356),
[92mINFO [0m:      	            (37, 0.3307325227095146),
[92mINFO [0m:      	            (38, 0.3350782923297597),
[92mINFO [0m:      	            (39, 0.33763514490962665),
[92mINFO [0m:      	            (40, 0.33987945398304786),
[92mINFO [0m:      	            (41, 0.342169565282457),
[92mINFO [0m:      	            (42, 0.34478836423925463),
[92mINFO [0m:      	            (43, 0.3481103407368171),
[92mINFO [0m:      	            (44, 0.34970534657093255),
[92mINFO [0m:      	            (45, 0.3527202214106815),
[92mINFO [0m:      	            (46, 0.35407814403938453),
[92mINFO [0m:      	            (47, 0.3555815454215234),
[92mINFO [0m:      	            (48, 0.358170686303275),
[92mINFO [0m:      	            (49, 0.36033146300019103),
[92mINFO [0m:      	            (50, 0.36108588461557645)]}
[92mINFO [0m:      
[36m(ClientAppActor pid=1144543)[0m /home/bax9142/federated-edge-learning/.venv/lib64/python3.13/site-packages/sklearn/metrics/_ranking.py:424: UndefinedMetricWarning: Only one class is present in y_true. ROC AUC score is not defined in that case.[32m [repeated 30x across cluster][0m
[36m(ClientAppActor pid=1144543)[0m   warnings.warn([32m [repeated 30x across cluster][0m

[36m(ClientAppActor pid=1144531)[0m    Train:      87 samples (client-local)[32m [repeated 255x across cluster][0m
[36m(ClientAppActor pid=1144531)[0m    Validation: 12 samples (client-local)[32m [repeated 255x across cluster][0m
[36m(ClientAppActor pid=1144531)[0m    Test:       50737 samples (global, shared)[32m [repeated 255x across cluster][0m
[36m(ClientAppActor pid=1144533)[0m [Client 902] Data split:[32m [repeated 258x across cluster][0m
[36m(ClientAppActor pid=1144533)[0m    Train:      87 samples (client-local)[32m [repeated 258x across cluster][0m
[36m(ClientAppActor pid=1144533)[0m    Validation: 12 samples (client-local)[32m [repeated 258x across cluster][0m
[36m(ClientAppActor pid=1144533)[0m    Test:       50737 samples (global, shared)[32m [repeated 258x across cluster][0m
[36m(ClientAppActor pid=1144537)[0m [Client 1178] Data split:[32m [repeated 258x across cluster][0m
[36m(ClientAppActor pid=1144537)[0m    Train:      87 samples (client-local)[32m [repeated 258x across cluster][0m
[36m(ClientAppActor pid=1144537)[0m    Validation: 12 samples (client-local)[32m [repeated 258x across cluster][0m
[36m(ClientAppActor pid=1144537)[0m    Test:       50737 samples (global, shared)[32m [repeated 258x across cluster][0m
[36m(ClientAppActor pid=1144534)[0m [Client 1944] Data split:[32m [repeated 253x across cluster][0m
[36m(ClientAppActor pid=1144534)[0m    Train:      86 samples (client-local)[32m [repeated 253x across cluster][0m
[36m(ClientAppActor pid=1144534)[0m    Validation: 12 samples (client-local)[32m [repeated 253x across cluster][0m
[36m(ClientAppActor pid=1144534)[0m    Test:       50737 samples (global, shared)[32m [repeated 253x across cluster][0m
[36m(ClientAppActor pid=1144538)[0m [Client 110] Data split:[32m [repeated 242x across cluster][0m
[36m(ClientAppActor pid=1144538)[0m    Train:      87 samples (client-local)[32m [repeated 242x across cluster][0m
[36m(ClientAppActor pid=1144538)[0m    Validation: 12 samples (client-local)[32m [repeated 242x across cluster][0m
[36m(ClientAppActor pid=1144538)[0m    Test:       50737 samples (global, shared)[32m [repeated 242x across cluster][0m
[36m(ClientAppActor pid=1144541)[0m [Client 598] Data split:[32m [repeated 182x across cluster][0m
[36m(ClientAppActor pid=1144541)[0m    Train:      87 samples (client-local)[32m [repeated 182x across cluster][0m
[36m(ClientAppActor pid=1144541)[0m    Validation: 12 samples (client-local)[32m [repeated 182x across cluster][0m
[36m(ClientAppActor pid=1144541)[0m    Test:       50737 samples (global, shared)[32m [repeated 182x across cluster][0m
[36m(ClientAppActor pid=1144534)[0m [Client 906] Data split:[32m [repeated 256x across cluster][0m
[36m(ClientAppActor pid=1144534)[0m    Train:      87 samples (client-local)[32m [repeated 256x across cluster][0m
[36m(ClientAppActor pid=1144534)[0m    Validation: 12 samples (client-local)[32m [repeated 256x across cluster][0m
[36m(ClientAppActor pid=1144534)[0m    Test:       50737 samples (global, shared)[32m [repeated 256x across cluster][0m
[36m(ClientAppActor pid=1144537)[0m [Client 1542] Data split:[32m [repeated 256x across cluster][0m
[36m(ClientAppActor pid=1144537)[0m    Train:      86 samples (client-local)[32m [repeated 256x across cluster][0m
[36m(ClientAppActor pid=1144537)[0m    Validation: 12 samples (client-local)[32m [repeated 256x across cluster][0m
[36m(ClientAppActor pid=1144537)[0m    Test:       50737 samples (global, shared)[32m [repeated 256x across cluster][0m
[36m(ClientAppActor pid=1144556)[0m [Client 225] Data split:[32m [repeated 260x across cluster][0m
[36m(ClientAppActor pid=1144556)[0m    Train:      87 samples (client-local)[32m [repeated 260x across cluster][0m
[36m(ClientAppActor pid=1144556)[0m    Validation: 12 samples (client-local)[32m [repeated 260x across cluster][0m
[36m(ClientAppActor pid=1144556)[0m    Test:       50737 samples (global, shared)[32m [repeated 260x across cluster][0m
[36m(ClientAppActor pid=1144587)[0m [Client 280] Data split:[32m [repeated 254x across cluster][0m
[36m(ClientAppActor pid=1144587)[0m    Train:      87 samples (client-local)[32m [repeated 254x across cluster][0m
[36m(ClientAppActor pid=1144587)[0m    Validation: 12 samples (client-local)[32m [repeated 254x across cluster][0m
[36m(ClientAppActor pid=1144587)[0m    Test:       50737 samples (global, shared)[32m [repeated 254x across cluster][0m
[36m(ClientAppActor pid=1144545)[0m [Client 1991] Data split:[32m [repeated 259x across cluster][0m
[36m(ClientAppActor pid=1144545)[0m    Train:      86 samples (client-local)[32m [repeated 259x across cluster][0m
[36m(ClientAppActor pid=1144545)[0m    Validation: 12 samples (client-local)[32m [repeated 259x across cluster][0m
[36m(ClientAppActor pid=1144545)[0m    Test:       50737 samples (global, shared)[32m [repeated 259x across cluster][0m
[36m(ClientAppActor pid=1144541)[0m [Client 375] Data split:[32m [repeated 256x across cluster][0m
[36m(ClientAppActor pid=1144541)[0m    Train:      87 samples (client-local)[32m [repeated 256x across cluster][0m
[36m(ClientAppActor pid=1144541)[0m    Validation: 12 samples (client-local)[32m [repeated 256x across cluster][0m
[36m(ClientAppActor pid=1144541)[0m    Test:       50737 samples (global, shared)[32m [repeated 256x across cluster][0m
[36m(ClientAppActor pid=1144537)[0m [Client 1008] Data split:[32m [repeated 258x across cluster][0m
[36m(ClientAppActor pid=1144537)[0m    Train:      87 samples (client-local)[32m [repeated 258x across cluster][0m
[36m(ClientAppActor pid=1144537)[0m    Validation: 12 samples (client-local)[32m [repeated 258x across cluster][0m
[36m(ClientAppActor pid=1144537)[0m    Test:       50737 samples (global, shared)[32m [repeated 258x across cluster][0m

🎯 Multi-Threshold Aggregation:
   ═══════════════════════════════════════════════
   Evaluated 10 thresholds:
     • Thr=0.30: Recall=0.943, Spec=0.297, F1=0.300
     • Thr=0.35: Recall=0.917, Spec=0.377, F1=0.318
     • Thr=0.40: Recall=0.877, Spec=0.452, F1=0.333
   ...

   BEST Threshold: 0.50
     • Recall:      0.786
     • Specificity: 0.575
     • F1-Score:    0.356
     • Score:       0.652
   ═══════════════════════════════════════════════

⚠️  No rounds meet spec≥0.7, using recall filter only
 9 Pareto-optimal rounds (not dominated in recall & spec)

🎯 SELECTED ROUND 50:
   Recall:     0.786
   Specificity: 0.575
   F1-Score:    0.356
   Stability:   1.000
   Alerts/1000: 475.1
   Composite:   0.658


✅ Round 50 is NEW BEST - Saving checkpoint...
   💾 Checkpoint saved: result/splits_iid_scaling/splits_iid_2048_clients.json/multi_thr/model_round_50.pt
⚠️  No rounds meet spec≥0.7, using recall filter only
 9 Pareto-optimal rounds (not dominated in recall & spec)

🎯 SELECTED ROUND 50:
   Recall:     0.786
   Specificity: 0.575
   F1-Score:    0.356
   Stability:   1.000
   Alerts/1000: 475.1
   Composite:   0.658

   💾 Best model saved: result/splits_iid_scaling/splits_iid_2048_clients.json/multi_thr/model_round_50.pt
   📊 Metrics saved: result/splits_iid_scaling/splits_iid_2048_clients.json/multi_thr/run_1.json
[36m(ClientAppActor pid=1144548)[0m [Client 1754] Data split:[32m [repeated 95x across cluster][0m
[36m(ClientAppActor pid=1144548)[0m    Train:      86 samples (client-local)[32m [repeated 95x across cluster][0m
[36m(ClientAppActor pid=1144548)[0m    Validation: 12 samples (client-local)[32m [repeated 95x across cluster][0m
[36m(ClientAppActor pid=1144548)[0m    Test:       50737 samples (global, shared)[32m [repeated 95x across cluster][0m
