client_id,samples,positives,negatives,positive_ratio,negative_ratio,label_entropy
0,11,2,9,0.18181818181818182,0.8181818181818182,0.6840384356390418
1,11,1,10,0.09090909090909091,0.9090909090909091,0.4394969869215134
2,11,1,10,0.09090909090909091,0.9090909090909091,0.4394969869215134
3,11,1,10,0.09090909090909091,0.9090909090909091,0.4394969869215134
4,11,2,9,0.18181818181818182,0.8181818181818182,0.6840384356390418
5,11,1,10,0.09090909090909091,0.9090909090909091,0.4394969869215134
6,11,2,9,0.18181818181818182,0.8181818181818182,0.6840384356390418
7,11,2,9,0.18181818181818182,0.8181818181818182,0.6840384356390418
8,11,0,11,0.0,1.0,0.0
9,11,2,9,0.18181818181818182,0.8181818181818182,0.6840384356390418
10,11,0,11,0.0,1.0,0.0
11,11,2,9,0.18181818181818182,0.8181818181818182,0.6840384356390418
12,11,2,9,0.18181818181818182,0.8181818181818182,0.6840384356390418
13,11,4,7,0.36363636363636365,0.6363636363636364,0.9456603046006401
14,11,0,11,0.0,1.0,0.0
15,11,1,10,0.09090909090909091,0.9090909090909091,0.4394969869215134
16,11,1,10,0.09090909090909091,0.9090909090909091,0.4394969869215134
17,11,4,7,0.36363636363636365,0.6363636363636364,0.9456603046006401
18,11,2,9,0.18181818181818182,0.8181818181818182,0.6840384356390418
19,11,2,9,0.18181818181818182,0.8181818181818182,0.6840384356390418
20,11,1,10,0.09090909090909091,0.9090909090909091,0.4394969869215134
21,11,2,9,0.18181818181818182,0.8181818181818182,0.6840384356390418
22,11,2,9,0.18181818181818182,0.8181818181818182,0.6840384356390418
23,11,1,10,0.09090909090909091,0.9090909090909091,0.4394969869215134
24,11,3,8,0.2727272727272727,0.7272727272727273,0.8453509366224364
25,11,3,8,0.2727272727272727,0.7272727272727273,0.8453509366224364
26,11,2,9,0.18181818181818182,0.8181818181818182,0.6840384356390418
27,11,4,7,0.36363636363636365,0.6363636363636364,0.9456603046006401
28,11,1,10,0.09090909090909091,0.9090909090909091,0.4394969869215134
29,11,0,11,0.0,1.0,0.0
30,11,2,9,0.18181818181818182,0.8181818181818182,0.6840384356390418
31,11,5,6,0.45454545454545453,0.5454545454545454,0.9940302114769565
32,11,1,10,0.09090909090909091,0.9090909090909091,0.4394969869215134
33,11,2,9,0.18181818181818182,0.8181818181818182,0.6840384356390418
34,11,3,8,0.2727272727272727,0.7272727272727273,0.8453509366224364
35,11,4,7,0.36363636363636365,0.6363636363636364,0.9456603046006401
36,11,1,10,0.09090909090909091,0.9090909090909091,0.4394969869215134
37,11,1,10,0.09090909090909091,0.9090909090909091,0.4394969869215134
38,11,0,11,0.0,1.0,0.0
39,11,2,9,0.18181818181818182,0.8181818181818182,0.6840384356390418
40,11,1,10,0.09090909090909091,0.9090909090909091,0.4394969869215134
41,11,4,7,0.36363636363636365,0.6363636363636364,0.9456603046006401
42,11,0,11,0.0,1.0,0.0
43,11,3,8,0.2727272727272727,0.7272727272727273,0.8453509366224364
44,11,2,9,0.18181818181818182,0.8181818181818182,0.6840384356390418
45,11,2,9,0.18181818181818182,0.8181818181818182,0.6840384356390418
46,11,0,11,0.0,1.0,0.0
47,11,2,9,0.18181818181818182,0.8181818181818182,0.6840384356390418
48,11,1,10,0.09090909090909091,0.9090909090909091,0.4394969869215134
49,11,3,8,0.2727272727272727,0.7272727272727273,0.8453509366224364
50,11,1,10,0.09090909090909091,0.9090909090909091,0.4394969869215134
51,11,4,7,0.36363636363636365,0.6363636363636364,0.9456603046006401
52,11,2,9,0.18181818181818182,0.8181818181818182,0.6840384356390418
53,11,0,11,0.0,1.0,0.0
54,11,3,8,0.2727272727272727,0.7272727272727273,0.8453509366224364
55,11,0,11,0.0,1.0,0.0
56,11,3,8,0.2727272727272727,0.7272727272727273,0.8453509366224364
57,11,1,10,0.09090909090909091,0.9090909090909091,0.4394969869215134
58,11,1,10,0.09090909090909091,0.9090909090909091,0.4394969869215134
59,11,0,11,0.0,1.0,0.0
60,11,1,10,0.09090909090909091,0.9090909090909091,0.4394969869215134
61,11,3,8,0.2727272727272727,0.7272727272727273,0.8453509366224364
62,11,0,11,0.0,1.0,0.0
63,11,1,10,0.09090909090909091,0.9090909090909091,0.4394969869215134
64,11,2,9,0.18181818181818182,0.8181818181818182,0.6840384356390418
65,11,0,11,0.0,1.0,0.0
66,11,2,9,0.18181818181818182,0.8181818181818182,0.6840384356390418
67,11,1,10,0.09090909090909091,0.9090909090909091,0.4394969869215134
68,11,1,10,0.09090909090909091,0.9090909090909091,0.4394969869215134
69,11,0,11,0.0,1.0,0.0
70,11,2,9,0.18181818181818182,0.8181818181818182,0.6840384356390418
71,11,2,9,0.18181818181818182,0.8181818181818182,0.6840384356390418
72,11,1,10,0.09090909090909091,0.9090909090909091,0.4394969869215134
73,11,1,10,0.09090909090909091,0.9090909090909091,0.4394969869215134
74,11,1,10,0.09090909090909091,0.9090909090909091,0.4394969869215134
75,11,0,11,0.0,1.0,0.0
76,11,1,10,0.09090909090909091,0.9090909090909091,0.4394969869215134
77,11,0,11,0.0,1.0,0.0
78,11,4,7,0.36363636363636365,0.6363636363636364,0.9456603046006401
79,11,0,11,0.0,1.0,0.0
80,11,7,4,0.6363636363636364,0.36363636363636365,0.9456603046006401
81,11,0,11,0.0,1.0,0.0
82,11,1,10,0.09090909090909091,0.9090909090909091,0.4394969869215134
83,11,1,10,0.09090909090909091,0.9090909090909091,0.4394969869215134
84,11,2,9,0.18181818181818182,0.8181818181818182,0.6840384356390418
85,11,1,10,0.09090909090909091,0.9090909090909091,0.4394969869215134
86,11,2,9,0.18181818181818182,0.8181818181818182,0.6840384356390418
87,11,4,7,0.36363636363636365,0.6363636363636364,0.9456603046006401
88,11,1,10,0.09090909090909091,0.9090909090909091,0.4394969869215134
89,11,1,10,0.09090909090909091,0.9090909090909091,0.4394969869215134
90,11,1,10,0.09090909090909091,0.9090909090909091,0.4394969869215134
91,11,1,10,0.09090909090909091,0.9090909090909091,0.4394969869215134
92,11,1,10,0.09090909090909091,0.9090909090909091,0.4394969869215134
93,11,3,8,0.2727272727272727,0.7272727272727273,0.8453509366224364
94,11,3,8,0.2727272727272727,0.7272727272727273,0.8453509366224364
95,11,0,11,0.0,1.0,0.0
96,11,1,10,0.09090909090909091,0.9090909090909091,0.4394969869215134
97,11,2,9,0.18181818181818182,0.8181818181818182,0.6840384356390418
98,11,3,8,0.2727272727272727,0.7272727272727273,0.8453509366224364
99,11,2,9,0.18181818181818182,0.8181818181818182,0.6840384356390418
100,11,1,10,0.09090909090909091,0.9090909090909091,0.4394969869215134
101,11,5,6,0.45454545454545453,0.5454545454545454,0.9940302114769565
102,11,2,9,0.18181818181818182,0.8181818181818182,0.6840384356390418
103,11,3,8,0.2727272727272727,0.7272727272727273,0.8453509366224364
104,11,3,8,0.2727272727272727,0.7272727272727273,0.8453509366224364
105,11,0,11,0.0,1.0,0.0
106,11,0,11,0.0,1.0,0.0
107,11,2,9,0.18181818181818182,0.8181818181818182,0.6840384356390418
108,11,2,9,0.18181818181818182,0.8181818181818182,0.6840384356390418
109,11,1,10,0.09090909090909091,0.9090909090909091,0.4394969869215134
110,11,2,9,0.18181818181818182,0.8181818181818182,0.6840384356390418
111,11,1,10,0.09090909090909091,0.9090909090909091,0.4394969869215134
112,11,0,11,0.0,1.0,0.0
113,11,1,10,0.09090909090909091,0.9090909090909091,0.4394969869215134
114,11,0,11,0.0,1.0,0.0
115,11,3,8,0.2727272727272727,0.7272727272727273,0.8453509366224364
116,11,0,11,0.0,1.0,0.0
117,11,2,9,0.18181818181818182,0.8181818181818182,0.6840384356390418
118,11,2,9,0.18181818181818182,0.8181818181818182,0.6840384356390418
119,11,4,7,0.36363636363636365,0.6363636363636364,0.9456603046006401
120,11,2,9,0.18181818181818182,0.8181818181818182,0.6840384356390418
121,11,0,11,0.0,1.0,0.0
122,11,2,9,0.18181818181818182,0.8181818181818182,0.6840384356390418
123,11,1,10,0.09090909090909091,0.9090909090909091,0.4394969869215134
124,11,1,10,0.09090909090909091,0.9090909090909091,0.4394969869215134
125,11,2,9,0.18181818181818182,0.8181818181818182,0.6840384356390418
126,11,2,9,0.18181818181818182,0.8181818181818182,0.6840384356390418
127,11,2,9,0.18181818181818182,0.8181818181818182,0.6840384356390418
128,11,1,10,0.09090909090909091,0.9090909090909091,0.4394969869215134
129,11,2,9,0.18181818181818182,0.8181818181818182,0.6840384356390418
130,11,3,8,0.2727272727272727,0.7272727272727273,0.8453509366224364
131,11,0,11,0.0,1.0,0.0
132,11,2,9,0.18181818181818182,0.8181818181818182,0.6840384356390418
133,11,1,10,0.09090909090909091,0.9090909090909091,0.4394969869215134
134,11,3,8,0.2727272727272727,0.7272727272727273,0.8453509366224364
135,11,1,10,0.09090909090909091,0.9090909090909091,0.4394969869215134
136,11,0,11,0.0,1.0,0.0
137,11,2,9,0.18181818181818182,0.8181818181818182,0.6840384356390418
138,11,1,10,0.09090909090909091,0.9090909090909091,0.4394969869215134
139,11,3,8,0.2727272727272727,0.7272727272727273,0.8453509366224364
140,11,2,9,0.18181818181818182,0.8181818181818182,0.6840384356390418
141,11,3,8,0.2727272727272727,0.7272727272727273,0.8453509366224364
142,11,1,10,0.09090909090909091,0.9090909090909091,0.4394969869215134
143,11,3,8,0.2727272727272727,0.7272727272727273,0.8453509366224364
144,11,2,9,0.18181818181818182,0.8181818181818182,0.6840384356390418
145,11,0,11,0.0,1.0,0.0
146,11,2,9,0.18181818181818182,0.8181818181818182,0.6840384356390418
147,11,1,10,0.09090909090909091,0.9090909090909091,0.4394969869215134
148,11,0,11,0.0,1.0,0.0
149,11,1,10,0.09090909090909091,0.9090909090909091,0.4394969869215134
150,11,1,10,0.09090909090909091,0.9090909090909091,0.4394969869215134
151,11,2,9,0.18181818181818182,0.8181818181818182,0.6840384356390418
152,11,0,11,0.0,1.0,0.0
153,11,0,11,0.0,1.0,0.0
154,11,2,9,0.18181818181818182,0.8181818181818182,0.6840384356390418
155,11,4,7,0.36363636363636365,0.6363636363636364,0.9456603046006401
156,11,3,8,0.2727272727272727,0.7272727272727273,0.8453509366224364
157,11,1,10,0.09090909090909091,0.9090909090909091,0.4394969869215134
158,11,0,11,0.0,1.0,0.0
159,11,0,11,0.0,1.0,0.0
160,11,2,9,0.18181818181818182,0.8181818181818182,0.6840384356390418
161,11,0,11,0.0,1.0,0.0
162,11,0,11,0.0,1.0,0.0
163,11,3,8,0.2727272727272727,0.7272727272727273,0.8453509366224364
164,11,1,10,0.09090909090909091,0.9090909090909091,0.4394969869215134
165,11,3,8,0.2727272727272727,0.7272727272727273,0.8453509366224364
166,11,2,9,0.18181818181818182,0.8181818181818182,0.6840384356390418
167,11,2,9,0.18181818181818182,0.8181818181818182,0.6840384356390418
168,11,1,10,0.09090909090909091,0.9090909090909091,0.4394969869215134
169,11,2,9,0.18181818181818182,0.8181818181818182,0.6840384356390418
170,11,3,8,0.2727272727272727,0.7272727272727273,0.8453509366224364
171,11,0,11,0.0,1.0,0.0
172,11,2,9,0.18181818181818182,0.8181818181818182,0.6840384356390418
173,11,1,10,0.09090909090909091,0.9090909090909091,0.4394969869215134
174,11,2,9,0.18181818181818182,0.8181818181818182,0.6840384356390418
175,11,1,10,0.09090909090909091,0.9090909090909091,0.4394969869215134
176,11,1,10,0.09090909090909091,0.9090909090909091,0.4394969869215134
177,11,2,9,0.18181818181818182,0.8181818181818182,0.6840384356390418
178,11,0,11,0.0,1.0,0.0
179,11,2,9,0.18181818181818182,0.8181818181818182,0.6840384356390418
180,11,1,10,0.09090909090909091,0.9090909090909091,0.4394969869215134
181,11,0,11,0.0,1.0,0.0
182,11,2,9,0.18181818181818182,0.8181818181818182,0.6840384356390418
183,11,4,7,0.36363636363636365,0.6363636363636364,0.9456603046006401
184,11,1,10,0.09090909090909091,0.9090909090909091,0.4394969869215134
185,11,3,8,0.2727272727272727,0.7272727272727273,0.8453509366224364
186,11,2,9,0.18181818181818182,0.8181818181818182,0.6840384356390418
187,11,3,8,0.2727272727272727,0.7272727272727273,0.8453509366224364
188,11,2,9,0.18181818181818182,0.8181818181818182,0.6840384356390418
189,11,2,9,0.18181818181818182,0.8181818181818182,0.6840384356390418
190,11,1,10,0.09090909090909091,0.9090909090909091,0.4394969869215134
191,11,3,8,0.2727272727272727,0.7272727272727273,0.8453509366224364
192,11,1,10,0.09090909090909091,0.9090909090909091,0.4394969869215134
193,11,0,11,0.0,1.0,0.0
194,11,3,8,0.2727272727272727,0.7272727272727273,0.8453509366224364
195,11,0,11,0.0,1.0,0.0
196,11,1,10,0.09090909090909091,0.9090909090909091,0.4394969869215134
197,11,2,9,0.18181818181818182,0.8181818181818182,0.6840384356390418
198,11,2,9,0.18181818181818182,0.8181818181818182,0.6840384356390418
199,11,4,7,0.36363636363636365,0.6363636363636364,0.9456603046006401
200,11,2,9,0.18181818181818182,0.8181818181818182,0.6840384356390418
201,11,0,11,0.0,1.0,0.0
202,11,2,9,0.18181818181818182,0.8181818181818182,0.6840384356390418
203,11,1,10,0.09090909090909091,0.9090909090909091,0.4394969869215134
204,11,2,9,0.18181818181818182,0.8181818181818182,0.6840384356390418
205,11,0,11,0.0,1.0,0.0
206,11,1,10,0.09090909090909091,0.9090909090909091,0.4394969869215134
207,11,3,8,0.2727272727272727,0.7272727272727273,0.8453509366224364
208,11,1,10,0.09090909090909091,0.9090909090909091,0.4394969869215134
209,11,1,10,0.09090909090909091,0.9090909090909091,0.4394969869215134
210,11,3,8,0.2727272727272727,0.7272727272727273,0.8453509366224364
211,11,2,9,0.18181818181818182,0.8181818181818182,0.6840384356390418
212,11,2,9,0.18181818181818182,0.8181818181818182,0.6840384356390418
213,11,4,7,0.36363636363636365,0.6363636363636364,0.9456603046006401
214,11,3,8,0.2727272727272727,0.7272727272727273,0.8453509366224364
215,11,2,9,0.18181818181818182,0.8181818181818182,0.6840384356390418
216,11,4,7,0.36363636363636365,0.6363636363636364,0.9456603046006401
217,11,3,8,0.2727272727272727,0.7272727272727273,0.8453509366224364
218,11,3,8,0.2727272727272727,0.7272727272727273,0.8453509366224364
219,11,1,10,0.09090909090909091,0.9090909090909091,0.4394969869215134
220,11,1,10,0.09090909090909091,0.9090909090909091,0.4394969869215134
221,11,0,11,0.0,1.0,0.0
222,11,1,10,0.09090909090909091,0.9090909090909091,0.4394969869215134
223,11,1,10,0.09090909090909091,0.9090909090909091,0.4394969869215134
224,11,1,10,0.09090909090909091,0.9090909090909091,0.4394969869215134
225,11,2,9,0.18181818181818182,0.8181818181818182,0.6840384356390418
226,11,2,9,0.18181818181818182,0.8181818181818182,0.6840384356390418
227,11,0,11,0.0,1.0,0.0
228,11,2,9,0.18181818181818182,0.8181818181818182,0.6840384356390418
229,11,1,10,0.09090909090909091,0.9090909090909091,0.4394969869215134
230,11,1,10,0.09090909090909091,0.9090909090909091,0.4394969869215134
231,11,0,11,0.0,1.0,0.0
232,11,3,8,0.2727272727272727,0.7272727272727273,0.8453509366224364
233,11,1,10,0.09090909090909091,0.9090909090909091,0.4394969869215134
234,11,3,8,0.2727272727272727,0.7272727272727273,0.8453509366224364
235,11,2,9,0.18181818181818182,0.8181818181818182,0.6840384356390418
236,11,3,8,0.2727272727272727,0.7272727272727273,0.8453509366224364
237,11,1,10,0.09090909090909091,0.9090909090909091,0.4394969869215134
238,11,2,9,0.18181818181818182,0.8181818181818182,0.6840384356390418
239,11,1,10,0.09090909090909091,0.9090909090909091,0.4394969869215134
240,11,0,11,0.0,1.0,0.0
241,11,1,10,0.09090909090909091,0.9090909090909091,0.4394969869215134
242,11,2,9,0.18181818181818182,0.8181818181818182,0.6840384356390418
243,11,1,10,0.09090909090909091,0.9090909090909091,0.4394969869215134
244,11,3,8,0.2727272727272727,0.7272727272727273,0.8453509366224364
245,11,0,11,0.0,1.0,0.0
246,11,2,9,0.18181818181818182,0.8181818181818182,0.6840384356390418
247,11,2,9,0.18181818181818182,0.8181818181818182,0.6840384356390418
248,11,2,9,0.18181818181818182,0.8181818181818182,0.6840384356390418
249,11,1,10,0.09090909090909091,0.9090909090909091,0.4394969869215134
250,11,1,10,0.09090909090909091,0.9090909090909091,0.4394969869215134
251,11,2,9,0.18181818181818182,0.8181818181818182,0.6840384356390418
252,11,1,10,0.09090909090909091,0.9090909090909091,0.4394969869215134
253,11,1,10,0.09090909090909091,0.9090909090909091,0.4394969869215134
254,11,1,10,0.09090909090909091,0.9090909090909091,0.4394969869215134
255,11,0,11,0.0,1.0,0.0
256,11,0,11,0.0,1.0,0.0
257,11,1,10,0.09090909090909091,0.9090909090909091,0.4394969869215134
258,11,0,11,0.0,1.0,0.0
259,11,3,8,0.2727272727272727,0.7272727272727273,0.8453509366224364
260,11,1,10,0.09090909090909091,0.9090909090909091,0.4394969869215134
261,11,0,11,0.0,1.0,0.0
262,11,2,9,0.18181818181818182,0.8181818181818182,0.6840384356390418
263,11,3,8,0.2727272727272727,0.7272727272727273,0.8453509366224364
264,11,0,11,0.0,1.0,0.0
265,11,1,10,0.09090909090909091,0.9090909090909091,0.4394969869215134
266,11,2,9,0.18181818181818182,0.8181818181818182,0.6840384356390418
267,11,4,7,0.36363636363636365,0.6363636363636364,0.9456603046006401
268,11,2,9,0.18181818181818182,0.8181818181818182,0.6840384356390418
269,11,1,10,0.09090909090909091,0.9090909090909091,0.4394969869215134
270,11,0,11,0.0,1.0,0.0
271,11,4,7,0.36363636363636365,0.6363636363636364,0.9456603046006401
272,11,0,11,0.0,1.0,0.0
273,11,2,9,0.18181818181818182,0.8181818181818182,0.6840384356390418
274,11,3,8,0.2727272727272727,0.7272727272727273,0.8453509366224364
275,11,0,11,0.0,1.0,0.0
276,11,1,10,0.09090909090909091,0.9090909090909091,0.4394969869215134
277,11,1,10,0.09090909090909091,0.9090909090909091,0.4394969869215134
278,11,0,11,0.0,1.0,0.0
279,11,0,11,0.0,1.0,0.0
280,11,2,9,0.18181818181818182,0.8181818181818182,0.6840384356390418
281,11,0,11,0.0,1.0,0.0
282,11,2,9,0.18181818181818182,0.8181818181818182,0.6840384356390418
283,11,2,9,0.18181818181818182,0.8181818181818182,0.6840384356390418
284,11,2,9,0.18181818181818182,0.8181818181818182,0.6840384356390418
285,11,2,9,0.18181818181818182,0.8181818181818182,0.6840384356390418
286,11,3,8,0.2727272727272727,0.7272727272727273,0.8453509366224364
287,11,0,11,0.0,1.0,0.0
288,11,1,10,0.09090909090909091,0.9090909090909091,0.4394969869215134
289,11,0,11,0.0,1.0,0.0
290,11,2,9,0.18181818181818182,0.8181818181818182,0.6840384356390418
291,11,0,11,0.0,1.0,0.0
292,11,1,10,0.09090909090909091,0.9090909090909091,0.4394969869215134
293,11,3,8,0.2727272727272727,0.7272727272727273,0.8453509366224364
294,11,2,9,0.18181818181818182,0.8181818181818182,0.6840384356390418
295,11,3,8,0.2727272727272727,0.7272727272727273,0.8453509366224364
296,11,2,9,0.18181818181818182,0.8181818181818182,0.6840384356390418
297,11,4,7,0.36363636363636365,0.6363636363636364,0.9456603046006401
298,11,1,10,0.09090909090909091,0.9090909090909091,0.4394969869215134
299,11,0,11,0.0,1.0,0.0
300,11,2,9,0.18181818181818182,0.8181818181818182,0.6840384356390418
301,11,2,9,0.18181818181818182,0.8181818181818182,0.6840384356390418
302,11,1,10,0.09090909090909091,0.9090909090909091,0.4394969869215134
303,11,0,11,0.0,1.0,0.0
304,11,0,11,0.0,1.0,0.0
305,11,1,10,0.09090909090909091,0.9090909090909091,0.4394969869215134
306,11,4,7,0.36363636363636365,0.6363636363636364,0.9456603046006401
307,11,0,11,0.0,1.0,0.0
308,11,2,9,0.18181818181818182,0.8181818181818182,0.6840384356390418
309,11,0,11,0.0,1.0,0.0
310,11,1,10,0.09090909090909091,0.9090909090909091,0.4394969869215134
311,11,2,9,0.18181818181818182,0.8181818181818182,0.6840384356390418
312,11,1,10,0.09090909090909091,0.9090909090909091,0.4394969869215134
313,11,1,10,0.09090909090909091,0.9090909090909091,0.4394969869215134
314,11,1,10,0.09090909090909091,0.9090909090909091,0.4394969869215134
315,11,2,9,0.18181818181818182,0.8181818181818182,0.6840384356390418
316,11,1,10,0.09090909090909091,0.9090909090909091,0.4394969869215134
317,11,1,10,0.09090909090909091,0.9090909090909091,0.4394969869215134
318,11,3,8,0.2727272727272727,0.7272727272727273,0.8453509366224364
319,11,0,11,0.0,1.0,0.0
320,11,2,9,0.18181818181818182,0.8181818181818182,0.6840384356390418
321,11,2,9,0.18181818181818182,0.8181818181818182,0.6840384356390418
322,11,2,9,0.18181818181818182,0.8181818181818182,0.6840384356390418
323,11,2,9,0.18181818181818182,0.8181818181818182,0.6840384356390418
324,11,0,11,0.0,1.0,0.0
325,11,3,8,0.2727272727272727,0.7272727272727273,0.8453509366224364
326,11,0,11,0.0,1.0,0.0
327,11,1,10,0.09090909090909091,0.9090909090909091,0.4394969869215134
328,11,1,10,0.09090909090909091,0.9090909090909091,0.4394969869215134
329,11,2,9,0.18181818181818182,0.8181818181818182,0.6840384356390418
330,11,1,10,0.09090909090909091,0.9090909090909091,0.4394969869215134
331,11,1,10,0.09090909090909091,0.9090909090909091,0.4394969869215134
332,11,1,10,0.09090909090909091,0.9090909090909091,0.4394969869215134
333,11,3,8,0.2727272727272727,0.7272727272727273,0.8453509366224364
334,11,1,10,0.09090909090909091,0.9090909090909091,0.4394969869215134
335,11,2,9,0.18181818181818182,0.8181818181818182,0.6840384356390418
336,11,0,11,0.0,1.0,0.0
337,11,3,8,0.2727272727272727,0.7272727272727273,0.8453509366224364
338,11,3,8,0.2727272727272727,0.7272727272727273,0.8453509366224364
339,11,1,10,0.09090909090909091,0.9090909090909091,0.4394969869215134
340,11,2,9,0.18181818181818182,0.8181818181818182,0.6840384356390418
341,11,2,9,0.18181818181818182,0.8181818181818182,0.6840384356390418
342,11,2,9,0.18181818181818182,0.8181818181818182,0.6840384356390418
343,11,4,7,0.36363636363636365,0.6363636363636364,0.9456603046006401
344,11,4,7,0.36363636363636365,0.6363636363636364,0.9456603046006401
345,11,0,11,0.0,1.0,0.0
346,11,0,11,0.0,1.0,0.0
347,11,0,11,0.0,1.0,0.0
348,11,1,10,0.09090909090909091,0.9090909090909091,0.4394969869215134
349,11,1,10,0.09090909090909091,0.9090909090909091,0.4394969869215134
350,11,1,10,0.09090909090909091,0.9090909090909091,0.4394969869215134
351,11,3,8,0.2727272727272727,0.7272727272727273,0.8453509366224364
352,11,0,11,0.0,1.0,0.0
353,11,2,9,0.18181818181818182,0.8181818181818182,0.6840384356390418
354,11,4,7,0.36363636363636365,0.6363636363636364,0.9456603046006401
355,11,3,8,0.2727272727272727,0.7272727272727273,0.8453509366224364
356,11,1,10,0.09090909090909091,0.9090909090909091,0.4394969869215134
357,11,1,10,0.09090909090909091,0.9090909090909091,0.4394969869215134
358,11,4,7,0.36363636363636365,0.6363636363636364,0.9456603046006401
359,11,3,8,0.2727272727272727,0.7272727272727273,0.8453509366224364
360,11,2,9,0.18181818181818182,0.8181818181818182,0.6840384356390418
361,11,3,8,0.2727272727272727,0.7272727272727273,0.8453509366224364
362,11,5,6,0.45454545454545453,0.5454545454545454,0.9940302114769565
363,11,1,10,0.09090909090909091,0.9090909090909091,0.4394969869215134
364,11,0,11,0.0,1.0,0.0
365,11,2,9,0.18181818181818182,0.8181818181818182,0.6840384356390418
366,11,2,9,0.18181818181818182,0.8181818181818182,0.6840384356390418
367,11,4,7,0.36363636363636365,0.6363636363636364,0.9456603046006401
368,11,1,10,0.09090909090909091,0.9090909090909091,0.4394969869215134
369,11,1,10,0.09090909090909091,0.9090909090909091,0.4394969869215134
370,11,2,9,0.18181818181818182,0.8181818181818182,0.6840384356390418
371,11,2,9,0.18181818181818182,0.8181818181818182,0.6840384356390418
372,11,4,7,0.36363636363636365,0.6363636363636364,0.9456603046006401
373,11,0,11,0.0,1.0,0.0
374,11,2,9,0.18181818181818182,0.8181818181818182,0.6840384356390418
375,11,3,8,0.2727272727272727,0.7272727272727273,0.8453509366224364
376,11,0,11,0.0,1.0,0.0
377,11,0,11,0.0,1.0,0.0
378,11,2,9,0.18181818181818182,0.8181818181818182,0.6840384356390418
379,11,0,11,0.0,1.0,0.0
380,11,4,7,0.36363636363636365,0.6363636363636364,0.9456603046006401
381,11,2,9,0.18181818181818182,0.8181818181818182,0.6840384356390418
382,11,0,11,0.0,1.0,0.0
383,11,0,11,0.0,1.0,0.0
384,11,0,11,0.0,1.0,0.0
385,11,1,10,0.09090909090909091,0.9090909090909091,0.4394969869215134
386,11,1,10,0.09090909090909091,0.9090909090909091,0.4394969869215134
387,11,1,10,0.09090909090909091,0.9090909090909091,0.4394969869215134
388,11,2,9,0.18181818181818182,0.8181818181818182,0.6840384356390418
389,11,2,9,0.18181818181818182,0.8181818181818182,0.6840384356390418
390,11,4,7,0.36363636363636365,0.6363636363636364,0.9456603046006401
391,11,2,9,0.18181818181818182,0.8181818181818182,0.6840384356390418
392,11,2,9,0.18181818181818182,0.8181818181818182,0.6840384356390418
393,11,3,8,0.2727272727272727,0.7272727272727273,0.8453509366224364
394,11,1,10,0.09090909090909091,0.9090909090909091,0.4394969869215134
395,11,2,9,0.18181818181818182,0.8181818181818182,0.6840384356390418
396,11,3,8,0.2727272727272727,0.7272727272727273,0.8453509366224364
397,11,1,10,0.09090909090909091,0.9090909090909091,0.4394969869215134
398,11,2,9,0.18181818181818182,0.8181818181818182,0.6840384356390418
399,11,3,8,0.2727272727272727,0.7272727272727273,0.8453509366224364
400,11,0,11,0.0,1.0,0.0
401,11,1,10,0.09090909090909091,0.9090909090909091,0.4394969869215134
402,11,3,8,0.2727272727272727,0.7272727272727273,0.8453509366224364
403,11,0,11,0.0,1.0,0.0
404,11,1,10,0.09090909090909091,0.9090909090909091,0.4394969869215134
405,11,0,11,0.0,1.0,0.0
406,11,0,11,0.0,1.0,0.0
407,11,2,9,0.18181818181818182,0.8181818181818182,0.6840384356390418
408,11,2,9,0.18181818181818182,0.8181818181818182,0.6840384356390418
409,11,1,10,0.09090909090909091,0.9090909090909091,0.4394969869215134
410,11,1,10,0.09090909090909091,0.9090909090909091,0.4394969869215134
411,11,0,11,0.0,1.0,0.0
412,11,1,10,0.09090909090909091,0.9090909090909091,0.4394969869215134
413,11,1,10,0.09090909090909091,0.9090909090909091,0.4394969869215134
414,11,0,11,0.0,1.0,0.0
415,11,2,9,0.18181818181818182,0.8181818181818182,0.6840384356390418
416,11,2,9,0.18181818181818182,0.8181818181818182,0.6840384356390418
417,11,0,11,0.0,1.0,0.0
418,11,1,10,0.09090909090909091,0.9090909090909091,0.4394969869215134
419,11,3,8,0.2727272727272727,0.7272727272727273,0.8453509366224364
420,11,0,11,0.0,1.0,0.0
421,11,2,9,0.18181818181818182,0.8181818181818182,0.6840384356390418
422,11,2,9,0.18181818181818182,0.8181818181818182,0.6840384356390418
423,11,1,10,0.09090909090909091,0.9090909090909091,0.4394969869215134
424,11,1,10,0.09090909090909091,0.9090909090909091,0.4394969869215134
425,11,1,10,0.09090909090909091,0.9090909090909091,0.4394969869215134
426,11,3,8,0.2727272727272727,0.7272727272727273,0.8453509366224364
427,11,1,10,0.09090909090909091,0.9090909090909091,0.4394969869215134
428,11,2,9,0.18181818181818182,0.8181818181818182,0.6840384356390418
429,11,1,10,0.09090909090909091,0.9090909090909091,0.4394969869215134
430,11,0,11,0.0,1.0,0.0
431,11,2,9,0.18181818181818182,0.8181818181818182,0.6840384356390418
432,11,1,10,0.09090909090909091,0.9090909090909091,0.4394969869215134
433,11,0,11,0.0,1.0,0.0
434,11,1,10,0.09090909090909091,0.9090909090909091,0.4394969869215134
435,11,3,8,0.2727272727272727,0.7272727272727273,0.8453509366224364
436,11,1,10,0.09090909090909091,0.9090909090909091,0.4394969869215134
437,11,2,9,0.18181818181818182,0.8181818181818182,0.6840384356390418
438,11,1,10,0.09090909090909091,0.9090909090909091,0.4394969869215134
439,11,0,11,0.0,1.0,0.0
440,11,2,9,0.18181818181818182,0.8181818181818182,0.6840384356390418
441,11,2,9,0.18181818181818182,0.8181818181818182,0.6840384356390418
442,11,1,10,0.09090909090909091,0.9090909090909091,0.4394969869215134
443,11,0,11,0.0,1.0,0.0
444,11,3,8,0.2727272727272727,0.7272727272727273,0.8453509366224364
445,11,1,10,0.09090909090909091,0.9090909090909091,0.4394969869215134
446,11,1,10,0.09090909090909091,0.9090909090909091,0.4394969869215134
447,11,2,9,0.18181818181818182,0.8181818181818182,0.6840384356390418
448,11,2,9,0.18181818181818182,0.8181818181818182,0.6840384356390418
449,11,1,10,0.09090909090909091,0.9090909090909091,0.4394969869215134
450,11,3,8,0.2727272727272727,0.7272727272727273,0.8453509366224364
451,11,2,9,0.18181818181818182,0.8181818181818182,0.6840384356390418
452,11,2,9,0.18181818181818182,0.8181818181818182,0.6840384356390418
453,11,1,10,0.09090909090909091,0.9090909090909091,0.4394969869215134
454,11,0,11,0.0,1.0,0.0
455,11,0,11,0.0,1.0,0.0
456,11,2,9,0.18181818181818182,0.8181818181818182,0.6840384356390418
457,11,1,10,0.09090909090909091,0.9090909090909091,0.4394969869215134
458,11,1,10,0.09090909090909091,0.9090909090909091,0.4394969869215134
459,11,0,11,0.0,1.0,0.0
460,11,1,10,0.09090909090909091,0.9090909090909091,0.4394969869215134
461,11,1,10,0.09090909090909091,0.9090909090909091,0.4394969869215134
462,11,1,10,0.09090909090909091,0.9090909090909091,0.4394969869215134
463,11,2,9,0.18181818181818182,0.8181818181818182,0.6840384356390418
464,11,2,9,0.18181818181818182,0.8181818181818182,0.6840384356390418
465,11,3,8,0.2727272727272727,0.7272727272727273,0.8453509366224364
466,11,3,8,0.2727272727272727,0.7272727272727273,0.8453509366224364
467,11,2,9,0.18181818181818182,0.8181818181818182,0.6840384356390418
468,11,2,9,0.18181818181818182,0.8181818181818182,0.6840384356390418
469,11,2,9,0.18181818181818182,0.8181818181818182,0.6840384356390418
470,11,1,10,0.09090909090909091,0.9090909090909091,0.4394969869215134
471,11,0,11,0.0,1.0,0.0
472,11,2,9,0.18181818181818182,0.8181818181818182,0.6840384356390418
473,11,2,9,0.18181818181818182,0.8181818181818182,0.6840384356390418
474,11,2,9,0.18181818181818182,0.8181818181818182,0.6840384356390418
475,11,1,10,0.09090909090909091,0.9090909090909091,0.4394969869215134
476,11,3,8,0.2727272727272727,0.7272727272727273,0.8453509366224364
477,11,2,9,0.18181818181818182,0.8181818181818182,0.6840384356390418
478,11,1,10,0.09090909090909091,0.9090909090909091,0.4394969869215134
479,11,2,9,0.18181818181818182,0.8181818181818182,0.6840384356390418
480,11,3,8,0.2727272727272727,0.7272727272727273,0.8453509366224364
481,11,3,8,0.2727272727272727,0.7272727272727273,0.8453509366224364
482,11,0,11,0.0,1.0,0.0
483,11,2,9,0.18181818181818182,0.8181818181818182,0.6840384356390418
484,11,2,9,0.18181818181818182,0.8181818181818182,0.6840384356390418
485,11,2,9,0.18181818181818182,0.8181818181818182,0.6840384356390418
486,11,1,10,0.09090909090909091,0.9090909090909091,0.4394969869215134
487,11,2,9,0.18181818181818182,0.8181818181818182,0.6840384356390418
488,11,2,9,0.18181818181818182,0.8181818181818182,0.6840384356390418
489,11,2,9,0.18181818181818182,0.8181818181818182,0.6840384356390418
490,11,2,9,0.18181818181818182,0.8181818181818182,0.6840384356390418
491,11,2,9,0.18181818181818182,0.8181818181818182,0.6840384356390418
492,11,3,8,0.2727272727272727,0.7272727272727273,0.8453509366224364
493,11,0,11,0.0,1.0,0.0
494,11,2,9,0.18181818181818182,0.8181818181818182,0.6840384356390418
495,11,0,11,0.0,1.0,0.0
496,11,0,11,0.0,1.0,0.0
497,11,3,8,0.2727272727272727,0.7272727272727273,0.8453509366224364
498,11,0,11,0.0,1.0,0.0
499,11,2,9,0.18181818181818182,0.8181818181818182,0.6840384356390418
500,11,3,8,0.2727272727272727,0.7272727272727273,0.8453509366224364
501,11,3,8,0.2727272727272727,0.7272727272727273,0.8453509366224364
502,11,2,9,0.18181818181818182,0.8181818181818182,0.6840384356390418
503,11,0,11,0.0,1.0,0.0
504,11,0,11,0.0,1.0,0.0
505,11,3,8,0.2727272727272727,0.7272727272727273,0.8453509366224364
506,11,1,10,0.09090909090909091,0.9090909090909091,0.4394969869215134
507,11,4,7,0.36363636363636365,0.6363636363636364,0.9456603046006401
508,11,1,10,0.09090909090909091,0.9090909090909091,0.4394969869215134
509,11,0,11,0.0,1.0,0.0
510,11,1,10,0.09090909090909091,0.9090909090909091,0.4394969869215134
511,11,1,10,0.09090909090909091,0.9090909090909091,0.4394969869215134
512,11,1,10,0.09090909090909091,0.9090909090909091,0.4394969869215134
513,11,2,9,0.18181818181818182,0.8181818181818182,0.6840384356390418
514,11,3,8,0.2727272727272727,0.7272727272727273,0.8453509366224364
515,11,0,11,0.0,1.0,0.0
516,11,3,8,0.2727272727272727,0.7272727272727273,0.8453509366224364
517,11,4,7,0.36363636363636365,0.6363636363636364,0.9456603046006401
518,11,3,8,0.2727272727272727,0.7272727272727273,0.8453509366224364
519,11,2,9,0.18181818181818182,0.8181818181818182,0.6840384356390418
520,11,2,9,0.18181818181818182,0.8181818181818182,0.6840384356390418
521,11,4,7,0.36363636363636365,0.6363636363636364,0.9456603046006401
522,11,1,10,0.09090909090909091,0.9090909090909091,0.4394969869215134
523,11,1,10,0.09090909090909091,0.9090909090909091,0.4394969869215134
524,11,2,9,0.18181818181818182,0.8181818181818182,0.6840384356390418
525,11,1,10,0.09090909090909091,0.9090909090909091,0.4394969869215134
526,11,1,10,0.09090909090909091,0.9090909090909091,0.4394969869215134
527,11,4,7,0.36363636363636365,0.6363636363636364,0.9456603046006401
528,11,2,9,0.18181818181818182,0.8181818181818182,0.6840384356390418
529,11,1,10,0.09090909090909091,0.9090909090909091,0.4394969869215134
530,11,1,10,0.09090909090909091,0.9090909090909091,0.4394969869215134
531,11,3,8,0.2727272727272727,0.7272727272727273,0.8453509366224364
532,11,1,10,0.09090909090909091,0.9090909090909091,0.4394969869215134
533,11,3,8,0.2727272727272727,0.7272727272727273,0.8453509366224364
534,11,0,11,0.0,1.0,0.0
535,11,2,9,0.18181818181818182,0.8181818181818182,0.6840384356390418
536,11,1,10,0.09090909090909091,0.9090909090909091,0.4394969869215134
537,11,1,10,0.09090909090909091,0.9090909090909091,0.4394969869215134
538,11,3,8,0.2727272727272727,0.7272727272727273,0.8453509366224364
539,11,2,9,0.18181818181818182,0.8181818181818182,0.6840384356390418
540,11,1,10,0.09090909090909091,0.9090909090909091,0.4394969869215134
541,11,1,10,0.09090909090909091,0.9090909090909091,0.4394969869215134
542,11,1,10,0.09090909090909091,0.9090909090909091,0.4394969869215134
543,11,0,11,0.0,1.0,0.0
544,11,1,10,0.09090909090909091,0.9090909090909091,0.4394969869215134
545,11,2,9,0.18181818181818182,0.8181818181818182,0.6840384356390418
546,11,0,11,0.0,1.0,0.0
547,11,0,11,0.0,1.0,0.0
548,11,2,9,0.18181818181818182,0.8181818181818182,0.6840384356390418
549,11,0,11,0.0,1.0,0.0
550,11,1,10,0.09090909090909091,0.9090909090909091,0.4394969869215134
551,11,0,11,0.0,1.0,0.0
552,11,1,10,0.09090909090909091,0.9090909090909091,0.4394969869215134
553,11,3,8,0.2727272727272727,0.7272727272727273,0.8453509366224364
554,11,3,8,0.2727272727272727,0.7272727272727273,0.8453509366224364
555,11,0,11,0.0,1.0,0.0
556,11,1,10,0.09090909090909091,0.9090909090909091,0.4394969869215134
557,11,4,7,0.36363636363636365,0.6363636363636364,0.9456603046006401
558,11,2,9,0.18181818181818182,0.8181818181818182,0.6840384356390418
559,11,2,9,0.18181818181818182,0.8181818181818182,0.6840384356390418
560,11,1,10,0.09090909090909091,0.9090909090909091,0.4394969869215134
561,11,2,9,0.18181818181818182,0.8181818181818182,0.6840384356390418
562,11,2,9,0.18181818181818182,0.8181818181818182,0.6840384356390418
563,11,3,8,0.2727272727272727,0.7272727272727273,0.8453509366224364
564,11,2,9,0.18181818181818182,0.8181818181818182,0.6840384356390418
565,11,4,7,0.36363636363636365,0.6363636363636364,0.9456603046006401
566,11,3,8,0.2727272727272727,0.7272727272727273,0.8453509366224364
567,11,0,11,0.0,1.0,0.0
568,11,0,11,0.0,1.0,0.0
569,11,1,10,0.09090909090909091,0.9090909090909091,0.4394969869215134
570,11,1,10,0.09090909090909091,0.9090909090909091,0.4394969869215134
571,11,1,10,0.09090909090909091,0.9090909090909091,0.4394969869215134
572,11,3,8,0.2727272727272727,0.7272727272727273,0.8453509366224364
573,11,2,9,0.18181818181818182,0.8181818181818182,0.6840384356390418
574,11,1,10,0.09090909090909091,0.9090909090909091,0.4394969869215134
575,11,0,11,0.0,1.0,0.0
576,11,3,8,0.2727272727272727,0.7272727272727273,0.8453509366224364
577,11,1,10,0.09090909090909091,0.9090909090909091,0.4394969869215134
578,11,2,9,0.18181818181818182,0.8181818181818182,0.6840384356390418
579,11,0,11,0.0,1.0,0.0
580,11,3,8,0.2727272727272727,0.7272727272727273,0.8453509366224364
581,11,4,7,0.36363636363636365,0.6363636363636364,0.9456603046006401
582,11,1,10,0.09090909090909091,0.9090909090909091,0.4394969869215134
583,11,1,10,0.09090909090909091,0.9090909090909091,0.4394969869215134
584,11,0,11,0.0,1.0,0.0
585,11,1,10,0.09090909090909091,0.9090909090909091,0.4394969869215134
586,11,2,9,0.18181818181818182,0.8181818181818182,0.6840384356390418
587,11,2,9,0.18181818181818182,0.8181818181818182,0.6840384356390418
588,11,1,10,0.09090909090909091,0.9090909090909091,0.4394969869215134
589,11,1,10,0.09090909090909091,0.9090909090909091,0.4394969869215134
590,11,0,11,0.0,1.0,0.0
591,11,1,10,0.09090909090909091,0.9090909090909091,0.4394969869215134
592,11,0,11,0.0,1.0,0.0
593,11,1,10,0.09090909090909091,0.9090909090909091,0.4394969869215134
594,11,1,10,0.09090909090909091,0.9090909090909091,0.4394969869215134
595,11,1,10,0.09090909090909091,0.9090909090909091,0.4394969869215134
596,11,0,11,0.0,1.0,0.0
597,11,2,9,0.18181818181818182,0.8181818181818182,0.6840384356390418
598,11,2,9,0.18181818181818182,0.8181818181818182,0.6840384356390418
599,11,3,8,0.2727272727272727,0.7272727272727273,0.8453509366224364
600,11,1,10,0.09090909090909091,0.9090909090909091,0.4394969869215134
601,11,1,10,0.09090909090909091,0.9090909090909091,0.4394969869215134
602,11,3,8,0.2727272727272727,0.7272727272727273,0.8453509366224364
603,11,1,10,0.09090909090909091,0.9090909090909091,0.4394969869215134
604,11,1,10,0.09090909090909091,0.9090909090909091,0.4394969869215134
605,11,2,9,0.18181818181818182,0.8181818181818182,0.6840384356390418
606,11,2,9,0.18181818181818182,0.8181818181818182,0.6840384356390418
607,11,2,9,0.18181818181818182,0.8181818181818182,0.6840384356390418
608,11,1,10,0.09090909090909091,0.9090909090909091,0.4394969869215134
609,11,1,10,0.09090909090909091,0.9090909090909091,0.4394969869215134
610,11,1,10,0.09090909090909091,0.9090909090909091,0.4394969869215134
611,11,0,11,0.0,1.0,0.0
612,11,2,9,0.18181818181818182,0.8181818181818182,0.6840384356390418
613,11,2,9,0.18181818181818182,0.8181818181818182,0.6840384356390418
614,11,0,11,0.0,1.0,0.0
615,11,2,9,0.18181818181818182,0.8181818181818182,0.6840384356390418
616,11,2,9,0.18181818181818182,0.8181818181818182,0.6840384356390418
617,11,3,8,0.2727272727272727,0.7272727272727273,0.8453509366224364
618,11,1,10,0.09090909090909091,0.9090909090909091,0.4394969869215134
619,11,0,11,0.0,1.0,0.0
620,11,2,9,0.18181818181818182,0.8181818181818182,0.6840384356390418
621,11,2,9,0.18181818181818182,0.8181818181818182,0.6840384356390418
622,11,1,10,0.09090909090909091,0.9090909090909091,0.4394969869215134
623,11,1,10,0.09090909090909091,0.9090909090909091,0.4394969869215134
624,11,2,9,0.18181818181818182,0.8181818181818182,0.6840384356390418
625,11,1,10,0.09090909090909091,0.9090909090909091,0.4394969869215134
626,11,0,11,0.0,1.0,0.0
627,11,1,10,0.09090909090909091,0.9090909090909091,0.4394969869215134
628,11,1,10,0.09090909090909091,0.9090909090909091,0.4394969869215134
629,11,2,9,0.18181818181818182,0.8181818181818182,0.6840384356390418
630,11,1,10,0.09090909090909091,0.9090909090909091,0.4394969869215134
631,11,1,10,0.09090909090909091,0.9090909090909091,0.4394969869215134
632,11,2,9,0.18181818181818182,0.8181818181818182,0.6840384356390418
633,11,0,11,0.0,1.0,0.0
634,11,3,8,0.2727272727272727,0.7272727272727273,0.8453509366224364
635,11,3,8,0.2727272727272727,0.7272727272727273,0.8453509366224364
636,11,0,11,0.0,1.0,0.0
637,11,1,10,0.09090909090909091,0.9090909090909091,0.4394969869215134
638,11,3,8,0.2727272727272727,0.7272727272727273,0.8453509366224364
639,11,1,10,0.09090909090909091,0.9090909090909091,0.4394969869215134
640,11,4,7,0.36363636363636365,0.6363636363636364,0.9456603046006401
641,11,1,10,0.09090909090909091,0.9090909090909091,0.4394969869215134
642,11,2,9,0.18181818181818182,0.8181818181818182,0.6840384356390418
643,11,2,9,0.18181818181818182,0.8181818181818182,0.6840384356390418
644,11,1,10,0.09090909090909091,0.9090909090909091,0.4394969869215134
645,11,0,11,0.0,1.0,0.0
646,11,0,11,0.0,1.0,0.0
647,11,1,10,0.09090909090909091,0.9090909090909091,0.4394969869215134
648,11,2,9,0.18181818181818182,0.8181818181818182,0.6840384356390418
649,11,0,11,0.0,1.0,0.0
650,11,2,9,0.18181818181818182,0.8181818181818182,0.6840384356390418
651,11,0,11,0.0,1.0,0.0
652,11,2,9,0.18181818181818182,0.8181818181818182,0.6840384356390418
653,11,2,9,0.18181818181818182,0.8181818181818182,0.6840384356390418
654,11,1,10,0.09090909090909091,0.9090909090909091,0.4394969869215134
655,11,2,9,0.18181818181818182,0.8181818181818182,0.6840384356390418
656,11,0,11,0.0,1.0,0.0
657,11,2,9,0.18181818181818182,0.8181818181818182,0.6840384356390418
658,11,0,11,0.0,1.0,0.0
659,11,1,10,0.09090909090909091,0.9090909090909091,0.4394969869215134
660,11,0,11,0.0,1.0,0.0
661,11,1,10,0.09090909090909091,0.9090909090909091,0.4394969869215134
662,11,0,11,0.0,1.0,0.0
663,11,0,11,0.0,1.0,0.0
664,11,1,10,0.09090909090909091,0.9090909090909091,0.4394969869215134
665,11,1,10,0.09090909090909091,0.9090909090909091,0.4394969869215134
666,11,3,8,0.2727272727272727,0.7272727272727273,0.8453509366224364
667,11,0,11,0.0,1.0,0.0
668,11,2,9,0.18181818181818182,0.8181818181818182,0.6840384356390418
669,11,1,10,0.09090909090909091,0.9090909090909091,0.4394969869215134
670,11,2,9,0.18181818181818182,0.8181818181818182,0.6840384356390418
671,11,3,8,0.2727272727272727,0.7272727272727273,0.8453509366224364
672,11,0,11,0.0,1.0,0.0
673,11,2,9,0.18181818181818182,0.8181818181818182,0.6840384356390418
674,11,2,9,0.18181818181818182,0.8181818181818182,0.6840384356390418
675,11,1,10,0.09090909090909091,0.9090909090909091,0.4394969869215134
676,11,0,11,0.0,1.0,0.0
677,11,2,9,0.18181818181818182,0.8181818181818182,0.6840384356390418
678,11,2,9,0.18181818181818182,0.8181818181818182,0.6840384356390418
679,11,3,8,0.2727272727272727,0.7272727272727273,0.8453509366224364
680,11,1,10,0.09090909090909091,0.9090909090909091,0.4394969869215134
681,11,2,9,0.18181818181818182,0.8181818181818182,0.6840384356390418
682,11,2,9,0.18181818181818182,0.8181818181818182,0.6840384356390418
683,11,1,10,0.09090909090909091,0.9090909090909091,0.4394969869215134
684,11,1,10,0.09090909090909091,0.9090909090909091,0.4394969869215134
685,11,1,10,0.09090909090909091,0.9090909090909091,0.4394969869215134
686,11,3,8,0.2727272727272727,0.7272727272727273,0.8453509366224364
687,11,2,9,0.18181818181818182,0.8181818181818182,0.6840384356390418
688,11,0,11,0.0,1.0,0.0
689,11,2,9,0.18181818181818182,0.8181818181818182,0.6840384356390418
690,11,1,10,0.09090909090909091,0.9090909090909091,0.4394969869215134
691,11,2,9,0.18181818181818182,0.8181818181818182,0.6840384356390418
692,11,0,11,0.0,1.0,0.0
693,11,1,10,0.09090909090909091,0.9090909090909091,0.4394969869215134
694,11,2,9,0.18181818181818182,0.8181818181818182,0.6840384356390418
695,11,2,9,0.18181818181818182,0.8181818181818182,0.6840384356390418
696,11,0,11,0.0,1.0,0.0
697,11,1,10,0.09090909090909091,0.9090909090909091,0.4394969869215134
698,11,2,9,0.18181818181818182,0.8181818181818182,0.6840384356390418
699,11,0,11,0.0,1.0,0.0
700,11,2,9,0.18181818181818182,0.8181818181818182,0.6840384356390418
701,11,1,10,0.09090909090909091,0.9090909090909091,0.4394969869215134
702,11,0,11,0.0,1.0,0.0
703,11,2,9,0.18181818181818182,0.8181818181818182,0.6840384356390418
704,11,2,9,0.18181818181818182,0.8181818181818182,0.6840384356390418
705,11,4,7,0.36363636363636365,0.6363636363636364,0.9456603046006401
706,11,1,10,0.09090909090909091,0.9090909090909091,0.4394969869215134
707,11,0,11,0.0,1.0,0.0
708,11,1,10,0.09090909090909091,0.9090909090909091,0.4394969869215134
709,11,0,11,0.0,1.0,0.0
710,11,2,9,0.18181818181818182,0.8181818181818182,0.6840384356390418
711,11,2,9,0.18181818181818182,0.8181818181818182,0.6840384356390418
712,11,1,10,0.09090909090909091,0.9090909090909091,0.4394969869215134
713,11,1,10,0.09090909090909091,0.9090909090909091,0.4394969869215134
714,11,2,9,0.18181818181818182,0.8181818181818182,0.6840384356390418
715,11,1,10,0.09090909090909091,0.9090909090909091,0.4394969869215134
716,11,1,10,0.09090909090909091,0.9090909090909091,0.4394969869215134
717,11,0,11,0.0,1.0,0.0
718,11,1,10,0.09090909090909091,0.9090909090909091,0.4394969869215134
719,11,2,9,0.18181818181818182,0.8181818181818182,0.6840384356390418
720,11,0,11,0.0,1.0,0.0
721,11,1,10,0.09090909090909091,0.9090909090909091,0.4394969869215134
722,11,3,8,0.2727272727272727,0.7272727272727273,0.8453509366224364
723,11,3,8,0.2727272727272727,0.7272727272727273,0.8453509366224364
724,11,2,9,0.18181818181818182,0.8181818181818182,0.6840384356390418
725,11,2,9,0.18181818181818182,0.8181818181818182,0.6840384356390418
726,11,3,8,0.2727272727272727,0.7272727272727273,0.8453509366224364
727,11,0,11,0.0,1.0,0.0
728,11,0,11,0.0,1.0,0.0
729,11,1,10,0.09090909090909091,0.9090909090909091,0.4394969869215134
730,11,0,11,0.0,1.0,0.0
731,11,3,8,0.2727272727272727,0.7272727272727273,0.8453509366224364
732,11,1,10,0.09090909090909091,0.9090909090909091,0.4394969869215134
733,11,0,11,0.0,1.0,0.0
734,11,2,9,0.18181818181818182,0.8181818181818182,0.6840384356390418
735,11,1,10,0.09090909090909091,0.9090909090909091,0.4394969869215134
736,11,3,8,0.2727272727272727,0.7272727272727273,0.8453509366224364
737,11,0,11,0.0,1.0,0.0
738,11,1,10,0.09090909090909091,0.9090909090909091,0.4394969869215134
739,11,2,9,0.18181818181818182,0.8181818181818182,0.6840384356390418
740,11,1,10,0.09090909090909091,0.9090909090909091,0.4394969869215134
741,11,3,8,0.2727272727272727,0.7272727272727273,0.8453509366224364
742,11,2,9,0.18181818181818182,0.8181818181818182,0.6840384356390418
743,11,2,9,0.18181818181818182,0.8181818181818182,0.6840384356390418
744,11,3,8,0.2727272727272727,0.7272727272727273,0.8453509366224364
745,11,1,10,0.09090909090909091,0.9090909090909091,0.4394969869215134
746,11,3,8,0.2727272727272727,0.7272727272727273,0.8453509366224364
747,11,1,10,0.09090909090909091,0.9090909090909091,0.4394969869215134
748,11,1,10,0.09090909090909091,0.9090909090909091,0.4394969869215134
749,11,0,11,0.0,1.0,0.0
750,11,1,10,0.09090909090909091,0.9090909090909091,0.4394969869215134
751,11,0,11,0.0,1.0,0.0
752,11,1,10,0.09090909090909091,0.9090909090909091,0.4394969869215134
753,11,1,10,0.09090909090909091,0.9090909090909091,0.4394969869215134
754,11,3,8,0.2727272727272727,0.7272727272727273,0.8453509366224364
755,11,3,8,0.2727272727272727,0.7272727272727273,0.8453509366224364
756,11,1,10,0.09090909090909091,0.9090909090909091,0.4394969869215134
757,11,2,9,0.18181818181818182,0.8181818181818182,0.6840384356390418
758,11,0,11,0.0,1.0,0.0
759,11,0,11,0.0,1.0,0.0
760,11,3,8,0.2727272727272727,0.7272727272727273,0.8453509366224364
761,11,1,10,0.09090909090909091,0.9090909090909091,0.4394969869215134
762,11,0,11,0.0,1.0,0.0
763,11,2,9,0.18181818181818182,0.8181818181818182,0.6840384356390418
764,11,2,9,0.18181818181818182,0.8181818181818182,0.6840384356390418
765,11,1,10,0.09090909090909091,0.9090909090909091,0.4394969869215134
766,11,2,9,0.18181818181818182,0.8181818181818182,0.6840384356390418
767,11,1,10,0.09090909090909091,0.9090909090909091,0.4394969869215134
768,11,1,10,0.09090909090909091,0.9090909090909091,0.4394969869215134
769,11,0,11,0.0,1.0,0.0
770,11,0,11,0.0,1.0,0.0
771,11,1,10,0.09090909090909091,0.9090909090909091,0.4394969869215134
772,11,1,10,0.09090909090909091,0.9090909090909091,0.4394969869215134
773,11,1,10,0.09090909090909091,0.9090909090909091,0.4394969869215134
774,11,2,9,0.18181818181818182,0.8181818181818182,0.6840384356390418
775,11,1,10,0.09090909090909091,0.9090909090909091,0.4394969869215134
776,11,4,7,0.36363636363636365,0.6363636363636364,0.9456603046006401
777,11,3,8,0.2727272727272727,0.7272727272727273,0.8453509366224364
778,11,0,11,0.0,1.0,0.0
779,11,1,10,0.09090909090909091,0.9090909090909091,0.4394969869215134
780,11,1,10,0.09090909090909091,0.9090909090909091,0.4394969869215134
781,11,1,10,0.09090909090909091,0.9090909090909091,0.4394969869215134
782,11,2,9,0.18181818181818182,0.8181818181818182,0.6840384356390418
783,11,2,9,0.18181818181818182,0.8181818181818182,0.6840384356390418
784,11,2,9,0.18181818181818182,0.8181818181818182,0.6840384356390418
785,11,1,10,0.09090909090909091,0.9090909090909091,0.4394969869215134
786,11,2,9,0.18181818181818182,0.8181818181818182,0.6840384356390418
787,11,2,9,0.18181818181818182,0.8181818181818182,0.6840384356390418
788,11,1,10,0.09090909090909091,0.9090909090909091,0.4394969869215134
789,11,2,9,0.18181818181818182,0.8181818181818182,0.6840384356390418
790,11,2,9,0.18181818181818182,0.8181818181818182,0.6840384356390418
791,11,1,10,0.09090909090909091,0.9090909090909091,0.4394969869215134
792,11,0,11,0.0,1.0,0.0
793,11,4,7,0.36363636363636365,0.6363636363636364,0.9456603046006401
794,11,2,9,0.18181818181818182,0.8181818181818182,0.6840384356390418
795,11,3,8,0.2727272727272727,0.7272727272727273,0.8453509366224364
796,11,3,8,0.2727272727272727,0.7272727272727273,0.8453509366224364
797,11,3,8,0.2727272727272727,0.7272727272727273,0.8453509366224364
798,11,2,9,0.18181818181818182,0.8181818181818182,0.6840384356390418
799,11,4,7,0.36363636363636365,0.6363636363636364,0.9456603046006401
800,11,1,10,0.09090909090909091,0.9090909090909091,0.4394969869215134
801,11,2,9,0.18181818181818182,0.8181818181818182,0.6840384356390418
802,11,1,10,0.09090909090909091,0.9090909090909091,0.4394969869215134
803,11,3,8,0.2727272727272727,0.7272727272727273,0.8453509366224364
804,11,2,9,0.18181818181818182,0.8181818181818182,0.6840384356390418
805,11,1,10,0.09090909090909091,0.9090909090909091,0.4394969869215134
806,11,2,9,0.18181818181818182,0.8181818181818182,0.6840384356390418
807,11,1,10,0.09090909090909091,0.9090909090909091,0.4394969869215134
808,11,0,11,0.0,1.0,0.0
809,11,2,9,0.18181818181818182,0.8181818181818182,0.6840384356390418
810,11,4,7,0.36363636363636365,0.6363636363636364,0.9456603046006401
811,11,1,10,0.09090909090909091,0.9090909090909091,0.4394969869215134
812,11,0,11,0.0,1.0,0.0
813,11,1,10,0.09090909090909091,0.9090909090909091,0.4394969869215134
814,11,2,9,0.18181818181818182,0.8181818181818182,0.6840384356390418
815,11,0,11,0.0,1.0,0.0
816,11,2,9,0.18181818181818182,0.8181818181818182,0.6840384356390418
817,11,0,11,0.0,1.0,0.0
818,11,1,10,0.09090909090909091,0.9090909090909091,0.4394969869215134
819,11,1,10,0.09090909090909091,0.9090909090909091,0.4394969869215134
820,11,0,11,0.0,1.0,0.0
821,11,2,9,0.18181818181818182,0.8181818181818182,0.6840384356390418
822,11,1,10,0.09090909090909091,0.9090909090909091,0.4394969869215134
823,11,1,10,0.09090909090909091,0.9090909090909091,0.4394969869215134
824,11,0,11,0.0,1.0,0.0
825,11,1,10,0.09090909090909091,0.9090909090909091,0.4394969869215134
826,11,1,10,0.09090909090909091,0.9090909090909091,0.4394969869215134
827,11,1,10,0.09090909090909091,0.9090909090909091,0.4394969869215134
828,11,4,7,0.36363636363636365,0.6363636363636364,0.9456603046006401
829,11,2,9,0.18181818181818182,0.8181818181818182,0.6840384356390418
830,11,1,10,0.09090909090909091,0.9090909090909091,0.4394969869215134
831,11,1,10,0.09090909090909091,0.9090909090909091,0.4394969869215134
832,11,2,9,0.18181818181818182,0.8181818181818182,0.6840384356390418
833,11,0,11,0.0,1.0,0.0
834,11,2,9,0.18181818181818182,0.8181818181818182,0.6840384356390418
835,11,3,8,0.2727272727272727,0.7272727272727273,0.8453509366224364
836,11,0,11,0.0,1.0,0.0
837,11,1,10,0.09090909090909091,0.9090909090909091,0.4394969869215134
838,11,3,8,0.2727272727272727,0.7272727272727273,0.8453509366224364
839,11,1,10,0.09090909090909091,0.9090909090909091,0.4394969869215134
840,11,1,10,0.09090909090909091,0.9090909090909091,0.4394969869215134
841,11,1,10,0.09090909090909091,0.9090909090909091,0.4394969869215134
842,11,1,10,0.09090909090909091,0.9090909090909091,0.4394969869215134
843,11,2,9,0.18181818181818182,0.8181818181818182,0.6840384356390418
844,11,2,9,0.18181818181818182,0.8181818181818182,0.6840384356390418
845,11,0,11,0.0,1.0,0.0
846,11,2,9,0.18181818181818182,0.8181818181818182,0.6840384356390418
847,11,1,10,0.09090909090909091,0.9090909090909091,0.4394969869215134
848,11,3,8,0.2727272727272727,0.7272727272727273,0.8453509366224364
849,11,2,9,0.18181818181818182,0.8181818181818182,0.6840384356390418
850,11,3,8,0.2727272727272727,0.7272727272727273,0.8453509366224364
851,11,1,10,0.09090909090909091,0.9090909090909091,0.4394969869215134
852,11,0,11,0.0,1.0,0.0
853,11,2,9,0.18181818181818182,0.8181818181818182,0.6840384356390418
854,11,1,10,0.09090909090909091,0.9090909090909091,0.4394969869215134
855,11,0,11,0.0,1.0,0.0
856,11,4,7,0.36363636363636365,0.6363636363636364,0.9456603046006401
857,11,1,10,0.09090909090909091,0.9090909090909091,0.4394969869215134
858,11,2,9,0.18181818181818182,0.8181818181818182,0.6840384356390418
859,11,2,9,0.18181818181818182,0.8181818181818182,0.6840384356390418
860,11,1,10,0.09090909090909091,0.9090909090909091,0.4394969869215134
861,11,1,10,0.09090909090909091,0.9090909090909091,0.4394969869215134
862,11,1,10,0.09090909090909091,0.9090909090909091,0.4394969869215134
863,11,0,11,0.0,1.0,0.0
864,11,1,10,0.09090909090909091,0.9090909090909091,0.4394969869215134
865,11,1,10,0.09090909090909091,0.9090909090909091,0.4394969869215134
866,11,1,10,0.09090909090909091,0.9090909090909091,0.4394969869215134
867,11,0,11,0.0,1.0,0.0
868,11,3,8,0.2727272727272727,0.7272727272727273,0.8453509366224364
869,11,1,10,0.09090909090909091,0.9090909090909091,0.4394969869215134
870,11,2,9,0.18181818181818182,0.8181818181818182,0.6840384356390418
871,11,4,7,0.36363636363636365,0.6363636363636364,0.9456603046006401
872,11,1,10,0.09090909090909091,0.9090909090909091,0.4394969869215134
873,11,1,10,0.09090909090909091,0.9090909090909091,0.4394969869215134
874,11,4,7,0.36363636363636365,0.6363636363636364,0.9456603046006401
875,11,3,8,0.2727272727272727,0.7272727272727273,0.8453509366224364
876,11,3,8,0.2727272727272727,0.7272727272727273,0.8453509366224364
877,11,0,11,0.0,1.0,0.0
878,11,3,8,0.2727272727272727,0.7272727272727273,0.8453509366224364
879,11,0,11,0.0,1.0,0.0
880,11,1,10,0.09090909090909091,0.9090909090909091,0.4394969869215134
881,11,0,11,0.0,1.0,0.0
882,11,0,11,0.0,1.0,0.0
883,11,0,11,0.0,1.0,0.0
884,11,1,10,0.09090909090909091,0.9090909090909091,0.4394969869215134
885,11,4,7,0.36363636363636365,0.6363636363636364,0.9456603046006401
886,11,2,9,0.18181818181818182,0.8181818181818182,0.6840384356390418
887,11,2,9,0.18181818181818182,0.8181818181818182,0.6840384356390418
888,11,3,8,0.2727272727272727,0.7272727272727273,0.8453509366224364
889,11,3,8,0.2727272727272727,0.7272727272727273,0.8453509366224364
890,11,1,10,0.09090909090909091,0.9090909090909091,0.4394969869215134
891,11,2,9,0.18181818181818182,0.8181818181818182,0.6840384356390418
892,11,1,10,0.09090909090909091,0.9090909090909091,0.4394969869215134
893,11,0,11,0.0,1.0,0.0
894,11,3,8,0.2727272727272727,0.7272727272727273,0.8453509366224364
895,11,2,9,0.18181818181818182,0.8181818181818182,0.6840384356390418
896,11,1,10,0.09090909090909091,0.9090909090909091,0.4394969869215134
897,11,2,9,0.18181818181818182,0.8181818181818182,0.6840384356390418
898,11,3,8,0.2727272727272727,0.7272727272727273,0.8453509366224364
899,11,1,10,0.09090909090909091,0.9090909090909091,0.4394969869215134
900,11,0,11,0.0,1.0,0.0
901,11,4,7,0.36363636363636365,0.6363636363636364,0.9456603046006401
902,11,2,9,0.18181818181818182,0.8181818181818182,0.6840384356390418
903,11,1,10,0.09090909090909091,0.9090909090909091,0.4394969869215134
904,11,0,11,0.0,1.0,0.0
905,11,1,10,0.09090909090909091,0.9090909090909091,0.4394969869215134
906,11,3,8,0.2727272727272727,0.7272727272727273,0.8453509366224364
907,11,4,7,0.36363636363636365,0.6363636363636364,0.9456603046006401
908,11,1,10,0.09090909090909091,0.9090909090909091,0.4394969869215134
909,11,1,10,0.09090909090909091,0.9090909090909091,0.4394969869215134
910,11,3,8,0.2727272727272727,0.7272727272727273,0.8453509366224364
911,11,1,10,0.09090909090909091,0.9090909090909091,0.4394969869215134
912,11,4,7,0.36363636363636365,0.6363636363636364,0.9456603046006401
913,11,2,9,0.18181818181818182,0.8181818181818182,0.6840384356390418
914,11,1,10,0.09090909090909091,0.9090909090909091,0.4394969869215134
915,11,1,10,0.09090909090909091,0.9090909090909091,0.4394969869215134
916,11,2,9,0.18181818181818182,0.8181818181818182,0.6840384356390418
917,11,2,9,0.18181818181818182,0.8181818181818182,0.6840384356390418
918,11,2,9,0.18181818181818182,0.8181818181818182,0.6840384356390418
919,11,1,10,0.09090909090909091,0.9090909090909091,0.4394969869215134
920,11,1,10,0.09090909090909091,0.9090909090909091,0.4394969869215134
921,11,1,10,0.09090909090909091,0.9090909090909091,0.4394969869215134
922,11,2,9,0.18181818181818182,0.8181818181818182,0.6840384356390418
923,11,2,9,0.18181818181818182,0.8181818181818182,0.6840384356390418
924,11,1,10,0.09090909090909091,0.9090909090909091,0.4394969869215134
925,11,3,8,0.2727272727272727,0.7272727272727273,0.8453509366224364
926,11,0,11,0.0,1.0,0.0
927,11,3,8,0.2727272727272727,0.7272727272727273,0.8453509366224364
928,11,0,11,0.0,1.0,0.0
929,11,0,11,0.0,1.0,0.0
930,11,3,8,0.2727272727272727,0.7272727272727273,0.8453509366224364
931,11,2,9,0.18181818181818182,0.8181818181818182,0.6840384356390418
932,11,3,8,0.2727272727272727,0.7272727272727273,0.8453509366224364
933,11,1,10,0.09090909090909091,0.9090909090909091,0.4394969869215134
934,11,2,9,0.18181818181818182,0.8181818181818182,0.6840384356390418
935,11,1,10,0.09090909090909091,0.9090909090909091,0.4394969869215134
936,11,1,10,0.09090909090909091,0.9090909090909091,0.4394969869215134
937,11,2,9,0.18181818181818182,0.8181818181818182,0.6840384356390418
938,11,0,11,0.0,1.0,0.0
939,11,3,8,0.2727272727272727,0.7272727272727273,0.8453509366224364
940,11,2,9,0.18181818181818182,0.8181818181818182,0.6840384356390418
941,11,1,10,0.09090909090909091,0.9090909090909091,0.4394969869215134
942,11,1,10,0.09090909090909091,0.9090909090909091,0.4394969869215134
943,11,1,10,0.09090909090909091,0.9090909090909091,0.4394969869215134
944,11,2,9,0.18181818181818182,0.8181818181818182,0.6840384356390418
945,11,1,10,0.09090909090909091,0.9090909090909091,0.4394969869215134
946,11,1,10,0.09090909090909091,0.9090909090909091,0.4394969869215134
947,11,1,10,0.09090909090909091,0.9090909090909091,0.4394969869215134
948,11,2,9,0.18181818181818182,0.8181818181818182,0.6840384356390418
949,11,0,11,0.0,1.0,0.0
950,11,1,10,0.09090909090909091,0.9090909090909091,0.4394969869215134
951,11,2,9,0.18181818181818182,0.8181818181818182,0.6840384356390418
952,11,2,9,0.18181818181818182,0.8181818181818182,0.6840384356390418
953,11,1,10,0.09090909090909091,0.9090909090909091,0.4394969869215134
954,11,4,7,0.36363636363636365,0.6363636363636364,0.9456603046006401
955,11,2,9,0.18181818181818182,0.8181818181818182,0.6840384356390418
956,11,1,10,0.09090909090909091,0.9090909090909091,0.4394969869215134
957,11,1,10,0.09090909090909091,0.9090909090909091,0.4394969869215134
958,11,2,9,0.18181818181818182,0.8181818181818182,0.6840384356390418
959,11,2,9,0.18181818181818182,0.8181818181818182,0.6840384356390418
960,11,2,9,0.18181818181818182,0.8181818181818182,0.6840384356390418
961,11,3,8,0.2727272727272727,0.7272727272727273,0.8453509366224364
962,11,2,9,0.18181818181818182,0.8181818181818182,0.6840384356390418
963,11,1,10,0.09090909090909091,0.9090909090909091,0.4394969869215134
964,11,1,10,0.09090909090909091,0.9090909090909091,0.4394969869215134
965,11,2,9,0.18181818181818182,0.8181818181818182,0.6840384356390418
966,11,1,10,0.09090909090909091,0.9090909090909091,0.4394969869215134
967,11,3,8,0.2727272727272727,0.7272727272727273,0.8453509366224364
968,11,2,9,0.18181818181818182,0.8181818181818182,0.6840384356390418
969,11,1,10,0.09090909090909091,0.9090909090909091,0.4394969869215134
970,11,3,8,0.2727272727272727,0.7272727272727273,0.8453509366224364
971,11,1,10,0.09090909090909091,0.9090909090909091,0.4394969869215134
972,11,1,10,0.09090909090909091,0.9090909090909091,0.4394969869215134
973,11,1,10,0.09090909090909091,0.9090909090909091,0.4394969869215134
974,11,0,11,0.0,1.0,0.0
975,11,1,10,0.09090909090909091,0.9090909090909091,0.4394969869215134
976,11,4,7,0.36363636363636365,0.6363636363636364,0.9456603046006401
977,11,2,9,0.18181818181818182,0.8181818181818182,0.6840384356390418
978,11,3,8,0.2727272727272727,0.7272727272727273,0.8453509366224364
979,11,2,9,0.18181818181818182,0.8181818181818182,0.6840384356390418
980,11,1,10,0.09090909090909091,0.9090909090909091,0.4394969869215134
981,11,2,9,0.18181818181818182,0.8181818181818182,0.6840384356390418
982,11,3,8,0.2727272727272727,0.7272727272727273,0.8453509366224364
983,11,1,10,0.09090909090909091,0.9090909090909091,0.4394969869215134
984,11,1,10,0.09090909090909091,0.9090909090909091,0.4394969869215134
985,11,3,8,0.2727272727272727,0.7272727272727273,0.8453509366224364
986,11,1,10,0.09090909090909091,0.9090909090909091,0.4394969869215134
987,11,2,9,0.18181818181818182,0.8181818181818182,0.6840384356390418
988,11,1,10,0.09090909090909091,0.9090909090909091,0.4394969869215134
989,11,2,9,0.18181818181818182,0.8181818181818182,0.6840384356390418
990,11,4,7,0.36363636363636365,0.6363636363636364,0.9456603046006401
991,11,0,11,0.0,1.0,0.0
992,11,5,6,0.45454545454545453,0.5454545454545454,0.9940302114769565
993,11,1,10,0.09090909090909091,0.9090909090909091,0.4394969869215134
994,11,1,10,0.09090909090909091,0.9090909090909091,0.4394969869215134
995,11,2,9,0.18181818181818182,0.8181818181818182,0.6840384356390418
996,11,2,9,0.18181818181818182,0.8181818181818182,0.6840384356390418
997,11,3,8,0.2727272727272727,0.7272727272727273,0.8453509366224364
998,11,2,9,0.18181818181818182,0.8181818181818182,0.6840384356390418
999,11,1,10,0.09090909090909091,0.9090909090909091,0.4394969869215134
1000,11,1,10,0.09090909090909091,0.9090909090909091,0.4394969869215134
1001,11,2,9,0.18181818181818182,0.8181818181818182,0.6840384356390418
1002,11,0,11,0.0,1.0,0.0
1003,11,1,10,0.09090909090909091,0.9090909090909091,0.4394969869215134
1004,11,2,9,0.18181818181818182,0.8181818181818182,0.6840384356390418
1005,11,2,9,0.18181818181818182,0.8181818181818182,0.6840384356390418
1006,11,4,7,0.36363636363636365,0.6363636363636364,0.9456603046006401
1007,11,1,10,0.09090909090909091,0.9090909090909091,0.4394969869215134
1008,11,1,10,0.09090909090909091,0.9090909090909091,0.4394969869215134
1009,11,1,10,0.09090909090909091,0.9090909090909091,0.4394969869215134
1010,11,2,9,0.18181818181818182,0.8181818181818182,0.6840384356390418
1011,11,2,9,0.18181818181818182,0.8181818181818182,0.6840384356390418
1012,11,0,11,0.0,1.0,0.0
1013,11,2,9,0.18181818181818182,0.8181818181818182,0.6840384356390418
1014,11,1,10,0.09090909090909091,0.9090909090909091,0.4394969869215134
1015,11,4,7,0.36363636363636365,0.6363636363636364,0.9456603046006401
1016,11,1,10,0.09090909090909091,0.9090909090909091,0.4394969869215134
1017,11,1,10,0.09090909090909091,0.9090909090909091,0.4394969869215134
1018,11,0,11,0.0,1.0,0.0
1019,11,1,10,0.09090909090909091,0.9090909090909091,0.4394969869215134
1020,11,4,7,0.36363636363636365,0.6363636363636364,0.9456603046006401
1021,11,3,8,0.2727272727272727,0.7272727272727273,0.8453509366224364
1022,11,2,9,0.18181818181818182,0.8181818181818182,0.6840384356390418
1023,11,2,9,0.18181818181818182,0.8181818181818182,0.6840384356390418
1024,11,0,11,0.0,1.0,0.0
1025,11,2,9,0.18181818181818182,0.8181818181818182,0.6840384356390418
1026,11,0,11,0.0,1.0,0.0
1027,11,1,10,0.09090909090909091,0.9090909090909091,0.4394969869215134
1028,11,0,11,0.0,1.0,0.0
1029,11,0,11,0.0,1.0,0.0
1030,11,2,9,0.18181818181818182,0.8181818181818182,0.6840384356390418
1031,11,2,9,0.18181818181818182,0.8181818181818182,0.6840384356390418
1032,11,3,8,0.2727272727272727,0.7272727272727273,0.8453509366224364
1033,11,3,8,0.2727272727272727,0.7272727272727273,0.8453509366224364
1034,11,0,11,0.0,1.0,0.0
1035,11,2,9,0.18181818181818182,0.8181818181818182,0.6840384356390418
1036,11,4,7,0.36363636363636365,0.6363636363636364,0.9456603046006401
1037,11,1,10,0.09090909090909091,0.9090909090909091,0.4394969869215134
1038,11,2,9,0.18181818181818182,0.8181818181818182,0.6840384356390418
1039,11,3,8,0.2727272727272727,0.7272727272727273,0.8453509366224364
1040,11,1,10,0.09090909090909091,0.9090909090909091,0.4394969869215134
1041,11,3,8,0.2727272727272727,0.7272727272727273,0.8453509366224364
1042,11,2,9,0.18181818181818182,0.8181818181818182,0.6840384356390418
1043,11,0,11,0.0,1.0,0.0
1044,11,3,8,0.2727272727272727,0.7272727272727273,0.8453509366224364
1045,11,1,10,0.09090909090909091,0.9090909090909091,0.4394969869215134
1046,11,2,9,0.18181818181818182,0.8181818181818182,0.6840384356390418
1047,11,2,9,0.18181818181818182,0.8181818181818182,0.6840384356390418
1048,11,1,10,0.09090909090909091,0.9090909090909091,0.4394969869215134
1049,11,1,10,0.09090909090909091,0.9090909090909091,0.4394969869215134
1050,11,0,11,0.0,1.0,0.0
1051,11,2,9,0.18181818181818182,0.8181818181818182,0.6840384356390418
1052,11,0,11,0.0,1.0,0.0
1053,11,0,11,0.0,1.0,0.0
1054,11,1,10,0.09090909090909091,0.9090909090909091,0.4394969869215134
1055,11,1,10,0.09090909090909091,0.9090909090909091,0.4394969869215134
1056,11,0,11,0.0,1.0,0.0
1057,11,0,11,0.0,1.0,0.0
1058,11,0,11,0.0,1.0,0.0
1059,11,2,9,0.18181818181818182,0.8181818181818182,0.6840384356390418
1060,11,1,10,0.09090909090909091,0.9090909090909091,0.4394969869215134
1061,11,2,9,0.18181818181818182,0.8181818181818182,0.6840384356390418
1062,11,1,10,0.09090909090909091,0.9090909090909091,0.4394969869215134
1063,11,2,9,0.18181818181818182,0.8181818181818182,0.6840384356390418
1064,11,0,11,0.0,1.0,0.0
1065,11,1,10,0.09090909090909091,0.9090909090909091,0.4394969869215134
1066,11,2,9,0.18181818181818182,0.8181818181818182,0.6840384356390418
1067,11,2,9,0.18181818181818182,0.8181818181818182,0.6840384356390418
1068,11,1,10,0.09090909090909091,0.9090909090909091,0.4394969869215134
1069,11,1,10,0.09090909090909091,0.9090909090909091,0.4394969869215134
1070,11,1,10,0.09090909090909091,0.9090909090909091,0.4394969869215134
1071,11,2,9,0.18181818181818182,0.8181818181818182,0.6840384356390418
1072,11,2,9,0.18181818181818182,0.8181818181818182,0.6840384356390418
1073,11,1,10,0.09090909090909091,0.9090909090909091,0.4394969869215134
1074,11,3,8,0.2727272727272727,0.7272727272727273,0.8453509366224364
1075,11,2,9,0.18181818181818182,0.8181818181818182,0.6840384356390418
1076,11,1,10,0.09090909090909091,0.9090909090909091,0.4394969869215134
1077,11,2,9,0.18181818181818182,0.8181818181818182,0.6840384356390418
1078,11,0,11,0.0,1.0,0.0
1079,11,1,10,0.09090909090909091,0.9090909090909091,0.4394969869215134
1080,11,2,9,0.18181818181818182,0.8181818181818182,0.6840384356390418
1081,11,0,11,0.0,1.0,0.0
1082,11,1,10,0.09090909090909091,0.9090909090909091,0.4394969869215134
1083,11,1,10,0.09090909090909091,0.9090909090909091,0.4394969869215134
1084,11,2,9,0.18181818181818182,0.8181818181818182,0.6840384356390418
1085,11,1,10,0.09090909090909091,0.9090909090909091,0.4394969869215134
1086,11,3,8,0.2727272727272727,0.7272727272727273,0.8453509366224364
1087,11,2,9,0.18181818181818182,0.8181818181818182,0.6840384356390418
1088,11,2,9,0.18181818181818182,0.8181818181818182,0.6840384356390418
1089,11,1,10,0.09090909090909091,0.9090909090909091,0.4394969869215134
1090,11,2,9,0.18181818181818182,0.8181818181818182,0.6840384356390418
1091,11,3,8,0.2727272727272727,0.7272727272727273,0.8453509366224364
1092,11,0,11,0.0,1.0,0.0
1093,11,1,10,0.09090909090909091,0.9090909090909091,0.4394969869215134
1094,11,3,8,0.2727272727272727,0.7272727272727273,0.8453509366224364
1095,11,1,10,0.09090909090909091,0.9090909090909091,0.4394969869215134
1096,11,2,9,0.18181818181818182,0.8181818181818182,0.6840384356390418
1097,11,4,7,0.36363636363636365,0.6363636363636364,0.9456603046006401
1098,11,1,10,0.09090909090909091,0.9090909090909091,0.4394969869215134
1099,11,2,9,0.18181818181818182,0.8181818181818182,0.6840384356390418
1100,11,0,11,0.0,1.0,0.0
1101,11,2,9,0.18181818181818182,0.8181818181818182,0.6840384356390418
1102,11,1,10,0.09090909090909091,0.9090909090909091,0.4394969869215134
1103,11,2,9,0.18181818181818182,0.8181818181818182,0.6840384356390418
1104,11,2,9,0.18181818181818182,0.8181818181818182,0.6840384356390418
1105,11,2,9,0.18181818181818182,0.8181818181818182,0.6840384356390418
1106,11,1,10,0.09090909090909091,0.9090909090909091,0.4394969869215134
1107,11,2,9,0.18181818181818182,0.8181818181818182,0.6840384356390418
1108,11,1,10,0.09090909090909091,0.9090909090909091,0.4394969869215134
1109,11,0,11,0.0,1.0,0.0
1110,11,2,9,0.18181818181818182,0.8181818181818182,0.6840384356390418
1111,11,2,9,0.18181818181818182,0.8181818181818182,0.6840384356390418
1112,11,3,8,0.2727272727272727,0.7272727272727273,0.8453509366224364
1113,11,1,10,0.09090909090909091,0.9090909090909091,0.4394969869215134
1114,11,0,11,0.0,1.0,0.0
1115,11,2,9,0.18181818181818182,0.8181818181818182,0.6840384356390418
1116,11,0,11,0.0,1.0,0.0
1117,11,1,10,0.09090909090909091,0.9090909090909091,0.4394969869215134
1118,11,1,10,0.09090909090909091,0.9090909090909091,0.4394969869215134
1119,11,4,7,0.36363636363636365,0.6363636363636364,0.9456603046006401
1120,11,0,11,0.0,1.0,0.0
1121,11,1,10,0.09090909090909091,0.9090909090909091,0.4394969869215134
1122,11,3,8,0.2727272727272727,0.7272727272727273,0.8453509366224364
1123,11,2,9,0.18181818181818182,0.8181818181818182,0.6840384356390418
1124,11,3,8,0.2727272727272727,0.7272727272727273,0.8453509366224364
1125,11,3,8,0.2727272727272727,0.7272727272727273,0.8453509366224364
1126,11,2,9,0.18181818181818182,0.8181818181818182,0.6840384356390418
1127,11,2,9,0.18181818181818182,0.8181818181818182,0.6840384356390418
1128,11,0,11,0.0,1.0,0.0
1129,11,2,9,0.18181818181818182,0.8181818181818182,0.6840384356390418
1130,11,2,9,0.18181818181818182,0.8181818181818182,0.6840384356390418
1131,11,2,9,0.18181818181818182,0.8181818181818182,0.6840384356390418
1132,11,2,9,0.18181818181818182,0.8181818181818182,0.6840384356390418
1133,11,4,7,0.36363636363636365,0.6363636363636364,0.9456603046006401
1134,11,2,9,0.18181818181818182,0.8181818181818182,0.6840384356390418
1135,11,1,10,0.09090909090909091,0.9090909090909091,0.4394969869215134
1136,11,3,8,0.2727272727272727,0.7272727272727273,0.8453509366224364
1137,11,0,11,0.0,1.0,0.0
1138,11,0,11,0.0,1.0,0.0
1139,11,2,9,0.18181818181818182,0.8181818181818182,0.6840384356390418
1140,11,0,11,0.0,1.0,0.0
1141,11,2,9,0.18181818181818182,0.8181818181818182,0.6840384356390418
1142,11,1,10,0.09090909090909091,0.9090909090909091,0.4394969869215134
1143,11,2,9,0.18181818181818182,0.8181818181818182,0.6840384356390418
1144,11,2,9,0.18181818181818182,0.8181818181818182,0.6840384356390418
1145,11,3,8,0.2727272727272727,0.7272727272727273,0.8453509366224364
1146,11,3,8,0.2727272727272727,0.7272727272727273,0.8453509366224364
1147,11,2,9,0.18181818181818182,0.8181818181818182,0.6840384356390418
1148,11,3,8,0.2727272727272727,0.7272727272727273,0.8453509366224364
1149,11,1,10,0.09090909090909091,0.9090909090909091,0.4394969869215134
1150,11,1,10,0.09090909090909091,0.9090909090909091,0.4394969869215134
1151,11,1,10,0.09090909090909091,0.9090909090909091,0.4394969869215134
1152,11,0,11,0.0,1.0,0.0
1153,11,1,10,0.09090909090909091,0.9090909090909091,0.4394969869215134
1154,11,2,9,0.18181818181818182,0.8181818181818182,0.6840384356390418
1155,11,2,9,0.18181818181818182,0.8181818181818182,0.6840384356390418
1156,11,1,10,0.09090909090909091,0.9090909090909091,0.4394969869215134
1157,11,3,8,0.2727272727272727,0.7272727272727273,0.8453509366224364
1158,11,1,10,0.09090909090909091,0.9090909090909091,0.4394969869215134
1159,11,1,10,0.09090909090909091,0.9090909090909091,0.4394969869215134
1160,11,0,11,0.0,1.0,0.0
1161,11,0,11,0.0,1.0,0.0
1162,11,1,10,0.09090909090909091,0.9090909090909091,0.4394969869215134
1163,11,1,10,0.09090909090909091,0.9090909090909091,0.4394969869215134
1164,11,1,10,0.09090909090909091,0.9090909090909091,0.4394969869215134
1165,11,0,11,0.0,1.0,0.0
1166,11,2,9,0.18181818181818182,0.8181818181818182,0.6840384356390418
1167,11,2,9,0.18181818181818182,0.8181818181818182,0.6840384356390418
1168,11,1,10,0.09090909090909091,0.9090909090909091,0.4394969869215134
1169,11,2,9,0.18181818181818182,0.8181818181818182,0.6840384356390418
1170,11,1,10,0.09090909090909091,0.9090909090909091,0.4394969869215134
1171,11,1,10,0.09090909090909091,0.9090909090909091,0.4394969869215134
1172,11,2,9,0.18181818181818182,0.8181818181818182,0.6840384356390418
1173,11,1,10,0.09090909090909091,0.9090909090909091,0.4394969869215134
1174,11,1,10,0.09090909090909091,0.9090909090909091,0.4394969869215134
1175,11,2,9,0.18181818181818182,0.8181818181818182,0.6840384356390418
1176,11,3,8,0.2727272727272727,0.7272727272727273,0.8453509366224364
1177,11,2,9,0.18181818181818182,0.8181818181818182,0.6840384356390418
1178,11,1,10,0.09090909090909091,0.9090909090909091,0.4394969869215134
1179,11,2,9,0.18181818181818182,0.8181818181818182,0.6840384356390418
1180,11,2,9,0.18181818181818182,0.8181818181818182,0.6840384356390418
1181,11,1,10,0.09090909090909091,0.9090909090909091,0.4394969869215134
1182,11,1,10,0.09090909090909091,0.9090909090909091,0.4394969869215134
1183,11,3,8,0.2727272727272727,0.7272727272727273,0.8453509366224364
1184,11,4,7,0.36363636363636365,0.6363636363636364,0.9456603046006401
1185,11,2,9,0.18181818181818182,0.8181818181818182,0.6840384356390418
1186,11,2,9,0.18181818181818182,0.8181818181818182,0.6840384356390418
1187,11,2,9,0.18181818181818182,0.8181818181818182,0.6840384356390418
1188,11,3,8,0.2727272727272727,0.7272727272727273,0.8453509366224364
1189,11,1,10,0.09090909090909091,0.9090909090909091,0.4394969869215134
1190,11,1,10,0.09090909090909091,0.9090909090909091,0.4394969869215134
1191,11,1,10,0.09090909090909091,0.9090909090909091,0.4394969869215134
1192,11,1,10,0.09090909090909091,0.9090909090909091,0.4394969869215134
1193,11,1,10,0.09090909090909091,0.9090909090909091,0.4394969869215134
1194,11,1,10,0.09090909090909091,0.9090909090909091,0.4394969869215134
1195,11,2,9,0.18181818181818182,0.8181818181818182,0.6840384356390418
1196,11,3,8,0.2727272727272727,0.7272727272727273,0.8453509366224364
1197,11,1,10,0.09090909090909091,0.9090909090909091,0.4394969869215134
1198,11,2,9,0.18181818181818182,0.8181818181818182,0.6840384356390418
1199,11,2,9,0.18181818181818182,0.8181818181818182,0.6840384356390418
1200,11,2,9,0.18181818181818182,0.8181818181818182,0.6840384356390418
1201,11,2,9,0.18181818181818182,0.8181818181818182,0.6840384356390418
1202,11,2,9,0.18181818181818182,0.8181818181818182,0.6840384356390418
1203,11,2,9,0.18181818181818182,0.8181818181818182,0.6840384356390418
1204,11,1,10,0.09090909090909091,0.9090909090909091,0.4394969869215134
1205,11,2,9,0.18181818181818182,0.8181818181818182,0.6840384356390418
1206,11,0,11,0.0,1.0,0.0
1207,11,2,9,0.18181818181818182,0.8181818181818182,0.6840384356390418
1208,11,2,9,0.18181818181818182,0.8181818181818182,0.6840384356390418
1209,11,2,9,0.18181818181818182,0.8181818181818182,0.6840384356390418
1210,11,1,10,0.09090909090909091,0.9090909090909091,0.4394969869215134
1211,11,1,10,0.09090909090909091,0.9090909090909091,0.4394969869215134
1212,11,1,10,0.09090909090909091,0.9090909090909091,0.4394969869215134
1213,11,4,7,0.36363636363636365,0.6363636363636364,0.9456603046006401
1214,11,1,10,0.09090909090909091,0.9090909090909091,0.4394969869215134
1215,11,1,10,0.09090909090909091,0.9090909090909091,0.4394969869215134
1216,11,1,10,0.09090909090909091,0.9090909090909091,0.4394969869215134
1217,11,2,9,0.18181818181818182,0.8181818181818182,0.6840384356390418
1218,11,2,9,0.18181818181818182,0.8181818181818182,0.6840384356390418
1219,11,1,10,0.09090909090909091,0.9090909090909091,0.4394969869215134
1220,11,2,9,0.18181818181818182,0.8181818181818182,0.6840384356390418
1221,11,2,9,0.18181818181818182,0.8181818181818182,0.6840384356390418
1222,11,0,11,0.0,1.0,0.0
1223,11,3,8,0.2727272727272727,0.7272727272727273,0.8453509366224364
1224,11,3,8,0.2727272727272727,0.7272727272727273,0.8453509366224364
1225,11,2,9,0.18181818181818182,0.8181818181818182,0.6840384356390418
1226,11,2,9,0.18181818181818182,0.8181818181818182,0.6840384356390418
1227,11,1,10,0.09090909090909091,0.9090909090909091,0.4394969869215134
1228,11,3,8,0.2727272727272727,0.7272727272727273,0.8453509366224364
1229,11,1,10,0.09090909090909091,0.9090909090909091,0.4394969869215134
1230,11,2,9,0.18181818181818182,0.8181818181818182,0.6840384356390418
1231,11,2,9,0.18181818181818182,0.8181818181818182,0.6840384356390418
1232,11,5,6,0.45454545454545453,0.5454545454545454,0.9940302114769565
1233,11,5,6,0.45454545454545453,0.5454545454545454,0.9940302114769565
1234,11,5,6,0.45454545454545453,0.5454545454545454,0.9940302114769565
1235,11,1,10,0.09090909090909091,0.9090909090909091,0.4394969869215134
1236,11,1,10,0.09090909090909091,0.9090909090909091,0.4394969869215134
1237,11,2,9,0.18181818181818182,0.8181818181818182,0.6840384356390418
1238,11,1,10,0.09090909090909091,0.9090909090909091,0.4394969869215134
1239,11,1,10,0.09090909090909091,0.9090909090909091,0.4394969869215134
1240,11,0,11,0.0,1.0,0.0
1241,11,2,9,0.18181818181818182,0.8181818181818182,0.6840384356390418
1242,11,3,8,0.2727272727272727,0.7272727272727273,0.8453509366224364
1243,11,2,9,0.18181818181818182,0.8181818181818182,0.6840384356390418
1244,11,2,9,0.18181818181818182,0.8181818181818182,0.6840384356390418
1245,11,2,9,0.18181818181818182,0.8181818181818182,0.6840384356390418
1246,11,1,10,0.09090909090909091,0.9090909090909091,0.4394969869215134
1247,11,3,8,0.2727272727272727,0.7272727272727273,0.8453509366224364
1248,11,1,10,0.09090909090909091,0.9090909090909091,0.4394969869215134
1249,11,3,8,0.2727272727272727,0.7272727272727273,0.8453509366224364
1250,11,2,9,0.18181818181818182,0.8181818181818182,0.6840384356390418
1251,11,0,11,0.0,1.0,0.0
1252,11,2,9,0.18181818181818182,0.8181818181818182,0.6840384356390418
1253,11,3,8,0.2727272727272727,0.7272727272727273,0.8453509366224364
1254,11,0,11,0.0,1.0,0.0
1255,11,3,8,0.2727272727272727,0.7272727272727273,0.8453509366224364
1256,11,2,9,0.18181818181818182,0.8181818181818182,0.6840384356390418
1257,11,0,11,0.0,1.0,0.0
1258,11,3,8,0.2727272727272727,0.7272727272727273,0.8453509366224364
1259,11,3,8,0.2727272727272727,0.7272727272727273,0.8453509366224364
1260,11,2,9,0.18181818181818182,0.8181818181818182,0.6840384356390418
1261,11,2,9,0.18181818181818182,0.8181818181818182,0.6840384356390418
1262,11,0,11,0.0,1.0,0.0
1263,11,2,9,0.18181818181818182,0.8181818181818182,0.6840384356390418
1264,11,3,8,0.2727272727272727,0.7272727272727273,0.8453509366224364
1265,11,1,10,0.09090909090909091,0.9090909090909091,0.4394969869215134
1266,11,2,9,0.18181818181818182,0.8181818181818182,0.6840384356390418
1267,11,1,10,0.09090909090909091,0.9090909090909091,0.4394969869215134
1268,11,1,10,0.09090909090909091,0.9090909090909091,0.4394969869215134
1269,11,0,11,0.0,1.0,0.0
1270,11,0,11,0.0,1.0,0.0
1271,11,1,10,0.09090909090909091,0.9090909090909091,0.4394969869215134
1272,11,2,9,0.18181818181818182,0.8181818181818182,0.6840384356390418
1273,11,1,10,0.09090909090909091,0.9090909090909091,0.4394969869215134
1274,11,1,10,0.09090909090909091,0.9090909090909091,0.4394969869215134
1275,11,1,10,0.09090909090909091,0.9090909090909091,0.4394969869215134
1276,11,2,9,0.18181818181818182,0.8181818181818182,0.6840384356390418
1277,11,1,10,0.09090909090909091,0.9090909090909091,0.4394969869215134
1278,11,2,9,0.18181818181818182,0.8181818181818182,0.6840384356390418
1279,11,1,10,0.09090909090909091,0.9090909090909091,0.4394969869215134
1280,11,2,9,0.18181818181818182,0.8181818181818182,0.6840384356390418
1281,11,3,8,0.2727272727272727,0.7272727272727273,0.8453509366224364
1282,11,1,10,0.09090909090909091,0.9090909090909091,0.4394969869215134
1283,11,2,9,0.18181818181818182,0.8181818181818182,0.6840384356390418
1284,11,1,10,0.09090909090909091,0.9090909090909091,0.4394969869215134
1285,11,1,10,0.09090909090909091,0.9090909090909091,0.4394969869215134
1286,11,2,9,0.18181818181818182,0.8181818181818182,0.6840384356390418
1287,11,0,11,0.0,1.0,0.0
1288,11,2,9,0.18181818181818182,0.8181818181818182,0.6840384356390418
1289,11,3,8,0.2727272727272727,0.7272727272727273,0.8453509366224364
1290,11,0,11,0.0,1.0,0.0
1291,11,1,10,0.09090909090909091,0.9090909090909091,0.4394969869215134
1292,11,3,8,0.2727272727272727,0.7272727272727273,0.8453509366224364
1293,11,1,10,0.09090909090909091,0.9090909090909091,0.4394969869215134
1294,11,3,8,0.2727272727272727,0.7272727272727273,0.8453509366224364
1295,11,0,11,0.0,1.0,0.0
1296,11,3,8,0.2727272727272727,0.7272727272727273,0.8453509366224364
1297,11,2,9,0.18181818181818182,0.8181818181818182,0.6840384356390418
1298,11,1,10,0.09090909090909091,0.9090909090909091,0.4394969869215134
1299,11,3,8,0.2727272727272727,0.7272727272727273,0.8453509366224364
1300,11,3,8,0.2727272727272727,0.7272727272727273,0.8453509366224364
1301,11,3,8,0.2727272727272727,0.7272727272727273,0.8453509366224364
1302,11,4,7,0.36363636363636365,0.6363636363636364,0.9456603046006401
1303,11,1,10,0.09090909090909091,0.9090909090909091,0.4394969869215134
1304,11,0,11,0.0,1.0,0.0
1305,11,1,10,0.09090909090909091,0.9090909090909091,0.4394969869215134
1306,11,1,10,0.09090909090909091,0.9090909090909091,0.4394969869215134
1307,11,2,9,0.18181818181818182,0.8181818181818182,0.6840384356390418
1308,11,3,8,0.2727272727272727,0.7272727272727273,0.8453509366224364
1309,11,1,10,0.09090909090909091,0.9090909090909091,0.4394969869215134
1310,11,2,9,0.18181818181818182,0.8181818181818182,0.6840384356390418
1311,11,4,7,0.36363636363636365,0.6363636363636364,0.9456603046006401
1312,11,3,8,0.2727272727272727,0.7272727272727273,0.8453509366224364
1313,11,2,9,0.18181818181818182,0.8181818181818182,0.6840384356390418
1314,11,0,11,0.0,1.0,0.0
1315,11,3,8,0.2727272727272727,0.7272727272727273,0.8453509366224364
1316,11,4,7,0.36363636363636365,0.6363636363636364,0.9456603046006401
1317,11,2,9,0.18181818181818182,0.8181818181818182,0.6840384356390418
1318,11,1,10,0.09090909090909091,0.9090909090909091,0.4394969869215134
1319,11,2,9,0.18181818181818182,0.8181818181818182,0.6840384356390418
1320,11,2,9,0.18181818181818182,0.8181818181818182,0.6840384356390418
1321,11,1,10,0.09090909090909091,0.9090909090909091,0.4394969869215134
1322,11,1,10,0.09090909090909091,0.9090909090909091,0.4394969869215134
1323,11,1,10,0.09090909090909091,0.9090909090909091,0.4394969869215134
1324,11,2,9,0.18181818181818182,0.8181818181818182,0.6840384356390418
1325,11,1,10,0.09090909090909091,0.9090909090909091,0.4394969869215134
1326,11,1,10,0.09090909090909091,0.9090909090909091,0.4394969869215134
1327,11,0,11,0.0,1.0,0.0
1328,11,2,9,0.18181818181818182,0.8181818181818182,0.6840384356390418
1329,11,1,10,0.09090909090909091,0.9090909090909091,0.4394969869215134
1330,11,3,8,0.2727272727272727,0.7272727272727273,0.8453509366224364
1331,11,1,10,0.09090909090909091,0.9090909090909091,0.4394969869215134
1332,11,1,10,0.09090909090909091,0.9090909090909091,0.4394969869215134
1333,11,2,9,0.18181818181818182,0.8181818181818182,0.6840384356390418
1334,11,0,11,0.0,1.0,0.0
1335,11,2,9,0.18181818181818182,0.8181818181818182,0.6840384356390418
1336,11,0,11,0.0,1.0,0.0
1337,11,1,10,0.09090909090909091,0.9090909090909091,0.4394969869215134
1338,11,2,9,0.18181818181818182,0.8181818181818182,0.6840384356390418
1339,11,4,7,0.36363636363636365,0.6363636363636364,0.9456603046006401
1340,11,1,10,0.09090909090909091,0.9090909090909091,0.4394969869215134
1341,11,2,9,0.18181818181818182,0.8181818181818182,0.6840384356390418
1342,11,1,10,0.09090909090909091,0.9090909090909091,0.4394969869215134
1343,11,4,7,0.36363636363636365,0.6363636363636364,0.9456603046006401
1344,11,1,10,0.09090909090909091,0.9090909090909091,0.4394969869215134
1345,11,3,8,0.2727272727272727,0.7272727272727273,0.8453509366224364
1346,11,2,9,0.18181818181818182,0.8181818181818182,0.6840384356390418
1347,11,1,10,0.09090909090909091,0.9090909090909091,0.4394969869215134
1348,11,2,9,0.18181818181818182,0.8181818181818182,0.6840384356390418
1349,11,2,9,0.18181818181818182,0.8181818181818182,0.6840384356390418
1350,11,2,9,0.18181818181818182,0.8181818181818182,0.6840384356390418
1351,11,2,9,0.18181818181818182,0.8181818181818182,0.6840384356390418
1352,11,1,10,0.09090909090909091,0.9090909090909091,0.4394969869215134
1353,11,2,9,0.18181818181818182,0.8181818181818182,0.6840384356390418
1354,11,3,8,0.2727272727272727,0.7272727272727273,0.8453509366224364
1355,11,3,8,0.2727272727272727,0.7272727272727273,0.8453509366224364
1356,11,3,8,0.2727272727272727,0.7272727272727273,0.8453509366224364
1357,11,1,10,0.09090909090909091,0.9090909090909091,0.4394969869215134
1358,11,2,9,0.18181818181818182,0.8181818181818182,0.6840384356390418
1359,11,1,10,0.09090909090909091,0.9090909090909091,0.4394969869215134
1360,11,1,10,0.09090909090909091,0.9090909090909091,0.4394969869215134
1361,11,4,7,0.36363636363636365,0.6363636363636364,0.9456603046006401
1362,11,3,8,0.2727272727272727,0.7272727272727273,0.8453509366224364
1363,11,4,7,0.36363636363636365,0.6363636363636364,0.9456603046006401
1364,11,1,10,0.09090909090909091,0.9090909090909091,0.4394969869215134
1365,11,2,9,0.18181818181818182,0.8181818181818182,0.6840384356390418
1366,11,0,11,0.0,1.0,0.0
1367,11,1,10,0.09090909090909091,0.9090909090909091,0.4394969869215134
1368,11,0,11,0.0,1.0,0.0
1369,11,0,11,0.0,1.0,0.0
1370,11,2,9,0.18181818181818182,0.8181818181818182,0.6840384356390418
1371,11,1,10,0.09090909090909091,0.9090909090909091,0.4394969869215134
1372,11,0,11,0.0,1.0,0.0
1373,11,2,9,0.18181818181818182,0.8181818181818182,0.6840384356390418
1374,11,3,8,0.2727272727272727,0.7272727272727273,0.8453509366224364
1375,11,4,7,0.36363636363636365,0.6363636363636364,0.9456603046006401
1376,11,0,11,0.0,1.0,0.0
1377,11,0,11,0.0,1.0,0.0
1378,11,4,7,0.36363636363636365,0.6363636363636364,0.9456603046006401
1379,11,2,9,0.18181818181818182,0.8181818181818182,0.6840384356390418
1380,11,2,9,0.18181818181818182,0.8181818181818182,0.6840384356390418
1381,11,1,10,0.09090909090909091,0.9090909090909091,0.4394969869215134
1382,11,0,11,0.0,1.0,0.0
1383,11,1,10,0.09090909090909091,0.9090909090909091,0.4394969869215134
1384,11,3,8,0.2727272727272727,0.7272727272727273,0.8453509366224364
1385,11,1,10,0.09090909090909091,0.9090909090909091,0.4394969869215134
1386,11,2,9,0.18181818181818182,0.8181818181818182,0.6840384356390418
1387,11,1,10,0.09090909090909091,0.9090909090909091,0.4394969869215134
1388,11,1,10,0.09090909090909091,0.9090909090909091,0.4394969869215134
1389,11,2,9,0.18181818181818182,0.8181818181818182,0.6840384356390418
1390,11,2,9,0.18181818181818182,0.8181818181818182,0.6840384356390418
1391,11,0,11,0.0,1.0,0.0
1392,11,1,10,0.09090909090909091,0.9090909090909091,0.4394969869215134
1393,11,2,9,0.18181818181818182,0.8181818181818182,0.6840384356390418
1394,11,3,8,0.2727272727272727,0.7272727272727273,0.8453509366224364
1395,11,1,10,0.09090909090909091,0.9090909090909091,0.4394969869215134
1396,11,0,11,0.0,1.0,0.0
1397,11,2,9,0.18181818181818182,0.8181818181818182,0.6840384356390418
1398,11,5,6,0.45454545454545453,0.5454545454545454,0.9940302114769565
1399,11,1,10,0.09090909090909091,0.9090909090909091,0.4394969869215134
1400,11,0,11,0.0,1.0,0.0
1401,11,0,11,0.0,1.0,0.0
1402,11,0,11,0.0,1.0,0.0
1403,11,2,9,0.18181818181818182,0.8181818181818182,0.6840384356390418
1404,11,2,9,0.18181818181818182,0.8181818181818182,0.6840384356390418
1405,11,1,10,0.09090909090909091,0.9090909090909091,0.4394969869215134
1406,11,2,9,0.18181818181818182,0.8181818181818182,0.6840384356390418
1407,11,2,9,0.18181818181818182,0.8181818181818182,0.6840384356390418
1408,11,0,11,0.0,1.0,0.0
1409,11,1,10,0.09090909090909091,0.9090909090909091,0.4394969869215134
1410,11,1,10,0.09090909090909091,0.9090909090909091,0.4394969869215134
1411,11,1,10,0.09090909090909091,0.9090909090909091,0.4394969869215134
1412,11,2,9,0.18181818181818182,0.8181818181818182,0.6840384356390418
1413,11,2,9,0.18181818181818182,0.8181818181818182,0.6840384356390418
1414,11,2,9,0.18181818181818182,0.8181818181818182,0.6840384356390418
1415,11,1,10,0.09090909090909091,0.9090909090909091,0.4394969869215134
1416,11,3,8,0.2727272727272727,0.7272727272727273,0.8453509366224364
1417,11,0,11,0.0,1.0,0.0
1418,11,0,11,0.0,1.0,0.0
1419,11,2,9,0.18181818181818182,0.8181818181818182,0.6840384356390418
1420,11,1,10,0.09090909090909091,0.9090909090909091,0.4394969869215134
1421,11,2,9,0.18181818181818182,0.8181818181818182,0.6840384356390418
1422,11,1,10,0.09090909090909091,0.9090909090909091,0.4394969869215134
1423,11,3,8,0.2727272727272727,0.7272727272727273,0.8453509366224364
1424,11,2,9,0.18181818181818182,0.8181818181818182,0.6840384356390418
1425,11,2,9,0.18181818181818182,0.8181818181818182,0.6840384356390418
1426,11,0,11,0.0,1.0,0.0
1427,11,1,10,0.09090909090909091,0.9090909090909091,0.4394969869215134
1428,11,2,9,0.18181818181818182,0.8181818181818182,0.6840384356390418
1429,11,3,8,0.2727272727272727,0.7272727272727273,0.8453509366224364
1430,11,1,10,0.09090909090909091,0.9090909090909091,0.4394969869215134
1431,11,0,11,0.0,1.0,0.0
1432,11,5,6,0.45454545454545453,0.5454545454545454,0.9940302114769565
1433,11,1,10,0.09090909090909091,0.9090909090909091,0.4394969869215134
1434,11,4,7,0.36363636363636365,0.6363636363636364,0.9456603046006401
1435,11,1,10,0.09090909090909091,0.9090909090909091,0.4394969869215134
1436,11,1,10,0.09090909090909091,0.9090909090909091,0.4394969869215134
1437,11,2,9,0.18181818181818182,0.8181818181818182,0.6840384356390418
1438,11,1,10,0.09090909090909091,0.9090909090909091,0.4394969869215134
1439,11,1,10,0.09090909090909091,0.9090909090909091,0.4394969869215134
1440,11,1,10,0.09090909090909091,0.9090909090909091,0.4394969869215134
1441,11,1,10,0.09090909090909091,0.9090909090909091,0.4394969869215134
1442,11,1,10,0.09090909090909091,0.9090909090909091,0.4394969869215134
1443,11,4,7,0.36363636363636365,0.6363636363636364,0.9456603046006401
1444,11,1,10,0.09090909090909091,0.9090909090909091,0.4394969869215134
1445,11,1,10,0.09090909090909091,0.9090909090909091,0.4394969869215134
1446,11,1,10,0.09090909090909091,0.9090909090909091,0.4394969869215134
1447,11,2,9,0.18181818181818182,0.8181818181818182,0.6840384356390418
1448,11,2,9,0.18181818181818182,0.8181818181818182,0.6840384356390418
1449,11,1,10,0.09090909090909091,0.9090909090909091,0.4394969869215134
1450,11,2,9,0.18181818181818182,0.8181818181818182,0.6840384356390418
1451,11,1,10,0.09090909090909091,0.9090909090909091,0.4394969869215134
1452,11,3,8,0.2727272727272727,0.7272727272727273,0.8453509366224364
1453,11,0,11,0.0,1.0,0.0
1454,11,0,11,0.0,1.0,0.0
1455,11,1,10,0.09090909090909091,0.9090909090909091,0.4394969869215134
1456,11,1,10,0.09090909090909091,0.9090909090909091,0.4394969869215134
1457,11,3,8,0.2727272727272727,0.7272727272727273,0.8453509366224364
1458,11,1,10,0.09090909090909091,0.9090909090909091,0.4394969869215134
1459,11,2,9,0.18181818181818182,0.8181818181818182,0.6840384356390418
1460,11,3,8,0.2727272727272727,0.7272727272727273,0.8453509366224364
1461,11,1,10,0.09090909090909091,0.9090909090909091,0.4394969869215134
1462,11,2,9,0.18181818181818182,0.8181818181818182,0.6840384356390418
1463,11,0,11,0.0,1.0,0.0
1464,11,0,11,0.0,1.0,0.0
1465,11,4,7,0.36363636363636365,0.6363636363636364,0.9456603046006401
1466,11,2,9,0.18181818181818182,0.8181818181818182,0.6840384356390418
1467,11,5,6,0.45454545454545453,0.5454545454545454,0.9940302114769565
1468,11,1,10,0.09090909090909091,0.9090909090909091,0.4394969869215134
1469,11,2,9,0.18181818181818182,0.8181818181818182,0.6840384356390418
1470,11,1,10,0.09090909090909091,0.9090909090909091,0.4394969869215134
1471,11,0,11,0.0,1.0,0.0
1472,11,3,8,0.2727272727272727,0.7272727272727273,0.8453509366224364
1473,11,0,11,0.0,1.0,0.0
1474,11,3,8,0.2727272727272727,0.7272727272727273,0.8453509366224364
1475,11,0,11,0.0,1.0,0.0
1476,11,2,9,0.18181818181818182,0.8181818181818182,0.6840384356390418
1477,11,1,10,0.09090909090909091,0.9090909090909091,0.4394969869215134
1478,11,1,10,0.09090909090909091,0.9090909090909091,0.4394969869215134
1479,11,2,9,0.18181818181818182,0.8181818181818182,0.6840384356390418
1480,11,0,11,0.0,1.0,0.0
1481,11,1,10,0.09090909090909091,0.9090909090909091,0.4394969869215134
1482,11,2,9,0.18181818181818182,0.8181818181818182,0.6840384356390418
1483,11,0,11,0.0,1.0,0.0
1484,11,2,9,0.18181818181818182,0.8181818181818182,0.6840384356390418
1485,11,3,8,0.2727272727272727,0.7272727272727273,0.8453509366224364
1486,11,4,7,0.36363636363636365,0.6363636363636364,0.9456603046006401
1487,11,1,10,0.09090909090909091,0.9090909090909091,0.4394969869215134
1488,11,2,9,0.18181818181818182,0.8181818181818182,0.6840384356390418
1489,11,2,9,0.18181818181818182,0.8181818181818182,0.6840384356390418
1490,11,1,10,0.09090909090909091,0.9090909090909091,0.4394969869215134
1491,11,1,10,0.09090909090909091,0.9090909090909091,0.4394969869215134
1492,11,1,10,0.09090909090909091,0.9090909090909091,0.4394969869215134
1493,11,2,9,0.18181818181818182,0.8181818181818182,0.6840384356390418
1494,11,0,11,0.0,1.0,0.0
1495,11,2,9,0.18181818181818182,0.8181818181818182,0.6840384356390418
1496,11,1,10,0.09090909090909091,0.9090909090909091,0.4394969869215134
1497,11,1,10,0.09090909090909091,0.9090909090909091,0.4394969869215134
1498,11,3,8,0.2727272727272727,0.7272727272727273,0.8453509366224364
1499,11,1,10,0.09090909090909091,0.9090909090909091,0.4394969869215134
1500,11,2,9,0.18181818181818182,0.8181818181818182,0.6840384356390418
1501,11,3,8,0.2727272727272727,0.7272727272727273,0.8453509366224364
1502,11,1,10,0.09090909090909091,0.9090909090909091,0.4394969869215134
1503,11,2,9,0.18181818181818182,0.8181818181818182,0.6840384356390418
1504,11,1,10,0.09090909090909091,0.9090909090909091,0.4394969869215134
1505,11,1,10,0.09090909090909091,0.9090909090909091,0.4394969869215134
1506,11,0,11,0.0,1.0,0.0
1507,11,0,11,0.0,1.0,0.0
1508,11,2,9,0.18181818181818182,0.8181818181818182,0.6840384356390418
1509,11,1,10,0.09090909090909091,0.9090909090909091,0.4394969869215134
1510,11,3,8,0.2727272727272727,0.7272727272727273,0.8453509366224364
1511,11,1,10,0.09090909090909091,0.9090909090909091,0.4394969869215134
1512,11,2,9,0.18181818181818182,0.8181818181818182,0.6840384356390418
1513,11,1,10,0.09090909090909091,0.9090909090909091,0.4394969869215134
1514,11,2,9,0.18181818181818182,0.8181818181818182,0.6840384356390418
1515,11,0,11,0.0,1.0,0.0
1516,11,0,11,0.0,1.0,0.0
1517,11,0,11,0.0,1.0,0.0
1518,11,2,9,0.18181818181818182,0.8181818181818182,0.6840384356390418
1519,11,3,8,0.2727272727272727,0.7272727272727273,0.8453509366224364
1520,11,3,8,0.2727272727272727,0.7272727272727273,0.8453509366224364
1521,11,2,9,0.18181818181818182,0.8181818181818182,0.6840384356390418
1522,11,1,10,0.09090909090909091,0.9090909090909091,0.4394969869215134
1523,11,1,10,0.09090909090909091,0.9090909090909091,0.4394969869215134
1524,11,1,10,0.09090909090909091,0.9090909090909091,0.4394969869215134
1525,11,3,8,0.2727272727272727,0.7272727272727273,0.8453509366224364
1526,11,3,8,0.2727272727272727,0.7272727272727273,0.8453509366224364
1527,11,2,9,0.18181818181818182,0.8181818181818182,0.6840384356390418
1528,11,2,9,0.18181818181818182,0.8181818181818182,0.6840384356390418
1529,11,1,10,0.09090909090909091,0.9090909090909091,0.4394969869215134
1530,11,3,8,0.2727272727272727,0.7272727272727273,0.8453509366224364
1531,11,1,10,0.09090909090909091,0.9090909090909091,0.4394969869215134
1532,11,0,11,0.0,1.0,0.0
1533,11,3,8,0.2727272727272727,0.7272727272727273,0.8453509366224364
1534,11,1,10,0.09090909090909091,0.9090909090909091,0.4394969869215134
1535,11,0,11,0.0,1.0,0.0
1536,11,2,9,0.18181818181818182,0.8181818181818182,0.6840384356390418
1537,11,2,9,0.18181818181818182,0.8181818181818182,0.6840384356390418
1538,11,0,11,0.0,1.0,0.0
1539,11,0,11,0.0,1.0,0.0
1540,11,3,8,0.2727272727272727,0.7272727272727273,0.8453509366224364
1541,11,1,10,0.09090909090909091,0.9090909090909091,0.4394969869215134
1542,11,2,9,0.18181818181818182,0.8181818181818182,0.6840384356390418
1543,11,0,11,0.0,1.0,0.0
1544,11,1,10,0.09090909090909091,0.9090909090909091,0.4394969869215134
1545,11,2,9,0.18181818181818182,0.8181818181818182,0.6840384356390418
1546,11,4,7,0.36363636363636365,0.6363636363636364,0.9456603046006401
1547,11,3,8,0.2727272727272727,0.7272727272727273,0.8453509366224364
1548,11,1,10,0.09090909090909091,0.9090909090909091,0.4394969869215134
1549,11,1,10,0.09090909090909091,0.9090909090909091,0.4394969869215134
1550,11,2,9,0.18181818181818182,0.8181818181818182,0.6840384356390418
1551,11,3,8,0.2727272727272727,0.7272727272727273,0.8453509366224364
1552,11,0,11,0.0,1.0,0.0
1553,11,0,11,0.0,1.0,0.0
1554,11,0,11,0.0,1.0,0.0
1555,11,1,10,0.09090909090909091,0.9090909090909091,0.4394969869215134
1556,11,0,11,0.0,1.0,0.0
1557,11,0,11,0.0,1.0,0.0
1558,11,0,11,0.0,1.0,0.0
1559,11,2,9,0.18181818181818182,0.8181818181818182,0.6840384356390418
1560,11,0,11,0.0,1.0,0.0
1561,11,1,10,0.09090909090909091,0.9090909090909091,0.4394969869215134
1562,11,0,11,0.0,1.0,0.0
1563,11,0,11,0.0,1.0,0.0
1564,11,1,10,0.09090909090909091,0.9090909090909091,0.4394969869215134
1565,11,1,10,0.09090909090909091,0.9090909090909091,0.4394969869215134
1566,11,1,10,0.09090909090909091,0.9090909090909091,0.4394969869215134
1567,11,5,6,0.45454545454545453,0.5454545454545454,0.9940302114769565
1568,11,3,8,0.2727272727272727,0.7272727272727273,0.8453509366224364
1569,11,0,11,0.0,1.0,0.0
1570,11,1,10,0.09090909090909091,0.9090909090909091,0.4394969869215134
1571,11,1,10,0.09090909090909091,0.9090909090909091,0.4394969869215134
1572,11,3,8,0.2727272727272727,0.7272727272727273,0.8453509366224364
1573,11,1,10,0.09090909090909091,0.9090909090909091,0.4394969869215134
1574,11,1,10,0.09090909090909091,0.9090909090909091,0.4394969869215134
1575,11,3,8,0.2727272727272727,0.7272727272727273,0.8453509366224364
1576,11,0,11,0.0,1.0,0.0
1577,11,3,8,0.2727272727272727,0.7272727272727273,0.8453509366224364
1578,11,2,9,0.18181818181818182,0.8181818181818182,0.6840384356390418
1579,11,1,10,0.09090909090909091,0.9090909090909091,0.4394969869215134
1580,11,1,10,0.09090909090909091,0.9090909090909091,0.4394969869215134
1581,11,2,9,0.18181818181818182,0.8181818181818182,0.6840384356390418
1582,11,1,10,0.09090909090909091,0.9090909090909091,0.4394969869215134
1583,11,2,9,0.18181818181818182,0.8181818181818182,0.6840384356390418
1584,11,0,11,0.0,1.0,0.0
1585,11,3,8,0.2727272727272727,0.7272727272727273,0.8453509366224364
1586,11,0,11,0.0,1.0,0.0
1587,11,0,11,0.0,1.0,0.0
1588,11,2,9,0.18181818181818182,0.8181818181818182,0.6840384356390418
1589,11,1,10,0.09090909090909091,0.9090909090909091,0.4394969869215134
1590,11,0,11,0.0,1.0,0.0
1591,11,1,10,0.09090909090909091,0.9090909090909091,0.4394969869215134
1592,11,2,9,0.18181818181818182,0.8181818181818182,0.6840384356390418
1593,11,2,9,0.18181818181818182,0.8181818181818182,0.6840384356390418
1594,11,0,11,0.0,1.0,0.0
1595,11,2,9,0.18181818181818182,0.8181818181818182,0.6840384356390418
1596,11,0,11,0.0,1.0,0.0
1597,11,1,10,0.09090909090909091,0.9090909090909091,0.4394969869215134
1598,11,0,11,0.0,1.0,0.0
1599,11,1,10,0.09090909090909091,0.9090909090909091,0.4394969869215134
1600,11,2,9,0.18181818181818182,0.8181818181818182,0.6840384356390418
1601,11,4,7,0.36363636363636365,0.6363636363636364,0.9456603046006401
1602,11,0,11,0.0,1.0,0.0
1603,11,0,11,0.0,1.0,0.0
1604,11,1,10,0.09090909090909091,0.9090909090909091,0.4394969869215134
1605,11,2,9,0.18181818181818182,0.8181818181818182,0.6840384356390418
1606,11,2,9,0.18181818181818182,0.8181818181818182,0.6840384356390418
1607,11,3,8,0.2727272727272727,0.7272727272727273,0.8453509366224364
1608,11,0,11,0.0,1.0,0.0
1609,11,1,10,0.09090909090909091,0.9090909090909091,0.4394969869215134
1610,11,1,10,0.09090909090909091,0.9090909090909091,0.4394969869215134
1611,11,3,8,0.2727272727272727,0.7272727272727273,0.8453509366224364
1612,11,2,9,0.18181818181818182,0.8181818181818182,0.6840384356390418
1613,11,2,9,0.18181818181818182,0.8181818181818182,0.6840384356390418
1614,11,1,10,0.09090909090909091,0.9090909090909091,0.4394969869215134
1615,11,2,9,0.18181818181818182,0.8181818181818182,0.6840384356390418
1616,11,0,11,0.0,1.0,0.0
1617,11,1,10,0.09090909090909091,0.9090909090909091,0.4394969869215134
1618,11,1,10,0.09090909090909091,0.9090909090909091,0.4394969869215134
1619,11,3,8,0.2727272727272727,0.7272727272727273,0.8453509366224364
1620,11,0,11,0.0,1.0,0.0
1621,11,2,9,0.18181818181818182,0.8181818181818182,0.6840384356390418
1622,11,3,8,0.2727272727272727,0.7272727272727273,0.8453509366224364
1623,11,1,10,0.09090909090909091,0.9090909090909091,0.4394969869215134
1624,11,3,8,0.2727272727272727,0.7272727272727273,0.8453509366224364
1625,11,4,7,0.36363636363636365,0.6363636363636364,0.9456603046006401
1626,11,0,11,0.0,1.0,0.0
1627,11,1,10,0.09090909090909091,0.9090909090909091,0.4394969869215134
1628,11,2,9,0.18181818181818182,0.8181818181818182,0.6840384356390418
1629,11,0,11,0.0,1.0,0.0
1630,11,3,8,0.2727272727272727,0.7272727272727273,0.8453509366224364
1631,11,1,10,0.09090909090909091,0.9090909090909091,0.4394969869215134
1632,11,0,11,0.0,1.0,0.0
1633,11,1,10,0.09090909090909091,0.9090909090909091,0.4394969869215134
1634,11,0,11,0.0,1.0,0.0
1635,11,3,8,0.2727272727272727,0.7272727272727273,0.8453509366224364
1636,11,2,9,0.18181818181818182,0.8181818181818182,0.6840384356390418
1637,11,2,9,0.18181818181818182,0.8181818181818182,0.6840384356390418
1638,11,1,10,0.09090909090909091,0.9090909090909091,0.4394969869215134
1639,11,1,10,0.09090909090909091,0.9090909090909091,0.4394969869215134
1640,11,2,9,0.18181818181818182,0.8181818181818182,0.6840384356390418
1641,11,0,11,0.0,1.0,0.0
1642,11,2,9,0.18181818181818182,0.8181818181818182,0.6840384356390418
1643,11,2,9,0.18181818181818182,0.8181818181818182,0.6840384356390418
1644,11,1,10,0.09090909090909091,0.9090909090909091,0.4394969869215134
1645,11,0,11,0.0,1.0,0.0
1646,11,1,10,0.09090909090909091,0.9090909090909091,0.4394969869215134
1647,11,5,6,0.45454545454545453,0.5454545454545454,0.9940302114769565
1648,11,2,9,0.18181818181818182,0.8181818181818182,0.6840384356390418
1649,11,0,11,0.0,1.0,0.0
1650,11,1,10,0.09090909090909091,0.9090909090909091,0.4394969869215134
1651,11,1,10,0.09090909090909091,0.9090909090909091,0.4394969869215134
1652,11,1,10,0.09090909090909091,0.9090909090909091,0.4394969869215134
1653,11,1,10,0.09090909090909091,0.9090909090909091,0.4394969869215134
1654,11,2,9,0.18181818181818182,0.8181818181818182,0.6840384356390418
1655,11,3,8,0.2727272727272727,0.7272727272727273,0.8453509366224364
1656,11,2,9,0.18181818181818182,0.8181818181818182,0.6840384356390418
1657,11,0,11,0.0,1.0,0.0
1658,11,1,10,0.09090909090909091,0.9090909090909091,0.4394969869215134
1659,11,2,9,0.18181818181818182,0.8181818181818182,0.6840384356390418
1660,11,2,9,0.18181818181818182,0.8181818181818182,0.6840384356390418
1661,11,0,11,0.0,1.0,0.0
1662,11,1,10,0.09090909090909091,0.9090909090909091,0.4394969869215134
1663,11,1,10,0.09090909090909091,0.9090909090909091,0.4394969869215134
1664,11,0,11,0.0,1.0,0.0
1665,11,2,9,0.18181818181818182,0.8181818181818182,0.6840384356390418
1666,11,1,10,0.09090909090909091,0.9090909090909091,0.4394969869215134
1667,11,1,10,0.09090909090909091,0.9090909090909091,0.4394969869215134
1668,11,3,8,0.2727272727272727,0.7272727272727273,0.8453509366224364
1669,11,1,10,0.09090909090909091,0.9090909090909091,0.4394969869215134
1670,11,2,9,0.18181818181818182,0.8181818181818182,0.6840384356390418
1671,11,1,10,0.09090909090909091,0.9090909090909091,0.4394969869215134
1672,11,2,9,0.18181818181818182,0.8181818181818182,0.6840384356390418
1673,11,3,8,0.2727272727272727,0.7272727272727273,0.8453509366224364
1674,11,4,7,0.36363636363636365,0.6363636363636364,0.9456603046006401
1675,11,1,10,0.09090909090909091,0.9090909090909091,0.4394969869215134
1676,11,1,10,0.09090909090909091,0.9090909090909091,0.4394969869215134
1677,11,1,10,0.09090909090909091,0.9090909090909091,0.4394969869215134
1678,11,3,8,0.2727272727272727,0.7272727272727273,0.8453509366224364
1679,11,0,11,0.0,1.0,0.0
1680,11,1,10,0.09090909090909091,0.9090909090909091,0.4394969869215134
1681,11,3,8,0.2727272727272727,0.7272727272727273,0.8453509366224364
1682,11,1,10,0.09090909090909091,0.9090909090909091,0.4394969869215134
1683,11,2,9,0.18181818181818182,0.8181818181818182,0.6840384356390418
1684,11,2,9,0.18181818181818182,0.8181818181818182,0.6840384356390418
1685,11,0,11,0.0,1.0,0.0
1686,11,2,9,0.18181818181818182,0.8181818181818182,0.6840384356390418
1687,11,2,9,0.18181818181818182,0.8181818181818182,0.6840384356390418
1688,11,3,8,0.2727272727272727,0.7272727272727273,0.8453509366224364
1689,11,1,10,0.09090909090909091,0.9090909090909091,0.4394969869215134
1690,11,3,8,0.2727272727272727,0.7272727272727273,0.8453509366224364
1691,11,1,10,0.09090909090909091,0.9090909090909091,0.4394969869215134
1692,11,2,9,0.18181818181818182,0.8181818181818182,0.6840384356390418
1693,11,2,9,0.18181818181818182,0.8181818181818182,0.6840384356390418
1694,11,2,9,0.18181818181818182,0.8181818181818182,0.6840384356390418
1695,11,0,11,0.0,1.0,0.0
1696,11,2,9,0.18181818181818182,0.8181818181818182,0.6840384356390418
1697,11,2,9,0.18181818181818182,0.8181818181818182,0.6840384356390418
1698,11,2,9,0.18181818181818182,0.8181818181818182,0.6840384356390418
1699,11,1,10,0.09090909090909091,0.9090909090909091,0.4394969869215134
1700,11,2,9,0.18181818181818182,0.8181818181818182,0.6840384356390418
1701,11,3,8,0.2727272727272727,0.7272727272727273,0.8453509366224364
1702,11,0,11,0.0,1.0,0.0
1703,11,3,8,0.2727272727272727,0.7272727272727273,0.8453509366224364
1704,11,4,7,0.36363636363636365,0.6363636363636364,0.9456603046006401
1705,11,4,7,0.36363636363636365,0.6363636363636364,0.9456603046006401
1706,11,1,10,0.09090909090909091,0.9090909090909091,0.4394969869215134
1707,11,2,9,0.18181818181818182,0.8181818181818182,0.6840384356390418
1708,11,2,9,0.18181818181818182,0.8181818181818182,0.6840384356390418
1709,11,1,10,0.09090909090909091,0.9090909090909091,0.4394969869215134
1710,11,1,10,0.09090909090909091,0.9090909090909091,0.4394969869215134
1711,11,2,9,0.18181818181818182,0.8181818181818182,0.6840384356390418
1712,11,4,7,0.36363636363636365,0.6363636363636364,0.9456603046006401
1713,11,4,7,0.36363636363636365,0.6363636363636364,0.9456603046006401
1714,11,2,9,0.18181818181818182,0.8181818181818182,0.6840384356390418
1715,11,1,10,0.09090909090909091,0.9090909090909091,0.4394969869215134
1716,11,1,10,0.09090909090909091,0.9090909090909091,0.4394969869215134
1717,11,2,9,0.18181818181818182,0.8181818181818182,0.6840384356390418
1718,11,3,8,0.2727272727272727,0.7272727272727273,0.8453509366224364
1719,11,0,11,0.0,1.0,0.0
1720,11,0,11,0.0,1.0,0.0
1721,11,1,10,0.09090909090909091,0.9090909090909091,0.4394969869215134
1722,11,1,10,0.09090909090909091,0.9090909090909091,0.4394969869215134
1723,11,0,11,0.0,1.0,0.0
1724,11,2,9,0.18181818181818182,0.8181818181818182,0.6840384356390418
1725,11,2,9,0.18181818181818182,0.8181818181818182,0.6840384356390418
1726,11,2,9,0.18181818181818182,0.8181818181818182,0.6840384356390418
1727,11,0,11,0.0,1.0,0.0
1728,11,0,11,0.0,1.0,0.0
1729,11,1,10,0.09090909090909091,0.9090909090909091,0.4394969869215134
1730,11,1,10,0.09090909090909091,0.9090909090909091,0.4394969869215134
1731,11,3,8,0.2727272727272727,0.7272727272727273,0.8453509366224364
1732,11,1,10,0.09090909090909091,0.9090909090909091,0.4394969869215134
1733,11,2,9,0.18181818181818182,0.8181818181818182,0.6840384356390418
1734,11,2,9,0.18181818181818182,0.8181818181818182,0.6840384356390418
1735,11,0,11,0.0,1.0,0.0
1736,11,2,9,0.18181818181818182,0.8181818181818182,0.6840384356390418
1737,11,3,8,0.2727272727272727,0.7272727272727273,0.8453509366224364
1738,11,2,9,0.18181818181818182,0.8181818181818182,0.6840384356390418
1739,11,2,9,0.18181818181818182,0.8181818181818182,0.6840384356390418
1740,11,1,10,0.09090909090909091,0.9090909090909091,0.4394969869215134
1741,11,1,10,0.09090909090909091,0.9090909090909091,0.4394969869215134
1742,11,1,10,0.09090909090909091,0.9090909090909091,0.4394969869215134
1743,11,0,11,0.0,1.0,0.0
1744,11,1,10,0.09090909090909091,0.9090909090909091,0.4394969869215134
1745,11,2,9,0.18181818181818182,0.8181818181818182,0.6840384356390418
1746,11,3,8,0.2727272727272727,0.7272727272727273,0.8453509366224364
1747,11,2,9,0.18181818181818182,0.8181818181818182,0.6840384356390418
1748,11,1,10,0.09090909090909091,0.9090909090909091,0.4394969869215134
1749,11,2,9,0.18181818181818182,0.8181818181818182,0.6840384356390418
1750,11,2,9,0.18181818181818182,0.8181818181818182,0.6840384356390418
1751,11,1,10,0.09090909090909091,0.9090909090909091,0.4394969869215134
1752,11,0,11,0.0,1.0,0.0
1753,11,1,10,0.09090909090909091,0.9090909090909091,0.4394969869215134
1754,11,3,8,0.2727272727272727,0.7272727272727273,0.8453509366224364
1755,11,2,9,0.18181818181818182,0.8181818181818182,0.6840384356390418
1756,11,2,9,0.18181818181818182,0.8181818181818182,0.6840384356390418
1757,11,1,10,0.09090909090909091,0.9090909090909091,0.4394969869215134
1758,11,2,9,0.18181818181818182,0.8181818181818182,0.6840384356390418
1759,11,0,11,0.0,1.0,0.0
1760,11,0,11,0.0,1.0,0.0
1761,11,2,9,0.18181818181818182,0.8181818181818182,0.6840384356390418
1762,11,0,11,0.0,1.0,0.0
1763,11,3,8,0.2727272727272727,0.7272727272727273,0.8453509366224364
1764,11,4,7,0.36363636363636365,0.6363636363636364,0.9456603046006401
1765,11,1,10,0.09090909090909091,0.9090909090909091,0.4394969869215134
1766,11,1,10,0.09090909090909091,0.9090909090909091,0.4394969869215134
1767,11,0,11,0.0,1.0,0.0
1768,11,3,8,0.2727272727272727,0.7272727272727273,0.8453509366224364
1769,11,1,10,0.09090909090909091,0.9090909090909091,0.4394969869215134
1770,11,1,10,0.09090909090909091,0.9090909090909091,0.4394969869215134
1771,11,2,9,0.18181818181818182,0.8181818181818182,0.6840384356390418
1772,11,0,11,0.0,1.0,0.0
1773,11,0,11,0.0,1.0,0.0
1774,11,0,11,0.0,1.0,0.0
1775,11,4,7,0.36363636363636365,0.6363636363636364,0.9456603046006401
1776,11,0,11,0.0,1.0,0.0
1777,11,4,7,0.36363636363636365,0.6363636363636364,0.9456603046006401
1778,11,1,10,0.09090909090909091,0.9090909090909091,0.4394969869215134
1779,11,0,11,0.0,1.0,0.0
1780,11,0,11,0.0,1.0,0.0
1781,11,1,10,0.09090909090909091,0.9090909090909091,0.4394969869215134
1782,11,3,8,0.2727272727272727,0.7272727272727273,0.8453509366224364
1783,11,3,8,0.2727272727272727,0.7272727272727273,0.8453509366224364
1784,11,1,10,0.09090909090909091,0.9090909090909091,0.4394969869215134
1785,11,4,7,0.36363636363636365,0.6363636363636364,0.9456603046006401
1786,11,2,9,0.18181818181818182,0.8181818181818182,0.6840384356390418
1787,11,2,9,0.18181818181818182,0.8181818181818182,0.6840384356390418
1788,11,2,9,0.18181818181818182,0.8181818181818182,0.6840384356390418
1789,11,2,9,0.18181818181818182,0.8181818181818182,0.6840384356390418
1790,11,4,7,0.36363636363636365,0.6363636363636364,0.9456603046006401
1791,11,0,11,0.0,1.0,0.0
1792,11,3,8,0.2727272727272727,0.7272727272727273,0.8453509366224364
1793,11,0,11,0.0,1.0,0.0
1794,11,2,9,0.18181818181818182,0.8181818181818182,0.6840384356390418
1795,11,0,11,0.0,1.0,0.0
1796,11,2,9,0.18181818181818182,0.8181818181818182,0.6840384356390418
1797,11,3,8,0.2727272727272727,0.7272727272727273,0.8453509366224364
1798,11,0,11,0.0,1.0,0.0
1799,11,1,10,0.09090909090909091,0.9090909090909091,0.4394969869215134
1800,11,2,9,0.18181818181818182,0.8181818181818182,0.6840384356390418
1801,11,0,11,0.0,1.0,0.0
1802,11,4,7,0.36363636363636365,0.6363636363636364,0.9456603046006401
1803,11,1,10,0.09090909090909091,0.9090909090909091,0.4394969869215134
1804,11,0,11,0.0,1.0,0.0
1805,11,1,10,0.09090909090909091,0.9090909090909091,0.4394969869215134
1806,11,2,9,0.18181818181818182,0.8181818181818182,0.6840384356390418
1807,11,0,11,0.0,1.0,0.0
1808,11,2,9,0.18181818181818182,0.8181818181818182,0.6840384356390418
1809,11,1,10,0.09090909090909091,0.9090909090909091,0.4394969869215134
1810,11,1,10,0.09090909090909091,0.9090909090909091,0.4394969869215134
1811,11,1,10,0.09090909090909091,0.9090909090909091,0.4394969869215134
1812,11,5,6,0.45454545454545453,0.5454545454545454,0.9940302114769565
1813,11,2,9,0.18181818181818182,0.8181818181818182,0.6840384356390418
1814,11,3,8,0.2727272727272727,0.7272727272727273,0.8453509366224364
1815,11,2,9,0.18181818181818182,0.8181818181818182,0.6840384356390418
1816,11,1,10,0.09090909090909091,0.9090909090909091,0.4394969869215134
1817,11,3,8,0.2727272727272727,0.7272727272727273,0.8453509366224364
1818,11,1,10,0.09090909090909091,0.9090909090909091,0.4394969869215134
1819,11,0,11,0.0,1.0,0.0
1820,11,2,9,0.18181818181818182,0.8181818181818182,0.6840384356390418
1821,11,2,9,0.18181818181818182,0.8181818181818182,0.6840384356390418
1822,11,1,10,0.09090909090909091,0.9090909090909091,0.4394969869215134
1823,11,0,11,0.0,1.0,0.0
1824,11,2,9,0.18181818181818182,0.8181818181818182,0.6840384356390418
1825,11,1,10,0.09090909090909091,0.9090909090909091,0.4394969869215134
1826,11,3,8,0.2727272727272727,0.7272727272727273,0.8453509366224364
1827,11,1,10,0.09090909090909091,0.9090909090909091,0.4394969869215134
1828,11,3,8,0.2727272727272727,0.7272727272727273,0.8453509366224364
1829,11,2,9,0.18181818181818182,0.8181818181818182,0.6840384356390418
1830,11,1,10,0.09090909090909091,0.9090909090909091,0.4394969869215134
1831,11,2,9,0.18181818181818182,0.8181818181818182,0.6840384356390418
1832,11,2,9,0.18181818181818182,0.8181818181818182,0.6840384356390418
1833,11,2,9,0.18181818181818182,0.8181818181818182,0.6840384356390418
1834,11,4,7,0.36363636363636365,0.6363636363636364,0.9456603046006401
1835,11,3,8,0.2727272727272727,0.7272727272727273,0.8453509366224364
1836,11,0,11,0.0,1.0,0.0
1837,11,0,11,0.0,1.0,0.0
1838,11,1,10,0.09090909090909091,0.9090909090909091,0.4394969869215134
1839,11,3,8,0.2727272727272727,0.7272727272727273,0.8453509366224364
1840,11,3,8,0.2727272727272727,0.7272727272727273,0.8453509366224364
1841,11,1,10,0.09090909090909091,0.9090909090909091,0.4394969869215134
1842,11,2,9,0.18181818181818182,0.8181818181818182,0.6840384356390418
1843,11,3,8,0.2727272727272727,0.7272727272727273,0.8453509366224364
1844,11,1,10,0.09090909090909091,0.9090909090909091,0.4394969869215134
1845,11,1,10,0.09090909090909091,0.9090909090909091,0.4394969869215134
1846,11,4,7,0.36363636363636365,0.6363636363636364,0.9456603046006401
1847,11,2,9,0.18181818181818182,0.8181818181818182,0.6840384356390418
1848,11,1,10,0.09090909090909091,0.9090909090909091,0.4394969869215134
1849,11,2,9,0.18181818181818182,0.8181818181818182,0.6840384356390418
1850,11,2,9,0.18181818181818182,0.8181818181818182,0.6840384356390418
1851,11,4,7,0.36363636363636365,0.6363636363636364,0.9456603046006401
1852,11,1,10,0.09090909090909091,0.9090909090909091,0.4394969869215134
1853,11,2,9,0.18181818181818182,0.8181818181818182,0.6840384356390418
1854,11,3,8,0.2727272727272727,0.7272727272727273,0.8453509366224364
1855,11,4,7,0.36363636363636365,0.6363636363636364,0.9456603046006401
1856,11,1,10,0.09090909090909091,0.9090909090909091,0.4394969869215134
1857,11,2,9,0.18181818181818182,0.8181818181818182,0.6840384356390418
1858,11,0,11,0.0,1.0,0.0
1859,11,5,6,0.45454545454545453,0.5454545454545454,0.9940302114769565
1860,11,1,10,0.09090909090909091,0.9090909090909091,0.4394969869215134
1861,11,4,7,0.36363636363636365,0.6363636363636364,0.9456603046006401
1862,11,0,11,0.0,1.0,0.0
1863,11,1,10,0.09090909090909091,0.9090909090909091,0.4394969869215134
1864,11,1,10,0.09090909090909091,0.9090909090909091,0.4394969869215134
1865,11,3,8,0.2727272727272727,0.7272727272727273,0.8453509366224364
1866,11,2,9,0.18181818181818182,0.8181818181818182,0.6840384356390418
1867,11,2,9,0.18181818181818182,0.8181818181818182,0.6840384356390418
1868,11,1,10,0.09090909090909091,0.9090909090909091,0.4394969869215134
1869,11,0,11,0.0,1.0,0.0
1870,11,1,10,0.09090909090909091,0.9090909090909091,0.4394969869215134
1871,11,2,9,0.18181818181818182,0.8181818181818182,0.6840384356390418
1872,11,0,11,0.0,1.0,0.0
1873,11,1,10,0.09090909090909091,0.9090909090909091,0.4394969869215134
1874,11,1,10,0.09090909090909091,0.9090909090909091,0.4394969869215134
1875,11,2,9,0.18181818181818182,0.8181818181818182,0.6840384356390418
1876,11,1,10,0.09090909090909091,0.9090909090909091,0.4394969869215134
1877,11,2,9,0.18181818181818182,0.8181818181818182,0.6840384356390418
1878,11,1,10,0.09090909090909091,0.9090909090909091,0.4394969869215134
1879,11,2,9,0.18181818181818182,0.8181818181818182,0.6840384356390418
1880,11,0,11,0.0,1.0,0.0
1881,11,1,10,0.09090909090909091,0.9090909090909091,0.4394969869215134
1882,11,2,9,0.18181818181818182,0.8181818181818182,0.6840384356390418
1883,11,1,10,0.09090909090909091,0.9090909090909091,0.4394969869215134
1884,11,0,11,0.0,1.0,0.0
1885,11,0,11,0.0,1.0,0.0
1886,11,2,9,0.18181818181818182,0.8181818181818182,0.6840384356390418
1887,11,1,10,0.09090909090909091,0.9090909090909091,0.4394969869215134
1888,11,1,10,0.09090909090909091,0.9090909090909091,0.4394969869215134
1889,11,2,9,0.18181818181818182,0.8181818181818182,0.6840384356390418
1890,11,0,11,0.0,1.0,0.0
1891,11,1,10,0.09090909090909091,0.9090909090909091,0.4394969869215134
1892,11,1,10,0.09090909090909091,0.9090909090909091,0.4394969869215134
1893,11,3,8,0.2727272727272727,0.7272727272727273,0.8453509366224364
1894,11,3,8,0.2727272727272727,0.7272727272727273,0.8453509366224364
1895,11,0,11,0.0,1.0,0.0
1896,11,1,10,0.09090909090909091,0.9090909090909091,0.4394969869215134
1897,11,1,10,0.09090909090909091,0.9090909090909091,0.4394969869215134
1898,11,1,10,0.09090909090909091,0.9090909090909091,0.4394969869215134
1899,11,1,10,0.09090909090909091,0.9090909090909091,0.4394969869215134
1900,11,0,11,0.0,1.0,0.0
1901,11,0,11,0.0,1.0,0.0
1902,11,1,10,0.09090909090909091,0.9090909090909091,0.4394969869215134
1903,11,1,10,0.09090909090909091,0.9090909090909091,0.4394969869215134
1904,11,2,9,0.18181818181818182,0.8181818181818182,0.6840384356390418
1905,11,2,9,0.18181818181818182,0.8181818181818182,0.6840384356390418
1906,11,2,9,0.18181818181818182,0.8181818181818182,0.6840384356390418
1907,11,3,8,0.2727272727272727,0.7272727272727273,0.8453509366224364
1908,11,2,9,0.18181818181818182,0.8181818181818182,0.6840384356390418
1909,11,0,11,0.0,1.0,0.0
1910,11,3,8,0.2727272727272727,0.7272727272727273,0.8453509366224364
1911,11,2,9,0.18181818181818182,0.8181818181818182,0.6840384356390418
1912,11,1,10,0.09090909090909091,0.9090909090909091,0.4394969869215134
1913,11,3,8,0.2727272727272727,0.7272727272727273,0.8453509366224364
1914,11,1,10,0.09090909090909091,0.9090909090909091,0.4394969869215134
1915,11,1,10,0.09090909090909091,0.9090909090909091,0.4394969869215134
1916,11,1,10,0.09090909090909091,0.9090909090909091,0.4394969869215134
1917,11,0,11,0.0,1.0,0.0
1918,11,1,10,0.09090909090909091,0.9090909090909091,0.4394969869215134
1919,11,0,11,0.0,1.0,0.0
1920,11,0,11,0.0,1.0,0.0
1921,11,1,10,0.09090909090909091,0.9090909090909091,0.4394969869215134
1922,11,2,9,0.18181818181818182,0.8181818181818182,0.6840384356390418
1923,11,0,11,0.0,1.0,0.0
1924,11,2,9,0.18181818181818182,0.8181818181818182,0.6840384356390418
1925,11,0,11,0.0,1.0,0.0
1926,11,3,8,0.2727272727272727,0.7272727272727273,0.8453509366224364
1927,11,3,8,0.2727272727272727,0.7272727272727273,0.8453509366224364
1928,11,2,9,0.18181818181818182,0.8181818181818182,0.6840384356390418
1929,11,1,10,0.09090909090909091,0.9090909090909091,0.4394969869215134
1930,11,2,9,0.18181818181818182,0.8181818181818182,0.6840384356390418
1931,11,2,9,0.18181818181818182,0.8181818181818182,0.6840384356390418
1932,11,1,10,0.09090909090909091,0.9090909090909091,0.4394969869215134
1933,11,2,9,0.18181818181818182,0.8181818181818182,0.6840384356390418
1934,11,1,10,0.09090909090909091,0.9090909090909091,0.4394969869215134
1935,11,2,9,0.18181818181818182,0.8181818181818182,0.6840384356390418
1936,11,2,9,0.18181818181818182,0.8181818181818182,0.6840384356390418
1937,11,2,9,0.18181818181818182,0.8181818181818182,0.6840384356390418
1938,11,1,10,0.09090909090909091,0.9090909090909091,0.4394969869215134
1939,11,1,10,0.09090909090909091,0.9090909090909091,0.4394969869215134
1940,11,3,8,0.2727272727272727,0.7272727272727273,0.8453509366224364
1941,11,3,8,0.2727272727272727,0.7272727272727273,0.8453509366224364
1942,11,2,9,0.18181818181818182,0.8181818181818182,0.6840384356390418
1943,11,4,7,0.36363636363636365,0.6363636363636364,0.9456603046006401
1944,11,1,10,0.09090909090909091,0.9090909090909091,0.4394969869215134
1945,11,2,9,0.18181818181818182,0.8181818181818182,0.6840384356390418
1946,11,3,8,0.2727272727272727,0.7272727272727273,0.8453509366224364
1947,11,1,10,0.09090909090909091,0.9090909090909091,0.4394969869215134
1948,11,2,9,0.18181818181818182,0.8181818181818182,0.6840384356390418
1949,11,2,9,0.18181818181818182,0.8181818181818182,0.6840384356390418
1950,11,1,10,0.09090909090909091,0.9090909090909091,0.4394969869215134
1951,11,1,10,0.09090909090909091,0.9090909090909091,0.4394969869215134
1952,11,2,9,0.18181818181818182,0.8181818181818182,0.6840384356390418
1953,11,1,10,0.09090909090909091,0.9090909090909091,0.4394969869215134
1954,11,1,10,0.09090909090909091,0.9090909090909091,0.4394969869215134
1955,11,2,9,0.18181818181818182,0.8181818181818182,0.6840384356390418
1956,11,2,9,0.18181818181818182,0.8181818181818182,0.6840384356390418
1957,11,1,10,0.09090909090909091,0.9090909090909091,0.4394969869215134
1958,11,1,10,0.09090909090909091,0.9090909090909091,0.4394969869215134
1959,11,2,9,0.18181818181818182,0.8181818181818182,0.6840384356390418
1960,11,1,10,0.09090909090909091,0.9090909090909091,0.4394969869215134
1961,11,1,10,0.09090909090909091,0.9090909090909091,0.4394969869215134
1962,11,1,10,0.09090909090909091,0.9090909090909091,0.4394969869215134
1963,11,3,8,0.2727272727272727,0.7272727272727273,0.8453509366224364
1964,11,0,11,0.0,1.0,0.0
1965,11,0,11,0.0,1.0,0.0
1966,11,3,8,0.2727272727272727,0.7272727272727273,0.8453509366224364
1967,11,1,10,0.09090909090909091,0.9090909090909091,0.4394969869215134
1968,11,3,8,0.2727272727272727,0.7272727272727273,0.8453509366224364
1969,11,3,8,0.2727272727272727,0.7272727272727273,0.8453509366224364
1970,11,3,8,0.2727272727272727,0.7272727272727273,0.8453509366224364
1971,11,2,9,0.18181818181818182,0.8181818181818182,0.6840384356390418
1972,11,1,10,0.09090909090909091,0.9090909090909091,0.4394969869215134
1973,11,2,9,0.18181818181818182,0.8181818181818182,0.6840384356390418
1974,11,2,9,0.18181818181818182,0.8181818181818182,0.6840384356390418
1975,11,2,9,0.18181818181818182,0.8181818181818182,0.6840384356390418
1976,11,0,11,0.0,1.0,0.0
1977,11,1,10,0.09090909090909091,0.9090909090909091,0.4394969869215134
1978,11,1,10,0.09090909090909091,0.9090909090909091,0.4394969869215134
1979,11,3,8,0.2727272727272727,0.7272727272727273,0.8453509366224364
1980,11,2,9,0.18181818181818182,0.8181818181818182,0.6840384356390418
1981,11,0,11,0.0,1.0,0.0
1982,11,2,9,0.18181818181818182,0.8181818181818182,0.6840384356390418
1983,11,2,9,0.18181818181818182,0.8181818181818182,0.6840384356390418
1984,11,1,10,0.09090909090909091,0.9090909090909091,0.4394969869215134
1985,11,3,8,0.2727272727272727,0.7272727272727273,0.8453509366224364
1986,11,0,11,0.0,1.0,0.0
1987,11,3,8,0.2727272727272727,0.7272727272727273,0.8453509366224364
1988,11,1,10,0.09090909090909091,0.9090909090909091,0.4394969869215134
1989,11,0,11,0.0,1.0,0.0
1990,11,4,7,0.36363636363636365,0.6363636363636364,0.9456603046006401
1991,11,1,10,0.09090909090909091,0.9090909090909091,0.4394969869215134
1992,11,0,11,0.0,1.0,0.0
1993,11,1,10,0.09090909090909091,0.9090909090909091,0.4394969869215134
1994,11,1,10,0.09090909090909091,0.9090909090909091,0.4394969869215134
1995,11,4,7,0.36363636363636365,0.6363636363636364,0.9456603046006401
1996,11,0,11,0.0,1.0,0.0
1997,11,0,11,0.0,1.0,0.0
1998,11,2,9,0.18181818181818182,0.8181818181818182,0.6840384356390418
1999,11,1,10,0.09090909090909091,0.9090909090909091,0.4394969869215134
2000,11,2,9,0.18181818181818182,0.8181818181818182,0.6840384356390418
2001,11,2,9,0.18181818181818182,0.8181818181818182,0.6840384356390418
2002,11,0,11,0.0,1.0,0.0
2003,11,3,8,0.2727272727272727,0.7272727272727273,0.8453509366224364
2004,11,3,8,0.2727272727272727,0.7272727272727273,0.8453509366224364
2005,11,3,8,0.2727272727272727,0.7272727272727273,0.8453509366224364
2006,11,2,9,0.18181818181818182,0.8181818181818182,0.6840384356390418
2007,11,2,9,0.18181818181818182,0.8181818181818182,0.6840384356390418
2008,11,1,10,0.09090909090909091,0.9090909090909091,0.4394969869215134
2009,11,2,9,0.18181818181818182,0.8181818181818182,0.6840384356390418
2010,11,3,8,0.2727272727272727,0.7272727272727273,0.8453509366224364
2011,11,2,9,0.18181818181818182,0.8181818181818182,0.6840384356390418
2012,11,1,10,0.09090909090909091,0.9090909090909091,0.4394969869215134
2013,11,1,10,0.09090909090909091,0.9090909090909091,0.4394969869215134
2014,11,0,11,0.0,1.0,0.0
2015,11,2,9,0.18181818181818182,0.8181818181818182,0.6840384356390418
2016,11,1,10,0.09090909090909091,0.9090909090909091,0.4394969869215134
2017,11,2,9,0.18181818181818182,0.8181818181818182,0.6840384356390418
2018,11,2,9,0.18181818181818182,0.8181818181818182,0.6840384356390418
2019,11,2,9,0.18181818181818182,0.8181818181818182,0.6840384356390418
2020,11,2,9,0.18181818181818182,0.8181818181818182,0.6840384356390418
2021,11,1,10,0.09090909090909091,0.9090909090909091,0.4394969869215134
2022,11,0,11,0.0,1.0,0.0
2023,11,0,11,0.0,1.0,0.0
2024,11,0,11,0.0,1.0,0.0
2025,11,1,10,0.09090909090909091,0.9090909090909091,0.4394969869215134
2026,11,2,9,0.18181818181818182,0.8181818181818182,0.6840384356390418
2027,11,1,10,0.09090909090909091,0.9090909090909091,0.4394969869215134
2028,11,1,10,0.09090909090909091,0.9090909090909091,0.4394969869215134
2029,11,2,9,0.18181818181818182,0.8181818181818182,0.6840384356390418
2030,11,1,10,0.09090909090909091,0.9090909090909091,0.4394969869215134
2031,11,3,8,0.2727272727272727,0.7272727272727273,0.8453509366224364
2032,11,2,9,0.18181818181818182,0.8181818181818182,0.6840384356390418
2033,11,2,9,0.18181818181818182,0.8181818181818182,0.6840384356390418
2034,11,1,10,0.09090909090909091,0.9090909090909091,0.4394969869215134
2035,11,1,10,0.09090909090909091,0.9090909090909091,0.4394969869215134
2036,11,2,9,0.18181818181818182,0.8181818181818182,0.6840384356390418
2037,11,1,10,0.09090909090909091,0.9090909090909091,0.4394969869215134
2038,11,2,9,0.18181818181818182,0.8181818181818182,0.6840384356390418
2039,11,1,10,0.09090909090909091,0.9090909090909091,0.4394969869215134
2040,11,2,9,0.18181818181818182,0.8181818181818182,0.6840384356390418
2041,11,4,7,0.36363636363636365,0.6363636363636364,0.9456603046006401
2042,11,2,9,0.18181818181818182,0.8181818181818182,0.6840384356390418
2043,11,1,10,0.09090909090909091,0.9090909090909091,0.4394969869215134
2044,11,2,9,0.18181818181818182,0.8181818181818182,0.6840384356390418
2045,11,0,11,0.0,1.0,0.0
2046,11,2,9,0.18181818181818182,0.8181818181818182,0.6840384356390418
2047,11,0,11,0.0,1.0,0.0
2048,11,0,11,0.0,1.0,0.0
2049,11,1,10,0.09090909090909091,0.9090909090909091,0.4394969869215134
2050,11,2,9,0.18181818181818182,0.8181818181818182,0.6840384356390418
2051,11,1,10,0.09090909090909091,0.9090909090909091,0.4394969869215134
2052,11,2,9,0.18181818181818182,0.8181818181818182,0.6840384356390418
2053,11,1,10,0.09090909090909091,0.9090909090909091,0.4394969869215134
2054,11,0,11,0.0,1.0,0.0
2055,11,2,9,0.18181818181818182,0.8181818181818182,0.6840384356390418
2056,11,3,8,0.2727272727272727,0.7272727272727273,0.8453509366224364
2057,11,2,9,0.18181818181818182,0.8181818181818182,0.6840384356390418
2058,11,2,9,0.18181818181818182,0.8181818181818182,0.6840384356390418
2059,11,1,10,0.09090909090909091,0.9090909090909091,0.4394969869215134
2060,11,1,10,0.09090909090909091,0.9090909090909091,0.4394969869215134
2061,11,0,11,0.0,1.0,0.0
2062,11,1,10,0.09090909090909091,0.9090909090909091,0.4394969869215134
2063,11,1,10,0.09090909090909091,0.9090909090909091,0.4394969869215134
2064,11,0,11,0.0,1.0,0.0
2065,11,3,8,0.2727272727272727,0.7272727272727273,0.8453509366224364
2066,11,3,8,0.2727272727272727,0.7272727272727273,0.8453509366224364
2067,11,0,11,0.0,1.0,0.0
2068,11,1,10,0.09090909090909091,0.9090909090909091,0.4394969869215134
2069,11,1,10,0.09090909090909091,0.9090909090909091,0.4394969869215134
2070,11,3,8,0.2727272727272727,0.7272727272727273,0.8453509366224364
2071,11,0,11,0.0,1.0,0.0
2072,11,1,10,0.09090909090909091,0.9090909090909091,0.4394969869215134
2073,11,0,11,0.0,1.0,0.0
2074,11,1,10,0.09090909090909091,0.9090909090909091,0.4394969869215134
2075,11,3,8,0.2727272727272727,0.7272727272727273,0.8453509366224364
2076,11,2,9,0.18181818181818182,0.8181818181818182,0.6840384356390418
2077,11,2,9,0.18181818181818182,0.8181818181818182,0.6840384356390418
2078,11,2,9,0.18181818181818182,0.8181818181818182,0.6840384356390418
2079,11,0,11,0.0,1.0,0.0
2080,11,1,10,0.09090909090909091,0.9090909090909091,0.4394969869215134
2081,11,3,8,0.2727272727272727,0.7272727272727273,0.8453509366224364
2082,11,4,7,0.36363636363636365,0.6363636363636364,0.9456603046006401
2083,11,1,10,0.09090909090909091,0.9090909090909091,0.4394969869215134
2084,11,2,9,0.18181818181818182,0.8181818181818182,0.6840384356390418
2085,11,1,10,0.09090909090909091,0.9090909090909091,0.4394969869215134
2086,11,2,9,0.18181818181818182,0.8181818181818182,0.6840384356390418
2087,11,4,7,0.36363636363636365,0.6363636363636364,0.9456603046006401
2088,11,2,9,0.18181818181818182,0.8181818181818182,0.6840384356390418
2089,11,2,9,0.18181818181818182,0.8181818181818182,0.6840384356390418
2090,11,0,11,0.0,1.0,0.0
2091,11,0,11,0.0,1.0,0.0
2092,11,2,9,0.18181818181818182,0.8181818181818182,0.6840384356390418
2093,11,0,11,0.0,1.0,0.0
2094,11,1,10,0.09090909090909091,0.9090909090909091,0.4394969869215134
2095,11,1,10,0.09090909090909091,0.9090909090909091,0.4394969869215134
2096,11,1,10,0.09090909090909091,0.9090909090909091,0.4394969869215134
2097,11,1,10,0.09090909090909091,0.9090909090909091,0.4394969869215134
2098,11,1,10,0.09090909090909091,0.9090909090909091,0.4394969869215134
2099,11,0,11,0.0,1.0,0.0
2100,11,1,10,0.09090909090909091,0.9090909090909091,0.4394969869215134
2101,11,5,6,0.45454545454545453,0.5454545454545454,0.9940302114769565
2102,11,1,10,0.09090909090909091,0.9090909090909091,0.4394969869215134
2103,11,2,9,0.18181818181818182,0.8181818181818182,0.6840384356390418
2104,11,0,11,0.0,1.0,0.0
2105,11,0,11,0.0,1.0,0.0
2106,11,1,10,0.09090909090909091,0.9090909090909091,0.4394969869215134
2107,11,1,10,0.09090909090909091,0.9090909090909091,0.4394969869215134
2108,11,5,6,0.45454545454545453,0.5454545454545454,0.9940302114769565
2109,11,1,10,0.09090909090909091,0.9090909090909091,0.4394969869215134
2110,11,1,10,0.09090909090909091,0.9090909090909091,0.4394969869215134
2111,11,1,10,0.09090909090909091,0.9090909090909091,0.4394969869215134
2112,11,0,11,0.0,1.0,0.0
2113,11,0,11,0.0,1.0,0.0
2114,11,1,10,0.09090909090909091,0.9090909090909091,0.4394969869215134
2115,11,0,11,0.0,1.0,0.0
2116,11,1,10,0.09090909090909091,0.9090909090909091,0.4394969869215134
2117,11,1,10,0.09090909090909091,0.9090909090909091,0.4394969869215134
2118,11,0,11,0.0,1.0,0.0
2119,11,1,10,0.09090909090909091,0.9090909090909091,0.4394969869215134
2120,11,2,9,0.18181818181818182,0.8181818181818182,0.6840384356390418
2121,11,0,11,0.0,1.0,0.0
2122,11,2,9,0.18181818181818182,0.8181818181818182,0.6840384356390418
2123,11,2,9,0.18181818181818182,0.8181818181818182,0.6840384356390418
2124,11,1,10,0.09090909090909091,0.9090909090909091,0.4394969869215134
2125,11,3,8,0.2727272727272727,0.7272727272727273,0.8453509366224364
2126,11,1,10,0.09090909090909091,0.9090909090909091,0.4394969869215134
2127,11,0,11,0.0,1.0,0.0
2128,11,1,10,0.09090909090909091,0.9090909090909091,0.4394969869215134
2129,11,1,10,0.09090909090909091,0.9090909090909091,0.4394969869215134
2130,11,1,10,0.09090909090909091,0.9090909090909091,0.4394969869215134
2131,11,2,9,0.18181818181818182,0.8181818181818182,0.6840384356390418
2132,11,0,11,0.0,1.0,0.0
2133,11,2,9,0.18181818181818182,0.8181818181818182,0.6840384356390418
2134,11,1,10,0.09090909090909091,0.9090909090909091,0.4394969869215134
2135,11,3,8,0.2727272727272727,0.7272727272727273,0.8453509366224364
2136,11,2,9,0.18181818181818182,0.8181818181818182,0.6840384356390418
2137,11,1,10,0.09090909090909091,0.9090909090909091,0.4394969869215134
2138,11,0,11,0.0,1.0,0.0
2139,11,2,9,0.18181818181818182,0.8181818181818182,0.6840384356390418
2140,11,2,9,0.18181818181818182,0.8181818181818182,0.6840384356390418
2141,11,1,10,0.09090909090909091,0.9090909090909091,0.4394969869215134
2142,11,1,10,0.09090909090909091,0.9090909090909091,0.4394969869215134
2143,11,2,9,0.18181818181818182,0.8181818181818182,0.6840384356390418
2144,11,1,10,0.09090909090909091,0.9090909090909091,0.4394969869215134
2145,11,0,11,0.0,1.0,0.0
2146,11,1,10,0.09090909090909091,0.9090909090909091,0.4394969869215134
2147,11,2,9,0.18181818181818182,0.8181818181818182,0.6840384356390418
2148,11,1,10,0.09090909090909091,0.9090909090909091,0.4394969869215134
2149,11,2,9,0.18181818181818182,0.8181818181818182,0.6840384356390418
2150,11,2,9,0.18181818181818182,0.8181818181818182,0.6840384356390418
2151,11,0,11,0.0,1.0,0.0
2152,11,3,8,0.2727272727272727,0.7272727272727273,0.8453509366224364
2153,11,1,10,0.09090909090909091,0.9090909090909091,0.4394969869215134
2154,11,3,8,0.2727272727272727,0.7272727272727273,0.8453509366224364
2155,11,3,8,0.2727272727272727,0.7272727272727273,0.8453509366224364
2156,11,1,10,0.09090909090909091,0.9090909090909091,0.4394969869215134
2157,11,1,10,0.09090909090909091,0.9090909090909091,0.4394969869215134
2158,11,3,8,0.2727272727272727,0.7272727272727273,0.8453509366224364
2159,11,3,8,0.2727272727272727,0.7272727272727273,0.8453509366224364
2160,11,1,10,0.09090909090909091,0.9090909090909091,0.4394969869215134
2161,11,1,10,0.09090909090909091,0.9090909090909091,0.4394969869215134
2162,11,1,10,0.09090909090909091,0.9090909090909091,0.4394969869215134
2163,11,2,9,0.18181818181818182,0.8181818181818182,0.6840384356390418
2164,11,2,9,0.18181818181818182,0.8181818181818182,0.6840384356390418
2165,11,1,10,0.09090909090909091,0.9090909090909091,0.4394969869215134
2166,11,0,11,0.0,1.0,0.0
2167,11,1,10,0.09090909090909091,0.9090909090909091,0.4394969869215134
2168,11,1,10,0.09090909090909091,0.9090909090909091,0.4394969869215134
2169,11,4,7,0.36363636363636365,0.6363636363636364,0.9456603046006401
2170,11,0,11,0.0,1.0,0.0
2171,11,2,9,0.18181818181818182,0.8181818181818182,0.6840384356390418
2172,11,0,11,0.0,1.0,0.0
2173,11,1,10,0.09090909090909091,0.9090909090909091,0.4394969869215134
2174,11,1,10,0.09090909090909091,0.9090909090909091,0.4394969869215134
2175,11,2,9,0.18181818181818182,0.8181818181818182,0.6840384356390418
2176,11,1,10,0.09090909090909091,0.9090909090909091,0.4394969869215134
2177,11,2,9,0.18181818181818182,0.8181818181818182,0.6840384356390418
2178,11,3,8,0.2727272727272727,0.7272727272727273,0.8453509366224364
2179,11,2,9,0.18181818181818182,0.8181818181818182,0.6840384356390418
2180,11,0,11,0.0,1.0,0.0
2181,11,3,8,0.2727272727272727,0.7272727272727273,0.8453509366224364
2182,11,2,9,0.18181818181818182,0.8181818181818182,0.6840384356390418
2183,11,0,11,0.0,1.0,0.0
2184,11,0,11,0.0,1.0,0.0
2185,11,1,10,0.09090909090909091,0.9090909090909091,0.4394969869215134
2186,11,2,9,0.18181818181818182,0.8181818181818182,0.6840384356390418
2187,11,3,8,0.2727272727272727,0.7272727272727273,0.8453509366224364
2188,11,4,7,0.36363636363636365,0.6363636363636364,0.9456603046006401
2189,11,1,10,0.09090909090909091,0.9090909090909091,0.4394969869215134
2190,11,3,8,0.2727272727272727,0.7272727272727273,0.8453509366224364
2191,11,3,8,0.2727272727272727,0.7272727272727273,0.8453509366224364
2192,11,2,9,0.18181818181818182,0.8181818181818182,0.6840384356390418
2193,11,2,9,0.18181818181818182,0.8181818181818182,0.6840384356390418
2194,11,4,7,0.36363636363636365,0.6363636363636364,0.9456603046006401
2195,11,2,9,0.18181818181818182,0.8181818181818182,0.6840384356390418
2196,11,0,11,0.0,1.0,0.0
2197,11,1,10,0.09090909090909091,0.9090909090909091,0.4394969869215134
2198,11,0,11,0.0,1.0,0.0
2199,11,1,10,0.09090909090909091,0.9090909090909091,0.4394969869215134
2200,11,2,9,0.18181818181818182,0.8181818181818182,0.6840384356390418
2201,11,0,11,0.0,1.0,0.0
2202,11,0,11,0.0,1.0,0.0
2203,11,1,10,0.09090909090909091,0.9090909090909091,0.4394969869215134
2204,11,0,11,0.0,1.0,0.0
2205,11,2,9,0.18181818181818182,0.8181818181818182,0.6840384356390418
2206,11,2,9,0.18181818181818182,0.8181818181818182,0.6840384356390418
2207,11,2,9,0.18181818181818182,0.8181818181818182,0.6840384356390418
2208,11,2,9,0.18181818181818182,0.8181818181818182,0.6840384356390418
2209,11,2,9,0.18181818181818182,0.8181818181818182,0.6840384356390418
2210,11,1,10,0.09090909090909091,0.9090909090909091,0.4394969869215134
2211,11,2,9,0.18181818181818182,0.8181818181818182,0.6840384356390418
2212,11,1,10,0.09090909090909091,0.9090909090909091,0.4394969869215134
2213,11,1,10,0.09090909090909091,0.9090909090909091,0.4394969869215134
2214,11,2,9,0.18181818181818182,0.8181818181818182,0.6840384356390418
2215,11,0,11,0.0,1.0,0.0
2216,11,3,8,0.2727272727272727,0.7272727272727273,0.8453509366224364
2217,11,1,10,0.09090909090909091,0.9090909090909091,0.4394969869215134
2218,11,3,8,0.2727272727272727,0.7272727272727273,0.8453509366224364
2219,11,2,9,0.18181818181818182,0.8181818181818182,0.6840384356390418
2220,11,2,9,0.18181818181818182,0.8181818181818182,0.6840384356390418
2221,11,1,10,0.09090909090909091,0.9090909090909091,0.4394969869215134
2222,11,0,11,0.0,1.0,0.0
2223,11,3,8,0.2727272727272727,0.7272727272727273,0.8453509366224364
2224,11,1,10,0.09090909090909091,0.9090909090909091,0.4394969869215134
2225,11,1,10,0.09090909090909091,0.9090909090909091,0.4394969869215134
2226,11,1,10,0.09090909090909091,0.9090909090909091,0.4394969869215134
2227,11,3,8,0.2727272727272727,0.7272727272727273,0.8453509366224364
2228,11,2,9,0.18181818181818182,0.8181818181818182,0.6840384356390418
2229,11,0,11,0.0,1.0,0.0
2230,11,2,9,0.18181818181818182,0.8181818181818182,0.6840384356390418
2231,11,1,10,0.09090909090909091,0.9090909090909091,0.4394969869215134
2232,11,2,9,0.18181818181818182,0.8181818181818182,0.6840384356390418
2233,11,1,10,0.09090909090909091,0.9090909090909091,0.4394969869215134
2234,11,0,11,0.0,1.0,0.0
2235,11,0,11,0.0,1.0,0.0
2236,11,1,10,0.09090909090909091,0.9090909090909091,0.4394969869215134
2237,11,3,8,0.2727272727272727,0.7272727272727273,0.8453509366224364
2238,11,0,11,0.0,1.0,0.0
2239,11,2,9,0.18181818181818182,0.8181818181818182,0.6840384356390418
2240,11,1,10,0.09090909090909091,0.9090909090909091,0.4394969869215134
2241,11,1,10,0.09090909090909091,0.9090909090909091,0.4394969869215134
2242,11,4,7,0.36363636363636365,0.6363636363636364,0.9456603046006401
2243,11,1,10,0.09090909090909091,0.9090909090909091,0.4394969869215134
2244,11,3,8,0.2727272727272727,0.7272727272727273,0.8453509366224364
2245,11,2,9,0.18181818181818182,0.8181818181818182,0.6840384356390418
2246,11,1,10,0.09090909090909091,0.9090909090909091,0.4394969869215134
2247,11,1,10,0.09090909090909091,0.9090909090909091,0.4394969869215134
2248,11,1,10,0.09090909090909091,0.9090909090909091,0.4394969869215134
2249,11,1,10,0.09090909090909091,0.9090909090909091,0.4394969869215134
2250,11,4,7,0.36363636363636365,0.6363636363636364,0.9456603046006401
2251,11,0,11,0.0,1.0,0.0
2252,11,1,10,0.09090909090909091,0.9090909090909091,0.4394969869215134
2253,11,2,9,0.18181818181818182,0.8181818181818182,0.6840384356390418
2254,11,3,8,0.2727272727272727,0.7272727272727273,0.8453509366224364
2255,11,1,10,0.09090909090909091,0.9090909090909091,0.4394969869215134
2256,11,0,11,0.0,1.0,0.0
2257,11,5,6,0.45454545454545453,0.5454545454545454,0.9940302114769565
2258,11,1,10,0.09090909090909091,0.9090909090909091,0.4394969869215134
2259,11,0,11,0.0,1.0,0.0
2260,11,1,10,0.09090909090909091,0.9090909090909091,0.4394969869215134
2261,11,1,10,0.09090909090909091,0.9090909090909091,0.4394969869215134
2262,11,3,8,0.2727272727272727,0.7272727272727273,0.8453509366224364
2263,11,1,10,0.09090909090909091,0.9090909090909091,0.4394969869215134
2264,11,2,9,0.18181818181818182,0.8181818181818182,0.6840384356390418
2265,11,1,10,0.09090909090909091,0.9090909090909091,0.4394969869215134
2266,11,4,7,0.36363636363636365,0.6363636363636364,0.9456603046006401
2267,11,2,9,0.18181818181818182,0.8181818181818182,0.6840384356390418
2268,11,1,10,0.09090909090909091,0.9090909090909091,0.4394969869215134
2269,11,1,10,0.09090909090909091,0.9090909090909091,0.4394969869215134
2270,11,2,9,0.18181818181818182,0.8181818181818182,0.6840384356390418
2271,11,2,9,0.18181818181818182,0.8181818181818182,0.6840384356390418
2272,11,2,9,0.18181818181818182,0.8181818181818182,0.6840384356390418
2273,11,1,10,0.09090909090909091,0.9090909090909091,0.4394969869215134
2274,11,1,10,0.09090909090909091,0.9090909090909091,0.4394969869215134
2275,11,1,10,0.09090909090909091,0.9090909090909091,0.4394969869215134
2276,11,2,9,0.18181818181818182,0.8181818181818182,0.6840384356390418
2277,11,2,9,0.18181818181818182,0.8181818181818182,0.6840384356390418
2278,11,2,9,0.18181818181818182,0.8181818181818182,0.6840384356390418
2279,11,2,9,0.18181818181818182,0.8181818181818182,0.6840384356390418
2280,11,0,11,0.0,1.0,0.0
2281,11,0,11,0.0,1.0,0.0
2282,11,1,10,0.09090909090909091,0.9090909090909091,0.4394969869215134
2283,11,3,8,0.2727272727272727,0.7272727272727273,0.8453509366224364
2284,11,1,10,0.09090909090909091,0.9090909090909091,0.4394969869215134
2285,11,2,9,0.18181818181818182,0.8181818181818182,0.6840384356390418
2286,11,1,10,0.09090909090909091,0.9090909090909091,0.4394969869215134
2287,11,4,7,0.36363636363636365,0.6363636363636364,0.9456603046006401
2288,11,0,11,0.0,1.0,0.0
2289,11,2,9,0.18181818181818182,0.8181818181818182,0.6840384356390418
2290,11,1,10,0.09090909090909091,0.9090909090909091,0.4394969869215134
2291,11,0,11,0.0,1.0,0.0
2292,11,3,8,0.2727272727272727,0.7272727272727273,0.8453509366224364
2293,11,0,11,0.0,1.0,0.0
2294,11,1,10,0.09090909090909091,0.9090909090909091,0.4394969869215134
2295,11,2,9,0.18181818181818182,0.8181818181818182,0.6840384356390418
2296,11,1,10,0.09090909090909091,0.9090909090909091,0.4394969869215134
2297,11,0,11,0.0,1.0,0.0
2298,11,1,10,0.09090909090909091,0.9090909090909091,0.4394969869215134
2299,11,0,11,0.0,1.0,0.0
2300,11,2,9,0.18181818181818182,0.8181818181818182,0.6840384356390418
2301,11,3,8,0.2727272727272727,0.7272727272727273,0.8453509366224364
2302,11,0,11,0.0,1.0,0.0
2303,11,1,10,0.09090909090909091,0.9090909090909091,0.4394969869215134
2304,11,1,10,0.09090909090909091,0.9090909090909091,0.4394969869215134
2305,11,2,9,0.18181818181818182,0.8181818181818182,0.6840384356390418
2306,11,2,9,0.18181818181818182,0.8181818181818182,0.6840384356390418
2307,11,2,9,0.18181818181818182,0.8181818181818182,0.6840384356390418
2308,11,2,9,0.18181818181818182,0.8181818181818182,0.6840384356390418
2309,11,3,8,0.2727272727272727,0.7272727272727273,0.8453509366224364
2310,11,1,10,0.09090909090909091,0.9090909090909091,0.4394969869215134
2311,11,3,8,0.2727272727272727,0.7272727272727273,0.8453509366224364
2312,11,3,8,0.2727272727272727,0.7272727272727273,0.8453509366224364
2313,11,0,11,0.0,1.0,0.0
2314,11,1,10,0.09090909090909091,0.9090909090909091,0.4394969869215134
2315,11,2,9,0.18181818181818182,0.8181818181818182,0.6840384356390418
2316,11,1,10,0.09090909090909091,0.9090909090909091,0.4394969869215134
2317,11,1,10,0.09090909090909091,0.9090909090909091,0.4394969869215134
2318,11,2,9,0.18181818181818182,0.8181818181818182,0.6840384356390418
2319,11,0,11,0.0,1.0,0.0
2320,11,1,10,0.09090909090909091,0.9090909090909091,0.4394969869215134
2321,11,1,10,0.09090909090909091,0.9090909090909091,0.4394969869215134
2322,11,0,11,0.0,1.0,0.0
2323,11,1,10,0.09090909090909091,0.9090909090909091,0.4394969869215134
2324,11,1,10,0.09090909090909091,0.9090909090909091,0.4394969869215134
2325,11,3,8,0.2727272727272727,0.7272727272727273,0.8453509366224364
2326,11,2,9,0.18181818181818182,0.8181818181818182,0.6840384356390418
2327,11,0,11,0.0,1.0,0.0
2328,11,1,10,0.09090909090909091,0.9090909090909091,0.4394969869215134
2329,11,2,9,0.18181818181818182,0.8181818181818182,0.6840384356390418
2330,11,1,10,0.09090909090909091,0.9090909090909091,0.4394969869215134
2331,11,2,9,0.18181818181818182,0.8181818181818182,0.6840384356390418
2332,11,2,9,0.18181818181818182,0.8181818181818182,0.6840384356390418
2333,11,1,10,0.09090909090909091,0.9090909090909091,0.4394969869215134
2334,11,0,11,0.0,1.0,0.0
2335,11,1,10,0.09090909090909091,0.9090909090909091,0.4394969869215134
2336,11,4,7,0.36363636363636365,0.6363636363636364,0.9456603046006401
2337,11,2,9,0.18181818181818182,0.8181818181818182,0.6840384356390418
2338,11,0,11,0.0,1.0,0.0
2339,11,2,9,0.18181818181818182,0.8181818181818182,0.6840384356390418
2340,11,2,9,0.18181818181818182,0.8181818181818182,0.6840384356390418
2341,11,1,10,0.09090909090909091,0.9090909090909091,0.4394969869215134
2342,11,1,10,0.09090909090909091,0.9090909090909091,0.4394969869215134
2343,11,2,9,0.18181818181818182,0.8181818181818182,0.6840384356390418
2344,11,3,8,0.2727272727272727,0.7272727272727273,0.8453509366224364
2345,11,1,10,0.09090909090909091,0.9090909090909091,0.4394969869215134
2346,11,1,10,0.09090909090909091,0.9090909090909091,0.4394969869215134
2347,11,1,10,0.09090909090909091,0.9090909090909091,0.4394969869215134
2348,11,2,9,0.18181818181818182,0.8181818181818182,0.6840384356390418
2349,11,2,9,0.18181818181818182,0.8181818181818182,0.6840384356390418
2350,11,3,8,0.2727272727272727,0.7272727272727273,0.8453509366224364
2351,11,2,9,0.18181818181818182,0.8181818181818182,0.6840384356390418
2352,11,1,10,0.09090909090909091,0.9090909090909091,0.4394969869215134
2353,11,2,9,0.18181818181818182,0.8181818181818182,0.6840384356390418
2354,11,2,9,0.18181818181818182,0.8181818181818182,0.6840384356390418
2355,11,2,9,0.18181818181818182,0.8181818181818182,0.6840384356390418
2356,11,5,6,0.45454545454545453,0.5454545454545454,0.9940302114769565
2357,11,0,11,0.0,1.0,0.0
2358,11,2,9,0.18181818181818182,0.8181818181818182,0.6840384356390418
2359,11,0,11,0.0,1.0,0.0
2360,11,1,10,0.09090909090909091,0.9090909090909091,0.4394969869215134
2361,11,4,7,0.36363636363636365,0.6363636363636364,0.9456603046006401
2362,11,2,9,0.18181818181818182,0.8181818181818182,0.6840384356390418
2363,11,2,9,0.18181818181818182,0.8181818181818182,0.6840384356390418
2364,11,3,8,0.2727272727272727,0.7272727272727273,0.8453509366224364
2365,11,3,8,0.2727272727272727,0.7272727272727273,0.8453509366224364
2366,11,1,10,0.09090909090909091,0.9090909090909091,0.4394969869215134
2367,11,1,10,0.09090909090909091,0.9090909090909091,0.4394969869215134
2368,11,3,8,0.2727272727272727,0.7272727272727273,0.8453509366224364
2369,11,3,8,0.2727272727272727,0.7272727272727273,0.8453509366224364
2370,11,3,8,0.2727272727272727,0.7272727272727273,0.8453509366224364
2371,11,1,10,0.09090909090909091,0.9090909090909091,0.4394969869215134
2372,11,1,10,0.09090909090909091,0.9090909090909091,0.4394969869215134
2373,11,4,7,0.36363636363636365,0.6363636363636364,0.9456603046006401
2374,11,1,10,0.09090909090909091,0.9090909090909091,0.4394969869215134
2375,11,1,10,0.09090909090909091,0.9090909090909091,0.4394969869215134
2376,11,0,11,0.0,1.0,0.0
2377,11,1,10,0.09090909090909091,0.9090909090909091,0.4394969869215134
2378,11,1,10,0.09090909090909091,0.9090909090909091,0.4394969869215134
2379,11,2,9,0.18181818181818182,0.8181818181818182,0.6840384356390418
2380,11,1,10,0.09090909090909091,0.9090909090909091,0.4394969869215134
2381,11,2,9,0.18181818181818182,0.8181818181818182,0.6840384356390418
2382,11,3,8,0.2727272727272727,0.7272727272727273,0.8453509366224364
2383,11,2,9,0.18181818181818182,0.8181818181818182,0.6840384356390418
2384,11,3,8,0.2727272727272727,0.7272727272727273,0.8453509366224364
2385,11,3,8,0.2727272727272727,0.7272727272727273,0.8453509366224364
2386,11,4,7,0.36363636363636365,0.6363636363636364,0.9456603046006401
2387,11,1,10,0.09090909090909091,0.9090909090909091,0.4394969869215134
2388,11,2,9,0.18181818181818182,0.8181818181818182,0.6840384356390418
2389,11,1,10,0.09090909090909091,0.9090909090909091,0.4394969869215134
2390,11,1,10,0.09090909090909091,0.9090909090909091,0.4394969869215134
2391,11,1,10,0.09090909090909091,0.9090909090909091,0.4394969869215134
2392,11,1,10,0.09090909090909091,0.9090909090909091,0.4394969869215134
2393,11,2,9,0.18181818181818182,0.8181818181818182,0.6840384356390418
2394,11,0,11,0.0,1.0,0.0
2395,11,1,10,0.09090909090909091,0.9090909090909091,0.4394969869215134
2396,11,1,10,0.09090909090909091,0.9090909090909091,0.4394969869215134
2397,11,4,7,0.36363636363636365,0.6363636363636364,0.9456603046006401
2398,11,1,10,0.09090909090909091,0.9090909090909091,0.4394969869215134
2399,11,0,11,0.0,1.0,0.0
2400,11,0,11,0.0,1.0,0.0
2401,11,0,11,0.0,1.0,0.0
2402,11,2,9,0.18181818181818182,0.8181818181818182,0.6840384356390418
2403,11,3,8,0.2727272727272727,0.7272727272727273,0.8453509366224364
2404,11,1,10,0.09090909090909091,0.9090909090909091,0.4394969869215134
2405,11,2,9,0.18181818181818182,0.8181818181818182,0.6840384356390418
2406,11,2,9,0.18181818181818182,0.8181818181818182,0.6840384356390418
2407,11,2,9,0.18181818181818182,0.8181818181818182,0.6840384356390418
2408,11,1,10,0.09090909090909091,0.9090909090909091,0.4394969869215134
2409,11,1,10,0.09090909090909091,0.9090909090909091,0.4394969869215134
2410,11,2,9,0.18181818181818182,0.8181818181818182,0.6840384356390418
2411,11,3,8,0.2727272727272727,0.7272727272727273,0.8453509366224364
2412,11,1,10,0.09090909090909091,0.9090909090909091,0.4394969869215134
2413,11,0,11,0.0,1.0,0.0
2414,11,4,7,0.36363636363636365,0.6363636363636364,0.9456603046006401
2415,11,4,7,0.36363636363636365,0.6363636363636364,0.9456603046006401
2416,11,2,9,0.18181818181818182,0.8181818181818182,0.6840384356390418
2417,11,3,8,0.2727272727272727,0.7272727272727273,0.8453509366224364
2418,11,2,9,0.18181818181818182,0.8181818181818182,0.6840384356390418
2419,11,1,10,0.09090909090909091,0.9090909090909091,0.4394969869215134
2420,11,2,9,0.18181818181818182,0.8181818181818182,0.6840384356390418
2421,11,0,11,0.0,1.0,0.0
2422,11,0,11,0.0,1.0,0.0
2423,11,0,11,0.0,1.0,0.0
2424,11,0,11,0.0,1.0,0.0
2425,11,1,10,0.09090909090909091,0.9090909090909091,0.4394969869215134
2426,11,3,8,0.2727272727272727,0.7272727272727273,0.8453509366224364
2427,11,2,9,0.18181818181818182,0.8181818181818182,0.6840384356390418
2428,11,3,8,0.2727272727272727,0.7272727272727273,0.8453509366224364
2429,11,4,7,0.36363636363636365,0.6363636363636364,0.9456603046006401
2430,11,0,11,0.0,1.0,0.0
2431,11,1,10,0.09090909090909091,0.9090909090909091,0.4394969869215134
2432,11,4,7,0.36363636363636365,0.6363636363636364,0.9456603046006401
2433,11,2,9,0.18181818181818182,0.8181818181818182,0.6840384356390418
2434,11,1,10,0.09090909090909091,0.9090909090909091,0.4394969869215134
2435,11,1,10,0.09090909090909091,0.9090909090909091,0.4394969869215134
2436,11,2,9,0.18181818181818182,0.8181818181818182,0.6840384356390418
2437,11,4,7,0.36363636363636365,0.6363636363636364,0.9456603046006401
2438,11,2,9,0.18181818181818182,0.8181818181818182,0.6840384356390418
2439,11,1,10,0.09090909090909091,0.9090909090909091,0.4394969869215134
2440,11,1,10,0.09090909090909091,0.9090909090909091,0.4394969869215134
2441,11,1,10,0.09090909090909091,0.9090909090909091,0.4394969869215134
2442,11,2,9,0.18181818181818182,0.8181818181818182,0.6840384356390418
2443,11,5,6,0.45454545454545453,0.5454545454545454,0.9940302114769565
2444,11,1,10,0.09090909090909091,0.9090909090909091,0.4394969869215134
2445,11,3,8,0.2727272727272727,0.7272727272727273,0.8453509366224364
2446,11,2,9,0.18181818181818182,0.8181818181818182,0.6840384356390418
2447,11,0,11,0.0,1.0,0.0
2448,11,2,9,0.18181818181818182,0.8181818181818182,0.6840384356390418
2449,11,3,8,0.2727272727272727,0.7272727272727273,0.8453509366224364
2450,11,2,9,0.18181818181818182,0.8181818181818182,0.6840384356390418
2451,11,3,8,0.2727272727272727,0.7272727272727273,0.8453509366224364
2452,11,1,10,0.09090909090909091,0.9090909090909091,0.4394969869215134
2453,11,1,10,0.09090909090909091,0.9090909090909091,0.4394969869215134
2454,11,1,10,0.09090909090909091,0.9090909090909091,0.4394969869215134
2455,11,0,11,0.0,1.0,0.0
2456,11,1,10,0.09090909090909091,0.9090909090909091,0.4394969869215134
2457,11,1,10,0.09090909090909091,0.9090909090909091,0.4394969869215134
2458,11,0,11,0.0,1.0,0.0
2459,11,1,10,0.09090909090909091,0.9090909090909091,0.4394969869215134
2460,11,2,9,0.18181818181818182,0.8181818181818182,0.6840384356390418
2461,11,0,11,0.0,1.0,0.0
2462,11,0,11,0.0,1.0,0.0
2463,11,0,11,0.0,1.0,0.0
2464,11,1,10,0.09090909090909091,0.9090909090909091,0.4394969869215134
2465,11,0,11,0.0,1.0,0.0
2466,11,2,9,0.18181818181818182,0.8181818181818182,0.6840384356390418
2467,11,3,8,0.2727272727272727,0.7272727272727273,0.8453509366224364
2468,11,1,10,0.09090909090909091,0.9090909090909091,0.4394969869215134
2469,11,0,11,0.0,1.0,0.0
2470,11,0,11,0.0,1.0,0.0
2471,11,3,8,0.2727272727272727,0.7272727272727273,0.8453509366224364
2472,11,1,10,0.09090909090909091,0.9090909090909091,0.4394969869215134
2473,11,1,10,0.09090909090909091,0.9090909090909091,0.4394969869215134
2474,11,2,9,0.18181818181818182,0.8181818181818182,0.6840384356390418
2475,11,1,10,0.09090909090909091,0.9090909090909091,0.4394969869215134
2476,11,3,8,0.2727272727272727,0.7272727272727273,0.8453509366224364
2477,11,1,10,0.09090909090909091,0.9090909090909091,0.4394969869215134
2478,11,1,10,0.09090909090909091,0.9090909090909091,0.4394969869215134
2479,11,1,10,0.09090909090909091,0.9090909090909091,0.4394969869215134
2480,11,1,10,0.09090909090909091,0.9090909090909091,0.4394969869215134
2481,11,0,11,0.0,1.0,0.0
2482,11,2,9,0.18181818181818182,0.8181818181818182,0.6840384356390418
2483,11,4,7,0.36363636363636365,0.6363636363636364,0.9456603046006401
2484,11,1,10,0.09090909090909091,0.9090909090909091,0.4394969869215134
2485,11,2,9,0.18181818181818182,0.8181818181818182,0.6840384356390418
2486,11,3,8,0.2727272727272727,0.7272727272727273,0.8453509366224364
2487,11,1,10,0.09090909090909091,0.9090909090909091,0.4394969869215134
2488,11,3,8,0.2727272727272727,0.7272727272727273,0.8453509366224364
2489,11,3,8,0.2727272727272727,0.7272727272727273,0.8453509366224364
2490,11,1,10,0.09090909090909091,0.9090909090909091,0.4394969869215134
2491,11,2,9,0.18181818181818182,0.8181818181818182,0.6840384356390418
2492,11,2,9,0.18181818181818182,0.8181818181818182,0.6840384356390418
2493,11,0,11,0.0,1.0,0.0
2494,11,3,8,0.2727272727272727,0.7272727272727273,0.8453509366224364
2495,11,2,9,0.18181818181818182,0.8181818181818182,0.6840384356390418
2496,11,3,8,0.2727272727272727,0.7272727272727273,0.8453509366224364
2497,11,2,9,0.18181818181818182,0.8181818181818182,0.6840384356390418
2498,11,4,7,0.36363636363636365,0.6363636363636364,0.9456603046006401
2499,11,0,11,0.0,1.0,0.0
2500,11,3,8,0.2727272727272727,0.7272727272727273,0.8453509366224364
2501,11,1,10,0.09090909090909091,0.9090909090909091,0.4394969869215134
2502,11,1,10,0.09090909090909091,0.9090909090909091,0.4394969869215134
2503,11,0,11,0.0,1.0,0.0
2504,11,1,10,0.09090909090909091,0.9090909090909091,0.4394969869215134
2505,11,1,10,0.09090909090909091,0.9090909090909091,0.4394969869215134
2506,11,0,11,0.0,1.0,0.0
2507,11,3,8,0.2727272727272727,0.7272727272727273,0.8453509366224364
2508,11,1,10,0.09090909090909091,0.9090909090909091,0.4394969869215134
2509,11,1,10,0.09090909090909091,0.9090909090909091,0.4394969869215134
2510,11,1,10,0.09090909090909091,0.9090909090909091,0.4394969869215134
2511,11,1,10,0.09090909090909091,0.9090909090909091,0.4394969869215134
2512,11,0,11,0.0,1.0,0.0
2513,11,0,11,0.0,1.0,0.0
2514,11,1,10,0.09090909090909091,0.9090909090909091,0.4394969869215134
2515,11,2,9,0.18181818181818182,0.8181818181818182,0.6840384356390418
2516,11,1,10,0.09090909090909091,0.9090909090909091,0.4394969869215134
2517,11,3,8,0.2727272727272727,0.7272727272727273,0.8453509366224364
2518,11,4,7,0.36363636363636365,0.6363636363636364,0.9456603046006401
2519,11,1,10,0.09090909090909091,0.9090909090909091,0.4394969869215134
2520,11,1,10,0.09090909090909091,0.9090909090909091,0.4394969869215134
2521,11,2,9,0.18181818181818182,0.8181818181818182,0.6840384356390418
2522,11,4,7,0.36363636363636365,0.6363636363636364,0.9456603046006401
2523,11,1,10,0.09090909090909091,0.9090909090909091,0.4394969869215134
2524,11,4,7,0.36363636363636365,0.6363636363636364,0.9456603046006401
2525,11,2,9,0.18181818181818182,0.8181818181818182,0.6840384356390418
2526,11,2,9,0.18181818181818182,0.8181818181818182,0.6840384356390418
2527,11,0,11,0.0,1.0,0.0
2528,11,1,10,0.09090909090909091,0.9090909090909091,0.4394969869215134
2529,11,2,9,0.18181818181818182,0.8181818181818182,0.6840384356390418
2530,11,2,9,0.18181818181818182,0.8181818181818182,0.6840384356390418
2531,11,2,9,0.18181818181818182,0.8181818181818182,0.6840384356390418
2532,11,2,9,0.18181818181818182,0.8181818181818182,0.6840384356390418
2533,11,2,9,0.18181818181818182,0.8181818181818182,0.6840384356390418
2534,11,1,10,0.09090909090909091,0.9090909090909091,0.4394969869215134
2535,11,1,10,0.09090909090909091,0.9090909090909091,0.4394969869215134
2536,11,3,8,0.2727272727272727,0.7272727272727273,0.8453509366224364
2537,11,4,7,0.36363636363636365,0.6363636363636364,0.9456603046006401
2538,11,3,8,0.2727272727272727,0.7272727272727273,0.8453509366224364
2539,11,1,10,0.09090909090909091,0.9090909090909091,0.4394969869215134
2540,11,1,10,0.09090909090909091,0.9090909090909091,0.4394969869215134
2541,11,1,10,0.09090909090909091,0.9090909090909091,0.4394969869215134
2542,11,0,11,0.0,1.0,0.0
2543,11,1,10,0.09090909090909091,0.9090909090909091,0.4394969869215134
2544,11,2,9,0.18181818181818182,0.8181818181818182,0.6840384356390418
2545,11,2,9,0.18181818181818182,0.8181818181818182,0.6840384356390418
2546,11,1,10,0.09090909090909091,0.9090909090909091,0.4394969869215134
2547,11,1,10,0.09090909090909091,0.9090909090909091,0.4394969869215134
2548,11,1,10,0.09090909090909091,0.9090909090909091,0.4394969869215134
2549,11,0,11,0.0,1.0,0.0
2550,11,1,10,0.09090909090909091,0.9090909090909091,0.4394969869215134
2551,11,3,8,0.2727272727272727,0.7272727272727273,0.8453509366224364
2552,11,2,9,0.18181818181818182,0.8181818181818182,0.6840384356390418
2553,11,1,10,0.09090909090909091,0.9090909090909091,0.4394969869215134
2554,11,0,11,0.0,1.0,0.0
2555,11,1,10,0.09090909090909091,0.9090909090909091,0.4394969869215134
2556,11,3,8,0.2727272727272727,0.7272727272727273,0.8453509366224364
2557,11,0,11,0.0,1.0,0.0
2558,11,1,10,0.09090909090909091,0.9090909090909091,0.4394969869215134
2559,11,2,9,0.18181818181818182,0.8181818181818182,0.6840384356390418
2560,11,0,11,0.0,1.0,0.0
2561,11,2,9,0.18181818181818182,0.8181818181818182,0.6840384356390418
2562,11,2,9,0.18181818181818182,0.8181818181818182,0.6840384356390418
2563,11,3,8,0.2727272727272727,0.7272727272727273,0.8453509366224364
2564,11,2,9,0.18181818181818182,0.8181818181818182,0.6840384356390418
2565,11,4,7,0.36363636363636365,0.6363636363636364,0.9456603046006401
2566,11,2,9,0.18181818181818182,0.8181818181818182,0.6840384356390418
2567,11,1,10,0.09090909090909091,0.9090909090909091,0.4394969869215134
2568,11,1,10,0.09090909090909091,0.9090909090909091,0.4394969869215134
2569,11,2,9,0.18181818181818182,0.8181818181818182,0.6840384356390418
2570,11,0,11,0.0,1.0,0.0
2571,11,2,9,0.18181818181818182,0.8181818181818182,0.6840384356390418
2572,11,3,8,0.2727272727272727,0.7272727272727273,0.8453509366224364
2573,11,3,8,0.2727272727272727,0.7272727272727273,0.8453509366224364
2574,11,0,11,0.0,1.0,0.0
2575,11,2,9,0.18181818181818182,0.8181818181818182,0.6840384356390418
2576,11,2,9,0.18181818181818182,0.8181818181818182,0.6840384356390418
2577,11,1,10,0.09090909090909091,0.9090909090909091,0.4394969869215134
2578,11,0,11,0.0,1.0,0.0
2579,11,2,9,0.18181818181818182,0.8181818181818182,0.6840384356390418
2580,11,2,9,0.18181818181818182,0.8181818181818182,0.6840384356390418
2581,11,2,9,0.18181818181818182,0.8181818181818182,0.6840384356390418
2582,11,1,10,0.09090909090909091,0.9090909090909091,0.4394969869215134
2583,11,1,10,0.09090909090909091,0.9090909090909091,0.4394969869215134
2584,11,2,9,0.18181818181818182,0.8181818181818182,0.6840384356390418
2585,11,2,9,0.18181818181818182,0.8181818181818182,0.6840384356390418
2586,11,1,10,0.09090909090909091,0.9090909090909091,0.4394969869215134
2587,11,1,10,0.09090909090909091,0.9090909090909091,0.4394969869215134
2588,11,3,8,0.2727272727272727,0.7272727272727273,0.8453509366224364
2589,11,1,10,0.09090909090909091,0.9090909090909091,0.4394969869215134
2590,11,2,9,0.18181818181818182,0.8181818181818182,0.6840384356390418
2591,11,0,11,0.0,1.0,0.0
2592,11,1,10,0.09090909090909091,0.9090909090909091,0.4394969869215134
2593,11,0,11,0.0,1.0,0.0
2594,11,2,9,0.18181818181818182,0.8181818181818182,0.6840384356390418
2595,11,2,9,0.18181818181818182,0.8181818181818182,0.6840384356390418
2596,11,0,11,0.0,1.0,0.0
2597,11,2,9,0.18181818181818182,0.8181818181818182,0.6840384356390418
2598,11,1,10,0.09090909090909091,0.9090909090909091,0.4394969869215134
2599,11,3,8,0.2727272727272727,0.7272727272727273,0.8453509366224364
2600,11,0,11,0.0,1.0,0.0
2601,11,1,10,0.09090909090909091,0.9090909090909091,0.4394969869215134
2602,11,0,11,0.0,1.0,0.0
2603,11,1,10,0.09090909090909091,0.9090909090909091,0.4394969869215134
2604,11,1,10,0.09090909090909091,0.9090909090909091,0.4394969869215134
2605,11,3,8,0.2727272727272727,0.7272727272727273,0.8453509366224364
2606,11,2,9,0.18181818181818182,0.8181818181818182,0.6840384356390418
2607,11,2,9,0.18181818181818182,0.8181818181818182,0.6840384356390418
2608,11,2,9,0.18181818181818182,0.8181818181818182,0.6840384356390418
2609,11,2,9,0.18181818181818182,0.8181818181818182,0.6840384356390418
2610,11,0,11,0.0,1.0,0.0
2611,11,1,10,0.09090909090909091,0.9090909090909091,0.4394969869215134
2612,11,3,8,0.2727272727272727,0.7272727272727273,0.8453509366224364
2613,11,2,9,0.18181818181818182,0.8181818181818182,0.6840384356390418
2614,11,0,11,0.0,1.0,0.0
2615,11,2,9,0.18181818181818182,0.8181818181818182,0.6840384356390418
2616,11,1,10,0.09090909090909091,0.9090909090909091,0.4394969869215134
2617,11,2,9,0.18181818181818182,0.8181818181818182,0.6840384356390418
2618,11,2,9,0.18181818181818182,0.8181818181818182,0.6840384356390418
2619,11,2,9,0.18181818181818182,0.8181818181818182,0.6840384356390418
2620,11,1,10,0.09090909090909091,0.9090909090909091,0.4394969869215134
2621,11,0,11,0.0,1.0,0.0
2622,11,0,11,0.0,1.0,0.0
2623,11,2,9,0.18181818181818182,0.8181818181818182,0.6840384356390418
2624,11,2,9,0.18181818181818182,0.8181818181818182,0.6840384356390418
2625,11,2,9,0.18181818181818182,0.8181818181818182,0.6840384356390418
2626,11,2,9,0.18181818181818182,0.8181818181818182,0.6840384356390418
2627,11,0,11,0.0,1.0,0.0
2628,11,2,9,0.18181818181818182,0.8181818181818182,0.6840384356390418
2629,11,1,10,0.09090909090909091,0.9090909090909091,0.4394969869215134
2630,11,2,9,0.18181818181818182,0.8181818181818182,0.6840384356390418
2631,11,1,10,0.09090909090909091,0.9090909090909091,0.4394969869215134
2632,11,0,11,0.0,1.0,0.0
2633,11,2,9,0.18181818181818182,0.8181818181818182,0.6840384356390418
2634,11,2,9,0.18181818181818182,0.8181818181818182,0.6840384356390418
2635,11,1,10,0.09090909090909091,0.9090909090909091,0.4394969869215134
2636,11,2,9,0.18181818181818182,0.8181818181818182,0.6840384356390418
2637,11,1,10,0.09090909090909091,0.9090909090909091,0.4394969869215134
2638,11,1,10,0.09090909090909091,0.9090909090909091,0.4394969869215134
2639,11,4,7,0.36363636363636365,0.6363636363636364,0.9456603046006401
2640,11,0,11,0.0,1.0,0.0
2641,11,1,10,0.09090909090909091,0.9090909090909091,0.4394969869215134
2642,11,1,10,0.09090909090909091,0.9090909090909091,0.4394969869215134
2643,11,0,11,0.0,1.0,0.0
2644,11,2,9,0.18181818181818182,0.8181818181818182,0.6840384356390418
2645,11,1,10,0.09090909090909091,0.9090909090909091,0.4394969869215134
2646,11,0,11,0.0,1.0,0.0
2647,11,0,11,0.0,1.0,0.0
2648,11,3,8,0.2727272727272727,0.7272727272727273,0.8453509366224364
2649,11,2,9,0.18181818181818182,0.8181818181818182,0.6840384356390418
2650,11,1,10,0.09090909090909091,0.9090909090909091,0.4394969869215134
2651,11,3,8,0.2727272727272727,0.7272727272727273,0.8453509366224364
2652,11,1,10,0.09090909090909091,0.9090909090909091,0.4394969869215134
2653,11,1,10,0.09090909090909091,0.9090909090909091,0.4394969869215134
2654,11,2,9,0.18181818181818182,0.8181818181818182,0.6840384356390418
2655,11,2,9,0.18181818181818182,0.8181818181818182,0.6840384356390418
2656,11,2,9,0.18181818181818182,0.8181818181818182,0.6840384356390418
2657,11,2,9,0.18181818181818182,0.8181818181818182,0.6840384356390418
2658,11,1,10,0.09090909090909091,0.9090909090909091,0.4394969869215134
2659,11,2,9,0.18181818181818182,0.8181818181818182,0.6840384356390418
2660,11,1,10,0.09090909090909091,0.9090909090909091,0.4394969869215134
2661,11,0,11,0.0,1.0,0.0
2662,11,2,9,0.18181818181818182,0.8181818181818182,0.6840384356390418
2663,11,3,8,0.2727272727272727,0.7272727272727273,0.8453509366224364
2664,11,1,10,0.09090909090909091,0.9090909090909091,0.4394969869215134
2665,11,0,11,0.0,1.0,0.0
2666,11,2,9,0.18181818181818182,0.8181818181818182,0.6840384356390418
2667,11,4,7,0.36363636363636365,0.6363636363636364,0.9456603046006401
2668,11,1,10,0.09090909090909091,0.9090909090909091,0.4394969869215134
2669,11,2,9,0.18181818181818182,0.8181818181818182,0.6840384356390418
2670,11,2,9,0.18181818181818182,0.8181818181818182,0.6840384356390418
2671,11,2,9,0.18181818181818182,0.8181818181818182,0.6840384356390418
2672,11,1,10,0.09090909090909091,0.9090909090909091,0.4394969869215134
2673,11,2,9,0.18181818181818182,0.8181818181818182,0.6840384356390418
2674,11,2,9,0.18181818181818182,0.8181818181818182,0.6840384356390418
2675,11,2,9,0.18181818181818182,0.8181818181818182,0.6840384356390418
2676,11,4,7,0.36363636363636365,0.6363636363636364,0.9456603046006401
2677,11,1,10,0.09090909090909091,0.9090909090909091,0.4394969869215134
2678,11,1,10,0.09090909090909091,0.9090909090909091,0.4394969869215134
2679,11,1,10,0.09090909090909091,0.9090909090909091,0.4394969869215134
2680,11,1,10,0.09090909090909091,0.9090909090909091,0.4394969869215134
2681,11,1,10,0.09090909090909091,0.9090909090909091,0.4394969869215134
2682,11,2,9,0.18181818181818182,0.8181818181818182,0.6840384356390418
2683,11,1,10,0.09090909090909091,0.9090909090909091,0.4394969869215134
2684,11,2,9,0.18181818181818182,0.8181818181818182,0.6840384356390418
2685,11,0,11,0.0,1.0,0.0
2686,11,0,11,0.0,1.0,0.0
2687,11,2,9,0.18181818181818182,0.8181818181818182,0.6840384356390418
2688,11,0,11,0.0,1.0,0.0
2689,11,3,8,0.2727272727272727,0.7272727272727273,0.8453509366224364
2690,11,2,9,0.18181818181818182,0.8181818181818182,0.6840384356390418
2691,11,2,9,0.18181818181818182,0.8181818181818182,0.6840384356390418
2692,11,1,10,0.09090909090909091,0.9090909090909091,0.4394969869215134
2693,11,2,9,0.18181818181818182,0.8181818181818182,0.6840384356390418
2694,11,0,11,0.0,1.0,0.0
2695,11,0,11,0.0,1.0,0.0
2696,11,1,10,0.09090909090909091,0.9090909090909091,0.4394969869215134
2697,11,2,9,0.18181818181818182,0.8181818181818182,0.6840384356390418
2698,11,3,8,0.2727272727272727,0.7272727272727273,0.8453509366224364
2699,11,1,10,0.09090909090909091,0.9090909090909091,0.4394969869215134
2700,11,0,11,0.0,1.0,0.0
2701,11,2,9,0.18181818181818182,0.8181818181818182,0.6840384356390418
2702,11,0,11,0.0,1.0,0.0
2703,11,2,9,0.18181818181818182,0.8181818181818182,0.6840384356390418
2704,11,0,11,0.0,1.0,0.0
2705,11,0,11,0.0,1.0,0.0
2706,11,2,9,0.18181818181818182,0.8181818181818182,0.6840384356390418
2707,11,2,9,0.18181818181818182,0.8181818181818182,0.6840384356390418
2708,11,1,10,0.09090909090909091,0.9090909090909091,0.4394969869215134
2709,11,1,10,0.09090909090909091,0.9090909090909091,0.4394969869215134
2710,11,3,8,0.2727272727272727,0.7272727272727273,0.8453509366224364
2711,11,2,9,0.18181818181818182,0.8181818181818182,0.6840384356390418
2712,11,0,11,0.0,1.0,0.0
2713,11,1,10,0.09090909090909091,0.9090909090909091,0.4394969869215134
2714,11,1,10,0.09090909090909091,0.9090909090909091,0.4394969869215134
2715,11,2,9,0.18181818181818182,0.8181818181818182,0.6840384356390418
2716,11,1,10,0.09090909090909091,0.9090909090909091,0.4394969869215134
2717,11,2,9,0.18181818181818182,0.8181818181818182,0.6840384356390418
2718,11,3,8,0.2727272727272727,0.7272727272727273,0.8453509366224364
2719,11,1,10,0.09090909090909091,0.9090909090909091,0.4394969869215134
2720,11,4,7,0.36363636363636365,0.6363636363636364,0.9456603046006401
2721,11,1,10,0.09090909090909091,0.9090909090909091,0.4394969869215134
2722,11,1,10,0.09090909090909091,0.9090909090909091,0.4394969869215134
2723,11,0,11,0.0,1.0,0.0
2724,11,5,6,0.45454545454545453,0.5454545454545454,0.9940302114769565
2725,11,1,10,0.09090909090909091,0.9090909090909091,0.4394969869215134
2726,11,1,10,0.09090909090909091,0.9090909090909091,0.4394969869215134
2727,11,1,10,0.09090909090909091,0.9090909090909091,0.4394969869215134
2728,11,3,8,0.2727272727272727,0.7272727272727273,0.8453509366224364
2729,11,1,10,0.09090909090909091,0.9090909090909091,0.4394969869215134
2730,11,4,7,0.36363636363636365,0.6363636363636364,0.9456603046006401
2731,11,1,10,0.09090909090909091,0.9090909090909091,0.4394969869215134
2732,11,0,11,0.0,1.0,0.0
2733,11,1,10,0.09090909090909091,0.9090909090909091,0.4394969869215134
2734,11,3,8,0.2727272727272727,0.7272727272727273,0.8453509366224364
2735,11,0,11,0.0,1.0,0.0
2736,11,0,11,0.0,1.0,0.0
2737,11,0,11,0.0,1.0,0.0
2738,11,3,8,0.2727272727272727,0.7272727272727273,0.8453509366224364
2739,11,2,9,0.18181818181818182,0.8181818181818182,0.6840384356390418
2740,11,3,8,0.2727272727272727,0.7272727272727273,0.8453509366224364
2741,11,2,9,0.18181818181818182,0.8181818181818182,0.6840384356390418
2742,11,2,9,0.18181818181818182,0.8181818181818182,0.6840384356390418
2743,11,3,8,0.2727272727272727,0.7272727272727273,0.8453509366224364
2744,11,1,10,0.09090909090909091,0.9090909090909091,0.4394969869215134
2745,11,2,9,0.18181818181818182,0.8181818181818182,0.6840384356390418
2746,11,3,8,0.2727272727272727,0.7272727272727273,0.8453509366224364
2747,11,2,9,0.18181818181818182,0.8181818181818182,0.6840384356390418
2748,11,2,9,0.18181818181818182,0.8181818181818182,0.6840384356390418
2749,11,0,11,0.0,1.0,0.0
2750,11,1,10,0.09090909090909091,0.9090909090909091,0.4394969869215134
2751,11,3,8,0.2727272727272727,0.7272727272727273,0.8453509366224364
2752,11,5,6,0.45454545454545453,0.5454545454545454,0.9940302114769565
2753,11,0,11,0.0,1.0,0.0
2754,11,1,10,0.09090909090909091,0.9090909090909091,0.4394969869215134
2755,11,1,10,0.09090909090909091,0.9090909090909091,0.4394969869215134
2756,11,2,9,0.18181818181818182,0.8181818181818182,0.6840384356390418
2757,11,4,7,0.36363636363636365,0.6363636363636364,0.9456603046006401
2758,11,0,11,0.0,1.0,0.0
2759,11,1,10,0.09090909090909091,0.9090909090909091,0.4394969869215134
2760,11,3,8,0.2727272727272727,0.7272727272727273,0.8453509366224364
2761,11,3,8,0.2727272727272727,0.7272727272727273,0.8453509366224364
2762,11,1,10,0.09090909090909091,0.9090909090909091,0.4394969869215134
2763,11,0,11,0.0,1.0,0.0
2764,11,2,9,0.18181818181818182,0.8181818181818182,0.6840384356390418
2765,11,0,11,0.0,1.0,0.0
2766,11,2,9,0.18181818181818182,0.8181818181818182,0.6840384356390418
2767,11,3,8,0.2727272727272727,0.7272727272727273,0.8453509366224364
2768,11,1,10,0.09090909090909091,0.9090909090909091,0.4394969869215134
2769,11,4,7,0.36363636363636365,0.6363636363636364,0.9456603046006401
2770,11,1,10,0.09090909090909091,0.9090909090909091,0.4394969869215134
2771,11,1,10,0.09090909090909091,0.9090909090909091,0.4394969869215134
2772,11,3,8,0.2727272727272727,0.7272727272727273,0.8453509366224364
2773,11,3,8,0.2727272727272727,0.7272727272727273,0.8453509366224364
2774,11,1,10,0.09090909090909091,0.9090909090909091,0.4394969869215134
2775,11,2,9,0.18181818181818182,0.8181818181818182,0.6840384356390418
2776,11,2,9,0.18181818181818182,0.8181818181818182,0.6840384356390418
2777,11,1,10,0.09090909090909091,0.9090909090909091,0.4394969869215134
2778,11,0,11,0.0,1.0,0.0
2779,11,1,10,0.09090909090909091,0.9090909090909091,0.4394969869215134
2780,11,0,11,0.0,1.0,0.0
2781,11,3,8,0.2727272727272727,0.7272727272727273,0.8453509366224364
2782,11,2,9,0.18181818181818182,0.8181818181818182,0.6840384356390418
2783,11,2,9,0.18181818181818182,0.8181818181818182,0.6840384356390418
2784,11,2,9,0.18181818181818182,0.8181818181818182,0.6840384356390418
2785,11,2,9,0.18181818181818182,0.8181818181818182,0.6840384356390418
2786,11,0,11,0.0,1.0,0.0
2787,11,1,10,0.09090909090909091,0.9090909090909091,0.4394969869215134
2788,11,2,9,0.18181818181818182,0.8181818181818182,0.6840384356390418
2789,11,3,8,0.2727272727272727,0.7272727272727273,0.8453509366224364
2790,11,0,11,0.0,1.0,0.0
2791,11,0,11,0.0,1.0,0.0
2792,11,1,10,0.09090909090909091,0.9090909090909091,0.4394969869215134
2793,11,0,11,0.0,1.0,0.0
2794,11,3,8,0.2727272727272727,0.7272727272727273,0.8453509366224364
2795,11,1,10,0.09090909090909091,0.9090909090909091,0.4394969869215134
2796,11,0,11,0.0,1.0,0.0
2797,11,1,10,0.09090909090909091,0.9090909090909091,0.4394969869215134
2798,11,1,10,0.09090909090909091,0.9090909090909091,0.4394969869215134
2799,11,1,10,0.09090909090909091,0.9090909090909091,0.4394969869215134
2800,11,1,10,0.09090909090909091,0.9090909090909091,0.4394969869215134
2801,11,1,10,0.09090909090909091,0.9090909090909091,0.4394969869215134
2802,11,1,10,0.09090909090909091,0.9090909090909091,0.4394969869215134
2803,11,2,9,0.18181818181818182,0.8181818181818182,0.6840384356390418
2804,11,2,9,0.18181818181818182,0.8181818181818182,0.6840384356390418
2805,11,1,10,0.09090909090909091,0.9090909090909091,0.4394969869215134
2806,11,1,10,0.09090909090909091,0.9090909090909091,0.4394969869215134
2807,11,3,8,0.2727272727272727,0.7272727272727273,0.8453509366224364
2808,11,2,9,0.18181818181818182,0.8181818181818182,0.6840384356390418
2809,11,3,8,0.2727272727272727,0.7272727272727273,0.8453509366224364
2810,11,2,9,0.18181818181818182,0.8181818181818182,0.6840384356390418
2811,11,3,8,0.2727272727272727,0.7272727272727273,0.8453509366224364
2812,11,1,10,0.09090909090909091,0.9090909090909091,0.4394969869215134
2813,11,0,11,0.0,1.0,0.0
2814,11,2,9,0.18181818181818182,0.8181818181818182,0.6840384356390418
2815,11,2,9,0.18181818181818182,0.8181818181818182,0.6840384356390418
2816,11,2,9,0.18181818181818182,0.8181818181818182,0.6840384356390418
2817,11,1,10,0.09090909090909091,0.9090909090909091,0.4394969869215134
2818,11,1,10,0.09090909090909091,0.9090909090909091,0.4394969869215134
2819,11,2,9,0.18181818181818182,0.8181818181818182,0.6840384356390418
2820,11,1,10,0.09090909090909091,0.9090909090909091,0.4394969869215134
2821,11,2,9,0.18181818181818182,0.8181818181818182,0.6840384356390418
2822,11,2,9,0.18181818181818182,0.8181818181818182,0.6840384356390418
2823,11,2,9,0.18181818181818182,0.8181818181818182,0.6840384356390418
2824,11,2,9,0.18181818181818182,0.8181818181818182,0.6840384356390418
2825,11,2,9,0.18181818181818182,0.8181818181818182,0.6840384356390418
2826,11,2,9,0.18181818181818182,0.8181818181818182,0.6840384356390418
2827,11,3,8,0.2727272727272727,0.7272727272727273,0.8453509366224364
2828,11,0,11,0.0,1.0,0.0
2829,11,2,9,0.18181818181818182,0.8181818181818182,0.6840384356390418
2830,11,1,10,0.09090909090909091,0.9090909090909091,0.4394969869215134
2831,11,0,11,0.0,1.0,0.0
2832,11,0,11,0.0,1.0,0.0
2833,11,1,10,0.09090909090909091,0.9090909090909091,0.4394969869215134
2834,11,2,9,0.18181818181818182,0.8181818181818182,0.6840384356390418
2835,11,1,10,0.09090909090909091,0.9090909090909091,0.4394969869215134
2836,11,0,11,0.0,1.0,0.0
2837,11,2,9,0.18181818181818182,0.8181818181818182,0.6840384356390418
2838,11,4,7,0.36363636363636365,0.6363636363636364,0.9456603046006401
2839,11,0,11,0.0,1.0,0.0
2840,11,2,9,0.18181818181818182,0.8181818181818182,0.6840384356390418
2841,11,4,7,0.36363636363636365,0.6363636363636364,0.9456603046006401
2842,11,0,11,0.0,1.0,0.0
2843,11,2,9,0.18181818181818182,0.8181818181818182,0.6840384356390418
2844,11,0,11,0.0,1.0,0.0
2845,11,1,10,0.09090909090909091,0.9090909090909091,0.4394969869215134
2846,11,1,10,0.09090909090909091,0.9090909090909091,0.4394969869215134
2847,11,2,9,0.18181818181818182,0.8181818181818182,0.6840384356390418
2848,11,3,8,0.2727272727272727,0.7272727272727273,0.8453509366224364
2849,11,0,11,0.0,1.0,0.0
2850,11,4,7,0.36363636363636365,0.6363636363636364,0.9456603046006401
2851,11,1,10,0.09090909090909091,0.9090909090909091,0.4394969869215134
2852,11,1,10,0.09090909090909091,0.9090909090909091,0.4394969869215134
2853,11,2,9,0.18181818181818182,0.8181818181818182,0.6840384356390418
2854,11,2,9,0.18181818181818182,0.8181818181818182,0.6840384356390418
2855,11,3,8,0.2727272727272727,0.7272727272727273,0.8453509366224364
2856,11,2,9,0.18181818181818182,0.8181818181818182,0.6840384356390418
2857,11,1,10,0.09090909090909091,0.9090909090909091,0.4394969869215134
2858,11,4,7,0.36363636363636365,0.6363636363636364,0.9456603046006401
2859,11,4,7,0.36363636363636365,0.6363636363636364,0.9456603046006401
2860,11,4,7,0.36363636363636365,0.6363636363636364,0.9456603046006401
2861,11,2,9,0.18181818181818182,0.8181818181818182,0.6840384356390418
2862,11,2,9,0.18181818181818182,0.8181818181818182,0.6840384356390418
2863,11,1,10,0.09090909090909091,0.9090909090909091,0.4394969869215134
2864,11,1,10,0.09090909090909091,0.9090909090909091,0.4394969869215134
2865,11,1,10,0.09090909090909091,0.9090909090909091,0.4394969869215134
2866,11,1,10,0.09090909090909091,0.9090909090909091,0.4394969869215134
2867,11,1,10,0.09090909090909091,0.9090909090909091,0.4394969869215134
2868,11,2,9,0.18181818181818182,0.8181818181818182,0.6840384356390418
2869,11,0,11,0.0,1.0,0.0
2870,11,3,8,0.2727272727272727,0.7272727272727273,0.8453509366224364
2871,11,3,8,0.2727272727272727,0.7272727272727273,0.8453509366224364
2872,11,1,10,0.09090909090909091,0.9090909090909091,0.4394969869215134
2873,11,3,8,0.2727272727272727,0.7272727272727273,0.8453509366224364
2874,11,1,10,0.09090909090909091,0.9090909090909091,0.4394969869215134
2875,11,1,10,0.09090909090909091,0.9090909090909091,0.4394969869215134
2876,11,1,10,0.09090909090909091,0.9090909090909091,0.4394969869215134
2877,11,1,10,0.09090909090909091,0.9090909090909091,0.4394969869215134
2878,11,0,11,0.0,1.0,0.0
2879,11,1,10,0.09090909090909091,0.9090909090909091,0.4394969869215134
2880,11,3,8,0.2727272727272727,0.7272727272727273,0.8453509366224364
2881,11,1,10,0.09090909090909091,0.9090909090909091,0.4394969869215134
2882,11,2,9,0.18181818181818182,0.8181818181818182,0.6840384356390418
2883,11,2,9,0.18181818181818182,0.8181818181818182,0.6840384356390418
2884,11,0,11,0.0,1.0,0.0
2885,11,2,9,0.18181818181818182,0.8181818181818182,0.6840384356390418
2886,11,2,9,0.18181818181818182,0.8181818181818182,0.6840384356390418
2887,11,2,9,0.18181818181818182,0.8181818181818182,0.6840384356390418
2888,11,2,9,0.18181818181818182,0.8181818181818182,0.6840384356390418
2889,11,0,11,0.0,1.0,0.0
2890,11,1,10,0.09090909090909091,0.9090909090909091,0.4394969869215134
2891,11,1,10,0.09090909090909091,0.9090909090909091,0.4394969869215134
2892,11,2,9,0.18181818181818182,0.8181818181818182,0.6840384356390418
2893,11,0,11,0.0,1.0,0.0
2894,11,1,10,0.09090909090909091,0.9090909090909091,0.4394969869215134
2895,11,1,10,0.09090909090909091,0.9090909090909091,0.4394969869215134
2896,11,0,11,0.0,1.0,0.0
2897,11,2,9,0.18181818181818182,0.8181818181818182,0.6840384356390418
2898,11,2,9,0.18181818181818182,0.8181818181818182,0.6840384356390418
2899,11,2,9,0.18181818181818182,0.8181818181818182,0.6840384356390418
2900,11,0,11,0.0,1.0,0.0
2901,11,1,10,0.09090909090909091,0.9090909090909091,0.4394969869215134
2902,11,2,9,0.18181818181818182,0.8181818181818182,0.6840384356390418
2903,11,3,8,0.2727272727272727,0.7272727272727273,0.8453509366224364
2904,11,4,7,0.36363636363636365,0.6363636363636364,0.9456603046006401
2905,11,1,10,0.09090909090909091,0.9090909090909091,0.4394969869215134
2906,11,2,9,0.18181818181818182,0.8181818181818182,0.6840384356390418
2907,11,2,9,0.18181818181818182,0.8181818181818182,0.6840384356390418
2908,11,3,8,0.2727272727272727,0.7272727272727273,0.8453509366224364
2909,11,0,11,0.0,1.0,0.0
2910,11,1,10,0.09090909090909091,0.9090909090909091,0.4394969869215134
2911,11,3,8,0.2727272727272727,0.7272727272727273,0.8453509366224364
2912,11,2,9,0.18181818181818182,0.8181818181818182,0.6840384356390418
2913,11,0,11,0.0,1.0,0.0
2914,11,1,10,0.09090909090909091,0.9090909090909091,0.4394969869215134
2915,11,2,9,0.18181818181818182,0.8181818181818182,0.6840384356390418
2916,11,3,8,0.2727272727272727,0.7272727272727273,0.8453509366224364
2917,11,2,9,0.18181818181818182,0.8181818181818182,0.6840384356390418
2918,11,3,8,0.2727272727272727,0.7272727272727273,0.8453509366224364
2919,11,0,11,0.0,1.0,0.0
2920,11,1,10,0.09090909090909091,0.9090909090909091,0.4394969869215134
2921,11,1,10,0.09090909090909091,0.9090909090909091,0.4394969869215134
2922,11,2,9,0.18181818181818182,0.8181818181818182,0.6840384356390418
2923,11,2,9,0.18181818181818182,0.8181818181818182,0.6840384356390418
2924,11,0,11,0.0,1.0,0.0
2925,11,2,9,0.18181818181818182,0.8181818181818182,0.6840384356390418
2926,11,0,11,0.0,1.0,0.0
2927,11,2,9,0.18181818181818182,0.8181818181818182,0.6840384356390418
2928,11,1,10,0.09090909090909091,0.9090909090909091,0.4394969869215134
2929,11,2,9,0.18181818181818182,0.8181818181818182,0.6840384356390418
2930,11,3,8,0.2727272727272727,0.7272727272727273,0.8453509366224364
2931,11,0,11,0.0,1.0,0.0
2932,11,2,9,0.18181818181818182,0.8181818181818182,0.6840384356390418
2933,11,1,10,0.09090909090909091,0.9090909090909091,0.4394969869215134
2934,11,0,11,0.0,1.0,0.0
2935,11,2,9,0.18181818181818182,0.8181818181818182,0.6840384356390418
2936,11,1,10,0.09090909090909091,0.9090909090909091,0.4394969869215134
2937,11,1,10,0.09090909090909091,0.9090909090909091,0.4394969869215134
2938,11,0,11,0.0,1.0,0.0
2939,11,2,9,0.18181818181818182,0.8181818181818182,0.6840384356390418
2940,11,0,11,0.0,1.0,0.0
2941,11,2,9,0.18181818181818182,0.8181818181818182,0.6840384356390418
2942,11,2,9,0.18181818181818182,0.8181818181818182,0.6840384356390418
2943,11,3,8,0.2727272727272727,0.7272727272727273,0.8453509366224364
2944,11,1,10,0.09090909090909091,0.9090909090909091,0.4394969869215134
2945,11,1,10,0.09090909090909091,0.9090909090909091,0.4394969869215134
2946,11,2,9,0.18181818181818182,0.8181818181818182,0.6840384356390418
2947,11,2,9,0.18181818181818182,0.8181818181818182,0.6840384356390418
2948,11,4,7,0.36363636363636365,0.6363636363636364,0.9456603046006401
2949,11,2,9,0.18181818181818182,0.8181818181818182,0.6840384356390418
2950,11,4,7,0.36363636363636365,0.6363636363636364,0.9456603046006401
2951,11,0,11,0.0,1.0,0.0
2952,11,0,11,0.0,1.0,0.0
2953,11,2,9,0.18181818181818182,0.8181818181818182,0.6840384356390418
2954,11,2,9,0.18181818181818182,0.8181818181818182,0.6840384356390418
2955,11,3,8,0.2727272727272727,0.7272727272727273,0.8453509366224364
2956,11,4,7,0.36363636363636365,0.6363636363636364,0.9456603046006401
2957,11,1,10,0.09090909090909091,0.9090909090909091,0.4394969869215134
2958,11,1,10,0.09090909090909091,0.9090909090909091,0.4394969869215134
2959,11,1,10,0.09090909090909091,0.9090909090909091,0.4394969869215134
2960,11,2,9,0.18181818181818182,0.8181818181818182,0.6840384356390418
2961,11,1,10,0.09090909090909091,0.9090909090909091,0.4394969869215134
2962,11,1,10,0.09090909090909091,0.9090909090909091,0.4394969869215134
2963,11,4,7,0.36363636363636365,0.6363636363636364,0.9456603046006401
2964,11,0,11,0.0,1.0,0.0
2965,11,2,9,0.18181818181818182,0.8181818181818182,0.6840384356390418
2966,11,3,8,0.2727272727272727,0.7272727272727273,0.8453509366224364
2967,11,1,10,0.09090909090909091,0.9090909090909091,0.4394969869215134
2968,11,1,10,0.09090909090909091,0.9090909090909091,0.4394969869215134
2969,11,4,7,0.36363636363636365,0.6363636363636364,0.9456603046006401
2970,11,2,9,0.18181818181818182,0.8181818181818182,0.6840384356390418
2971,11,3,8,0.2727272727272727,0.7272727272727273,0.8453509366224364
2972,11,0,11,0.0,1.0,0.0
2973,11,2,9,0.18181818181818182,0.8181818181818182,0.6840384356390418
2974,11,2,9,0.18181818181818182,0.8181818181818182,0.6840384356390418
2975,11,1,10,0.09090909090909091,0.9090909090909091,0.4394969869215134
2976,11,0,11,0.0,1.0,0.0
2977,11,1,10,0.09090909090909091,0.9090909090909091,0.4394969869215134
2978,11,0,11,0.0,1.0,0.0
2979,11,1,10,0.09090909090909091,0.9090909090909091,0.4394969869215134
2980,11,3,8,0.2727272727272727,0.7272727272727273,0.8453509366224364
2981,11,1,10,0.09090909090909091,0.9090909090909091,0.4394969869215134
2982,11,1,10,0.09090909090909091,0.9090909090909091,0.4394969869215134
2983,11,3,8,0.2727272727272727,0.7272727272727273,0.8453509366224364
2984,11,1,10,0.09090909090909091,0.9090909090909091,0.4394969869215134
2985,11,1,10,0.09090909090909091,0.9090909090909091,0.4394969869215134
2986,11,3,8,0.2727272727272727,0.7272727272727273,0.8453509366224364
2987,11,1,10,0.09090909090909091,0.9090909090909091,0.4394969869215134
2988,11,0,11,0.0,1.0,0.0
2989,11,2,9,0.18181818181818182,0.8181818181818182,0.6840384356390418
2990,11,1,10,0.09090909090909091,0.9090909090909091,0.4394969869215134
2991,11,2,9,0.18181818181818182,0.8181818181818182,0.6840384356390418
2992,11,4,7,0.36363636363636365,0.6363636363636364,0.9456603046006401
2993,11,1,10,0.09090909090909091,0.9090909090909091,0.4394969869215134
2994,11,6,5,0.5454545454545454,0.45454545454545453,0.9940302114769565
2995,11,1,10,0.09090909090909091,0.9090909090909091,0.4394969869215134
2996,11,2,9,0.18181818181818182,0.8181818181818182,0.6840384356390418
2997,11,1,10,0.09090909090909091,0.9090909090909091,0.4394969869215134
2998,11,0,11,0.0,1.0,0.0
2999,11,1,10,0.09090909090909091,0.9090909090909091,0.4394969869215134
3000,11,3,8,0.2727272727272727,0.7272727272727273,0.8453509366224364
3001,11,1,10,0.09090909090909091,0.9090909090909091,0.4394969869215134
3002,11,1,10,0.09090909090909091,0.9090909090909091,0.4394969869215134
3003,11,1,10,0.09090909090909091,0.9090909090909091,0.4394969869215134
3004,11,1,10,0.09090909090909091,0.9090909090909091,0.4394969869215134
3005,11,5,6,0.45454545454545453,0.5454545454545454,0.9940302114769565
3006,11,2,9,0.18181818181818182,0.8181818181818182,0.6840384356390418
3007,11,0,11,0.0,1.0,0.0
3008,11,2,9,0.18181818181818182,0.8181818181818182,0.6840384356390418
3009,11,2,9,0.18181818181818182,0.8181818181818182,0.6840384356390418
3010,11,3,8,0.2727272727272727,0.7272727272727273,0.8453509366224364
3011,11,0,11,0.0,1.0,0.0
3012,11,2,9,0.18181818181818182,0.8181818181818182,0.6840384356390418
3013,11,0,11,0.0,1.0,0.0
3014,11,0,11,0.0,1.0,0.0
3015,11,1,10,0.09090909090909091,0.9090909090909091,0.4394969869215134
3016,11,1,10,0.09090909090909091,0.9090909090909091,0.4394969869215134
3017,11,2,9,0.18181818181818182,0.8181818181818182,0.6840384356390418
3018,11,1,10,0.09090909090909091,0.9090909090909091,0.4394969869215134
3019,11,2,9,0.18181818181818182,0.8181818181818182,0.6840384356390418
3020,11,3,8,0.2727272727272727,0.7272727272727273,0.8453509366224364
3021,11,3,8,0.2727272727272727,0.7272727272727273,0.8453509366224364
3022,11,3,8,0.2727272727272727,0.7272727272727273,0.8453509366224364
3023,11,1,10,0.09090909090909091,0.9090909090909091,0.4394969869215134
3024,11,4,7,0.36363636363636365,0.6363636363636364,0.9456603046006401
3025,11,2,9,0.18181818181818182,0.8181818181818182,0.6840384356390418
3026,11,2,9,0.18181818181818182,0.8181818181818182,0.6840384356390418
3027,11,2,9,0.18181818181818182,0.8181818181818182,0.6840384356390418
3028,11,1,10,0.09090909090909091,0.9090909090909091,0.4394969869215134
3029,11,0,11,0.0,1.0,0.0
3030,11,1,10,0.09090909090909091,0.9090909090909091,0.4394969869215134
3031,11,3,8,0.2727272727272727,0.7272727272727273,0.8453509366224364
3032,11,1,10,0.09090909090909091,0.9090909090909091,0.4394969869215134
3033,11,2,9,0.18181818181818182,0.8181818181818182,0.6840384356390418
3034,11,1,10,0.09090909090909091,0.9090909090909091,0.4394969869215134
3035,11,1,10,0.09090909090909091,0.9090909090909091,0.4394969869215134
3036,11,0,11,0.0,1.0,0.0
3037,11,2,9,0.18181818181818182,0.8181818181818182,0.6840384356390418
3038,11,3,8,0.2727272727272727,0.7272727272727273,0.8453509366224364
3039,11,1,10,0.09090909090909091,0.9090909090909091,0.4394969869215134
3040,11,1,10,0.09090909090909091,0.9090909090909091,0.4394969869215134
3041,11,1,10,0.09090909090909091,0.9090909090909091,0.4394969869215134
3042,11,1,10,0.09090909090909091,0.9090909090909091,0.4394969869215134
3043,11,0,11,0.0,1.0,0.0
3044,11,2,9,0.18181818181818182,0.8181818181818182,0.6840384356390418
3045,11,0,11,0.0,1.0,0.0
3046,11,1,10,0.09090909090909091,0.9090909090909091,0.4394969869215134
3047,11,2,9,0.18181818181818182,0.8181818181818182,0.6840384356390418
3048,11,1,10,0.09090909090909091,0.9090909090909091,0.4394969869215134
3049,11,1,10,0.09090909090909091,0.9090909090909091,0.4394969869215134
3050,11,2,9,0.18181818181818182,0.8181818181818182,0.6840384356390418
3051,11,1,10,0.09090909090909091,0.9090909090909091,0.4394969869215134
3052,11,2,9,0.18181818181818182,0.8181818181818182,0.6840384356390418
3053,11,2,9,0.18181818181818182,0.8181818181818182,0.6840384356390418
3054,11,1,10,0.09090909090909091,0.9090909090909091,0.4394969869215134
3055,11,3,8,0.2727272727272727,0.7272727272727273,0.8453509366224364
3056,11,2,9,0.18181818181818182,0.8181818181818182,0.6840384356390418
3057,11,2,9,0.18181818181818182,0.8181818181818182,0.6840384356390418
3058,11,2,9,0.18181818181818182,0.8181818181818182,0.6840384356390418
3059,11,2,9,0.18181818181818182,0.8181818181818182,0.6840384356390418
3060,11,3,8,0.2727272727272727,0.7272727272727273,0.8453509366224364
3061,11,1,10,0.09090909090909091,0.9090909090909091,0.4394969869215134
3062,11,1,10,0.09090909090909091,0.9090909090909091,0.4394969869215134
3063,11,3,8,0.2727272727272727,0.7272727272727273,0.8453509366224364
3064,11,0,11,0.0,1.0,0.0
3065,11,1,10,0.09090909090909091,0.9090909090909091,0.4394969869215134
3066,11,2,9,0.18181818181818182,0.8181818181818182,0.6840384356390418
3067,11,0,11,0.0,1.0,0.0
3068,11,1,10,0.09090909090909091,0.9090909090909091,0.4394969869215134
3069,11,1,10,0.09090909090909091,0.9090909090909091,0.4394969869215134
3070,11,3,8,0.2727272727272727,0.7272727272727273,0.8453509366224364
3071,11,3,8,0.2727272727272727,0.7272727272727273,0.8453509366224364
3072,11,0,11,0.0,1.0,0.0
3073,11,2,9,0.18181818181818182,0.8181818181818182,0.6840384356390418
3074,11,0,11,0.0,1.0,0.0
3075,11,2,9,0.18181818181818182,0.8181818181818182,0.6840384356390418
3076,11,2,9,0.18181818181818182,0.8181818181818182,0.6840384356390418
3077,11,2,9,0.18181818181818182,0.8181818181818182,0.6840384356390418
3078,11,1,10,0.09090909090909091,0.9090909090909091,0.4394969869215134
3079,11,1,10,0.09090909090909091,0.9090909090909091,0.4394969869215134
3080,11,1,10,0.09090909090909091,0.9090909090909091,0.4394969869215134
3081,11,1,10,0.09090909090909091,0.9090909090909091,0.4394969869215134
3082,11,3,8,0.2727272727272727,0.7272727272727273,0.8453509366224364
3083,11,1,10,0.09090909090909091,0.9090909090909091,0.4394969869215134
3084,11,1,10,0.09090909090909091,0.9090909090909091,0.4394969869215134
3085,11,0,11,0.0,1.0,0.0
3086,11,2,9,0.18181818181818182,0.8181818181818182,0.6840384356390418
3087,11,2,9,0.18181818181818182,0.8181818181818182,0.6840384356390418
3088,11,2,9,0.18181818181818182,0.8181818181818182,0.6840384356390418
3089,11,1,10,0.09090909090909091,0.9090909090909091,0.4394969869215134
3090,11,1,10,0.09090909090909091,0.9090909090909091,0.4394969869215134
3091,11,2,9,0.18181818181818182,0.8181818181818182,0.6840384356390418
3092,11,3,8,0.2727272727272727,0.7272727272727273,0.8453509366224364
3093,11,2,9,0.18181818181818182,0.8181818181818182,0.6840384356390418
3094,11,0,11,0.0,1.0,0.0
3095,11,1,10,0.09090909090909091,0.9090909090909091,0.4394969869215134
3096,11,1,10,0.09090909090909091,0.9090909090909091,0.4394969869215134
3097,11,1,10,0.09090909090909091,0.9090909090909091,0.4394969869215134
3098,11,1,10,0.09090909090909091,0.9090909090909091,0.4394969869215134
3099,11,0,11,0.0,1.0,0.0
3100,11,2,9,0.18181818181818182,0.8181818181818182,0.6840384356390418
3101,11,0,11,0.0,1.0,0.0
3102,11,1,10,0.09090909090909091,0.9090909090909091,0.4394969869215134
3103,11,1,10,0.09090909090909091,0.9090909090909091,0.4394969869215134
3104,11,0,11,0.0,1.0,0.0
3105,11,0,11,0.0,1.0,0.0
3106,11,0,11,0.0,1.0,0.0
3107,11,1,10,0.09090909090909091,0.9090909090909091,0.4394969869215134
3108,11,4,7,0.36363636363636365,0.6363636363636364,0.9456603046006401
3109,11,1,10,0.09090909090909091,0.9090909090909091,0.4394969869215134
3110,11,4,7,0.36363636363636365,0.6363636363636364,0.9456603046006401
3111,11,2,9,0.18181818181818182,0.8181818181818182,0.6840384356390418
3112,11,0,11,0.0,1.0,0.0
3113,11,0,11,0.0,1.0,0.0
3114,11,1,10,0.09090909090909091,0.9090909090909091,0.4394969869215134
3115,11,1,10,0.09090909090909091,0.9090909090909091,0.4394969869215134
3116,11,2,9,0.18181818181818182,0.8181818181818182,0.6840384356390418
3117,11,3,8,0.2727272727272727,0.7272727272727273,0.8453509366224364
3118,11,0,11,0.0,1.0,0.0
3119,11,1,10,0.09090909090909091,0.9090909090909091,0.4394969869215134
3120,11,0,11,0.0,1.0,0.0
3121,11,1,10,0.09090909090909091,0.9090909090909091,0.4394969869215134
3122,11,1,10,0.09090909090909091,0.9090909090909091,0.4394969869215134
3123,11,2,9,0.18181818181818182,0.8181818181818182,0.6840384356390418
3124,11,0,11,0.0,1.0,0.0
3125,11,2,9,0.18181818181818182,0.8181818181818182,0.6840384356390418
3126,11,2,9,0.18181818181818182,0.8181818181818182,0.6840384356390418
3127,11,2,9,0.18181818181818182,0.8181818181818182,0.6840384356390418
3128,11,1,10,0.09090909090909091,0.9090909090909091,0.4394969869215134
3129,11,2,9,0.18181818181818182,0.8181818181818182,0.6840384356390418
3130,11,1,10,0.09090909090909091,0.9090909090909091,0.4394969869215134
3131,11,1,10,0.09090909090909091,0.9090909090909091,0.4394969869215134
3132,11,2,9,0.18181818181818182,0.8181818181818182,0.6840384356390418
3133,11,5,6,0.45454545454545453,0.5454545454545454,0.9940302114769565
3134,11,1,10,0.09090909090909091,0.9090909090909091,0.4394969869215134
3135,11,1,10,0.09090909090909091,0.9090909090909091,0.4394969869215134
3136,11,1,10,0.09090909090909091,0.9090909090909091,0.4394969869215134
3137,11,2,9,0.18181818181818182,0.8181818181818182,0.6840384356390418
3138,11,0,11,0.0,1.0,0.0
3139,11,3,8,0.2727272727272727,0.7272727272727273,0.8453509366224364
3140,11,1,10,0.09090909090909091,0.9090909090909091,0.4394969869215134
3141,11,1,10,0.09090909090909091,0.9090909090909091,0.4394969869215134
3142,11,1,10,0.09090909090909091,0.9090909090909091,0.4394969869215134
3143,11,4,7,0.36363636363636365,0.6363636363636364,0.9456603046006401
3144,11,2,9,0.18181818181818182,0.8181818181818182,0.6840384356390418
3145,11,0,11,0.0,1.0,0.0
3146,11,1,10,0.09090909090909091,0.9090909090909091,0.4394969869215134
3147,11,1,10,0.09090909090909091,0.9090909090909091,0.4394969869215134
3148,11,2,9,0.18181818181818182,0.8181818181818182,0.6840384356390418
3149,11,4,7,0.36363636363636365,0.6363636363636364,0.9456603046006401
3150,11,1,10,0.09090909090909091,0.9090909090909091,0.4394969869215134
3151,11,2,9,0.18181818181818182,0.8181818181818182,0.6840384356390418
3152,11,1,10,0.09090909090909091,0.9090909090909091,0.4394969869215134
3153,11,2,9,0.18181818181818182,0.8181818181818182,0.6840384356390418
3154,11,1,10,0.09090909090909091,0.9090909090909091,0.4394969869215134
3155,11,2,9,0.18181818181818182,0.8181818181818182,0.6840384356390418
3156,11,1,10,0.09090909090909091,0.9090909090909091,0.4394969869215134
3157,11,3,8,0.2727272727272727,0.7272727272727273,0.8453509366224364
3158,11,1,10,0.09090909090909091,0.9090909090909091,0.4394969869215134
3159,11,3,8,0.2727272727272727,0.7272727272727273,0.8453509366224364
3160,11,1,10,0.09090909090909091,0.9090909090909091,0.4394969869215134
3161,11,1,10,0.09090909090909091,0.9090909090909091,0.4394969869215134
3162,11,3,8,0.2727272727272727,0.7272727272727273,0.8453509366224364
3163,11,0,11,0.0,1.0,0.0
3164,11,3,8,0.2727272727272727,0.7272727272727273,0.8453509366224364
3165,11,0,11,0.0,1.0,0.0
3166,11,2,9,0.18181818181818182,0.8181818181818182,0.6840384356390418
3167,11,1,10,0.09090909090909091,0.9090909090909091,0.4394969869215134
3168,11,2,9,0.18181818181818182,0.8181818181818182,0.6840384356390418
3169,11,2,9,0.18181818181818182,0.8181818181818182,0.6840384356390418
3170,11,1,10,0.09090909090909091,0.9090909090909091,0.4394969869215134
3171,11,1,10,0.09090909090909091,0.9090909090909091,0.4394969869215134
3172,11,1,10,0.09090909090909091,0.9090909090909091,0.4394969869215134
3173,11,1,10,0.09090909090909091,0.9090909090909091,0.4394969869215134
3174,11,0,11,0.0,1.0,0.0
3175,11,2,9,0.18181818181818182,0.8181818181818182,0.6840384356390418
3176,11,3,8,0.2727272727272727,0.7272727272727273,0.8453509366224364
3177,11,3,8,0.2727272727272727,0.7272727272727273,0.8453509366224364
3178,11,1,10,0.09090909090909091,0.9090909090909091,0.4394969869215134
3179,11,0,11,0.0,1.0,0.0
3180,11,1,10,0.09090909090909091,0.9090909090909091,0.4394969869215134
3181,11,2,9,0.18181818181818182,0.8181818181818182,0.6840384356390418
3182,11,1,10,0.09090909090909091,0.9090909090909091,0.4394969869215134
3183,11,2,9,0.18181818181818182,0.8181818181818182,0.6840384356390418
3184,11,0,11,0.0,1.0,0.0
3185,11,0,11,0.0,1.0,0.0
3186,11,0,11,0.0,1.0,0.0
3187,11,2,9,0.18181818181818182,0.8181818181818182,0.6840384356390418
3188,11,1,10,0.09090909090909091,0.9090909090909091,0.4394969869215134
3189,11,0,11,0.0,1.0,0.0
3190,11,1,10,0.09090909090909091,0.9090909090909091,0.4394969869215134
3191,11,1,10,0.09090909090909091,0.9090909090909091,0.4394969869215134
3192,11,4,7,0.36363636363636365,0.6363636363636364,0.9456603046006401
3193,11,2,9,0.18181818181818182,0.8181818181818182,0.6840384356390418
3194,11,2,9,0.18181818181818182,0.8181818181818182,0.6840384356390418
3195,11,1,10,0.09090909090909091,0.9090909090909091,0.4394969869215134
3196,11,1,10,0.09090909090909091,0.9090909090909091,0.4394969869215134
3197,11,1,10,0.09090909090909091,0.9090909090909091,0.4394969869215134
3198,11,0,11,0.0,1.0,0.0
3199,11,2,9,0.18181818181818182,0.8181818181818182,0.6840384356390418
3200,11,1,10,0.09090909090909091,0.9090909090909091,0.4394969869215134
3201,11,3,8,0.2727272727272727,0.7272727272727273,0.8453509366224364
3202,11,2,9,0.18181818181818182,0.8181818181818182,0.6840384356390418
3203,11,0,11,0.0,1.0,0.0
3204,11,2,9,0.18181818181818182,0.8181818181818182,0.6840384356390418
3205,11,1,10,0.09090909090909091,0.9090909090909091,0.4394969869215134
3206,11,1,10,0.09090909090909091,0.9090909090909091,0.4394969869215134
3207,11,3,8,0.2727272727272727,0.7272727272727273,0.8453509366224364
3208,11,5,6,0.45454545454545453,0.5454545454545454,0.9940302114769565
3209,11,1,10,0.09090909090909091,0.9090909090909091,0.4394969869215134
3210,11,0,11,0.0,1.0,0.0
3211,11,1,10,0.09090909090909091,0.9090909090909091,0.4394969869215134
3212,11,3,8,0.2727272727272727,0.7272727272727273,0.8453509366224364
3213,11,2,9,0.18181818181818182,0.8181818181818182,0.6840384356390418
3214,11,1,10,0.09090909090909091,0.9090909090909091,0.4394969869215134
3215,11,4,7,0.36363636363636365,0.6363636363636364,0.9456603046006401
3216,11,2,9,0.18181818181818182,0.8181818181818182,0.6840384356390418
3217,11,2,9,0.18181818181818182,0.8181818181818182,0.6840384356390418
3218,11,1,10,0.09090909090909091,0.9090909090909091,0.4394969869215134
3219,11,0,11,0.0,1.0,0.0
3220,11,2,9,0.18181818181818182,0.8181818181818182,0.6840384356390418
3221,11,0,11,0.0,1.0,0.0
3222,11,1,10,0.09090909090909091,0.9090909090909091,0.4394969869215134
3223,11,3,8,0.2727272727272727,0.7272727272727273,0.8453509366224364
3224,11,0,11,0.0,1.0,0.0
3225,11,1,10,0.09090909090909091,0.9090909090909091,0.4394969869215134
3226,11,2,9,0.18181818181818182,0.8181818181818182,0.6840384356390418
3227,11,1,10,0.09090909090909091,0.9090909090909091,0.4394969869215134
3228,11,3,8,0.2727272727272727,0.7272727272727273,0.8453509366224364
3229,11,1,10,0.09090909090909091,0.9090909090909091,0.4394969869215134
3230,11,1,10,0.09090909090909091,0.9090909090909091,0.4394969869215134
3231,11,1,10,0.09090909090909091,0.9090909090909091,0.4394969869215134
3232,11,0,11,0.0,1.0,0.0
3233,11,3,8,0.2727272727272727,0.7272727272727273,0.8453509366224364
3234,11,1,10,0.09090909090909091,0.9090909090909091,0.4394969869215134
3235,11,2,9,0.18181818181818182,0.8181818181818182,0.6840384356390418
3236,11,0,11,0.0,1.0,0.0
3237,11,3,8,0.2727272727272727,0.7272727272727273,0.8453509366224364
3238,11,1,10,0.09090909090909091,0.9090909090909091,0.4394969869215134
3239,11,2,9,0.18181818181818182,0.8181818181818182,0.6840384356390418
3240,11,1,10,0.09090909090909091,0.9090909090909091,0.4394969869215134
3241,11,1,10,0.09090909090909091,0.9090909090909091,0.4394969869215134
3242,11,1,10,0.09090909090909091,0.9090909090909091,0.4394969869215134
3243,11,0,11,0.0,1.0,0.0
3244,11,2,9,0.18181818181818182,0.8181818181818182,0.6840384356390418
3245,11,3,8,0.2727272727272727,0.7272727272727273,0.8453509366224364
3246,11,1,10,0.09090909090909091,0.9090909090909091,0.4394969869215134
3247,11,4,7,0.36363636363636365,0.6363636363636364,0.9456603046006401
3248,11,3,8,0.2727272727272727,0.7272727272727273,0.8453509366224364
3249,11,2,9,0.18181818181818182,0.8181818181818182,0.6840384356390418
3250,11,2,9,0.18181818181818182,0.8181818181818182,0.6840384356390418
3251,11,4,7,0.36363636363636365,0.6363636363636364,0.9456603046006401
3252,11,0,11,0.0,1.0,0.0
3253,11,2,9,0.18181818181818182,0.8181818181818182,0.6840384356390418
3254,11,2,9,0.18181818181818182,0.8181818181818182,0.6840384356390418
3255,11,3,8,0.2727272727272727,0.7272727272727273,0.8453509366224364
3256,11,1,10,0.09090909090909091,0.9090909090909091,0.4394969869215134
3257,11,0,11,0.0,1.0,0.0
3258,11,3,8,0.2727272727272727,0.7272727272727273,0.8453509366224364
3259,11,1,10,0.09090909090909091,0.9090909090909091,0.4394969869215134
3260,11,3,8,0.2727272727272727,0.7272727272727273,0.8453509366224364
3261,11,0,11,0.0,1.0,0.0
3262,11,0,11,0.0,1.0,0.0
3263,11,1,10,0.09090909090909091,0.9090909090909091,0.4394969869215134
3264,11,0,11,0.0,1.0,0.0
3265,11,5,6,0.45454545454545453,0.5454545454545454,0.9940302114769565
3266,11,1,10,0.09090909090909091,0.9090909090909091,0.4394969869215134
3267,11,1,10,0.09090909090909091,0.9090909090909091,0.4394969869215134
3268,11,3,8,0.2727272727272727,0.7272727272727273,0.8453509366224364
3269,11,2,9,0.18181818181818182,0.8181818181818182,0.6840384356390418
3270,11,3,8,0.2727272727272727,0.7272727272727273,0.8453509366224364
3271,11,3,8,0.2727272727272727,0.7272727272727273,0.8453509366224364
3272,11,2,9,0.18181818181818182,0.8181818181818182,0.6840384356390418
3273,11,1,10,0.09090909090909091,0.9090909090909091,0.4394969869215134
3274,11,0,11,0.0,1.0,0.0
3275,11,5,6,0.45454545454545453,0.5454545454545454,0.9940302114769565
3276,11,3,8,0.2727272727272727,0.7272727272727273,0.8453509366224364
3277,11,1,10,0.09090909090909091,0.9090909090909091,0.4394969869215134
3278,11,1,10,0.09090909090909091,0.9090909090909091,0.4394969869215134
3279,11,1,10,0.09090909090909091,0.9090909090909091,0.4394969869215134
3280,11,2,9,0.18181818181818182,0.8181818181818182,0.6840384356390418
3281,11,1,10,0.09090909090909091,0.9090909090909091,0.4394969869215134
3282,11,3,8,0.2727272727272727,0.7272727272727273,0.8453509366224364
3283,11,1,10,0.09090909090909091,0.9090909090909091,0.4394969869215134
3284,11,1,10,0.09090909090909091,0.9090909090909091,0.4394969869215134
3285,11,2,9,0.18181818181818182,0.8181818181818182,0.6840384356390418
3286,11,1,10,0.09090909090909091,0.9090909090909091,0.4394969869215134
3287,11,2,9,0.18181818181818182,0.8181818181818182,0.6840384356390418
3288,11,5,6,0.45454545454545453,0.5454545454545454,0.9940302114769565
3289,11,0,11,0.0,1.0,0.0
3290,11,0,11,0.0,1.0,0.0
3291,11,0,11,0.0,1.0,0.0
3292,11,3,8,0.2727272727272727,0.7272727272727273,0.8453509366224364
3293,11,3,8,0.2727272727272727,0.7272727272727273,0.8453509366224364
3294,11,2,9,0.18181818181818182,0.8181818181818182,0.6840384356390418
3295,11,3,8,0.2727272727272727,0.7272727272727273,0.8453509366224364
3296,11,0,11,0.0,1.0,0.0
3297,11,1,10,0.09090909090909091,0.9090909090909091,0.4394969869215134
3298,11,1,10,0.09090909090909091,0.9090909090909091,0.4394969869215134
3299,11,3,8,0.2727272727272727,0.7272727272727273,0.8453509366224364
3300,11,3,8,0.2727272727272727,0.7272727272727273,0.8453509366224364
3301,11,1,10,0.09090909090909091,0.9090909090909091,0.4394969869215134
3302,11,1,10,0.09090909090909091,0.9090909090909091,0.4394969869215134
3303,11,1,10,0.09090909090909091,0.9090909090909091,0.4394969869215134
3304,11,1,10,0.09090909090909091,0.9090909090909091,0.4394969869215134
3305,11,2,9,0.18181818181818182,0.8181818181818182,0.6840384356390418
3306,11,2,9,0.18181818181818182,0.8181818181818182,0.6840384356390418
3307,11,2,9,0.18181818181818182,0.8181818181818182,0.6840384356390418
3308,11,0,11,0.0,1.0,0.0
3309,11,2,9,0.18181818181818182,0.8181818181818182,0.6840384356390418
3310,11,1,10,0.09090909090909091,0.9090909090909091,0.4394969869215134
3311,11,3,8,0.2727272727272727,0.7272727272727273,0.8453509366224364
3312,11,3,8,0.2727272727272727,0.7272727272727273,0.8453509366224364
3313,11,0,11,0.0,1.0,0.0
3314,11,3,8,0.2727272727272727,0.7272727272727273,0.8453509366224364
3315,11,1,10,0.09090909090909091,0.9090909090909091,0.4394969869215134
3316,11,1,10,0.09090909090909091,0.9090909090909091,0.4394969869215134
3317,11,4,7,0.36363636363636365,0.6363636363636364,0.9456603046006401
3318,11,2,9,0.18181818181818182,0.8181818181818182,0.6840384356390418
3319,11,1,10,0.09090909090909091,0.9090909090909091,0.4394969869215134
3320,11,3,8,0.2727272727272727,0.7272727272727273,0.8453509366224364
3321,11,3,8,0.2727272727272727,0.7272727272727273,0.8453509366224364
3322,11,2,9,0.18181818181818182,0.8181818181818182,0.6840384356390418
3323,11,2,9,0.18181818181818182,0.8181818181818182,0.6840384356390418
3324,11,4,7,0.36363636363636365,0.6363636363636364,0.9456603046006401
3325,11,1,10,0.09090909090909091,0.9090909090909091,0.4394969869215134
3326,11,1,10,0.09090909090909091,0.9090909090909091,0.4394969869215134
3327,11,0,11,0.0,1.0,0.0
3328,11,1,10,0.09090909090909091,0.9090909090909091,0.4394969869215134
3329,11,1,10,0.09090909090909091,0.9090909090909091,0.4394969869215134
3330,11,1,10,0.09090909090909091,0.9090909090909091,0.4394969869215134
3331,11,3,8,0.2727272727272727,0.7272727272727273,0.8453509366224364
3332,11,3,8,0.2727272727272727,0.7272727272727273,0.8453509366224364
3333,11,2,9,0.18181818181818182,0.8181818181818182,0.6840384356390418
3334,11,2,9,0.18181818181818182,0.8181818181818182,0.6840384356390418
3335,11,2,9,0.18181818181818182,0.8181818181818182,0.6840384356390418
3336,11,1,10,0.09090909090909091,0.9090909090909091,0.4394969869215134
3337,11,1,10,0.09090909090909091,0.9090909090909091,0.4394969869215134
3338,11,1,10,0.09090909090909091,0.9090909090909091,0.4394969869215134
3339,11,0,11,0.0,1.0,0.0
3340,11,2,9,0.18181818181818182,0.8181818181818182,0.6840384356390418
3341,11,2,9,0.18181818181818182,0.8181818181818182,0.6840384356390418
3342,11,2,9,0.18181818181818182,0.8181818181818182,0.6840384356390418
3343,11,1,10,0.09090909090909091,0.9090909090909091,0.4394969869215134
3344,11,0,11,0.0,1.0,0.0
3345,11,0,11,0.0,1.0,0.0
3346,11,0,11,0.0,1.0,0.0
3347,11,2,9,0.18181818181818182,0.8181818181818182,0.6840384356390418
3348,11,1,10,0.09090909090909091,0.9090909090909091,0.4394969869215134
3349,11,0,11,0.0,1.0,0.0
3350,11,1,10,0.09090909090909091,0.9090909090909091,0.4394969869215134
3351,11,0,11,0.0,1.0,0.0
3352,11,1,10,0.09090909090909091,0.9090909090909091,0.4394969869215134
3353,11,1,10,0.09090909090909091,0.9090909090909091,0.4394969869215134
3354,11,0,11,0.0,1.0,0.0
3355,11,1,10,0.09090909090909091,0.9090909090909091,0.4394969869215134
3356,11,0,11,0.0,1.0,0.0
3357,11,3,8,0.2727272727272727,0.7272727272727273,0.8453509366224364
3358,11,4,7,0.36363636363636365,0.6363636363636364,0.9456603046006401
3359,11,3,8,0.2727272727272727,0.7272727272727273,0.8453509366224364
3360,11,1,10,0.09090909090909091,0.9090909090909091,0.4394969869215134
3361,11,0,11,0.0,1.0,0.0
3362,11,5,6,0.45454545454545453,0.5454545454545454,0.9940302114769565
3363,11,2,9,0.18181818181818182,0.8181818181818182,0.6840384356390418
3364,11,2,9,0.18181818181818182,0.8181818181818182,0.6840384356390418
3365,11,2,9,0.18181818181818182,0.8181818181818182,0.6840384356390418
3366,11,2,9,0.18181818181818182,0.8181818181818182,0.6840384356390418
3367,11,3,8,0.2727272727272727,0.7272727272727273,0.8453509366224364
3368,11,2,9,0.18181818181818182,0.8181818181818182,0.6840384356390418
3369,11,3,8,0.2727272727272727,0.7272727272727273,0.8453509366224364
3370,11,0,11,0.0,1.0,0.0
3371,11,1,10,0.09090909090909091,0.9090909090909091,0.4394969869215134
3372,11,0,11,0.0,1.0,0.0
3373,11,0,11,0.0,1.0,0.0
3374,11,1,10,0.09090909090909091,0.9090909090909091,0.4394969869215134
3375,11,1,10,0.09090909090909091,0.9090909090909091,0.4394969869215134
3376,11,0,11,0.0,1.0,0.0
3377,11,2,9,0.18181818181818182,0.8181818181818182,0.6840384356390418
3378,11,1,10,0.09090909090909091,0.9090909090909091,0.4394969869215134
3379,11,4,7,0.36363636363636365,0.6363636363636364,0.9456603046006401
3380,11,1,10,0.09090909090909091,0.9090909090909091,0.4394969869215134
3381,11,0,11,0.0,1.0,0.0
3382,11,2,9,0.18181818181818182,0.8181818181818182,0.6840384356390418
3383,11,0,11,0.0,1.0,0.0
3384,11,0,11,0.0,1.0,0.0
3385,11,2,9,0.18181818181818182,0.8181818181818182,0.6840384356390418
3386,11,2,9,0.18181818181818182,0.8181818181818182,0.6840384356390418
3387,11,2,9,0.18181818181818182,0.8181818181818182,0.6840384356390418
3388,11,0,11,0.0,1.0,0.0
3389,11,1,10,0.09090909090909091,0.9090909090909091,0.4394969869215134
3390,11,1,10,0.09090909090909091,0.9090909090909091,0.4394969869215134
3391,11,1,10,0.09090909090909091,0.9090909090909091,0.4394969869215134
3392,11,0,11,0.0,1.0,0.0
3393,11,3,8,0.2727272727272727,0.7272727272727273,0.8453509366224364
3394,11,1,10,0.09090909090909091,0.9090909090909091,0.4394969869215134
3395,11,3,8,0.2727272727272727,0.7272727272727273,0.8453509366224364
3396,11,4,7,0.36363636363636365,0.6363636363636364,0.9456603046006401
3397,11,2,9,0.18181818181818182,0.8181818181818182,0.6840384356390418
3398,11,1,10,0.09090909090909091,0.9090909090909091,0.4394969869215134
3399,11,1,10,0.09090909090909091,0.9090909090909091,0.4394969869215134
3400,11,2,9,0.18181818181818182,0.8181818181818182,0.6840384356390418
3401,11,1,10,0.09090909090909091,0.9090909090909091,0.4394969869215134
3402,11,2,9,0.18181818181818182,0.8181818181818182,0.6840384356390418
3403,11,3,8,0.2727272727272727,0.7272727272727273,0.8453509366224364
3404,11,1,10,0.09090909090909091,0.9090909090909091,0.4394969869215134
3405,11,3,8,0.2727272727272727,0.7272727272727273,0.8453509366224364
3406,11,2,9,0.18181818181818182,0.8181818181818182,0.6840384356390418
3407,11,4,7,0.36363636363636365,0.6363636363636364,0.9456603046006401
3408,11,2,9,0.18181818181818182,0.8181818181818182,0.6840384356390418
3409,11,1,10,0.09090909090909091,0.9090909090909091,0.4394969869215134
3410,11,0,11,0.0,1.0,0.0
3411,11,1,10,0.09090909090909091,0.9090909090909091,0.4394969869215134
3412,11,1,10,0.09090909090909091,0.9090909090909091,0.4394969869215134
3413,11,1,10,0.09090909090909091,0.9090909090909091,0.4394969869215134
3414,11,1,10,0.09090909090909091,0.9090909090909091,0.4394969869215134
3415,11,2,9,0.18181818181818182,0.8181818181818182,0.6840384356390418
3416,11,3,8,0.2727272727272727,0.7272727272727273,0.8453509366224364
3417,11,2,9,0.18181818181818182,0.8181818181818182,0.6840384356390418
3418,11,0,11,0.0,1.0,0.0
3419,11,2,9,0.18181818181818182,0.8181818181818182,0.6840384356390418
3420,11,3,8,0.2727272727272727,0.7272727272727273,0.8453509366224364
3421,11,1,10,0.09090909090909091,0.9090909090909091,0.4394969869215134
3422,11,3,8,0.2727272727272727,0.7272727272727273,0.8453509366224364
3423,11,1,10,0.09090909090909091,0.9090909090909091,0.4394969869215134
3424,11,3,8,0.2727272727272727,0.7272727272727273,0.8453509366224364
3425,11,2,9,0.18181818181818182,0.8181818181818182,0.6840384356390418
3426,11,2,9,0.18181818181818182,0.8181818181818182,0.6840384356390418
3427,11,0,11,0.0,1.0,0.0
3428,11,0,11,0.0,1.0,0.0
3429,11,1,10,0.09090909090909091,0.9090909090909091,0.4394969869215134
3430,11,3,8,0.2727272727272727,0.7272727272727273,0.8453509366224364
3431,11,1,10,0.09090909090909091,0.9090909090909091,0.4394969869215134
3432,11,0,11,0.0,1.0,0.0
3433,11,2,9,0.18181818181818182,0.8181818181818182,0.6840384356390418
3434,11,2,9,0.18181818181818182,0.8181818181818182,0.6840384356390418
3435,11,0,11,0.0,1.0,0.0
3436,11,2,9,0.18181818181818182,0.8181818181818182,0.6840384356390418
3437,11,2,9,0.18181818181818182,0.8181818181818182,0.6840384356390418
3438,11,1,10,0.09090909090909091,0.9090909090909091,0.4394969869215134
3439,11,1,10,0.09090909090909091,0.9090909090909091,0.4394969869215134
3440,11,0,11,0.0,1.0,0.0
3441,11,2,9,0.18181818181818182,0.8181818181818182,0.6840384356390418
3442,11,3,8,0.2727272727272727,0.7272727272727273,0.8453509366224364
3443,11,0,11,0.0,1.0,0.0
3444,11,3,8,0.2727272727272727,0.7272727272727273,0.8453509366224364
3445,11,2,9,0.18181818181818182,0.8181818181818182,0.6840384356390418
3446,11,1,10,0.09090909090909091,0.9090909090909091,0.4394969869215134
3447,11,1,10,0.09090909090909091,0.9090909090909091,0.4394969869215134
3448,11,2,9,0.18181818181818182,0.8181818181818182,0.6840384356390418
3449,11,2,9,0.18181818181818182,0.8181818181818182,0.6840384356390418
3450,11,1,10,0.09090909090909091,0.9090909090909091,0.4394969869215134
3451,11,2,9,0.18181818181818182,0.8181818181818182,0.6840384356390418
3452,11,3,8,0.2727272727272727,0.7272727272727273,0.8453509366224364
3453,11,2,9,0.18181818181818182,0.8181818181818182,0.6840384356390418
3454,11,1,10,0.09090909090909091,0.9090909090909091,0.4394969869215134
3455,11,0,11,0.0,1.0,0.0
3456,11,3,8,0.2727272727272727,0.7272727272727273,0.8453509366224364
3457,11,2,9,0.18181818181818182,0.8181818181818182,0.6840384356390418
3458,11,0,11,0.0,1.0,0.0
3459,11,2,9,0.18181818181818182,0.8181818181818182,0.6840384356390418
3460,11,1,10,0.09090909090909091,0.9090909090909091,0.4394969869215134
3461,11,0,11,0.0,1.0,0.0
3462,11,2,9,0.18181818181818182,0.8181818181818182,0.6840384356390418
3463,11,3,8,0.2727272727272727,0.7272727272727273,0.8453509366224364
3464,11,2,9,0.18181818181818182,0.8181818181818182,0.6840384356390418
3465,11,1,10,0.09090909090909091,0.9090909090909091,0.4394969869215134
3466,11,1,10,0.09090909090909091,0.9090909090909091,0.4394969869215134
3467,11,2,9,0.18181818181818182,0.8181818181818182,0.6840384356390418
3468,11,1,10,0.09090909090909091,0.9090909090909091,0.4394969869215134
3469,11,0,11,0.0,1.0,0.0
3470,11,0,11,0.0,1.0,0.0
3471,11,2,9,0.18181818181818182,0.8181818181818182,0.6840384356390418
3472,11,2,9,0.18181818181818182,0.8181818181818182,0.6840384356390418
3473,11,0,11,0.0,1.0,0.0
3474,11,0,11,0.0,1.0,0.0
3475,11,0,11,0.0,1.0,0.0
3476,11,3,8,0.2727272727272727,0.7272727272727273,0.8453509366224364
3477,11,1,10,0.09090909090909091,0.9090909090909091,0.4394969869215134
3478,11,1,10,0.09090909090909091,0.9090909090909091,0.4394969869215134
3479,11,3,8,0.2727272727272727,0.7272727272727273,0.8453509366224364
3480,11,0,11,0.0,1.0,0.0
3481,11,0,11,0.0,1.0,0.0
3482,11,3,8,0.2727272727272727,0.7272727272727273,0.8453509366224364
3483,11,1,10,0.09090909090909091,0.9090909090909091,0.4394969869215134
3484,11,0,11,0.0,1.0,0.0
3485,11,0,11,0.0,1.0,0.0
3486,11,2,9,0.18181818181818182,0.8181818181818182,0.6840384356390418
3487,11,4,7,0.36363636363636365,0.6363636363636364,0.9456603046006401
3488,11,0,11,0.0,1.0,0.0
3489,11,2,9,0.18181818181818182,0.8181818181818182,0.6840384356390418
3490,11,2,9,0.18181818181818182,0.8181818181818182,0.6840384356390418
3491,11,1,10,0.09090909090909091,0.9090909090909091,0.4394969869215134
3492,11,1,10,0.09090909090909091,0.9090909090909091,0.4394969869215134
3493,11,0,11,0.0,1.0,0.0
3494,11,0,11,0.0,1.0,0.0
3495,11,1,10,0.09090909090909091,0.9090909090909091,0.4394969869215134
3496,11,1,10,0.09090909090909091,0.9090909090909091,0.4394969869215134
3497,11,0,11,0.0,1.0,0.0
3498,11,0,11,0.0,1.0,0.0
3499,11,4,7,0.36363636363636365,0.6363636363636364,0.9456603046006401
3500,11,2,9,0.18181818181818182,0.8181818181818182,0.6840384356390418
3501,11,2,9,0.18181818181818182,0.8181818181818182,0.6840384356390418
3502,11,3,8,0.2727272727272727,0.7272727272727273,0.8453509366224364
3503,11,1,10,0.09090909090909091,0.9090909090909091,0.4394969869215134
3504,11,3,8,0.2727272727272727,0.7272727272727273,0.8453509366224364
3505,11,1,10,0.09090909090909091,0.9090909090909091,0.4394969869215134
3506,11,1,10,0.09090909090909091,0.9090909090909091,0.4394969869215134
3507,11,4,7,0.36363636363636365,0.6363636363636364,0.9456603046006401
3508,11,3,8,0.2727272727272727,0.7272727272727273,0.8453509366224364
3509,11,2,9,0.18181818181818182,0.8181818181818182,0.6840384356390418
3510,11,1,10,0.09090909090909091,0.9090909090909091,0.4394969869215134
3511,11,3,8,0.2727272727272727,0.7272727272727273,0.8453509366224364
3512,11,1,10,0.09090909090909091,0.9090909090909091,0.4394969869215134
3513,11,2,9,0.18181818181818182,0.8181818181818182,0.6840384356390418
3514,11,2,9,0.18181818181818182,0.8181818181818182,0.6840384356390418
3515,11,2,9,0.18181818181818182,0.8181818181818182,0.6840384356390418
3516,11,2,9,0.18181818181818182,0.8181818181818182,0.6840384356390418
3517,11,0,11,0.0,1.0,0.0
3518,11,1,10,0.09090909090909091,0.9090909090909091,0.4394969869215134
3519,11,1,10,0.09090909090909091,0.9090909090909091,0.4394969869215134
3520,11,1,10,0.09090909090909091,0.9090909090909091,0.4394969869215134
3521,11,0,11,0.0,1.0,0.0
3522,11,1,10,0.09090909090909091,0.9090909090909091,0.4394969869215134
3523,11,2,9,0.18181818181818182,0.8181818181818182,0.6840384356390418
3524,11,2,9,0.18181818181818182,0.8181818181818182,0.6840384356390418
3525,11,0,11,0.0,1.0,0.0
3526,11,0,11,0.0,1.0,0.0
3527,11,0,11,0.0,1.0,0.0
3528,11,0,11,0.0,1.0,0.0
3529,11,2,9,0.18181818181818182,0.8181818181818182,0.6840384356390418
3530,11,2,9,0.18181818181818182,0.8181818181818182,0.6840384356390418
3531,11,0,11,0.0,1.0,0.0
3532,11,3,8,0.2727272727272727,0.7272727272727273,0.8453509366224364
3533,11,3,8,0.2727272727272727,0.7272727272727273,0.8453509366224364
3534,11,0,11,0.0,1.0,0.0
3535,11,2,9,0.18181818181818182,0.8181818181818182,0.6840384356390418
3536,11,1,10,0.09090909090909091,0.9090909090909091,0.4394969869215134
3537,11,3,8,0.2727272727272727,0.7272727272727273,0.8453509366224364
3538,11,2,9,0.18181818181818182,0.8181818181818182,0.6840384356390418
3539,11,1,10,0.09090909090909091,0.9090909090909091,0.4394969869215134
3540,11,2,9,0.18181818181818182,0.8181818181818182,0.6840384356390418
3541,11,1,10,0.09090909090909091,0.9090909090909091,0.4394969869215134
3542,11,2,9,0.18181818181818182,0.8181818181818182,0.6840384356390418
3543,11,0,11,0.0,1.0,0.0
3544,11,0,11,0.0,1.0,0.0
3545,11,0,11,0.0,1.0,0.0
3546,11,0,11,0.0,1.0,0.0
3547,11,2,9,0.18181818181818182,0.8181818181818182,0.6840384356390418
3548,11,1,10,0.09090909090909091,0.9090909090909091,0.4394969869215134
3549,11,0,11,0.0,1.0,0.0
3550,11,1,10,0.09090909090909091,0.9090909090909091,0.4394969869215134
3551,11,0,11,0.0,1.0,0.0
3552,11,2,9,0.18181818181818182,0.8181818181818182,0.6840384356390418
3553,11,1,10,0.09090909090909091,0.9090909090909091,0.4394969869215134
3554,11,3,8,0.2727272727272727,0.7272727272727273,0.8453509366224364
3555,11,1,10,0.09090909090909091,0.9090909090909091,0.4394969869215134
3556,11,2,9,0.18181818181818182,0.8181818181818182,0.6840384356390418
3557,11,0,11,0.0,1.0,0.0
3558,11,1,10,0.09090909090909091,0.9090909090909091,0.4394969869215134
3559,11,2,9,0.18181818181818182,0.8181818181818182,0.6840384356390418
3560,11,1,10,0.09090909090909091,0.9090909090909091,0.4394969869215134
3561,11,3,8,0.2727272727272727,0.7272727272727273,0.8453509366224364
3562,11,3,8,0.2727272727272727,0.7272727272727273,0.8453509366224364
3563,11,2,9,0.18181818181818182,0.8181818181818182,0.6840384356390418
3564,11,0,11,0.0,1.0,0.0
3565,11,1,10,0.09090909090909091,0.9090909090909091,0.4394969869215134
3566,11,1,10,0.09090909090909091,0.9090909090909091,0.4394969869215134
3567,11,2,9,0.18181818181818182,0.8181818181818182,0.6840384356390418
3568,11,3,8,0.2727272727272727,0.7272727272727273,0.8453509366224364
3569,11,0,11,0.0,1.0,0.0
3570,11,2,9,0.18181818181818182,0.8181818181818182,0.6840384356390418
3571,11,2,9,0.18181818181818182,0.8181818181818182,0.6840384356390418
3572,11,1,10,0.09090909090909091,0.9090909090909091,0.4394969869215134
3573,11,2,9,0.18181818181818182,0.8181818181818182,0.6840384356390418
3574,11,1,10,0.09090909090909091,0.9090909090909091,0.4394969869215134
3575,11,4,7,0.36363636363636365,0.6363636363636364,0.9456603046006401
3576,11,0,11,0.0,1.0,0.0
3577,11,0,11,0.0,1.0,0.0
3578,11,1,10,0.09090909090909091,0.9090909090909091,0.4394969869215134
3579,11,2,9,0.18181818181818182,0.8181818181818182,0.6840384356390418
3580,11,2,9,0.18181818181818182,0.8181818181818182,0.6840384356390418
3581,11,2,9,0.18181818181818182,0.8181818181818182,0.6840384356390418
3582,11,2,9,0.18181818181818182,0.8181818181818182,0.6840384356390418
3583,11,2,9,0.18181818181818182,0.8181818181818182,0.6840384356390418
3584,11,0,11,0.0,1.0,0.0
3585,11,3,8,0.2727272727272727,0.7272727272727273,0.8453509366224364
3586,11,1,10,0.09090909090909091,0.9090909090909091,0.4394969869215134
3587,11,2,9,0.18181818181818182,0.8181818181818182,0.6840384356390418
3588,11,0,11,0.0,1.0,0.0
3589,11,2,9,0.18181818181818182,0.8181818181818182,0.6840384356390418
3590,11,0,11,0.0,1.0,0.0
3591,11,1,10,0.09090909090909091,0.9090909090909091,0.4394969869215134
3592,11,1,10,0.09090909090909091,0.9090909090909091,0.4394969869215134
3593,11,1,10,0.09090909090909091,0.9090909090909091,0.4394969869215134
3594,11,0,11,0.0,1.0,0.0
3595,11,2,9,0.18181818181818182,0.8181818181818182,0.6840384356390418
3596,11,1,10,0.09090909090909091,0.9090909090909091,0.4394969869215134
3597,11,1,10,0.09090909090909091,0.9090909090909091,0.4394969869215134
3598,11,0,11,0.0,1.0,0.0
3599,11,1,10,0.09090909090909091,0.9090909090909091,0.4394969869215134
3600,11,2,9,0.18181818181818182,0.8181818181818182,0.6840384356390418
3601,11,1,10,0.09090909090909091,0.9090909090909091,0.4394969869215134
3602,11,1,10,0.09090909090909091,0.9090909090909091,0.4394969869215134
3603,11,3,8,0.2727272727272727,0.7272727272727273,0.8453509366224364
3604,11,2,9,0.18181818181818182,0.8181818181818182,0.6840384356390418
3605,11,2,9,0.18181818181818182,0.8181818181818182,0.6840384356390418
3606,11,2,9,0.18181818181818182,0.8181818181818182,0.6840384356390418
3607,11,2,9,0.18181818181818182,0.8181818181818182,0.6840384356390418
3608,11,1,10,0.09090909090909091,0.9090909090909091,0.4394969869215134
3609,11,0,11,0.0,1.0,0.0
3610,11,1,10,0.09090909090909091,0.9090909090909091,0.4394969869215134
3611,11,2,9,0.18181818181818182,0.8181818181818182,0.6840384356390418
3612,11,0,11,0.0,1.0,0.0
3613,11,0,11,0.0,1.0,0.0
3614,11,2,9,0.18181818181818182,0.8181818181818182,0.6840384356390418
3615,11,1,10,0.09090909090909091,0.9090909090909091,0.4394969869215134
3616,11,1,10,0.09090909090909091,0.9090909090909091,0.4394969869215134
3617,11,2,9,0.18181818181818182,0.8181818181818182,0.6840384356390418
3618,11,1,10,0.09090909090909091,0.9090909090909091,0.4394969869215134
3619,11,1,10,0.09090909090909091,0.9090909090909091,0.4394969869215134
3620,11,0,11,0.0,1.0,0.0
3621,11,1,10,0.09090909090909091,0.9090909090909091,0.4394969869215134
3622,11,1,10,0.09090909090909091,0.9090909090909091,0.4394969869215134
3623,11,1,10,0.09090909090909091,0.9090909090909091,0.4394969869215134
3624,11,2,9,0.18181818181818182,0.8181818181818182,0.6840384356390418
3625,11,3,8,0.2727272727272727,0.7272727272727273,0.8453509366224364
3626,11,3,8,0.2727272727272727,0.7272727272727273,0.8453509366224364
3627,11,0,11,0.0,1.0,0.0
3628,11,0,11,0.0,1.0,0.0
3629,11,1,10,0.09090909090909091,0.9090909090909091,0.4394969869215134
3630,11,2,9,0.18181818181818182,0.8181818181818182,0.6840384356390418
3631,11,0,11,0.0,1.0,0.0
3632,11,2,9,0.18181818181818182,0.8181818181818182,0.6840384356390418
3633,11,1,10,0.09090909090909091,0.9090909090909091,0.4394969869215134
3634,11,1,10,0.09090909090909091,0.9090909090909091,0.4394969869215134
3635,11,1,10,0.09090909090909091,0.9090909090909091,0.4394969869215134
3636,11,2,9,0.18181818181818182,0.8181818181818182,0.6840384356390418
3637,11,3,8,0.2727272727272727,0.7272727272727273,0.8453509366224364
3638,11,1,10,0.09090909090909091,0.9090909090909091,0.4394969869215134
3639,11,2,9,0.18181818181818182,0.8181818181818182,0.6840384356390418
3640,11,0,11,0.0,1.0,0.0
3641,11,1,10,0.09090909090909091,0.9090909090909091,0.4394969869215134
3642,11,3,8,0.2727272727272727,0.7272727272727273,0.8453509366224364
3643,11,3,8,0.2727272727272727,0.7272727272727273,0.8453509366224364
3644,11,2,9,0.18181818181818182,0.8181818181818182,0.6840384356390418
3645,11,2,9,0.18181818181818182,0.8181818181818182,0.6840384356390418
3646,11,1,10,0.09090909090909091,0.9090909090909091,0.4394969869215134
3647,11,1,10,0.09090909090909091,0.9090909090909091,0.4394969869215134
3648,11,2,9,0.18181818181818182,0.8181818181818182,0.6840384356390418
3649,11,2,9,0.18181818181818182,0.8181818181818182,0.6840384356390418
3650,11,3,8,0.2727272727272727,0.7272727272727273,0.8453509366224364
3651,11,5,6,0.45454545454545453,0.5454545454545454,0.9940302114769565
3652,11,3,8,0.2727272727272727,0.7272727272727273,0.8453509366224364
3653,11,2,9,0.18181818181818182,0.8181818181818182,0.6840384356390418
3654,11,3,8,0.2727272727272727,0.7272727272727273,0.8453509366224364
3655,11,0,11,0.0,1.0,0.0
3656,11,1,10,0.09090909090909091,0.9090909090909091,0.4394969869215134
3657,11,0,11,0.0,1.0,0.0
3658,11,1,10,0.09090909090909091,0.9090909090909091,0.4394969869215134
3659,11,2,9,0.18181818181818182,0.8181818181818182,0.6840384356390418
3660,11,1,10,0.09090909090909091,0.9090909090909091,0.4394969869215134
3661,11,2,9,0.18181818181818182,0.8181818181818182,0.6840384356390418
3662,11,4,7,0.36363636363636365,0.6363636363636364,0.9456603046006401
3663,11,1,10,0.09090909090909091,0.9090909090909091,0.4394969869215134
3664,11,0,11,0.0,1.0,0.0
3665,11,0,11,0.0,1.0,0.0
3666,11,2,9,0.18181818181818182,0.8181818181818182,0.6840384356390418
3667,11,2,9,0.18181818181818182,0.8181818181818182,0.6840384356390418
3668,11,2,9,0.18181818181818182,0.8181818181818182,0.6840384356390418
3669,11,2,9,0.18181818181818182,0.8181818181818182,0.6840384356390418
3670,11,1,10,0.09090909090909091,0.9090909090909091,0.4394969869215134
3671,11,1,10,0.09090909090909091,0.9090909090909091,0.4394969869215134
3672,11,1,10,0.09090909090909091,0.9090909090909091,0.4394969869215134
3673,11,6,5,0.5454545454545454,0.45454545454545453,0.9940302114769565
3674,11,3,8,0.2727272727272727,0.7272727272727273,0.8453509366224364
3675,11,2,9,0.18181818181818182,0.8181818181818182,0.6840384356390418
3676,11,2,9,0.18181818181818182,0.8181818181818182,0.6840384356390418
3677,11,1,10,0.09090909090909091,0.9090909090909091,0.4394969869215134
3678,11,1,10,0.09090909090909091,0.9090909090909091,0.4394969869215134
3679,11,0,11,0.0,1.0,0.0
3680,11,3,8,0.2727272727272727,0.7272727272727273,0.8453509366224364
3681,11,2,9,0.18181818181818182,0.8181818181818182,0.6840384356390418
3682,11,3,8,0.2727272727272727,0.7272727272727273,0.8453509366224364
3683,11,2,9,0.18181818181818182,0.8181818181818182,0.6840384356390418
3684,11,2,9,0.18181818181818182,0.8181818181818182,0.6840384356390418
3685,11,3,8,0.2727272727272727,0.7272727272727273,0.8453509366224364
3686,11,1,10,0.09090909090909091,0.9090909090909091,0.4394969869215134
3687,11,0,11,0.0,1.0,0.0
3688,11,1,10,0.09090909090909091,0.9090909090909091,0.4394969869215134
3689,11,0,11,0.0,1.0,0.0
3690,11,3,8,0.2727272727272727,0.7272727272727273,0.8453509366224364
3691,11,2,9,0.18181818181818182,0.8181818181818182,0.6840384356390418
3692,11,0,11,0.0,1.0,0.0
3693,11,1,10,0.09090909090909091,0.9090909090909091,0.4394969869215134
3694,11,3,8,0.2727272727272727,0.7272727272727273,0.8453509366224364
3695,11,2,9,0.18181818181818182,0.8181818181818182,0.6840384356390418
3696,11,2,9,0.18181818181818182,0.8181818181818182,0.6840384356390418
3697,11,2,9,0.18181818181818182,0.8181818181818182,0.6840384356390418
3698,11,2,9,0.18181818181818182,0.8181818181818182,0.6840384356390418
3699,11,1,10,0.09090909090909091,0.9090909090909091,0.4394969869215134
3700,11,1,10,0.09090909090909091,0.9090909090909091,0.4394969869215134
3701,11,1,10,0.09090909090909091,0.9090909090909091,0.4394969869215134
3702,11,0,11,0.0,1.0,0.0
3703,11,2,9,0.18181818181818182,0.8181818181818182,0.6840384356390418
3704,11,2,9,0.18181818181818182,0.8181818181818182,0.6840384356390418
3705,11,1,10,0.09090909090909091,0.9090909090909091,0.4394969869215134
3706,11,1,10,0.09090909090909091,0.9090909090909091,0.4394969869215134
3707,11,4,7,0.36363636363636365,0.6363636363636364,0.9456603046006401
3708,11,3,8,0.2727272727272727,0.7272727272727273,0.8453509366224364
3709,11,1,10,0.09090909090909091,0.9090909090909091,0.4394969869215134
3710,11,1,10,0.09090909090909091,0.9090909090909091,0.4394969869215134
3711,11,0,11,0.0,1.0,0.0
3712,11,2,9,0.18181818181818182,0.8181818181818182,0.6840384356390418
3713,11,1,10,0.09090909090909091,0.9090909090909091,0.4394969869215134
3714,11,2,9,0.18181818181818182,0.8181818181818182,0.6840384356390418
3715,11,2,9,0.18181818181818182,0.8181818181818182,0.6840384356390418
3716,11,4,7,0.36363636363636365,0.6363636363636364,0.9456603046006401
3717,11,3,8,0.2727272727272727,0.7272727272727273,0.8453509366224364
3718,11,2,9,0.18181818181818182,0.8181818181818182,0.6840384356390418
3719,11,3,8,0.2727272727272727,0.7272727272727273,0.8453509366224364
3720,11,1,10,0.09090909090909091,0.9090909090909091,0.4394969869215134
3721,11,2,9,0.18181818181818182,0.8181818181818182,0.6840384356390418
3722,11,2,9,0.18181818181818182,0.8181818181818182,0.6840384356390418
3723,11,3,8,0.2727272727272727,0.7272727272727273,0.8453509366224364
3724,11,1,10,0.09090909090909091,0.9090909090909091,0.4394969869215134
3725,11,0,11,0.0,1.0,0.0
3726,11,1,10,0.09090909090909091,0.9090909090909091,0.4394969869215134
3727,11,0,11,0.0,1.0,0.0
3728,11,1,10,0.09090909090909091,0.9090909090909091,0.4394969869215134
3729,11,2,9,0.18181818181818182,0.8181818181818182,0.6840384356390418
3730,11,2,9,0.18181818181818182,0.8181818181818182,0.6840384356390418
3731,11,2,9,0.18181818181818182,0.8181818181818182,0.6840384356390418
3732,11,3,8,0.2727272727272727,0.7272727272727273,0.8453509366224364
3733,11,1,10,0.09090909090909091,0.9090909090909091,0.4394969869215134
3734,11,3,8,0.2727272727272727,0.7272727272727273,0.8453509366224364
3735,11,3,8,0.2727272727272727,0.7272727272727273,0.8453509366224364
3736,11,0,11,0.0,1.0,0.0
3737,11,0,11,0.0,1.0,0.0
3738,11,1,10,0.09090909090909091,0.9090909090909091,0.4394969869215134
3739,11,2,9,0.18181818181818182,0.8181818181818182,0.6840384356390418
3740,11,2,9,0.18181818181818182,0.8181818181818182,0.6840384356390418
3741,11,0,11,0.0,1.0,0.0
3742,11,0,11,0.0,1.0,0.0
3743,11,0,11,0.0,1.0,0.0
3744,11,2,9,0.18181818181818182,0.8181818181818182,0.6840384356390418
3745,11,1,10,0.09090909090909091,0.9090909090909091,0.4394969869215134
3746,11,1,10,0.09090909090909091,0.9090909090909091,0.4394969869215134
3747,11,3,8,0.2727272727272727,0.7272727272727273,0.8453509366224364
3748,11,1,10,0.09090909090909091,0.9090909090909091,0.4394969869215134
3749,11,1,10,0.09090909090909091,0.9090909090909091,0.4394969869215134
3750,11,0,11,0.0,1.0,0.0
3751,11,0,11,0.0,1.0,0.0
3752,11,3,8,0.2727272727272727,0.7272727272727273,0.8453509366224364
3753,11,3,8,0.2727272727272727,0.7272727272727273,0.8453509366224364
3754,11,3,8,0.2727272727272727,0.7272727272727273,0.8453509366224364
3755,11,1,10,0.09090909090909091,0.9090909090909091,0.4394969869215134
3756,11,1,10,0.09090909090909091,0.9090909090909091,0.4394969869215134
3757,11,3,8,0.2727272727272727,0.7272727272727273,0.8453509366224364
3758,11,2,9,0.18181818181818182,0.8181818181818182,0.6840384356390418
3759,11,3,8,0.2727272727272727,0.7272727272727273,0.8453509366224364
3760,11,2,9,0.18181818181818182,0.8181818181818182,0.6840384356390418
3761,11,0,11,0.0,1.0,0.0
3762,11,1,10,0.09090909090909091,0.9090909090909091,0.4394969869215134
3763,11,2,9,0.18181818181818182,0.8181818181818182,0.6840384356390418
3764,11,1,10,0.09090909090909091,0.9090909090909091,0.4394969869215134
3765,11,1,10,0.09090909090909091,0.9090909090909091,0.4394969869215134
3766,11,3,8,0.2727272727272727,0.7272727272727273,0.8453509366224364
3767,11,2,9,0.18181818181818182,0.8181818181818182,0.6840384356390418
3768,11,1,10,0.09090909090909091,0.9090909090909091,0.4394969869215134
3769,11,2,9,0.18181818181818182,0.8181818181818182,0.6840384356390418
3770,11,2,9,0.18181818181818182,0.8181818181818182,0.6840384356390418
3771,11,1,10,0.09090909090909091,0.9090909090909091,0.4394969869215134
3772,11,2,9,0.18181818181818182,0.8181818181818182,0.6840384356390418
3773,11,2,9,0.18181818181818182,0.8181818181818182,0.6840384356390418
3774,11,1,10,0.09090909090909091,0.9090909090909091,0.4394969869215134
3775,11,4,7,0.36363636363636365,0.6363636363636364,0.9456603046006401
3776,11,0,11,0.0,1.0,0.0
3777,11,1,10,0.09090909090909091,0.9090909090909091,0.4394969869215134
3778,11,1,10,0.09090909090909091,0.9090909090909091,0.4394969869215134
3779,11,2,9,0.18181818181818182,0.8181818181818182,0.6840384356390418
3780,11,1,10,0.09090909090909091,0.9090909090909091,0.4394969869215134
3781,11,3,8,0.2727272727272727,0.7272727272727273,0.8453509366224364
3782,11,1,10,0.09090909090909091,0.9090909090909091,0.4394969869215134
3783,11,2,9,0.18181818181818182,0.8181818181818182,0.6840384356390418
3784,11,0,11,0.0,1.0,0.0
3785,11,0,11,0.0,1.0,0.0
3786,11,1,10,0.09090909090909091,0.9090909090909091,0.4394969869215134
3787,11,0,11,0.0,1.0,0.0
3788,11,1,10,0.09090909090909091,0.9090909090909091,0.4394969869215134
3789,11,1,10,0.09090909090909091,0.9090909090909091,0.4394969869215134
3790,11,2,9,0.18181818181818182,0.8181818181818182,0.6840384356390418
3791,11,0,11,0.0,1.0,0.0
3792,11,2,9,0.18181818181818182,0.8181818181818182,0.6840384356390418
3793,11,4,7,0.36363636363636365,0.6363636363636364,0.9456603046006401
3794,11,4,7,0.36363636363636365,0.6363636363636364,0.9456603046006401
3795,11,3,8,0.2727272727272727,0.7272727272727273,0.8453509366224364
3796,11,3,8,0.2727272727272727,0.7272727272727273,0.8453509366224364
3797,11,1,10,0.09090909090909091,0.9090909090909091,0.4394969869215134
3798,11,1,10,0.09090909090909091,0.9090909090909091,0.4394969869215134
3799,11,3,8,0.2727272727272727,0.7272727272727273,0.8453509366224364
3800,11,2,9,0.18181818181818182,0.8181818181818182,0.6840384356390418
3801,11,1,10,0.09090909090909091,0.9090909090909091,0.4394969869215134
3802,11,2,9,0.18181818181818182,0.8181818181818182,0.6840384356390418
3803,11,1,10,0.09090909090909091,0.9090909090909091,0.4394969869215134
3804,11,4,7,0.36363636363636365,0.6363636363636364,0.9456603046006401
3805,11,2,9,0.18181818181818182,0.8181818181818182,0.6840384356390418
3806,11,1,10,0.09090909090909091,0.9090909090909091,0.4394969869215134
3807,11,4,7,0.36363636363636365,0.6363636363636364,0.9456603046006401
3808,11,0,11,0.0,1.0,0.0
3809,11,2,9,0.18181818181818182,0.8181818181818182,0.6840384356390418
3810,11,1,10,0.09090909090909091,0.9090909090909091,0.4394969869215134
3811,11,3,8,0.2727272727272727,0.7272727272727273,0.8453509366224364
3812,11,2,9,0.18181818181818182,0.8181818181818182,0.6840384356390418
3813,11,1,10,0.09090909090909091,0.9090909090909091,0.4394969869215134
3814,11,3,8,0.2727272727272727,0.7272727272727273,0.8453509366224364
3815,11,0,11,0.0,1.0,0.0
3816,11,0,11,0.0,1.0,0.0
3817,11,1,10,0.09090909090909091,0.9090909090909091,0.4394969869215134
3818,11,1,10,0.09090909090909091,0.9090909090909091,0.4394969869215134
3819,11,1,10,0.09090909090909091,0.9090909090909091,0.4394969869215134
3820,11,2,9,0.18181818181818182,0.8181818181818182,0.6840384356390418
3821,11,0,11,0.0,1.0,0.0
3822,11,3,8,0.2727272727272727,0.7272727272727273,0.8453509366224364
3823,11,1,10,0.09090909090909091,0.9090909090909091,0.4394969869215134
3824,11,1,10,0.09090909090909091,0.9090909090909091,0.4394969869215134
3825,11,0,11,0.0,1.0,0.0
3826,11,2,9,0.18181818181818182,0.8181818181818182,0.6840384356390418
3827,11,1,10,0.09090909090909091,0.9090909090909091,0.4394969869215134
3828,11,1,10,0.09090909090909091,0.9090909090909091,0.4394969869215134
3829,11,3,8,0.2727272727272727,0.7272727272727273,0.8453509366224364
3830,11,2,9,0.18181818181818182,0.8181818181818182,0.6840384356390418
3831,11,2,9,0.18181818181818182,0.8181818181818182,0.6840384356390418
3832,11,1,10,0.09090909090909091,0.9090909090909091,0.4394969869215134
3833,11,0,11,0.0,1.0,0.0
3834,11,1,10,0.09090909090909091,0.9090909090909091,0.4394969869215134
3835,11,0,11,0.0,1.0,0.0
3836,11,2,9,0.18181818181818182,0.8181818181818182,0.6840384356390418
3837,11,1,10,0.09090909090909091,0.9090909090909091,0.4394969869215134
3838,11,0,11,0.0,1.0,0.0
3839,11,0,11,0.0,1.0,0.0
3840,11,2,9,0.18181818181818182,0.8181818181818182,0.6840384356390418
3841,11,2,9,0.18181818181818182,0.8181818181818182,0.6840384356390418
3842,11,2,9,0.18181818181818182,0.8181818181818182,0.6840384356390418
3843,11,2,9,0.18181818181818182,0.8181818181818182,0.6840384356390418
3844,11,2,9,0.18181818181818182,0.8181818181818182,0.6840384356390418
3845,11,1,10,0.09090909090909091,0.9090909090909091,0.4394969869215134
3846,11,1,10,0.09090909090909091,0.9090909090909091,0.4394969869215134
3847,11,0,11,0.0,1.0,0.0
3848,11,2,9,0.18181818181818182,0.8181818181818182,0.6840384356390418
3849,11,1,10,0.09090909090909091,0.9090909090909091,0.4394969869215134
3850,11,1,10,0.09090909090909091,0.9090909090909091,0.4394969869215134
3851,11,0,11,0.0,1.0,0.0
3852,11,2,9,0.18181818181818182,0.8181818181818182,0.6840384356390418
3853,11,0,11,0.0,1.0,0.0
3854,11,2,9,0.18181818181818182,0.8181818181818182,0.6840384356390418
3855,11,1,10,0.09090909090909091,0.9090909090909091,0.4394969869215134
3856,11,4,7,0.36363636363636365,0.6363636363636364,0.9456603046006401
3857,11,2,9,0.18181818181818182,0.8181818181818182,0.6840384356390418
3858,11,1,10,0.09090909090909091,0.9090909090909091,0.4394969869215134
3859,11,4,7,0.36363636363636365,0.6363636363636364,0.9456603046006401
3860,11,0,11,0.0,1.0,0.0
3861,11,2,9,0.18181818181818182,0.8181818181818182,0.6840384356390418
3862,11,2,9,0.18181818181818182,0.8181818181818182,0.6840384356390418
3863,11,1,10,0.09090909090909091,0.9090909090909091,0.4394969869215134
3864,11,1,10,0.09090909090909091,0.9090909090909091,0.4394969869215134
3865,11,1,10,0.09090909090909091,0.9090909090909091,0.4394969869215134
3866,11,1,10,0.09090909090909091,0.9090909090909091,0.4394969869215134
3867,11,2,9,0.18181818181818182,0.8181818181818182,0.6840384356390418
3868,11,4,7,0.36363636363636365,0.6363636363636364,0.9456603046006401
3869,11,3,8,0.2727272727272727,0.7272727272727273,0.8453509366224364
3870,11,0,11,0.0,1.0,0.0
3871,11,1,10,0.09090909090909091,0.9090909090909091,0.4394969869215134
3872,11,2,9,0.18181818181818182,0.8181818181818182,0.6840384356390418
3873,11,3,8,0.2727272727272727,0.7272727272727273,0.8453509366224364
3874,11,1,10,0.09090909090909091,0.9090909090909091,0.4394969869215134
3875,11,1,10,0.09090909090909091,0.9090909090909091,0.4394969869215134
3876,11,0,11,0.0,1.0,0.0
3877,11,0,11,0.0,1.0,0.0
3878,11,2,9,0.18181818181818182,0.8181818181818182,0.6840384356390418
3879,11,3,8,0.2727272727272727,0.7272727272727273,0.8453509366224364
3880,11,1,10,0.09090909090909091,0.9090909090909091,0.4394969869215134
3881,11,0,11,0.0,1.0,0.0
3882,11,2,9,0.18181818181818182,0.8181818181818182,0.6840384356390418
3883,11,2,9,0.18181818181818182,0.8181818181818182,0.6840384356390418
3884,11,2,9,0.18181818181818182,0.8181818181818182,0.6840384356390418
3885,11,1,10,0.09090909090909091,0.9090909090909091,0.4394969869215134
3886,11,2,9,0.18181818181818182,0.8181818181818182,0.6840384356390418
3887,11,0,11,0.0,1.0,0.0
3888,11,2,9,0.18181818181818182,0.8181818181818182,0.6840384356390418
3889,11,2,9,0.18181818181818182,0.8181818181818182,0.6840384356390418
3890,11,1,10,0.09090909090909091,0.9090909090909091,0.4394969869215134
3891,11,0,11,0.0,1.0,0.0
3892,11,0,11,0.0,1.0,0.0
3893,11,5,6,0.45454545454545453,0.5454545454545454,0.9940302114769565
3894,11,2,9,0.18181818181818182,0.8181818181818182,0.6840384356390418
3895,11,3,8,0.2727272727272727,0.7272727272727273,0.8453509366224364
3896,11,3,8,0.2727272727272727,0.7272727272727273,0.8453509366224364
3897,11,1,10,0.09090909090909091,0.9090909090909091,0.4394969869215134
3898,11,2,9,0.18181818181818182,0.8181818181818182,0.6840384356390418
3899,11,0,11,0.0,1.0,0.0
3900,11,3,8,0.2727272727272727,0.7272727272727273,0.8453509366224364
3901,11,4,7,0.36363636363636365,0.6363636363636364,0.9456603046006401
3902,11,4,7,0.36363636363636365,0.6363636363636364,0.9456603046006401
3903,11,3,8,0.2727272727272727,0.7272727272727273,0.8453509366224364
3904,11,0,11,0.0,1.0,0.0
3905,11,1,10,0.09090909090909091,0.9090909090909091,0.4394969869215134
3906,11,3,8,0.2727272727272727,0.7272727272727273,0.8453509366224364
3907,11,1,10,0.09090909090909091,0.9090909090909091,0.4394969869215134
3908,11,1,10,0.09090909090909091,0.9090909090909091,0.4394969869215134
3909,11,4,7,0.36363636363636365,0.6363636363636364,0.9456603046006401
3910,11,0,11,0.0,1.0,0.0
3911,11,1,10,0.09090909090909091,0.9090909090909091,0.4394969869215134
3912,11,1,10,0.09090909090909091,0.9090909090909091,0.4394969869215134
3913,11,3,8,0.2727272727272727,0.7272727272727273,0.8453509366224364
3914,11,2,9,0.18181818181818182,0.8181818181818182,0.6840384356390418
3915,11,0,11,0.0,1.0,0.0
3916,11,2,9,0.18181818181818182,0.8181818181818182,0.6840384356390418
3917,11,1,10,0.09090909090909091,0.9090909090909091,0.4394969869215134
3918,11,2,9,0.18181818181818182,0.8181818181818182,0.6840384356390418
3919,11,3,8,0.2727272727272727,0.7272727272727273,0.8453509366224364
3920,11,1,10,0.09090909090909091,0.9090909090909091,0.4394969869215134
3921,11,1,10,0.09090909090909091,0.9090909090909091,0.4394969869215134
3922,11,4,7,0.36363636363636365,0.6363636363636364,0.9456603046006401
3923,11,2,9,0.18181818181818182,0.8181818181818182,0.6840384356390418
3924,11,1,10,0.09090909090909091,0.9090909090909091,0.4394969869215134
3925,11,3,8,0.2727272727272727,0.7272727272727273,0.8453509366224364
3926,11,2,9,0.18181818181818182,0.8181818181818182,0.6840384356390418
3927,11,1,10,0.09090909090909091,0.9090909090909091,0.4394969869215134
3928,11,4,7,0.36363636363636365,0.6363636363636364,0.9456603046006401
3929,11,1,10,0.09090909090909091,0.9090909090909091,0.4394969869215134
3930,11,1,10,0.09090909090909091,0.9090909090909091,0.4394969869215134
3931,11,0,11,0.0,1.0,0.0
3932,11,2,9,0.18181818181818182,0.8181818181818182,0.6840384356390418
3933,11,2,9,0.18181818181818182,0.8181818181818182,0.6840384356390418
3934,11,0,11,0.0,1.0,0.0
3935,11,1,10,0.09090909090909091,0.9090909090909091,0.4394969869215134
3936,11,2,9,0.18181818181818182,0.8181818181818182,0.6840384356390418
3937,11,0,11,0.0,1.0,0.0
3938,11,0,11,0.0,1.0,0.0
3939,11,0,11,0.0,1.0,0.0
3940,11,0,11,0.0,1.0,0.0
3941,11,2,9,0.18181818181818182,0.8181818181818182,0.6840384356390418
3942,11,0,11,0.0,1.0,0.0
3943,11,2,9,0.18181818181818182,0.8181818181818182,0.6840384356390418
3944,11,3,8,0.2727272727272727,0.7272727272727273,0.8453509366224364
3945,11,2,9,0.18181818181818182,0.8181818181818182,0.6840384356390418
3946,11,2,9,0.18181818181818182,0.8181818181818182,0.6840384356390418
3947,11,1,10,0.09090909090909091,0.9090909090909091,0.4394969869215134
3948,11,0,11,0.0,1.0,0.0
3949,11,2,9,0.18181818181818182,0.8181818181818182,0.6840384356390418
3950,11,2,9,0.18181818181818182,0.8181818181818182,0.6840384356390418
3951,11,1,10,0.09090909090909091,0.9090909090909091,0.4394969869215134
3952,11,2,9,0.18181818181818182,0.8181818181818182,0.6840384356390418
3953,11,1,10,0.09090909090909091,0.9090909090909091,0.4394969869215134
3954,11,2,9,0.18181818181818182,0.8181818181818182,0.6840384356390418
3955,11,1,10,0.09090909090909091,0.9090909090909091,0.4394969869215134
3956,11,2,9,0.18181818181818182,0.8181818181818182,0.6840384356390418
3957,11,2,9,0.18181818181818182,0.8181818181818182,0.6840384356390418
3958,11,2,9,0.18181818181818182,0.8181818181818182,0.6840384356390418
3959,11,0,11,0.0,1.0,0.0
3960,11,3,8,0.2727272727272727,0.7272727272727273,0.8453509366224364
3961,11,2,9,0.18181818181818182,0.8181818181818182,0.6840384356390418
3962,11,1,10,0.09090909090909091,0.9090909090909091,0.4394969869215134
3963,11,4,7,0.36363636363636365,0.6363636363636364,0.9456603046006401
3964,11,5,6,0.45454545454545453,0.5454545454545454,0.9940302114769565
3965,11,0,11,0.0,1.0,0.0
3966,11,1,10,0.09090909090909091,0.9090909090909091,0.4394969869215134
3967,11,0,11,0.0,1.0,0.0
3968,11,2,9,0.18181818181818182,0.8181818181818182,0.6840384356390418
3969,11,0,11,0.0,1.0,0.0
3970,11,3,8,0.2727272727272727,0.7272727272727273,0.8453509366224364
3971,11,2,9,0.18181818181818182,0.8181818181818182,0.6840384356390418
3972,11,1,10,0.09090909090909091,0.9090909090909091,0.4394969869215134
3973,11,2,9,0.18181818181818182,0.8181818181818182,0.6840384356390418
3974,11,1,10,0.09090909090909091,0.9090909090909091,0.4394969869215134
3975,11,2,9,0.18181818181818182,0.8181818181818182,0.6840384356390418
3976,11,1,10,0.09090909090909091,0.9090909090909091,0.4394969869215134
3977,11,4,7,0.36363636363636365,0.6363636363636364,0.9456603046006401
3978,11,0,11,0.0,1.0,0.0
3979,11,1,10,0.09090909090909091,0.9090909090909091,0.4394969869215134
3980,11,1,10,0.09090909090909091,0.9090909090909091,0.4394969869215134
3981,11,1,10,0.09090909090909091,0.9090909090909091,0.4394969869215134
3982,11,0,11,0.0,1.0,0.0
3983,11,1,10,0.09090909090909091,0.9090909090909091,0.4394969869215134
3984,11,1,10,0.09090909090909091,0.9090909090909091,0.4394969869215134
3985,11,0,11,0.0,1.0,0.0
3986,11,1,10,0.09090909090909091,0.9090909090909091,0.4394969869215134
3987,11,3,8,0.2727272727272727,0.7272727272727273,0.8453509366224364
3988,11,1,10,0.09090909090909091,0.9090909090909091,0.4394969869215134
3989,11,1,10,0.09090909090909091,0.9090909090909091,0.4394969869215134
3990,11,1,10,0.09090909090909091,0.9090909090909091,0.4394969869215134
3991,11,3,8,0.2727272727272727,0.7272727272727273,0.8453509366224364
3992,11,2,9,0.18181818181818182,0.8181818181818182,0.6840384356390418
3993,11,0,11,0.0,1.0,0.0
3994,11,0,11,0.0,1.0,0.0
3995,11,0,11,0.0,1.0,0.0
3996,11,1,10,0.09090909090909091,0.9090909090909091,0.4394969869215134
3997,11,2,9,0.18181818181818182,0.8181818181818182,0.6840384356390418
3998,11,0,11,0.0,1.0,0.0
3999,11,3,8,0.2727272727272727,0.7272727272727273,0.8453509366224364
4000,11,0,11,0.0,1.0,0.0
4001,11,1,10,0.09090909090909091,0.9090909090909091,0.4394969869215134
4002,11,1,10,0.09090909090909091,0.9090909090909091,0.4394969869215134
4003,11,0,11,0.0,1.0,0.0
4004,11,3,8,0.2727272727272727,0.7272727272727273,0.8453509366224364
4005,11,1,10,0.09090909090909091,0.9090909090909091,0.4394969869215134
4006,11,1,10,0.09090909090909091,0.9090909090909091,0.4394969869215134
4007,11,1,10,0.09090909090909091,0.9090909090909091,0.4394969869215134
4008,11,1,10,0.09090909090909091,0.9090909090909091,0.4394969869215134
4009,11,2,9,0.18181818181818182,0.8181818181818182,0.6840384356390418
4010,11,2,9,0.18181818181818182,0.8181818181818182,0.6840384356390418
4011,11,1,10,0.09090909090909091,0.9090909090909091,0.4394969869215134
4012,11,2,9,0.18181818181818182,0.8181818181818182,0.6840384356390418
4013,11,1,10,0.09090909090909091,0.9090909090909091,0.4394969869215134
4014,11,2,9,0.18181818181818182,0.8181818181818182,0.6840384356390418
4015,11,1,10,0.09090909090909091,0.9090909090909091,0.4394969869215134
4016,11,1,10,0.09090909090909091,0.9090909090909091,0.4394969869215134
4017,11,1,10,0.09090909090909091,0.9090909090909091,0.4394969869215134
4018,11,1,10,0.09090909090909091,0.9090909090909091,0.4394969869215134
4019,11,3,8,0.2727272727272727,0.7272727272727273,0.8453509366224364
4020,11,2,9,0.18181818181818182,0.8181818181818182,0.6840384356390418
4021,11,4,7,0.36363636363636365,0.6363636363636364,0.9456603046006401
4022,11,3,8,0.2727272727272727,0.7272727272727273,0.8453509366224364
4023,11,3,8,0.2727272727272727,0.7272727272727273,0.8453509366224364
4024,11,1,10,0.09090909090909091,0.9090909090909091,0.4394969869215134
4025,11,1,10,0.09090909090909091,0.9090909090909091,0.4394969869215134
4026,11,0,11,0.0,1.0,0.0
4027,11,2,9,0.18181818181818182,0.8181818181818182,0.6840384356390418
4028,11,1,10,0.09090909090909091,0.9090909090909091,0.4394969869215134
4029,11,1,10,0.09090909090909091,0.9090909090909091,0.4394969869215134
4030,11,2,9,0.18181818181818182,0.8181818181818182,0.6840384356390418
4031,11,1,10,0.09090909090909091,0.9090909090909091,0.4394969869215134
4032,11,2,9,0.18181818181818182,0.8181818181818182,0.6840384356390418
4033,11,3,8,0.2727272727272727,0.7272727272727273,0.8453509366224364
4034,11,3,8,0.2727272727272727,0.7272727272727273,0.8453509366224364
4035,11,1,10,0.09090909090909091,0.9090909090909091,0.4394969869215134
4036,11,2,9,0.18181818181818182,0.8181818181818182,0.6840384356390418
4037,11,1,10,0.09090909090909091,0.9090909090909091,0.4394969869215134
4038,11,4,7,0.36363636363636365,0.6363636363636364,0.9456603046006401
4039,11,2,9,0.18181818181818182,0.8181818181818182,0.6840384356390418
4040,11,0,11,0.0,1.0,0.0
4041,11,0,11,0.0,1.0,0.0
4042,11,1,10,0.09090909090909091,0.9090909090909091,0.4394969869215134
4043,11,1,10,0.09090909090909091,0.9090909090909091,0.4394969869215134
4044,11,1,10,0.09090909090909091,0.9090909090909091,0.4394969869215134
4045,11,0,11,0.0,1.0,0.0
4046,11,1,10,0.09090909090909091,0.9090909090909091,0.4394969869215134
4047,11,0,11,0.0,1.0,0.0
4048,11,4,7,0.36363636363636365,0.6363636363636364,0.9456603046006401
4049,11,3,8,0.2727272727272727,0.7272727272727273,0.8453509366224364
4050,11,0,11,0.0,1.0,0.0
4051,11,0,11,0.0,1.0,0.0
4052,11,2,9,0.18181818181818182,0.8181818181818182,0.6840384356390418
4053,11,3,8,0.2727272727272727,0.7272727272727273,0.8453509366224364
4054,11,1,10,0.09090909090909091,0.9090909090909091,0.4394969869215134
4055,11,3,8,0.2727272727272727,0.7272727272727273,0.8453509366224364
4056,11,3,8,0.2727272727272727,0.7272727272727273,0.8453509366224364
4057,11,2,9,0.18181818181818182,0.8181818181818182,0.6840384356390418
4058,11,3,8,0.2727272727272727,0.7272727272727273,0.8453509366224364
4059,11,2,9,0.18181818181818182,0.8181818181818182,0.6840384356390418
4060,11,2,9,0.18181818181818182,0.8181818181818182,0.6840384356390418
4061,11,2,9,0.18181818181818182,0.8181818181818182,0.6840384356390418
4062,11,1,10,0.09090909090909091,0.9090909090909091,0.4394969869215134
4063,11,1,10,0.09090909090909091,0.9090909090909091,0.4394969869215134
4064,11,0,11,0.0,1.0,0.0
4065,11,3,8,0.2727272727272727,0.7272727272727273,0.8453509366224364
4066,11,1,10,0.09090909090909091,0.9090909090909091,0.4394969869215134
4067,11,3,8,0.2727272727272727,0.7272727272727273,0.8453509366224364
4068,11,2,9,0.18181818181818182,0.8181818181818182,0.6840384356390418
4069,11,2,9,0.18181818181818182,0.8181818181818182,0.6840384356390418
4070,11,1,10,0.09090909090909091,0.9090909090909091,0.4394969869215134
4071,11,3,8,0.2727272727272727,0.7272727272727273,0.8453509366224364
4072,11,2,9,0.18181818181818182,0.8181818181818182,0.6840384356390418
4073,11,3,8,0.2727272727272727,0.7272727272727273,0.8453509366224364
4074,11,2,9,0.18181818181818182,0.8181818181818182,0.6840384356390418
4075,11,3,8,0.2727272727272727,0.7272727272727273,0.8453509366224364
4076,11,1,10,0.09090909090909091,0.9090909090909091,0.4394969869215134
4077,11,1,10,0.09090909090909091,0.9090909090909091,0.4394969869215134
4078,11,1,10,0.09090909090909091,0.9090909090909091,0.4394969869215134
4079,11,4,7,0.36363636363636365,0.6363636363636364,0.9456603046006401
4080,11,1,10,0.09090909090909091,0.9090909090909091,0.4394969869215134
4081,11,1,10,0.09090909090909091,0.9090909090909091,0.4394969869215134
4082,11,2,9,0.18181818181818182,0.8181818181818182,0.6840384356390418
4083,11,0,11,0.0,1.0,0.0
4084,11,0,11,0.0,1.0,0.0
4085,11,1,10,0.09090909090909091,0.9090909090909091,0.4394969869215134
4086,11,1,10,0.09090909090909091,0.9090909090909091,0.4394969869215134
4087,11,1,10,0.09090909090909091,0.9090909090909091,0.4394969869215134
4088,11,1,10,0.09090909090909091,0.9090909090909091,0.4394969869215134
4089,11,2,9,0.18181818181818182,0.8181818181818182,0.6840384356390418
4090,11,1,10,0.09090909090909091,0.9090909090909091,0.4394969869215134
4091,11,0,11,0.0,1.0,0.0
4092,11,0,11,0.0,1.0,0.0
4093,11,2,9,0.18181818181818182,0.8181818181818182,0.6840384356390418
4094,11,1,10,0.09090909090909091,0.9090909090909091,0.4394969869215134
4095,11,0,11,0.0,1.0,0.0
4096,11,2,9,0.18181818181818182,0.8181818181818182,0.6840384356390418
4097,11,3,8,0.2727272727272727,0.7272727272727273,0.8453509366224364
4098,11,2,9,0.18181818181818182,0.8181818181818182,0.6840384356390418
4099,11,0,11,0.0,1.0,0.0
4100,11,2,9,0.18181818181818182,0.8181818181818182,0.6840384356390418
4101,11,2,9,0.18181818181818182,0.8181818181818182,0.6840384356390418
4102,11,1,10,0.09090909090909091,0.9090909090909091,0.4394969869215134
4103,11,1,10,0.09090909090909091,0.9090909090909091,0.4394969869215134
4104,11,0,11,0.0,1.0,0.0
4105,11,1,10,0.09090909090909091,0.9090909090909091,0.4394969869215134
4106,11,2,9,0.18181818181818182,0.8181818181818182,0.6840384356390418
4107,11,2,9,0.18181818181818182,0.8181818181818182,0.6840384356390418
4108,11,1,10,0.09090909090909091,0.9090909090909091,0.4394969869215134
4109,11,0,11,0.0,1.0,0.0
4110,11,2,9,0.18181818181818182,0.8181818181818182,0.6840384356390418
4111,11,4,7,0.36363636363636365,0.6363636363636364,0.9456603046006401
4112,11,1,10,0.09090909090909091,0.9090909090909091,0.4394969869215134
4113,11,3,8,0.2727272727272727,0.7272727272727273,0.8453509366224364
4114,11,0,11,0.0,1.0,0.0
4115,11,2,9,0.18181818181818182,0.8181818181818182,0.6840384356390418
4116,11,3,8,0.2727272727272727,0.7272727272727273,0.8453509366224364
4117,11,0,11,0.0,1.0,0.0
4118,11,1,10,0.09090909090909091,0.9090909090909091,0.4394969869215134
4119,11,1,10,0.09090909090909091,0.9090909090909091,0.4394969869215134
4120,11,3,8,0.2727272727272727,0.7272727272727273,0.8453509366224364
4121,11,1,10,0.09090909090909091,0.9090909090909091,0.4394969869215134
4122,11,2,9,0.18181818181818182,0.8181818181818182,0.6840384356390418
4123,11,1,10,0.09090909090909091,0.9090909090909091,0.4394969869215134
4124,11,3,8,0.2727272727272727,0.7272727272727273,0.8453509366224364
4125,11,4,7,0.36363636363636365,0.6363636363636364,0.9456603046006401
4126,11,2,9,0.18181818181818182,0.8181818181818182,0.6840384356390418
4127,11,3,8,0.2727272727272727,0.7272727272727273,0.8453509366224364
4128,11,1,10,0.09090909090909091,0.9090909090909091,0.4394969869215134
4129,11,0,11,0.0,1.0,0.0
4130,11,2,9,0.18181818181818182,0.8181818181818182,0.6840384356390418
4131,11,1,10,0.09090909090909091,0.9090909090909091,0.4394969869215134
4132,11,0,11,0.0,1.0,0.0
4133,11,1,10,0.09090909090909091,0.9090909090909091,0.4394969869215134
4134,11,1,10,0.09090909090909091,0.9090909090909091,0.4394969869215134
4135,11,3,8,0.2727272727272727,0.7272727272727273,0.8453509366224364
4136,11,0,11,0.0,1.0,0.0
4137,11,2,9,0.18181818181818182,0.8181818181818182,0.6840384356390418
4138,11,2,9,0.18181818181818182,0.8181818181818182,0.6840384356390418
4139,11,0,11,0.0,1.0,0.0
4140,11,1,10,0.09090909090909091,0.9090909090909091,0.4394969869215134
4141,11,2,9,0.18181818181818182,0.8181818181818182,0.6840384356390418
4142,11,1,10,0.09090909090909091,0.9090909090909091,0.4394969869215134
4143,11,1,10,0.09090909090909091,0.9090909090909091,0.4394969869215134
4144,11,4,7,0.36363636363636365,0.6363636363636364,0.9456603046006401
4145,11,2,9,0.18181818181818182,0.8181818181818182,0.6840384356390418
4146,11,1,10,0.09090909090909091,0.9090909090909091,0.4394969869215134
4147,11,1,10,0.09090909090909091,0.9090909090909091,0.4394969869215134
4148,11,1,10,0.09090909090909091,0.9090909090909091,0.4394969869215134
4149,11,2,9,0.18181818181818182,0.8181818181818182,0.6840384356390418
4150,11,3,8,0.2727272727272727,0.7272727272727273,0.8453509366224364
4151,11,1,10,0.09090909090909091,0.9090909090909091,0.4394969869215134
4152,11,2,9,0.18181818181818182,0.8181818181818182,0.6840384356390418
4153,11,0,11,0.0,1.0,0.0
4154,11,1,10,0.09090909090909091,0.9090909090909091,0.4394969869215134
4155,11,0,11,0.0,1.0,0.0
4156,11,6,5,0.5454545454545454,0.45454545454545453,0.9940302114769565
4157,11,1,10,0.09090909090909091,0.9090909090909091,0.4394969869215134
4158,11,2,9,0.18181818181818182,0.8181818181818182,0.6840384356390418
4159,11,1,10,0.09090909090909091,0.9090909090909091,0.4394969869215134
4160,11,2,9,0.18181818181818182,0.8181818181818182,0.6840384356390418
4161,11,0,11,0.0,1.0,0.0
4162,11,0,11,0.0,1.0,0.0
4163,11,1,10,0.09090909090909091,0.9090909090909091,0.4394969869215134
4164,11,1,10,0.09090909090909091,0.9090909090909091,0.4394969869215134
4165,11,1,10,0.09090909090909091,0.9090909090909091,0.4394969869215134
4166,11,0,11,0.0,1.0,0.0
4167,11,2,9,0.18181818181818182,0.8181818181818182,0.6840384356390418
4168,11,2,9,0.18181818181818182,0.8181818181818182,0.6840384356390418
4169,11,2,9,0.18181818181818182,0.8181818181818182,0.6840384356390418
4170,11,2,9,0.18181818181818182,0.8181818181818182,0.6840384356390418
4171,11,2,9,0.18181818181818182,0.8181818181818182,0.6840384356390418
4172,11,1,10,0.09090909090909091,0.9090909090909091,0.4394969869215134
4173,11,1,10,0.09090909090909091,0.9090909090909091,0.4394969869215134
4174,11,1,10,0.09090909090909091,0.9090909090909091,0.4394969869215134
4175,11,0,11,0.0,1.0,0.0
4176,11,1,10,0.09090909090909091,0.9090909090909091,0.4394969869215134
4177,11,1,10,0.09090909090909091,0.9090909090909091,0.4394969869215134
4178,11,1,10,0.09090909090909091,0.9090909090909091,0.4394969869215134
4179,11,0,11,0.0,1.0,0.0
4180,11,1,10,0.09090909090909091,0.9090909090909091,0.4394969869215134
4181,11,1,10,0.09090909090909091,0.9090909090909091,0.4394969869215134
4182,11,1,10,0.09090909090909091,0.9090909090909091,0.4394969869215134
4183,11,1,10,0.09090909090909091,0.9090909090909091,0.4394969869215134
4184,11,2,9,0.18181818181818182,0.8181818181818182,0.6840384356390418
4185,11,2,9,0.18181818181818182,0.8181818181818182,0.6840384356390418
4186,11,0,11,0.0,1.0,0.0
4187,11,1,10,0.09090909090909091,0.9090909090909091,0.4394969869215134
4188,11,3,8,0.2727272727272727,0.7272727272727273,0.8453509366224364
4189,11,1,10,0.09090909090909091,0.9090909090909091,0.4394969869215134
4190,11,4,7,0.36363636363636365,0.6363636363636364,0.9456603046006401
4191,11,1,10,0.09090909090909091,0.9090909090909091,0.4394969869215134
4192,11,1,10,0.09090909090909091,0.9090909090909091,0.4394969869215134
4193,11,2,9,0.18181818181818182,0.8181818181818182,0.6840384356390418
4194,11,2,9,0.18181818181818182,0.8181818181818182,0.6840384356390418
4195,11,3,8,0.2727272727272727,0.7272727272727273,0.8453509366224364
4196,11,1,10,0.09090909090909091,0.9090909090909091,0.4394969869215134
4197,11,4,7,0.36363636363636365,0.6363636363636364,0.9456603046006401
4198,11,2,9,0.18181818181818182,0.8181818181818182,0.6840384356390418
4199,11,1,10,0.09090909090909091,0.9090909090909091,0.4394969869215134
4200,11,4,7,0.36363636363636365,0.6363636363636364,0.9456603046006401
4201,11,0,11,0.0,1.0,0.0
4202,11,2,9,0.18181818181818182,0.8181818181818182,0.6840384356390418
4203,11,2,9,0.18181818181818182,0.8181818181818182,0.6840384356390418
4204,11,2,9,0.18181818181818182,0.8181818181818182,0.6840384356390418
4205,11,2,9,0.18181818181818182,0.8181818181818182,0.6840384356390418
4206,11,2,9,0.18181818181818182,0.8181818181818182,0.6840384356390418
4207,11,1,10,0.09090909090909091,0.9090909090909091,0.4394969869215134
4208,11,1,10,0.09090909090909091,0.9090909090909091,0.4394969869215134
4209,11,0,11,0.0,1.0,0.0
4210,11,4,7,0.36363636363636365,0.6363636363636364,0.9456603046006401
4211,11,2,9,0.18181818181818182,0.8181818181818182,0.6840384356390418
4212,11,2,9,0.18181818181818182,0.8181818181818182,0.6840384356390418
4213,11,1,10,0.09090909090909091,0.9090909090909091,0.4394969869215134
4214,11,1,10,0.09090909090909091,0.9090909090909091,0.4394969869215134
4215,11,0,11,0.0,1.0,0.0
4216,11,1,10,0.09090909090909091,0.9090909090909091,0.4394969869215134
4217,11,1,10,0.09090909090909091,0.9090909090909091,0.4394969869215134
4218,11,2,9,0.18181818181818182,0.8181818181818182,0.6840384356390418
4219,11,1,10,0.09090909090909091,0.9090909090909091,0.4394969869215134
4220,11,4,7,0.36363636363636365,0.6363636363636364,0.9456603046006401
4221,11,2,9,0.18181818181818182,0.8181818181818182,0.6840384356390418
4222,11,2,9,0.18181818181818182,0.8181818181818182,0.6840384356390418
4223,11,1,10,0.09090909090909091,0.9090909090909091,0.4394969869215134
4224,11,2,9,0.18181818181818182,0.8181818181818182,0.6840384356390418
4225,11,5,6,0.45454545454545453,0.5454545454545454,0.9940302114769565
4226,11,2,9,0.18181818181818182,0.8181818181818182,0.6840384356390418
4227,11,0,11,0.0,1.0,0.0
4228,11,0,11,0.0,1.0,0.0
4229,11,0,11,0.0,1.0,0.0
4230,11,0,11,0.0,1.0,0.0
4231,11,1,10,0.09090909090909091,0.9090909090909091,0.4394969869215134
4232,11,2,9,0.18181818181818182,0.8181818181818182,0.6840384356390418
4233,11,0,11,0.0,1.0,0.0
4234,11,1,10,0.09090909090909091,0.9090909090909091,0.4394969869215134
4235,11,5,6,0.45454545454545453,0.5454545454545454,0.9940302114769565
4236,11,0,11,0.0,1.0,0.0
4237,11,2,9,0.18181818181818182,0.8181818181818182,0.6840384356390418
4238,11,1,10,0.09090909090909091,0.9090909090909091,0.4394969869215134
4239,11,1,10,0.09090909090909091,0.9090909090909091,0.4394969869215134
4240,11,1,10,0.09090909090909091,0.9090909090909091,0.4394969869215134
4241,11,2,9,0.18181818181818182,0.8181818181818182,0.6840384356390418
4242,11,2,9,0.18181818181818182,0.8181818181818182,0.6840384356390418
4243,11,2,9,0.18181818181818182,0.8181818181818182,0.6840384356390418
4244,11,1,10,0.09090909090909091,0.9090909090909091,0.4394969869215134
4245,11,0,11,0.0,1.0,0.0
4246,11,1,10,0.09090909090909091,0.9090909090909091,0.4394969869215134
4247,11,4,7,0.36363636363636365,0.6363636363636364,0.9456603046006401
4248,11,0,11,0.0,1.0,0.0
4249,11,2,9,0.18181818181818182,0.8181818181818182,0.6840384356390418
4250,11,2,9,0.18181818181818182,0.8181818181818182,0.6840384356390418
4251,11,2,9,0.18181818181818182,0.8181818181818182,0.6840384356390418
4252,11,2,9,0.18181818181818182,0.8181818181818182,0.6840384356390418
4253,11,3,8,0.2727272727272727,0.7272727272727273,0.8453509366224364
4254,11,2,9,0.18181818181818182,0.8181818181818182,0.6840384356390418
4255,11,2,9,0.18181818181818182,0.8181818181818182,0.6840384356390418
4256,11,0,11,0.0,1.0,0.0
4257,11,1,10,0.09090909090909091,0.9090909090909091,0.4394969869215134
4258,11,0,11,0.0,1.0,0.0
4259,11,1,10,0.09090909090909091,0.9090909090909091,0.4394969869215134
4260,11,2,9,0.18181818181818182,0.8181818181818182,0.6840384356390418
4261,11,0,11,0.0,1.0,0.0
4262,11,1,10,0.09090909090909091,0.9090909090909091,0.4394969869215134
4263,11,2,9,0.18181818181818182,0.8181818181818182,0.6840384356390418
4264,11,1,10,0.09090909090909091,0.9090909090909091,0.4394969869215134
4265,11,1,10,0.09090909090909091,0.9090909090909091,0.4394969869215134
4266,11,1,10,0.09090909090909091,0.9090909090909091,0.4394969869215134
4267,11,3,8,0.2727272727272727,0.7272727272727273,0.8453509366224364
4268,11,2,9,0.18181818181818182,0.8181818181818182,0.6840384356390418
4269,11,2,9,0.18181818181818182,0.8181818181818182,0.6840384356390418
4270,11,2,9,0.18181818181818182,0.8181818181818182,0.6840384356390418
4271,11,3,8,0.2727272727272727,0.7272727272727273,0.8453509366224364
4272,11,0,11,0.0,1.0,0.0
4273,11,3,8,0.2727272727272727,0.7272727272727273,0.8453509366224364
4274,11,4,7,0.36363636363636365,0.6363636363636364,0.9456603046006401
4275,11,3,8,0.2727272727272727,0.7272727272727273,0.8453509366224364
4276,11,1,10,0.09090909090909091,0.9090909090909091,0.4394969869215134
4277,11,0,11,0.0,1.0,0.0
4278,11,0,11,0.0,1.0,0.0
4279,11,1,10,0.09090909090909091,0.9090909090909091,0.4394969869215134
4280,11,0,11,0.0,1.0,0.0
4281,11,2,9,0.18181818181818182,0.8181818181818182,0.6840384356390418
4282,11,2,9,0.18181818181818182,0.8181818181818182,0.6840384356390418
4283,11,1,10,0.09090909090909091,0.9090909090909091,0.4394969869215134
4284,11,0,11,0.0,1.0,0.0
4285,11,1,10,0.09090909090909091,0.9090909090909091,0.4394969869215134
4286,11,1,10,0.09090909090909091,0.9090909090909091,0.4394969869215134
4287,11,1,10,0.09090909090909091,0.9090909090909091,0.4394969869215134
4288,11,1,10,0.09090909090909091,0.9090909090909091,0.4394969869215134
4289,11,1,10,0.09090909090909091,0.9090909090909091,0.4394969869215134
4290,11,1,10,0.09090909090909091,0.9090909090909091,0.4394969869215134
4291,11,2,9,0.18181818181818182,0.8181818181818182,0.6840384356390418
4292,11,0,11,0.0,1.0,0.0
4293,11,0,11,0.0,1.0,0.0
4294,11,0,11,0.0,1.0,0.0
4295,11,3,8,0.2727272727272727,0.7272727272727273,0.8453509366224364
4296,11,1,10,0.09090909090909091,0.9090909090909091,0.4394969869215134
4297,11,1,10,0.09090909090909091,0.9090909090909091,0.4394969869215134
4298,11,0,11,0.0,1.0,0.0
4299,11,1,10,0.09090909090909091,0.9090909090909091,0.4394969869215134
4300,11,2,9,0.18181818181818182,0.8181818181818182,0.6840384356390418
4301,11,2,9,0.18181818181818182,0.8181818181818182,0.6840384356390418
4302,11,1,10,0.09090909090909091,0.9090909090909091,0.4394969869215134
4303,11,1,10,0.09090909090909091,0.9090909090909091,0.4394969869215134
4304,11,3,8,0.2727272727272727,0.7272727272727273,0.8453509366224364
4305,11,0,11,0.0,1.0,0.0
4306,11,3,8,0.2727272727272727,0.7272727272727273,0.8453509366224364
4307,11,0,11,0.0,1.0,0.0
4308,11,0,11,0.0,1.0,0.0
4309,11,4,7,0.36363636363636365,0.6363636363636364,0.9456603046006401
4310,11,1,10,0.09090909090909091,0.9090909090909091,0.4394969869215134
4311,11,0,11,0.0,1.0,0.0
4312,11,1,10,0.09090909090909091,0.9090909090909091,0.4394969869215134
4313,11,2,9,0.18181818181818182,0.8181818181818182,0.6840384356390418
4314,11,2,9,0.18181818181818182,0.8181818181818182,0.6840384356390418
4315,11,4,7,0.36363636363636365,0.6363636363636364,0.9456603046006401
4316,11,4,7,0.36363636363636365,0.6363636363636364,0.9456603046006401
4317,11,3,8,0.2727272727272727,0.7272727272727273,0.8453509366224364
4318,11,3,8,0.2727272727272727,0.7272727272727273,0.8453509366224364
4319,11,2,9,0.18181818181818182,0.8181818181818182,0.6840384356390418
4320,11,2,9,0.18181818181818182,0.8181818181818182,0.6840384356390418
4321,11,1,10,0.09090909090909091,0.9090909090909091,0.4394969869215134
4322,11,2,9,0.18181818181818182,0.8181818181818182,0.6840384356390418
4323,11,1,10,0.09090909090909091,0.9090909090909091,0.4394969869215134
4324,11,2,9,0.18181818181818182,0.8181818181818182,0.6840384356390418
4325,11,3,8,0.2727272727272727,0.7272727272727273,0.8453509366224364
4326,11,1,10,0.09090909090909091,0.9090909090909091,0.4394969869215134
4327,11,3,8,0.2727272727272727,0.7272727272727273,0.8453509366224364
4328,11,1,10,0.09090909090909091,0.9090909090909091,0.4394969869215134
4329,11,0,11,0.0,1.0,0.0
4330,11,4,7,0.36363636363636365,0.6363636363636364,0.9456603046006401
4331,11,0,11,0.0,1.0,0.0
4332,11,0,11,0.0,1.0,0.0
4333,11,5,6,0.45454545454545453,0.5454545454545454,0.9940302114769565
4334,11,2,9,0.18181818181818182,0.8181818181818182,0.6840384356390418
4335,11,0,11,0.0,1.0,0.0
4336,11,1,10,0.09090909090909091,0.9090909090909091,0.4394969869215134
4337,11,0,11,0.0,1.0,0.0
4338,11,1,10,0.09090909090909091,0.9090909090909091,0.4394969869215134
4339,11,2,9,0.18181818181818182,0.8181818181818182,0.6840384356390418
4340,11,1,10,0.09090909090909091,0.9090909090909091,0.4394969869215134
4341,11,1,10,0.09090909090909091,0.9090909090909091,0.4394969869215134
4342,11,1,10,0.09090909090909091,0.9090909090909091,0.4394969869215134
4343,11,2,9,0.18181818181818182,0.8181818181818182,0.6840384356390418
4344,11,1,10,0.09090909090909091,0.9090909090909091,0.4394969869215134
4345,11,3,8,0.2727272727272727,0.7272727272727273,0.8453509366224364
4346,11,1,10,0.09090909090909091,0.9090909090909091,0.4394969869215134
4347,11,2,9,0.18181818181818182,0.8181818181818182,0.6840384356390418
4348,11,4,7,0.36363636363636365,0.6363636363636364,0.9456603046006401
4349,11,1,10,0.09090909090909091,0.9090909090909091,0.4394969869215134
4350,11,1,10,0.09090909090909091,0.9090909090909091,0.4394969869215134
4351,11,3,8,0.2727272727272727,0.7272727272727273,0.8453509366224364
4352,11,2,9,0.18181818181818182,0.8181818181818182,0.6840384356390418
4353,11,2,9,0.18181818181818182,0.8181818181818182,0.6840384356390418
4354,11,2,9,0.18181818181818182,0.8181818181818182,0.6840384356390418
4355,11,3,8,0.2727272727272727,0.7272727272727273,0.8453509366224364
4356,11,0,11,0.0,1.0,0.0
4357,11,0,11,0.0,1.0,0.0
4358,11,1,10,0.09090909090909091,0.9090909090909091,0.4394969869215134
4359,11,2,9,0.18181818181818182,0.8181818181818182,0.6840384356390418
4360,11,3,8,0.2727272727272727,0.7272727272727273,0.8453509366224364
4361,11,2,9,0.18181818181818182,0.8181818181818182,0.6840384356390418
4362,11,2,9,0.18181818181818182,0.8181818181818182,0.6840384356390418
4363,11,0,11,0.0,1.0,0.0
4364,11,2,9,0.18181818181818182,0.8181818181818182,0.6840384356390418
4365,11,4,7,0.36363636363636365,0.6363636363636364,0.9456603046006401
4366,11,1,10,0.09090909090909091,0.9090909090909091,0.4394969869215134
4367,11,1,10,0.09090909090909091,0.9090909090909091,0.4394969869215134
4368,11,3,8,0.2727272727272727,0.7272727272727273,0.8453509366224364
4369,11,2,9,0.18181818181818182,0.8181818181818182,0.6840384356390418
4370,11,1,10,0.09090909090909091,0.9090909090909091,0.4394969869215134
4371,11,3,8,0.2727272727272727,0.7272727272727273,0.8453509366224364
4372,11,1,10,0.09090909090909091,0.9090909090909091,0.4394969869215134
4373,11,3,8,0.2727272727272727,0.7272727272727273,0.8453509366224364
4374,11,2,9,0.18181818181818182,0.8181818181818182,0.6840384356390418
4375,11,3,8,0.2727272727272727,0.7272727272727273,0.8453509366224364
4376,11,2,9,0.18181818181818182,0.8181818181818182,0.6840384356390418
4377,11,1,10,0.09090909090909091,0.9090909090909091,0.4394969869215134
4378,11,0,11,0.0,1.0,0.0
4379,11,0,11,0.0,1.0,0.0
4380,11,1,10,0.09090909090909091,0.9090909090909091,0.4394969869215134
4381,11,0,11,0.0,1.0,0.0
4382,11,2,9,0.18181818181818182,0.8181818181818182,0.6840384356390418
4383,11,4,7,0.36363636363636365,0.6363636363636364,0.9456603046006401
4384,11,0,11,0.0,1.0,0.0
4385,11,2,9,0.18181818181818182,0.8181818181818182,0.6840384356390418
4386,11,3,8,0.2727272727272727,0.7272727272727273,0.8453509366224364
4387,11,3,8,0.2727272727272727,0.7272727272727273,0.8453509366224364
4388,11,5,6,0.45454545454545453,0.5454545454545454,0.9940302114769565
4389,11,3,8,0.2727272727272727,0.7272727272727273,0.8453509366224364
4390,11,2,9,0.18181818181818182,0.8181818181818182,0.6840384356390418
4391,11,1,10,0.09090909090909091,0.9090909090909091,0.4394969869215134
4392,11,1,10,0.09090909090909091,0.9090909090909091,0.4394969869215134
4393,11,3,8,0.2727272727272727,0.7272727272727273,0.8453509366224364
4394,11,0,11,0.0,1.0,0.0
4395,11,2,9,0.18181818181818182,0.8181818181818182,0.6840384356390418
4396,11,1,10,0.09090909090909091,0.9090909090909091,0.4394969869215134
4397,11,1,10,0.09090909090909091,0.9090909090909091,0.4394969869215134
4398,11,1,10,0.09090909090909091,0.9090909090909091,0.4394969869215134
4399,11,3,8,0.2727272727272727,0.7272727272727273,0.8453509366224364
4400,11,0,11,0.0,1.0,0.0
4401,11,2,9,0.18181818181818182,0.8181818181818182,0.6840384356390418
4402,11,0,11,0.0,1.0,0.0
4403,11,0,11,0.0,1.0,0.0
4404,11,4,7,0.36363636363636365,0.6363636363636364,0.9456603046006401
4405,11,1,10,0.09090909090909091,0.9090909090909091,0.4394969869215134
4406,11,4,7,0.36363636363636365,0.6363636363636364,0.9456603046006401
4407,11,0,11,0.0,1.0,0.0
4408,11,2,9,0.18181818181818182,0.8181818181818182,0.6840384356390418
4409,11,0,11,0.0,1.0,0.0
4410,11,1,10,0.09090909090909091,0.9090909090909091,0.4394969869215134
4411,11,2,9,0.18181818181818182,0.8181818181818182,0.6840384356390418
4412,11,1,10,0.09090909090909091,0.9090909090909091,0.4394969869215134
4413,11,0,11,0.0,1.0,0.0
4414,11,2,9,0.18181818181818182,0.8181818181818182,0.6840384356390418
4415,11,2,9,0.18181818181818182,0.8181818181818182,0.6840384356390418
4416,11,1,10,0.09090909090909091,0.9090909090909091,0.4394969869215134
4417,11,2,9,0.18181818181818182,0.8181818181818182,0.6840384356390418
4418,11,1,10,0.09090909090909091,0.9090909090909091,0.4394969869215134
4419,11,2,9,0.18181818181818182,0.8181818181818182,0.6840384356390418
4420,11,2,9,0.18181818181818182,0.8181818181818182,0.6840384356390418
4421,11,0,11,0.0,1.0,0.0
4422,11,1,10,0.09090909090909091,0.9090909090909091,0.4394969869215134
4423,11,1,10,0.09090909090909091,0.9090909090909091,0.4394969869215134
4424,11,3,8,0.2727272727272727,0.7272727272727273,0.8453509366224364
4425,11,2,9,0.18181818181818182,0.8181818181818182,0.6840384356390418
4426,11,1,10,0.09090909090909091,0.9090909090909091,0.4394969869215134
4427,11,2,9,0.18181818181818182,0.8181818181818182,0.6840384356390418
4428,11,3,8,0.2727272727272727,0.7272727272727273,0.8453509366224364
4429,11,0,11,0.0,1.0,0.0
4430,11,2,9,0.18181818181818182,0.8181818181818182,0.6840384356390418
4431,11,1,10,0.09090909090909091,0.9090909090909091,0.4394969869215134
4432,11,1,10,0.09090909090909091,0.9090909090909091,0.4394969869215134
4433,11,4,7,0.36363636363636365,0.6363636363636364,0.9456603046006401
4434,11,4,7,0.36363636363636365,0.6363636363636364,0.9456603046006401
4435,11,1,10,0.09090909090909091,0.9090909090909091,0.4394969869215134
4436,11,2,9,0.18181818181818182,0.8181818181818182,0.6840384356390418
4437,11,3,8,0.2727272727272727,0.7272727272727273,0.8453509366224364
4438,11,2,9,0.18181818181818182,0.8181818181818182,0.6840384356390418
4439,11,2,9,0.18181818181818182,0.8181818181818182,0.6840384356390418
4440,11,3,8,0.2727272727272727,0.7272727272727273,0.8453509366224364
4441,11,3,8,0.2727272727272727,0.7272727272727273,0.8453509366224364
4442,11,2,9,0.18181818181818182,0.8181818181818182,0.6840384356390418
4443,11,2,9,0.18181818181818182,0.8181818181818182,0.6840384356390418
4444,11,1,10,0.09090909090909091,0.9090909090909091,0.4394969869215134
4445,11,3,8,0.2727272727272727,0.7272727272727273,0.8453509366224364
4446,11,3,8,0.2727272727272727,0.7272727272727273,0.8453509366224364
4447,11,4,7,0.36363636363636365,0.6363636363636364,0.9456603046006401
4448,11,1,10,0.09090909090909091,0.9090909090909091,0.4394969869215134
4449,11,2,9,0.18181818181818182,0.8181818181818182,0.6840384356390418
4450,11,0,11,0.0,1.0,0.0
4451,11,2,9,0.18181818181818182,0.8181818181818182,0.6840384356390418
4452,11,1,10,0.09090909090909091,0.9090909090909091,0.4394969869215134
4453,11,0,11,0.0,1.0,0.0
4454,11,2,9,0.18181818181818182,0.8181818181818182,0.6840384356390418
4455,11,0,11,0.0,1.0,0.0
4456,11,2,9,0.18181818181818182,0.8181818181818182,0.6840384356390418
4457,11,3,8,0.2727272727272727,0.7272727272727273,0.8453509366224364
4458,11,3,8,0.2727272727272727,0.7272727272727273,0.8453509366224364
4459,11,0,11,0.0,1.0,0.0
4460,11,2,9,0.18181818181818182,0.8181818181818182,0.6840384356390418
4461,11,3,8,0.2727272727272727,0.7272727272727273,0.8453509366224364
4462,11,0,11,0.0,1.0,0.0
4463,11,3,8,0.2727272727272727,0.7272727272727273,0.8453509366224364
4464,11,3,8,0.2727272727272727,0.7272727272727273,0.8453509366224364
4465,11,0,11,0.0,1.0,0.0
4466,11,2,9,0.18181818181818182,0.8181818181818182,0.6840384356390418
4467,11,0,11,0.0,1.0,0.0
4468,11,0,11,0.0,1.0,0.0
4469,11,2,9,0.18181818181818182,0.8181818181818182,0.6840384356390418
4470,11,1,10,0.09090909090909091,0.9090909090909091,0.4394969869215134
4471,11,2,9,0.18181818181818182,0.8181818181818182,0.6840384356390418
4472,11,1,10,0.09090909090909091,0.9090909090909091,0.4394969869215134
4473,11,1,10,0.09090909090909091,0.9090909090909091,0.4394969869215134
4474,11,1,10,0.09090909090909091,0.9090909090909091,0.4394969869215134
4475,11,2,9,0.18181818181818182,0.8181818181818182,0.6840384356390418
4476,11,2,9,0.18181818181818182,0.8181818181818182,0.6840384356390418
4477,11,3,8,0.2727272727272727,0.7272727272727273,0.8453509366224364
4478,11,3,8,0.2727272727272727,0.7272727272727273,0.8453509366224364
4479,11,1,10,0.09090909090909091,0.9090909090909091,0.4394969869215134
4480,11,0,11,0.0,1.0,0.0
4481,11,1,10,0.09090909090909091,0.9090909090909091,0.4394969869215134
4482,11,2,9,0.18181818181818182,0.8181818181818182,0.6840384356390418
4483,11,1,10,0.09090909090909091,0.9090909090909091,0.4394969869215134
4484,11,1,10,0.09090909090909091,0.9090909090909091,0.4394969869215134
4485,11,0,11,0.0,1.0,0.0
4486,11,1,10,0.09090909090909091,0.9090909090909091,0.4394969869215134
4487,11,2,9,0.18181818181818182,0.8181818181818182,0.6840384356390418
4488,11,1,10,0.09090909090909091,0.9090909090909091,0.4394969869215134
4489,11,3,8,0.2727272727272727,0.7272727272727273,0.8453509366224364
4490,11,1,10,0.09090909090909091,0.9090909090909091,0.4394969869215134
4491,11,0,11,0.0,1.0,0.0
4492,11,1,10,0.09090909090909091,0.9090909090909091,0.4394969869215134
4493,11,2,9,0.18181818181818182,0.8181818181818182,0.6840384356390418
4494,11,0,11,0.0,1.0,0.0
4495,11,1,10,0.09090909090909091,0.9090909090909091,0.4394969869215134
4496,11,2,9,0.18181818181818182,0.8181818181818182,0.6840384356390418
4497,11,3,8,0.2727272727272727,0.7272727272727273,0.8453509366224364
4498,11,0,11,0.0,1.0,0.0
4499,11,2,9,0.18181818181818182,0.8181818181818182,0.6840384356390418
4500,11,0,11,0.0,1.0,0.0
4501,11,2,9,0.18181818181818182,0.8181818181818182,0.6840384356390418
4502,11,1,10,0.09090909090909091,0.9090909090909091,0.4394969869215134
4503,11,1,10,0.09090909090909091,0.9090909090909091,0.4394969869215134
4504,11,1,10,0.09090909090909091,0.9090909090909091,0.4394969869215134
4505,11,2,9,0.18181818181818182,0.8181818181818182,0.6840384356390418
4506,11,1,10,0.09090909090909091,0.9090909090909091,0.4394969869215134
4507,11,1,10,0.09090909090909091,0.9090909090909091,0.4394969869215134
4508,11,0,11,0.0,1.0,0.0
4509,11,0,11,0.0,1.0,0.0
4510,11,2,9,0.18181818181818182,0.8181818181818182,0.6840384356390418
4511,11,1,10,0.09090909090909091,0.9090909090909091,0.4394969869215134
4512,11,3,8,0.2727272727272727,0.7272727272727273,0.8453509366224364
4513,11,4,7,0.36363636363636365,0.6363636363636364,0.9456603046006401
4514,11,1,10,0.09090909090909091,0.9090909090909091,0.4394969869215134
4515,11,0,11,0.0,1.0,0.0
4516,11,2,9,0.18181818181818182,0.8181818181818182,0.6840384356390418
4517,11,2,9,0.18181818181818182,0.8181818181818182,0.6840384356390418
4518,11,2,9,0.18181818181818182,0.8181818181818182,0.6840384356390418
4519,11,2,9,0.18181818181818182,0.8181818181818182,0.6840384356390418
4520,11,1,10,0.09090909090909091,0.9090909090909091,0.4394969869215134
4521,11,4,7,0.36363636363636365,0.6363636363636364,0.9456603046006401
4522,11,0,11,0.0,1.0,0.0
4523,11,0,11,0.0,1.0,0.0
4524,11,3,8,0.2727272727272727,0.7272727272727273,0.8453509366224364
4525,11,2,9,0.18181818181818182,0.8181818181818182,0.6840384356390418
4526,11,2,9,0.18181818181818182,0.8181818181818182,0.6840384356390418
4527,11,1,10,0.09090909090909091,0.9090909090909091,0.4394969869215134
4528,11,0,11,0.0,1.0,0.0
4529,11,1,10,0.09090909090909091,0.9090909090909091,0.4394969869215134
4530,11,2,9,0.18181818181818182,0.8181818181818182,0.6840384356390418
4531,11,2,9,0.18181818181818182,0.8181818181818182,0.6840384356390418
4532,11,1,10,0.09090909090909091,0.9090909090909091,0.4394969869215134
4533,11,1,10,0.09090909090909091,0.9090909090909091,0.4394969869215134
4534,11,0,11,0.0,1.0,0.0
4535,11,0,11,0.0,1.0,0.0
4536,11,0,11,0.0,1.0,0.0
4537,11,1,10,0.09090909090909091,0.9090909090909091,0.4394969869215134
4538,11,1,10,0.09090909090909091,0.9090909090909091,0.4394969869215134
4539,11,1,10,0.09090909090909091,0.9090909090909091,0.4394969869215134
4540,11,0,11,0.0,1.0,0.0
4541,11,3,8,0.2727272727272727,0.7272727272727273,0.8453509366224364
4542,11,1,10,0.09090909090909091,0.9090909090909091,0.4394969869215134
4543,11,2,9,0.18181818181818182,0.8181818181818182,0.6840384356390418
4544,11,3,8,0.2727272727272727,0.7272727272727273,0.8453509366224364
4545,11,3,8,0.2727272727272727,0.7272727272727273,0.8453509366224364
4546,11,1,10,0.09090909090909091,0.9090909090909091,0.4394969869215134
4547,11,5,6,0.45454545454545453,0.5454545454545454,0.9940302114769565
4548,11,0,11,0.0,1.0,0.0
4549,11,1,10,0.09090909090909091,0.9090909090909091,0.4394969869215134
4550,11,1,10,0.09090909090909091,0.9090909090909091,0.4394969869215134
4551,11,0,11,0.0,1.0,0.0
4552,11,0,11,0.0,1.0,0.0
4553,11,1,10,0.09090909090909091,0.9090909090909091,0.4394969869215134
4554,11,4,7,0.36363636363636365,0.6363636363636364,0.9456603046006401
4555,11,1,10,0.09090909090909091,0.9090909090909091,0.4394969869215134
4556,11,3,8,0.2727272727272727,0.7272727272727273,0.8453509366224364
4557,11,2,9,0.18181818181818182,0.8181818181818182,0.6840384356390418
4558,11,4,7,0.36363636363636365,0.6363636363636364,0.9456603046006401
4559,11,3,8,0.2727272727272727,0.7272727272727273,0.8453509366224364
4560,11,1,10,0.09090909090909091,0.9090909090909091,0.4394969869215134
4561,11,0,11,0.0,1.0,0.0
4562,11,3,8,0.2727272727272727,0.7272727272727273,0.8453509366224364
4563,11,2,9,0.18181818181818182,0.8181818181818182,0.6840384356390418
4564,11,1,10,0.09090909090909091,0.9090909090909091,0.4394969869215134
4565,11,1,10,0.09090909090909091,0.9090909090909091,0.4394969869215134
4566,11,4,7,0.36363636363636365,0.6363636363636364,0.9456603046006401
4567,11,1,10,0.09090909090909091,0.9090909090909091,0.4394969869215134
4568,11,0,11,0.0,1.0,0.0
4569,11,1,10,0.09090909090909091,0.9090909090909091,0.4394969869215134
4570,11,3,8,0.2727272727272727,0.7272727272727273,0.8453509366224364
4571,11,1,10,0.09090909090909091,0.9090909090909091,0.4394969869215134
4572,11,2,9,0.18181818181818182,0.8181818181818182,0.6840384356390418
4573,11,0,11,0.0,1.0,0.0
4574,11,4,7,0.36363636363636365,0.6363636363636364,0.9456603046006401
4575,11,1,10,0.09090909090909091,0.9090909090909091,0.4394969869215134
4576,11,1,10,0.09090909090909091,0.9090909090909091,0.4394969869215134
4577,11,5,6,0.45454545454545453,0.5454545454545454,0.9940302114769565
4578,11,2,9,0.18181818181818182,0.8181818181818182,0.6840384356390418
4579,11,1,10,0.09090909090909091,0.9090909090909091,0.4394969869215134
4580,11,0,11,0.0,1.0,0.0
4581,11,1,10,0.09090909090909091,0.9090909090909091,0.4394969869215134
4582,11,2,9,0.18181818181818182,0.8181818181818182,0.6840384356390418
4583,11,2,9,0.18181818181818182,0.8181818181818182,0.6840384356390418
4584,11,0,11,0.0,1.0,0.0
4585,11,1,10,0.09090909090909091,0.9090909090909091,0.4394969869215134
4586,11,2,9,0.18181818181818182,0.8181818181818182,0.6840384356390418
4587,11,2,9,0.18181818181818182,0.8181818181818182,0.6840384356390418
4588,11,1,10,0.09090909090909091,0.9090909090909091,0.4394969869215134
4589,11,0,11,0.0,1.0,0.0
4590,11,1,10,0.09090909090909091,0.9090909090909091,0.4394969869215134
4591,11,2,9,0.18181818181818182,0.8181818181818182,0.6840384356390418
4592,11,3,8,0.2727272727272727,0.7272727272727273,0.8453509366224364
4593,11,3,8,0.2727272727272727,0.7272727272727273,0.8453509366224364
4594,11,2,9,0.18181818181818182,0.8181818181818182,0.6840384356390418
4595,11,2,9,0.18181818181818182,0.8181818181818182,0.6840384356390418
4596,11,0,11,0.0,1.0,0.0
4597,11,2,9,0.18181818181818182,0.8181818181818182,0.6840384356390418
4598,11,1,10,0.09090909090909091,0.9090909090909091,0.4394969869215134
4599,11,1,10,0.09090909090909091,0.9090909090909091,0.4394969869215134
4600,11,1,10,0.09090909090909091,0.9090909090909091,0.4394969869215134
4601,11,3,8,0.2727272727272727,0.7272727272727273,0.8453509366224364
4602,11,1,10,0.09090909090909091,0.9090909090909091,0.4394969869215134
4603,11,1,10,0.09090909090909091,0.9090909090909091,0.4394969869215134
4604,11,0,11,0.0,1.0,0.0
4605,11,1,10,0.09090909090909091,0.9090909090909091,0.4394969869215134
4606,11,0,11,0.0,1.0,0.0
4607,11,0,11,0.0,1.0,0.0
4608,11,1,10,0.09090909090909091,0.9090909090909091,0.4394969869215134
4609,11,1,10,0.09090909090909091,0.9090909090909091,0.4394969869215134
4610,11,2,9,0.18181818181818182,0.8181818181818182,0.6840384356390418
4611,11,0,11,0.0,1.0,0.0
4612,11,3,8,0.2727272727272727,0.7272727272727273,0.8453509366224364
4613,11,1,10,0.09090909090909091,0.9090909090909091,0.4394969869215134
4614,11,2,9,0.18181818181818182,0.8181818181818182,0.6840384356390418
4615,11,1,10,0.09090909090909091,0.9090909090909091,0.4394969869215134
4616,11,0,11,0.0,1.0,0.0
4617,11,0,11,0.0,1.0,0.0
4618,11,2,9,0.18181818181818182,0.8181818181818182,0.6840384356390418
4619,11,1,10,0.09090909090909091,0.9090909090909091,0.4394969869215134
4620,11,3,8,0.2727272727272727,0.7272727272727273,0.8453509366224364
4621,11,1,10,0.09090909090909091,0.9090909090909091,0.4394969869215134
4622,11,2,9,0.18181818181818182,0.8181818181818182,0.6840384356390418
4623,11,0,11,0.0,1.0,0.0
4624,11,1,10,0.09090909090909091,0.9090909090909091,0.4394969869215134
4625,11,1,10,0.09090909090909091,0.9090909090909091,0.4394969869215134
4626,11,1,10,0.09090909090909091,0.9090909090909091,0.4394969869215134
4627,11,2,9,0.18181818181818182,0.8181818181818182,0.6840384356390418
4628,11,4,7,0.36363636363636365,0.6363636363636364,0.9456603046006401
4629,11,2,9,0.18181818181818182,0.8181818181818182,0.6840384356390418
4630,11,2,9,0.18181818181818182,0.8181818181818182,0.6840384356390418
4631,11,0,11,0.0,1.0,0.0
4632,11,1,10,0.09090909090909091,0.9090909090909091,0.4394969869215134
4633,11,0,11,0.0,1.0,0.0
4634,11,1,10,0.09090909090909091,0.9090909090909091,0.4394969869215134
4635,11,1,10,0.09090909090909091,0.9090909090909091,0.4394969869215134
4636,11,1,10,0.09090909090909091,0.9090909090909091,0.4394969869215134
4637,11,0,11,0.0,1.0,0.0
4638,11,0,11,0.0,1.0,0.0
4639,11,1,10,0.09090909090909091,0.9090909090909091,0.4394969869215134
4640,11,1,10,0.09090909090909091,0.9090909090909091,0.4394969869215134
4641,11,3,8,0.2727272727272727,0.7272727272727273,0.8453509366224364
4642,11,0,11,0.0,1.0,0.0
4643,11,1,10,0.09090909090909091,0.9090909090909091,0.4394969869215134
4644,11,1,10,0.09090909090909091,0.9090909090909091,0.4394969869215134
4645,11,2,9,0.18181818181818182,0.8181818181818182,0.6840384356390418
4646,11,2,9,0.18181818181818182,0.8181818181818182,0.6840384356390418
4647,11,0,11,0.0,1.0,0.0
4648,11,2,9,0.18181818181818182,0.8181818181818182,0.6840384356390418
4649,11,2,9,0.18181818181818182,0.8181818181818182,0.6840384356390418
4650,11,5,6,0.45454545454545453,0.5454545454545454,0.9940302114769565
4651,11,1,10,0.09090909090909091,0.9090909090909091,0.4394969869215134
4652,11,3,8,0.2727272727272727,0.7272727272727273,0.8453509366224364
4653,11,3,8,0.2727272727272727,0.7272727272727273,0.8453509366224364
4654,11,1,10,0.09090909090909091,0.9090909090909091,0.4394969869215134
4655,11,1,10,0.09090909090909091,0.9090909090909091,0.4394969869215134
4656,11,0,11,0.0,1.0,0.0
4657,11,2,9,0.18181818181818182,0.8181818181818182,0.6840384356390418
4658,11,1,10,0.09090909090909091,0.9090909090909091,0.4394969869215134
4659,11,0,11,0.0,1.0,0.0
4660,11,3,8,0.2727272727272727,0.7272727272727273,0.8453509366224364
4661,11,0,11,0.0,1.0,0.0
4662,11,1,10,0.09090909090909091,0.9090909090909091,0.4394969869215134
4663,11,1,10,0.09090909090909091,0.9090909090909091,0.4394969869215134
4664,11,1,10,0.09090909090909091,0.9090909090909091,0.4394969869215134
4665,11,1,10,0.09090909090909091,0.9090909090909091,0.4394969869215134
4666,11,1,10,0.09090909090909091,0.9090909090909091,0.4394969869215134
4667,11,2,9,0.18181818181818182,0.8181818181818182,0.6840384356390418
4668,11,1,10,0.09090909090909091,0.9090909090909091,0.4394969869215134
4669,11,3,8,0.2727272727272727,0.7272727272727273,0.8453509366224364
4670,11,1,10,0.09090909090909091,0.9090909090909091,0.4394969869215134
4671,11,2,9,0.18181818181818182,0.8181818181818182,0.6840384356390418
4672,11,0,11,0.0,1.0,0.0
4673,11,2,9,0.18181818181818182,0.8181818181818182,0.6840384356390418
4674,11,2,9,0.18181818181818182,0.8181818181818182,0.6840384356390418
4675,11,0,11,0.0,1.0,0.0
4676,11,0,11,0.0,1.0,0.0
4677,11,1,10,0.09090909090909091,0.9090909090909091,0.4394969869215134
4678,11,2,9,0.18181818181818182,0.8181818181818182,0.6840384356390418
4679,11,2,9,0.18181818181818182,0.8181818181818182,0.6840384356390418
4680,11,3,8,0.2727272727272727,0.7272727272727273,0.8453509366224364
4681,11,3,8,0.2727272727272727,0.7272727272727273,0.8453509366224364
4682,11,3,8,0.2727272727272727,0.7272727272727273,0.8453509366224364
4683,11,1,10,0.09090909090909091,0.9090909090909091,0.4394969869215134
4684,11,1,10,0.09090909090909091,0.9090909090909091,0.4394969869215134
4685,11,3,8,0.2727272727272727,0.7272727272727273,0.8453509366224364
4686,11,1,10,0.09090909090909091,0.9090909090909091,0.4394969869215134
4687,11,1,10,0.09090909090909091,0.9090909090909091,0.4394969869215134
4688,11,3,8,0.2727272727272727,0.7272727272727273,0.8453509366224364
4689,11,1,10,0.09090909090909091,0.9090909090909091,0.4394969869215134
4690,11,0,11,0.0,1.0,0.0
4691,11,3,8,0.2727272727272727,0.7272727272727273,0.8453509366224364
4692,11,2,9,0.18181818181818182,0.8181818181818182,0.6840384356390418
4693,11,1,10,0.09090909090909091,0.9090909090909091,0.4394969869215134
4694,11,2,9,0.18181818181818182,0.8181818181818182,0.6840384356390418
4695,11,2,9,0.18181818181818182,0.8181818181818182,0.6840384356390418
4696,11,2,9,0.18181818181818182,0.8181818181818182,0.6840384356390418
4697,11,2,9,0.18181818181818182,0.8181818181818182,0.6840384356390418
4698,11,2,9,0.18181818181818182,0.8181818181818182,0.6840384356390418
4699,11,1,10,0.09090909090909091,0.9090909090909091,0.4394969869215134
4700,11,1,10,0.09090909090909091,0.9090909090909091,0.4394969869215134
4701,11,1,10,0.09090909090909091,0.9090909090909091,0.4394969869215134
4702,11,1,10,0.09090909090909091,0.9090909090909091,0.4394969869215134
4703,11,4,7,0.36363636363636365,0.6363636363636364,0.9456603046006401
4704,11,2,9,0.18181818181818182,0.8181818181818182,0.6840384356390418
4705,11,4,7,0.36363636363636365,0.6363636363636364,0.9456603046006401
4706,11,2,9,0.18181818181818182,0.8181818181818182,0.6840384356390418
4707,11,2,9,0.18181818181818182,0.8181818181818182,0.6840384356390418
4708,11,2,9,0.18181818181818182,0.8181818181818182,0.6840384356390418
4709,11,3,8,0.2727272727272727,0.7272727272727273,0.8453509366224364
4710,11,1,10,0.09090909090909091,0.9090909090909091,0.4394969869215134
4711,11,1,10,0.09090909090909091,0.9090909090909091,0.4394969869215134
4712,11,1,10,0.09090909090909091,0.9090909090909091,0.4394969869215134
4713,11,3,8,0.2727272727272727,0.7272727272727273,0.8453509366224364
4714,11,1,10,0.09090909090909091,0.9090909090909091,0.4394969869215134
4715,11,2,9,0.18181818181818182,0.8181818181818182,0.6840384356390418
4716,11,0,11,0.0,1.0,0.0
4717,11,1,10,0.09090909090909091,0.9090909090909091,0.4394969869215134
4718,11,0,11,0.0,1.0,0.0
4719,11,0,11,0.0,1.0,0.0
4720,11,2,9,0.18181818181818182,0.8181818181818182,0.6840384356390418
4721,11,1,10,0.09090909090909091,0.9090909090909091,0.4394969869215134
4722,11,4,7,0.36363636363636365,0.6363636363636364,0.9456603046006401
4723,11,0,11,0.0,1.0,0.0
4724,11,2,9,0.18181818181818182,0.8181818181818182,0.6840384356390418
4725,11,1,10,0.09090909090909091,0.9090909090909091,0.4394969869215134
4726,11,1,10,0.09090909090909091,0.9090909090909091,0.4394969869215134
4727,11,1,10,0.09090909090909091,0.9090909090909091,0.4394969869215134
4728,11,0,11,0.0,1.0,0.0
4729,11,2,9,0.18181818181818182,0.8181818181818182,0.6840384356390418
4730,11,3,8,0.2727272727272727,0.7272727272727273,0.8453509366224364
4731,11,1,10,0.09090909090909091,0.9090909090909091,0.4394969869215134
4732,11,3,8,0.2727272727272727,0.7272727272727273,0.8453509366224364
4733,11,2,9,0.18181818181818182,0.8181818181818182,0.6840384356390418
4734,11,0,11,0.0,1.0,0.0
4735,11,2,9,0.18181818181818182,0.8181818181818182,0.6840384356390418
4736,11,3,8,0.2727272727272727,0.7272727272727273,0.8453509366224364
4737,11,1,10,0.09090909090909091,0.9090909090909091,0.4394969869215134
4738,11,2,9,0.18181818181818182,0.8181818181818182,0.6840384356390418
4739,11,2,9,0.18181818181818182,0.8181818181818182,0.6840384356390418
4740,11,5,6,0.45454545454545453,0.5454545454545454,0.9940302114769565
4741,11,2,9,0.18181818181818182,0.8181818181818182,0.6840384356390418
4742,11,4,7,0.36363636363636365,0.6363636363636364,0.9456603046006401
4743,11,2,9,0.18181818181818182,0.8181818181818182,0.6840384356390418
4744,11,2,9,0.18181818181818182,0.8181818181818182,0.6840384356390418
4745,11,3,8,0.2727272727272727,0.7272727272727273,0.8453509366224364
4746,11,0,11,0.0,1.0,0.0
4747,11,1,10,0.09090909090909091,0.9090909090909091,0.4394969869215134
4748,11,1,10,0.09090909090909091,0.9090909090909091,0.4394969869215134
4749,11,1,10,0.09090909090909091,0.9090909090909091,0.4394969869215134
4750,11,2,9,0.18181818181818182,0.8181818181818182,0.6840384356390418
4751,11,0,11,0.0,1.0,0.0
4752,11,2,9,0.18181818181818182,0.8181818181818182,0.6840384356390418
4753,11,2,9,0.18181818181818182,0.8181818181818182,0.6840384356390418
4754,11,0,11,0.0,1.0,0.0
4755,11,2,9,0.18181818181818182,0.8181818181818182,0.6840384356390418
4756,11,1,10,0.09090909090909091,0.9090909090909091,0.4394969869215134
4757,11,2,9,0.18181818181818182,0.8181818181818182,0.6840384356390418
4758,11,2,9,0.18181818181818182,0.8181818181818182,0.6840384356390418
4759,11,0,11,0.0,1.0,0.0
4760,11,1,10,0.09090909090909091,0.9090909090909091,0.4394969869215134
4761,11,2,9,0.18181818181818182,0.8181818181818182,0.6840384356390418
4762,11,1,10,0.09090909090909091,0.9090909090909091,0.4394969869215134
4763,11,1,10,0.09090909090909091,0.9090909090909091,0.4394969869215134
4764,11,3,8,0.2727272727272727,0.7272727272727273,0.8453509366224364
4765,11,3,8,0.2727272727272727,0.7272727272727273,0.8453509366224364
4766,11,1,10,0.09090909090909091,0.9090909090909091,0.4394969869215134
4767,11,1,10,0.09090909090909091,0.9090909090909091,0.4394969869215134
4768,11,4,7,0.36363636363636365,0.6363636363636364,0.9456603046006401
4769,11,2,9,0.18181818181818182,0.8181818181818182,0.6840384356390418
4770,11,3,8,0.2727272727272727,0.7272727272727273,0.8453509366224364
4771,11,2,9,0.18181818181818182,0.8181818181818182,0.6840384356390418
4772,11,4,7,0.36363636363636365,0.6363636363636364,0.9456603046006401
4773,11,3,8,0.2727272727272727,0.7272727272727273,0.8453509366224364
4774,11,1,10,0.09090909090909091,0.9090909090909091,0.4394969869215134
4775,11,1,10,0.09090909090909091,0.9090909090909091,0.4394969869215134
4776,11,1,10,0.09090909090909091,0.9090909090909091,0.4394969869215134
4777,11,1,10,0.09090909090909091,0.9090909090909091,0.4394969869215134
4778,11,1,10,0.09090909090909091,0.9090909090909091,0.4394969869215134
4779,11,5,6,0.45454545454545453,0.5454545454545454,0.9940302114769565
4780,11,0,11,0.0,1.0,0.0
4781,11,3,8,0.2727272727272727,0.7272727272727273,0.8453509366224364
4782,11,2,9,0.18181818181818182,0.8181818181818182,0.6840384356390418
4783,11,1,10,0.09090909090909091,0.9090909090909091,0.4394969869215134
4784,11,1,10,0.09090909090909091,0.9090909090909091,0.4394969869215134
4785,11,2,9,0.18181818181818182,0.8181818181818182,0.6840384356390418
4786,11,0,11,0.0,1.0,0.0
4787,11,1,10,0.09090909090909091,0.9090909090909091,0.4394969869215134
4788,11,2,9,0.18181818181818182,0.8181818181818182,0.6840384356390418
4789,11,0,11,0.0,1.0,0.0
4790,11,0,11,0.0,1.0,0.0
4791,11,1,10,0.09090909090909091,0.9090909090909091,0.4394969869215134
4792,11,2,9,0.18181818181818182,0.8181818181818182,0.6840384356390418
4793,11,1,10,0.09090909090909091,0.9090909090909091,0.4394969869215134
4794,11,1,10,0.09090909090909091,0.9090909090909091,0.4394969869215134
4795,11,0,11,0.0,1.0,0.0
4796,11,0,11,0.0,1.0,0.0
4797,11,1,10,0.09090909090909091,0.9090909090909091,0.4394969869215134
4798,11,0,11,0.0,1.0,0.0
4799,11,0,11,0.0,1.0,0.0
4800,11,3,8,0.2727272727272727,0.7272727272727273,0.8453509366224364
4801,11,1,10,0.09090909090909091,0.9090909090909091,0.4394969869215134
4802,11,0,11,0.0,1.0,0.0
4803,11,1,10,0.09090909090909091,0.9090909090909091,0.4394969869215134
4804,11,0,11,0.0,1.0,0.0
4805,11,2,9,0.18181818181818182,0.8181818181818182,0.6840384356390418
4806,11,1,10,0.09090909090909091,0.9090909090909091,0.4394969869215134
4807,11,2,9,0.18181818181818182,0.8181818181818182,0.6840384356390418
4808,11,0,11,0.0,1.0,0.0
4809,11,0,11,0.0,1.0,0.0
4810,11,2,9,0.18181818181818182,0.8181818181818182,0.6840384356390418
4811,11,1,10,0.09090909090909091,0.9090909090909091,0.4394969869215134
4812,11,0,11,0.0,1.0,0.0
4813,11,1,10,0.09090909090909091,0.9090909090909091,0.4394969869215134
4814,11,1,10,0.09090909090909091,0.9090909090909091,0.4394969869215134
4815,11,1,10,0.09090909090909091,0.9090909090909091,0.4394969869215134
4816,11,2,9,0.18181818181818182,0.8181818181818182,0.6840384356390418
4817,11,2,9,0.18181818181818182,0.8181818181818182,0.6840384356390418
4818,11,1,10,0.09090909090909091,0.9090909090909091,0.4394969869215134
4819,11,3,8,0.2727272727272727,0.7272727272727273,0.8453509366224364
4820,11,0,11,0.0,1.0,0.0
4821,11,3,8,0.2727272727272727,0.7272727272727273,0.8453509366224364
4822,11,0,11,0.0,1.0,0.0
4823,11,0,11,0.0,1.0,0.0
4824,11,1,10,0.09090909090909091,0.9090909090909091,0.4394969869215134
4825,11,0,11,0.0,1.0,0.0
4826,11,3,8,0.2727272727272727,0.7272727272727273,0.8453509366224364
4827,11,1,10,0.09090909090909091,0.9090909090909091,0.4394969869215134
4828,11,2,9,0.18181818181818182,0.8181818181818182,0.6840384356390418
4829,11,3,8,0.2727272727272727,0.7272727272727273,0.8453509366224364
4830,11,0,11,0.0,1.0,0.0
4831,11,4,7,0.36363636363636365,0.6363636363636364,0.9456603046006401
4832,11,1,10,0.09090909090909091,0.9090909090909091,0.4394969869215134
4833,11,2,9,0.18181818181818182,0.8181818181818182,0.6840384356390418
4834,11,0,11,0.0,1.0,0.0
4835,11,3,8,0.2727272727272727,0.7272727272727273,0.8453509366224364
4836,11,2,9,0.18181818181818182,0.8181818181818182,0.6840384356390418
4837,11,2,9,0.18181818181818182,0.8181818181818182,0.6840384356390418
4838,11,1,10,0.09090909090909091,0.9090909090909091,0.4394969869215134
4839,11,1,10,0.09090909090909091,0.9090909090909091,0.4394969869215134
4840,11,1,10,0.09090909090909091,0.9090909090909091,0.4394969869215134
4841,11,3,8,0.2727272727272727,0.7272727272727273,0.8453509366224364
4842,11,2,9,0.18181818181818182,0.8181818181818182,0.6840384356390418
4843,11,0,11,0.0,1.0,0.0
4844,11,4,7,0.36363636363636365,0.6363636363636364,0.9456603046006401
4845,11,2,9,0.18181818181818182,0.8181818181818182,0.6840384356390418
4846,11,2,9,0.18181818181818182,0.8181818181818182,0.6840384356390418
4847,11,1,10,0.09090909090909091,0.9090909090909091,0.4394969869215134
4848,11,2,9,0.18181818181818182,0.8181818181818182,0.6840384356390418
4849,11,1,10,0.09090909090909091,0.9090909090909091,0.4394969869215134
4850,11,0,11,0.0,1.0,0.0
4851,11,0,11,0.0,1.0,0.0
4852,11,2,9,0.18181818181818182,0.8181818181818182,0.6840384356390418
4853,11,3,8,0.2727272727272727,0.7272727272727273,0.8453509366224364
4854,11,3,8,0.2727272727272727,0.7272727272727273,0.8453509366224364
4855,11,0,11,0.0,1.0,0.0
4856,11,4,7,0.36363636363636365,0.6363636363636364,0.9456603046006401
4857,11,2,9,0.18181818181818182,0.8181818181818182,0.6840384356390418
4858,11,3,8,0.2727272727272727,0.7272727272727273,0.8453509366224364
4859,11,2,9,0.18181818181818182,0.8181818181818182,0.6840384356390418
4860,11,0,11,0.0,1.0,0.0
4861,11,2,9,0.18181818181818182,0.8181818181818182,0.6840384356390418
4862,11,5,6,0.45454545454545453,0.5454545454545454,0.9940302114769565
4863,11,0,11,0.0,1.0,0.0
4864,11,0,11,0.0,1.0,0.0
4865,11,0,11,0.0,1.0,0.0
4866,11,1,10,0.09090909090909091,0.9090909090909091,0.4394969869215134
4867,11,1,10,0.09090909090909091,0.9090909090909091,0.4394969869215134
4868,11,1,10,0.09090909090909091,0.9090909090909091,0.4394969869215134
4869,11,2,9,0.18181818181818182,0.8181818181818182,0.6840384356390418
4870,11,0,11,0.0,1.0,0.0
4871,11,3,8,0.2727272727272727,0.7272727272727273,0.8453509366224364
4872,11,3,8,0.2727272727272727,0.7272727272727273,0.8453509366224364
4873,11,1,10,0.09090909090909091,0.9090909090909091,0.4394969869215134
4874,11,0,11,0.0,1.0,0.0
4875,11,1,10,0.09090909090909091,0.9090909090909091,0.4394969869215134
4876,11,1,10,0.09090909090909091,0.9090909090909091,0.4394969869215134
4877,11,2,9,0.18181818181818182,0.8181818181818182,0.6840384356390418
4878,11,1,10,0.09090909090909091,0.9090909090909091,0.4394969869215134
4879,11,4,7,0.36363636363636365,0.6363636363636364,0.9456603046006401
4880,11,1,10,0.09090909090909091,0.9090909090909091,0.4394969869215134
4881,11,2,9,0.18181818181818182,0.8181818181818182,0.6840384356390418
4882,11,1,10,0.09090909090909091,0.9090909090909091,0.4394969869215134
4883,11,1,10,0.09090909090909091,0.9090909090909091,0.4394969869215134
4884,11,1,10,0.09090909090909091,0.9090909090909091,0.4394969869215134
4885,11,0,11,0.0,1.0,0.0
4886,11,0,11,0.0,1.0,0.0
4887,11,0,11,0.0,1.0,0.0
4888,11,0,11,0.0,1.0,0.0
4889,11,3,8,0.2727272727272727,0.7272727272727273,0.8453509366224364
4890,11,3,8,0.2727272727272727,0.7272727272727273,0.8453509366224364
4891,11,2,9,0.18181818181818182,0.8181818181818182,0.6840384356390418
4892,11,1,10,0.09090909090909091,0.9090909090909091,0.4394969869215134
4893,11,2,9,0.18181818181818182,0.8181818181818182,0.6840384356390418
4894,11,1,10,0.09090909090909091,0.9090909090909091,0.4394969869215134
4895,11,1,10,0.09090909090909091,0.9090909090909091,0.4394969869215134
4896,11,1,10,0.09090909090909091,0.9090909090909091,0.4394969869215134
4897,11,0,11,0.0,1.0,0.0
4898,11,1,10,0.09090909090909091,0.9090909090909091,0.4394969869215134
4899,11,1,10,0.09090909090909091,0.9090909090909091,0.4394969869215134
4900,11,3,8,0.2727272727272727,0.7272727272727273,0.8453509366224364
4901,11,2,9,0.18181818181818182,0.8181818181818182,0.6840384356390418
4902,11,3,8,0.2727272727272727,0.7272727272727273,0.8453509366224364
4903,11,2,9,0.18181818181818182,0.8181818181818182,0.6840384356390418
4904,11,1,10,0.09090909090909091,0.9090909090909091,0.4394969869215134
4905,11,1,10,0.09090909090909091,0.9090909090909091,0.4394969869215134
4906,11,0,11,0.0,1.0,0.0
4907,11,1,10,0.09090909090909091,0.9090909090909091,0.4394969869215134
4908,11,4,7,0.36363636363636365,0.6363636363636364,0.9456603046006401
4909,11,2,9,0.18181818181818182,0.8181818181818182,0.6840384356390418
4910,11,2,9,0.18181818181818182,0.8181818181818182,0.6840384356390418
4911,11,1,10,0.09090909090909091,0.9090909090909091,0.4394969869215134
4912,11,3,8,0.2727272727272727,0.7272727272727273,0.8453509366224364
4913,11,2,9,0.18181818181818182,0.8181818181818182,0.6840384356390418
4914,11,1,10,0.09090909090909091,0.9090909090909091,0.4394969869215134
4915,11,2,9,0.18181818181818182,0.8181818181818182,0.6840384356390418
4916,11,2,9,0.18181818181818182,0.8181818181818182,0.6840384356390418
4917,11,0,11,0.0,1.0,0.0
4918,11,1,10,0.09090909090909091,0.9090909090909091,0.4394969869215134
4919,11,0,11,0.0,1.0,0.0
4920,11,1,10,0.09090909090909091,0.9090909090909091,0.4394969869215134
4921,11,1,10,0.09090909090909091,0.9090909090909091,0.4394969869215134
4922,11,2,9,0.18181818181818182,0.8181818181818182,0.6840384356390418
4923,11,1,10,0.09090909090909091,0.9090909090909091,0.4394969869215134
4924,11,1,10,0.09090909090909091,0.9090909090909091,0.4394969869215134
4925,11,2,9,0.18181818181818182,0.8181818181818182,0.6840384356390418
4926,11,1,10,0.09090909090909091,0.9090909090909091,0.4394969869215134
4927,11,1,10,0.09090909090909091,0.9090909090909091,0.4394969869215134
4928,11,3,8,0.2727272727272727,0.7272727272727273,0.8453509366224364
4929,11,0,11,0.0,1.0,0.0
4930,11,1,10,0.09090909090909091,0.9090909090909091,0.4394969869215134
4931,11,2,9,0.18181818181818182,0.8181818181818182,0.6840384356390418
4932,11,1,10,0.09090909090909091,0.9090909090909091,0.4394969869215134
4933,11,3,8,0.2727272727272727,0.7272727272727273,0.8453509366224364
4934,11,2,9,0.18181818181818182,0.8181818181818182,0.6840384356390418
4935,11,1,10,0.09090909090909091,0.9090909090909091,0.4394969869215134
4936,11,3,8,0.2727272727272727,0.7272727272727273,0.8453509366224364
4937,11,1,10,0.09090909090909091,0.9090909090909091,0.4394969869215134
4938,11,0,11,0.0,1.0,0.0
4939,11,2,9,0.18181818181818182,0.8181818181818182,0.6840384356390418
4940,11,0,11,0.0,1.0,0.0
4941,11,0,11,0.0,1.0,0.0
4942,11,0,11,0.0,1.0,0.0
4943,11,1,10,0.09090909090909091,0.9090909090909091,0.4394969869215134
4944,11,0,11,0.0,1.0,0.0
4945,11,1,10,0.09090909090909091,0.9090909090909091,0.4394969869215134
4946,11,2,9,0.18181818181818182,0.8181818181818182,0.6840384356390418
4947,11,1,10,0.09090909090909091,0.9090909090909091,0.4394969869215134
4948,11,1,10,0.09090909090909091,0.9090909090909091,0.4394969869215134
4949,11,1,10,0.09090909090909091,0.9090909090909091,0.4394969869215134
4950,11,0,11,0.0,1.0,0.0
4951,11,3,8,0.2727272727272727,0.7272727272727273,0.8453509366224364
4952,11,1,10,0.09090909090909091,0.9090909090909091,0.4394969869215134
4953,11,0,11,0.0,1.0,0.0
4954,11,3,8,0.2727272727272727,0.7272727272727273,0.8453509366224364
4955,11,3,8,0.2727272727272727,0.7272727272727273,0.8453509366224364
4956,11,2,9,0.18181818181818182,0.8181818181818182,0.6840384356390418
4957,11,2,9,0.18181818181818182,0.8181818181818182,0.6840384356390418
4958,11,0,11,0.0,1.0,0.0
4959,11,2,9,0.18181818181818182,0.8181818181818182,0.6840384356390418
4960,11,1,10,0.09090909090909091,0.9090909090909091,0.4394969869215134
4961,11,1,10,0.09090909090909091,0.9090909090909091,0.4394969869215134
4962,11,1,10,0.09090909090909091,0.9090909090909091,0.4394969869215134
4963,11,2,9,0.18181818181818182,0.8181818181818182,0.6840384356390418
4964,11,4,7,0.36363636363636365,0.6363636363636364,0.9456603046006401
4965,11,0,11,0.0,1.0,0.0
4966,11,1,10,0.09090909090909091,0.9090909090909091,0.4394969869215134
4967,11,1,10,0.09090909090909091,0.9090909090909091,0.4394969869215134
4968,11,1,10,0.09090909090909091,0.9090909090909091,0.4394969869215134
4969,11,0,11,0.0,1.0,0.0
4970,11,1,10,0.09090909090909091,0.9090909090909091,0.4394969869215134
4971,11,0,11,0.0,1.0,0.0
4972,11,0,11,0.0,1.0,0.0
4973,11,1,10,0.09090909090909091,0.9090909090909091,0.4394969869215134
4974,11,2,9,0.18181818181818182,0.8181818181818182,0.6840384356390418
4975,11,2,9,0.18181818181818182,0.8181818181818182,0.6840384356390418
4976,11,2,9,0.18181818181818182,0.8181818181818182,0.6840384356390418
4977,11,2,9,0.18181818181818182,0.8181818181818182,0.6840384356390418
4978,11,2,9,0.18181818181818182,0.8181818181818182,0.6840384356390418
4979,11,3,8,0.2727272727272727,0.7272727272727273,0.8453509366224364
4980,11,2,9,0.18181818181818182,0.8181818181818182,0.6840384356390418
4981,11,1,10,0.09090909090909091,0.9090909090909091,0.4394969869215134
4982,11,2,9,0.18181818181818182,0.8181818181818182,0.6840384356390418
4983,11,0,11,0.0,1.0,0.0
4984,11,2,9,0.18181818181818182,0.8181818181818182,0.6840384356390418
4985,11,1,10,0.09090909090909091,0.9090909090909091,0.4394969869215134
4986,11,1,10,0.09090909090909091,0.9090909090909091,0.4394969869215134
4987,11,3,8,0.2727272727272727,0.7272727272727273,0.8453509366224364
4988,11,1,10,0.09090909090909091,0.9090909090909091,0.4394969869215134
4989,11,1,10,0.09090909090909091,0.9090909090909091,0.4394969869215134
4990,11,1,10,0.09090909090909091,0.9090909090909091,0.4394969869215134
4991,11,3,8,0.2727272727272727,0.7272727272727273,0.8453509366224364
4992,11,3,8,0.2727272727272727,0.7272727272727273,0.8453509366224364
4993,11,2,9,0.18181818181818182,0.8181818181818182,0.6840384356390418
4994,11,3,8,0.2727272727272727,0.7272727272727273,0.8453509366224364
4995,11,1,10,0.09090909090909091,0.9090909090909091,0.4394969869215134
4996,11,1,10,0.09090909090909091,0.9090909090909091,0.4394969869215134
4997,11,2,9,0.18181818181818182,0.8181818181818182,0.6840384356390418
4998,11,1,10,0.09090909090909091,0.9090909090909091,0.4394969869215134
4999,11,1,10,0.09090909090909091,0.9090909090909091,0.4394969869215134
5000,11,3,8,0.2727272727272727,0.7272727272727273,0.8453509366224364
5001,11,1,10,0.09090909090909091,0.9090909090909091,0.4394969869215134
5002,11,1,10,0.09090909090909091,0.9090909090909091,0.4394969869215134
5003,11,0,11,0.0,1.0,0.0
5004,11,2,9,0.18181818181818182,0.8181818181818182,0.6840384356390418
5005,11,2,9,0.18181818181818182,0.8181818181818182,0.6840384356390418
5006,11,0,11,0.0,1.0,0.0
5007,11,2,9,0.18181818181818182,0.8181818181818182,0.6840384356390418
5008,11,3,8,0.2727272727272727,0.7272727272727273,0.8453509366224364
5009,11,2,9,0.18181818181818182,0.8181818181818182,0.6840384356390418
5010,11,3,8,0.2727272727272727,0.7272727272727273,0.8453509366224364
5011,11,1,10,0.09090909090909091,0.9090909090909091,0.4394969869215134
5012,11,2,9,0.18181818181818182,0.8181818181818182,0.6840384356390418
5013,11,0,11,0.0,1.0,0.0
5014,11,0,11,0.0,1.0,0.0
5015,11,1,10,0.09090909090909091,0.9090909090909091,0.4394969869215134
5016,11,2,9,0.18181818181818182,0.8181818181818182,0.6840384356390418
5017,11,3,8,0.2727272727272727,0.7272727272727273,0.8453509366224364
5018,11,2,9,0.18181818181818182,0.8181818181818182,0.6840384356390418
5019,11,1,10,0.09090909090909091,0.9090909090909091,0.4394969869215134
5020,11,1,10,0.09090909090909091,0.9090909090909091,0.4394969869215134
5021,11,1,10,0.09090909090909091,0.9090909090909091,0.4394969869215134
5022,11,0,11,0.0,1.0,0.0
5023,11,1,10,0.09090909090909091,0.9090909090909091,0.4394969869215134
5024,11,1,10,0.09090909090909091,0.9090909090909091,0.4394969869215134
5025,11,0,11,0.0,1.0,0.0
5026,11,0,11,0.0,1.0,0.0
5027,11,2,9,0.18181818181818182,0.8181818181818182,0.6840384356390418
5028,11,2,9,0.18181818181818182,0.8181818181818182,0.6840384356390418
5029,11,3,8,0.2727272727272727,0.7272727272727273,0.8453509366224364
5030,11,0,11,0.0,1.0,0.0
5031,11,2,9,0.18181818181818182,0.8181818181818182,0.6840384356390418
5032,11,2,9,0.18181818181818182,0.8181818181818182,0.6840384356390418
5033,11,2,9,0.18181818181818182,0.8181818181818182,0.6840384356390418
5034,11,1,10,0.09090909090909091,0.9090909090909091,0.4394969869215134
5035,11,2,9,0.18181818181818182,0.8181818181818182,0.6840384356390418
5036,11,2,9,0.18181818181818182,0.8181818181818182,0.6840384356390418
5037,11,0,11,0.0,1.0,0.0
5038,11,5,6,0.45454545454545453,0.5454545454545454,0.9940302114769565
5039,11,3,8,0.2727272727272727,0.7272727272727273,0.8453509366224364
5040,11,2,9,0.18181818181818182,0.8181818181818182,0.6840384356390418
5041,11,1,10,0.09090909090909091,0.9090909090909091,0.4394969869215134
5042,11,1,10,0.09090909090909091,0.9090909090909091,0.4394969869215134
5043,11,2,9,0.18181818181818182,0.8181818181818182,0.6840384356390418
5044,11,4,7,0.36363636363636365,0.6363636363636364,0.9456603046006401
5045,11,2,9,0.18181818181818182,0.8181818181818182,0.6840384356390418
5046,11,2,9,0.18181818181818182,0.8181818181818182,0.6840384356390418
5047,11,0,11,0.0,1.0,0.0
5048,11,1,10,0.09090909090909091,0.9090909090909091,0.4394969869215134
5049,11,2,9,0.18181818181818182,0.8181818181818182,0.6840384356390418
5050,11,2,9,0.18181818181818182,0.8181818181818182,0.6840384356390418
5051,11,1,10,0.09090909090909091,0.9090909090909091,0.4394969869215134
5052,11,1,10,0.09090909090909091,0.9090909090909091,0.4394969869215134
5053,11,0,11,0.0,1.0,0.0
5054,11,1,10,0.09090909090909091,0.9090909090909091,0.4394969869215134
5055,11,1,10,0.09090909090909091,0.9090909090909091,0.4394969869215134
5056,11,0,11,0.0,1.0,0.0
5057,11,1,10,0.09090909090909091,0.9090909090909091,0.4394969869215134
5058,11,5,6,0.45454545454545453,0.5454545454545454,0.9940302114769565
5059,11,1,10,0.09090909090909091,0.9090909090909091,0.4394969869215134
5060,11,3,8,0.2727272727272727,0.7272727272727273,0.8453509366224364
5061,11,3,8,0.2727272727272727,0.7272727272727273,0.8453509366224364
5062,11,3,8,0.2727272727272727,0.7272727272727273,0.8453509366224364
5063,11,2,9,0.18181818181818182,0.8181818181818182,0.6840384356390418
5064,11,3,8,0.2727272727272727,0.7272727272727273,0.8453509366224364
5065,11,0,11,0.0,1.0,0.0
5066,11,1,10,0.09090909090909091,0.9090909090909091,0.4394969869215134
5067,11,2,9,0.18181818181818182,0.8181818181818182,0.6840384356390418
5068,11,1,10,0.09090909090909091,0.9090909090909091,0.4394969869215134
5069,11,0,11,0.0,1.0,0.0
5070,11,2,9,0.18181818181818182,0.8181818181818182,0.6840384356390418
5071,11,2,9,0.18181818181818182,0.8181818181818182,0.6840384356390418
5072,11,0,11,0.0,1.0,0.0
5073,11,1,10,0.09090909090909091,0.9090909090909091,0.4394969869215134
5074,11,0,11,0.0,1.0,0.0
5075,11,0,11,0.0,1.0,0.0
5076,11,1,10,0.09090909090909091,0.9090909090909091,0.4394969869215134
5077,11,1,10,0.09090909090909091,0.9090909090909091,0.4394969869215134
5078,11,1,10,0.09090909090909091,0.9090909090909091,0.4394969869215134
5079,11,0,11,0.0,1.0,0.0
5080,11,2,9,0.18181818181818182,0.8181818181818182,0.6840384356390418
5081,11,1,10,0.09090909090909091,0.9090909090909091,0.4394969869215134
5082,11,2,9,0.18181818181818182,0.8181818181818182,0.6840384356390418
5083,11,1,10,0.09090909090909091,0.9090909090909091,0.4394969869215134
5084,11,3,8,0.2727272727272727,0.7272727272727273,0.8453509366224364
5085,11,2,9,0.18181818181818182,0.8181818181818182,0.6840384356390418
5086,11,1,10,0.09090909090909091,0.9090909090909091,0.4394969869215134
5087,11,1,10,0.09090909090909091,0.9090909090909091,0.4394969869215134
5088,11,2,9,0.18181818181818182,0.8181818181818182,0.6840384356390418
5089,11,1,10,0.09090909090909091,0.9090909090909091,0.4394969869215134
5090,11,2,9,0.18181818181818182,0.8181818181818182,0.6840384356390418
5091,11,4,7,0.36363636363636365,0.6363636363636364,0.9456603046006401
5092,11,2,9,0.18181818181818182,0.8181818181818182,0.6840384356390418
5093,11,1,10,0.09090909090909091,0.9090909090909091,0.4394969869215134
5094,11,1,10,0.09090909090909091,0.9090909090909091,0.4394969869215134
5095,11,1,10,0.09090909090909091,0.9090909090909091,0.4394969869215134
5096,11,2,9,0.18181818181818182,0.8181818181818182,0.6840384356390418
5097,11,2,9,0.18181818181818182,0.8181818181818182,0.6840384356390418
5098,11,3,8,0.2727272727272727,0.7272727272727273,0.8453509366224364
5099,11,1,10,0.09090909090909091,0.9090909090909091,0.4394969869215134
5100,11,1,10,0.09090909090909091,0.9090909090909091,0.4394969869215134
5101,11,0,11,0.0,1.0,0.0
5102,11,2,9,0.18181818181818182,0.8181818181818182,0.6840384356390418
5103,11,2,9,0.18181818181818182,0.8181818181818182,0.6840384356390418
5104,11,6,5,0.5454545454545454,0.45454545454545453,0.9940302114769565
5105,11,0,11,0.0,1.0,0.0
5106,11,3,8,0.2727272727272727,0.7272727272727273,0.8453509366224364
5107,11,1,10,0.09090909090909091,0.9090909090909091,0.4394969869215134
5108,11,3,8,0.2727272727272727,0.7272727272727273,0.8453509366224364
5109,11,0,11,0.0,1.0,0.0
5110,11,1,10,0.09090909090909091,0.9090909090909091,0.4394969869215134
5111,11,2,9,0.18181818181818182,0.8181818181818182,0.6840384356390418
5112,11,4,7,0.36363636363636365,0.6363636363636364,0.9456603046006401
5113,11,3,8,0.2727272727272727,0.7272727272727273,0.8453509366224364
5114,11,1,10,0.09090909090909091,0.9090909090909091,0.4394969869215134
5115,11,2,9,0.18181818181818182,0.8181818181818182,0.6840384356390418
5116,11,4,7,0.36363636363636365,0.6363636363636364,0.9456603046006401
5117,11,3,8,0.2727272727272727,0.7272727272727273,0.8453509366224364
5118,11,0,11,0.0,1.0,0.0
5119,11,1,10,0.09090909090909091,0.9090909090909091,0.4394969869215134
5120,11,3,8,0.2727272727272727,0.7272727272727273,0.8453509366224364
5121,11,1,10,0.09090909090909091,0.9090909090909091,0.4394969869215134
5122,11,2,9,0.18181818181818182,0.8181818181818182,0.6840384356390418
5123,11,1,10,0.09090909090909091,0.9090909090909091,0.4394969869215134
5124,11,0,11,0.0,1.0,0.0
5125,11,1,10,0.09090909090909091,0.9090909090909091,0.4394969869215134
5126,11,2,9,0.18181818181818182,0.8181818181818182,0.6840384356390418
5127,11,2,9,0.18181818181818182,0.8181818181818182,0.6840384356390418
5128,11,0,11,0.0,1.0,0.0
5129,11,3,8,0.2727272727272727,0.7272727272727273,0.8453509366224364
5130,11,1,10,0.09090909090909091,0.9090909090909091,0.4394969869215134
5131,11,2,9,0.18181818181818182,0.8181818181818182,0.6840384356390418
5132,11,3,8,0.2727272727272727,0.7272727272727273,0.8453509366224364
5133,11,1,10,0.09090909090909091,0.9090909090909091,0.4394969869215134
5134,11,1,10,0.09090909090909091,0.9090909090909091,0.4394969869215134
5135,11,1,10,0.09090909090909091,0.9090909090909091,0.4394969869215134
5136,11,2,9,0.18181818181818182,0.8181818181818182,0.6840384356390418
5137,11,1,10,0.09090909090909091,0.9090909090909091,0.4394969869215134
5138,11,2,9,0.18181818181818182,0.8181818181818182,0.6840384356390418
5139,11,3,8,0.2727272727272727,0.7272727272727273,0.8453509366224364
5140,11,2,9,0.18181818181818182,0.8181818181818182,0.6840384356390418
5141,11,1,10,0.09090909090909091,0.9090909090909091,0.4394969869215134
5142,11,5,6,0.45454545454545453,0.5454545454545454,0.9940302114769565
5143,11,1,10,0.09090909090909091,0.9090909090909091,0.4394969869215134
5144,11,0,11,0.0,1.0,0.0
5145,11,1,10,0.09090909090909091,0.9090909090909091,0.4394969869215134
5146,11,2,9,0.18181818181818182,0.8181818181818182,0.6840384356390418
5147,11,0,11,0.0,1.0,0.0
5148,11,2,9,0.18181818181818182,0.8181818181818182,0.6840384356390418
5149,11,2,9,0.18181818181818182,0.8181818181818182,0.6840384356390418
5150,11,0,11,0.0,1.0,0.0
5151,11,2,9,0.18181818181818182,0.8181818181818182,0.6840384356390418
5152,11,1,10,0.09090909090909091,0.9090909090909091,0.4394969869215134
5153,11,2,9,0.18181818181818182,0.8181818181818182,0.6840384356390418
5154,11,0,11,0.0,1.0,0.0
5155,11,2,9,0.18181818181818182,0.8181818181818182,0.6840384356390418
5156,11,1,10,0.09090909090909091,0.9090909090909091,0.4394969869215134
5157,11,4,7,0.36363636363636365,0.6363636363636364,0.9456603046006401
5158,11,1,10,0.09090909090909091,0.9090909090909091,0.4394969869215134
5159,11,1,10,0.09090909090909091,0.9090909090909091,0.4394969869215134
5160,11,4,7,0.36363636363636365,0.6363636363636364,0.9456603046006401
5161,11,2,9,0.18181818181818182,0.8181818181818182,0.6840384356390418
5162,11,5,6,0.45454545454545453,0.5454545454545454,0.9940302114769565
5163,11,2,9,0.18181818181818182,0.8181818181818182,0.6840384356390418
5164,11,0,11,0.0,1.0,0.0
5165,11,2,9,0.18181818181818182,0.8181818181818182,0.6840384356390418
5166,11,3,8,0.2727272727272727,0.7272727272727273,0.8453509366224364
5167,11,0,11,0.0,1.0,0.0
5168,11,1,10,0.09090909090909091,0.9090909090909091,0.4394969869215134
5169,11,4,7,0.36363636363636365,0.6363636363636364,0.9456603046006401
5170,11,2,9,0.18181818181818182,0.8181818181818182,0.6840384356390418
5171,11,1,10,0.09090909090909091,0.9090909090909091,0.4394969869215134
5172,11,1,10,0.09090909090909091,0.9090909090909091,0.4394969869215134
5173,11,1,10,0.09090909090909091,0.9090909090909091,0.4394969869215134
5174,11,1,10,0.09090909090909091,0.9090909090909091,0.4394969869215134
5175,11,1,10,0.09090909090909091,0.9090909090909091,0.4394969869215134
5176,11,3,8,0.2727272727272727,0.7272727272727273,0.8453509366224364
5177,11,1,10,0.09090909090909091,0.9090909090909091,0.4394969869215134
5178,11,1,10,0.09090909090909091,0.9090909090909091,0.4394969869215134
5179,11,0,11,0.0,1.0,0.0
5180,11,2,9,0.18181818181818182,0.8181818181818182,0.6840384356390418
5181,11,1,10,0.09090909090909091,0.9090909090909091,0.4394969869215134
5182,11,2,9,0.18181818181818182,0.8181818181818182,0.6840384356390418
5183,11,2,9,0.18181818181818182,0.8181818181818182,0.6840384356390418
5184,11,3,8,0.2727272727272727,0.7272727272727273,0.8453509366224364
5185,11,1,10,0.09090909090909091,0.9090909090909091,0.4394969869215134
5186,11,1,10,0.09090909090909091,0.9090909090909091,0.4394969869215134
5187,11,1,10,0.09090909090909091,0.9090909090909091,0.4394969869215134
5188,11,1,10,0.09090909090909091,0.9090909090909091,0.4394969869215134
5189,11,3,8,0.2727272727272727,0.7272727272727273,0.8453509366224364
5190,11,0,11,0.0,1.0,0.0
5191,11,1,10,0.09090909090909091,0.9090909090909091,0.4394969869215134
5192,11,0,11,0.0,1.0,0.0
5193,11,3,8,0.2727272727272727,0.7272727272727273,0.8453509366224364
5194,11,0,11,0.0,1.0,0.0
5195,11,3,8,0.2727272727272727,0.7272727272727273,0.8453509366224364
5196,11,1,10,0.09090909090909091,0.9090909090909091,0.4394969869215134
5197,11,1,10,0.09090909090909091,0.9090909090909091,0.4394969869215134
5198,11,0,11,0.0,1.0,0.0
5199,11,2,9,0.18181818181818182,0.8181818181818182,0.6840384356390418
5200,11,2,9,0.18181818181818182,0.8181818181818182,0.6840384356390418
5201,11,2,9,0.18181818181818182,0.8181818181818182,0.6840384356390418
5202,11,3,8,0.2727272727272727,0.7272727272727273,0.8453509366224364
5203,11,3,8,0.2727272727272727,0.7272727272727273,0.8453509366224364
5204,11,2,9,0.18181818181818182,0.8181818181818182,0.6840384356390418
5205,11,2,9,0.18181818181818182,0.8181818181818182,0.6840384356390418
5206,11,2,9,0.18181818181818182,0.8181818181818182,0.6840384356390418
5207,11,0,11,0.0,1.0,0.0
5208,11,1,10,0.09090909090909091,0.9090909090909091,0.4394969869215134
5209,11,2,9,0.18181818181818182,0.8181818181818182,0.6840384356390418
5210,11,2,9,0.18181818181818182,0.8181818181818182,0.6840384356390418
5211,11,1,10,0.09090909090909091,0.9090909090909091,0.4394969869215134
5212,11,2,9,0.18181818181818182,0.8181818181818182,0.6840384356390418
5213,11,2,9,0.18181818181818182,0.8181818181818182,0.6840384356390418
5214,11,2,9,0.18181818181818182,0.8181818181818182,0.6840384356390418
5215,11,4,7,0.36363636363636365,0.6363636363636364,0.9456603046006401
5216,11,0,11,0.0,1.0,0.0
5217,11,2,9,0.18181818181818182,0.8181818181818182,0.6840384356390418
5218,11,3,8,0.2727272727272727,0.7272727272727273,0.8453509366224364
5219,11,1,10,0.09090909090909091,0.9090909090909091,0.4394969869215134
5220,11,1,10,0.09090909090909091,0.9090909090909091,0.4394969869215134
5221,11,0,11,0.0,1.0,0.0
5222,11,0,11,0.0,1.0,0.0
5223,11,4,7,0.36363636363636365,0.6363636363636364,0.9456603046006401
5224,11,0,11,0.0,1.0,0.0
5225,11,1,10,0.09090909090909091,0.9090909090909091,0.4394969869215134
5226,11,0,11,0.0,1.0,0.0
5227,11,1,10,0.09090909090909091,0.9090909090909091,0.4394969869215134
5228,11,0,11,0.0,1.0,0.0
5229,11,1,10,0.09090909090909091,0.9090909090909091,0.4394969869215134
5230,11,1,10,0.09090909090909091,0.9090909090909091,0.4394969869215134
5231,11,2,9,0.18181818181818182,0.8181818181818182,0.6840384356390418
5232,11,4,7,0.36363636363636365,0.6363636363636364,0.9456603046006401
5233,11,3,8,0.2727272727272727,0.7272727272727273,0.8453509366224364
5234,11,3,8,0.2727272727272727,0.7272727272727273,0.8453509366224364
5235,11,1,10,0.09090909090909091,0.9090909090909091,0.4394969869215134
5236,11,2,9,0.18181818181818182,0.8181818181818182,0.6840384356390418
5237,11,3,8,0.2727272727272727,0.7272727272727273,0.8453509366224364
5238,11,2,9,0.18181818181818182,0.8181818181818182,0.6840384356390418
5239,11,1,10,0.09090909090909091,0.9090909090909091,0.4394969869215134
5240,11,2,9,0.18181818181818182,0.8181818181818182,0.6840384356390418
5241,11,2,9,0.18181818181818182,0.8181818181818182,0.6840384356390418
5242,11,1,10,0.09090909090909091,0.9090909090909091,0.4394969869215134
5243,11,2,9,0.18181818181818182,0.8181818181818182,0.6840384356390418
5244,11,2,9,0.18181818181818182,0.8181818181818182,0.6840384356390418
5245,11,2,9,0.18181818181818182,0.8181818181818182,0.6840384356390418
5246,11,1,10,0.09090909090909091,0.9090909090909091,0.4394969869215134
5247,11,2,9,0.18181818181818182,0.8181818181818182,0.6840384356390418
5248,11,3,8,0.2727272727272727,0.7272727272727273,0.8453509366224364
5249,11,1,10,0.09090909090909091,0.9090909090909091,0.4394969869215134
5250,11,1,10,0.09090909090909091,0.9090909090909091,0.4394969869215134
5251,11,4,7,0.36363636363636365,0.6363636363636364,0.9456603046006401
5252,11,3,8,0.2727272727272727,0.7272727272727273,0.8453509366224364
5253,11,3,8,0.2727272727272727,0.7272727272727273,0.8453509366224364
5254,11,2,9,0.18181818181818182,0.8181818181818182,0.6840384356390418
5255,11,3,8,0.2727272727272727,0.7272727272727273,0.8453509366224364
5256,11,2,9,0.18181818181818182,0.8181818181818182,0.6840384356390418
5257,11,1,10,0.09090909090909091,0.9090909090909091,0.4394969869215134
5258,11,4,7,0.36363636363636365,0.6363636363636364,0.9456603046006401
5259,11,0,11,0.0,1.0,0.0
5260,11,0,11,0.0,1.0,0.0
5261,11,2,9,0.18181818181818182,0.8181818181818182,0.6840384356390418
5262,11,1,10,0.09090909090909091,0.9090909090909091,0.4394969869215134
5263,11,1,10,0.09090909090909091,0.9090909090909091,0.4394969869215134
5264,11,3,8,0.2727272727272727,0.7272727272727273,0.8453509366224364
5265,11,2,9,0.18181818181818182,0.8181818181818182,0.6840384356390418
5266,11,3,8,0.2727272727272727,0.7272727272727273,0.8453509366224364
5267,11,1,10,0.09090909090909091,0.9090909090909091,0.4394969869215134
5268,11,2,9,0.18181818181818182,0.8181818181818182,0.6840384356390418
5269,11,2,9,0.18181818181818182,0.8181818181818182,0.6840384356390418
5270,11,2,9,0.18181818181818182,0.8181818181818182,0.6840384356390418
5271,11,1,10,0.09090909090909091,0.9090909090909091,0.4394969869215134
5272,11,2,9,0.18181818181818182,0.8181818181818182,0.6840384356390418
5273,11,2,9,0.18181818181818182,0.8181818181818182,0.6840384356390418
5274,11,0,11,0.0,1.0,0.0
5275,11,0,11,0.0,1.0,0.0
5276,11,2,9,0.18181818181818182,0.8181818181818182,0.6840384356390418
5277,11,1,10,0.09090909090909091,0.9090909090909091,0.4394969869215134
5278,11,3,8,0.2727272727272727,0.7272727272727273,0.8453509366224364
5279,11,1,10,0.09090909090909091,0.9090909090909091,0.4394969869215134
5280,11,2,9,0.18181818181818182,0.8181818181818182,0.6840384356390418
5281,11,0,11,0.0,1.0,0.0
5282,11,4,7,0.36363636363636365,0.6363636363636364,0.9456603046006401
5283,11,0,11,0.0,1.0,0.0
5284,11,6,5,0.5454545454545454,0.45454545454545453,0.9940302114769565
5285,11,1,10,0.09090909090909091,0.9090909090909091,0.4394969869215134
5286,11,4,7,0.36363636363636365,0.6363636363636364,0.9456603046006401
5287,11,0,11,0.0,1.0,0.0
5288,11,1,10,0.09090909090909091,0.9090909090909091,0.4394969869215134
5289,11,1,10,0.09090909090909091,0.9090909090909091,0.4394969869215134
5290,11,1,10,0.09090909090909091,0.9090909090909091,0.4394969869215134
5291,11,1,10,0.09090909090909091,0.9090909090909091,0.4394969869215134
5292,11,2,9,0.18181818181818182,0.8181818181818182,0.6840384356390418
5293,11,2,9,0.18181818181818182,0.8181818181818182,0.6840384356390418
5294,11,5,6,0.45454545454545453,0.5454545454545454,0.9940302114769565
5295,11,1,10,0.09090909090909091,0.9090909090909091,0.4394969869215134
5296,11,2,9,0.18181818181818182,0.8181818181818182,0.6840384356390418
5297,11,1,10,0.09090909090909091,0.9090909090909091,0.4394969869215134
5298,11,1,10,0.09090909090909091,0.9090909090909091,0.4394969869215134
5299,11,2,9,0.18181818181818182,0.8181818181818182,0.6840384356390418
5300,11,2,9,0.18181818181818182,0.8181818181818182,0.6840384356390418
5301,11,0,11,0.0,1.0,0.0
5302,11,0,11,0.0,1.0,0.0
5303,11,0,11,0.0,1.0,0.0
5304,11,2,9,0.18181818181818182,0.8181818181818182,0.6840384356390418
5305,11,3,8,0.2727272727272727,0.7272727272727273,0.8453509366224364
5306,11,1,10,0.09090909090909091,0.9090909090909091,0.4394969869215134
5307,11,0,11,0.0,1.0,0.0
5308,11,1,10,0.09090909090909091,0.9090909090909091,0.4394969869215134
5309,11,2,9,0.18181818181818182,0.8181818181818182,0.6840384356390418
5310,11,1,10,0.09090909090909091,0.9090909090909091,0.4394969869215134
5311,11,1,10,0.09090909090909091,0.9090909090909091,0.4394969869215134
5312,11,2,9,0.18181818181818182,0.8181818181818182,0.6840384356390418
5313,11,0,11,0.0,1.0,0.0
5314,11,1,10,0.09090909090909091,0.9090909090909091,0.4394969869215134
5315,11,0,11,0.0,1.0,0.0
5316,11,1,10,0.09090909090909091,0.9090909090909091,0.4394969869215134
5317,11,1,10,0.09090909090909091,0.9090909090909091,0.4394969869215134
5318,11,1,10,0.09090909090909091,0.9090909090909091,0.4394969869215134
5319,11,4,7,0.36363636363636365,0.6363636363636364,0.9456603046006401
5320,11,0,11,0.0,1.0,0.0
5321,11,1,10,0.09090909090909091,0.9090909090909091,0.4394969869215134
5322,11,2,9,0.18181818181818182,0.8181818181818182,0.6840384356390418
5323,11,4,7,0.36363636363636365,0.6363636363636364,0.9456603046006401
5324,11,0,11,0.0,1.0,0.0
5325,11,2,9,0.18181818181818182,0.8181818181818182,0.6840384356390418
5326,11,0,11,0.0,1.0,0.0
5327,11,0,11,0.0,1.0,0.0
5328,11,1,10,0.09090909090909091,0.9090909090909091,0.4394969869215134
5329,11,1,10,0.09090909090909091,0.9090909090909091,0.4394969869215134
5330,11,1,10,0.09090909090909091,0.9090909090909091,0.4394969869215134
5331,11,0,11,0.0,1.0,0.0
5332,11,1,10,0.09090909090909091,0.9090909090909091,0.4394969869215134
5333,11,0,11,0.0,1.0,0.0
5334,11,1,10,0.09090909090909091,0.9090909090909091,0.4394969869215134
5335,11,3,8,0.2727272727272727,0.7272727272727273,0.8453509366224364
5336,11,0,11,0.0,1.0,0.0
5337,11,0,11,0.0,1.0,0.0
5338,11,1,10,0.09090909090909091,0.9090909090909091,0.4394969869215134
5339,11,2,9,0.18181818181818182,0.8181818181818182,0.6840384356390418
5340,11,3,8,0.2727272727272727,0.7272727272727273,0.8453509366224364
5341,11,0,11,0.0,1.0,0.0
5342,11,1,10,0.09090909090909091,0.9090909090909091,0.4394969869215134
5343,11,1,10,0.09090909090909091,0.9090909090909091,0.4394969869215134
5344,11,1,10,0.09090909090909091,0.9090909090909091,0.4394969869215134
5345,11,0,11,0.0,1.0,0.0
5346,11,3,8,0.2727272727272727,0.7272727272727273,0.8453509366224364
5347,11,2,9,0.18181818181818182,0.8181818181818182,0.6840384356390418
5348,11,2,9,0.18181818181818182,0.8181818181818182,0.6840384356390418
5349,11,1,10,0.09090909090909091,0.9090909090909091,0.4394969869215134
5350,11,2,9,0.18181818181818182,0.8181818181818182,0.6840384356390418
5351,11,3,8,0.2727272727272727,0.7272727272727273,0.8453509366224364
5352,11,1,10,0.09090909090909091,0.9090909090909091,0.4394969869215134
5353,11,0,11,0.0,1.0,0.0
5354,11,1,10,0.09090909090909091,0.9090909090909091,0.4394969869215134
5355,11,2,9,0.18181818181818182,0.8181818181818182,0.6840384356390418
5356,11,1,10,0.09090909090909091,0.9090909090909091,0.4394969869215134
5357,11,1,10,0.09090909090909091,0.9090909090909091,0.4394969869215134
5358,11,0,11,0.0,1.0,0.0
5359,11,1,10,0.09090909090909091,0.9090909090909091,0.4394969869215134
5360,11,1,10,0.09090909090909091,0.9090909090909091,0.4394969869215134
5361,11,0,11,0.0,1.0,0.0
5362,11,1,10,0.09090909090909091,0.9090909090909091,0.4394969869215134
5363,11,2,9,0.18181818181818182,0.8181818181818182,0.6840384356390418
5364,11,0,11,0.0,1.0,0.0
5365,11,1,10,0.09090909090909091,0.9090909090909091,0.4394969869215134
5366,11,1,10,0.09090909090909091,0.9090909090909091,0.4394969869215134
5367,11,1,10,0.09090909090909091,0.9090909090909091,0.4394969869215134
5368,11,5,6,0.45454545454545453,0.5454545454545454,0.9940302114769565
5369,11,0,11,0.0,1.0,0.0
5370,11,2,9,0.18181818181818182,0.8181818181818182,0.6840384356390418
5371,11,0,11,0.0,1.0,0.0
5372,11,2,9,0.18181818181818182,0.8181818181818182,0.6840384356390418
5373,11,2,9,0.18181818181818182,0.8181818181818182,0.6840384356390418
5374,11,2,9,0.18181818181818182,0.8181818181818182,0.6840384356390418
5375,11,1,10,0.09090909090909091,0.9090909090909091,0.4394969869215134
5376,11,1,10,0.09090909090909091,0.9090909090909091,0.4394969869215134
5377,11,6,5,0.5454545454545454,0.45454545454545453,0.9940302114769565
5378,11,1,10,0.09090909090909091,0.9090909090909091,0.4394969869215134
5379,11,2,9,0.18181818181818182,0.8181818181818182,0.6840384356390418
5380,11,3,8,0.2727272727272727,0.7272727272727273,0.8453509366224364
5381,11,1,10,0.09090909090909091,0.9090909090909091,0.4394969869215134
5382,11,1,10,0.09090909090909091,0.9090909090909091,0.4394969869215134
5383,11,1,10,0.09090909090909091,0.9090909090909091,0.4394969869215134
5384,11,1,10,0.09090909090909091,0.9090909090909091,0.4394969869215134
5385,11,1,10,0.09090909090909091,0.9090909090909091,0.4394969869215134
5386,11,3,8,0.2727272727272727,0.7272727272727273,0.8453509366224364
5387,11,4,7,0.36363636363636365,0.6363636363636364,0.9456603046006401
5388,11,0,11,0.0,1.0,0.0
5389,11,4,7,0.36363636363636365,0.6363636363636364,0.9456603046006401
5390,11,0,11,0.0,1.0,0.0
5391,11,2,9,0.18181818181818182,0.8181818181818182,0.6840384356390418
5392,11,1,10,0.09090909090909091,0.9090909090909091,0.4394969869215134
5393,11,2,9,0.18181818181818182,0.8181818181818182,0.6840384356390418
5394,11,2,9,0.18181818181818182,0.8181818181818182,0.6840384356390418
5395,11,2,9,0.18181818181818182,0.8181818181818182,0.6840384356390418
5396,11,2,9,0.18181818181818182,0.8181818181818182,0.6840384356390418
5397,11,3,8,0.2727272727272727,0.7272727272727273,0.8453509366224364
5398,11,0,11,0.0,1.0,0.0
5399,11,2,9,0.18181818181818182,0.8181818181818182,0.6840384356390418
5400,11,1,10,0.09090909090909091,0.9090909090909091,0.4394969869215134
5401,11,2,9,0.18181818181818182,0.8181818181818182,0.6840384356390418
5402,11,3,8,0.2727272727272727,0.7272727272727273,0.8453509366224364
5403,11,1,10,0.09090909090909091,0.9090909090909091,0.4394969869215134
5404,11,1,10,0.09090909090909091,0.9090909090909091,0.4394969869215134
5405,11,1,10,0.09090909090909091,0.9090909090909091,0.4394969869215134
5406,11,2,9,0.18181818181818182,0.8181818181818182,0.6840384356390418
5407,11,1,10,0.09090909090909091,0.9090909090909091,0.4394969869215134
5408,11,0,11,0.0,1.0,0.0
5409,11,1,10,0.09090909090909091,0.9090909090909091,0.4394969869215134
5410,11,2,9,0.18181818181818182,0.8181818181818182,0.6840384356390418
5411,11,2,9,0.18181818181818182,0.8181818181818182,0.6840384356390418
5412,11,2,9,0.18181818181818182,0.8181818181818182,0.6840384356390418
5413,11,1,10,0.09090909090909091,0.9090909090909091,0.4394969869215134
5414,11,2,9,0.18181818181818182,0.8181818181818182,0.6840384356390418
5415,11,3,8,0.2727272727272727,0.7272727272727273,0.8453509366224364
5416,11,0,11,0.0,1.0,0.0
5417,11,1,10,0.09090909090909091,0.9090909090909091,0.4394969869215134
5418,11,2,9,0.18181818181818182,0.8181818181818182,0.6840384356390418
5419,11,0,11,0.0,1.0,0.0
5420,11,2,9,0.18181818181818182,0.8181818181818182,0.6840384356390418
5421,11,1,10,0.09090909090909091,0.9090909090909091,0.4394969869215134
5422,11,0,11,0.0,1.0,0.0
5423,11,1,10,0.09090909090909091,0.9090909090909091,0.4394969869215134
5424,11,1,10,0.09090909090909091,0.9090909090909091,0.4394969869215134
5425,11,1,10,0.09090909090909091,0.9090909090909091,0.4394969869215134
5426,11,2,9,0.18181818181818182,0.8181818181818182,0.6840384356390418
5427,11,2,9,0.18181818181818182,0.8181818181818182,0.6840384356390418
5428,11,2,9,0.18181818181818182,0.8181818181818182,0.6840384356390418
5429,11,1,10,0.09090909090909091,0.9090909090909091,0.4394969869215134
5430,11,0,11,0.0,1.0,0.0
5431,11,1,10,0.09090909090909091,0.9090909090909091,0.4394969869215134
5432,11,1,10,0.09090909090909091,0.9090909090909091,0.4394969869215134
5433,11,2,9,0.18181818181818182,0.8181818181818182,0.6840384356390418
5434,11,3,8,0.2727272727272727,0.7272727272727273,0.8453509366224364
5435,11,2,9,0.18181818181818182,0.8181818181818182,0.6840384356390418
5436,11,1,10,0.09090909090909091,0.9090909090909091,0.4394969869215134
5437,11,1,10,0.09090909090909091,0.9090909090909091,0.4394969869215134
5438,11,3,8,0.2727272727272727,0.7272727272727273,0.8453509366224364
5439,11,0,11,0.0,1.0,0.0
5440,11,2,9,0.18181818181818182,0.8181818181818182,0.6840384356390418
5441,11,1,10,0.09090909090909091,0.9090909090909091,0.4394969869215134
5442,11,3,8,0.2727272727272727,0.7272727272727273,0.8453509366224364
5443,11,5,6,0.45454545454545453,0.5454545454545454,0.9940302114769565
5444,11,1,10,0.09090909090909091,0.9090909090909091,0.4394969869215134
5445,11,1,10,0.09090909090909091,0.9090909090909091,0.4394969869215134
5446,11,1,10,0.09090909090909091,0.9090909090909091,0.4394969869215134
5447,11,1,10,0.09090909090909091,0.9090909090909091,0.4394969869215134
5448,11,4,7,0.36363636363636365,0.6363636363636364,0.9456603046006401
5449,11,2,9,0.18181818181818182,0.8181818181818182,0.6840384356390418
5450,11,0,11,0.0,1.0,0.0
5451,11,0,11,0.0,1.0,0.0
5452,11,2,9,0.18181818181818182,0.8181818181818182,0.6840384356390418
5453,11,1,10,0.09090909090909091,0.9090909090909091,0.4394969869215134
5454,11,3,8,0.2727272727272727,0.7272727272727273,0.8453509366224364
5455,11,1,10,0.09090909090909091,0.9090909090909091,0.4394969869215134
5456,11,2,9,0.18181818181818182,0.8181818181818182,0.6840384356390418
5457,11,1,10,0.09090909090909091,0.9090909090909091,0.4394969869215134
5458,11,0,11,0.0,1.0,0.0
5459,11,5,6,0.45454545454545453,0.5454545454545454,0.9940302114769565
5460,11,1,10,0.09090909090909091,0.9090909090909091,0.4394969869215134
5461,11,1,10,0.09090909090909091,0.9090909090909091,0.4394969869215134
5462,11,1,10,0.09090909090909091,0.9090909090909091,0.4394969869215134
5463,11,3,8,0.2727272727272727,0.7272727272727273,0.8453509366224364
5464,11,1,10,0.09090909090909091,0.9090909090909091,0.4394969869215134
5465,11,1,10,0.09090909090909091,0.9090909090909091,0.4394969869215134
5466,11,2,9,0.18181818181818182,0.8181818181818182,0.6840384356390418
5467,11,3,8,0.2727272727272727,0.7272727272727273,0.8453509366224364
5468,11,5,6,0.45454545454545453,0.5454545454545454,0.9940302114769565
5469,11,1,10,0.09090909090909091,0.9090909090909091,0.4394969869215134
5470,11,1,10,0.09090909090909091,0.9090909090909091,0.4394969869215134
5471,11,0,11,0.0,1.0,0.0
5472,11,1,10,0.09090909090909091,0.9090909090909091,0.4394969869215134
5473,11,2,9,0.18181818181818182,0.8181818181818182,0.6840384356390418
5474,11,1,10,0.09090909090909091,0.9090909090909091,0.4394969869215134
5475,11,1,10,0.09090909090909091,0.9090909090909091,0.4394969869215134
5476,11,1,10,0.09090909090909091,0.9090909090909091,0.4394969869215134
5477,11,1,10,0.09090909090909091,0.9090909090909091,0.4394969869215134
5478,11,1,10,0.09090909090909091,0.9090909090909091,0.4394969869215134
5479,11,1,10,0.09090909090909091,0.9090909090909091,0.4394969869215134
5480,11,1,10,0.09090909090909091,0.9090909090909091,0.4394969869215134
5481,11,0,11,0.0,1.0,0.0
5482,11,3,8,0.2727272727272727,0.7272727272727273,0.8453509366224364
5483,11,2,9,0.18181818181818182,0.8181818181818182,0.6840384356390418
5484,11,0,11,0.0,1.0,0.0
5485,11,3,8,0.2727272727272727,0.7272727272727273,0.8453509366224364
5486,11,0,11,0.0,1.0,0.0
5487,11,1,10,0.09090909090909091,0.9090909090909091,0.4394969869215134
5488,11,2,9,0.18181818181818182,0.8181818181818182,0.6840384356390418
5489,11,4,7,0.36363636363636365,0.6363636363636364,0.9456603046006401
5490,11,1,10,0.09090909090909091,0.9090909090909091,0.4394969869215134
5491,11,0,11,0.0,1.0,0.0
5492,11,2,9,0.18181818181818182,0.8181818181818182,0.6840384356390418
5493,11,1,10,0.09090909090909091,0.9090909090909091,0.4394969869215134
5494,11,1,10,0.09090909090909091,0.9090909090909091,0.4394969869215134
5495,11,2,9,0.18181818181818182,0.8181818181818182,0.6840384356390418
5496,11,2,9,0.18181818181818182,0.8181818181818182,0.6840384356390418
5497,11,1,10,0.09090909090909091,0.9090909090909091,0.4394969869215134
5498,11,4,7,0.36363636363636365,0.6363636363636364,0.9456603046006401
5499,11,0,11,0.0,1.0,0.0
5500,11,3,8,0.2727272727272727,0.7272727272727273,0.8453509366224364
5501,11,3,8,0.2727272727272727,0.7272727272727273,0.8453509366224364
5502,11,1,10,0.09090909090909091,0.9090909090909091,0.4394969869215134
5503,11,1,10,0.09090909090909091,0.9090909090909091,0.4394969869215134
5504,11,1,10,0.09090909090909091,0.9090909090909091,0.4394969869215134
5505,11,1,10,0.09090909090909091,0.9090909090909091,0.4394969869215134
5506,11,3,8,0.2727272727272727,0.7272727272727273,0.8453509366224364
5507,11,2,9,0.18181818181818182,0.8181818181818182,0.6840384356390418
5508,11,3,8,0.2727272727272727,0.7272727272727273,0.8453509366224364
5509,11,3,8,0.2727272727272727,0.7272727272727273,0.8453509366224364
5510,11,2,9,0.18181818181818182,0.8181818181818182,0.6840384356390418
5511,11,2,9,0.18181818181818182,0.8181818181818182,0.6840384356390418
5512,11,1,10,0.09090909090909091,0.9090909090909091,0.4394969869215134
5513,11,2,9,0.18181818181818182,0.8181818181818182,0.6840384356390418
5514,11,3,8,0.2727272727272727,0.7272727272727273,0.8453509366224364
5515,11,1,10,0.09090909090909091,0.9090909090909091,0.4394969869215134
5516,11,1,10,0.09090909090909091,0.9090909090909091,0.4394969869215134
5517,11,4,7,0.36363636363636365,0.6363636363636364,0.9456603046006401
5518,11,2,9,0.18181818181818182,0.8181818181818182,0.6840384356390418
5519,11,2,9,0.18181818181818182,0.8181818181818182,0.6840384356390418
5520,11,4,7,0.36363636363636365,0.6363636363636364,0.9456603046006401
5521,11,1,10,0.09090909090909091,0.9090909090909091,0.4394969869215134
5522,11,2,9,0.18181818181818182,0.8181818181818182,0.6840384356390418
5523,11,4,7,0.36363636363636365,0.6363636363636364,0.9456603046006401
5524,11,0,11,0.0,1.0,0.0
5525,11,2,9,0.18181818181818182,0.8181818181818182,0.6840384356390418
5526,11,1,10,0.09090909090909091,0.9090909090909091,0.4394969869215134
5527,11,2,9,0.18181818181818182,0.8181818181818182,0.6840384356390418
5528,11,2,9,0.18181818181818182,0.8181818181818182,0.6840384356390418
5529,11,2,9,0.18181818181818182,0.8181818181818182,0.6840384356390418
5530,11,0,11,0.0,1.0,0.0
5531,11,2,9,0.18181818181818182,0.8181818181818182,0.6840384356390418
5532,11,1,10,0.09090909090909091,0.9090909090909091,0.4394969869215134
5533,11,2,9,0.18181818181818182,0.8181818181818182,0.6840384356390418
5534,11,1,10,0.09090909090909091,0.9090909090909091,0.4394969869215134
5535,11,1,10,0.09090909090909091,0.9090909090909091,0.4394969869215134
5536,11,2,9,0.18181818181818182,0.8181818181818182,0.6840384356390418
5537,11,0,11,0.0,1.0,0.0
5538,11,0,11,0.0,1.0,0.0
5539,11,3,8,0.2727272727272727,0.7272727272727273,0.8453509366224364
5540,11,0,11,0.0,1.0,0.0
5541,11,1,10,0.09090909090909091,0.9090909090909091,0.4394969869215134
5542,11,2,9,0.18181818181818182,0.8181818181818182,0.6840384356390418
5543,11,2,9,0.18181818181818182,0.8181818181818182,0.6840384356390418
5544,11,0,11,0.0,1.0,0.0
5545,11,5,6,0.45454545454545453,0.5454545454545454,0.9940302114769565
5546,11,3,8,0.2727272727272727,0.7272727272727273,0.8453509366224364
5547,11,2,9,0.18181818181818182,0.8181818181818182,0.6840384356390418
5548,11,1,10,0.09090909090909091,0.9090909090909091,0.4394969869215134
5549,11,0,11,0.0,1.0,0.0
5550,11,1,10,0.09090909090909091,0.9090909090909091,0.4394969869215134
5551,11,1,10,0.09090909090909091,0.9090909090909091,0.4394969869215134
5552,11,2,9,0.18181818181818182,0.8181818181818182,0.6840384356390418
5553,11,2,9,0.18181818181818182,0.8181818181818182,0.6840384356390418
5554,11,1,10,0.09090909090909091,0.9090909090909091,0.4394969869215134
5555,11,3,8,0.2727272727272727,0.7272727272727273,0.8453509366224364
5556,11,2,9,0.18181818181818182,0.8181818181818182,0.6840384356390418
5557,11,1,10,0.09090909090909091,0.9090909090909091,0.4394969869215134
5558,11,2,9,0.18181818181818182,0.8181818181818182,0.6840384356390418
5559,11,1,10,0.09090909090909091,0.9090909090909091,0.4394969869215134
5560,11,1,10,0.09090909090909091,0.9090909090909091,0.4394969869215134
5561,11,1,10,0.09090909090909091,0.9090909090909091,0.4394969869215134
5562,11,2,9,0.18181818181818182,0.8181818181818182,0.6840384356390418
5563,11,1,10,0.09090909090909091,0.9090909090909091,0.4394969869215134
5564,11,2,9,0.18181818181818182,0.8181818181818182,0.6840384356390418
5565,11,1,10,0.09090909090909091,0.9090909090909091,0.4394969869215134
5566,11,3,8,0.2727272727272727,0.7272727272727273,0.8453509366224364
5567,11,2,9,0.18181818181818182,0.8181818181818182,0.6840384356390418
5568,11,1,10,0.09090909090909091,0.9090909090909091,0.4394969869215134
5569,11,2,9,0.18181818181818182,0.8181818181818182,0.6840384356390418
5570,11,2,9,0.18181818181818182,0.8181818181818182,0.6840384356390418
5571,11,0,11,0.0,1.0,0.0
5572,11,0,11,0.0,1.0,0.0
5573,11,1,10,0.09090909090909091,0.9090909090909091,0.4394969869215134
5574,11,3,8,0.2727272727272727,0.7272727272727273,0.8453509366224364
5575,11,0,11,0.0,1.0,0.0
5576,11,0,11,0.0,1.0,0.0
5577,11,3,8,0.2727272727272727,0.7272727272727273,0.8453509366224364
5578,11,4,7,0.36363636363636365,0.6363636363636364,0.9456603046006401
5579,11,1,10,0.09090909090909091,0.9090909090909091,0.4394969869215134
5580,11,1,10,0.09090909090909091,0.9090909090909091,0.4394969869215134
5581,11,3,8,0.2727272727272727,0.7272727272727273,0.8453509366224364
5582,11,2,9,0.18181818181818182,0.8181818181818182,0.6840384356390418
5583,11,0,11,0.0,1.0,0.0
5584,11,0,11,0.0,1.0,0.0
5585,11,0,11,0.0,1.0,0.0
5586,11,1,10,0.09090909090909091,0.9090909090909091,0.4394969869215134
5587,11,2,9,0.18181818181818182,0.8181818181818182,0.6840384356390418
5588,11,1,10,0.09090909090909091,0.9090909090909091,0.4394969869215134
5589,11,2,9,0.18181818181818182,0.8181818181818182,0.6840384356390418
5590,11,1,10,0.09090909090909091,0.9090909090909091,0.4394969869215134
5591,11,1,10,0.09090909090909091,0.9090909090909091,0.4394969869215134
5592,11,0,11,0.0,1.0,0.0
5593,11,2,9,0.18181818181818182,0.8181818181818182,0.6840384356390418
5594,11,2,9,0.18181818181818182,0.8181818181818182,0.6840384356390418
5595,11,0,11,0.0,1.0,0.0
5596,11,2,9,0.18181818181818182,0.8181818181818182,0.6840384356390418
5597,11,3,8,0.2727272727272727,0.7272727272727273,0.8453509366224364
5598,11,2,9,0.18181818181818182,0.8181818181818182,0.6840384356390418
5599,11,1,10,0.09090909090909091,0.9090909090909091,0.4394969869215134
5600,11,2,9,0.18181818181818182,0.8181818181818182,0.6840384356390418
5601,11,1,10,0.09090909090909091,0.9090909090909091,0.4394969869215134
5602,11,2,9,0.18181818181818182,0.8181818181818182,0.6840384356390418
5603,11,0,11,0.0,1.0,0.0
5604,11,2,9,0.18181818181818182,0.8181818181818182,0.6840384356390418
5605,11,1,10,0.09090909090909091,0.9090909090909091,0.4394969869215134
5606,11,3,8,0.2727272727272727,0.7272727272727273,0.8453509366224364
5607,11,3,8,0.2727272727272727,0.7272727272727273,0.8453509366224364
5608,11,1,10,0.09090909090909091,0.9090909090909091,0.4394969869215134
5609,11,1,10,0.09090909090909091,0.9090909090909091,0.4394969869215134
5610,11,1,10,0.09090909090909091,0.9090909090909091,0.4394969869215134
5611,11,2,9,0.18181818181818182,0.8181818181818182,0.6840384356390418
5612,11,0,11,0.0,1.0,0.0
5613,11,0,11,0.0,1.0,0.0
5614,11,4,7,0.36363636363636365,0.6363636363636364,0.9456603046006401
5615,11,1,10,0.09090909090909091,0.9090909090909091,0.4394969869215134
5616,11,0,11,0.0,1.0,0.0
5617,11,3,8,0.2727272727272727,0.7272727272727273,0.8453509366224364
5618,11,1,10,0.09090909090909091,0.9090909090909091,0.4394969869215134
5619,11,2,9,0.18181818181818182,0.8181818181818182,0.6840384356390418
5620,11,1,10,0.09090909090909091,0.9090909090909091,0.4394969869215134
5621,11,1,10,0.09090909090909091,0.9090909090909091,0.4394969869215134
5622,11,4,7,0.36363636363636365,0.6363636363636364,0.9456603046006401
5623,11,0,11,0.0,1.0,0.0
5624,11,1,10,0.09090909090909091,0.9090909090909091,0.4394969869215134
5625,11,1,10,0.09090909090909091,0.9090909090909091,0.4394969869215134
5626,11,1,10,0.09090909090909091,0.9090909090909091,0.4394969869215134
5627,11,2,9,0.18181818181818182,0.8181818181818182,0.6840384356390418
5628,11,1,10,0.09090909090909091,0.9090909090909091,0.4394969869215134
5629,11,2,9,0.18181818181818182,0.8181818181818182,0.6840384356390418
5630,11,1,10,0.09090909090909091,0.9090909090909091,0.4394969869215134
5631,11,0,11,0.0,1.0,0.0
5632,11,2,9,0.18181818181818182,0.8181818181818182,0.6840384356390418
5633,11,0,11,0.0,1.0,0.0
5634,11,1,10,0.09090909090909091,0.9090909090909091,0.4394969869215134
5635,11,0,11,0.0,1.0,0.0
5636,11,1,10,0.09090909090909091,0.9090909090909091,0.4394969869215134
5637,11,4,7,0.36363636363636365,0.6363636363636364,0.9456603046006401
5638,11,4,7,0.36363636363636365,0.6363636363636364,0.9456603046006401
5639,11,2,9,0.18181818181818182,0.8181818181818182,0.6840384356390418
5640,11,2,9,0.18181818181818182,0.8181818181818182,0.6840384356390418
5641,11,0,11,0.0,1.0,0.0
5642,11,1,10,0.09090909090909091,0.9090909090909091,0.4394969869215134
5643,11,2,9,0.18181818181818182,0.8181818181818182,0.6840384356390418
5644,11,1,10,0.09090909090909091,0.9090909090909091,0.4394969869215134
5645,11,1,10,0.09090909090909091,0.9090909090909091,0.4394969869215134
5646,11,4,7,0.36363636363636365,0.6363636363636364,0.9456603046006401
5647,11,3,8,0.2727272727272727,0.7272727272727273,0.8453509366224364
5648,11,1,10,0.09090909090909091,0.9090909090909091,0.4394969869215134
5649,11,3,8,0.2727272727272727,0.7272727272727273,0.8453509366224364
5650,11,0,11,0.0,1.0,0.0
5651,11,3,8,0.2727272727272727,0.7272727272727273,0.8453509366224364
5652,11,1,10,0.09090909090909091,0.9090909090909091,0.4394969869215134
5653,11,2,9,0.18181818181818182,0.8181818181818182,0.6840384356390418
5654,11,2,9,0.18181818181818182,0.8181818181818182,0.6840384356390418
5655,11,1,10,0.09090909090909091,0.9090909090909091,0.4394969869215134
5656,11,1,10,0.09090909090909091,0.9090909090909091,0.4394969869215134
5657,11,3,8,0.2727272727272727,0.7272727272727273,0.8453509366224364
5658,11,3,8,0.2727272727272727,0.7272727272727273,0.8453509366224364
5659,11,1,10,0.09090909090909091,0.9090909090909091,0.4394969869215134
5660,11,2,9,0.18181818181818182,0.8181818181818182,0.6840384356390418
5661,11,2,9,0.18181818181818182,0.8181818181818182,0.6840384356390418
5662,11,2,9,0.18181818181818182,0.8181818181818182,0.6840384356390418
5663,11,2,9,0.18181818181818182,0.8181818181818182,0.6840384356390418
5664,11,3,8,0.2727272727272727,0.7272727272727273,0.8453509366224364
5665,11,2,9,0.18181818181818182,0.8181818181818182,0.6840384356390418
5666,11,0,11,0.0,1.0,0.0
5667,11,3,8,0.2727272727272727,0.7272727272727273,0.8453509366224364
5668,11,2,9,0.18181818181818182,0.8181818181818182,0.6840384356390418
5669,11,1,10,0.09090909090909091,0.9090909090909091,0.4394969869215134
5670,11,0,11,0.0,1.0,0.0
5671,11,2,9,0.18181818181818182,0.8181818181818182,0.6840384356390418
5672,11,1,10,0.09090909090909091,0.9090909090909091,0.4394969869215134
5673,11,0,11,0.0,1.0,0.0
5674,11,1,10,0.09090909090909091,0.9090909090909091,0.4394969869215134
5675,11,2,9,0.18181818181818182,0.8181818181818182,0.6840384356390418
5676,11,1,10,0.09090909090909091,0.9090909090909091,0.4394969869215134
5677,11,0,11,0.0,1.0,0.0
5678,11,1,10,0.09090909090909091,0.9090909090909091,0.4394969869215134
5679,11,0,11,0.0,1.0,0.0
5680,11,3,8,0.2727272727272727,0.7272727272727273,0.8453509366224364
5681,11,0,11,0.0,1.0,0.0
5682,11,2,9,0.18181818181818182,0.8181818181818182,0.6840384356390418
5683,11,0,11,0.0,1.0,0.0
5684,11,0,11,0.0,1.0,0.0
5685,11,0,11,0.0,1.0,0.0
5686,11,2,9,0.18181818181818182,0.8181818181818182,0.6840384356390418
5687,11,2,9,0.18181818181818182,0.8181818181818182,0.6840384356390418
5688,11,0,11,0.0,1.0,0.0
5689,11,2,9,0.18181818181818182,0.8181818181818182,0.6840384356390418
5690,11,3,8,0.2727272727272727,0.7272727272727273,0.8453509366224364
5691,11,1,10,0.09090909090909091,0.9090909090909091,0.4394969869215134
5692,11,2,9,0.18181818181818182,0.8181818181818182,0.6840384356390418
5693,11,3,8,0.2727272727272727,0.7272727272727273,0.8453509366224364
5694,11,1,10,0.09090909090909091,0.9090909090909091,0.4394969869215134
5695,11,2,9,0.18181818181818182,0.8181818181818182,0.6840384356390418
5696,11,2,9,0.18181818181818182,0.8181818181818182,0.6840384356390418
5697,11,0,11,0.0,1.0,0.0
5698,11,2,9,0.18181818181818182,0.8181818181818182,0.6840384356390418
5699,11,2,9,0.18181818181818182,0.8181818181818182,0.6840384356390418
5700,11,1,10,0.09090909090909091,0.9090909090909091,0.4394969869215134
5701,11,2,9,0.18181818181818182,0.8181818181818182,0.6840384356390418
5702,11,2,9,0.18181818181818182,0.8181818181818182,0.6840384356390418
5703,11,1,10,0.09090909090909091,0.9090909090909091,0.4394969869215134
5704,11,1,10,0.09090909090909091,0.9090909090909091,0.4394969869215134
5705,11,2,9,0.18181818181818182,0.8181818181818182,0.6840384356390418
5706,11,2,9,0.18181818181818182,0.8181818181818182,0.6840384356390418
5707,11,2,9,0.18181818181818182,0.8181818181818182,0.6840384356390418
5708,11,0,11,0.0,1.0,0.0
5709,11,0,11,0.0,1.0,0.0
5710,11,2,9,0.18181818181818182,0.8181818181818182,0.6840384356390418
5711,11,1,10,0.09090909090909091,0.9090909090909091,0.4394969869215134
5712,11,2,9,0.18181818181818182,0.8181818181818182,0.6840384356390418
5713,11,1,10,0.09090909090909091,0.9090909090909091,0.4394969869215134
5714,11,1,10,0.09090909090909091,0.9090909090909091,0.4394969869215134
5715,11,2,9,0.18181818181818182,0.8181818181818182,0.6840384356390418
5716,11,1,10,0.09090909090909091,0.9090909090909091,0.4394969869215134
5717,11,1,10,0.09090909090909091,0.9090909090909091,0.4394969869215134
5718,11,2,9,0.18181818181818182,0.8181818181818182,0.6840384356390418
5719,11,1,10,0.09090909090909091,0.9090909090909091,0.4394969869215134
5720,11,2,9,0.18181818181818182,0.8181818181818182,0.6840384356390418
5721,11,1,10,0.09090909090909091,0.9090909090909091,0.4394969869215134
5722,11,2,9,0.18181818181818182,0.8181818181818182,0.6840384356390418
5723,11,2,9,0.18181818181818182,0.8181818181818182,0.6840384356390418
5724,11,3,8,0.2727272727272727,0.7272727272727273,0.8453509366224364
5725,11,0,11,0.0,1.0,0.0
5726,11,1,10,0.09090909090909091,0.9090909090909091,0.4394969869215134
5727,11,1,10,0.09090909090909091,0.9090909090909091,0.4394969869215134
5728,11,1,10,0.09090909090909091,0.9090909090909091,0.4394969869215134
5729,11,3,8,0.2727272727272727,0.7272727272727273,0.8453509366224364
5730,11,3,8,0.2727272727272727,0.7272727272727273,0.8453509366224364
5731,11,0,11,0.0,1.0,0.0
5732,11,5,6,0.45454545454545453,0.5454545454545454,0.9940302114769565
5733,11,2,9,0.18181818181818182,0.8181818181818182,0.6840384356390418
5734,11,2,9,0.18181818181818182,0.8181818181818182,0.6840384356390418
5735,11,4,7,0.36363636363636365,0.6363636363636364,0.9456603046006401
5736,11,0,11,0.0,1.0,0.0
5737,11,1,10,0.09090909090909091,0.9090909090909091,0.4394969869215134
5738,11,1,10,0.09090909090909091,0.9090909090909091,0.4394969869215134
5739,11,1,10,0.09090909090909091,0.9090909090909091,0.4394969869215134
5740,11,4,7,0.36363636363636365,0.6363636363636364,0.9456603046006401
5741,11,1,10,0.09090909090909091,0.9090909090909091,0.4394969869215134
5742,11,1,10,0.09090909090909091,0.9090909090909091,0.4394969869215134
5743,11,2,9,0.18181818181818182,0.8181818181818182,0.6840384356390418
5744,11,4,7,0.36363636363636365,0.6363636363636364,0.9456603046006401
5745,11,2,9,0.18181818181818182,0.8181818181818182,0.6840384356390418
5746,11,0,11,0.0,1.0,0.0
5747,11,2,9,0.18181818181818182,0.8181818181818182,0.6840384356390418
5748,11,4,7,0.36363636363636365,0.6363636363636364,0.9456603046006401
5749,11,1,10,0.09090909090909091,0.9090909090909091,0.4394969869215134
5750,11,1,10,0.09090909090909091,0.9090909090909091,0.4394969869215134
5751,11,2,9,0.18181818181818182,0.8181818181818182,0.6840384356390418
5752,11,4,7,0.36363636363636365,0.6363636363636364,0.9456603046006401
5753,11,1,10,0.09090909090909091,0.9090909090909091,0.4394969869215134
5754,11,2,9,0.18181818181818182,0.8181818181818182,0.6840384356390418
5755,11,2,9,0.18181818181818182,0.8181818181818182,0.6840384356390418
5756,11,2,9,0.18181818181818182,0.8181818181818182,0.6840384356390418
5757,11,1,10,0.09090909090909091,0.9090909090909091,0.4394969869215134
5758,11,2,9,0.18181818181818182,0.8181818181818182,0.6840384356390418
5759,11,1,10,0.09090909090909091,0.9090909090909091,0.4394969869215134
5760,11,2,9,0.18181818181818182,0.8181818181818182,0.6840384356390418
5761,11,0,11,0.0,1.0,0.0
5762,11,2,9,0.18181818181818182,0.8181818181818182,0.6840384356390418
5763,11,2,9,0.18181818181818182,0.8181818181818182,0.6840384356390418
5764,11,1,10,0.09090909090909091,0.9090909090909091,0.4394969869215134
5765,11,4,7,0.36363636363636365,0.6363636363636364,0.9456603046006401
5766,11,3,8,0.2727272727272727,0.7272727272727273,0.8453509366224364
5767,11,1,10,0.09090909090909091,0.9090909090909091,0.4394969869215134
5768,11,4,7,0.36363636363636365,0.6363636363636364,0.9456603046006401
5769,11,2,9,0.18181818181818182,0.8181818181818182,0.6840384356390418
5770,11,0,11,0.0,1.0,0.0
5771,11,2,9,0.18181818181818182,0.8181818181818182,0.6840384356390418
5772,11,1,10,0.09090909090909091,0.9090909090909091,0.4394969869215134
5773,11,0,11,0.0,1.0,0.0
5774,11,0,11,0.0,1.0,0.0
5775,11,1,10,0.09090909090909091,0.9090909090909091,0.4394969869215134
5776,11,0,11,0.0,1.0,0.0
5777,11,3,8,0.2727272727272727,0.7272727272727273,0.8453509366224364
5778,11,2,9,0.18181818181818182,0.8181818181818182,0.6840384356390418
5779,11,2,9,0.18181818181818182,0.8181818181818182,0.6840384356390418
5780,11,1,10,0.09090909090909091,0.9090909090909091,0.4394969869215134
5781,11,2,9,0.18181818181818182,0.8181818181818182,0.6840384356390418
5782,11,1,10,0.09090909090909091,0.9090909090909091,0.4394969869215134
5783,11,2,9,0.18181818181818182,0.8181818181818182,0.6840384356390418
5784,11,3,8,0.2727272727272727,0.7272727272727273,0.8453509366224364
5785,11,3,8,0.2727272727272727,0.7272727272727273,0.8453509366224364
5786,11,3,8,0.2727272727272727,0.7272727272727273,0.8453509366224364
5787,11,1,10,0.09090909090909091,0.9090909090909091,0.4394969869215134
5788,11,2,9,0.18181818181818182,0.8181818181818182,0.6840384356390418
5789,11,1,10,0.09090909090909091,0.9090909090909091,0.4394969869215134
5790,11,1,10,0.09090909090909091,0.9090909090909091,0.4394969869215134
5791,11,1,10,0.09090909090909091,0.9090909090909091,0.4394969869215134
5792,11,0,11,0.0,1.0,0.0
5793,11,1,10,0.09090909090909091,0.9090909090909091,0.4394969869215134
5794,11,1,10,0.09090909090909091,0.9090909090909091,0.4394969869215134
5795,11,1,10,0.09090909090909091,0.9090909090909091,0.4394969869215134
5796,11,2,9,0.18181818181818182,0.8181818181818182,0.6840384356390418
5797,11,3,8,0.2727272727272727,0.7272727272727273,0.8453509366224364
5798,11,1,10,0.09090909090909091,0.9090909090909091,0.4394969869215134
5799,11,1,10,0.09090909090909091,0.9090909090909091,0.4394969869215134
5800,11,3,8,0.2727272727272727,0.7272727272727273,0.8453509366224364
5801,11,4,7,0.36363636363636365,0.6363636363636364,0.9456603046006401
5802,11,2,9,0.18181818181818182,0.8181818181818182,0.6840384356390418
5803,11,0,11,0.0,1.0,0.0
5804,11,2,9,0.18181818181818182,0.8181818181818182,0.6840384356390418
5805,11,2,9,0.18181818181818182,0.8181818181818182,0.6840384356390418
5806,11,1,10,0.09090909090909091,0.9090909090909091,0.4394969869215134
5807,11,0,11,0.0,1.0,0.0
5808,11,0,11,0.0,1.0,0.0
5809,11,1,10,0.09090909090909091,0.9090909090909091,0.4394969869215134
5810,11,0,11,0.0,1.0,0.0
5811,11,1,10,0.09090909090909091,0.9090909090909091,0.4394969869215134
5812,11,1,10,0.09090909090909091,0.9090909090909091,0.4394969869215134
5813,11,0,11,0.0,1.0,0.0
5814,11,2,9,0.18181818181818182,0.8181818181818182,0.6840384356390418
5815,11,4,7,0.36363636363636365,0.6363636363636364,0.9456603046006401
5816,11,2,9,0.18181818181818182,0.8181818181818182,0.6840384356390418
5817,11,2,9,0.18181818181818182,0.8181818181818182,0.6840384356390418
5818,11,0,11,0.0,1.0,0.0
5819,11,2,9,0.18181818181818182,0.8181818181818182,0.6840384356390418
5820,11,1,10,0.09090909090909091,0.9090909090909091,0.4394969869215134
5821,11,3,8,0.2727272727272727,0.7272727272727273,0.8453509366224364
5822,11,1,10,0.09090909090909091,0.9090909090909091,0.4394969869215134
5823,11,2,9,0.18181818181818182,0.8181818181818182,0.6840384356390418
5824,11,3,8,0.2727272727272727,0.7272727272727273,0.8453509366224364
5825,11,2,9,0.18181818181818182,0.8181818181818182,0.6840384356390418
5826,11,1,10,0.09090909090909091,0.9090909090909091,0.4394969869215134
5827,11,3,8,0.2727272727272727,0.7272727272727273,0.8453509366224364
5828,11,1,10,0.09090909090909091,0.9090909090909091,0.4394969869215134
5829,11,3,8,0.2727272727272727,0.7272727272727273,0.8453509366224364
5830,11,0,11,0.0,1.0,0.0
5831,11,2,9,0.18181818181818182,0.8181818181818182,0.6840384356390418
5832,11,0,11,0.0,1.0,0.0
5833,11,3,8,0.2727272727272727,0.7272727272727273,0.8453509366224364
5834,11,0,11,0.0,1.0,0.0
5835,11,2,9,0.18181818181818182,0.8181818181818182,0.6840384356390418
5836,11,3,8,0.2727272727272727,0.7272727272727273,0.8453509366224364
5837,11,1,10,0.09090909090909091,0.9090909090909091,0.4394969869215134
5838,11,1,10,0.09090909090909091,0.9090909090909091,0.4394969869215134
5839,11,3,8,0.2727272727272727,0.7272727272727273,0.8453509366224364
5840,11,1,10,0.09090909090909091,0.9090909090909091,0.4394969869215134
5841,11,3,8,0.2727272727272727,0.7272727272727273,0.8453509366224364
5842,11,0,11,0.0,1.0,0.0
5843,11,1,10,0.09090909090909091,0.9090909090909091,0.4394969869215134
5844,11,1,10,0.09090909090909091,0.9090909090909091,0.4394969869215134
5845,11,3,8,0.2727272727272727,0.7272727272727273,0.8453509366224364
5846,11,1,10,0.09090909090909091,0.9090909090909091,0.4394969869215134
5847,11,0,11,0.0,1.0,0.0
5848,11,1,10,0.09090909090909091,0.9090909090909091,0.4394969869215134
5849,11,5,6,0.45454545454545453,0.5454545454545454,0.9940302114769565
5850,11,2,9,0.18181818181818182,0.8181818181818182,0.6840384356390418
5851,11,4,7,0.36363636363636365,0.6363636363636364,0.9456603046006401
5852,11,0,11,0.0,1.0,0.0
5853,11,2,9,0.18181818181818182,0.8181818181818182,0.6840384356390418
5854,11,2,9,0.18181818181818182,0.8181818181818182,0.6840384356390418
5855,11,1,10,0.09090909090909091,0.9090909090909091,0.4394969869215134
5856,11,2,9,0.18181818181818182,0.8181818181818182,0.6840384356390418
5857,11,1,10,0.09090909090909091,0.9090909090909091,0.4394969869215134
5858,11,1,10,0.09090909090909091,0.9090909090909091,0.4394969869215134
5859,11,0,11,0.0,1.0,0.0
5860,11,2,9,0.18181818181818182,0.8181818181818182,0.6840384356390418
5861,11,1,10,0.09090909090909091,0.9090909090909091,0.4394969869215134
5862,11,2,9,0.18181818181818182,0.8181818181818182,0.6840384356390418
5863,11,1,10,0.09090909090909091,0.9090909090909091,0.4394969869215134
5864,11,1,10,0.09090909090909091,0.9090909090909091,0.4394969869215134
5865,11,2,9,0.18181818181818182,0.8181818181818182,0.6840384356390418
5866,11,4,7,0.36363636363636365,0.6363636363636364,0.9456603046006401
5867,11,5,6,0.45454545454545453,0.5454545454545454,0.9940302114769565
5868,11,4,7,0.36363636363636365,0.6363636363636364,0.9456603046006401
5869,11,4,7,0.36363636363636365,0.6363636363636364,0.9456603046006401
5870,11,1,10,0.09090909090909091,0.9090909090909091,0.4394969869215134
5871,11,1,10,0.09090909090909091,0.9090909090909091,0.4394969869215134
5872,11,0,11,0.0,1.0,0.0
5873,11,1,10,0.09090909090909091,0.9090909090909091,0.4394969869215134
5874,11,3,8,0.2727272727272727,0.7272727272727273,0.8453509366224364
5875,11,4,7,0.36363636363636365,0.6363636363636364,0.9456603046006401
5876,11,2,9,0.18181818181818182,0.8181818181818182,0.6840384356390418
5877,11,4,7,0.36363636363636365,0.6363636363636364,0.9456603046006401
5878,11,0,11,0.0,1.0,0.0
5879,11,2,9,0.18181818181818182,0.8181818181818182,0.6840384356390418
5880,11,0,11,0.0,1.0,0.0
5881,11,1,10,0.09090909090909091,0.9090909090909091,0.4394969869215134
5882,11,0,11,0.0,1.0,0.0
5883,11,4,7,0.36363636363636365,0.6363636363636364,0.9456603046006401
5884,11,2,9,0.18181818181818182,0.8181818181818182,0.6840384356390418
5885,11,0,11,0.0,1.0,0.0
5886,11,1,10,0.09090909090909091,0.9090909090909091,0.4394969869215134
5887,11,0,11,0.0,1.0,0.0
5888,11,1,10,0.09090909090909091,0.9090909090909091,0.4394969869215134
5889,11,1,10,0.09090909090909091,0.9090909090909091,0.4394969869215134
5890,11,1,10,0.09090909090909091,0.9090909090909091,0.4394969869215134
5891,11,3,8,0.2727272727272727,0.7272727272727273,0.8453509366224364
5892,11,4,7,0.36363636363636365,0.6363636363636364,0.9456603046006401
5893,11,0,11,0.0,1.0,0.0
5894,11,0,11,0.0,1.0,0.0
5895,11,2,9,0.18181818181818182,0.8181818181818182,0.6840384356390418
5896,11,1,10,0.09090909090909091,0.9090909090909091,0.4394969869215134
5897,11,0,11,0.0,1.0,0.0
5898,11,2,9,0.18181818181818182,0.8181818181818182,0.6840384356390418
5899,11,1,10,0.09090909090909091,0.9090909090909091,0.4394969869215134
5900,11,1,10,0.09090909090909091,0.9090909090909091,0.4394969869215134
5901,11,2,9,0.18181818181818182,0.8181818181818182,0.6840384356390418
5902,11,1,10,0.09090909090909091,0.9090909090909091,0.4394969869215134
5903,11,1,10,0.09090909090909091,0.9090909090909091,0.4394969869215134
5904,11,1,10,0.09090909090909091,0.9090909090909091,0.4394969869215134
5905,11,0,11,0.0,1.0,0.0
5906,11,1,10,0.09090909090909091,0.9090909090909091,0.4394969869215134
5907,11,1,10,0.09090909090909091,0.9090909090909091,0.4394969869215134
5908,11,1,10,0.09090909090909091,0.9090909090909091,0.4394969869215134
5909,11,2,9,0.18181818181818182,0.8181818181818182,0.6840384356390418
5910,11,2,9,0.18181818181818182,0.8181818181818182,0.6840384356390418
5911,11,1,10,0.09090909090909091,0.9090909090909091,0.4394969869215134
5912,11,2,9,0.18181818181818182,0.8181818181818182,0.6840384356390418
5913,11,4,7,0.36363636363636365,0.6363636363636364,0.9456603046006401
5914,11,1,10,0.09090909090909091,0.9090909090909091,0.4394969869215134
5915,11,1,10,0.09090909090909091,0.9090909090909091,0.4394969869215134
5916,11,3,8,0.2727272727272727,0.7272727272727273,0.8453509366224364
5917,11,0,11,0.0,1.0,0.0
5918,11,1,10,0.09090909090909091,0.9090909090909091,0.4394969869215134
5919,11,2,9,0.18181818181818182,0.8181818181818182,0.6840384356390418
5920,11,1,10,0.09090909090909091,0.9090909090909091,0.4394969869215134
5921,11,1,10,0.09090909090909091,0.9090909090909091,0.4394969869215134
5922,11,0,11,0.0,1.0,0.0
5923,11,3,8,0.2727272727272727,0.7272727272727273,0.8453509366224364
5924,11,2,9,0.18181818181818182,0.8181818181818182,0.6840384356390418
5925,11,2,9,0.18181818181818182,0.8181818181818182,0.6840384356390418
5926,11,0,11,0.0,1.0,0.0
5927,11,3,8,0.2727272727272727,0.7272727272727273,0.8453509366224364
5928,11,4,7,0.36363636363636365,0.6363636363636364,0.9456603046006401
5929,11,1,10,0.09090909090909091,0.9090909090909091,0.4394969869215134
5930,11,1,10,0.09090909090909091,0.9090909090909091,0.4394969869215134
5931,11,0,11,0.0,1.0,0.0
5932,11,4,7,0.36363636363636365,0.6363636363636364,0.9456603046006401
5933,11,0,11,0.0,1.0,0.0
5934,11,1,10,0.09090909090909091,0.9090909090909091,0.4394969869215134
5935,11,0,11,0.0,1.0,0.0
5936,11,1,10,0.09090909090909091,0.9090909090909091,0.4394969869215134
5937,11,2,9,0.18181818181818182,0.8181818181818182,0.6840384356390418
5938,11,1,10,0.09090909090909091,0.9090909090909091,0.4394969869215134
5939,11,1,10,0.09090909090909091,0.9090909090909091,0.4394969869215134
5940,11,2,9,0.18181818181818182,0.8181818181818182,0.6840384356390418
5941,11,3,8,0.2727272727272727,0.7272727272727273,0.8453509366224364
5942,11,0,11,0.0,1.0,0.0
5943,11,2,9,0.18181818181818182,0.8181818181818182,0.6840384356390418
5944,11,2,9,0.18181818181818182,0.8181818181818182,0.6840384356390418
5945,11,1,10,0.09090909090909091,0.9090909090909091,0.4394969869215134
5946,11,3,8,0.2727272727272727,0.7272727272727273,0.8453509366224364
5947,11,2,9,0.18181818181818182,0.8181818181818182,0.6840384356390418
5948,11,3,8,0.2727272727272727,0.7272727272727273,0.8453509366224364
5949,11,0,11,0.0,1.0,0.0
5950,11,4,7,0.36363636363636365,0.6363636363636364,0.9456603046006401
5951,11,2,9,0.18181818181818182,0.8181818181818182,0.6840384356390418
5952,11,1,10,0.09090909090909091,0.9090909090909091,0.4394969869215134
5953,11,2,9,0.18181818181818182,0.8181818181818182,0.6840384356390418
5954,11,1,10,0.09090909090909091,0.9090909090909091,0.4394969869215134
5955,11,1,10,0.09090909090909091,0.9090909090909091,0.4394969869215134
5956,11,0,11,0.0,1.0,0.0
5957,11,5,6,0.45454545454545453,0.5454545454545454,0.9940302114769565
5958,11,4,7,0.36363636363636365,0.6363636363636364,0.9456603046006401
5959,11,2,9,0.18181818181818182,0.8181818181818182,0.6840384356390418
5960,11,1,10,0.09090909090909091,0.9090909090909091,0.4394969869215134
5961,11,5,6,0.45454545454545453,0.5454545454545454,0.9940302114769565
5962,11,3,8,0.2727272727272727,0.7272727272727273,0.8453509366224364
5963,11,1,10,0.09090909090909091,0.9090909090909091,0.4394969869215134
5964,11,1,10,0.09090909090909091,0.9090909090909091,0.4394969869215134
5965,11,4,7,0.36363636363636365,0.6363636363636364,0.9456603046006401
5966,11,2,9,0.18181818181818182,0.8181818181818182,0.6840384356390418
5967,11,1,10,0.09090909090909091,0.9090909090909091,0.4394969869215134
5968,11,2,9,0.18181818181818182,0.8181818181818182,0.6840384356390418
5969,11,4,7,0.36363636363636365,0.6363636363636364,0.9456603046006401
5970,11,0,11,0.0,1.0,0.0
5971,11,0,11,0.0,1.0,0.0
5972,11,2,9,0.18181818181818182,0.8181818181818182,0.6840384356390418
5973,11,0,11,0.0,1.0,0.0
5974,11,1,10,0.09090909090909091,0.9090909090909091,0.4394969869215134
5975,11,2,9,0.18181818181818182,0.8181818181818182,0.6840384356390418
5976,11,3,8,0.2727272727272727,0.7272727272727273,0.8453509366224364
5977,11,0,11,0.0,1.0,0.0
5978,11,1,10,0.09090909090909091,0.9090909090909091,0.4394969869215134
5979,11,1,10,0.09090909090909091,0.9090909090909091,0.4394969869215134
5980,11,2,9,0.18181818181818182,0.8181818181818182,0.6840384356390418
5981,11,1,10,0.09090909090909091,0.9090909090909091,0.4394969869215134
5982,11,2,9,0.18181818181818182,0.8181818181818182,0.6840384356390418
5983,11,1,10,0.09090909090909091,0.9090909090909091,0.4394969869215134
5984,11,2,9,0.18181818181818182,0.8181818181818182,0.6840384356390418
5985,11,2,9,0.18181818181818182,0.8181818181818182,0.6840384356390418
5986,11,1,10,0.09090909090909091,0.9090909090909091,0.4394969869215134
5987,11,1,10,0.09090909090909091,0.9090909090909091,0.4394969869215134
5988,11,3,8,0.2727272727272727,0.7272727272727273,0.8453509366224364
5989,11,0,11,0.0,1.0,0.0
5990,11,4,7,0.36363636363636365,0.6363636363636364,0.9456603046006401
5991,11,2,9,0.18181818181818182,0.8181818181818182,0.6840384356390418
5992,11,0,11,0.0,1.0,0.0
5993,11,2,9,0.18181818181818182,0.8181818181818182,0.6840384356390418
5994,11,0,11,0.0,1.0,0.0
5995,11,3,8,0.2727272727272727,0.7272727272727273,0.8453509366224364
5996,11,2,9,0.18181818181818182,0.8181818181818182,0.6840384356390418
5997,11,0,11,0.0,1.0,0.0
5998,11,3,8,0.2727272727272727,0.7272727272727273,0.8453509366224364
5999,11,2,9,0.18181818181818182,0.8181818181818182,0.6840384356390418
6000,11,3,8,0.2727272727272727,0.7272727272727273,0.8453509366224364
6001,11,2,9,0.18181818181818182,0.8181818181818182,0.6840384356390418
6002,11,1,10,0.09090909090909091,0.9090909090909091,0.4394969869215134
6003,11,2,9,0.18181818181818182,0.8181818181818182,0.6840384356390418
6004,11,1,10,0.09090909090909091,0.9090909090909091,0.4394969869215134
6005,11,2,9,0.18181818181818182,0.8181818181818182,0.6840384356390418
6006,11,3,8,0.2727272727272727,0.7272727272727273,0.8453509366224364
6007,11,2,9,0.18181818181818182,0.8181818181818182,0.6840384356390418
6008,11,3,8,0.2727272727272727,0.7272727272727273,0.8453509366224364
6009,11,2,9,0.18181818181818182,0.8181818181818182,0.6840384356390418
6010,11,1,10,0.09090909090909091,0.9090909090909091,0.4394969869215134
6011,11,0,11,0.0,1.0,0.0
6012,11,1,10,0.09090909090909091,0.9090909090909091,0.4394969869215134
6013,11,2,9,0.18181818181818182,0.8181818181818182,0.6840384356390418
6014,11,0,11,0.0,1.0,0.0
6015,11,1,10,0.09090909090909091,0.9090909090909091,0.4394969869215134
6016,11,0,11,0.0,1.0,0.0
6017,11,0,11,0.0,1.0,0.0
6018,11,1,10,0.09090909090909091,0.9090909090909091,0.4394969869215134
6019,11,3,8,0.2727272727272727,0.7272727272727273,0.8453509366224364
6020,11,1,10,0.09090909090909091,0.9090909090909091,0.4394969869215134
6021,11,2,9,0.18181818181818182,0.8181818181818182,0.6840384356390418
6022,11,1,10,0.09090909090909091,0.9090909090909091,0.4394969869215134
6023,11,4,7,0.36363636363636365,0.6363636363636364,0.9456603046006401
6024,11,1,10,0.09090909090909091,0.9090909090909091,0.4394969869215134
6025,11,1,10,0.09090909090909091,0.9090909090909091,0.4394969869215134
6026,11,1,10,0.09090909090909091,0.9090909090909091,0.4394969869215134
6027,11,1,10,0.09090909090909091,0.9090909090909091,0.4394969869215134
6028,11,4,7,0.36363636363636365,0.6363636363636364,0.9456603046006401
6029,11,2,9,0.18181818181818182,0.8181818181818182,0.6840384356390418
6030,11,0,11,0.0,1.0,0.0
6031,11,1,10,0.09090909090909091,0.9090909090909091,0.4394969869215134
6032,11,2,9,0.18181818181818182,0.8181818181818182,0.6840384356390418
6033,11,3,8,0.2727272727272727,0.7272727272727273,0.8453509366224364
6034,11,2,9,0.18181818181818182,0.8181818181818182,0.6840384356390418
6035,11,1,10,0.09090909090909091,0.9090909090909091,0.4394969869215134
6036,11,1,10,0.09090909090909091,0.9090909090909091,0.4394969869215134
6037,11,1,10,0.09090909090909091,0.9090909090909091,0.4394969869215134
6038,11,1,10,0.09090909090909091,0.9090909090909091,0.4394969869215134
6039,11,0,11,0.0,1.0,0.0
6040,11,1,10,0.09090909090909091,0.9090909090909091,0.4394969869215134
6041,11,0,11,0.0,1.0,0.0
6042,11,0,11,0.0,1.0,0.0
6043,11,1,10,0.09090909090909091,0.9090909090909091,0.4394969869215134
6044,11,2,9,0.18181818181818182,0.8181818181818182,0.6840384356390418
6045,11,1,10,0.09090909090909091,0.9090909090909091,0.4394969869215134
6046,11,2,9,0.18181818181818182,0.8181818181818182,0.6840384356390418
6047,11,2,9,0.18181818181818182,0.8181818181818182,0.6840384356390418
6048,11,0,11,0.0,1.0,0.0
6049,11,1,10,0.09090909090909091,0.9090909090909091,0.4394969869215134
6050,11,2,9,0.18181818181818182,0.8181818181818182,0.6840384356390418
6051,11,2,9,0.18181818181818182,0.8181818181818182,0.6840384356390418
6052,11,2,9,0.18181818181818182,0.8181818181818182,0.6840384356390418
6053,11,1,10,0.09090909090909091,0.9090909090909091,0.4394969869215134
6054,11,0,11,0.0,1.0,0.0
6055,11,2,9,0.18181818181818182,0.8181818181818182,0.6840384356390418
6056,11,1,10,0.09090909090909091,0.9090909090909091,0.4394969869215134
6057,11,2,9,0.18181818181818182,0.8181818181818182,0.6840384356390418
6058,11,2,9,0.18181818181818182,0.8181818181818182,0.6840384356390418
6059,11,1,10,0.09090909090909091,0.9090909090909091,0.4394969869215134
6060,11,1,10,0.09090909090909091,0.9090909090909091,0.4394969869215134
6061,11,0,11,0.0,1.0,0.0
6062,11,1,10,0.09090909090909091,0.9090909090909091,0.4394969869215134
6063,11,4,7,0.36363636363636365,0.6363636363636364,0.9456603046006401
6064,11,0,11,0.0,1.0,0.0
6065,11,0,11,0.0,1.0,0.0
6066,11,2,9,0.18181818181818182,0.8181818181818182,0.6840384356390418
6067,11,0,11,0.0,1.0,0.0
6068,11,0,11,0.0,1.0,0.0
6069,11,0,11,0.0,1.0,0.0
6070,11,0,11,0.0,1.0,0.0
6071,11,1,10,0.09090909090909091,0.9090909090909091,0.4394969869215134
6072,11,1,10,0.09090909090909091,0.9090909090909091,0.4394969869215134
6073,11,2,9,0.18181818181818182,0.8181818181818182,0.6840384356390418
6074,11,1,10,0.09090909090909091,0.9090909090909091,0.4394969869215134
6075,11,1,10,0.09090909090909091,0.9090909090909091,0.4394969869215134
6076,11,1,10,0.09090909090909091,0.9090909090909091,0.4394969869215134
6077,11,2,9,0.18181818181818182,0.8181818181818182,0.6840384356390418
6078,11,3,8,0.2727272727272727,0.7272727272727273,0.8453509366224364
6079,11,1,10,0.09090909090909091,0.9090909090909091,0.4394969869215134
6080,11,3,8,0.2727272727272727,0.7272727272727273,0.8453509366224364
6081,11,1,10,0.09090909090909091,0.9090909090909091,0.4394969869215134
6082,11,1,10,0.09090909090909091,0.9090909090909091,0.4394969869215134
6083,11,0,11,0.0,1.0,0.0
6084,11,0,11,0.0,1.0,0.0
6085,11,2,9,0.18181818181818182,0.8181818181818182,0.6840384356390418
6086,11,1,10,0.09090909090909091,0.9090909090909091,0.4394969869215134
6087,11,3,8,0.2727272727272727,0.7272727272727273,0.8453509366224364
6088,11,2,9,0.18181818181818182,0.8181818181818182,0.6840384356390418
6089,11,1,10,0.09090909090909091,0.9090909090909091,0.4394969869215134
6090,11,1,10,0.09090909090909091,0.9090909090909091,0.4394969869215134
6091,11,1,10,0.09090909090909091,0.9090909090909091,0.4394969869215134
6092,11,1,10,0.09090909090909091,0.9090909090909091,0.4394969869215134
6093,11,1,10,0.09090909090909091,0.9090909090909091,0.4394969869215134
6094,11,1,10,0.09090909090909091,0.9090909090909091,0.4394969869215134
6095,11,0,11,0.0,1.0,0.0
6096,11,2,9,0.18181818181818182,0.8181818181818182,0.6840384356390418
6097,11,1,10,0.09090909090909091,0.9090909090909091,0.4394969869215134
6098,11,2,9,0.18181818181818182,0.8181818181818182,0.6840384356390418
6099,11,0,11,0.0,1.0,0.0
6100,11,1,10,0.09090909090909091,0.9090909090909091,0.4394969869215134
6101,11,1,10,0.09090909090909091,0.9090909090909091,0.4394969869215134
6102,11,2,9,0.18181818181818182,0.8181818181818182,0.6840384356390418
6103,11,4,7,0.36363636363636365,0.6363636363636364,0.9456603046006401
6104,11,5,6,0.45454545454545453,0.5454545454545454,0.9940302114769565
6105,11,0,11,0.0,1.0,0.0
6106,11,2,9,0.18181818181818182,0.8181818181818182,0.6840384356390418
6107,11,2,9,0.18181818181818182,0.8181818181818182,0.6840384356390418
6108,11,2,9,0.18181818181818182,0.8181818181818182,0.6840384356390418
6109,11,2,9,0.18181818181818182,0.8181818181818182,0.6840384356390418
6110,11,3,8,0.2727272727272727,0.7272727272727273,0.8453509366224364
6111,11,0,11,0.0,1.0,0.0
6112,11,2,9,0.18181818181818182,0.8181818181818182,0.6840384356390418
6113,11,1,10,0.09090909090909091,0.9090909090909091,0.4394969869215134
6114,11,1,10,0.09090909090909091,0.9090909090909091,0.4394969869215134
6115,11,0,11,0.0,1.0,0.0
6116,11,2,9,0.18181818181818182,0.8181818181818182,0.6840384356390418
6117,11,0,11,0.0,1.0,0.0
6118,11,0,11,0.0,1.0,0.0
6119,11,0,11,0.0,1.0,0.0
6120,11,0,11,0.0,1.0,0.0
6121,11,1,10,0.09090909090909091,0.9090909090909091,0.4394969869215134
6122,11,1,10,0.09090909090909091,0.9090909090909091,0.4394969869215134
6123,11,2,9,0.18181818181818182,0.8181818181818182,0.6840384356390418
6124,11,0,11,0.0,1.0,0.0
6125,11,1,10,0.09090909090909091,0.9090909090909091,0.4394969869215134
6126,11,2,9,0.18181818181818182,0.8181818181818182,0.6840384356390418
6127,11,3,8,0.2727272727272727,0.7272727272727273,0.8453509366224364
6128,11,1,10,0.09090909090909091,0.9090909090909091,0.4394969869215134
6129,11,3,8,0.2727272727272727,0.7272727272727273,0.8453509366224364
6130,11,1,10,0.09090909090909091,0.9090909090909091,0.4394969869215134
6131,11,1,10,0.09090909090909091,0.9090909090909091,0.4394969869215134
6132,11,1,10,0.09090909090909091,0.9090909090909091,0.4394969869215134
6133,11,3,8,0.2727272727272727,0.7272727272727273,0.8453509366224364
6134,11,1,10,0.09090909090909091,0.9090909090909091,0.4394969869215134
6135,11,0,11,0.0,1.0,0.0
6136,11,1,10,0.09090909090909091,0.9090909090909091,0.4394969869215134
6137,11,1,10,0.09090909090909091,0.9090909090909091,0.4394969869215134
6138,11,1,10,0.09090909090909091,0.9090909090909091,0.4394969869215134
6139,11,2,9,0.18181818181818182,0.8181818181818182,0.6840384356390418
6140,11,0,11,0.0,1.0,0.0
6141,11,0,11,0.0,1.0,0.0
6142,11,0,11,0.0,1.0,0.0
6143,11,0,11,0.0,1.0,0.0
6144,11,1,10,0.09090909090909091,0.9090909090909091,0.4394969869215134
6145,11,1,10,0.09090909090909091,0.9090909090909091,0.4394969869215134
6146,11,1,10,0.09090909090909091,0.9090909090909091,0.4394969869215134
6147,11,3,8,0.2727272727272727,0.7272727272727273,0.8453509366224364
6148,11,0,11,0.0,1.0,0.0
6149,11,1,10,0.09090909090909091,0.9090909090909091,0.4394969869215134
6150,11,0,11,0.0,1.0,0.0
6151,11,5,6,0.45454545454545453,0.5454545454545454,0.9940302114769565
6152,11,1,10,0.09090909090909091,0.9090909090909091,0.4394969869215134
6153,11,2,9,0.18181818181818182,0.8181818181818182,0.6840384356390418
6154,11,3,8,0.2727272727272727,0.7272727272727273,0.8453509366224364
6155,11,4,7,0.36363636363636365,0.6363636363636364,0.9456603046006401
6156,11,1,10,0.09090909090909091,0.9090909090909091,0.4394969869215134
6157,11,1,10,0.09090909090909091,0.9090909090909091,0.4394969869215134
6158,11,0,11,0.0,1.0,0.0
6159,11,4,7,0.36363636363636365,0.6363636363636364,0.9456603046006401
6160,11,2,9,0.18181818181818182,0.8181818181818182,0.6840384356390418
6161,11,3,8,0.2727272727272727,0.7272727272727273,0.8453509366224364
6162,11,1,10,0.09090909090909091,0.9090909090909091,0.4394969869215134
6163,11,1,10,0.09090909090909091,0.9090909090909091,0.4394969869215134
6164,11,1,10,0.09090909090909091,0.9090909090909091,0.4394969869215134
6165,11,3,8,0.2727272727272727,0.7272727272727273,0.8453509366224364
6166,11,1,10,0.09090909090909091,0.9090909090909091,0.4394969869215134
6167,11,0,11,0.0,1.0,0.0
6168,11,0,11,0.0,1.0,0.0
6169,11,1,10,0.09090909090909091,0.9090909090909091,0.4394969869215134
6170,11,2,9,0.18181818181818182,0.8181818181818182,0.6840384356390418
6171,11,2,9,0.18181818181818182,0.8181818181818182,0.6840384356390418
6172,11,3,8,0.2727272727272727,0.7272727272727273,0.8453509366224364
6173,11,1,10,0.09090909090909091,0.9090909090909091,0.4394969869215134
6174,11,6,5,0.5454545454545454,0.45454545454545453,0.9940302114769565
6175,11,1,10,0.09090909090909091,0.9090909090909091,0.4394969869215134
6176,11,1,10,0.09090909090909091,0.9090909090909091,0.4394969869215134
6177,11,2,9,0.18181818181818182,0.8181818181818182,0.6840384356390418
6178,11,2,9,0.18181818181818182,0.8181818181818182,0.6840384356390418
6179,11,1,10,0.09090909090909091,0.9090909090909091,0.4394969869215134
6180,11,1,10,0.09090909090909091,0.9090909090909091,0.4394969869215134
6181,11,2,9,0.18181818181818182,0.8181818181818182,0.6840384356390418
6182,11,1,10,0.09090909090909091,0.9090909090909091,0.4394969869215134
6183,11,3,8,0.2727272727272727,0.7272727272727273,0.8453509366224364
6184,11,2,9,0.18181818181818182,0.8181818181818182,0.6840384356390418
6185,11,4,7,0.36363636363636365,0.6363636363636364,0.9456603046006401
6186,11,2,9,0.18181818181818182,0.8181818181818182,0.6840384356390418
6187,11,4,7,0.36363636363636365,0.6363636363636364,0.9456603046006401
6188,11,2,9,0.18181818181818182,0.8181818181818182,0.6840384356390418
6189,11,1,10,0.09090909090909091,0.9090909090909091,0.4394969869215134
6190,11,0,11,0.0,1.0,0.0
6191,11,2,9,0.18181818181818182,0.8181818181818182,0.6840384356390418
6192,11,2,9,0.18181818181818182,0.8181818181818182,0.6840384356390418
6193,11,0,11,0.0,1.0,0.0
6194,11,1,10,0.09090909090909091,0.9090909090909091,0.4394969869215134
6195,11,0,11,0.0,1.0,0.0
6196,11,1,10,0.09090909090909091,0.9090909090909091,0.4394969869215134
6197,11,1,10,0.09090909090909091,0.9090909090909091,0.4394969869215134
6198,11,2,9,0.18181818181818182,0.8181818181818182,0.6840384356390418
6199,11,0,11,0.0,1.0,0.0
6200,11,1,10,0.09090909090909091,0.9090909090909091,0.4394969869215134
6201,11,2,9,0.18181818181818182,0.8181818181818182,0.6840384356390418
6202,11,2,9,0.18181818181818182,0.8181818181818182,0.6840384356390418
6203,11,1,10,0.09090909090909091,0.9090909090909091,0.4394969869215134
6204,11,3,8,0.2727272727272727,0.7272727272727273,0.8453509366224364
6205,11,0,11,0.0,1.0,0.0
6206,11,2,9,0.18181818181818182,0.8181818181818182,0.6840384356390418
6207,11,3,8,0.2727272727272727,0.7272727272727273,0.8453509366224364
6208,11,1,10,0.09090909090909091,0.9090909090909091,0.4394969869215134
6209,11,2,9,0.18181818181818182,0.8181818181818182,0.6840384356390418
6210,11,1,10,0.09090909090909091,0.9090909090909091,0.4394969869215134
6211,11,2,9,0.18181818181818182,0.8181818181818182,0.6840384356390418
6212,11,3,8,0.2727272727272727,0.7272727272727273,0.8453509366224364
6213,11,3,8,0.2727272727272727,0.7272727272727273,0.8453509366224364
6214,11,2,9,0.18181818181818182,0.8181818181818182,0.6840384356390418
6215,11,3,8,0.2727272727272727,0.7272727272727273,0.8453509366224364
6216,11,1,10,0.09090909090909091,0.9090909090909091,0.4394969869215134
6217,11,1,10,0.09090909090909091,0.9090909090909091,0.4394969869215134
6218,11,1,10,0.09090909090909091,0.9090909090909091,0.4394969869215134
6219,11,1,10,0.09090909090909091,0.9090909090909091,0.4394969869215134
6220,11,2,9,0.18181818181818182,0.8181818181818182,0.6840384356390418
6221,11,2,9,0.18181818181818182,0.8181818181818182,0.6840384356390418
6222,11,1,10,0.09090909090909091,0.9090909090909091,0.4394969869215134
6223,11,1,10,0.09090909090909091,0.9090909090909091,0.4394969869215134
6224,11,4,7,0.36363636363636365,0.6363636363636364,0.9456603046006401
6225,11,1,10,0.09090909090909091,0.9090909090909091,0.4394969869215134
6226,11,3,8,0.2727272727272727,0.7272727272727273,0.8453509366224364
6227,11,3,8,0.2727272727272727,0.7272727272727273,0.8453509366224364
6228,11,4,7,0.36363636363636365,0.6363636363636364,0.9456603046006401
6229,11,2,9,0.18181818181818182,0.8181818181818182,0.6840384356390418
6230,11,3,8,0.2727272727272727,0.7272727272727273,0.8453509366224364
6231,11,1,10,0.09090909090909091,0.9090909090909091,0.4394969869215134
6232,11,0,11,0.0,1.0,0.0
6233,11,2,9,0.18181818181818182,0.8181818181818182,0.6840384356390418
6234,11,2,9,0.18181818181818182,0.8181818181818182,0.6840384356390418
6235,11,0,11,0.0,1.0,0.0
6236,11,4,7,0.36363636363636365,0.6363636363636364,0.9456603046006401
6237,11,0,11,0.0,1.0,0.0
6238,11,1,10,0.09090909090909091,0.9090909090909091,0.4394969869215134
6239,11,1,10,0.09090909090909091,0.9090909090909091,0.4394969869215134
6240,11,2,9,0.18181818181818182,0.8181818181818182,0.6840384356390418
6241,11,2,9,0.18181818181818182,0.8181818181818182,0.6840384356390418
6242,11,1,10,0.09090909090909091,0.9090909090909091,0.4394969869215134
6243,11,2,9,0.18181818181818182,0.8181818181818182,0.6840384356390418
6244,11,2,9,0.18181818181818182,0.8181818181818182,0.6840384356390418
6245,11,0,11,0.0,1.0,0.0
6246,11,1,10,0.09090909090909091,0.9090909090909091,0.4394969869215134
6247,11,2,9,0.18181818181818182,0.8181818181818182,0.6840384356390418
6248,11,0,11,0.0,1.0,0.0
6249,11,2,9,0.18181818181818182,0.8181818181818182,0.6840384356390418
6250,11,2,9,0.18181818181818182,0.8181818181818182,0.6840384356390418
6251,11,3,8,0.2727272727272727,0.7272727272727273,0.8453509366224364
6252,11,3,8,0.2727272727272727,0.7272727272727273,0.8453509366224364
6253,11,3,8,0.2727272727272727,0.7272727272727273,0.8453509366224364
6254,11,2,9,0.18181818181818182,0.8181818181818182,0.6840384356390418
6255,11,2,9,0.18181818181818182,0.8181818181818182,0.6840384356390418
6256,11,1,10,0.09090909090909091,0.9090909090909091,0.4394969869215134
6257,11,0,11,0.0,1.0,0.0
6258,11,1,10,0.09090909090909091,0.9090909090909091,0.4394969869215134
6259,11,3,8,0.2727272727272727,0.7272727272727273,0.8453509366224364
6260,11,3,8,0.2727272727272727,0.7272727272727273,0.8453509366224364
6261,11,0,11,0.0,1.0,0.0
6262,11,0,11,0.0,1.0,0.0
6263,11,5,6,0.45454545454545453,0.5454545454545454,0.9940302114769565
6264,11,1,10,0.09090909090909091,0.9090909090909091,0.4394969869215134
6265,11,0,11,0.0,1.0,0.0
6266,11,0,11,0.0,1.0,0.0
6267,11,1,10,0.09090909090909091,0.9090909090909091,0.4394969869215134
6268,11,1,10,0.09090909090909091,0.9090909090909091,0.4394969869215134
6269,11,1,10,0.09090909090909091,0.9090909090909091,0.4394969869215134
6270,11,1,10,0.09090909090909091,0.9090909090909091,0.4394969869215134
6271,11,3,8,0.2727272727272727,0.7272727272727273,0.8453509366224364
6272,11,1,10,0.09090909090909091,0.9090909090909091,0.4394969869215134
6273,11,1,10,0.09090909090909091,0.9090909090909091,0.4394969869215134
6274,11,2,9,0.18181818181818182,0.8181818181818182,0.6840384356390418
6275,11,5,6,0.45454545454545453,0.5454545454545454,0.9940302114769565
6276,11,0,11,0.0,1.0,0.0
6277,11,0,11,0.0,1.0,0.0
6278,11,1,10,0.09090909090909091,0.9090909090909091,0.4394969869215134
6279,11,1,10,0.09090909090909091,0.9090909090909091,0.4394969869215134
6280,11,0,11,0.0,1.0,0.0
6281,11,0,11,0.0,1.0,0.0
6282,11,2,9,0.18181818181818182,0.8181818181818182,0.6840384356390418
6283,11,2,9,0.18181818181818182,0.8181818181818182,0.6840384356390418
6284,11,1,10,0.09090909090909091,0.9090909090909091,0.4394969869215134
6285,11,2,9,0.18181818181818182,0.8181818181818182,0.6840384356390418
6286,11,1,10,0.09090909090909091,0.9090909090909091,0.4394969869215134
6287,11,1,10,0.09090909090909091,0.9090909090909091,0.4394969869215134
6288,11,1,10,0.09090909090909091,0.9090909090909091,0.4394969869215134
6289,11,1,10,0.09090909090909091,0.9090909090909091,0.4394969869215134
6290,11,3,8,0.2727272727272727,0.7272727272727273,0.8453509366224364
6291,11,2,9,0.18181818181818182,0.8181818181818182,0.6840384356390418
6292,11,1,10,0.09090909090909091,0.9090909090909091,0.4394969869215134
6293,11,3,8,0.2727272727272727,0.7272727272727273,0.8453509366224364
6294,11,1,10,0.09090909090909091,0.9090909090909091,0.4394969869215134
6295,11,2,9,0.18181818181818182,0.8181818181818182,0.6840384356390418
6296,11,1,10,0.09090909090909091,0.9090909090909091,0.4394969869215134
6297,11,1,10,0.09090909090909091,0.9090909090909091,0.4394969869215134
6298,11,0,11,0.0,1.0,0.0
6299,11,0,11,0.0,1.0,0.0
6300,11,3,8,0.2727272727272727,0.7272727272727273,0.8453509366224364
6301,11,3,8,0.2727272727272727,0.7272727272727273,0.8453509366224364
6302,11,2,9,0.18181818181818182,0.8181818181818182,0.6840384356390418
6303,11,2,9,0.18181818181818182,0.8181818181818182,0.6840384356390418
6304,11,2,9,0.18181818181818182,0.8181818181818182,0.6840384356390418
6305,11,4,7,0.36363636363636365,0.6363636363636364,0.9456603046006401
6306,11,0,11,0.0,1.0,0.0
6307,11,2,9,0.18181818181818182,0.8181818181818182,0.6840384356390418
6308,11,3,8,0.2727272727272727,0.7272727272727273,0.8453509366224364
6309,11,1,10,0.09090909090909091,0.9090909090909091,0.4394969869215134
6310,11,4,7,0.36363636363636365,0.6363636363636364,0.9456603046006401
6311,11,0,11,0.0,1.0,0.0
6312,11,1,10,0.09090909090909091,0.9090909090909091,0.4394969869215134
6313,11,4,7,0.36363636363636365,0.6363636363636364,0.9456603046006401
6314,11,4,7,0.36363636363636365,0.6363636363636364,0.9456603046006401
6315,11,0,11,0.0,1.0,0.0
6316,11,2,9,0.18181818181818182,0.8181818181818182,0.6840384356390418
6317,11,4,7,0.36363636363636365,0.6363636363636364,0.9456603046006401
6318,11,3,8,0.2727272727272727,0.7272727272727273,0.8453509366224364
6319,11,2,9,0.18181818181818182,0.8181818181818182,0.6840384356390418
6320,11,1,10,0.09090909090909091,0.9090909090909091,0.4394969869215134
6321,11,2,9,0.18181818181818182,0.8181818181818182,0.6840384356390418
6322,11,1,10,0.09090909090909091,0.9090909090909091,0.4394969869215134
6323,11,0,11,0.0,1.0,0.0
6324,11,0,11,0.0,1.0,0.0
6325,11,0,11,0.0,1.0,0.0
6326,11,2,9,0.18181818181818182,0.8181818181818182,0.6840384356390418
6327,11,3,8,0.2727272727272727,0.7272727272727273,0.8453509366224364
6328,11,3,8,0.2727272727272727,0.7272727272727273,0.8453509366224364
6329,11,2,9,0.18181818181818182,0.8181818181818182,0.6840384356390418
6330,11,1,10,0.09090909090909091,0.9090909090909091,0.4394969869215134
6331,11,2,9,0.18181818181818182,0.8181818181818182,0.6840384356390418
6332,11,1,10,0.09090909090909091,0.9090909090909091,0.4394969869215134
6333,11,2,9,0.18181818181818182,0.8181818181818182,0.6840384356390418
6334,11,1,10,0.09090909090909091,0.9090909090909091,0.4394969869215134
6335,11,2,9,0.18181818181818182,0.8181818181818182,0.6840384356390418
6336,11,1,10,0.09090909090909091,0.9090909090909091,0.4394969869215134
6337,11,1,10,0.09090909090909091,0.9090909090909091,0.4394969869215134
6338,11,0,11,0.0,1.0,0.0
6339,11,1,10,0.09090909090909091,0.9090909090909091,0.4394969869215134
6340,11,1,10,0.09090909090909091,0.9090909090909091,0.4394969869215134
6341,11,2,9,0.18181818181818182,0.8181818181818182,0.6840384356390418
6342,11,1,10,0.09090909090909091,0.9090909090909091,0.4394969869215134
6343,11,1,10,0.09090909090909091,0.9090909090909091,0.4394969869215134
6344,11,1,10,0.09090909090909091,0.9090909090909091,0.4394969869215134
6345,11,2,9,0.18181818181818182,0.8181818181818182,0.6840384356390418
6346,11,2,9,0.18181818181818182,0.8181818181818182,0.6840384356390418
6347,11,1,10,0.09090909090909091,0.9090909090909091,0.4394969869215134
6348,11,2,9,0.18181818181818182,0.8181818181818182,0.6840384356390418
6349,11,2,9,0.18181818181818182,0.8181818181818182,0.6840384356390418
6350,11,1,10,0.09090909090909091,0.9090909090909091,0.4394969869215134
6351,11,1,10,0.09090909090909091,0.9090909090909091,0.4394969869215134
6352,11,2,9,0.18181818181818182,0.8181818181818182,0.6840384356390418
6353,11,2,9,0.18181818181818182,0.8181818181818182,0.6840384356390418
6354,11,1,10,0.09090909090909091,0.9090909090909091,0.4394969869215134
6355,11,0,11,0.0,1.0,0.0
6356,11,1,10,0.09090909090909091,0.9090909090909091,0.4394969869215134
6357,11,0,11,0.0,1.0,0.0
6358,11,2,9,0.18181818181818182,0.8181818181818182,0.6840384356390418
6359,11,1,10,0.09090909090909091,0.9090909090909091,0.4394969869215134
6360,11,2,9,0.18181818181818182,0.8181818181818182,0.6840384356390418
6361,11,2,9,0.18181818181818182,0.8181818181818182,0.6840384356390418
6362,11,2,9,0.18181818181818182,0.8181818181818182,0.6840384356390418
6363,11,5,6,0.45454545454545453,0.5454545454545454,0.9940302114769565
6364,11,3,8,0.2727272727272727,0.7272727272727273,0.8453509366224364
6365,11,0,11,0.0,1.0,0.0
6366,11,1,10,0.09090909090909091,0.9090909090909091,0.4394969869215134
6367,11,0,11,0.0,1.0,0.0
6368,11,3,8,0.2727272727272727,0.7272727272727273,0.8453509366224364
6369,11,1,10,0.09090909090909091,0.9090909090909091,0.4394969869215134
6370,11,0,11,0.0,1.0,0.0
6371,11,2,9,0.18181818181818182,0.8181818181818182,0.6840384356390418
6372,11,1,10,0.09090909090909091,0.9090909090909091,0.4394969869215134
6373,11,1,10,0.09090909090909091,0.9090909090909091,0.4394969869215134
6374,11,2,9,0.18181818181818182,0.8181818181818182,0.6840384356390418
6375,11,4,7,0.36363636363636365,0.6363636363636364,0.9456603046006401
6376,11,0,11,0.0,1.0,0.0
6377,11,1,10,0.09090909090909091,0.9090909090909091,0.4394969869215134
6378,11,1,10,0.09090909090909091,0.9090909090909091,0.4394969869215134
6379,11,5,6,0.45454545454545453,0.5454545454545454,0.9940302114769565
6380,11,0,11,0.0,1.0,0.0
6381,11,1,10,0.09090909090909091,0.9090909090909091,0.4394969869215134
6382,11,2,9,0.18181818181818182,0.8181818181818182,0.6840384356390418
6383,11,3,8,0.2727272727272727,0.7272727272727273,0.8453509366224364
6384,11,1,10,0.09090909090909091,0.9090909090909091,0.4394969869215134
6385,11,3,8,0.2727272727272727,0.7272727272727273,0.8453509366224364
6386,11,1,10,0.09090909090909091,0.9090909090909091,0.4394969869215134
6387,11,3,8,0.2727272727272727,0.7272727272727273,0.8453509366224364
6388,11,0,11,0.0,1.0,0.0
6389,11,1,10,0.09090909090909091,0.9090909090909091,0.4394969869215134
6390,11,2,9,0.18181818181818182,0.8181818181818182,0.6840384356390418
6391,11,3,8,0.2727272727272727,0.7272727272727273,0.8453509366224364
6392,11,2,9,0.18181818181818182,0.8181818181818182,0.6840384356390418
6393,11,1,10,0.09090909090909091,0.9090909090909091,0.4394969869215134
6394,11,0,11,0.0,1.0,0.0
6395,11,1,10,0.09090909090909091,0.9090909090909091,0.4394969869215134
6396,11,1,10,0.09090909090909091,0.9090909090909091,0.4394969869215134
6397,11,0,11,0.0,1.0,0.0
6398,11,3,8,0.2727272727272727,0.7272727272727273,0.8453509366224364
6399,11,2,9,0.18181818181818182,0.8181818181818182,0.6840384356390418
6400,11,1,10,0.09090909090909091,0.9090909090909091,0.4394969869215134
6401,11,2,9,0.18181818181818182,0.8181818181818182,0.6840384356390418
6402,11,2,9,0.18181818181818182,0.8181818181818182,0.6840384356390418
6403,11,3,8,0.2727272727272727,0.7272727272727273,0.8453509366224364
6404,11,0,11,0.0,1.0,0.0
6405,11,1,10,0.09090909090909091,0.9090909090909091,0.4394969869215134
6406,11,2,9,0.18181818181818182,0.8181818181818182,0.6840384356390418
6407,11,0,11,0.0,1.0,0.0
6408,11,2,9,0.18181818181818182,0.8181818181818182,0.6840384356390418
6409,11,1,10,0.09090909090909091,0.9090909090909091,0.4394969869215134
6410,11,1,10,0.09090909090909091,0.9090909090909091,0.4394969869215134
6411,11,3,8,0.2727272727272727,0.7272727272727273,0.8453509366224364
6412,11,1,10,0.09090909090909091,0.9090909090909091,0.4394969869215134
6413,11,4,7,0.36363636363636365,0.6363636363636364,0.9456603046006401
6414,11,0,11,0.0,1.0,0.0
6415,11,0,11,0.0,1.0,0.0
6416,11,5,6,0.45454545454545453,0.5454545454545454,0.9940302114769565
6417,11,2,9,0.18181818181818182,0.8181818181818182,0.6840384356390418
6418,11,1,10,0.09090909090909091,0.9090909090909091,0.4394969869215134
6419,11,1,10,0.09090909090909091,0.9090909090909091,0.4394969869215134
6420,11,2,9,0.18181818181818182,0.8181818181818182,0.6840384356390418
6421,11,1,10,0.09090909090909091,0.9090909090909091,0.4394969869215134
6422,11,2,9,0.18181818181818182,0.8181818181818182,0.6840384356390418
6423,11,3,8,0.2727272727272727,0.7272727272727273,0.8453509366224364
6424,11,1,10,0.09090909090909091,0.9090909090909091,0.4394969869215134
6425,11,0,11,0.0,1.0,0.0
6426,11,2,9,0.18181818181818182,0.8181818181818182,0.6840384356390418
6427,11,1,10,0.09090909090909091,0.9090909090909091,0.4394969869215134
6428,11,2,9,0.18181818181818182,0.8181818181818182,0.6840384356390418
6429,11,1,10,0.09090909090909091,0.9090909090909091,0.4394969869215134
6430,11,1,10,0.09090909090909091,0.9090909090909091,0.4394969869215134
6431,11,1,10,0.09090909090909091,0.9090909090909091,0.4394969869215134
6432,11,3,8,0.2727272727272727,0.7272727272727273,0.8453509366224364
6433,11,0,11,0.0,1.0,0.0
6434,11,2,9,0.18181818181818182,0.8181818181818182,0.6840384356390418
6435,11,3,8,0.2727272727272727,0.7272727272727273,0.8453509366224364
6436,11,3,8,0.2727272727272727,0.7272727272727273,0.8453509366224364
6437,11,3,8,0.2727272727272727,0.7272727272727273,0.8453509366224364
6438,11,1,10,0.09090909090909091,0.9090909090909091,0.4394969869215134
6439,11,1,10,0.09090909090909091,0.9090909090909091,0.4394969869215134
6440,11,1,10,0.09090909090909091,0.9090909090909091,0.4394969869215134
6441,11,2,9,0.18181818181818182,0.8181818181818182,0.6840384356390418
6442,11,3,8,0.2727272727272727,0.7272727272727273,0.8453509366224364
6443,11,1,10,0.09090909090909091,0.9090909090909091,0.4394969869215134
6444,11,1,10,0.09090909090909091,0.9090909090909091,0.4394969869215134
6445,11,0,11,0.0,1.0,0.0
6446,11,0,11,0.0,1.0,0.0
6447,11,3,8,0.2727272727272727,0.7272727272727273,0.8453509366224364
6448,11,1,10,0.09090909090909091,0.9090909090909091,0.4394969869215134
6449,11,1,10,0.09090909090909091,0.9090909090909091,0.4394969869215134
6450,11,1,10,0.09090909090909091,0.9090909090909091,0.4394969869215134
6451,11,2,9,0.18181818181818182,0.8181818181818182,0.6840384356390418
6452,11,5,6,0.45454545454545453,0.5454545454545454,0.9940302114769565
6453,11,3,8,0.2727272727272727,0.7272727272727273,0.8453509366224364
6454,11,4,7,0.36363636363636365,0.6363636363636364,0.9456603046006401
6455,11,0,11,0.0,1.0,0.0
6456,11,3,8,0.2727272727272727,0.7272727272727273,0.8453509366224364
6457,11,1,10,0.09090909090909091,0.9090909090909091,0.4394969869215134
6458,11,0,11,0.0,1.0,0.0
6459,11,1,10,0.09090909090909091,0.9090909090909091,0.4394969869215134
6460,11,3,8,0.2727272727272727,0.7272727272727273,0.8453509366224364
6461,11,2,9,0.18181818181818182,0.8181818181818182,0.6840384356390418
6462,11,0,11,0.0,1.0,0.0
6463,11,1,10,0.09090909090909091,0.9090909090909091,0.4394969869215134
6464,11,0,11,0.0,1.0,0.0
6465,11,2,9,0.18181818181818182,0.8181818181818182,0.6840384356390418
6466,11,1,10,0.09090909090909091,0.9090909090909091,0.4394969869215134
6467,11,1,10,0.09090909090909091,0.9090909090909091,0.4394969869215134
6468,11,0,11,0.0,1.0,0.0
6469,11,1,10,0.09090909090909091,0.9090909090909091,0.4394969869215134
6470,11,2,9,0.18181818181818182,0.8181818181818182,0.6840384356390418
6471,11,2,9,0.18181818181818182,0.8181818181818182,0.6840384356390418
6472,11,2,9,0.18181818181818182,0.8181818181818182,0.6840384356390418
6473,11,5,6,0.45454545454545453,0.5454545454545454,0.9940302114769565
6474,11,1,10,0.09090909090909091,0.9090909090909091,0.4394969869215134
6475,11,2,9,0.18181818181818182,0.8181818181818182,0.6840384356390418
6476,11,2,9,0.18181818181818182,0.8181818181818182,0.6840384356390418
6477,11,1,10,0.09090909090909091,0.9090909090909091,0.4394969869215134
6478,11,1,10,0.09090909090909091,0.9090909090909091,0.4394969869215134
6479,11,0,11,0.0,1.0,0.0
6480,11,0,11,0.0,1.0,0.0
6481,11,3,8,0.2727272727272727,0.7272727272727273,0.8453509366224364
6482,11,4,7,0.36363636363636365,0.6363636363636364,0.9456603046006401
6483,11,1,10,0.09090909090909091,0.9090909090909091,0.4394969869215134
6484,11,2,9,0.18181818181818182,0.8181818181818182,0.6840384356390418
6485,11,0,11,0.0,1.0,0.0
6486,11,1,10,0.09090909090909091,0.9090909090909091,0.4394969869215134
6487,11,5,6,0.45454545454545453,0.5454545454545454,0.9940302114769565
6488,11,4,7,0.36363636363636365,0.6363636363636364,0.9456603046006401
6489,11,1,10,0.09090909090909091,0.9090909090909091,0.4394969869215134
6490,11,2,9,0.18181818181818182,0.8181818181818182,0.6840384356390418
6491,11,2,9,0.18181818181818182,0.8181818181818182,0.6840384356390418
6492,11,1,10,0.09090909090909091,0.9090909090909091,0.4394969869215134
6493,11,2,9,0.18181818181818182,0.8181818181818182,0.6840384356390418
6494,11,2,9,0.18181818181818182,0.8181818181818182,0.6840384356390418
6495,11,3,8,0.2727272727272727,0.7272727272727273,0.8453509366224364
6496,11,2,9,0.18181818181818182,0.8181818181818182,0.6840384356390418
6497,11,4,7,0.36363636363636365,0.6363636363636364,0.9456603046006401
6498,11,0,11,0.0,1.0,0.0
6499,11,1,10,0.09090909090909091,0.9090909090909091,0.4394969869215134
6500,11,1,10,0.09090909090909091,0.9090909090909091,0.4394969869215134
6501,11,1,10,0.09090909090909091,0.9090909090909091,0.4394969869215134
6502,11,3,8,0.2727272727272727,0.7272727272727273,0.8453509366224364
6503,11,2,9,0.18181818181818182,0.8181818181818182,0.6840384356390418
6504,11,4,7,0.36363636363636365,0.6363636363636364,0.9456603046006401
6505,11,4,7,0.36363636363636365,0.6363636363636364,0.9456603046006401
6506,11,0,11,0.0,1.0,0.0
6507,11,2,9,0.18181818181818182,0.8181818181818182,0.6840384356390418
6508,11,1,10,0.09090909090909091,0.9090909090909091,0.4394969869215134
6509,11,1,10,0.09090909090909091,0.9090909090909091,0.4394969869215134
6510,11,3,8,0.2727272727272727,0.7272727272727273,0.8453509366224364
6511,11,2,9,0.18181818181818182,0.8181818181818182,0.6840384356390418
6512,11,1,10,0.09090909090909091,0.9090909090909091,0.4394969869215134
6513,11,1,10,0.09090909090909091,0.9090909090909091,0.4394969869215134
6514,11,1,10,0.09090909090909091,0.9090909090909091,0.4394969869215134
6515,11,0,11,0.0,1.0,0.0
6516,11,1,10,0.09090909090909091,0.9090909090909091,0.4394969869215134
6517,11,2,9,0.18181818181818182,0.8181818181818182,0.6840384356390418
6518,11,1,10,0.09090909090909091,0.9090909090909091,0.4394969869215134
6519,11,2,9,0.18181818181818182,0.8181818181818182,0.6840384356390418
6520,11,3,8,0.2727272727272727,0.7272727272727273,0.8453509366224364
6521,11,4,7,0.36363636363636365,0.6363636363636364,0.9456603046006401
6522,11,2,9,0.18181818181818182,0.8181818181818182,0.6840384356390418
6523,11,0,11,0.0,1.0,0.0
6524,11,0,11,0.0,1.0,0.0
6525,11,1,10,0.09090909090909091,0.9090909090909091,0.4394969869215134
6526,11,1,10,0.09090909090909091,0.9090909090909091,0.4394969869215134
6527,11,0,11,0.0,1.0,0.0
6528,11,4,7,0.36363636363636365,0.6363636363636364,0.9456603046006401
6529,11,2,9,0.18181818181818182,0.8181818181818182,0.6840384356390418
6530,11,1,10,0.09090909090909091,0.9090909090909091,0.4394969869215134
6531,11,1,10,0.09090909090909091,0.9090909090909091,0.4394969869215134
6532,11,3,8,0.2727272727272727,0.7272727272727273,0.8453509366224364
6533,11,2,9,0.18181818181818182,0.8181818181818182,0.6840384356390418
6534,11,0,11,0.0,1.0,0.0
6535,11,3,8,0.2727272727272727,0.7272727272727273,0.8453509366224364
6536,11,1,10,0.09090909090909091,0.9090909090909091,0.4394969869215134
6537,11,0,11,0.0,1.0,0.0
6538,11,0,11,0.0,1.0,0.0
6539,11,2,9,0.18181818181818182,0.8181818181818182,0.6840384356390418
6540,11,1,10,0.09090909090909091,0.9090909090909091,0.4394969869215134
6541,11,4,7,0.36363636363636365,0.6363636363636364,0.9456603046006401
6542,11,2,9,0.18181818181818182,0.8181818181818182,0.6840384356390418
6543,11,0,11,0.0,1.0,0.0
6544,11,2,9,0.18181818181818182,0.8181818181818182,0.6840384356390418
6545,11,0,11,0.0,1.0,0.0
6546,11,1,10,0.09090909090909091,0.9090909090909091,0.4394969869215134
6547,11,1,10,0.09090909090909091,0.9090909090909091,0.4394969869215134
6548,11,1,10,0.09090909090909091,0.9090909090909091,0.4394969869215134
6549,11,3,8,0.2727272727272727,0.7272727272727273,0.8453509366224364
6550,11,0,11,0.0,1.0,0.0
6551,11,2,9,0.18181818181818182,0.8181818181818182,0.6840384356390418
6552,11,3,8,0.2727272727272727,0.7272727272727273,0.8453509366224364
6553,11,1,10,0.09090909090909091,0.9090909090909091,0.4394969869215134
6554,11,3,8,0.2727272727272727,0.7272727272727273,0.8453509366224364
6555,11,2,9,0.18181818181818182,0.8181818181818182,0.6840384356390418
6556,11,4,7,0.36363636363636365,0.6363636363636364,0.9456603046006401
6557,11,0,11,0.0,1.0,0.0
6558,11,2,9,0.18181818181818182,0.8181818181818182,0.6840384356390418
6559,11,1,10,0.09090909090909091,0.9090909090909091,0.4394969869215134
6560,11,2,9,0.18181818181818182,0.8181818181818182,0.6840384356390418
6561,11,2,9,0.18181818181818182,0.8181818181818182,0.6840384356390418
6562,11,2,9,0.18181818181818182,0.8181818181818182,0.6840384356390418
6563,11,2,9,0.18181818181818182,0.8181818181818182,0.6840384356390418
6564,11,2,9,0.18181818181818182,0.8181818181818182,0.6840384356390418
6565,11,0,11,0.0,1.0,0.0
6566,11,2,9,0.18181818181818182,0.8181818181818182,0.6840384356390418
6567,11,3,8,0.2727272727272727,0.7272727272727273,0.8453509366224364
6568,11,3,8,0.2727272727272727,0.7272727272727273,0.8453509366224364
6569,11,4,7,0.36363636363636365,0.6363636363636364,0.9456603046006401
6570,11,3,8,0.2727272727272727,0.7272727272727273,0.8453509366224364
6571,11,1,10,0.09090909090909091,0.9090909090909091,0.4394969869215134
6572,11,2,9,0.18181818181818182,0.8181818181818182,0.6840384356390418
6573,11,0,11,0.0,1.0,0.0
6574,11,1,10,0.09090909090909091,0.9090909090909091,0.4394969869215134
6575,11,1,10,0.09090909090909091,0.9090909090909091,0.4394969869215134
6576,11,2,9,0.18181818181818182,0.8181818181818182,0.6840384356390418
6577,11,2,9,0.18181818181818182,0.8181818181818182,0.6840384356390418
6578,11,1,10,0.09090909090909091,0.9090909090909091,0.4394969869215134
6579,11,1,10,0.09090909090909091,0.9090909090909091,0.4394969869215134
6580,11,2,9,0.18181818181818182,0.8181818181818182,0.6840384356390418
6581,11,1,10,0.09090909090909091,0.9090909090909091,0.4394969869215134
6582,11,1,10,0.09090909090909091,0.9090909090909091,0.4394969869215134
6583,11,1,10,0.09090909090909091,0.9090909090909091,0.4394969869215134
6584,11,1,10,0.09090909090909091,0.9090909090909091,0.4394969869215134
6585,11,2,9,0.18181818181818182,0.8181818181818182,0.6840384356390418
6586,11,1,10,0.09090909090909091,0.9090909090909091,0.4394969869215134
6587,11,1,10,0.09090909090909091,0.9090909090909091,0.4394969869215134
6588,11,4,7,0.36363636363636365,0.6363636363636364,0.9456603046006401
6589,11,2,9,0.18181818181818182,0.8181818181818182,0.6840384356390418
6590,11,2,9,0.18181818181818182,0.8181818181818182,0.6840384356390418
6591,11,3,8,0.2727272727272727,0.7272727272727273,0.8453509366224364
6592,11,0,11,0.0,1.0,0.0
6593,11,5,6,0.45454545454545453,0.5454545454545454,0.9940302114769565
6594,11,2,9,0.18181818181818182,0.8181818181818182,0.6840384356390418
6595,11,3,8,0.2727272727272727,0.7272727272727273,0.8453509366224364
6596,11,2,9,0.18181818181818182,0.8181818181818182,0.6840384356390418
6597,11,1,10,0.09090909090909091,0.9090909090909091,0.4394969869215134
6598,11,1,10,0.09090909090909091,0.9090909090909091,0.4394969869215134
6599,11,1,10,0.09090909090909091,0.9090909090909091,0.4394969869215134
6600,11,3,8,0.2727272727272727,0.7272727272727273,0.8453509366224364
6601,11,1,10,0.09090909090909091,0.9090909090909091,0.4394969869215134
6602,11,4,7,0.36363636363636365,0.6363636363636364,0.9456603046006401
6603,11,4,7,0.36363636363636365,0.6363636363636364,0.9456603046006401
6604,11,1,10,0.09090909090909091,0.9090909090909091,0.4394969869215134
6605,11,1,10,0.09090909090909091,0.9090909090909091,0.4394969869215134
6606,11,0,11,0.0,1.0,0.0
6607,11,0,11,0.0,1.0,0.0
6608,11,1,10,0.09090909090909091,0.9090909090909091,0.4394969869215134
6609,11,0,11,0.0,1.0,0.0
6610,11,2,9,0.18181818181818182,0.8181818181818182,0.6840384356390418
6611,11,2,9,0.18181818181818182,0.8181818181818182,0.6840384356390418
6612,11,3,8,0.2727272727272727,0.7272727272727273,0.8453509366224364
6613,11,3,8,0.2727272727272727,0.7272727272727273,0.8453509366224364
6614,11,1,10,0.09090909090909091,0.9090909090909091,0.4394969869215134
6615,11,4,7,0.36363636363636365,0.6363636363636364,0.9456603046006401
6616,11,1,10,0.09090909090909091,0.9090909090909091,0.4394969869215134
6617,11,3,8,0.2727272727272727,0.7272727272727273,0.8453509366224364
6618,11,1,10,0.09090909090909091,0.9090909090909091,0.4394969869215134
6619,11,1,10,0.09090909090909091,0.9090909090909091,0.4394969869215134
6620,11,2,9,0.18181818181818182,0.8181818181818182,0.6840384356390418
6621,11,1,10,0.09090909090909091,0.9090909090909091,0.4394969869215134
6622,11,1,10,0.09090909090909091,0.9090909090909091,0.4394969869215134
6623,11,1,10,0.09090909090909091,0.9090909090909091,0.4394969869215134
6624,11,0,11,0.0,1.0,0.0
6625,11,0,11,0.0,1.0,0.0
6626,11,1,10,0.09090909090909091,0.9090909090909091,0.4394969869215134
6627,11,1,10,0.09090909090909091,0.9090909090909091,0.4394969869215134
6628,11,2,9,0.18181818181818182,0.8181818181818182,0.6840384356390418
6629,11,2,9,0.18181818181818182,0.8181818181818182,0.6840384356390418
6630,11,2,9,0.18181818181818182,0.8181818181818182,0.6840384356390418
6631,11,1,10,0.09090909090909091,0.9090909090909091,0.4394969869215134
6632,11,0,11,0.0,1.0,0.0
6633,11,1,10,0.09090909090909091,0.9090909090909091,0.4394969869215134
6634,11,1,10,0.09090909090909091,0.9090909090909091,0.4394969869215134
6635,11,1,10,0.09090909090909091,0.9090909090909091,0.4394969869215134
6636,11,1,10,0.09090909090909091,0.9090909090909091,0.4394969869215134
6637,11,0,11,0.0,1.0,0.0
6638,11,4,7,0.36363636363636365,0.6363636363636364,0.9456603046006401
6639,11,2,9,0.18181818181818182,0.8181818181818182,0.6840384356390418
6640,11,2,9,0.18181818181818182,0.8181818181818182,0.6840384356390418
6641,11,2,9,0.18181818181818182,0.8181818181818182,0.6840384356390418
6642,11,2,9,0.18181818181818182,0.8181818181818182,0.6840384356390418
6643,11,2,9,0.18181818181818182,0.8181818181818182,0.6840384356390418
6644,11,2,9,0.18181818181818182,0.8181818181818182,0.6840384356390418
6645,11,3,8,0.2727272727272727,0.7272727272727273,0.8453509366224364
6646,11,2,9,0.18181818181818182,0.8181818181818182,0.6840384356390418
6647,11,2,9,0.18181818181818182,0.8181818181818182,0.6840384356390418
6648,11,3,8,0.2727272727272727,0.7272727272727273,0.8453509366224364
6649,11,3,8,0.2727272727272727,0.7272727272727273,0.8453509366224364
6650,11,3,8,0.2727272727272727,0.7272727272727273,0.8453509366224364
6651,11,1,10,0.09090909090909091,0.9090909090909091,0.4394969869215134
6652,11,0,11,0.0,1.0,0.0
6653,11,3,8,0.2727272727272727,0.7272727272727273,0.8453509366224364
6654,11,1,10,0.09090909090909091,0.9090909090909091,0.4394969869215134
6655,11,1,10,0.09090909090909091,0.9090909090909091,0.4394969869215134
6656,11,2,9,0.18181818181818182,0.8181818181818182,0.6840384356390418
6657,11,0,11,0.0,1.0,0.0
6658,11,2,9,0.18181818181818182,0.8181818181818182,0.6840384356390418
6659,11,1,10,0.09090909090909091,0.9090909090909091,0.4394969869215134
6660,11,2,9,0.18181818181818182,0.8181818181818182,0.6840384356390418
6661,11,0,11,0.0,1.0,0.0
6662,11,1,10,0.09090909090909091,0.9090909090909091,0.4394969869215134
6663,11,0,11,0.0,1.0,0.0
6664,11,1,10,0.09090909090909091,0.9090909090909091,0.4394969869215134
6665,11,2,9,0.18181818181818182,0.8181818181818182,0.6840384356390418
6666,11,2,9,0.18181818181818182,0.8181818181818182,0.6840384356390418
6667,11,1,10,0.09090909090909091,0.9090909090909091,0.4394969869215134
6668,11,0,11,0.0,1.0,0.0
6669,11,3,8,0.2727272727272727,0.7272727272727273,0.8453509366224364
6670,11,3,8,0.2727272727272727,0.7272727272727273,0.8453509366224364
6671,11,1,10,0.09090909090909091,0.9090909090909091,0.4394969869215134
6672,11,2,9,0.18181818181818182,0.8181818181818182,0.6840384356390418
6673,11,0,11,0.0,1.0,0.0
6674,11,4,7,0.36363636363636365,0.6363636363636364,0.9456603046006401
6675,11,0,11,0.0,1.0,0.0
6676,11,2,9,0.18181818181818182,0.8181818181818182,0.6840384356390418
6677,11,0,11,0.0,1.0,0.0
6678,11,3,8,0.2727272727272727,0.7272727272727273,0.8453509366224364
6679,11,3,8,0.2727272727272727,0.7272727272727273,0.8453509366224364
6680,11,1,10,0.09090909090909091,0.9090909090909091,0.4394969869215134
6681,11,1,10,0.09090909090909091,0.9090909090909091,0.4394969869215134
6682,11,3,8,0.2727272727272727,0.7272727272727273,0.8453509366224364
6683,11,2,9,0.18181818181818182,0.8181818181818182,0.6840384356390418
6684,11,2,9,0.18181818181818182,0.8181818181818182,0.6840384356390418
6685,11,0,11,0.0,1.0,0.0
6686,11,1,10,0.09090909090909091,0.9090909090909091,0.4394969869215134
6687,11,0,11,0.0,1.0,0.0
6688,11,3,8,0.2727272727272727,0.7272727272727273,0.8453509366224364
6689,11,4,7,0.36363636363636365,0.6363636363636364,0.9456603046006401
6690,11,1,10,0.09090909090909091,0.9090909090909091,0.4394969869215134
6691,11,1,10,0.09090909090909091,0.9090909090909091,0.4394969869215134
6692,11,1,10,0.09090909090909091,0.9090909090909091,0.4394969869215134
6693,11,1,10,0.09090909090909091,0.9090909090909091,0.4394969869215134
6694,11,3,8,0.2727272727272727,0.7272727272727273,0.8453509366224364
6695,11,0,11,0.0,1.0,0.0
6696,11,2,9,0.18181818181818182,0.8181818181818182,0.6840384356390418
6697,11,2,9,0.18181818181818182,0.8181818181818182,0.6840384356390418
6698,11,2,9,0.18181818181818182,0.8181818181818182,0.6840384356390418
6699,11,1,10,0.09090909090909091,0.9090909090909091,0.4394969869215134
6700,11,1,10,0.09090909090909091,0.9090909090909091,0.4394969869215134
6701,11,0,11,0.0,1.0,0.0
6702,11,1,10,0.09090909090909091,0.9090909090909091,0.4394969869215134
6703,11,1,10,0.09090909090909091,0.9090909090909091,0.4394969869215134
6704,11,1,10,0.09090909090909091,0.9090909090909091,0.4394969869215134
6705,11,2,9,0.18181818181818182,0.8181818181818182,0.6840384356390418
6706,11,1,10,0.09090909090909091,0.9090909090909091,0.4394969869215134
6707,11,1,10,0.09090909090909091,0.9090909090909091,0.4394969869215134
6708,11,0,11,0.0,1.0,0.0
6709,11,0,11,0.0,1.0,0.0
6710,11,1,10,0.09090909090909091,0.9090909090909091,0.4394969869215134
6711,11,2,9,0.18181818181818182,0.8181818181818182,0.6840384356390418
6712,11,2,9,0.18181818181818182,0.8181818181818182,0.6840384356390418
6713,11,1,10,0.09090909090909091,0.9090909090909091,0.4394969869215134
6714,11,1,10,0.09090909090909091,0.9090909090909091,0.4394969869215134
6715,11,4,7,0.36363636363636365,0.6363636363636364,0.9456603046006401
6716,11,2,9,0.18181818181818182,0.8181818181818182,0.6840384356390418
6717,11,2,9,0.18181818181818182,0.8181818181818182,0.6840384356390418
6718,11,3,8,0.2727272727272727,0.7272727272727273,0.8453509366224364
6719,11,0,11,0.0,1.0,0.0
6720,11,2,9,0.18181818181818182,0.8181818181818182,0.6840384356390418
6721,11,0,11,0.0,1.0,0.0
6722,11,2,9,0.18181818181818182,0.8181818181818182,0.6840384356390418
6723,11,3,8,0.2727272727272727,0.7272727272727273,0.8453509366224364
6724,11,0,11,0.0,1.0,0.0
6725,11,3,8,0.2727272727272727,0.7272727272727273,0.8453509366224364
6726,11,2,9,0.18181818181818182,0.8181818181818182,0.6840384356390418
6727,11,2,9,0.18181818181818182,0.8181818181818182,0.6840384356390418
6728,11,2,9,0.18181818181818182,0.8181818181818182,0.6840384356390418
6729,11,2,9,0.18181818181818182,0.8181818181818182,0.6840384356390418
6730,11,2,9,0.18181818181818182,0.8181818181818182,0.6840384356390418
6731,11,0,11,0.0,1.0,0.0
6732,11,2,9,0.18181818181818182,0.8181818181818182,0.6840384356390418
6733,11,2,9,0.18181818181818182,0.8181818181818182,0.6840384356390418
6734,11,0,11,0.0,1.0,0.0
6735,11,2,9,0.18181818181818182,0.8181818181818182,0.6840384356390418
6736,11,2,9,0.18181818181818182,0.8181818181818182,0.6840384356390418
6737,11,1,10,0.09090909090909091,0.9090909090909091,0.4394969869215134
6738,11,0,11,0.0,1.0,0.0
6739,11,2,9,0.18181818181818182,0.8181818181818182,0.6840384356390418
6740,11,2,9,0.18181818181818182,0.8181818181818182,0.6840384356390418
6741,11,1,10,0.09090909090909091,0.9090909090909091,0.4394969869215134
6742,11,1,10,0.09090909090909091,0.9090909090909091,0.4394969869215134
6743,11,2,9,0.18181818181818182,0.8181818181818182,0.6840384356390418
6744,11,2,9,0.18181818181818182,0.8181818181818182,0.6840384356390418
6745,11,3,8,0.2727272727272727,0.7272727272727273,0.8453509366224364
6746,11,0,11,0.0,1.0,0.0
6747,11,2,9,0.18181818181818182,0.8181818181818182,0.6840384356390418
6748,11,2,9,0.18181818181818182,0.8181818181818182,0.6840384356390418
6749,11,1,10,0.09090909090909091,0.9090909090909091,0.4394969869215134
6750,11,1,10,0.09090909090909091,0.9090909090909091,0.4394969869215134
6751,11,4,7,0.36363636363636365,0.6363636363636364,0.9456603046006401
6752,11,1,10,0.09090909090909091,0.9090909090909091,0.4394969869215134
6753,11,1,10,0.09090909090909091,0.9090909090909091,0.4394969869215134
6754,11,2,9,0.18181818181818182,0.8181818181818182,0.6840384356390418
6755,11,3,8,0.2727272727272727,0.7272727272727273,0.8453509366224364
6756,11,0,11,0.0,1.0,0.0
6757,11,1,10,0.09090909090909091,0.9090909090909091,0.4394969869215134
6758,11,1,10,0.09090909090909091,0.9090909090909091,0.4394969869215134
6759,11,1,10,0.09090909090909091,0.9090909090909091,0.4394969869215134
6760,11,2,9,0.18181818181818182,0.8181818181818182,0.6840384356390418
6761,11,2,9,0.18181818181818182,0.8181818181818182,0.6840384356390418
6762,11,0,11,0.0,1.0,0.0
6763,11,2,9,0.18181818181818182,0.8181818181818182,0.6840384356390418
6764,11,0,11,0.0,1.0,0.0
6765,11,1,10,0.09090909090909091,0.9090909090909091,0.4394969869215134
6766,11,1,10,0.09090909090909091,0.9090909090909091,0.4394969869215134
6767,11,1,10,0.09090909090909091,0.9090909090909091,0.4394969869215134
6768,11,0,11,0.0,1.0,0.0
6769,11,3,8,0.2727272727272727,0.7272727272727273,0.8453509366224364
6770,11,3,8,0.2727272727272727,0.7272727272727273,0.8453509366224364
6771,11,1,10,0.09090909090909091,0.9090909090909091,0.4394969869215134
6772,11,1,10,0.09090909090909091,0.9090909090909091,0.4394969869215134
6773,11,2,9,0.18181818181818182,0.8181818181818182,0.6840384356390418
6774,11,1,10,0.09090909090909091,0.9090909090909091,0.4394969869215134
6775,11,4,7,0.36363636363636365,0.6363636363636364,0.9456603046006401
6776,11,1,10,0.09090909090909091,0.9090909090909091,0.4394969869215134
6777,11,1,10,0.09090909090909091,0.9090909090909091,0.4394969869215134
6778,11,2,9,0.18181818181818182,0.8181818181818182,0.6840384356390418
6779,11,0,11,0.0,1.0,0.0
6780,11,0,11,0.0,1.0,0.0
6781,11,6,5,0.5454545454545454,0.45454545454545453,0.9940302114769565
6782,11,3,8,0.2727272727272727,0.7272727272727273,0.8453509366224364
6783,11,2,9,0.18181818181818182,0.8181818181818182,0.6840384356390418
6784,11,2,9,0.18181818181818182,0.8181818181818182,0.6840384356390418
6785,11,0,11,0.0,1.0,0.0
6786,11,0,11,0.0,1.0,0.0
6787,11,4,7,0.36363636363636365,0.6363636363636364,0.9456603046006401
6788,11,2,9,0.18181818181818182,0.8181818181818182,0.6840384356390418
6789,11,2,9,0.18181818181818182,0.8181818181818182,0.6840384356390418
6790,11,1,10,0.09090909090909091,0.9090909090909091,0.4394969869215134
6791,11,2,9,0.18181818181818182,0.8181818181818182,0.6840384356390418
6792,11,1,10,0.09090909090909091,0.9090909090909091,0.4394969869215134
6793,11,0,11,0.0,1.0,0.0
6794,11,1,10,0.09090909090909091,0.9090909090909091,0.4394969869215134
6795,11,1,10,0.09090909090909091,0.9090909090909091,0.4394969869215134
6796,11,4,7,0.36363636363636365,0.6363636363636364,0.9456603046006401
6797,11,1,10,0.09090909090909091,0.9090909090909091,0.4394969869215134
6798,11,2,9,0.18181818181818182,0.8181818181818182,0.6840384356390418
6799,11,0,11,0.0,1.0,0.0
6800,11,1,10,0.09090909090909091,0.9090909090909091,0.4394969869215134
6801,11,2,9,0.18181818181818182,0.8181818181818182,0.6840384356390418
6802,11,1,10,0.09090909090909091,0.9090909090909091,0.4394969869215134
6803,11,0,11,0.0,1.0,0.0
6804,11,1,10,0.09090909090909091,0.9090909090909091,0.4394969869215134
6805,11,0,11,0.0,1.0,0.0
6806,11,3,8,0.2727272727272727,0.7272727272727273,0.8453509366224364
6807,11,2,9,0.18181818181818182,0.8181818181818182,0.6840384356390418
6808,11,2,9,0.18181818181818182,0.8181818181818182,0.6840384356390418
6809,11,0,11,0.0,1.0,0.0
6810,11,3,8,0.2727272727272727,0.7272727272727273,0.8453509366224364
6811,11,0,11,0.0,1.0,0.0
6812,11,4,7,0.36363636363636365,0.6363636363636364,0.9456603046006401
6813,11,1,10,0.09090909090909091,0.9090909090909091,0.4394969869215134
6814,11,2,9,0.18181818181818182,0.8181818181818182,0.6840384356390418
6815,11,1,10,0.09090909090909091,0.9090909090909091,0.4394969869215134
6816,11,3,8,0.2727272727272727,0.7272727272727273,0.8453509366224364
6817,11,0,11,0.0,1.0,0.0
6818,11,1,10,0.09090909090909091,0.9090909090909091,0.4394969869215134
6819,11,2,9,0.18181818181818182,0.8181818181818182,0.6840384356390418
6820,11,1,10,0.09090909090909091,0.9090909090909091,0.4394969869215134
6821,11,2,9,0.18181818181818182,0.8181818181818182,0.6840384356390418
6822,11,3,8,0.2727272727272727,0.7272727272727273,0.8453509366224364
6823,11,2,9,0.18181818181818182,0.8181818181818182,0.6840384356390418
6824,11,2,9,0.18181818181818182,0.8181818181818182,0.6840384356390418
6825,11,3,8,0.2727272727272727,0.7272727272727273,0.8453509366224364
6826,11,1,10,0.09090909090909091,0.9090909090909091,0.4394969869215134
6827,11,1,10,0.09090909090909091,0.9090909090909091,0.4394969869215134
6828,11,2,9,0.18181818181818182,0.8181818181818182,0.6840384356390418
6829,11,4,7,0.36363636363636365,0.6363636363636364,0.9456603046006401
6830,11,0,11,0.0,1.0,0.0
6831,11,2,9,0.18181818181818182,0.8181818181818182,0.6840384356390418
6832,11,0,11,0.0,1.0,0.0
6833,11,1,10,0.09090909090909091,0.9090909090909091,0.4394969869215134
6834,11,1,10,0.09090909090909091,0.9090909090909091,0.4394969869215134
6835,11,3,8,0.2727272727272727,0.7272727272727273,0.8453509366224364
6836,11,0,11,0.0,1.0,0.0
6837,11,3,8,0.2727272727272727,0.7272727272727273,0.8453509366224364
6838,11,2,9,0.18181818181818182,0.8181818181818182,0.6840384356390418
6839,11,0,11,0.0,1.0,0.0
6840,11,0,11,0.0,1.0,0.0
6841,11,1,10,0.09090909090909091,0.9090909090909091,0.4394969869215134
6842,11,4,7,0.36363636363636365,0.6363636363636364,0.9456603046006401
6843,11,1,10,0.09090909090909091,0.9090909090909091,0.4394969869215134
6844,11,0,11,0.0,1.0,0.0
6845,11,1,10,0.09090909090909091,0.9090909090909091,0.4394969869215134
6846,11,2,9,0.18181818181818182,0.8181818181818182,0.6840384356390418
6847,11,3,8,0.2727272727272727,0.7272727272727273,0.8453509366224364
6848,11,1,10,0.09090909090909091,0.9090909090909091,0.4394969869215134
6849,11,0,11,0.0,1.0,0.0
6850,11,0,11,0.0,1.0,0.0
6851,11,4,7,0.36363636363636365,0.6363636363636364,0.9456603046006401
6852,11,3,8,0.2727272727272727,0.7272727272727273,0.8453509366224364
6853,11,2,9,0.18181818181818182,0.8181818181818182,0.6840384356390418
6854,11,0,11,0.0,1.0,0.0
6855,11,1,10,0.09090909090909091,0.9090909090909091,0.4394969869215134
6856,11,2,9,0.18181818181818182,0.8181818181818182,0.6840384356390418
6857,11,2,9,0.18181818181818182,0.8181818181818182,0.6840384356390418
6858,11,2,9,0.18181818181818182,0.8181818181818182,0.6840384356390418
6859,11,2,9,0.18181818181818182,0.8181818181818182,0.6840384356390418
6860,11,0,11,0.0,1.0,0.0
6861,11,1,10,0.09090909090909091,0.9090909090909091,0.4394969869215134
6862,11,0,11,0.0,1.0,0.0
6863,11,3,8,0.2727272727272727,0.7272727272727273,0.8453509366224364
6864,11,1,10,0.09090909090909091,0.9090909090909091,0.4394969869215134
6865,11,1,10,0.09090909090909091,0.9090909090909091,0.4394969869215134
6866,11,2,9,0.18181818181818182,0.8181818181818182,0.6840384356390418
6867,11,2,9,0.18181818181818182,0.8181818181818182,0.6840384356390418
6868,11,1,10,0.09090909090909091,0.9090909090909091,0.4394969869215134
6869,11,1,10,0.09090909090909091,0.9090909090909091,0.4394969869215134
6870,11,1,10,0.09090909090909091,0.9090909090909091,0.4394969869215134
6871,11,2,9,0.18181818181818182,0.8181818181818182,0.6840384356390418
6872,11,3,8,0.2727272727272727,0.7272727272727273,0.8453509366224364
6873,11,0,11,0.0,1.0,0.0
6874,11,0,11,0.0,1.0,0.0
6875,11,2,9,0.18181818181818182,0.8181818181818182,0.6840384356390418
6876,11,0,11,0.0,1.0,0.0
6877,11,3,8,0.2727272727272727,0.7272727272727273,0.8453509366224364
6878,11,3,8,0.2727272727272727,0.7272727272727273,0.8453509366224364
6879,11,4,7,0.36363636363636365,0.6363636363636364,0.9456603046006401
6880,11,1,10,0.09090909090909091,0.9090909090909091,0.4394969869215134
6881,11,3,8,0.2727272727272727,0.7272727272727273,0.8453509366224364
6882,11,1,10,0.09090909090909091,0.9090909090909091,0.4394969869215134
6883,11,2,9,0.18181818181818182,0.8181818181818182,0.6840384356390418
6884,11,3,8,0.2727272727272727,0.7272727272727273,0.8453509366224364
6885,11,1,10,0.09090909090909091,0.9090909090909091,0.4394969869215134
6886,11,1,10,0.09090909090909091,0.9090909090909091,0.4394969869215134
6887,11,0,11,0.0,1.0,0.0
6888,11,2,9,0.18181818181818182,0.8181818181818182,0.6840384356390418
6889,11,1,10,0.09090909090909091,0.9090909090909091,0.4394969869215134
6890,11,1,10,0.09090909090909091,0.9090909090909091,0.4394969869215134
6891,11,2,9,0.18181818181818182,0.8181818181818182,0.6840384356390418
6892,11,2,9,0.18181818181818182,0.8181818181818182,0.6840384356390418
6893,11,2,9,0.18181818181818182,0.8181818181818182,0.6840384356390418
6894,11,3,8,0.2727272727272727,0.7272727272727273,0.8453509366224364
6895,11,0,11,0.0,1.0,0.0
6896,11,2,9,0.18181818181818182,0.8181818181818182,0.6840384356390418
6897,11,2,9,0.18181818181818182,0.8181818181818182,0.6840384356390418
6898,11,1,10,0.09090909090909091,0.9090909090909091,0.4394969869215134
6899,11,2,9,0.18181818181818182,0.8181818181818182,0.6840384356390418
6900,11,2,9,0.18181818181818182,0.8181818181818182,0.6840384356390418
6901,11,1,10,0.09090909090909091,0.9090909090909091,0.4394969869215134
6902,11,1,10,0.09090909090909091,0.9090909090909091,0.4394969869215134
6903,11,1,10,0.09090909090909091,0.9090909090909091,0.4394969869215134
6904,11,1,10,0.09090909090909091,0.9090909090909091,0.4394969869215134
6905,11,1,10,0.09090909090909091,0.9090909090909091,0.4394969869215134
6906,11,2,9,0.18181818181818182,0.8181818181818182,0.6840384356390418
6907,11,0,11,0.0,1.0,0.0
6908,11,3,8,0.2727272727272727,0.7272727272727273,0.8453509366224364
6909,11,0,11,0.0,1.0,0.0
6910,11,2,9,0.18181818181818182,0.8181818181818182,0.6840384356390418
6911,11,2,9,0.18181818181818182,0.8181818181818182,0.6840384356390418
6912,11,1,10,0.09090909090909091,0.9090909090909091,0.4394969869215134
6913,11,2,9,0.18181818181818182,0.8181818181818182,0.6840384356390418
6914,11,2,9,0.18181818181818182,0.8181818181818182,0.6840384356390418
6915,11,3,8,0.2727272727272727,0.7272727272727273,0.8453509366224364
6916,11,0,11,0.0,1.0,0.0
6917,11,1,10,0.09090909090909091,0.9090909090909091,0.4394969869215134
6918,11,2,9,0.18181818181818182,0.8181818181818182,0.6840384356390418
6919,11,2,9,0.18181818181818182,0.8181818181818182,0.6840384356390418
6920,11,1,10,0.09090909090909091,0.9090909090909091,0.4394969869215134
6921,11,3,8,0.2727272727272727,0.7272727272727273,0.8453509366224364
6922,11,1,10,0.09090909090909091,0.9090909090909091,0.4394969869215134
6923,11,1,10,0.09090909090909091,0.9090909090909091,0.4394969869215134
6924,11,1,10,0.09090909090909091,0.9090909090909091,0.4394969869215134
6925,11,0,11,0.0,1.0,0.0
6926,11,2,9,0.18181818181818182,0.8181818181818182,0.6840384356390418
6927,11,0,11,0.0,1.0,0.0
6928,11,2,9,0.18181818181818182,0.8181818181818182,0.6840384356390418
6929,11,1,10,0.09090909090909091,0.9090909090909091,0.4394969869215134
6930,11,2,9,0.18181818181818182,0.8181818181818182,0.6840384356390418
6931,11,3,8,0.2727272727272727,0.7272727272727273,0.8453509366224364
6932,11,2,9,0.18181818181818182,0.8181818181818182,0.6840384356390418
6933,11,2,9,0.18181818181818182,0.8181818181818182,0.6840384356390418
6934,11,1,10,0.09090909090909091,0.9090909090909091,0.4394969869215134
6935,11,1,10,0.09090909090909091,0.9090909090909091,0.4394969869215134
6936,11,1,10,0.09090909090909091,0.9090909090909091,0.4394969869215134
6937,11,0,11,0.0,1.0,0.0
6938,11,2,9,0.18181818181818182,0.8181818181818182,0.6840384356390418
6939,11,0,11,0.0,1.0,0.0
6940,11,2,9,0.18181818181818182,0.8181818181818182,0.6840384356390418
6941,11,1,10,0.09090909090909091,0.9090909090909091,0.4394969869215134
6942,11,2,9,0.18181818181818182,0.8181818181818182,0.6840384356390418
6943,11,2,9,0.18181818181818182,0.8181818181818182,0.6840384356390418
6944,11,2,9,0.18181818181818182,0.8181818181818182,0.6840384356390418
6945,11,2,9,0.18181818181818182,0.8181818181818182,0.6840384356390418
6946,11,2,9,0.18181818181818182,0.8181818181818182,0.6840384356390418
6947,11,1,10,0.09090909090909091,0.9090909090909091,0.4394969869215134
6948,11,1,10,0.09090909090909091,0.9090909090909091,0.4394969869215134
6949,11,2,9,0.18181818181818182,0.8181818181818182,0.6840384356390418
6950,11,1,10,0.09090909090909091,0.9090909090909091,0.4394969869215134
6951,11,3,8,0.2727272727272727,0.7272727272727273,0.8453509366224364
6952,11,3,8,0.2727272727272727,0.7272727272727273,0.8453509366224364
6953,11,2,9,0.18181818181818182,0.8181818181818182,0.6840384356390418
6954,11,1,10,0.09090909090909091,0.9090909090909091,0.4394969869215134
6955,11,2,9,0.18181818181818182,0.8181818181818182,0.6840384356390418
6956,11,0,11,0.0,1.0,0.0
6957,11,2,9,0.18181818181818182,0.8181818181818182,0.6840384356390418
6958,11,4,7,0.36363636363636365,0.6363636363636364,0.9456603046006401
6959,11,3,8,0.2727272727272727,0.7272727272727273,0.8453509366224364
6960,11,3,8,0.2727272727272727,0.7272727272727273,0.8453509366224364
6961,11,0,11,0.0,1.0,0.0
6962,11,2,9,0.18181818181818182,0.8181818181818182,0.6840384356390418
6963,11,0,11,0.0,1.0,0.0
6964,11,3,8,0.2727272727272727,0.7272727272727273,0.8453509366224364
6965,11,1,10,0.09090909090909091,0.9090909090909091,0.4394969869215134
6966,11,0,11,0.0,1.0,0.0
6967,11,1,10,0.09090909090909091,0.9090909090909091,0.4394969869215134
6968,11,2,9,0.18181818181818182,0.8181818181818182,0.6840384356390418
6969,11,1,10,0.09090909090909091,0.9090909090909091,0.4394969869215134
6970,11,1,10,0.09090909090909091,0.9090909090909091,0.4394969869215134
6971,11,3,8,0.2727272727272727,0.7272727272727273,0.8453509366224364
6972,11,2,9,0.18181818181818182,0.8181818181818182,0.6840384356390418
6973,11,3,8,0.2727272727272727,0.7272727272727273,0.8453509366224364
6974,11,0,11,0.0,1.0,0.0
6975,11,2,9,0.18181818181818182,0.8181818181818182,0.6840384356390418
6976,11,1,10,0.09090909090909091,0.9090909090909091,0.4394969869215134
6977,11,2,9,0.18181818181818182,0.8181818181818182,0.6840384356390418
6978,11,0,11,0.0,1.0,0.0
6979,11,0,11,0.0,1.0,0.0
6980,11,1,10,0.09090909090909091,0.9090909090909091,0.4394969869215134
6981,11,1,10,0.09090909090909091,0.9090909090909091,0.4394969869215134
6982,11,2,9,0.18181818181818182,0.8181818181818182,0.6840384356390418
6983,11,1,10,0.09090909090909091,0.9090909090909091,0.4394969869215134
6984,11,1,10,0.09090909090909091,0.9090909090909091,0.4394969869215134
6985,11,2,9,0.18181818181818182,0.8181818181818182,0.6840384356390418
6986,11,2,9,0.18181818181818182,0.8181818181818182,0.6840384356390418
6987,11,2,9,0.18181818181818182,0.8181818181818182,0.6840384356390418
6988,11,0,11,0.0,1.0,0.0
6989,11,3,8,0.2727272727272727,0.7272727272727273,0.8453509366224364
6990,11,2,9,0.18181818181818182,0.8181818181818182,0.6840384356390418
6991,11,3,8,0.2727272727272727,0.7272727272727273,0.8453509366224364
6992,11,2,9,0.18181818181818182,0.8181818181818182,0.6840384356390418
6993,11,0,11,0.0,1.0,0.0
6994,11,2,9,0.18181818181818182,0.8181818181818182,0.6840384356390418
6995,11,1,10,0.09090909090909091,0.9090909090909091,0.4394969869215134
6996,11,1,10,0.09090909090909091,0.9090909090909091,0.4394969869215134
6997,11,0,11,0.0,1.0,0.0
6998,11,3,8,0.2727272727272727,0.7272727272727273,0.8453509366224364
6999,11,2,9,0.18181818181818182,0.8181818181818182,0.6840384356390418
7000,11,3,8,0.2727272727272727,0.7272727272727273,0.8453509366224364
7001,11,0,11,0.0,1.0,0.0
7002,11,1,10,0.09090909090909091,0.9090909090909091,0.4394969869215134
7003,11,3,8,0.2727272727272727,0.7272727272727273,0.8453509366224364
7004,11,0,11,0.0,1.0,0.0
7005,11,1,10,0.09090909090909091,0.9090909090909091,0.4394969869215134
7006,11,0,11,0.0,1.0,0.0
7007,11,2,9,0.18181818181818182,0.8181818181818182,0.6840384356390418
7008,11,1,10,0.09090909090909091,0.9090909090909091,0.4394969869215134
7009,11,2,9,0.18181818181818182,0.8181818181818182,0.6840384356390418
7010,11,4,7,0.36363636363636365,0.6363636363636364,0.9456603046006401
7011,11,1,10,0.09090909090909091,0.9090909090909091,0.4394969869215134
7012,11,2,9,0.18181818181818182,0.8181818181818182,0.6840384356390418
7013,11,0,11,0.0,1.0,0.0
7014,11,5,6,0.45454545454545453,0.5454545454545454,0.9940302114769565
7015,11,1,10,0.09090909090909091,0.9090909090909091,0.4394969869215134
7016,11,2,9,0.18181818181818182,0.8181818181818182,0.6840384356390418
7017,11,1,10,0.09090909090909091,0.9090909090909091,0.4394969869215134
7018,11,0,11,0.0,1.0,0.0
7019,11,1,10,0.09090909090909091,0.9090909090909091,0.4394969869215134
7020,11,2,9,0.18181818181818182,0.8181818181818182,0.6840384356390418
7021,11,1,10,0.09090909090909091,0.9090909090909091,0.4394969869215134
7022,11,0,11,0.0,1.0,0.0
7023,11,1,10,0.09090909090909091,0.9090909090909091,0.4394969869215134
7024,11,0,11,0.0,1.0,0.0
7025,11,2,9,0.18181818181818182,0.8181818181818182,0.6840384356390418
7026,11,0,11,0.0,1.0,0.0
7027,11,3,8,0.2727272727272727,0.7272727272727273,0.8453509366224364
7028,11,1,10,0.09090909090909091,0.9090909090909091,0.4394969869215134
7029,11,2,9,0.18181818181818182,0.8181818181818182,0.6840384356390418
7030,11,1,10,0.09090909090909091,0.9090909090909091,0.4394969869215134
7031,11,2,9,0.18181818181818182,0.8181818181818182,0.6840384356390418
7032,11,0,11,0.0,1.0,0.0
7033,11,3,8,0.2727272727272727,0.7272727272727273,0.8453509366224364
7034,11,1,10,0.09090909090909091,0.9090909090909091,0.4394969869215134
7035,11,1,10,0.09090909090909091,0.9090909090909091,0.4394969869215134
7036,11,0,11,0.0,1.0,0.0
7037,11,2,9,0.18181818181818182,0.8181818181818182,0.6840384356390418
7038,11,2,9,0.18181818181818182,0.8181818181818182,0.6840384356390418
7039,11,1,10,0.09090909090909091,0.9090909090909091,0.4394969869215134
7040,11,2,9,0.18181818181818182,0.8181818181818182,0.6840384356390418
7041,11,0,11,0.0,1.0,0.0
7042,11,2,9,0.18181818181818182,0.8181818181818182,0.6840384356390418
7043,11,1,10,0.09090909090909091,0.9090909090909091,0.4394969869215134
7044,11,1,10,0.09090909090909091,0.9090909090909091,0.4394969869215134
7045,11,1,10,0.09090909090909091,0.9090909090909091,0.4394969869215134
7046,11,2,9,0.18181818181818182,0.8181818181818182,0.6840384356390418
7047,11,1,10,0.09090909090909091,0.9090909090909091,0.4394969869215134
7048,11,0,11,0.0,1.0,0.0
7049,11,1,10,0.09090909090909091,0.9090909090909091,0.4394969869215134
7050,11,2,9,0.18181818181818182,0.8181818181818182,0.6840384356390418
7051,11,1,10,0.09090909090909091,0.9090909090909091,0.4394969869215134
7052,11,1,10,0.09090909090909091,0.9090909090909091,0.4394969869215134
7053,11,3,8,0.2727272727272727,0.7272727272727273,0.8453509366224364
7054,11,1,10,0.09090909090909091,0.9090909090909091,0.4394969869215134
7055,11,1,10,0.09090909090909091,0.9090909090909091,0.4394969869215134
7056,11,1,10,0.09090909090909091,0.9090909090909091,0.4394969869215134
7057,11,1,10,0.09090909090909091,0.9090909090909091,0.4394969869215134
7058,11,1,10,0.09090909090909091,0.9090909090909091,0.4394969869215134
7059,11,4,7,0.36363636363636365,0.6363636363636364,0.9456603046006401
7060,11,2,9,0.18181818181818182,0.8181818181818182,0.6840384356390418
7061,11,5,6,0.45454545454545453,0.5454545454545454,0.9940302114769565
7062,11,1,10,0.09090909090909091,0.9090909090909091,0.4394969869215134
7063,11,1,10,0.09090909090909091,0.9090909090909091,0.4394969869215134
7064,11,0,11,0.0,1.0,0.0
7065,11,1,10,0.09090909090909091,0.9090909090909091,0.4394969869215134
7066,11,2,9,0.18181818181818182,0.8181818181818182,0.6840384356390418
7067,11,1,10,0.09090909090909091,0.9090909090909091,0.4394969869215134
7068,11,1,10,0.09090909090909091,0.9090909090909091,0.4394969869215134
7069,11,3,8,0.2727272727272727,0.7272727272727273,0.8453509366224364
7070,11,2,9,0.18181818181818182,0.8181818181818182,0.6840384356390418
7071,11,2,9,0.18181818181818182,0.8181818181818182,0.6840384356390418
7072,11,1,10,0.09090909090909091,0.9090909090909091,0.4394969869215134
7073,11,1,10,0.09090909090909091,0.9090909090909091,0.4394969869215134
7074,11,3,8,0.2727272727272727,0.7272727272727273,0.8453509366224364
7075,11,1,10,0.09090909090909091,0.9090909090909091,0.4394969869215134
7076,11,2,9,0.18181818181818182,0.8181818181818182,0.6840384356390418
7077,11,2,9,0.18181818181818182,0.8181818181818182,0.6840384356390418
7078,11,2,9,0.18181818181818182,0.8181818181818182,0.6840384356390418
7079,11,2,9,0.18181818181818182,0.8181818181818182,0.6840384356390418
7080,11,1,10,0.09090909090909091,0.9090909090909091,0.4394969869215134
7081,11,4,7,0.36363636363636365,0.6363636363636364,0.9456603046006401
7082,11,3,8,0.2727272727272727,0.7272727272727273,0.8453509366224364
7083,11,1,10,0.09090909090909091,0.9090909090909091,0.4394969869215134
7084,11,1,10,0.09090909090909091,0.9090909090909091,0.4394969869215134
7085,11,5,6,0.45454545454545453,0.5454545454545454,0.9940302114769565
7086,11,3,8,0.2727272727272727,0.7272727272727273,0.8453509366224364
7087,11,1,10,0.09090909090909091,0.9090909090909091,0.4394969869215134
7088,11,1,10,0.09090909090909091,0.9090909090909091,0.4394969869215134
7089,11,0,11,0.0,1.0,0.0
7090,11,1,10,0.09090909090909091,0.9090909090909091,0.4394969869215134
7091,11,3,8,0.2727272727272727,0.7272727272727273,0.8453509366224364
7092,11,1,10,0.09090909090909091,0.9090909090909091,0.4394969869215134
7093,11,2,9,0.18181818181818182,0.8181818181818182,0.6840384356390418
7094,11,0,11,0.0,1.0,0.0
7095,11,1,10,0.09090909090909091,0.9090909090909091,0.4394969869215134
7096,11,3,8,0.2727272727272727,0.7272727272727273,0.8453509366224364
7097,11,1,10,0.09090909090909091,0.9090909090909091,0.4394969869215134
7098,11,2,9,0.18181818181818182,0.8181818181818182,0.6840384356390418
7099,11,2,9,0.18181818181818182,0.8181818181818182,0.6840384356390418
7100,11,2,9,0.18181818181818182,0.8181818181818182,0.6840384356390418
7101,11,1,10,0.09090909090909091,0.9090909090909091,0.4394969869215134
7102,11,0,11,0.0,1.0,0.0
7103,11,0,11,0.0,1.0,0.0
7104,11,2,9,0.18181818181818182,0.8181818181818182,0.6840384356390418
7105,11,4,7,0.36363636363636365,0.6363636363636364,0.9456603046006401
7106,11,0,11,0.0,1.0,0.0
7107,11,2,9,0.18181818181818182,0.8181818181818182,0.6840384356390418
7108,11,2,9,0.18181818181818182,0.8181818181818182,0.6840384356390418
7109,11,3,8,0.2727272727272727,0.7272727272727273,0.8453509366224364
7110,11,1,10,0.09090909090909091,0.9090909090909091,0.4394969869215134
7111,11,2,9,0.18181818181818182,0.8181818181818182,0.6840384356390418
7112,11,2,9,0.18181818181818182,0.8181818181818182,0.6840384356390418
7113,11,2,9,0.18181818181818182,0.8181818181818182,0.6840384356390418
7114,11,2,9,0.18181818181818182,0.8181818181818182,0.6840384356390418
7115,11,2,9,0.18181818181818182,0.8181818181818182,0.6840384356390418
7116,11,4,7,0.36363636363636365,0.6363636363636364,0.9456603046006401
7117,11,1,10,0.09090909090909091,0.9090909090909091,0.4394969869215134
7118,11,0,11,0.0,1.0,0.0
7119,11,4,7,0.36363636363636365,0.6363636363636364,0.9456603046006401
7120,11,2,9,0.18181818181818182,0.8181818181818182,0.6840384356390418
7121,11,1,10,0.09090909090909091,0.9090909090909091,0.4394969869215134
7122,11,4,7,0.36363636363636365,0.6363636363636364,0.9456603046006401
7123,11,3,8,0.2727272727272727,0.7272727272727273,0.8453509366224364
7124,11,0,11,0.0,1.0,0.0
7125,11,0,11,0.0,1.0,0.0
7126,11,1,10,0.09090909090909091,0.9090909090909091,0.4394969869215134
7127,11,1,10,0.09090909090909091,0.9090909090909091,0.4394969869215134
7128,11,1,10,0.09090909090909091,0.9090909090909091,0.4394969869215134
7129,11,2,9,0.18181818181818182,0.8181818181818182,0.6840384356390418
7130,11,1,10,0.09090909090909091,0.9090909090909091,0.4394969869215134
7131,11,1,10,0.09090909090909091,0.9090909090909091,0.4394969869215134
7132,11,2,9,0.18181818181818182,0.8181818181818182,0.6840384356390418
7133,11,2,9,0.18181818181818182,0.8181818181818182,0.6840384356390418
7134,11,0,11,0.0,1.0,0.0
7135,11,0,11,0.0,1.0,0.0
7136,11,1,10,0.09090909090909091,0.9090909090909091,0.4394969869215134
7137,11,2,9,0.18181818181818182,0.8181818181818182,0.6840384356390418
7138,11,1,10,0.09090909090909091,0.9090909090909091,0.4394969869215134
7139,11,2,9,0.18181818181818182,0.8181818181818182,0.6840384356390418
7140,11,1,10,0.09090909090909091,0.9090909090909091,0.4394969869215134
7141,11,0,11,0.0,1.0,0.0
7142,11,1,10,0.09090909090909091,0.9090909090909091,0.4394969869215134
7143,11,3,8,0.2727272727272727,0.7272727272727273,0.8453509366224364
7144,11,2,9,0.18181818181818182,0.8181818181818182,0.6840384356390418
7145,11,1,10,0.09090909090909091,0.9090909090909091,0.4394969869215134
7146,11,0,11,0.0,1.0,0.0
7147,11,0,11,0.0,1.0,0.0
7148,11,2,9,0.18181818181818182,0.8181818181818182,0.6840384356390418
7149,11,0,11,0.0,1.0,0.0
7150,11,3,8,0.2727272727272727,0.7272727272727273,0.8453509366224364
7151,11,1,10,0.09090909090909091,0.9090909090909091,0.4394969869215134
7152,11,3,8,0.2727272727272727,0.7272727272727273,0.8453509366224364
7153,11,2,9,0.18181818181818182,0.8181818181818182,0.6840384356390418
7154,11,3,8,0.2727272727272727,0.7272727272727273,0.8453509366224364
7155,11,1,10,0.09090909090909091,0.9090909090909091,0.4394969869215134
7156,11,1,10,0.09090909090909091,0.9090909090909091,0.4394969869215134
7157,11,1,10,0.09090909090909091,0.9090909090909091,0.4394969869215134
7158,11,2,9,0.18181818181818182,0.8181818181818182,0.6840384356390418
7159,11,0,11,0.0,1.0,0.0
7160,11,0,11,0.0,1.0,0.0
7161,11,0,11,0.0,1.0,0.0
7162,11,0,11,0.0,1.0,0.0
7163,11,0,11,0.0,1.0,0.0
7164,11,2,9,0.18181818181818182,0.8181818181818182,0.6840384356390418
7165,11,1,10,0.09090909090909091,0.9090909090909091,0.4394969869215134
7166,11,1,10,0.09090909090909091,0.9090909090909091,0.4394969869215134
7167,11,2,9,0.18181818181818182,0.8181818181818182,0.6840384356390418
7168,11,2,9,0.18181818181818182,0.8181818181818182,0.6840384356390418
7169,11,1,10,0.09090909090909091,0.9090909090909091,0.4394969869215134
7170,11,0,11,0.0,1.0,0.0
7171,11,0,11,0.0,1.0,0.0
7172,11,2,9,0.18181818181818182,0.8181818181818182,0.6840384356390418
7173,11,1,10,0.09090909090909091,0.9090909090909091,0.4394969869215134
7174,11,2,9,0.18181818181818182,0.8181818181818182,0.6840384356390418
7175,11,2,9,0.18181818181818182,0.8181818181818182,0.6840384356390418
7176,11,1,10,0.09090909090909091,0.9090909090909091,0.4394969869215134
7177,11,2,9,0.18181818181818182,0.8181818181818182,0.6840384356390418
7178,11,1,10,0.09090909090909091,0.9090909090909091,0.4394969869215134
7179,11,2,9,0.18181818181818182,0.8181818181818182,0.6840384356390418
7180,11,1,10,0.09090909090909091,0.9090909090909091,0.4394969869215134
7181,11,1,10,0.09090909090909091,0.9090909090909091,0.4394969869215134
7182,11,1,10,0.09090909090909091,0.9090909090909091,0.4394969869215134
7183,11,0,11,0.0,1.0,0.0
7184,11,1,10,0.09090909090909091,0.9090909090909091,0.4394969869215134
7185,11,0,11,0.0,1.0,0.0
7186,11,2,9,0.18181818181818182,0.8181818181818182,0.6840384356390418
7187,11,1,10,0.09090909090909091,0.9090909090909091,0.4394969869215134
7188,11,1,10,0.09090909090909091,0.9090909090909091,0.4394969869215134
7189,11,1,10,0.09090909090909091,0.9090909090909091,0.4394969869215134
7190,11,0,11,0.0,1.0,0.0
7191,11,2,9,0.18181818181818182,0.8181818181818182,0.6840384356390418
7192,11,0,11,0.0,1.0,0.0
7193,11,2,9,0.18181818181818182,0.8181818181818182,0.6840384356390418
7194,11,2,9,0.18181818181818182,0.8181818181818182,0.6840384356390418
7195,11,2,9,0.18181818181818182,0.8181818181818182,0.6840384356390418
7196,11,1,10,0.09090909090909091,0.9090909090909091,0.4394969869215134
7197,11,2,9,0.18181818181818182,0.8181818181818182,0.6840384356390418
7198,11,0,11,0.0,1.0,0.0
7199,11,1,10,0.09090909090909091,0.9090909090909091,0.4394969869215134
7200,11,3,8,0.2727272727272727,0.7272727272727273,0.8453509366224364
7201,11,1,10,0.09090909090909091,0.9090909090909091,0.4394969869215134
7202,11,1,10,0.09090909090909091,0.9090909090909091,0.4394969869215134
7203,11,0,11,0.0,1.0,0.0
7204,11,1,10,0.09090909090909091,0.9090909090909091,0.4394969869215134
7205,11,1,10,0.09090909090909091,0.9090909090909091,0.4394969869215134
7206,11,1,10,0.09090909090909091,0.9090909090909091,0.4394969869215134
7207,11,1,10,0.09090909090909091,0.9090909090909091,0.4394969869215134
7208,11,3,8,0.2727272727272727,0.7272727272727273,0.8453509366224364
7209,11,2,9,0.18181818181818182,0.8181818181818182,0.6840384356390418
7210,11,0,11,0.0,1.0,0.0
7211,11,0,11,0.0,1.0,0.0
7212,11,2,9,0.18181818181818182,0.8181818181818182,0.6840384356390418
7213,11,3,8,0.2727272727272727,0.7272727272727273,0.8453509366224364
7214,11,1,10,0.09090909090909091,0.9090909090909091,0.4394969869215134
7215,11,3,8,0.2727272727272727,0.7272727272727273,0.8453509366224364
7216,11,1,10,0.09090909090909091,0.9090909090909091,0.4394969869215134
7217,11,4,7,0.36363636363636365,0.6363636363636364,0.9456603046006401
7218,11,2,9,0.18181818181818182,0.8181818181818182,0.6840384356390418
7219,11,3,8,0.2727272727272727,0.7272727272727273,0.8453509366224364
7220,11,1,10,0.09090909090909091,0.9090909090909091,0.4394969869215134
7221,11,3,8,0.2727272727272727,0.7272727272727273,0.8453509366224364
7222,11,0,11,0.0,1.0,0.0
7223,11,0,11,0.0,1.0,0.0
7224,11,2,9,0.18181818181818182,0.8181818181818182,0.6840384356390418
7225,11,0,11,0.0,1.0,0.0
7226,11,1,10,0.09090909090909091,0.9090909090909091,0.4394969869215134
7227,11,1,10,0.09090909090909091,0.9090909090909091,0.4394969869215134
7228,11,3,8,0.2727272727272727,0.7272727272727273,0.8453509366224364
7229,11,2,9,0.18181818181818182,0.8181818181818182,0.6840384356390418
7230,11,1,10,0.09090909090909091,0.9090909090909091,0.4394969869215134
7231,11,0,11,0.0,1.0,0.0
7232,11,1,10,0.09090909090909091,0.9090909090909091,0.4394969869215134
7233,11,2,9,0.18181818181818182,0.8181818181818182,0.6840384356390418
7234,11,2,9,0.18181818181818182,0.8181818181818182,0.6840384356390418
7235,11,0,11,0.0,1.0,0.0
7236,11,0,11,0.0,1.0,0.0
7237,11,2,9,0.18181818181818182,0.8181818181818182,0.6840384356390418
7238,11,3,8,0.2727272727272727,0.7272727272727273,0.8453509366224364
7239,11,2,9,0.18181818181818182,0.8181818181818182,0.6840384356390418
7240,11,4,7,0.36363636363636365,0.6363636363636364,0.9456603046006401
7241,11,0,11,0.0,1.0,0.0
7242,11,4,7,0.36363636363636365,0.6363636363636364,0.9456603046006401
7243,11,0,11,0.0,1.0,0.0
7244,11,2,9,0.18181818181818182,0.8181818181818182,0.6840384356390418
7245,11,1,10,0.09090909090909091,0.9090909090909091,0.4394969869215134
7246,11,2,9,0.18181818181818182,0.8181818181818182,0.6840384356390418
7247,11,2,9,0.18181818181818182,0.8181818181818182,0.6840384356390418
7248,11,1,10,0.09090909090909091,0.9090909090909091,0.4394969869215134
7249,11,2,9,0.18181818181818182,0.8181818181818182,0.6840384356390418
7250,11,1,10,0.09090909090909091,0.9090909090909091,0.4394969869215134
7251,11,2,9,0.18181818181818182,0.8181818181818182,0.6840384356390418
7252,11,2,9,0.18181818181818182,0.8181818181818182,0.6840384356390418
7253,11,2,9,0.18181818181818182,0.8181818181818182,0.6840384356390418
7254,11,2,9,0.18181818181818182,0.8181818181818182,0.6840384356390418
7255,11,0,11,0.0,1.0,0.0
7256,11,3,8,0.2727272727272727,0.7272727272727273,0.8453509366224364
7257,11,1,10,0.09090909090909091,0.9090909090909091,0.4394969869215134
7258,11,2,9,0.18181818181818182,0.8181818181818182,0.6840384356390418
7259,11,4,7,0.36363636363636365,0.6363636363636364,0.9456603046006401
7260,11,3,8,0.2727272727272727,0.7272727272727273,0.8453509366224364
7261,11,2,9,0.18181818181818182,0.8181818181818182,0.6840384356390418
7262,11,0,11,0.0,1.0,0.0
7263,11,1,10,0.09090909090909091,0.9090909090909091,0.4394969869215134
7264,11,1,10,0.09090909090909091,0.9090909090909091,0.4394969869215134
7265,11,2,9,0.18181818181818182,0.8181818181818182,0.6840384356390418
7266,11,1,10,0.09090909090909091,0.9090909090909091,0.4394969869215134
7267,11,0,11,0.0,1.0,0.0
7268,11,1,10,0.09090909090909091,0.9090909090909091,0.4394969869215134
7269,11,2,9,0.18181818181818182,0.8181818181818182,0.6840384356390418
7270,11,4,7,0.36363636363636365,0.6363636363636364,0.9456603046006401
7271,11,1,10,0.09090909090909091,0.9090909090909091,0.4394969869215134
7272,11,1,10,0.09090909090909091,0.9090909090909091,0.4394969869215134
7273,11,1,10,0.09090909090909091,0.9090909090909091,0.4394969869215134
7274,11,0,11,0.0,1.0,0.0
7275,11,2,9,0.18181818181818182,0.8181818181818182,0.6840384356390418
7276,11,1,10,0.09090909090909091,0.9090909090909091,0.4394969869215134
7277,11,2,9,0.18181818181818182,0.8181818181818182,0.6840384356390418
7278,11,3,8,0.2727272727272727,0.7272727272727273,0.8453509366224364
7279,11,2,9,0.18181818181818182,0.8181818181818182,0.6840384356390418
7280,11,0,11,0.0,1.0,0.0
7281,11,1,10,0.09090909090909091,0.9090909090909091,0.4394969869215134
7282,11,1,10,0.09090909090909091,0.9090909090909091,0.4394969869215134
7283,11,2,9,0.18181818181818182,0.8181818181818182,0.6840384356390418
7284,11,2,9,0.18181818181818182,0.8181818181818182,0.6840384356390418
7285,11,2,9,0.18181818181818182,0.8181818181818182,0.6840384356390418
7286,11,2,9,0.18181818181818182,0.8181818181818182,0.6840384356390418
7287,11,1,10,0.09090909090909091,0.9090909090909091,0.4394969869215134
7288,11,4,7,0.36363636363636365,0.6363636363636364,0.9456603046006401
7289,11,1,10,0.09090909090909091,0.9090909090909091,0.4394969869215134
7290,11,2,9,0.18181818181818182,0.8181818181818182,0.6840384356390418
7291,11,3,8,0.2727272727272727,0.7272727272727273,0.8453509366224364
7292,11,0,11,0.0,1.0,0.0
7293,11,2,9,0.18181818181818182,0.8181818181818182,0.6840384356390418
7294,11,2,9,0.18181818181818182,0.8181818181818182,0.6840384356390418
7295,11,2,9,0.18181818181818182,0.8181818181818182,0.6840384356390418
7296,11,1,10,0.09090909090909091,0.9090909090909091,0.4394969869215134
7297,11,1,10,0.09090909090909091,0.9090909090909091,0.4394969869215134
7298,11,1,10,0.09090909090909091,0.9090909090909091,0.4394969869215134
7299,11,0,11,0.0,1.0,0.0
7300,11,2,9,0.18181818181818182,0.8181818181818182,0.6840384356390418
7301,11,0,11,0.0,1.0,0.0
7302,11,3,8,0.2727272727272727,0.7272727272727273,0.8453509366224364
7303,11,2,9,0.18181818181818182,0.8181818181818182,0.6840384356390418
7304,11,0,11,0.0,1.0,0.0
7305,11,1,10,0.09090909090909091,0.9090909090909091,0.4394969869215134
7306,11,4,7,0.36363636363636365,0.6363636363636364,0.9456603046006401
7307,11,1,10,0.09090909090909091,0.9090909090909091,0.4394969869215134
7308,11,3,8,0.2727272727272727,0.7272727272727273,0.8453509366224364
7309,11,0,11,0.0,1.0,0.0
7310,11,0,11,0.0,1.0,0.0
7311,11,2,9,0.18181818181818182,0.8181818181818182,0.6840384356390418
7312,11,1,10,0.09090909090909091,0.9090909090909091,0.4394969869215134
7313,11,3,8,0.2727272727272727,0.7272727272727273,0.8453509366224364
7314,11,2,9,0.18181818181818182,0.8181818181818182,0.6840384356390418
7315,11,2,9,0.18181818181818182,0.8181818181818182,0.6840384356390418
7316,11,3,8,0.2727272727272727,0.7272727272727273,0.8453509366224364
7317,11,1,10,0.09090909090909091,0.9090909090909091,0.4394969869215134
7318,11,2,9,0.18181818181818182,0.8181818181818182,0.6840384356390418
7319,11,1,10,0.09090909090909091,0.9090909090909091,0.4394969869215134
7320,11,0,11,0.0,1.0,0.0
7321,11,2,9,0.18181818181818182,0.8181818181818182,0.6840384356390418
7322,11,4,7,0.36363636363636365,0.6363636363636364,0.9456603046006401
7323,11,3,8,0.2727272727272727,0.7272727272727273,0.8453509366224364
7324,11,2,9,0.18181818181818182,0.8181818181818182,0.6840384356390418
7325,11,1,10,0.09090909090909091,0.9090909090909091,0.4394969869215134
7326,11,1,10,0.09090909090909091,0.9090909090909091,0.4394969869215134
7327,11,0,11,0.0,1.0,0.0
7328,11,0,11,0.0,1.0,0.0
7329,11,2,9,0.18181818181818182,0.8181818181818182,0.6840384356390418
7330,11,0,11,0.0,1.0,0.0
7331,11,1,10,0.09090909090909091,0.9090909090909091,0.4394969869215134
7332,11,1,10,0.09090909090909091,0.9090909090909091,0.4394969869215134
7333,11,1,10,0.09090909090909091,0.9090909090909091,0.4394969869215134
7334,11,2,9,0.18181818181818182,0.8181818181818182,0.6840384356390418
7335,11,0,11,0.0,1.0,0.0
7336,11,1,10,0.09090909090909091,0.9090909090909091,0.4394969869215134
7337,11,1,10,0.09090909090909091,0.9090909090909091,0.4394969869215134
7338,11,0,11,0.0,1.0,0.0
7339,11,0,11,0.0,1.0,0.0
7340,11,3,8,0.2727272727272727,0.7272727272727273,0.8453509366224364
7341,11,3,8,0.2727272727272727,0.7272727272727273,0.8453509366224364
7342,11,1,10,0.09090909090909091,0.9090909090909091,0.4394969869215134
7343,11,3,8,0.2727272727272727,0.7272727272727273,0.8453509366224364
7344,11,1,10,0.09090909090909091,0.9090909090909091,0.4394969869215134
7345,11,4,7,0.36363636363636365,0.6363636363636364,0.9456603046006401
7346,11,0,11,0.0,1.0,0.0
7347,11,2,9,0.18181818181818182,0.8181818181818182,0.6840384356390418
7348,11,1,10,0.09090909090909091,0.9090909090909091,0.4394969869215134
7349,11,0,11,0.0,1.0,0.0
7350,11,0,11,0.0,1.0,0.0
7351,11,2,9,0.18181818181818182,0.8181818181818182,0.6840384356390418
7352,11,0,11,0.0,1.0,0.0
7353,11,2,9,0.18181818181818182,0.8181818181818182,0.6840384356390418
7354,11,2,9,0.18181818181818182,0.8181818181818182,0.6840384356390418
7355,11,1,10,0.09090909090909091,0.9090909090909091,0.4394969869215134
7356,11,1,10,0.09090909090909091,0.9090909090909091,0.4394969869215134
7357,11,2,9,0.18181818181818182,0.8181818181818182,0.6840384356390418
7358,11,2,9,0.18181818181818182,0.8181818181818182,0.6840384356390418
7359,11,2,9,0.18181818181818182,0.8181818181818182,0.6840384356390418
7360,11,0,11,0.0,1.0,0.0
7361,11,2,9,0.18181818181818182,0.8181818181818182,0.6840384356390418
7362,11,2,9,0.18181818181818182,0.8181818181818182,0.6840384356390418
7363,11,3,8,0.2727272727272727,0.7272727272727273,0.8453509366224364
7364,11,1,10,0.09090909090909091,0.9090909090909091,0.4394969869215134
7365,11,1,10,0.09090909090909091,0.9090909090909091,0.4394969869215134
7366,11,2,9,0.18181818181818182,0.8181818181818182,0.6840384356390418
7367,11,1,10,0.09090909090909091,0.9090909090909091,0.4394969869215134
7368,11,3,8,0.2727272727272727,0.7272727272727273,0.8453509366224364
7369,11,2,9,0.18181818181818182,0.8181818181818182,0.6840384356390418
7370,11,1,10,0.09090909090909091,0.9090909090909091,0.4394969869215134
7371,11,2,9,0.18181818181818182,0.8181818181818182,0.6840384356390418
7372,11,4,7,0.36363636363636365,0.6363636363636364,0.9456603046006401
7373,11,1,10,0.09090909090909091,0.9090909090909091,0.4394969869215134
7374,11,1,10,0.09090909090909091,0.9090909090909091,0.4394969869215134
7375,11,2,9,0.18181818181818182,0.8181818181818182,0.6840384356390418
7376,11,2,9,0.18181818181818182,0.8181818181818182,0.6840384356390418
7377,11,1,10,0.09090909090909091,0.9090909090909091,0.4394969869215134
7378,11,1,10,0.09090909090909091,0.9090909090909091,0.4394969869215134
7379,11,1,10,0.09090909090909091,0.9090909090909091,0.4394969869215134
7380,11,2,9,0.18181818181818182,0.8181818181818182,0.6840384356390418
7381,11,1,10,0.09090909090909091,0.9090909090909091,0.4394969869215134
7382,11,2,9,0.18181818181818182,0.8181818181818182,0.6840384356390418
7383,11,0,11,0.0,1.0,0.0
7384,11,0,11,0.0,1.0,0.0
7385,11,0,11,0.0,1.0,0.0
7386,11,1,10,0.09090909090909091,0.9090909090909091,0.4394969869215134
7387,11,0,11,0.0,1.0,0.0
7388,11,1,10,0.09090909090909091,0.9090909090909091,0.4394969869215134
7389,11,0,11,0.0,1.0,0.0
7390,11,1,10,0.09090909090909091,0.9090909090909091,0.4394969869215134
7391,11,2,9,0.18181818181818182,0.8181818181818182,0.6840384356390418
7392,11,1,10,0.09090909090909091,0.9090909090909091,0.4394969869215134
7393,11,2,9,0.18181818181818182,0.8181818181818182,0.6840384356390418
7394,11,2,9,0.18181818181818182,0.8181818181818182,0.6840384356390418
7395,11,1,10,0.09090909090909091,0.9090909090909091,0.4394969869215134
7396,11,0,11,0.0,1.0,0.0
7397,11,0,11,0.0,1.0,0.0
7398,11,2,9,0.18181818181818182,0.8181818181818182,0.6840384356390418
7399,11,2,9,0.18181818181818182,0.8181818181818182,0.6840384356390418
7400,11,6,5,0.5454545454545454,0.45454545454545453,0.9940302114769565
7401,11,3,8,0.2727272727272727,0.7272727272727273,0.8453509366224364
7402,11,2,9,0.18181818181818182,0.8181818181818182,0.6840384356390418
7403,11,2,9,0.18181818181818182,0.8181818181818182,0.6840384356390418
7404,11,1,10,0.09090909090909091,0.9090909090909091,0.4394969869215134
7405,11,1,10,0.09090909090909091,0.9090909090909091,0.4394969869215134
7406,11,0,11,0.0,1.0,0.0
7407,11,1,10,0.09090909090909091,0.9090909090909091,0.4394969869215134
7408,11,2,9,0.18181818181818182,0.8181818181818182,0.6840384356390418
7409,11,3,8,0.2727272727272727,0.7272727272727273,0.8453509366224364
7410,11,2,9,0.18181818181818182,0.8181818181818182,0.6840384356390418
7411,11,2,9,0.18181818181818182,0.8181818181818182,0.6840384356390418
7412,11,4,7,0.36363636363636365,0.6363636363636364,0.9456603046006401
7413,11,1,10,0.09090909090909091,0.9090909090909091,0.4394969869215134
7414,11,0,11,0.0,1.0,0.0
7415,11,1,10,0.09090909090909091,0.9090909090909091,0.4394969869215134
7416,11,3,8,0.2727272727272727,0.7272727272727273,0.8453509366224364
7417,11,2,9,0.18181818181818182,0.8181818181818182,0.6840384356390418
7418,11,1,10,0.09090909090909091,0.9090909090909091,0.4394969869215134
7419,11,2,9,0.18181818181818182,0.8181818181818182,0.6840384356390418
7420,11,2,9,0.18181818181818182,0.8181818181818182,0.6840384356390418
7421,11,1,10,0.09090909090909091,0.9090909090909091,0.4394969869215134
7422,11,1,10,0.09090909090909091,0.9090909090909091,0.4394969869215134
7423,11,3,8,0.2727272727272727,0.7272727272727273,0.8453509366224364
7424,11,0,11,0.0,1.0,0.0
7425,11,1,10,0.09090909090909091,0.9090909090909091,0.4394969869215134
7426,11,2,9,0.18181818181818182,0.8181818181818182,0.6840384356390418
7427,11,4,7,0.36363636363636365,0.6363636363636364,0.9456603046006401
7428,11,4,7,0.36363636363636365,0.6363636363636364,0.9456603046006401
7429,11,2,9,0.18181818181818182,0.8181818181818182,0.6840384356390418
7430,11,2,9,0.18181818181818182,0.8181818181818182,0.6840384356390418
7431,11,1,10,0.09090909090909091,0.9090909090909091,0.4394969869215134
7432,11,3,8,0.2727272727272727,0.7272727272727273,0.8453509366224364
7433,11,2,9,0.18181818181818182,0.8181818181818182,0.6840384356390418
7434,11,3,8,0.2727272727272727,0.7272727272727273,0.8453509366224364
7435,11,1,10,0.09090909090909091,0.9090909090909091,0.4394969869215134
7436,11,0,11,0.0,1.0,0.0
7437,11,3,8,0.2727272727272727,0.7272727272727273,0.8453509366224364
7438,11,2,9,0.18181818181818182,0.8181818181818182,0.6840384356390418
7439,11,1,10,0.09090909090909091,0.9090909090909091,0.4394969869215134
7440,11,2,9,0.18181818181818182,0.8181818181818182,0.6840384356390418
7441,11,0,11,0.0,1.0,0.0
7442,11,3,8,0.2727272727272727,0.7272727272727273,0.8453509366224364
7443,11,4,7,0.36363636363636365,0.6363636363636364,0.9456603046006401
7444,11,2,9,0.18181818181818182,0.8181818181818182,0.6840384356390418
7445,11,0,11,0.0,1.0,0.0
7446,11,1,10,0.09090909090909091,0.9090909090909091,0.4394969869215134
7447,11,1,10,0.09090909090909091,0.9090909090909091,0.4394969869215134
7448,11,0,11,0.0,1.0,0.0
7449,11,1,10,0.09090909090909091,0.9090909090909091,0.4394969869215134
7450,11,0,11,0.0,1.0,0.0
7451,11,3,8,0.2727272727272727,0.7272727272727273,0.8453509366224364
7452,11,0,11,0.0,1.0,0.0
7453,11,2,9,0.18181818181818182,0.8181818181818182,0.6840384356390418
7454,11,1,10,0.09090909090909091,0.9090909090909091,0.4394969869215134
7455,11,1,10,0.09090909090909091,0.9090909090909091,0.4394969869215134
7456,11,2,9,0.18181818181818182,0.8181818181818182,0.6840384356390418
7457,11,0,11,0.0,1.0,0.0
7458,11,0,11,0.0,1.0,0.0
7459,11,2,9,0.18181818181818182,0.8181818181818182,0.6840384356390418
7460,11,1,10,0.09090909090909091,0.9090909090909091,0.4394969869215134
7461,11,0,11,0.0,1.0,0.0
7462,11,5,6,0.45454545454545453,0.5454545454545454,0.9940302114769565
7463,11,4,7,0.36363636363636365,0.6363636363636364,0.9456603046006401
7464,11,0,11,0.0,1.0,0.0
7465,11,0,11,0.0,1.0,0.0
7466,11,3,8,0.2727272727272727,0.7272727272727273,0.8453509366224364
7467,11,0,11,0.0,1.0,0.0
7468,11,0,11,0.0,1.0,0.0
7469,11,1,10,0.09090909090909091,0.9090909090909091,0.4394969869215134
7470,11,2,9,0.18181818181818182,0.8181818181818182,0.6840384356390418
7471,11,0,11,0.0,1.0,0.0
7472,11,2,9,0.18181818181818182,0.8181818181818182,0.6840384356390418
7473,11,4,7,0.36363636363636365,0.6363636363636364,0.9456603046006401
7474,11,1,10,0.09090909090909091,0.9090909090909091,0.4394969869215134
7475,11,2,9,0.18181818181818182,0.8181818181818182,0.6840384356390418
7476,11,2,9,0.18181818181818182,0.8181818181818182,0.6840384356390418
7477,11,1,10,0.09090909090909091,0.9090909090909091,0.4394969869215134
7478,11,0,11,0.0,1.0,0.0
7479,11,1,10,0.09090909090909091,0.9090909090909091,0.4394969869215134
7480,11,0,11,0.0,1.0,0.0
7481,11,0,11,0.0,1.0,0.0
7482,11,0,11,0.0,1.0,0.0
7483,11,2,9,0.18181818181818182,0.8181818181818182,0.6840384356390418
7484,11,1,10,0.09090909090909091,0.9090909090909091,0.4394969869215134
7485,11,3,8,0.2727272727272727,0.7272727272727273,0.8453509366224364
7486,11,1,10,0.09090909090909091,0.9090909090909091,0.4394969869215134
7487,11,2,9,0.18181818181818182,0.8181818181818182,0.6840384356390418
7488,11,3,8,0.2727272727272727,0.7272727272727273,0.8453509366224364
7489,11,2,9,0.18181818181818182,0.8181818181818182,0.6840384356390418
7490,11,0,11,0.0,1.0,0.0
7491,11,3,8,0.2727272727272727,0.7272727272727273,0.8453509366224364
7492,11,0,11,0.0,1.0,0.0
7493,11,1,10,0.09090909090909091,0.9090909090909091,0.4394969869215134
7494,11,2,9,0.18181818181818182,0.8181818181818182,0.6840384356390418
7495,11,3,8,0.2727272727272727,0.7272727272727273,0.8453509366224364
7496,11,2,9,0.18181818181818182,0.8181818181818182,0.6840384356390418
7497,11,1,10,0.09090909090909091,0.9090909090909091,0.4394969869215134
7498,11,2,9,0.18181818181818182,0.8181818181818182,0.6840384356390418
7499,11,0,11,0.0,1.0,0.0
7500,11,1,10,0.09090909090909091,0.9090909090909091,0.4394969869215134
7501,11,0,11,0.0,1.0,0.0
7502,11,2,9,0.18181818181818182,0.8181818181818182,0.6840384356390418
7503,11,0,11,0.0,1.0,0.0
7504,11,2,9,0.18181818181818182,0.8181818181818182,0.6840384356390418
7505,11,1,10,0.09090909090909091,0.9090909090909091,0.4394969869215134
7506,11,1,10,0.09090909090909091,0.9090909090909091,0.4394969869215134
7507,11,3,8,0.2727272727272727,0.7272727272727273,0.8453509366224364
7508,11,1,10,0.09090909090909091,0.9090909090909091,0.4394969869215134
7509,11,1,10,0.09090909090909091,0.9090909090909091,0.4394969869215134
7510,11,0,11,0.0,1.0,0.0
7511,11,1,10,0.09090909090909091,0.9090909090909091,0.4394969869215134
7512,11,1,10,0.09090909090909091,0.9090909090909091,0.4394969869215134
7513,11,1,10,0.09090909090909091,0.9090909090909091,0.4394969869215134
7514,11,4,7,0.36363636363636365,0.6363636363636364,0.9456603046006401
7515,11,2,9,0.18181818181818182,0.8181818181818182,0.6840384356390418
7516,11,2,9,0.18181818181818182,0.8181818181818182,0.6840384356390418
7517,11,1,10,0.09090909090909091,0.9090909090909091,0.4394969869215134
7518,11,4,7,0.36363636363636365,0.6363636363636364,0.9456603046006401
7519,11,3,8,0.2727272727272727,0.7272727272727273,0.8453509366224364
7520,11,2,9,0.18181818181818182,0.8181818181818182,0.6840384356390418
7521,11,1,10,0.09090909090909091,0.9090909090909091,0.4394969869215134
7522,11,0,11,0.0,1.0,0.0
7523,11,2,9,0.18181818181818182,0.8181818181818182,0.6840384356390418
7524,11,1,10,0.09090909090909091,0.9090909090909091,0.4394969869215134
7525,11,0,11,0.0,1.0,0.0
7526,11,3,8,0.2727272727272727,0.7272727272727273,0.8453509366224364
7527,11,2,9,0.18181818181818182,0.8181818181818182,0.6840384356390418
7528,11,0,11,0.0,1.0,0.0
7529,11,3,8,0.2727272727272727,0.7272727272727273,0.8453509366224364
7530,11,2,9,0.18181818181818182,0.8181818181818182,0.6840384356390418
7531,11,0,11,0.0,1.0,0.0
7532,11,0,11,0.0,1.0,0.0
7533,11,5,6,0.45454545454545453,0.5454545454545454,0.9940302114769565
7534,11,1,10,0.09090909090909091,0.9090909090909091,0.4394969869215134
7535,11,0,11,0.0,1.0,0.0
7536,11,1,10,0.09090909090909091,0.9090909090909091,0.4394969869215134
7537,11,2,9,0.18181818181818182,0.8181818181818182,0.6840384356390418
7538,11,1,10,0.09090909090909091,0.9090909090909091,0.4394969869215134
7539,11,2,9,0.18181818181818182,0.8181818181818182,0.6840384356390418
7540,11,0,11,0.0,1.0,0.0
7541,11,1,10,0.09090909090909091,0.9090909090909091,0.4394969869215134
7542,11,2,9,0.18181818181818182,0.8181818181818182,0.6840384356390418
7543,11,0,11,0.0,1.0,0.0
7544,11,2,9,0.18181818181818182,0.8181818181818182,0.6840384356390418
7545,11,0,11,0.0,1.0,0.0
7546,11,0,11,0.0,1.0,0.0
7547,11,1,10,0.09090909090909091,0.9090909090909091,0.4394969869215134
7548,11,1,10,0.09090909090909091,0.9090909090909091,0.4394969869215134
7549,11,2,9,0.18181818181818182,0.8181818181818182,0.6840384356390418
7550,11,2,9,0.18181818181818182,0.8181818181818182,0.6840384356390418
7551,11,4,7,0.36363636363636365,0.6363636363636364,0.9456603046006401
7552,11,0,11,0.0,1.0,0.0
7553,11,1,10,0.09090909090909091,0.9090909090909091,0.4394969869215134
7554,11,4,7,0.36363636363636365,0.6363636363636364,0.9456603046006401
7555,11,0,11,0.0,1.0,0.0
7556,11,1,10,0.09090909090909091,0.9090909090909091,0.4394969869215134
7557,11,1,10,0.09090909090909091,0.9090909090909091,0.4394969869215134
7558,11,1,10,0.09090909090909091,0.9090909090909091,0.4394969869215134
7559,11,2,9,0.18181818181818182,0.8181818181818182,0.6840384356390418
7560,11,2,9,0.18181818181818182,0.8181818181818182,0.6840384356390418
7561,11,2,9,0.18181818181818182,0.8181818181818182,0.6840384356390418
7562,11,1,10,0.09090909090909091,0.9090909090909091,0.4394969869215134
7563,11,0,11,0.0,1.0,0.0
7564,11,1,10,0.09090909090909091,0.9090909090909091,0.4394969869215134
7565,11,1,10,0.09090909090909091,0.9090909090909091,0.4394969869215134
7566,11,4,7,0.36363636363636365,0.6363636363636364,0.9456603046006401
7567,11,0,11,0.0,1.0,0.0
7568,11,1,10,0.09090909090909091,0.9090909090909091,0.4394969869215134
7569,11,3,8,0.2727272727272727,0.7272727272727273,0.8453509366224364
7570,11,1,10,0.09090909090909091,0.9090909090909091,0.4394969869215134
7571,11,0,11,0.0,1.0,0.0
7572,11,4,7,0.36363636363636365,0.6363636363636364,0.9456603046006401
7573,11,1,10,0.09090909090909091,0.9090909090909091,0.4394969869215134
7574,11,0,11,0.0,1.0,0.0
7575,11,3,8,0.2727272727272727,0.7272727272727273,0.8453509366224364
7576,11,1,10,0.09090909090909091,0.9090909090909091,0.4394969869215134
7577,11,3,8,0.2727272727272727,0.7272727272727273,0.8453509366224364
7578,11,3,8,0.2727272727272727,0.7272727272727273,0.8453509366224364
7579,11,1,10,0.09090909090909091,0.9090909090909091,0.4394969869215134
7580,11,2,9,0.18181818181818182,0.8181818181818182,0.6840384356390418
7581,11,1,10,0.09090909090909091,0.9090909090909091,0.4394969869215134
7582,11,3,8,0.2727272727272727,0.7272727272727273,0.8453509366224364
7583,11,1,10,0.09090909090909091,0.9090909090909091,0.4394969869215134
7584,11,1,10,0.09090909090909091,0.9090909090909091,0.4394969869215134
7585,11,2,9,0.18181818181818182,0.8181818181818182,0.6840384356390418
7586,11,1,10,0.09090909090909091,0.9090909090909091,0.4394969869215134
7587,11,1,10,0.09090909090909091,0.9090909090909091,0.4394969869215134
7588,11,3,8,0.2727272727272727,0.7272727272727273,0.8453509366224364
7589,11,2,9,0.18181818181818182,0.8181818181818182,0.6840384356390418
7590,11,1,10,0.09090909090909091,0.9090909090909091,0.4394969869215134
7591,11,1,10,0.09090909090909091,0.9090909090909091,0.4394969869215134
7592,11,4,7,0.36363636363636365,0.6363636363636364,0.9456603046006401
7593,11,1,10,0.09090909090909091,0.9090909090909091,0.4394969869215134
7594,11,2,9,0.18181818181818182,0.8181818181818182,0.6840384356390418
7595,11,2,9,0.18181818181818182,0.8181818181818182,0.6840384356390418
7596,11,2,9,0.18181818181818182,0.8181818181818182,0.6840384356390418
7597,11,1,10,0.09090909090909091,0.9090909090909091,0.4394969869215134
7598,11,2,9,0.18181818181818182,0.8181818181818182,0.6840384356390418
7599,11,2,9,0.18181818181818182,0.8181818181818182,0.6840384356390418
7600,11,1,10,0.09090909090909091,0.9090909090909091,0.4394969869215134
7601,11,3,8,0.2727272727272727,0.7272727272727273,0.8453509366224364
7602,11,1,10,0.09090909090909091,0.9090909090909091,0.4394969869215134
7603,11,2,9,0.18181818181818182,0.8181818181818182,0.6840384356390418
7604,11,0,11,0.0,1.0,0.0
7605,11,2,9,0.18181818181818182,0.8181818181818182,0.6840384356390418
7606,11,2,9,0.18181818181818182,0.8181818181818182,0.6840384356390418
7607,11,0,11,0.0,1.0,0.0
7608,11,1,10,0.09090909090909091,0.9090909090909091,0.4394969869215134
7609,11,2,9,0.18181818181818182,0.8181818181818182,0.6840384356390418
7610,11,0,11,0.0,1.0,0.0
7611,11,0,11,0.0,1.0,0.0
7612,11,1,10,0.09090909090909091,0.9090909090909091,0.4394969869215134
7613,11,1,10,0.09090909090909091,0.9090909090909091,0.4394969869215134
7614,11,2,9,0.18181818181818182,0.8181818181818182,0.6840384356390418
7615,11,1,10,0.09090909090909091,0.9090909090909091,0.4394969869215134
7616,11,2,9,0.18181818181818182,0.8181818181818182,0.6840384356390418
7617,11,0,11,0.0,1.0,0.0
7618,11,3,8,0.2727272727272727,0.7272727272727273,0.8453509366224364
7619,11,0,11,0.0,1.0,0.0
7620,11,3,8,0.2727272727272727,0.7272727272727273,0.8453509366224364
7621,11,2,9,0.18181818181818182,0.8181818181818182,0.6840384356390418
7622,11,0,11,0.0,1.0,0.0
7623,11,2,9,0.18181818181818182,0.8181818181818182,0.6840384356390418
7624,11,1,10,0.09090909090909091,0.9090909090909091,0.4394969869215134
7625,11,0,11,0.0,1.0,0.0
7626,11,1,10,0.09090909090909091,0.9090909090909091,0.4394969869215134
7627,11,2,9,0.18181818181818182,0.8181818181818182,0.6840384356390418
7628,11,2,9,0.18181818181818182,0.8181818181818182,0.6840384356390418
7629,11,2,9,0.18181818181818182,0.8181818181818182,0.6840384356390418
7630,11,2,9,0.18181818181818182,0.8181818181818182,0.6840384356390418
7631,11,0,11,0.0,1.0,0.0
7632,11,2,9,0.18181818181818182,0.8181818181818182,0.6840384356390418
7633,11,1,10,0.09090909090909091,0.9090909090909091,0.4394969869215134
7634,11,1,10,0.09090909090909091,0.9090909090909091,0.4394969869215134
7635,11,3,8,0.2727272727272727,0.7272727272727273,0.8453509366224364
7636,11,1,10,0.09090909090909091,0.9090909090909091,0.4394969869215134
7637,11,0,11,0.0,1.0,0.0
7638,11,3,8,0.2727272727272727,0.7272727272727273,0.8453509366224364
7639,11,2,9,0.18181818181818182,0.8181818181818182,0.6840384356390418
7640,11,1,10,0.09090909090909091,0.9090909090909091,0.4394969869215134
7641,11,3,8,0.2727272727272727,0.7272727272727273,0.8453509366224364
7642,11,0,11,0.0,1.0,0.0
7643,11,2,9,0.18181818181818182,0.8181818181818182,0.6840384356390418
7644,11,1,10,0.09090909090909091,0.9090909090909091,0.4394969869215134
7645,11,2,9,0.18181818181818182,0.8181818181818182,0.6840384356390418
7646,11,1,10,0.09090909090909091,0.9090909090909091,0.4394969869215134
7647,11,3,8,0.2727272727272727,0.7272727272727273,0.8453509366224364
7648,11,0,11,0.0,1.0,0.0
7649,11,2,9,0.18181818181818182,0.8181818181818182,0.6840384356390418
7650,11,2,9,0.18181818181818182,0.8181818181818182,0.6840384356390418
7651,11,2,9,0.18181818181818182,0.8181818181818182,0.6840384356390418
7652,11,3,8,0.2727272727272727,0.7272727272727273,0.8453509366224364
7653,11,3,8,0.2727272727272727,0.7272727272727273,0.8453509366224364
7654,11,1,10,0.09090909090909091,0.9090909090909091,0.4394969869215134
7655,11,2,9,0.18181818181818182,0.8181818181818182,0.6840384356390418
7656,11,1,10,0.09090909090909091,0.9090909090909091,0.4394969869215134
7657,11,1,10,0.09090909090909091,0.9090909090909091,0.4394969869215134
7658,11,2,9,0.18181818181818182,0.8181818181818182,0.6840384356390418
7659,11,2,9,0.18181818181818182,0.8181818181818182,0.6840384356390418
7660,11,0,11,0.0,1.0,0.0
7661,11,1,10,0.09090909090909091,0.9090909090909091,0.4394969869215134
7662,11,1,10,0.09090909090909091,0.9090909090909091,0.4394969869215134
7663,11,1,10,0.09090909090909091,0.9090909090909091,0.4394969869215134
7664,11,3,8,0.2727272727272727,0.7272727272727273,0.8453509366224364
7665,11,0,11,0.0,1.0,0.0
7666,11,1,10,0.09090909090909091,0.9090909090909091,0.4394969869215134
7667,11,1,10,0.09090909090909091,0.9090909090909091,0.4394969869215134
7668,11,0,11,0.0,1.0,0.0
7669,11,1,10,0.09090909090909091,0.9090909090909091,0.4394969869215134
7670,11,2,9,0.18181818181818182,0.8181818181818182,0.6840384356390418
7671,11,3,8,0.2727272727272727,0.7272727272727273,0.8453509366224364
7672,11,1,10,0.09090909090909091,0.9090909090909091,0.4394969869215134
7673,11,2,9,0.18181818181818182,0.8181818181818182,0.6840384356390418
7674,11,3,8,0.2727272727272727,0.7272727272727273,0.8453509366224364
7675,11,3,8,0.2727272727272727,0.7272727272727273,0.8453509366224364
7676,11,1,10,0.09090909090909091,0.9090909090909091,0.4394969869215134
7677,11,0,11,0.0,1.0,0.0
7678,11,1,10,0.09090909090909091,0.9090909090909091,0.4394969869215134
7679,11,2,9,0.18181818181818182,0.8181818181818182,0.6840384356390418
7680,11,0,11,0.0,1.0,0.0
7681,11,2,9,0.18181818181818182,0.8181818181818182,0.6840384356390418
7682,11,2,9,0.18181818181818182,0.8181818181818182,0.6840384356390418
7683,11,4,7,0.36363636363636365,0.6363636363636364,0.9456603046006401
7684,11,1,10,0.09090909090909091,0.9090909090909091,0.4394969869215134
7685,11,1,10,0.09090909090909091,0.9090909090909091,0.4394969869215134
7686,11,1,10,0.09090909090909091,0.9090909090909091,0.4394969869215134
7687,11,1,10,0.09090909090909091,0.9090909090909091,0.4394969869215134
7688,11,2,9,0.18181818181818182,0.8181818181818182,0.6840384356390418
7689,11,1,10,0.09090909090909091,0.9090909090909091,0.4394969869215134
7690,11,0,11,0.0,1.0,0.0
7691,11,2,9,0.18181818181818182,0.8181818181818182,0.6840384356390418
7692,11,3,8,0.2727272727272727,0.7272727272727273,0.8453509366224364
7693,11,0,11,0.0,1.0,0.0
7694,11,1,10,0.09090909090909091,0.9090909090909091,0.4394969869215134
7695,11,2,9,0.18181818181818182,0.8181818181818182,0.6840384356390418
7696,11,1,10,0.09090909090909091,0.9090909090909091,0.4394969869215134
7697,11,1,10,0.09090909090909091,0.9090909090909091,0.4394969869215134
7698,11,0,11,0.0,1.0,0.0
7699,11,2,9,0.18181818181818182,0.8181818181818182,0.6840384356390418
7700,11,1,10,0.09090909090909091,0.9090909090909091,0.4394969869215134
7701,11,1,10,0.09090909090909091,0.9090909090909091,0.4394969869215134
7702,11,5,6,0.45454545454545453,0.5454545454545454,0.9940302114769565
7703,11,1,10,0.09090909090909091,0.9090909090909091,0.4394969869215134
7704,11,0,11,0.0,1.0,0.0
7705,11,1,10,0.09090909090909091,0.9090909090909091,0.4394969869215134
7706,11,0,11,0.0,1.0,0.0
7707,11,1,10,0.09090909090909091,0.9090909090909091,0.4394969869215134
7708,11,2,9,0.18181818181818182,0.8181818181818182,0.6840384356390418
7709,11,1,10,0.09090909090909091,0.9090909090909091,0.4394969869215134
7710,11,1,10,0.09090909090909091,0.9090909090909091,0.4394969869215134
7711,11,0,11,0.0,1.0,0.0
7712,11,1,10,0.09090909090909091,0.9090909090909091,0.4394969869215134
7713,11,1,10,0.09090909090909091,0.9090909090909091,0.4394969869215134
7714,11,1,10,0.09090909090909091,0.9090909090909091,0.4394969869215134
7715,11,1,10,0.09090909090909091,0.9090909090909091,0.4394969869215134
7716,11,1,10,0.09090909090909091,0.9090909090909091,0.4394969869215134
7717,11,1,10,0.09090909090909091,0.9090909090909091,0.4394969869215134
7718,11,0,11,0.0,1.0,0.0
7719,11,4,7,0.36363636363636365,0.6363636363636364,0.9456603046006401
7720,11,1,10,0.09090909090909091,0.9090909090909091,0.4394969869215134
7721,11,1,10,0.09090909090909091,0.9090909090909091,0.4394969869215134
7722,11,2,9,0.18181818181818182,0.8181818181818182,0.6840384356390418
7723,11,2,9,0.18181818181818182,0.8181818181818182,0.6840384356390418
7724,11,3,8,0.2727272727272727,0.7272727272727273,0.8453509366224364
7725,11,2,9,0.18181818181818182,0.8181818181818182,0.6840384356390418
7726,11,0,11,0.0,1.0,0.0
7727,11,2,9,0.18181818181818182,0.8181818181818182,0.6840384356390418
7728,11,2,9,0.18181818181818182,0.8181818181818182,0.6840384356390418
7729,11,2,9,0.18181818181818182,0.8181818181818182,0.6840384356390418
7730,11,0,11,0.0,1.0,0.0
7731,11,3,8,0.2727272727272727,0.7272727272727273,0.8453509366224364
7732,11,0,11,0.0,1.0,0.0
7733,11,1,10,0.09090909090909091,0.9090909090909091,0.4394969869215134
7734,11,4,7,0.36363636363636365,0.6363636363636364,0.9456603046006401
7735,11,0,11,0.0,1.0,0.0
7736,11,0,11,0.0,1.0,0.0
7737,11,1,10,0.09090909090909091,0.9090909090909091,0.4394969869215134
7738,11,3,8,0.2727272727272727,0.7272727272727273,0.8453509366224364
7739,11,0,11,0.0,1.0,0.0
7740,11,1,10,0.09090909090909091,0.9090909090909091,0.4394969869215134
7741,11,1,10,0.09090909090909091,0.9090909090909091,0.4394969869215134
7742,11,1,10,0.09090909090909091,0.9090909090909091,0.4394969869215134
7743,11,2,9,0.18181818181818182,0.8181818181818182,0.6840384356390418
7744,11,1,10,0.09090909090909091,0.9090909090909091,0.4394969869215134
7745,11,3,8,0.2727272727272727,0.7272727272727273,0.8453509366224364
7746,11,1,10,0.09090909090909091,0.9090909090909091,0.4394969869215134
7747,11,1,10,0.09090909090909091,0.9090909090909091,0.4394969869215134
7748,11,1,10,0.09090909090909091,0.9090909090909091,0.4394969869215134
7749,11,0,11,0.0,1.0,0.0
7750,11,2,9,0.18181818181818182,0.8181818181818182,0.6840384356390418
7751,11,3,8,0.2727272727272727,0.7272727272727273,0.8453509366224364
7752,11,1,10,0.09090909090909091,0.9090909090909091,0.4394969869215134
7753,11,1,10,0.09090909090909091,0.9090909090909091,0.4394969869215134
7754,11,2,9,0.18181818181818182,0.8181818181818182,0.6840384356390418
7755,11,2,9,0.18181818181818182,0.8181818181818182,0.6840384356390418
7756,11,1,10,0.09090909090909091,0.9090909090909091,0.4394969869215134
7757,11,0,11,0.0,1.0,0.0
7758,11,2,9,0.18181818181818182,0.8181818181818182,0.6840384356390418
7759,11,3,8,0.2727272727272727,0.7272727272727273,0.8453509366224364
7760,11,1,10,0.09090909090909091,0.9090909090909091,0.4394969869215134
7761,11,0,11,0.0,1.0,0.0
7762,11,1,10,0.09090909090909091,0.9090909090909091,0.4394969869215134
7763,11,1,10,0.09090909090909091,0.9090909090909091,0.4394969869215134
7764,11,2,9,0.18181818181818182,0.8181818181818182,0.6840384356390418
7765,11,2,9,0.18181818181818182,0.8181818181818182,0.6840384356390418
7766,11,2,9,0.18181818181818182,0.8181818181818182,0.6840384356390418
7767,11,1,10,0.09090909090909091,0.9090909090909091,0.4394969869215134
7768,11,3,8,0.2727272727272727,0.7272727272727273,0.8453509366224364
7769,11,1,10,0.09090909090909091,0.9090909090909091,0.4394969869215134
7770,11,2,9,0.18181818181818182,0.8181818181818182,0.6840384356390418
7771,11,2,9,0.18181818181818182,0.8181818181818182,0.6840384356390418
7772,11,3,8,0.2727272727272727,0.7272727272727273,0.8453509366224364
7773,11,1,10,0.09090909090909091,0.9090909090909091,0.4394969869215134
7774,11,2,9,0.18181818181818182,0.8181818181818182,0.6840384356390418
7775,11,2,9,0.18181818181818182,0.8181818181818182,0.6840384356390418
7776,11,1,10,0.09090909090909091,0.9090909090909091,0.4394969869215134
7777,11,2,9,0.18181818181818182,0.8181818181818182,0.6840384356390418
7778,11,3,8,0.2727272727272727,0.7272727272727273,0.8453509366224364
7779,11,2,9,0.18181818181818182,0.8181818181818182,0.6840384356390418
7780,11,1,10,0.09090909090909091,0.9090909090909091,0.4394969869215134
7781,11,2,9,0.18181818181818182,0.8181818181818182,0.6840384356390418
7782,11,1,10,0.09090909090909091,0.9090909090909091,0.4394969869215134
7783,11,1,10,0.09090909090909091,0.9090909090909091,0.4394969869215134
7784,11,3,8,0.2727272727272727,0.7272727272727273,0.8453509366224364
7785,11,3,8,0.2727272727272727,0.7272727272727273,0.8453509366224364
7786,11,3,8,0.2727272727272727,0.7272727272727273,0.8453509366224364
7787,11,2,9,0.18181818181818182,0.8181818181818182,0.6840384356390418
7788,11,1,10,0.09090909090909091,0.9090909090909091,0.4394969869215134
7789,11,0,11,0.0,1.0,0.0
7790,11,1,10,0.09090909090909091,0.9090909090909091,0.4394969869215134
7791,11,1,10,0.09090909090909091,0.9090909090909091,0.4394969869215134
7792,11,1,10,0.09090909090909091,0.9090909090909091,0.4394969869215134
7793,11,2,9,0.18181818181818182,0.8181818181818182,0.6840384356390418
7794,11,1,10,0.09090909090909091,0.9090909090909091,0.4394969869215134
7795,11,1,10,0.09090909090909091,0.9090909090909091,0.4394969869215134
7796,11,3,8,0.2727272727272727,0.7272727272727273,0.8453509366224364
7797,11,2,9,0.18181818181818182,0.8181818181818182,0.6840384356390418
7798,11,1,10,0.09090909090909091,0.9090909090909091,0.4394969869215134
7799,11,3,8,0.2727272727272727,0.7272727272727273,0.8453509366224364
7800,11,0,11,0.0,1.0,0.0
7801,11,2,9,0.18181818181818182,0.8181818181818182,0.6840384356390418
7802,11,0,11,0.0,1.0,0.0
7803,11,3,8,0.2727272727272727,0.7272727272727273,0.8453509366224364
7804,11,1,10,0.09090909090909091,0.9090909090909091,0.4394969869215134
7805,11,3,8,0.2727272727272727,0.7272727272727273,0.8453509366224364
7806,11,2,9,0.18181818181818182,0.8181818181818182,0.6840384356390418
7807,11,1,10,0.09090909090909091,0.9090909090909091,0.4394969869215134
7808,11,2,9,0.18181818181818182,0.8181818181818182,0.6840384356390418
7809,11,1,10,0.09090909090909091,0.9090909090909091,0.4394969869215134
7810,11,0,11,0.0,1.0,0.0
7811,11,3,8,0.2727272727272727,0.7272727272727273,0.8453509366224364
7812,11,1,10,0.09090909090909091,0.9090909090909091,0.4394969869215134
7813,11,1,10,0.09090909090909091,0.9090909090909091,0.4394969869215134
7814,11,1,10,0.09090909090909091,0.9090909090909091,0.4394969869215134
7815,11,1,10,0.09090909090909091,0.9090909090909091,0.4394969869215134
7816,11,0,11,0.0,1.0,0.0
7817,11,1,10,0.09090909090909091,0.9090909090909091,0.4394969869215134
7818,11,1,10,0.09090909090909091,0.9090909090909091,0.4394969869215134
7819,11,3,8,0.2727272727272727,0.7272727272727273,0.8453509366224364
7820,11,0,11,0.0,1.0,0.0
7821,11,2,9,0.18181818181818182,0.8181818181818182,0.6840384356390418
7822,11,1,10,0.09090909090909091,0.9090909090909091,0.4394969869215134
7823,11,1,10,0.09090909090909091,0.9090909090909091,0.4394969869215134
7824,11,1,10,0.09090909090909091,0.9090909090909091,0.4394969869215134
7825,11,1,10,0.09090909090909091,0.9090909090909091,0.4394969869215134
7826,11,2,9,0.18181818181818182,0.8181818181818182,0.6840384356390418
7827,11,0,11,0.0,1.0,0.0
7828,11,1,10,0.09090909090909091,0.9090909090909091,0.4394969869215134
7829,11,0,11,0.0,1.0,0.0
7830,11,2,9,0.18181818181818182,0.8181818181818182,0.6840384356390418
7831,11,2,9,0.18181818181818182,0.8181818181818182,0.6840384356390418
7832,11,4,7,0.36363636363636365,0.6363636363636364,0.9456603046006401
7833,11,1,10,0.09090909090909091,0.9090909090909091,0.4394969869215134
7834,11,3,8,0.2727272727272727,0.7272727272727273,0.8453509366224364
7835,11,2,9,0.18181818181818182,0.8181818181818182,0.6840384356390418
7836,11,4,7,0.36363636363636365,0.6363636363636364,0.9456603046006401
7837,11,2,9,0.18181818181818182,0.8181818181818182,0.6840384356390418
7838,11,3,8,0.2727272727272727,0.7272727272727273,0.8453509366224364
7839,11,4,7,0.36363636363636365,0.6363636363636364,0.9456603046006401
7840,11,1,10,0.09090909090909091,0.9090909090909091,0.4394969869215134
7841,11,3,8,0.2727272727272727,0.7272727272727273,0.8453509366224364
7842,11,1,10,0.09090909090909091,0.9090909090909091,0.4394969869215134
7843,11,0,11,0.0,1.0,0.0
7844,11,1,10,0.09090909090909091,0.9090909090909091,0.4394969869215134
7845,11,2,9,0.18181818181818182,0.8181818181818182,0.6840384356390418
7846,11,4,7,0.36363636363636365,0.6363636363636364,0.9456603046006401
7847,11,0,11,0.0,1.0,0.0
7848,11,2,9,0.18181818181818182,0.8181818181818182,0.6840384356390418
7849,11,0,11,0.0,1.0,0.0
7850,11,1,10,0.09090909090909091,0.9090909090909091,0.4394969869215134
7851,11,1,10,0.09090909090909091,0.9090909090909091,0.4394969869215134
7852,11,1,10,0.09090909090909091,0.9090909090909091,0.4394969869215134
7853,11,0,11,0.0,1.0,0.0
7854,11,1,10,0.09090909090909091,0.9090909090909091,0.4394969869215134
7855,11,1,10,0.09090909090909091,0.9090909090909091,0.4394969869215134
7856,11,2,9,0.18181818181818182,0.8181818181818182,0.6840384356390418
7857,11,0,11,0.0,1.0,0.0
7858,11,1,10,0.09090909090909091,0.9090909090909091,0.4394969869215134
7859,11,0,11,0.0,1.0,0.0
7860,11,2,9,0.18181818181818182,0.8181818181818182,0.6840384356390418
7861,11,2,9,0.18181818181818182,0.8181818181818182,0.6840384356390418
7862,11,2,9,0.18181818181818182,0.8181818181818182,0.6840384356390418
7863,11,0,11,0.0,1.0,0.0
7864,11,1,10,0.09090909090909091,0.9090909090909091,0.4394969869215134
7865,11,3,8,0.2727272727272727,0.7272727272727273,0.8453509366224364
7866,11,1,10,0.09090909090909091,0.9090909090909091,0.4394969869215134
7867,11,2,9,0.18181818181818182,0.8181818181818182,0.6840384356390418
7868,11,0,11,0.0,1.0,0.0
7869,11,1,10,0.09090909090909091,0.9090909090909091,0.4394969869215134
7870,11,1,10,0.09090909090909091,0.9090909090909091,0.4394969869215134
7871,11,2,9,0.18181818181818182,0.8181818181818182,0.6840384356390418
7872,11,1,10,0.09090909090909091,0.9090909090909091,0.4394969869215134
7873,11,3,8,0.2727272727272727,0.7272727272727273,0.8453509366224364
7874,11,0,11,0.0,1.0,0.0
7875,11,2,9,0.18181818181818182,0.8181818181818182,0.6840384356390418
7876,11,0,11,0.0,1.0,0.0
7877,11,2,9,0.18181818181818182,0.8181818181818182,0.6840384356390418
7878,11,0,11,0.0,1.0,0.0
7879,11,0,11,0.0,1.0,0.0
7880,11,2,9,0.18181818181818182,0.8181818181818182,0.6840384356390418
7881,11,0,11,0.0,1.0,0.0
7882,11,3,8,0.2727272727272727,0.7272727272727273,0.8453509366224364
7883,11,0,11,0.0,1.0,0.0
7884,11,4,7,0.36363636363636365,0.6363636363636364,0.9456603046006401
7885,11,1,10,0.09090909090909091,0.9090909090909091,0.4394969869215134
7886,11,0,11,0.0,1.0,0.0
7887,11,5,6,0.45454545454545453,0.5454545454545454,0.9940302114769565
7888,11,1,10,0.09090909090909091,0.9090909090909091,0.4394969869215134
7889,11,1,10,0.09090909090909091,0.9090909090909091,0.4394969869215134
7890,11,2,9,0.18181818181818182,0.8181818181818182,0.6840384356390418
7891,11,1,10,0.09090909090909091,0.9090909090909091,0.4394969869215134
7892,11,1,10,0.09090909090909091,0.9090909090909091,0.4394969869215134
7893,11,1,10,0.09090909090909091,0.9090909090909091,0.4394969869215134
7894,11,2,9,0.18181818181818182,0.8181818181818182,0.6840384356390418
7895,11,1,10,0.09090909090909091,0.9090909090909091,0.4394969869215134
7896,11,3,8,0.2727272727272727,0.7272727272727273,0.8453509366224364
7897,11,2,9,0.18181818181818182,0.8181818181818182,0.6840384356390418
7898,11,1,10,0.09090909090909091,0.9090909090909091,0.4394969869215134
7899,11,0,11,0.0,1.0,0.0
7900,11,2,9,0.18181818181818182,0.8181818181818182,0.6840384356390418
7901,11,0,11,0.0,1.0,0.0
7902,11,2,9,0.18181818181818182,0.8181818181818182,0.6840384356390418
7903,11,0,11,0.0,1.0,0.0
7904,11,1,10,0.09090909090909091,0.9090909090909091,0.4394969869215134
7905,11,4,7,0.36363636363636365,0.6363636363636364,0.9456603046006401
7906,11,5,6,0.45454545454545453,0.5454545454545454,0.9940302114769565
7907,11,0,11,0.0,1.0,0.0
7908,11,3,8,0.2727272727272727,0.7272727272727273,0.8453509366224364
7909,11,1,10,0.09090909090909091,0.9090909090909091,0.4394969869215134
7910,11,2,9,0.18181818181818182,0.8181818181818182,0.6840384356390418
7911,11,3,8,0.2727272727272727,0.7272727272727273,0.8453509366224364
7912,11,1,10,0.09090909090909091,0.9090909090909091,0.4394969869215134
7913,11,3,8,0.2727272727272727,0.7272727272727273,0.8453509366224364
7914,11,0,11,0.0,1.0,0.0
7915,11,2,9,0.18181818181818182,0.8181818181818182,0.6840384356390418
7916,11,1,10,0.09090909090909091,0.9090909090909091,0.4394969869215134
7917,11,2,9,0.18181818181818182,0.8181818181818182,0.6840384356390418
7918,11,0,11,0.0,1.0,0.0
7919,11,1,10,0.09090909090909091,0.9090909090909091,0.4394969869215134
7920,11,7,4,0.6363636363636364,0.36363636363636365,0.9456603046006401
7921,11,0,11,0.0,1.0,0.0
7922,11,1,10,0.09090909090909091,0.9090909090909091,0.4394969869215134
7923,11,2,9,0.18181818181818182,0.8181818181818182,0.6840384356390418
7924,11,0,11,0.0,1.0,0.0
7925,11,3,8,0.2727272727272727,0.7272727272727273,0.8453509366224364
7926,11,2,9,0.18181818181818182,0.8181818181818182,0.6840384356390418
7927,11,1,10,0.09090909090909091,0.9090909090909091,0.4394969869215134
7928,11,1,10,0.09090909090909091,0.9090909090909091,0.4394969869215134
7929,11,3,8,0.2727272727272727,0.7272727272727273,0.8453509366224364
7930,11,1,10,0.09090909090909091,0.9090909090909091,0.4394969869215134
7931,11,0,11,0.0,1.0,0.0
7932,11,1,10,0.09090909090909091,0.9090909090909091,0.4394969869215134
7933,11,1,10,0.09090909090909091,0.9090909090909091,0.4394969869215134
7934,11,2,9,0.18181818181818182,0.8181818181818182,0.6840384356390418
7935,11,3,8,0.2727272727272727,0.7272727272727273,0.8453509366224364
7936,11,2,9,0.18181818181818182,0.8181818181818182,0.6840384356390418
7937,11,2,9,0.18181818181818182,0.8181818181818182,0.6840384356390418
7938,11,3,8,0.2727272727272727,0.7272727272727273,0.8453509366224364
7939,11,2,9,0.18181818181818182,0.8181818181818182,0.6840384356390418
7940,11,0,11,0.0,1.0,0.0
7941,11,1,10,0.09090909090909091,0.9090909090909091,0.4394969869215134
7942,11,0,11,0.0,1.0,0.0
7943,11,4,7,0.36363636363636365,0.6363636363636364,0.9456603046006401
7944,11,2,9,0.18181818181818182,0.8181818181818182,0.6840384356390418
7945,11,2,9,0.18181818181818182,0.8181818181818182,0.6840384356390418
7946,11,2,9,0.18181818181818182,0.8181818181818182,0.6840384356390418
7947,11,1,10,0.09090909090909091,0.9090909090909091,0.4394969869215134
7948,11,0,11,0.0,1.0,0.0
7949,11,0,11,0.0,1.0,0.0
7950,11,0,11,0.0,1.0,0.0
7951,11,1,10,0.09090909090909091,0.9090909090909091,0.4394969869215134
7952,11,2,9,0.18181818181818182,0.8181818181818182,0.6840384356390418
7953,11,3,8,0.2727272727272727,0.7272727272727273,0.8453509366224364
7954,11,1,10,0.09090909090909091,0.9090909090909091,0.4394969869215134
7955,11,2,9,0.18181818181818182,0.8181818181818182,0.6840384356390418
7956,11,1,10,0.09090909090909091,0.9090909090909091,0.4394969869215134
7957,11,2,9,0.18181818181818182,0.8181818181818182,0.6840384356390418
7958,11,2,9,0.18181818181818182,0.8181818181818182,0.6840384356390418
7959,11,2,9,0.18181818181818182,0.8181818181818182,0.6840384356390418
7960,11,1,10,0.09090909090909091,0.9090909090909091,0.4394969869215134
7961,11,1,10,0.09090909090909091,0.9090909090909091,0.4394969869215134
7962,11,1,10,0.09090909090909091,0.9090909090909091,0.4394969869215134
7963,11,2,9,0.18181818181818182,0.8181818181818182,0.6840384356390418
7964,11,1,10,0.09090909090909091,0.9090909090909091,0.4394969869215134
7965,11,2,9,0.18181818181818182,0.8181818181818182,0.6840384356390418
7966,11,1,10,0.09090909090909091,0.9090909090909091,0.4394969869215134
7967,11,0,11,0.0,1.0,0.0
7968,11,0,11,0.0,1.0,0.0
7969,11,1,10,0.09090909090909091,0.9090909090909091,0.4394969869215134
7970,11,5,6,0.45454545454545453,0.5454545454545454,0.9940302114769565
7971,11,2,9,0.18181818181818182,0.8181818181818182,0.6840384356390418
7972,11,0,11,0.0,1.0,0.0
7973,11,2,9,0.18181818181818182,0.8181818181818182,0.6840384356390418
7974,11,3,8,0.2727272727272727,0.7272727272727273,0.8453509366224364
7975,11,0,11,0.0,1.0,0.0
7976,11,1,10,0.09090909090909091,0.9090909090909091,0.4394969869215134
7977,11,1,10,0.09090909090909091,0.9090909090909091,0.4394969869215134
7978,11,0,11,0.0,1.0,0.0
7979,11,3,8,0.2727272727272727,0.7272727272727273,0.8453509366224364
7980,11,1,10,0.09090909090909091,0.9090909090909091,0.4394969869215134
7981,11,3,8,0.2727272727272727,0.7272727272727273,0.8453509366224364
7982,11,2,9,0.18181818181818182,0.8181818181818182,0.6840384356390418
7983,11,0,11,0.0,1.0,0.0
7984,11,2,9,0.18181818181818182,0.8181818181818182,0.6840384356390418
7985,11,1,10,0.09090909090909091,0.9090909090909091,0.4394969869215134
7986,11,1,10,0.09090909090909091,0.9090909090909091,0.4394969869215134
7987,11,1,10,0.09090909090909091,0.9090909090909091,0.4394969869215134
7988,11,1,10,0.09090909090909091,0.9090909090909091,0.4394969869215134
7989,11,1,10,0.09090909090909091,0.9090909090909091,0.4394969869215134
7990,11,4,7,0.36363636363636365,0.6363636363636364,0.9456603046006401
7991,11,3,8,0.2727272727272727,0.7272727272727273,0.8453509366224364
7992,11,1,10,0.09090909090909091,0.9090909090909091,0.4394969869215134
7993,11,1,10,0.09090909090909091,0.9090909090909091,0.4394969869215134
7994,11,1,10,0.09090909090909091,0.9090909090909091,0.4394969869215134
7995,11,0,11,0.0,1.0,0.0
7996,11,3,8,0.2727272727272727,0.7272727272727273,0.8453509366224364
7997,11,1,10,0.09090909090909091,0.9090909090909091,0.4394969869215134
7998,11,2,9,0.18181818181818182,0.8181818181818182,0.6840384356390418
7999,11,2,9,0.18181818181818182,0.8181818181818182,0.6840384356390418
8000,11,2,9,0.18181818181818182,0.8181818181818182,0.6840384356390418
8001,11,1,10,0.09090909090909091,0.9090909090909091,0.4394969869215134
8002,11,2,9,0.18181818181818182,0.8181818181818182,0.6840384356390418
8003,11,0,11,0.0,1.0,0.0
8004,11,2,9,0.18181818181818182,0.8181818181818182,0.6840384356390418
8005,11,1,10,0.09090909090909091,0.9090909090909091,0.4394969869215134
8006,11,0,11,0.0,1.0,0.0
8007,11,2,9,0.18181818181818182,0.8181818181818182,0.6840384356390418
8008,11,1,10,0.09090909090909091,0.9090909090909091,0.4394969869215134
8009,11,1,10,0.09090909090909091,0.9090909090909091,0.4394969869215134
8010,11,3,8,0.2727272727272727,0.7272727272727273,0.8453509366224364
8011,11,3,8,0.2727272727272727,0.7272727272727273,0.8453509366224364
8012,11,0,11,0.0,1.0,0.0
8013,11,3,8,0.2727272727272727,0.7272727272727273,0.8453509366224364
8014,11,1,10,0.09090909090909091,0.9090909090909091,0.4394969869215134
8015,11,1,10,0.09090909090909091,0.9090909090909091,0.4394969869215134
8016,11,3,8,0.2727272727272727,0.7272727272727273,0.8453509366224364
8017,11,1,10,0.09090909090909091,0.9090909090909091,0.4394969869215134
8018,11,0,11,0.0,1.0,0.0
8019,11,3,8,0.2727272727272727,0.7272727272727273,0.8453509366224364
8020,11,2,9,0.18181818181818182,0.8181818181818182,0.6840384356390418
8021,11,0,11,0.0,1.0,0.0
8022,11,4,7,0.36363636363636365,0.6363636363636364,0.9456603046006401
8023,11,1,10,0.09090909090909091,0.9090909090909091,0.4394969869215134
8024,11,2,9,0.18181818181818182,0.8181818181818182,0.6840384356390418
8025,11,3,8,0.2727272727272727,0.7272727272727273,0.8453509366224364
8026,11,0,11,0.0,1.0,0.0
8027,11,1,10,0.09090909090909091,0.9090909090909091,0.4394969869215134
8028,11,3,8,0.2727272727272727,0.7272727272727273,0.8453509366224364
8029,11,2,9,0.18181818181818182,0.8181818181818182,0.6840384356390418
8030,11,2,9,0.18181818181818182,0.8181818181818182,0.6840384356390418
8031,11,1,10,0.09090909090909091,0.9090909090909091,0.4394969869215134
8032,11,3,8,0.2727272727272727,0.7272727272727273,0.8453509366224364
8033,11,1,10,0.09090909090909091,0.9090909090909091,0.4394969869215134
8034,11,3,8,0.2727272727272727,0.7272727272727273,0.8453509366224364
8035,11,4,7,0.36363636363636365,0.6363636363636364,0.9456603046006401
8036,11,0,11,0.0,1.0,0.0
8037,11,3,8,0.2727272727272727,0.7272727272727273,0.8453509366224364
8038,11,1,10,0.09090909090909091,0.9090909090909091,0.4394969869215134
8039,11,2,9,0.18181818181818182,0.8181818181818182,0.6840384356390418
8040,11,0,11,0.0,1.0,0.0
8041,11,2,9,0.18181818181818182,0.8181818181818182,0.6840384356390418
8042,11,1,10,0.09090909090909091,0.9090909090909091,0.4394969869215134
8043,11,1,10,0.09090909090909091,0.9090909090909091,0.4394969869215134
8044,11,4,7,0.36363636363636365,0.6363636363636364,0.9456603046006401
8045,11,1,10,0.09090909090909091,0.9090909090909091,0.4394969869215134
8046,11,4,7,0.36363636363636365,0.6363636363636364,0.9456603046006401
8047,11,0,11,0.0,1.0,0.0
8048,11,4,7,0.36363636363636365,0.6363636363636364,0.9456603046006401
8049,11,1,10,0.09090909090909091,0.9090909090909091,0.4394969869215134
8050,11,3,8,0.2727272727272727,0.7272727272727273,0.8453509366224364
8051,11,3,8,0.2727272727272727,0.7272727272727273,0.8453509366224364
8052,11,1,10,0.09090909090909091,0.9090909090909091,0.4394969869215134
8053,11,2,9,0.18181818181818182,0.8181818181818182,0.6840384356390418
8054,11,2,9,0.18181818181818182,0.8181818181818182,0.6840384356390418
8055,11,1,10,0.09090909090909091,0.9090909090909091,0.4394969869215134
8056,11,2,9,0.18181818181818182,0.8181818181818182,0.6840384356390418
8057,11,1,10,0.09090909090909091,0.9090909090909091,0.4394969869215134
8058,11,1,10,0.09090909090909091,0.9090909090909091,0.4394969869215134
8059,11,4,7,0.36363636363636365,0.6363636363636364,0.9456603046006401
8060,11,1,10,0.09090909090909091,0.9090909090909091,0.4394969869215134
8061,11,1,10,0.09090909090909091,0.9090909090909091,0.4394969869215134
8062,11,2,9,0.18181818181818182,0.8181818181818182,0.6840384356390418
8063,11,1,10,0.09090909090909091,0.9090909090909091,0.4394969869215134
8064,11,2,9,0.18181818181818182,0.8181818181818182,0.6840384356390418
8065,11,1,10,0.09090909090909091,0.9090909090909091,0.4394969869215134
8066,11,2,9,0.18181818181818182,0.8181818181818182,0.6840384356390418
8067,11,2,9,0.18181818181818182,0.8181818181818182,0.6840384356390418
8068,11,0,11,0.0,1.0,0.0
8069,11,0,11,0.0,1.0,0.0
8070,11,1,10,0.09090909090909091,0.9090909090909091,0.4394969869215134
8071,11,3,8,0.2727272727272727,0.7272727272727273,0.8453509366224364
8072,11,2,9,0.18181818181818182,0.8181818181818182,0.6840384356390418
8073,11,3,8,0.2727272727272727,0.7272727272727273,0.8453509366224364
8074,11,2,9,0.18181818181818182,0.8181818181818182,0.6840384356390418
8075,11,1,10,0.09090909090909091,0.9090909090909091,0.4394969869215134
8076,11,2,9,0.18181818181818182,0.8181818181818182,0.6840384356390418
8077,11,2,9,0.18181818181818182,0.8181818181818182,0.6840384356390418
8078,11,2,9,0.18181818181818182,0.8181818181818182,0.6840384356390418
8079,11,4,7,0.36363636363636365,0.6363636363636364,0.9456603046006401
8080,11,2,9,0.18181818181818182,0.8181818181818182,0.6840384356390418
8081,11,0,11,0.0,1.0,0.0
8082,11,0,11,0.0,1.0,0.0
8083,11,1,10,0.09090909090909091,0.9090909090909091,0.4394969869215134
8084,11,1,10,0.09090909090909091,0.9090909090909091,0.4394969869215134
8085,11,0,11,0.0,1.0,0.0
8086,11,3,8,0.2727272727272727,0.7272727272727273,0.8453509366224364
8087,11,1,10,0.09090909090909091,0.9090909090909091,0.4394969869215134
8088,11,2,9,0.18181818181818182,0.8181818181818182,0.6840384356390418
8089,11,0,11,0.0,1.0,0.0
8090,11,1,10,0.09090909090909091,0.9090909090909091,0.4394969869215134
8091,11,0,11,0.0,1.0,0.0
8092,11,2,9,0.18181818181818182,0.8181818181818182,0.6840384356390418
8093,11,2,9,0.18181818181818182,0.8181818181818182,0.6840384356390418
8094,11,3,8,0.2727272727272727,0.7272727272727273,0.8453509366224364
8095,11,0,11,0.0,1.0,0.0
8096,11,2,9,0.18181818181818182,0.8181818181818182,0.6840384356390418
8097,11,1,10,0.09090909090909091,0.9090909090909091,0.4394969869215134
8098,11,0,11,0.0,1.0,0.0
8099,11,3,8,0.2727272727272727,0.7272727272727273,0.8453509366224364
8100,11,2,9,0.18181818181818182,0.8181818181818182,0.6840384356390418
8101,11,0,11,0.0,1.0,0.0
8102,11,0,11,0.0,1.0,0.0
8103,11,1,10,0.09090909090909091,0.9090909090909091,0.4394969869215134
8104,11,2,9,0.18181818181818182,0.8181818181818182,0.6840384356390418
8105,11,1,10,0.09090909090909091,0.9090909090909091,0.4394969869215134
8106,11,0,11,0.0,1.0,0.0
8107,11,1,10,0.09090909090909091,0.9090909090909091,0.4394969869215134
8108,11,1,10,0.09090909090909091,0.9090909090909091,0.4394969869215134
8109,11,0,11,0.0,1.0,0.0
8110,11,0,11,0.0,1.0,0.0
8111,11,1,10,0.09090909090909091,0.9090909090909091,0.4394969869215134
8112,11,1,10,0.09090909090909091,0.9090909090909091,0.4394969869215134
8113,11,4,7,0.36363636363636365,0.6363636363636364,0.9456603046006401
8114,11,2,9,0.18181818181818182,0.8181818181818182,0.6840384356390418
8115,11,1,10,0.09090909090909091,0.9090909090909091,0.4394969869215134
8116,11,0,11,0.0,1.0,0.0
8117,11,1,10,0.09090909090909091,0.9090909090909091,0.4394969869215134
8118,11,2,9,0.18181818181818182,0.8181818181818182,0.6840384356390418
8119,11,2,9,0.18181818181818182,0.8181818181818182,0.6840384356390418
8120,11,4,7,0.36363636363636365,0.6363636363636364,0.9456603046006401
8121,11,1,10,0.09090909090909091,0.9090909090909091,0.4394969869215134
8122,11,1,10,0.09090909090909091,0.9090909090909091,0.4394969869215134
8123,11,4,7,0.36363636363636365,0.6363636363636364,0.9456603046006401
8124,11,3,8,0.2727272727272727,0.7272727272727273,0.8453509366224364
8125,11,3,8,0.2727272727272727,0.7272727272727273,0.8453509366224364
8126,11,2,9,0.18181818181818182,0.8181818181818182,0.6840384356390418
8127,11,2,9,0.18181818181818182,0.8181818181818182,0.6840384356390418
8128,11,1,10,0.09090909090909091,0.9090909090909091,0.4394969869215134
8129,11,1,10,0.09090909090909091,0.9090909090909091,0.4394969869215134
8130,11,4,7,0.36363636363636365,0.6363636363636364,0.9456603046006401
8131,11,1,10,0.09090909090909091,0.9090909090909091,0.4394969869215134
8132,11,1,10,0.09090909090909091,0.9090909090909091,0.4394969869215134
8133,11,1,10,0.09090909090909091,0.9090909090909091,0.4394969869215134
8134,11,2,9,0.18181818181818182,0.8181818181818182,0.6840384356390418
8135,11,0,11,0.0,1.0,0.0
8136,11,1,10,0.09090909090909091,0.9090909090909091,0.4394969869215134
8137,11,1,10,0.09090909090909091,0.9090909090909091,0.4394969869215134
8138,11,2,9,0.18181818181818182,0.8181818181818182,0.6840384356390418
8139,11,0,11,0.0,1.0,0.0
8140,11,0,11,0.0,1.0,0.0
8141,11,1,10,0.09090909090909091,0.9090909090909091,0.4394969869215134
8142,11,1,10,0.09090909090909091,0.9090909090909091,0.4394969869215134
8143,11,1,10,0.09090909090909091,0.9090909090909091,0.4394969869215134
8144,11,1,10,0.09090909090909091,0.9090909090909091,0.4394969869215134
8145,11,0,11,0.0,1.0,0.0
8146,11,3,8,0.2727272727272727,0.7272727272727273,0.8453509366224364
8147,11,1,10,0.09090909090909091,0.9090909090909091,0.4394969869215134
8148,11,2,9,0.18181818181818182,0.8181818181818182,0.6840384356390418
8149,11,3,8,0.2727272727272727,0.7272727272727273,0.8453509366224364
8150,11,2,9,0.18181818181818182,0.8181818181818182,0.6840384356390418
8151,11,2,9,0.18181818181818182,0.8181818181818182,0.6840384356390418
8152,11,2,9,0.18181818181818182,0.8181818181818182,0.6840384356390418
8153,11,1,10,0.09090909090909091,0.9090909090909091,0.4394969869215134
8154,11,2,9,0.18181818181818182,0.8181818181818182,0.6840384356390418
8155,11,2,9,0.18181818181818182,0.8181818181818182,0.6840384356390418
8156,11,3,8,0.2727272727272727,0.7272727272727273,0.8453509366224364
8157,11,1,10,0.09090909090909091,0.9090909090909091,0.4394969869215134
8158,11,1,10,0.09090909090909091,0.9090909090909091,0.4394969869215134
8159,11,1,10,0.09090909090909091,0.9090909090909091,0.4394969869215134
8160,11,1,10,0.09090909090909091,0.9090909090909091,0.4394969869215134
8161,11,1,10,0.09090909090909091,0.9090909090909091,0.4394969869215134
8162,11,0,11,0.0,1.0,0.0
8163,11,1,10,0.09090909090909091,0.9090909090909091,0.4394969869215134
8164,11,3,8,0.2727272727272727,0.7272727272727273,0.8453509366224364
8165,11,4,7,0.36363636363636365,0.6363636363636364,0.9456603046006401
8166,11,1,10,0.09090909090909091,0.9090909090909091,0.4394969869215134
8167,11,1,10,0.09090909090909091,0.9090909090909091,0.4394969869215134
8168,11,3,8,0.2727272727272727,0.7272727272727273,0.8453509366224364
8169,11,0,11,0.0,1.0,0.0
8170,11,4,7,0.36363636363636365,0.6363636363636364,0.9456603046006401
8171,11,1,10,0.09090909090909091,0.9090909090909091,0.4394969869215134
8172,11,1,10,0.09090909090909091,0.9090909090909091,0.4394969869215134
8173,11,1,10,0.09090909090909091,0.9090909090909091,0.4394969869215134
8174,11,1,10,0.09090909090909091,0.9090909090909091,0.4394969869215134
8175,11,0,11,0.0,1.0,0.0
8176,11,2,9,0.18181818181818182,0.8181818181818182,0.6840384356390418
8177,11,2,9,0.18181818181818182,0.8181818181818182,0.6840384356390418
8178,11,1,10,0.09090909090909091,0.9090909090909091,0.4394969869215134
8179,11,2,9,0.18181818181818182,0.8181818181818182,0.6840384356390418
8180,11,3,8,0.2727272727272727,0.7272727272727273,0.8453509366224364
8181,11,2,9,0.18181818181818182,0.8181818181818182,0.6840384356390418
8182,11,2,9,0.18181818181818182,0.8181818181818182,0.6840384356390418
8183,11,1,10,0.09090909090909091,0.9090909090909091,0.4394969869215134
8184,11,1,10,0.09090909090909091,0.9090909090909091,0.4394969869215134
8185,11,2,9,0.18181818181818182,0.8181818181818182,0.6840384356390418
8186,11,0,11,0.0,1.0,0.0
8187,11,1,10,0.09090909090909091,0.9090909090909091,0.4394969869215134
8188,11,1,10,0.09090909090909091,0.9090909090909091,0.4394969869215134
8189,11,0,11,0.0,1.0,0.0
8190,11,4,7,0.36363636363636365,0.6363636363636364,0.9456603046006401
8191,11,1,10,0.09090909090909091,0.9090909090909091,0.4394969869215134
8192,11,1,10,0.09090909090909091,0.9090909090909091,0.4394969869215134
8193,11,3,8,0.2727272727272727,0.7272727272727273,0.8453509366224364
8194,11,0,11,0.0,1.0,0.0
8195,11,1,10,0.09090909090909091,0.9090909090909091,0.4394969869215134
8196,11,4,7,0.36363636363636365,0.6363636363636364,0.9456603046006401
8197,11,0,11,0.0,1.0,0.0
8198,11,2,9,0.18181818181818182,0.8181818181818182,0.6840384356390418
8199,11,3,8,0.2727272727272727,0.7272727272727273,0.8453509366224364
8200,11,1,10,0.09090909090909091,0.9090909090909091,0.4394969869215134
8201,11,1,10,0.09090909090909091,0.9090909090909091,0.4394969869215134
8202,11,2,9,0.18181818181818182,0.8181818181818182,0.6840384356390418
8203,11,1,10,0.09090909090909091,0.9090909090909091,0.4394969869215134
8204,11,0,11,0.0,1.0,0.0
8205,11,2,9,0.18181818181818182,0.8181818181818182,0.6840384356390418
8206,11,2,9,0.18181818181818182,0.8181818181818182,0.6840384356390418
8207,11,1,10,0.09090909090909091,0.9090909090909091,0.4394969869215134
8208,11,1,10,0.09090909090909091,0.9090909090909091,0.4394969869215134
8209,11,0,11,0.0,1.0,0.0
8210,11,2,9,0.18181818181818182,0.8181818181818182,0.6840384356390418
8211,11,2,9,0.18181818181818182,0.8181818181818182,0.6840384356390418
8212,11,3,8,0.2727272727272727,0.7272727272727273,0.8453509366224364
8213,11,0,11,0.0,1.0,0.0
8214,11,2,9,0.18181818181818182,0.8181818181818182,0.6840384356390418
8215,11,3,8,0.2727272727272727,0.7272727272727273,0.8453509366224364
8216,11,2,9,0.18181818181818182,0.8181818181818182,0.6840384356390418
8217,11,3,8,0.2727272727272727,0.7272727272727273,0.8453509366224364
8218,11,1,10,0.09090909090909091,0.9090909090909091,0.4394969869215134
8219,11,2,9,0.18181818181818182,0.8181818181818182,0.6840384356390418
8220,11,1,10,0.09090909090909091,0.9090909090909091,0.4394969869215134
8221,11,1,10,0.09090909090909091,0.9090909090909091,0.4394969869215134
8222,11,2,9,0.18181818181818182,0.8181818181818182,0.6840384356390418
8223,11,2,9,0.18181818181818182,0.8181818181818182,0.6840384356390418
8224,11,2,9,0.18181818181818182,0.8181818181818182,0.6840384356390418
8225,11,2,9,0.18181818181818182,0.8181818181818182,0.6840384356390418
8226,11,1,10,0.09090909090909091,0.9090909090909091,0.4394969869215134
8227,11,1,10,0.09090909090909091,0.9090909090909091,0.4394969869215134
8228,11,1,10,0.09090909090909091,0.9090909090909091,0.4394969869215134
8229,11,3,8,0.2727272727272727,0.7272727272727273,0.8453509366224364
8230,11,0,11,0.0,1.0,0.0
8231,11,1,10,0.09090909090909091,0.9090909090909091,0.4394969869215134
8232,11,3,8,0.2727272727272727,0.7272727272727273,0.8453509366224364
8233,11,2,9,0.18181818181818182,0.8181818181818182,0.6840384356390418
8234,11,0,11,0.0,1.0,0.0
8235,11,2,9,0.18181818181818182,0.8181818181818182,0.6840384356390418
8236,11,2,9,0.18181818181818182,0.8181818181818182,0.6840384356390418
8237,11,2,9,0.18181818181818182,0.8181818181818182,0.6840384356390418
8238,11,0,11,0.0,1.0,0.0
8239,11,2,9,0.18181818181818182,0.8181818181818182,0.6840384356390418
8240,11,2,9,0.18181818181818182,0.8181818181818182,0.6840384356390418
8241,11,3,8,0.2727272727272727,0.7272727272727273,0.8453509366224364
8242,11,1,10,0.09090909090909091,0.9090909090909091,0.4394969869215134
8243,11,1,10,0.09090909090909091,0.9090909090909091,0.4394969869215134
8244,11,0,11,0.0,1.0,0.0
8245,11,1,10,0.09090909090909091,0.9090909090909091,0.4394969869215134
8246,11,2,9,0.18181818181818182,0.8181818181818182,0.6840384356390418
8247,11,2,9,0.18181818181818182,0.8181818181818182,0.6840384356390418
8248,11,0,11,0.0,1.0,0.0
8249,11,1,10,0.09090909090909091,0.9090909090909091,0.4394969869215134
8250,11,1,10,0.09090909090909091,0.9090909090909091,0.4394969869215134
8251,11,0,11,0.0,1.0,0.0
8252,11,5,6,0.45454545454545453,0.5454545454545454,0.9940302114769565
8253,11,2,9,0.18181818181818182,0.8181818181818182,0.6840384356390418
8254,11,2,9,0.18181818181818182,0.8181818181818182,0.6840384356390418
8255,11,2,9,0.18181818181818182,0.8181818181818182,0.6840384356390418
8256,11,0,11,0.0,1.0,0.0
8257,11,1,10,0.09090909090909091,0.9090909090909091,0.4394969869215134
8258,11,1,10,0.09090909090909091,0.9090909090909091,0.4394969869215134
8259,11,3,8,0.2727272727272727,0.7272727272727273,0.8453509366224364
8260,11,4,7,0.36363636363636365,0.6363636363636364,0.9456603046006401
8261,11,1,10,0.09090909090909091,0.9090909090909091,0.4394969869215134
8262,11,3,8,0.2727272727272727,0.7272727272727273,0.8453509366224364
8263,11,1,10,0.09090909090909091,0.9090909090909091,0.4394969869215134
8264,11,1,10,0.09090909090909091,0.9090909090909091,0.4394969869215134
8265,11,2,9,0.18181818181818182,0.8181818181818182,0.6840384356390418
8266,11,1,10,0.09090909090909091,0.9090909090909091,0.4394969869215134
8267,11,3,8,0.2727272727272727,0.7272727272727273,0.8453509366224364
8268,11,1,10,0.09090909090909091,0.9090909090909091,0.4394969869215134
8269,11,3,8,0.2727272727272727,0.7272727272727273,0.8453509366224364
8270,11,1,10,0.09090909090909091,0.9090909090909091,0.4394969869215134
8271,11,2,9,0.18181818181818182,0.8181818181818182,0.6840384356390418
8272,11,1,10,0.09090909090909091,0.9090909090909091,0.4394969869215134
8273,11,0,11,0.0,1.0,0.0
8274,11,3,8,0.2727272727272727,0.7272727272727273,0.8453509366224364
8275,11,2,9,0.18181818181818182,0.8181818181818182,0.6840384356390418
8276,11,0,11,0.0,1.0,0.0
8277,11,1,10,0.09090909090909091,0.9090909090909091,0.4394969869215134
8278,11,1,10,0.09090909090909091,0.9090909090909091,0.4394969869215134
8279,11,0,11,0.0,1.0,0.0
8280,11,1,10,0.09090909090909091,0.9090909090909091,0.4394969869215134
8281,11,1,10,0.09090909090909091,0.9090909090909091,0.4394969869215134
8282,11,3,8,0.2727272727272727,0.7272727272727273,0.8453509366224364
8283,11,1,10,0.09090909090909091,0.9090909090909091,0.4394969869215134
8284,11,3,8,0.2727272727272727,0.7272727272727273,0.8453509366224364
8285,11,1,10,0.09090909090909091,0.9090909090909091,0.4394969869215134
8286,11,2,9,0.18181818181818182,0.8181818181818182,0.6840384356390418
8287,11,2,9,0.18181818181818182,0.8181818181818182,0.6840384356390418
8288,11,2,9,0.18181818181818182,0.8181818181818182,0.6840384356390418
8289,11,0,11,0.0,1.0,0.0
8290,11,1,10,0.09090909090909091,0.9090909090909091,0.4394969869215134
8291,11,1,10,0.09090909090909091,0.9090909090909091,0.4394969869215134
8292,11,3,8,0.2727272727272727,0.7272727272727273,0.8453509366224364
8293,11,1,10,0.09090909090909091,0.9090909090909091,0.4394969869215134
8294,11,2,9,0.18181818181818182,0.8181818181818182,0.6840384356390418
8295,11,1,10,0.09090909090909091,0.9090909090909091,0.4394969869215134
8296,11,3,8,0.2727272727272727,0.7272727272727273,0.8453509366224364
8297,11,1,10,0.09090909090909091,0.9090909090909091,0.4394969869215134
8298,11,3,8,0.2727272727272727,0.7272727272727273,0.8453509366224364
8299,11,1,10,0.09090909090909091,0.9090909090909091,0.4394969869215134
8300,11,1,10,0.09090909090909091,0.9090909090909091,0.4394969869215134
8301,11,2,9,0.18181818181818182,0.8181818181818182,0.6840384356390418
8302,11,1,10,0.09090909090909091,0.9090909090909091,0.4394969869215134
8303,11,2,9,0.18181818181818182,0.8181818181818182,0.6840384356390418
8304,11,0,11,0.0,1.0,0.0
8305,11,4,7,0.36363636363636365,0.6363636363636364,0.9456603046006401
8306,11,1,10,0.09090909090909091,0.9090909090909091,0.4394969869215134
8307,11,0,11,0.0,1.0,0.0
8308,11,1,10,0.09090909090909091,0.9090909090909091,0.4394969869215134
8309,11,1,10,0.09090909090909091,0.9090909090909091,0.4394969869215134
8310,11,1,10,0.09090909090909091,0.9090909090909091,0.4394969869215134
8311,11,4,7,0.36363636363636365,0.6363636363636364,0.9456603046006401
8312,11,1,10,0.09090909090909091,0.9090909090909091,0.4394969869215134
8313,11,1,10,0.09090909090909091,0.9090909090909091,0.4394969869215134
8314,11,2,9,0.18181818181818182,0.8181818181818182,0.6840384356390418
8315,11,1,10,0.09090909090909091,0.9090909090909091,0.4394969869215134
8316,11,1,10,0.09090909090909091,0.9090909090909091,0.4394969869215134
8317,11,2,9,0.18181818181818182,0.8181818181818182,0.6840384356390418
8318,11,2,9,0.18181818181818182,0.8181818181818182,0.6840384356390418
8319,11,1,10,0.09090909090909091,0.9090909090909091,0.4394969869215134
8320,11,3,8,0.2727272727272727,0.7272727272727273,0.8453509366224364
8321,11,1,10,0.09090909090909091,0.9090909090909091,0.4394969869215134
8322,11,1,10,0.09090909090909091,0.9090909090909091,0.4394969869215134
8323,11,0,11,0.0,1.0,0.0
8324,11,2,9,0.18181818181818182,0.8181818181818182,0.6840384356390418
8325,11,1,10,0.09090909090909091,0.9090909090909091,0.4394969869215134
8326,11,2,9,0.18181818181818182,0.8181818181818182,0.6840384356390418
8327,11,1,10,0.09090909090909091,0.9090909090909091,0.4394969869215134
8328,11,1,10,0.09090909090909091,0.9090909090909091,0.4394969869215134
8329,11,3,8,0.2727272727272727,0.7272727272727273,0.8453509366224364
8330,11,2,9,0.18181818181818182,0.8181818181818182,0.6840384356390418
8331,11,2,9,0.18181818181818182,0.8181818181818182,0.6840384356390418
8332,11,1,10,0.09090909090909091,0.9090909090909091,0.4394969869215134
8333,11,1,10,0.09090909090909091,0.9090909090909091,0.4394969869215134
8334,11,2,9,0.18181818181818182,0.8181818181818182,0.6840384356390418
8335,11,0,11,0.0,1.0,0.0
8336,11,1,10,0.09090909090909091,0.9090909090909091,0.4394969869215134
8337,11,2,9,0.18181818181818182,0.8181818181818182,0.6840384356390418
8338,11,0,11,0.0,1.0,0.0
8339,11,1,10,0.09090909090909091,0.9090909090909091,0.4394969869215134
8340,11,3,8,0.2727272727272727,0.7272727272727273,0.8453509366224364
8341,11,1,10,0.09090909090909091,0.9090909090909091,0.4394969869215134
8342,11,4,7,0.36363636363636365,0.6363636363636364,0.9456603046006401
8343,11,2,9,0.18181818181818182,0.8181818181818182,0.6840384356390418
8344,11,2,9,0.18181818181818182,0.8181818181818182,0.6840384356390418
8345,11,1,10,0.09090909090909091,0.9090909090909091,0.4394969869215134
8346,11,2,9,0.18181818181818182,0.8181818181818182,0.6840384356390418
8347,11,1,10,0.09090909090909091,0.9090909090909091,0.4394969869215134
8348,11,0,11,0.0,1.0,0.0
8349,11,1,10,0.09090909090909091,0.9090909090909091,0.4394969869215134
8350,11,1,10,0.09090909090909091,0.9090909090909091,0.4394969869215134
8351,11,2,9,0.18181818181818182,0.8181818181818182,0.6840384356390418
8352,11,1,10,0.09090909090909091,0.9090909090909091,0.4394969869215134
8353,11,1,10,0.09090909090909091,0.9090909090909091,0.4394969869215134
8354,11,2,9,0.18181818181818182,0.8181818181818182,0.6840384356390418
8355,11,3,8,0.2727272727272727,0.7272727272727273,0.8453509366224364
8356,11,1,10,0.09090909090909091,0.9090909090909091,0.4394969869215134
8357,11,2,9,0.18181818181818182,0.8181818181818182,0.6840384356390418
8358,11,1,10,0.09090909090909091,0.9090909090909091,0.4394969869215134
8359,11,0,11,0.0,1.0,0.0
8360,11,2,9,0.18181818181818182,0.8181818181818182,0.6840384356390418
8361,11,1,10,0.09090909090909091,0.9090909090909091,0.4394969869215134
8362,11,3,8,0.2727272727272727,0.7272727272727273,0.8453509366224364
8363,11,2,9,0.18181818181818182,0.8181818181818182,0.6840384356390418
8364,11,1,10,0.09090909090909091,0.9090909090909091,0.4394969869215134
8365,11,2,9,0.18181818181818182,0.8181818181818182,0.6840384356390418
8366,11,0,11,0.0,1.0,0.0
8367,11,4,7,0.36363636363636365,0.6363636363636364,0.9456603046006401
8368,11,1,10,0.09090909090909091,0.9090909090909091,0.4394969869215134
8369,11,3,8,0.2727272727272727,0.7272727272727273,0.8453509366224364
8370,11,1,10,0.09090909090909091,0.9090909090909091,0.4394969869215134
8371,11,1,10,0.09090909090909091,0.9090909090909091,0.4394969869215134
8372,11,3,8,0.2727272727272727,0.7272727272727273,0.8453509366224364
8373,11,1,10,0.09090909090909091,0.9090909090909091,0.4394969869215134
8374,11,1,10,0.09090909090909091,0.9090909090909091,0.4394969869215134
8375,11,4,7,0.36363636363636365,0.6363636363636364,0.9456603046006401
8376,11,0,11,0.0,1.0,0.0
8377,11,2,9,0.18181818181818182,0.8181818181818182,0.6840384356390418
8378,11,2,9,0.18181818181818182,0.8181818181818182,0.6840384356390418
8379,11,1,10,0.09090909090909091,0.9090909090909091,0.4394969869215134
8380,11,0,11,0.0,1.0,0.0
8381,11,2,9,0.18181818181818182,0.8181818181818182,0.6840384356390418
8382,11,0,11,0.0,1.0,0.0
8383,11,1,10,0.09090909090909091,0.9090909090909091,0.4394969869215134
8384,11,5,6,0.45454545454545453,0.5454545454545454,0.9940302114769565
8385,11,4,7,0.36363636363636365,0.6363636363636364,0.9456603046006401
8386,11,1,10,0.09090909090909091,0.9090909090909091,0.4394969869215134
8387,11,1,10,0.09090909090909091,0.9090909090909091,0.4394969869215134
8388,11,3,8,0.2727272727272727,0.7272727272727273,0.8453509366224364
8389,11,1,10,0.09090909090909091,0.9090909090909091,0.4394969869215134
8390,11,3,8,0.2727272727272727,0.7272727272727273,0.8453509366224364
8391,11,1,10,0.09090909090909091,0.9090909090909091,0.4394969869215134
8392,11,2,9,0.18181818181818182,0.8181818181818182,0.6840384356390418
8393,11,1,10,0.09090909090909091,0.9090909090909091,0.4394969869215134
8394,11,2,9,0.18181818181818182,0.8181818181818182,0.6840384356390418
8395,11,1,10,0.09090909090909091,0.9090909090909091,0.4394969869215134
8396,11,1,10,0.09090909090909091,0.9090909090909091,0.4394969869215134
8397,11,1,10,0.09090909090909091,0.9090909090909091,0.4394969869215134
8398,11,1,10,0.09090909090909091,0.9090909090909091,0.4394969869215134
8399,11,2,9,0.18181818181818182,0.8181818181818182,0.6840384356390418
8400,11,1,10,0.09090909090909091,0.9090909090909091,0.4394969869215134
8401,11,3,8,0.2727272727272727,0.7272727272727273,0.8453509366224364
8402,11,1,10,0.09090909090909091,0.9090909090909091,0.4394969869215134
8403,11,2,9,0.18181818181818182,0.8181818181818182,0.6840384356390418
8404,11,2,9,0.18181818181818182,0.8181818181818182,0.6840384356390418
8405,11,1,10,0.09090909090909091,0.9090909090909091,0.4394969869215134
8406,11,1,10,0.09090909090909091,0.9090909090909091,0.4394969869215134
8407,11,0,11,0.0,1.0,0.0
8408,11,2,9,0.18181818181818182,0.8181818181818182,0.6840384356390418
8409,11,2,9,0.18181818181818182,0.8181818181818182,0.6840384356390418
8410,11,2,9,0.18181818181818182,0.8181818181818182,0.6840384356390418
8411,11,3,8,0.2727272727272727,0.7272727272727273,0.8453509366224364
8412,11,1,10,0.09090909090909091,0.9090909090909091,0.4394969869215134
8413,11,0,11,0.0,1.0,0.0
8414,11,2,9,0.18181818181818182,0.8181818181818182,0.6840384356390418
8415,11,3,8,0.2727272727272727,0.7272727272727273,0.8453509366224364
8416,11,1,10,0.09090909090909091,0.9090909090909091,0.4394969869215134
8417,11,0,11,0.0,1.0,0.0
8418,11,1,10,0.09090909090909091,0.9090909090909091,0.4394969869215134
8419,11,4,7,0.36363636363636365,0.6363636363636364,0.9456603046006401
8420,11,1,10,0.09090909090909091,0.9090909090909091,0.4394969869215134
8421,11,1,10,0.09090909090909091,0.9090909090909091,0.4394969869215134
8422,11,1,10,0.09090909090909091,0.9090909090909091,0.4394969869215134
8423,11,1,10,0.09090909090909091,0.9090909090909091,0.4394969869215134
8424,11,1,10,0.09090909090909091,0.9090909090909091,0.4394969869215134
8425,11,2,9,0.18181818181818182,0.8181818181818182,0.6840384356390418
8426,11,2,9,0.18181818181818182,0.8181818181818182,0.6840384356390418
8427,11,3,8,0.2727272727272727,0.7272727272727273,0.8453509366224364
8428,11,1,10,0.09090909090909091,0.9090909090909091,0.4394969869215134
8429,11,1,10,0.09090909090909091,0.9090909090909091,0.4394969869215134
8430,11,1,10,0.09090909090909091,0.9090909090909091,0.4394969869215134
8431,11,1,10,0.09090909090909091,0.9090909090909091,0.4394969869215134
8432,11,2,9,0.18181818181818182,0.8181818181818182,0.6840384356390418
8433,11,4,7,0.36363636363636365,0.6363636363636364,0.9456603046006401
8434,11,2,9,0.18181818181818182,0.8181818181818182,0.6840384356390418
8435,11,1,10,0.09090909090909091,0.9090909090909091,0.4394969869215134
8436,11,1,10,0.09090909090909091,0.9090909090909091,0.4394969869215134
8437,11,1,10,0.09090909090909091,0.9090909090909091,0.4394969869215134
8438,11,0,11,0.0,1.0,0.0
8439,11,1,10,0.09090909090909091,0.9090909090909091,0.4394969869215134
8440,11,3,8,0.2727272727272727,0.7272727272727273,0.8453509366224364
8441,11,1,10,0.09090909090909091,0.9090909090909091,0.4394969869215134
8442,11,1,10,0.09090909090909091,0.9090909090909091,0.4394969869215134
8443,11,3,8,0.2727272727272727,0.7272727272727273,0.8453509366224364
8444,11,0,11,0.0,1.0,0.0
8445,11,1,10,0.09090909090909091,0.9090909090909091,0.4394969869215134
8446,11,4,7,0.36363636363636365,0.6363636363636364,0.9456603046006401
8447,11,2,9,0.18181818181818182,0.8181818181818182,0.6840384356390418
8448,11,2,9,0.18181818181818182,0.8181818181818182,0.6840384356390418
8449,11,1,10,0.09090909090909091,0.9090909090909091,0.4394969869215134
8450,11,2,9,0.18181818181818182,0.8181818181818182,0.6840384356390418
8451,11,1,10,0.09090909090909091,0.9090909090909091,0.4394969869215134
8452,11,4,7,0.36363636363636365,0.6363636363636364,0.9456603046006401
8453,11,1,10,0.09090909090909091,0.9090909090909091,0.4394969869215134
8454,11,1,10,0.09090909090909091,0.9090909090909091,0.4394969869215134
8455,11,2,9,0.18181818181818182,0.8181818181818182,0.6840384356390418
8456,11,3,8,0.2727272727272727,0.7272727272727273,0.8453509366224364
8457,11,1,10,0.09090909090909091,0.9090909090909091,0.4394969869215134
8458,11,1,10,0.09090909090909091,0.9090909090909091,0.4394969869215134
8459,11,2,9,0.18181818181818182,0.8181818181818182,0.6840384356390418
8460,11,4,7,0.36363636363636365,0.6363636363636364,0.9456603046006401
8461,11,1,10,0.09090909090909091,0.9090909090909091,0.4394969869215134
8462,11,3,8,0.2727272727272727,0.7272727272727273,0.8453509366224364
8463,11,3,8,0.2727272727272727,0.7272727272727273,0.8453509366224364
8464,11,5,6,0.45454545454545453,0.5454545454545454,0.9940302114769565
8465,11,1,10,0.09090909090909091,0.9090909090909091,0.4394969869215134
8466,11,2,9,0.18181818181818182,0.8181818181818182,0.6840384356390418
8467,11,0,11,0.0,1.0,0.0
8468,11,1,10,0.09090909090909091,0.9090909090909091,0.4394969869215134
8469,11,0,11,0.0,1.0,0.0
8470,11,1,10,0.09090909090909091,0.9090909090909091,0.4394969869215134
8471,11,1,10,0.09090909090909091,0.9090909090909091,0.4394969869215134
8472,11,2,9,0.18181818181818182,0.8181818181818182,0.6840384356390418
8473,11,1,10,0.09090909090909091,0.9090909090909091,0.4394969869215134
8474,11,2,9,0.18181818181818182,0.8181818181818182,0.6840384356390418
8475,11,1,10,0.09090909090909091,0.9090909090909091,0.4394969869215134
8476,11,1,10,0.09090909090909091,0.9090909090909091,0.4394969869215134
8477,11,2,9,0.18181818181818182,0.8181818181818182,0.6840384356390418
8478,11,3,8,0.2727272727272727,0.7272727272727273,0.8453509366224364
8479,11,0,11,0.0,1.0,0.0
8480,11,0,11,0.0,1.0,0.0
8481,11,1,10,0.09090909090909091,0.9090909090909091,0.4394969869215134
8482,11,1,10,0.09090909090909091,0.9090909090909091,0.4394969869215134
8483,11,0,11,0.0,1.0,0.0
8484,11,1,10,0.09090909090909091,0.9090909090909091,0.4394969869215134
8485,11,2,9,0.18181818181818182,0.8181818181818182,0.6840384356390418
8486,11,4,7,0.36363636363636365,0.6363636363636364,0.9456603046006401
8487,11,1,10,0.09090909090909091,0.9090909090909091,0.4394969869215134
8488,11,5,6,0.45454545454545453,0.5454545454545454,0.9940302114769565
8489,11,1,10,0.09090909090909091,0.9090909090909091,0.4394969869215134
8490,11,1,10,0.09090909090909091,0.9090909090909091,0.4394969869215134
8491,11,2,9,0.18181818181818182,0.8181818181818182,0.6840384356390418
8492,11,2,9,0.18181818181818182,0.8181818181818182,0.6840384356390418
8493,11,0,11,0.0,1.0,0.0
8494,11,2,9,0.18181818181818182,0.8181818181818182,0.6840384356390418
8495,11,2,9,0.18181818181818182,0.8181818181818182,0.6840384356390418
8496,11,0,11,0.0,1.0,0.0
8497,11,2,9,0.18181818181818182,0.8181818181818182,0.6840384356390418
8498,11,4,7,0.36363636363636365,0.6363636363636364,0.9456603046006401
8499,11,1,10,0.09090909090909091,0.9090909090909091,0.4394969869215134
8500,11,1,10,0.09090909090909091,0.9090909090909091,0.4394969869215134
8501,11,1,10,0.09090909090909091,0.9090909090909091,0.4394969869215134
8502,11,4,7,0.36363636363636365,0.6363636363636364,0.9456603046006401
8503,11,1,10,0.09090909090909091,0.9090909090909091,0.4394969869215134
8504,11,0,11,0.0,1.0,0.0
8505,11,0,11,0.0,1.0,0.0
8506,11,2,9,0.18181818181818182,0.8181818181818182,0.6840384356390418
8507,11,4,7,0.36363636363636365,0.6363636363636364,0.9456603046006401
8508,11,4,7,0.36363636363636365,0.6363636363636364,0.9456603046006401
8509,11,2,9,0.18181818181818182,0.8181818181818182,0.6840384356390418
8510,11,3,8,0.2727272727272727,0.7272727272727273,0.8453509366224364
8511,11,0,11,0.0,1.0,0.0
8512,11,1,10,0.09090909090909091,0.9090909090909091,0.4394969869215134
8513,11,0,11,0.0,1.0,0.0
8514,11,4,7,0.36363636363636365,0.6363636363636364,0.9456603046006401
8515,11,1,10,0.09090909090909091,0.9090909090909091,0.4394969869215134
8516,11,3,8,0.2727272727272727,0.7272727272727273,0.8453509366224364
8517,11,2,9,0.18181818181818182,0.8181818181818182,0.6840384356390418
8518,11,0,11,0.0,1.0,0.0
8519,11,0,11,0.0,1.0,0.0
8520,11,1,10,0.09090909090909091,0.9090909090909091,0.4394969869215134
8521,11,0,11,0.0,1.0,0.0
8522,11,1,10,0.09090909090909091,0.9090909090909091,0.4394969869215134
8523,11,2,9,0.18181818181818182,0.8181818181818182,0.6840384356390418
8524,11,2,9,0.18181818181818182,0.8181818181818182,0.6840384356390418
8525,11,3,8,0.2727272727272727,0.7272727272727273,0.8453509366224364
8526,11,0,11,0.0,1.0,0.0
8527,11,3,8,0.2727272727272727,0.7272727272727273,0.8453509366224364
8528,11,0,11,0.0,1.0,0.0
8529,11,2,9,0.18181818181818182,0.8181818181818182,0.6840384356390418
8530,11,2,9,0.18181818181818182,0.8181818181818182,0.6840384356390418
8531,11,3,8,0.2727272727272727,0.7272727272727273,0.8453509366224364
8532,11,0,11,0.0,1.0,0.0
8533,11,1,10,0.09090909090909091,0.9090909090909091,0.4394969869215134
8534,11,1,10,0.09090909090909091,0.9090909090909091,0.4394969869215134
8535,11,2,9,0.18181818181818182,0.8181818181818182,0.6840384356390418
8536,11,2,9,0.18181818181818182,0.8181818181818182,0.6840384356390418
8537,11,1,10,0.09090909090909091,0.9090909090909091,0.4394969869215134
8538,11,1,10,0.09090909090909091,0.9090909090909091,0.4394969869215134
8539,11,2,9,0.18181818181818182,0.8181818181818182,0.6840384356390418
8540,11,0,11,0.0,1.0,0.0
8541,11,2,9,0.18181818181818182,0.8181818181818182,0.6840384356390418
8542,11,0,11,0.0,1.0,0.0
8543,11,2,9,0.18181818181818182,0.8181818181818182,0.6840384356390418
8544,11,1,10,0.09090909090909091,0.9090909090909091,0.4394969869215134
8545,11,4,7,0.36363636363636365,0.6363636363636364,0.9456603046006401
8546,11,1,10,0.09090909090909091,0.9090909090909091,0.4394969869215134
8547,11,1,10,0.09090909090909091,0.9090909090909091,0.4394969869215134
8548,11,2,9,0.18181818181818182,0.8181818181818182,0.6840384356390418
8549,11,3,8,0.2727272727272727,0.7272727272727273,0.8453509366224364
8550,11,1,10,0.09090909090909091,0.9090909090909091,0.4394969869215134
8551,11,0,11,0.0,1.0,0.0
8552,11,2,9,0.18181818181818182,0.8181818181818182,0.6840384356390418
8553,11,1,10,0.09090909090909091,0.9090909090909091,0.4394969869215134
8554,11,0,11,0.0,1.0,0.0
8555,11,2,9,0.18181818181818182,0.8181818181818182,0.6840384356390418
8556,11,2,9,0.18181818181818182,0.8181818181818182,0.6840384356390418
8557,11,1,10,0.09090909090909091,0.9090909090909091,0.4394969869215134
8558,11,1,10,0.09090909090909091,0.9090909090909091,0.4394969869215134
8559,11,2,9,0.18181818181818182,0.8181818181818182,0.6840384356390418
8560,11,2,9,0.18181818181818182,0.8181818181818182,0.6840384356390418
8561,11,3,8,0.2727272727272727,0.7272727272727273,0.8453509366224364
8562,11,2,9,0.18181818181818182,0.8181818181818182,0.6840384356390418
8563,11,0,11,0.0,1.0,0.0
8564,11,1,10,0.09090909090909091,0.9090909090909091,0.4394969869215134
8565,11,0,11,0.0,1.0,0.0
8566,11,2,9,0.18181818181818182,0.8181818181818182,0.6840384356390418
8567,11,3,8,0.2727272727272727,0.7272727272727273,0.8453509366224364
8568,11,1,10,0.09090909090909091,0.9090909090909091,0.4394969869215134
8569,11,3,8,0.2727272727272727,0.7272727272727273,0.8453509366224364
8570,11,2,9,0.18181818181818182,0.8181818181818182,0.6840384356390418
8571,11,2,9,0.18181818181818182,0.8181818181818182,0.6840384356390418
8572,11,0,11,0.0,1.0,0.0
8573,11,2,9,0.18181818181818182,0.8181818181818182,0.6840384356390418
8574,11,1,10,0.09090909090909091,0.9090909090909091,0.4394969869215134
8575,11,1,10,0.09090909090909091,0.9090909090909091,0.4394969869215134
8576,11,0,11,0.0,1.0,0.0
8577,11,2,9,0.18181818181818182,0.8181818181818182,0.6840384356390418
8578,11,1,10,0.09090909090909091,0.9090909090909091,0.4394969869215134
8579,11,3,8,0.2727272727272727,0.7272727272727273,0.8453509366224364
8580,11,0,11,0.0,1.0,0.0
8581,11,1,10,0.09090909090909091,0.9090909090909091,0.4394969869215134
8582,11,1,10,0.09090909090909091,0.9090909090909091,0.4394969869215134
8583,11,0,11,0.0,1.0,0.0
8584,11,3,8,0.2727272727272727,0.7272727272727273,0.8453509366224364
8585,11,0,11,0.0,1.0,0.0
8586,11,1,10,0.09090909090909091,0.9090909090909091,0.4394969869215134
8587,11,0,11,0.0,1.0,0.0
8588,11,3,8,0.2727272727272727,0.7272727272727273,0.8453509366224364
8589,11,3,8,0.2727272727272727,0.7272727272727273,0.8453509366224364
8590,11,4,7,0.36363636363636365,0.6363636363636364,0.9456603046006401
8591,11,3,8,0.2727272727272727,0.7272727272727273,0.8453509366224364
8592,11,1,10,0.09090909090909091,0.9090909090909091,0.4394969869215134
8593,11,1,10,0.09090909090909091,0.9090909090909091,0.4394969869215134
8594,11,0,11,0.0,1.0,0.0
8595,11,0,11,0.0,1.0,0.0
8596,11,1,10,0.09090909090909091,0.9090909090909091,0.4394969869215134
8597,11,2,9,0.18181818181818182,0.8181818181818182,0.6840384356390418
8598,11,0,11,0.0,1.0,0.0
8599,11,3,8,0.2727272727272727,0.7272727272727273,0.8453509366224364
8600,11,1,10,0.09090909090909091,0.9090909090909091,0.4394969869215134
8601,11,2,9,0.18181818181818182,0.8181818181818182,0.6840384356390418
8602,11,2,9,0.18181818181818182,0.8181818181818182,0.6840384356390418
8603,11,2,9,0.18181818181818182,0.8181818181818182,0.6840384356390418
8604,11,2,9,0.18181818181818182,0.8181818181818182,0.6840384356390418
8605,11,3,8,0.2727272727272727,0.7272727272727273,0.8453509366224364
8606,11,1,10,0.09090909090909091,0.9090909090909091,0.4394969869215134
8607,11,0,11,0.0,1.0,0.0
8608,11,3,8,0.2727272727272727,0.7272727272727273,0.8453509366224364
8609,11,2,9,0.18181818181818182,0.8181818181818182,0.6840384356390418
8610,11,1,10,0.09090909090909091,0.9090909090909091,0.4394969869215134
8611,11,2,9,0.18181818181818182,0.8181818181818182,0.6840384356390418
8612,11,3,8,0.2727272727272727,0.7272727272727273,0.8453509366224364
8613,11,0,11,0.0,1.0,0.0
8614,11,3,8,0.2727272727272727,0.7272727272727273,0.8453509366224364
8615,11,3,8,0.2727272727272727,0.7272727272727273,0.8453509366224364
8616,11,0,11,0.0,1.0,0.0
8617,11,4,7,0.36363636363636365,0.6363636363636364,0.9456603046006401
8618,11,2,9,0.18181818181818182,0.8181818181818182,0.6840384356390418
8619,11,1,10,0.09090909090909091,0.9090909090909091,0.4394969869215134
8620,11,2,9,0.18181818181818182,0.8181818181818182,0.6840384356390418
8621,11,1,10,0.09090909090909091,0.9090909090909091,0.4394969869215134
8622,11,2,9,0.18181818181818182,0.8181818181818182,0.6840384356390418
8623,11,3,8,0.2727272727272727,0.7272727272727273,0.8453509366224364
8624,11,1,10,0.09090909090909091,0.9090909090909091,0.4394969869215134
8625,11,2,9,0.18181818181818182,0.8181818181818182,0.6840384356390418
8626,11,1,10,0.09090909090909091,0.9090909090909091,0.4394969869215134
8627,11,4,7,0.36363636363636365,0.6363636363636364,0.9456603046006401
8628,11,0,11,0.0,1.0,0.0
8629,11,2,9,0.18181818181818182,0.8181818181818182,0.6840384356390418
8630,11,1,10,0.09090909090909091,0.9090909090909091,0.4394969869215134
8631,11,0,11,0.0,1.0,0.0
8632,11,1,10,0.09090909090909091,0.9090909090909091,0.4394969869215134
8633,11,3,8,0.2727272727272727,0.7272727272727273,0.8453509366224364
8634,11,1,10,0.09090909090909091,0.9090909090909091,0.4394969869215134
8635,11,3,8,0.2727272727272727,0.7272727272727273,0.8453509366224364
8636,11,1,10,0.09090909090909091,0.9090909090909091,0.4394969869215134
8637,11,1,10,0.09090909090909091,0.9090909090909091,0.4394969869215134
8638,11,2,9,0.18181818181818182,0.8181818181818182,0.6840384356390418
8639,11,1,10,0.09090909090909091,0.9090909090909091,0.4394969869215134
8640,11,2,9,0.18181818181818182,0.8181818181818182,0.6840384356390418
8641,11,2,9,0.18181818181818182,0.8181818181818182,0.6840384356390418
8642,11,1,10,0.09090909090909091,0.9090909090909091,0.4394969869215134
8643,11,4,7,0.36363636363636365,0.6363636363636364,0.9456603046006401
8644,11,0,11,0.0,1.0,0.0
8645,11,3,8,0.2727272727272727,0.7272727272727273,0.8453509366224364
8646,11,4,7,0.36363636363636365,0.6363636363636364,0.9456603046006401
8647,11,2,9,0.18181818181818182,0.8181818181818182,0.6840384356390418
8648,11,0,11,0.0,1.0,0.0
8649,11,3,8,0.2727272727272727,0.7272727272727273,0.8453509366224364
8650,11,1,10,0.09090909090909091,0.9090909090909091,0.4394969869215134
8651,11,2,9,0.18181818181818182,0.8181818181818182,0.6840384356390418
8652,11,0,11,0.0,1.0,0.0
8653,11,1,10,0.09090909090909091,0.9090909090909091,0.4394969869215134
8654,11,0,11,0.0,1.0,0.0
8655,11,0,11,0.0,1.0,0.0
8656,11,1,10,0.09090909090909091,0.9090909090909091,0.4394969869215134
8657,11,0,11,0.0,1.0,0.0
8658,11,1,10,0.09090909090909091,0.9090909090909091,0.4394969869215134
8659,11,1,10,0.09090909090909091,0.9090909090909091,0.4394969869215134
8660,11,1,10,0.09090909090909091,0.9090909090909091,0.4394969869215134
8661,11,1,10,0.09090909090909091,0.9090909090909091,0.4394969869215134
8662,11,1,10,0.09090909090909091,0.9090909090909091,0.4394969869215134
8663,11,1,10,0.09090909090909091,0.9090909090909091,0.4394969869215134
8664,11,2,9,0.18181818181818182,0.8181818181818182,0.6840384356390418
8665,11,0,11,0.0,1.0,0.0
8666,11,1,10,0.09090909090909091,0.9090909090909091,0.4394969869215134
8667,11,2,9,0.18181818181818182,0.8181818181818182,0.6840384356390418
8668,11,2,9,0.18181818181818182,0.8181818181818182,0.6840384356390418
8669,11,3,8,0.2727272727272727,0.7272727272727273,0.8453509366224364
8670,11,2,9,0.18181818181818182,0.8181818181818182,0.6840384356390418
8671,11,1,10,0.09090909090909091,0.9090909090909091,0.4394969869215134
8672,11,0,11,0.0,1.0,0.0
8673,11,2,9,0.18181818181818182,0.8181818181818182,0.6840384356390418
8674,11,2,9,0.18181818181818182,0.8181818181818182,0.6840384356390418
8675,11,1,10,0.09090909090909091,0.9090909090909091,0.4394969869215134
8676,11,3,8,0.2727272727272727,0.7272727272727273,0.8453509366224364
8677,11,3,8,0.2727272727272727,0.7272727272727273,0.8453509366224364
8678,11,3,8,0.2727272727272727,0.7272727272727273,0.8453509366224364
8679,11,1,10,0.09090909090909091,0.9090909090909091,0.4394969869215134
8680,11,2,9,0.18181818181818182,0.8181818181818182,0.6840384356390418
8681,11,4,7,0.36363636363636365,0.6363636363636364,0.9456603046006401
8682,11,2,9,0.18181818181818182,0.8181818181818182,0.6840384356390418
8683,11,4,7,0.36363636363636365,0.6363636363636364,0.9456603046006401
8684,11,1,10,0.09090909090909091,0.9090909090909091,0.4394969869215134
8685,11,2,9,0.18181818181818182,0.8181818181818182,0.6840384356390418
8686,11,0,11,0.0,1.0,0.0
8687,11,1,10,0.09090909090909091,0.9090909090909091,0.4394969869215134
8688,11,3,8,0.2727272727272727,0.7272727272727273,0.8453509366224364
8689,11,1,10,0.09090909090909091,0.9090909090909091,0.4394969869215134
8690,11,1,10,0.09090909090909091,0.9090909090909091,0.4394969869215134
8691,11,1,10,0.09090909090909091,0.9090909090909091,0.4394969869215134
8692,11,0,11,0.0,1.0,0.0
8693,11,1,10,0.09090909090909091,0.9090909090909091,0.4394969869215134
8694,11,0,11,0.0,1.0,0.0
8695,11,4,7,0.36363636363636365,0.6363636363636364,0.9456603046006401
8696,11,3,8,0.2727272727272727,0.7272727272727273,0.8453509366224364
8697,11,1,10,0.09090909090909091,0.9090909090909091,0.4394969869215134
8698,11,2,9,0.18181818181818182,0.8181818181818182,0.6840384356390418
8699,11,1,10,0.09090909090909091,0.9090909090909091,0.4394969869215134
8700,11,1,10,0.09090909090909091,0.9090909090909091,0.4394969869215134
8701,11,1,10,0.09090909090909091,0.9090909090909091,0.4394969869215134
8702,11,0,11,0.0,1.0,0.0
8703,11,1,10,0.09090909090909091,0.9090909090909091,0.4394969869215134
8704,11,2,9,0.18181818181818182,0.8181818181818182,0.6840384356390418
8705,11,1,10,0.09090909090909091,0.9090909090909091,0.4394969869215134
8706,11,3,8,0.2727272727272727,0.7272727272727273,0.8453509366224364
8707,11,3,8,0.2727272727272727,0.7272727272727273,0.8453509366224364
8708,11,2,9,0.18181818181818182,0.8181818181818182,0.6840384356390418
8709,11,0,11,0.0,1.0,0.0
8710,11,2,9,0.18181818181818182,0.8181818181818182,0.6840384356390418
8711,11,2,9,0.18181818181818182,0.8181818181818182,0.6840384356390418
8712,11,1,10,0.09090909090909091,0.9090909090909091,0.4394969869215134
8713,11,1,10,0.09090909090909091,0.9090909090909091,0.4394969869215134
8714,11,4,7,0.36363636363636365,0.6363636363636364,0.9456603046006401
8715,11,3,8,0.2727272727272727,0.7272727272727273,0.8453509366224364
8716,11,0,11,0.0,1.0,0.0
8717,11,3,8,0.2727272727272727,0.7272727272727273,0.8453509366224364
8718,11,1,10,0.09090909090909091,0.9090909090909091,0.4394969869215134
8719,11,1,10,0.09090909090909091,0.9090909090909091,0.4394969869215134
8720,11,0,11,0.0,1.0,0.0
8721,11,1,10,0.09090909090909091,0.9090909090909091,0.4394969869215134
8722,11,2,9,0.18181818181818182,0.8181818181818182,0.6840384356390418
8723,11,1,10,0.09090909090909091,0.9090909090909091,0.4394969869215134
8724,11,1,10,0.09090909090909091,0.9090909090909091,0.4394969869215134
8725,11,0,11,0.0,1.0,0.0
8726,11,4,7,0.36363636363636365,0.6363636363636364,0.9456603046006401
8727,11,1,10,0.09090909090909091,0.9090909090909091,0.4394969869215134
8728,11,0,11,0.0,1.0,0.0
8729,11,0,11,0.0,1.0,0.0
8730,11,2,9,0.18181818181818182,0.8181818181818182,0.6840384356390418
8731,11,3,8,0.2727272727272727,0.7272727272727273,0.8453509366224364
8732,11,1,10,0.09090909090909091,0.9090909090909091,0.4394969869215134
8733,11,4,7,0.36363636363636365,0.6363636363636364,0.9456603046006401
8734,11,2,9,0.18181818181818182,0.8181818181818182,0.6840384356390418
8735,11,3,8,0.2727272727272727,0.7272727272727273,0.8453509366224364
8736,11,1,10,0.09090909090909091,0.9090909090909091,0.4394969869215134
8737,11,3,8,0.2727272727272727,0.7272727272727273,0.8453509366224364
8738,11,0,11,0.0,1.0,0.0
8739,11,0,11,0.0,1.0,0.0
8740,11,2,9,0.18181818181818182,0.8181818181818182,0.6840384356390418
8741,11,2,9,0.18181818181818182,0.8181818181818182,0.6840384356390418
8742,11,1,10,0.09090909090909091,0.9090909090909091,0.4394969869215134
8743,11,1,10,0.09090909090909091,0.9090909090909091,0.4394969869215134
8744,11,2,9,0.18181818181818182,0.8181818181818182,0.6840384356390418
8745,11,0,11,0.0,1.0,0.0
8746,11,1,10,0.09090909090909091,0.9090909090909091,0.4394969869215134
8747,11,1,10,0.09090909090909091,0.9090909090909091,0.4394969869215134
8748,11,3,8,0.2727272727272727,0.7272727272727273,0.8453509366224364
8749,11,1,10,0.09090909090909091,0.9090909090909091,0.4394969869215134
8750,11,1,10,0.09090909090909091,0.9090909090909091,0.4394969869215134
8751,11,1,10,0.09090909090909091,0.9090909090909091,0.4394969869215134
8752,11,1,10,0.09090909090909091,0.9090909090909091,0.4394969869215134
8753,11,1,10,0.09090909090909091,0.9090909090909091,0.4394969869215134
8754,11,2,9,0.18181818181818182,0.8181818181818182,0.6840384356390418
8755,11,4,7,0.36363636363636365,0.6363636363636364,0.9456603046006401
8756,11,1,10,0.09090909090909091,0.9090909090909091,0.4394969869215134
8757,11,0,11,0.0,1.0,0.0
8758,11,1,10,0.09090909090909091,0.9090909090909091,0.4394969869215134
8759,11,0,11,0.0,1.0,0.0
8760,11,2,9,0.18181818181818182,0.8181818181818182,0.6840384356390418
8761,11,1,10,0.09090909090909091,0.9090909090909091,0.4394969869215134
8762,11,3,8,0.2727272727272727,0.7272727272727273,0.8453509366224364
8763,11,3,8,0.2727272727272727,0.7272727272727273,0.8453509366224364
8764,11,0,11,0.0,1.0,0.0
8765,11,1,10,0.09090909090909091,0.9090909090909091,0.4394969869215134
8766,11,2,9,0.18181818181818182,0.8181818181818182,0.6840384356390418
8767,11,3,8,0.2727272727272727,0.7272727272727273,0.8453509366224364
8768,11,2,9,0.18181818181818182,0.8181818181818182,0.6840384356390418
8769,11,1,10,0.09090909090909091,0.9090909090909091,0.4394969869215134
8770,11,0,11,0.0,1.0,0.0
8771,11,0,11,0.0,1.0,0.0
8772,11,2,9,0.18181818181818182,0.8181818181818182,0.6840384356390418
8773,11,2,9,0.18181818181818182,0.8181818181818182,0.6840384356390418
8774,11,0,11,0.0,1.0,0.0
8775,11,2,9,0.18181818181818182,0.8181818181818182,0.6840384356390418
8776,11,2,9,0.18181818181818182,0.8181818181818182,0.6840384356390418
8777,11,3,8,0.2727272727272727,0.7272727272727273,0.8453509366224364
8778,11,1,10,0.09090909090909091,0.9090909090909091,0.4394969869215134
8779,11,1,10,0.09090909090909091,0.9090909090909091,0.4394969869215134
8780,11,2,9,0.18181818181818182,0.8181818181818182,0.6840384356390418
8781,11,4,7,0.36363636363636365,0.6363636363636364,0.9456603046006401
8782,11,2,9,0.18181818181818182,0.8181818181818182,0.6840384356390418
8783,11,0,11,0.0,1.0,0.0
8784,11,2,9,0.18181818181818182,0.8181818181818182,0.6840384356390418
8785,11,0,11,0.0,1.0,0.0
8786,11,1,10,0.09090909090909091,0.9090909090909091,0.4394969869215134
8787,11,1,10,0.09090909090909091,0.9090909090909091,0.4394969869215134
8788,11,3,8,0.2727272727272727,0.7272727272727273,0.8453509366224364
8789,11,3,8,0.2727272727272727,0.7272727272727273,0.8453509366224364
8790,11,2,9,0.18181818181818182,0.8181818181818182,0.6840384356390418
8791,11,2,9,0.18181818181818182,0.8181818181818182,0.6840384356390418
8792,11,1,10,0.09090909090909091,0.9090909090909091,0.4394969869215134
8793,11,1,10,0.09090909090909091,0.9090909090909091,0.4394969869215134
8794,11,1,10,0.09090909090909091,0.9090909090909091,0.4394969869215134
8795,11,3,8,0.2727272727272727,0.7272727272727273,0.8453509366224364
8796,11,2,9,0.18181818181818182,0.8181818181818182,0.6840384356390418
8797,11,2,9,0.18181818181818182,0.8181818181818182,0.6840384356390418
8798,11,1,10,0.09090909090909091,0.9090909090909091,0.4394969869215134
8799,11,1,10,0.09090909090909091,0.9090909090909091,0.4394969869215134
8800,11,2,9,0.18181818181818182,0.8181818181818182,0.6840384356390418
8801,11,3,8,0.2727272727272727,0.7272727272727273,0.8453509366224364
8802,11,4,7,0.36363636363636365,0.6363636363636364,0.9456603046006401
8803,11,2,9,0.18181818181818182,0.8181818181818182,0.6840384356390418
8804,11,1,10,0.09090909090909091,0.9090909090909091,0.4394969869215134
8805,11,2,9,0.18181818181818182,0.8181818181818182,0.6840384356390418
8806,11,2,9,0.18181818181818182,0.8181818181818182,0.6840384356390418
8807,11,3,8,0.2727272727272727,0.7272727272727273,0.8453509366224364
8808,11,1,10,0.09090909090909091,0.9090909090909091,0.4394969869215134
8809,11,2,9,0.18181818181818182,0.8181818181818182,0.6840384356390418
8810,11,2,9,0.18181818181818182,0.8181818181818182,0.6840384356390418
8811,11,6,5,0.5454545454545454,0.45454545454545453,0.9940302114769565
8812,11,2,9,0.18181818181818182,0.8181818181818182,0.6840384356390418
8813,11,2,9,0.18181818181818182,0.8181818181818182,0.6840384356390418
8814,11,2,9,0.18181818181818182,0.8181818181818182,0.6840384356390418
8815,11,2,9,0.18181818181818182,0.8181818181818182,0.6840384356390418
8816,11,2,9,0.18181818181818182,0.8181818181818182,0.6840384356390418
8817,11,1,10,0.09090909090909091,0.9090909090909091,0.4394969869215134
8818,11,3,8,0.2727272727272727,0.7272727272727273,0.8453509366224364
8819,11,0,11,0.0,1.0,0.0
8820,11,2,9,0.18181818181818182,0.8181818181818182,0.6840384356390418
8821,11,3,8,0.2727272727272727,0.7272727272727273,0.8453509366224364
8822,11,1,10,0.09090909090909091,0.9090909090909091,0.4394969869215134
8823,11,3,8,0.2727272727272727,0.7272727272727273,0.8453509366224364
8824,11,1,10,0.09090909090909091,0.9090909090909091,0.4394969869215134
8825,11,2,9,0.18181818181818182,0.8181818181818182,0.6840384356390418
8826,11,1,10,0.09090909090909091,0.9090909090909091,0.4394969869215134
8827,11,2,9,0.18181818181818182,0.8181818181818182,0.6840384356390418
8828,11,2,9,0.18181818181818182,0.8181818181818182,0.6840384356390418
8829,11,0,11,0.0,1.0,0.0
8830,11,2,9,0.18181818181818182,0.8181818181818182,0.6840384356390418
8831,11,1,10,0.09090909090909091,0.9090909090909091,0.4394969869215134
8832,11,4,7,0.36363636363636365,0.6363636363636364,0.9456603046006401
8833,11,1,10,0.09090909090909091,0.9090909090909091,0.4394969869215134
8834,11,0,11,0.0,1.0,0.0
8835,11,0,11,0.0,1.0,0.0
8836,11,0,11,0.0,1.0,0.0
8837,11,1,10,0.09090909090909091,0.9090909090909091,0.4394969869215134
8838,11,1,10,0.09090909090909091,0.9090909090909091,0.4394969869215134
8839,11,4,7,0.36363636363636365,0.6363636363636364,0.9456603046006401
8840,11,1,10,0.09090909090909091,0.9090909090909091,0.4394969869215134
8841,11,2,9,0.18181818181818182,0.8181818181818182,0.6840384356390418
8842,11,3,8,0.2727272727272727,0.7272727272727273,0.8453509366224364
8843,11,1,10,0.09090909090909091,0.9090909090909091,0.4394969869215134
8844,11,1,10,0.09090909090909091,0.9090909090909091,0.4394969869215134
8845,11,1,10,0.09090909090909091,0.9090909090909091,0.4394969869215134
8846,11,3,8,0.2727272727272727,0.7272727272727273,0.8453509366224364
8847,11,1,10,0.09090909090909091,0.9090909090909091,0.4394969869215134
8848,11,2,9,0.18181818181818182,0.8181818181818182,0.6840384356390418
8849,11,3,8,0.2727272727272727,0.7272727272727273,0.8453509366224364
8850,11,2,9,0.18181818181818182,0.8181818181818182,0.6840384356390418
8851,11,0,11,0.0,1.0,0.0
8852,11,2,9,0.18181818181818182,0.8181818181818182,0.6840384356390418
8853,11,5,6,0.45454545454545453,0.5454545454545454,0.9940302114769565
8854,11,1,10,0.09090909090909091,0.9090909090909091,0.4394969869215134
8855,11,1,10,0.09090909090909091,0.9090909090909091,0.4394969869215134
8856,11,1,10,0.09090909090909091,0.9090909090909091,0.4394969869215134
8857,11,2,9,0.18181818181818182,0.8181818181818182,0.6840384356390418
8858,11,0,11,0.0,1.0,0.0
8859,11,0,11,0.0,1.0,0.0
8860,11,2,9,0.18181818181818182,0.8181818181818182,0.6840384356390418
8861,11,4,7,0.36363636363636365,0.6363636363636364,0.9456603046006401
8862,11,1,10,0.09090909090909091,0.9090909090909091,0.4394969869215134
8863,11,0,11,0.0,1.0,0.0
8864,11,1,10,0.09090909090909091,0.9090909090909091,0.4394969869215134
8865,11,3,8,0.2727272727272727,0.7272727272727273,0.8453509366224364
8866,11,1,10,0.09090909090909091,0.9090909090909091,0.4394969869215134
8867,11,2,9,0.18181818181818182,0.8181818181818182,0.6840384356390418
8868,11,2,9,0.18181818181818182,0.8181818181818182,0.6840384356390418
8869,11,1,10,0.09090909090909091,0.9090909090909091,0.4394969869215134
8870,11,1,10,0.09090909090909091,0.9090909090909091,0.4394969869215134
8871,11,0,11,0.0,1.0,0.0
8872,11,4,7,0.36363636363636365,0.6363636363636364,0.9456603046006401
8873,11,2,9,0.18181818181818182,0.8181818181818182,0.6840384356390418
8874,11,2,9,0.18181818181818182,0.8181818181818182,0.6840384356390418
8875,11,1,10,0.09090909090909091,0.9090909090909091,0.4394969869215134
8876,11,2,9,0.18181818181818182,0.8181818181818182,0.6840384356390418
8877,11,2,9,0.18181818181818182,0.8181818181818182,0.6840384356390418
8878,11,2,9,0.18181818181818182,0.8181818181818182,0.6840384356390418
8879,11,1,10,0.09090909090909091,0.9090909090909091,0.4394969869215134
8880,11,2,9,0.18181818181818182,0.8181818181818182,0.6840384356390418
8881,11,0,11,0.0,1.0,0.0
8882,11,2,9,0.18181818181818182,0.8181818181818182,0.6840384356390418
8883,11,1,10,0.09090909090909091,0.9090909090909091,0.4394969869215134
8884,11,3,8,0.2727272727272727,0.7272727272727273,0.8453509366224364
8885,11,0,11,0.0,1.0,0.0
8886,11,2,9,0.18181818181818182,0.8181818181818182,0.6840384356390418
8887,11,1,10,0.09090909090909091,0.9090909090909091,0.4394969869215134
8888,11,2,9,0.18181818181818182,0.8181818181818182,0.6840384356390418
8889,11,2,9,0.18181818181818182,0.8181818181818182,0.6840384356390418
8890,11,1,10,0.09090909090909091,0.9090909090909091,0.4394969869215134
8891,11,0,11,0.0,1.0,0.0
8892,11,2,9,0.18181818181818182,0.8181818181818182,0.6840384356390418
8893,11,1,10,0.09090909090909091,0.9090909090909091,0.4394969869215134
8894,11,1,10,0.09090909090909091,0.9090909090909091,0.4394969869215134
8895,11,2,9,0.18181818181818182,0.8181818181818182,0.6840384356390418
8896,11,0,11,0.0,1.0,0.0
8897,11,1,10,0.09090909090909091,0.9090909090909091,0.4394969869215134
8898,11,1,10,0.09090909090909091,0.9090909090909091,0.4394969869215134
8899,11,1,10,0.09090909090909091,0.9090909090909091,0.4394969869215134
8900,11,4,7,0.36363636363636365,0.6363636363636364,0.9456603046006401
8901,11,1,10,0.09090909090909091,0.9090909090909091,0.4394969869215134
8902,11,2,9,0.18181818181818182,0.8181818181818182,0.6840384356390418
8903,11,1,10,0.09090909090909091,0.9090909090909091,0.4394969869215134
8904,11,3,8,0.2727272727272727,0.7272727272727273,0.8453509366224364
8905,11,1,10,0.09090909090909091,0.9090909090909091,0.4394969869215134
8906,11,3,8,0.2727272727272727,0.7272727272727273,0.8453509366224364
8907,11,1,10,0.09090909090909091,0.9090909090909091,0.4394969869215134
8908,11,1,10,0.09090909090909091,0.9090909090909091,0.4394969869215134
8909,11,3,8,0.2727272727272727,0.7272727272727273,0.8453509366224364
8910,11,2,9,0.18181818181818182,0.8181818181818182,0.6840384356390418
8911,11,1,10,0.09090909090909091,0.9090909090909091,0.4394969869215134
8912,11,1,10,0.09090909090909091,0.9090909090909091,0.4394969869215134
8913,11,2,9,0.18181818181818182,0.8181818181818182,0.6840384356390418
8914,11,2,9,0.18181818181818182,0.8181818181818182,0.6840384356390418
8915,11,2,9,0.18181818181818182,0.8181818181818182,0.6840384356390418
8916,11,0,11,0.0,1.0,0.0
8917,11,4,7,0.36363636363636365,0.6363636363636364,0.9456603046006401
8918,11,3,8,0.2727272727272727,0.7272727272727273,0.8453509366224364
8919,11,3,8,0.2727272727272727,0.7272727272727273,0.8453509366224364
8920,11,0,11,0.0,1.0,0.0
8921,11,3,8,0.2727272727272727,0.7272727272727273,0.8453509366224364
8922,11,3,8,0.2727272727272727,0.7272727272727273,0.8453509366224364
8923,11,0,11,0.0,1.0,0.0
8924,11,1,10,0.09090909090909091,0.9090909090909091,0.4394969869215134
8925,11,3,8,0.2727272727272727,0.7272727272727273,0.8453509366224364
8926,11,2,9,0.18181818181818182,0.8181818181818182,0.6840384356390418
8927,11,0,11,0.0,1.0,0.0
8928,11,3,8,0.2727272727272727,0.7272727272727273,0.8453509366224364
8929,11,4,7,0.36363636363636365,0.6363636363636364,0.9456603046006401
8930,11,1,10,0.09090909090909091,0.9090909090909091,0.4394969869215134
8931,11,2,9,0.18181818181818182,0.8181818181818182,0.6840384356390418
8932,11,2,9,0.18181818181818182,0.8181818181818182,0.6840384356390418
8933,11,5,6,0.45454545454545453,0.5454545454545454,0.9940302114769565
8934,11,0,11,0.0,1.0,0.0
8935,11,2,9,0.18181818181818182,0.8181818181818182,0.6840384356390418
8936,11,0,11,0.0,1.0,0.0
8937,11,4,7,0.36363636363636365,0.6363636363636364,0.9456603046006401
8938,11,0,11,0.0,1.0,0.0
8939,11,2,9,0.18181818181818182,0.8181818181818182,0.6840384356390418
8940,11,0,11,0.0,1.0,0.0
8941,11,1,10,0.09090909090909091,0.9090909090909091,0.4394969869215134
8942,11,0,11,0.0,1.0,0.0
8943,11,0,11,0.0,1.0,0.0
8944,11,2,9,0.18181818181818182,0.8181818181818182,0.6840384356390418
8945,11,1,10,0.09090909090909091,0.9090909090909091,0.4394969869215134
8946,11,3,8,0.2727272727272727,0.7272727272727273,0.8453509366224364
8947,11,2,9,0.18181818181818182,0.8181818181818182,0.6840384356390418
8948,11,2,9,0.18181818181818182,0.8181818181818182,0.6840384356390418
8949,11,1,10,0.09090909090909091,0.9090909090909091,0.4394969869215134
8950,11,1,10,0.09090909090909091,0.9090909090909091,0.4394969869215134
8951,11,0,11,0.0,1.0,0.0
8952,11,3,8,0.2727272727272727,0.7272727272727273,0.8453509366224364
8953,11,3,8,0.2727272727272727,0.7272727272727273,0.8453509366224364
8954,11,2,9,0.18181818181818182,0.8181818181818182,0.6840384356390418
8955,11,1,10,0.09090909090909091,0.9090909090909091,0.4394969869215134
8956,11,3,8,0.2727272727272727,0.7272727272727273,0.8453509366224364
8957,11,3,8,0.2727272727272727,0.7272727272727273,0.8453509366224364
8958,11,2,9,0.18181818181818182,0.8181818181818182,0.6840384356390418
8959,11,2,9,0.18181818181818182,0.8181818181818182,0.6840384356390418
8960,11,1,10,0.09090909090909091,0.9090909090909091,0.4394969869215134
8961,11,2,9,0.18181818181818182,0.8181818181818182,0.6840384356390418
8962,11,1,10,0.09090909090909091,0.9090909090909091,0.4394969869215134
8963,11,3,8,0.2727272727272727,0.7272727272727273,0.8453509366224364
8964,11,1,10,0.09090909090909091,0.9090909090909091,0.4394969869215134
8965,11,1,10,0.09090909090909091,0.9090909090909091,0.4394969869215134
8966,11,2,9,0.18181818181818182,0.8181818181818182,0.6840384356390418
8967,11,1,10,0.09090909090909091,0.9090909090909091,0.4394969869215134
8968,11,1,10,0.09090909090909091,0.9090909090909091,0.4394969869215134
8969,11,1,10,0.09090909090909091,0.9090909090909091,0.4394969869215134
8970,11,0,11,0.0,1.0,0.0
8971,11,3,8,0.2727272727272727,0.7272727272727273,0.8453509366224364
8972,11,2,9,0.18181818181818182,0.8181818181818182,0.6840384356390418
8973,11,1,10,0.09090909090909091,0.9090909090909091,0.4394969869215134
8974,11,0,11,0.0,1.0,0.0
8975,11,1,10,0.09090909090909091,0.9090909090909091,0.4394969869215134
8976,11,1,10,0.09090909090909091,0.9090909090909091,0.4394969869215134
8977,11,0,11,0.0,1.0,0.0
8978,11,3,8,0.2727272727272727,0.7272727272727273,0.8453509366224364
8979,11,0,11,0.0,1.0,0.0
8980,11,4,7,0.36363636363636365,0.6363636363636364,0.9456603046006401
8981,11,1,10,0.09090909090909091,0.9090909090909091,0.4394969869215134
8982,11,1,10,0.09090909090909091,0.9090909090909091,0.4394969869215134
8983,11,1,10,0.09090909090909091,0.9090909090909091,0.4394969869215134
8984,11,2,9,0.18181818181818182,0.8181818181818182,0.6840384356390418
8985,11,2,9,0.18181818181818182,0.8181818181818182,0.6840384356390418
8986,11,0,11,0.0,1.0,0.0
8987,11,0,11,0.0,1.0,0.0
8988,11,2,9,0.18181818181818182,0.8181818181818182,0.6840384356390418
8989,11,0,11,0.0,1.0,0.0
8990,11,2,9,0.18181818181818182,0.8181818181818182,0.6840384356390418
8991,11,2,9,0.18181818181818182,0.8181818181818182,0.6840384356390418
8992,11,2,9,0.18181818181818182,0.8181818181818182,0.6840384356390418
8993,11,2,9,0.18181818181818182,0.8181818181818182,0.6840384356390418
8994,11,1,10,0.09090909090909091,0.9090909090909091,0.4394969869215134
8995,11,2,9,0.18181818181818182,0.8181818181818182,0.6840384356390418
8996,11,0,11,0.0,1.0,0.0
8997,11,2,9,0.18181818181818182,0.8181818181818182,0.6840384356390418
8998,11,2,9,0.18181818181818182,0.8181818181818182,0.6840384356390418
8999,11,2,9,0.18181818181818182,0.8181818181818182,0.6840384356390418
9000,11,2,9,0.18181818181818182,0.8181818181818182,0.6840384356390418
9001,11,3,8,0.2727272727272727,0.7272727272727273,0.8453509366224364
9002,11,1,10,0.09090909090909091,0.9090909090909091,0.4394969869215134
9003,11,1,10,0.09090909090909091,0.9090909090909091,0.4394969869215134
9004,11,1,10,0.09090909090909091,0.9090909090909091,0.4394969869215134
9005,11,2,9,0.18181818181818182,0.8181818181818182,0.6840384356390418
9006,11,1,10,0.09090909090909091,0.9090909090909091,0.4394969869215134
9007,11,0,11,0.0,1.0,0.0
9008,11,2,9,0.18181818181818182,0.8181818181818182,0.6840384356390418
9009,11,4,7,0.36363636363636365,0.6363636363636364,0.9456603046006401
9010,11,2,9,0.18181818181818182,0.8181818181818182,0.6840384356390418
9011,11,1,10,0.09090909090909091,0.9090909090909091,0.4394969869215134
9012,11,1,10,0.09090909090909091,0.9090909090909091,0.4394969869215134
9013,11,3,8,0.2727272727272727,0.7272727272727273,0.8453509366224364
9014,11,0,11,0.0,1.0,0.0
9015,11,2,9,0.18181818181818182,0.8181818181818182,0.6840384356390418
9016,11,1,10,0.09090909090909091,0.9090909090909091,0.4394969869215134
9017,11,1,10,0.09090909090909091,0.9090909090909091,0.4394969869215134
9018,11,2,9,0.18181818181818182,0.8181818181818182,0.6840384356390418
9019,11,0,11,0.0,1.0,0.0
9020,11,2,9,0.18181818181818182,0.8181818181818182,0.6840384356390418
9021,11,0,11,0.0,1.0,0.0
9022,11,1,10,0.09090909090909091,0.9090909090909091,0.4394969869215134
9023,11,1,10,0.09090909090909091,0.9090909090909091,0.4394969869215134
9024,11,1,10,0.09090909090909091,0.9090909090909091,0.4394969869215134
9025,11,0,11,0.0,1.0,0.0
9026,11,0,11,0.0,1.0,0.0
9027,11,1,10,0.09090909090909091,0.9090909090909091,0.4394969869215134
9028,11,2,9,0.18181818181818182,0.8181818181818182,0.6840384356390418
9029,11,0,11,0.0,1.0,0.0
9030,11,1,10,0.09090909090909091,0.9090909090909091,0.4394969869215134
9031,11,0,11,0.0,1.0,0.0
9032,11,0,11,0.0,1.0,0.0
9033,11,1,10,0.09090909090909091,0.9090909090909091,0.4394969869215134
9034,11,1,10,0.09090909090909091,0.9090909090909091,0.4394969869215134
9035,11,2,9,0.18181818181818182,0.8181818181818182,0.6840384356390418
9036,11,1,10,0.09090909090909091,0.9090909090909091,0.4394969869215134
9037,11,1,10,0.09090909090909091,0.9090909090909091,0.4394969869215134
9038,11,4,7,0.36363636363636365,0.6363636363636364,0.9456603046006401
9039,11,2,9,0.18181818181818182,0.8181818181818182,0.6840384356390418
9040,11,2,9,0.18181818181818182,0.8181818181818182,0.6840384356390418
9041,11,0,11,0.0,1.0,0.0
9042,11,0,11,0.0,1.0,0.0
9043,11,2,9,0.18181818181818182,0.8181818181818182,0.6840384356390418
9044,11,1,10,0.09090909090909091,0.9090909090909091,0.4394969869215134
9045,11,3,8,0.2727272727272727,0.7272727272727273,0.8453509366224364
9046,11,0,11,0.0,1.0,0.0
9047,11,2,9,0.18181818181818182,0.8181818181818182,0.6840384356390418
9048,11,3,8,0.2727272727272727,0.7272727272727273,0.8453509366224364
9049,11,3,8,0.2727272727272727,0.7272727272727273,0.8453509366224364
9050,11,1,10,0.09090909090909091,0.9090909090909091,0.4394969869215134
9051,11,4,7,0.36363636363636365,0.6363636363636364,0.9456603046006401
9052,11,1,10,0.09090909090909091,0.9090909090909091,0.4394969869215134
9053,11,0,11,0.0,1.0,0.0
9054,11,1,10,0.09090909090909091,0.9090909090909091,0.4394969869215134
9055,11,2,9,0.18181818181818182,0.8181818181818182,0.6840384356390418
9056,11,4,7,0.36363636363636365,0.6363636363636364,0.9456603046006401
9057,11,2,9,0.18181818181818182,0.8181818181818182,0.6840384356390418
9058,11,2,9,0.18181818181818182,0.8181818181818182,0.6840384356390418
9059,11,1,10,0.09090909090909091,0.9090909090909091,0.4394969869215134
9060,11,1,10,0.09090909090909091,0.9090909090909091,0.4394969869215134
9061,11,1,10,0.09090909090909091,0.9090909090909091,0.4394969869215134
9062,11,2,9,0.18181818181818182,0.8181818181818182,0.6840384356390418
9063,11,1,10,0.09090909090909091,0.9090909090909091,0.4394969869215134
9064,11,2,9,0.18181818181818182,0.8181818181818182,0.6840384356390418
9065,11,2,9,0.18181818181818182,0.8181818181818182,0.6840384356390418
9066,11,1,10,0.09090909090909091,0.9090909090909091,0.4394969869215134
9067,11,2,9,0.18181818181818182,0.8181818181818182,0.6840384356390418
9068,11,0,11,0.0,1.0,0.0
9069,11,2,9,0.18181818181818182,0.8181818181818182,0.6840384356390418
9070,11,1,10,0.09090909090909091,0.9090909090909091,0.4394969869215134
9071,11,0,11,0.0,1.0,0.0
9072,11,2,9,0.18181818181818182,0.8181818181818182,0.6840384356390418
9073,11,0,11,0.0,1.0,0.0
9074,11,1,10,0.09090909090909091,0.9090909090909091,0.4394969869215134
9075,11,3,8,0.2727272727272727,0.7272727272727273,0.8453509366224364
9076,11,1,10,0.09090909090909091,0.9090909090909091,0.4394969869215134
9077,11,2,9,0.18181818181818182,0.8181818181818182,0.6840384356390418
9078,11,2,9,0.18181818181818182,0.8181818181818182,0.6840384356390418
9079,11,4,7,0.36363636363636365,0.6363636363636364,0.9456603046006401
9080,11,1,10,0.09090909090909091,0.9090909090909091,0.4394969869215134
9081,11,3,8,0.2727272727272727,0.7272727272727273,0.8453509366224364
9082,11,2,9,0.18181818181818182,0.8181818181818182,0.6840384356390418
9083,11,4,7,0.36363636363636365,0.6363636363636364,0.9456603046006401
9084,11,0,11,0.0,1.0,0.0
9085,11,1,10,0.09090909090909091,0.9090909090909091,0.4394969869215134
9086,11,1,10,0.09090909090909091,0.9090909090909091,0.4394969869215134
9087,11,1,10,0.09090909090909091,0.9090909090909091,0.4394969869215134
9088,11,1,10,0.09090909090909091,0.9090909090909091,0.4394969869215134
9089,11,1,10,0.09090909090909091,0.9090909090909091,0.4394969869215134
9090,11,0,11,0.0,1.0,0.0
9091,11,2,9,0.18181818181818182,0.8181818181818182,0.6840384356390418
9092,11,1,10,0.09090909090909091,0.9090909090909091,0.4394969869215134
9093,11,1,10,0.09090909090909091,0.9090909090909091,0.4394969869215134
9094,11,0,11,0.0,1.0,0.0
9095,11,3,8,0.2727272727272727,0.7272727272727273,0.8453509366224364
9096,11,2,9,0.18181818181818182,0.8181818181818182,0.6840384356390418
9097,11,2,9,0.18181818181818182,0.8181818181818182,0.6840384356390418
9098,11,0,11,0.0,1.0,0.0
9099,11,1,10,0.09090909090909091,0.9090909090909091,0.4394969869215134
9100,11,0,11,0.0,1.0,0.0
9101,11,3,8,0.2727272727272727,0.7272727272727273,0.8453509366224364
9102,11,3,8,0.2727272727272727,0.7272727272727273,0.8453509366224364
9103,11,1,10,0.09090909090909091,0.9090909090909091,0.4394969869215134
9104,11,2,9,0.18181818181818182,0.8181818181818182,0.6840384356390418
9105,11,4,7,0.36363636363636365,0.6363636363636364,0.9456603046006401
9106,11,4,7,0.36363636363636365,0.6363636363636364,0.9456603046006401
9107,11,1,10,0.09090909090909091,0.9090909090909091,0.4394969869215134
9108,11,0,11,0.0,1.0,0.0
9109,11,2,9,0.18181818181818182,0.8181818181818182,0.6840384356390418
9110,11,1,10,0.09090909090909091,0.9090909090909091,0.4394969869215134
9111,11,4,7,0.36363636363636365,0.6363636363636364,0.9456603046006401
9112,11,0,11,0.0,1.0,0.0
9113,11,1,10,0.09090909090909091,0.9090909090909091,0.4394969869215134
9114,11,0,11,0.0,1.0,0.0
9115,11,2,9,0.18181818181818182,0.8181818181818182,0.6840384356390418
9116,11,0,11,0.0,1.0,0.0
9117,11,2,9,0.18181818181818182,0.8181818181818182,0.6840384356390418
9118,11,1,10,0.09090909090909091,0.9090909090909091,0.4394969869215134
9119,11,1,10,0.09090909090909091,0.9090909090909091,0.4394969869215134
9120,11,1,10,0.09090909090909091,0.9090909090909091,0.4394969869215134
9121,11,2,9,0.18181818181818182,0.8181818181818182,0.6840384356390418
9122,11,2,9,0.18181818181818182,0.8181818181818182,0.6840384356390418
9123,11,1,10,0.09090909090909091,0.9090909090909091,0.4394969869215134
9124,11,0,11,0.0,1.0,0.0
9125,11,0,11,0.0,1.0,0.0
9126,11,4,7,0.36363636363636365,0.6363636363636364,0.9456603046006401
9127,11,1,10,0.09090909090909091,0.9090909090909091,0.4394969869215134
9128,11,0,11,0.0,1.0,0.0
9129,11,1,10,0.09090909090909091,0.9090909090909091,0.4394969869215134
9130,11,3,8,0.2727272727272727,0.7272727272727273,0.8453509366224364
9131,11,2,9,0.18181818181818182,0.8181818181818182,0.6840384356390418
9132,11,1,10,0.09090909090909091,0.9090909090909091,0.4394969869215134
9133,11,1,10,0.09090909090909091,0.9090909090909091,0.4394969869215134
9134,11,0,11,0.0,1.0,0.0
9135,11,3,8,0.2727272727272727,0.7272727272727273,0.8453509366224364
9136,11,2,9,0.18181818181818182,0.8181818181818182,0.6840384356390418
9137,11,2,9,0.18181818181818182,0.8181818181818182,0.6840384356390418
9138,11,1,10,0.09090909090909091,0.9090909090909091,0.4394969869215134
9139,11,3,8,0.2727272727272727,0.7272727272727273,0.8453509366224364
9140,11,1,10,0.09090909090909091,0.9090909090909091,0.4394969869215134
9141,11,2,9,0.18181818181818182,0.8181818181818182,0.6840384356390418
9142,11,4,7,0.36363636363636365,0.6363636363636364,0.9456603046006401
9143,11,2,9,0.18181818181818182,0.8181818181818182,0.6840384356390418
9144,11,1,10,0.09090909090909091,0.9090909090909091,0.4394969869215134
9145,11,1,10,0.09090909090909091,0.9090909090909091,0.4394969869215134
9146,11,4,7,0.36363636363636365,0.6363636363636364,0.9456603046006401
9147,11,2,9,0.18181818181818182,0.8181818181818182,0.6840384356390418
9148,11,2,9,0.18181818181818182,0.8181818181818182,0.6840384356390418
9149,11,2,9,0.18181818181818182,0.8181818181818182,0.6840384356390418
9150,11,0,11,0.0,1.0,0.0
9151,11,0,11,0.0,1.0,0.0
9152,11,2,9,0.18181818181818182,0.8181818181818182,0.6840384356390418
9153,11,1,10,0.09090909090909091,0.9090909090909091,0.4394969869215134
9154,11,1,10,0.09090909090909091,0.9090909090909091,0.4394969869215134
9155,11,1,10,0.09090909090909091,0.9090909090909091,0.4394969869215134
9156,11,0,11,0.0,1.0,0.0
9157,11,3,8,0.2727272727272727,0.7272727272727273,0.8453509366224364
9158,11,1,10,0.09090909090909091,0.9090909090909091,0.4394969869215134
9159,11,1,10,0.09090909090909091,0.9090909090909091,0.4394969869215134
9160,11,1,10,0.09090909090909091,0.9090909090909091,0.4394969869215134
9161,11,2,9,0.18181818181818182,0.8181818181818182,0.6840384356390418
9162,11,0,11,0.0,1.0,0.0
9163,11,1,10,0.09090909090909091,0.9090909090909091,0.4394969869215134
9164,11,0,11,0.0,1.0,0.0
9165,11,2,9,0.18181818181818182,0.8181818181818182,0.6840384356390418
9166,11,2,9,0.18181818181818182,0.8181818181818182,0.6840384356390418
9167,11,1,10,0.09090909090909091,0.9090909090909091,0.4394969869215134
9168,11,2,9,0.18181818181818182,0.8181818181818182,0.6840384356390418
9169,11,2,9,0.18181818181818182,0.8181818181818182,0.6840384356390418
9170,11,2,9,0.18181818181818182,0.8181818181818182,0.6840384356390418
9171,11,3,8,0.2727272727272727,0.7272727272727273,0.8453509366224364
9172,11,2,9,0.18181818181818182,0.8181818181818182,0.6840384356390418
9173,11,1,10,0.09090909090909091,0.9090909090909091,0.4394969869215134
9174,11,0,11,0.0,1.0,0.0
9175,11,2,9,0.18181818181818182,0.8181818181818182,0.6840384356390418
9176,11,1,10,0.09090909090909091,0.9090909090909091,0.4394969869215134
9177,11,2,9,0.18181818181818182,0.8181818181818182,0.6840384356390418
9178,11,2,9,0.18181818181818182,0.8181818181818182,0.6840384356390418
9179,11,2,9,0.18181818181818182,0.8181818181818182,0.6840384356390418
9180,11,2,9,0.18181818181818182,0.8181818181818182,0.6840384356390418
9181,11,1,10,0.09090909090909091,0.9090909090909091,0.4394969869215134
9182,11,1,10,0.09090909090909091,0.9090909090909091,0.4394969869215134
9183,11,0,11,0.0,1.0,0.0
9184,11,2,9,0.18181818181818182,0.8181818181818182,0.6840384356390418
9185,11,2,9,0.18181818181818182,0.8181818181818182,0.6840384356390418
9186,11,0,11,0.0,1.0,0.0
9187,11,4,7,0.36363636363636365,0.6363636363636364,0.9456603046006401
9188,11,2,9,0.18181818181818182,0.8181818181818182,0.6840384356390418
9189,11,0,11,0.0,1.0,0.0
9190,11,1,10,0.09090909090909091,0.9090909090909091,0.4394969869215134
9191,11,2,9,0.18181818181818182,0.8181818181818182,0.6840384356390418
9192,11,4,7,0.36363636363636365,0.6363636363636364,0.9456603046006401
9193,11,2,9,0.18181818181818182,0.8181818181818182,0.6840384356390418
9194,11,3,8,0.2727272727272727,0.7272727272727273,0.8453509366224364
9195,11,2,9,0.18181818181818182,0.8181818181818182,0.6840384356390418
9196,11,2,9,0.18181818181818182,0.8181818181818182,0.6840384356390418
9197,11,1,10,0.09090909090909091,0.9090909090909091,0.4394969869215134
9198,11,1,10,0.09090909090909091,0.9090909090909091,0.4394969869215134
9199,11,3,8,0.2727272727272727,0.7272727272727273,0.8453509366224364
9200,11,2,9,0.18181818181818182,0.8181818181818182,0.6840384356390418
9201,11,1,10,0.09090909090909091,0.9090909090909091,0.4394969869215134
9202,11,0,11,0.0,1.0,0.0
9203,11,2,9,0.18181818181818182,0.8181818181818182,0.6840384356390418
9204,11,1,10,0.09090909090909091,0.9090909090909091,0.4394969869215134
9205,11,2,9,0.18181818181818182,0.8181818181818182,0.6840384356390418
9206,11,0,11,0.0,1.0,0.0
9207,11,0,11,0.0,1.0,0.0
9208,11,0,11,0.0,1.0,0.0
9209,11,0,11,0.0,1.0,0.0
9210,11,2,9,0.18181818181818182,0.8181818181818182,0.6840384356390418
9211,11,4,7,0.36363636363636365,0.6363636363636364,0.9456603046006401
9212,11,1,10,0.09090909090909091,0.9090909090909091,0.4394969869215134
9213,11,3,8,0.2727272727272727,0.7272727272727273,0.8453509366224364
9214,11,5,6,0.45454545454545453,0.5454545454545454,0.9940302114769565
9215,11,1,10,0.09090909090909091,0.9090909090909091,0.4394969869215134
9216,11,0,11,0.0,1.0,0.0
9217,11,2,9,0.18181818181818182,0.8181818181818182,0.6840384356390418
9218,11,2,9,0.18181818181818182,0.8181818181818182,0.6840384356390418
9219,11,2,9,0.18181818181818182,0.8181818181818182,0.6840384356390418
9220,11,2,9,0.18181818181818182,0.8181818181818182,0.6840384356390418
9221,11,1,10,0.09090909090909091,0.9090909090909091,0.4394969869215134
9222,11,1,10,0.09090909090909091,0.9090909090909091,0.4394969869215134
9223,11,1,10,0.09090909090909091,0.9090909090909091,0.4394969869215134
9224,11,1,10,0.09090909090909091,0.9090909090909091,0.4394969869215134
9225,11,2,9,0.18181818181818182,0.8181818181818182,0.6840384356390418
9226,11,1,10,0.09090909090909091,0.9090909090909091,0.4394969869215134
9227,11,1,10,0.09090909090909091,0.9090909090909091,0.4394969869215134
9228,11,5,6,0.45454545454545453,0.5454545454545454,0.9940302114769565
9229,11,2,9,0.18181818181818182,0.8181818181818182,0.6840384356390418
9230,11,0,11,0.0,1.0,0.0
9231,11,3,8,0.2727272727272727,0.7272727272727273,0.8453509366224364
9232,11,1,10,0.09090909090909091,0.9090909090909091,0.4394969869215134
9233,11,1,10,0.09090909090909091,0.9090909090909091,0.4394969869215134
9234,11,4,7,0.36363636363636365,0.6363636363636364,0.9456603046006401
9235,11,0,11,0.0,1.0,0.0
9236,11,0,11,0.0,1.0,0.0
9237,11,3,8,0.2727272727272727,0.7272727272727273,0.8453509366224364
9238,11,4,7,0.36363636363636365,0.6363636363636364,0.9456603046006401
9239,11,3,8,0.2727272727272727,0.7272727272727273,0.8453509366224364
9240,11,2,9,0.18181818181818182,0.8181818181818182,0.6840384356390418
9241,11,2,9,0.18181818181818182,0.8181818181818182,0.6840384356390418
9242,11,1,10,0.09090909090909091,0.9090909090909091,0.4394969869215134
9243,11,1,10,0.09090909090909091,0.9090909090909091,0.4394969869215134
9244,11,0,11,0.0,1.0,0.0
9245,11,2,9,0.18181818181818182,0.8181818181818182,0.6840384356390418
9246,11,3,8,0.2727272727272727,0.7272727272727273,0.8453509366224364
9247,11,0,11,0.0,1.0,0.0
9248,11,0,11,0.0,1.0,0.0
9249,11,0,11,0.0,1.0,0.0
9250,11,1,10,0.09090909090909091,0.9090909090909091,0.4394969869215134
9251,11,2,9,0.18181818181818182,0.8181818181818182,0.6840384356390418
9252,11,0,11,0.0,1.0,0.0
9253,11,1,10,0.09090909090909091,0.9090909090909091,0.4394969869215134
9254,11,2,9,0.18181818181818182,0.8181818181818182,0.6840384356390418
9255,11,0,11,0.0,1.0,0.0
9256,11,2,9,0.18181818181818182,0.8181818181818182,0.6840384356390418
9257,11,1,10,0.09090909090909091,0.9090909090909091,0.4394969869215134
9258,11,0,11,0.0,1.0,0.0
9259,11,4,7,0.36363636363636365,0.6363636363636364,0.9456603046006401
9260,11,3,8,0.2727272727272727,0.7272727272727273,0.8453509366224364
9261,11,2,9,0.18181818181818182,0.8181818181818182,0.6840384356390418
9262,11,2,9,0.18181818181818182,0.8181818181818182,0.6840384356390418
9263,11,1,10,0.09090909090909091,0.9090909090909091,0.4394969869215134
9264,11,0,11,0.0,1.0,0.0
9265,11,1,10,0.09090909090909091,0.9090909090909091,0.4394969869215134
9266,11,0,11,0.0,1.0,0.0
9267,11,1,10,0.09090909090909091,0.9090909090909091,0.4394969869215134
9268,11,3,8,0.2727272727272727,0.7272727272727273,0.8453509366224364
9269,11,3,8,0.2727272727272727,0.7272727272727273,0.8453509366224364
9270,11,4,7,0.36363636363636365,0.6363636363636364,0.9456603046006401
9271,11,2,9,0.18181818181818182,0.8181818181818182,0.6840384356390418
9272,11,1,10,0.09090909090909091,0.9090909090909091,0.4394969869215134
9273,11,1,10,0.09090909090909091,0.9090909090909091,0.4394969869215134
9274,11,2,9,0.18181818181818182,0.8181818181818182,0.6840384356390418
9275,11,1,10,0.09090909090909091,0.9090909090909091,0.4394969869215134
9276,11,0,11,0.0,1.0,0.0
9277,11,0,11,0.0,1.0,0.0
9278,11,3,8,0.2727272727272727,0.7272727272727273,0.8453509366224364
9279,11,3,8,0.2727272727272727,0.7272727272727273,0.8453509366224364
9280,11,1,10,0.09090909090909091,0.9090909090909091,0.4394969869215134
9281,11,0,11,0.0,1.0,0.0
9282,11,0,11,0.0,1.0,0.0
9283,11,4,7,0.36363636363636365,0.6363636363636364,0.9456603046006401
9284,11,1,10,0.09090909090909091,0.9090909090909091,0.4394969869215134
9285,11,1,10,0.09090909090909091,0.9090909090909091,0.4394969869215134
9286,11,1,10,0.09090909090909091,0.9090909090909091,0.4394969869215134
9287,11,1,10,0.09090909090909091,0.9090909090909091,0.4394969869215134
9288,11,1,10,0.09090909090909091,0.9090909090909091,0.4394969869215134
9289,11,0,11,0.0,1.0,0.0
9290,11,2,9,0.18181818181818182,0.8181818181818182,0.6840384356390418
9291,11,1,10,0.09090909090909091,0.9090909090909091,0.4394969869215134
9292,11,2,9,0.18181818181818182,0.8181818181818182,0.6840384356390418
9293,11,1,10,0.09090909090909091,0.9090909090909091,0.4394969869215134
9294,11,2,9,0.18181818181818182,0.8181818181818182,0.6840384356390418
9295,11,1,10,0.09090909090909091,0.9090909090909091,0.4394969869215134
9296,11,2,9,0.18181818181818182,0.8181818181818182,0.6840384356390418
9297,11,3,8,0.2727272727272727,0.7272727272727273,0.8453509366224364
9298,11,1,10,0.09090909090909091,0.9090909090909091,0.4394969869215134
9299,11,3,8,0.2727272727272727,0.7272727272727273,0.8453509366224364
9300,11,2,9,0.18181818181818182,0.8181818181818182,0.6840384356390418
9301,11,2,9,0.18181818181818182,0.8181818181818182,0.6840384356390418
9302,11,0,11,0.0,1.0,0.0
9303,11,2,9,0.18181818181818182,0.8181818181818182,0.6840384356390418
9304,11,0,11,0.0,1.0,0.0
9305,11,1,10,0.09090909090909091,0.9090909090909091,0.4394969869215134
9306,11,1,10,0.09090909090909091,0.9090909090909091,0.4394969869215134
9307,11,2,9,0.18181818181818182,0.8181818181818182,0.6840384356390418
9308,11,3,8,0.2727272727272727,0.7272727272727273,0.8453509366224364
9309,11,1,10,0.09090909090909091,0.9090909090909091,0.4394969869215134
9310,11,2,9,0.18181818181818182,0.8181818181818182,0.6840384356390418
9311,11,1,10,0.09090909090909091,0.9090909090909091,0.4394969869215134
9312,11,0,11,0.0,1.0,0.0
9313,11,1,10,0.09090909090909091,0.9090909090909091,0.4394969869215134
9314,11,1,10,0.09090909090909091,0.9090909090909091,0.4394969869215134
9315,11,1,10,0.09090909090909091,0.9090909090909091,0.4394969869215134
9316,11,1,10,0.09090909090909091,0.9090909090909091,0.4394969869215134
9317,11,2,9,0.18181818181818182,0.8181818181818182,0.6840384356390418
9318,11,0,11,0.0,1.0,0.0
9319,11,2,9,0.18181818181818182,0.8181818181818182,0.6840384356390418
9320,11,2,9,0.18181818181818182,0.8181818181818182,0.6840384356390418
9321,11,1,10,0.09090909090909091,0.9090909090909091,0.4394969869215134
9322,11,2,9,0.18181818181818182,0.8181818181818182,0.6840384356390418
9323,11,1,10,0.09090909090909091,0.9090909090909091,0.4394969869215134
9324,11,0,11,0.0,1.0,0.0
9325,11,4,7,0.36363636363636365,0.6363636363636364,0.9456603046006401
9326,11,2,9,0.18181818181818182,0.8181818181818182,0.6840384356390418
9327,11,4,7,0.36363636363636365,0.6363636363636364,0.9456603046006401
9328,11,1,10,0.09090909090909091,0.9090909090909091,0.4394969869215134
9329,11,1,10,0.09090909090909091,0.9090909090909091,0.4394969869215134
9330,11,2,9,0.18181818181818182,0.8181818181818182,0.6840384356390418
9331,11,0,11,0.0,1.0,0.0
9332,11,2,9,0.18181818181818182,0.8181818181818182,0.6840384356390418
9333,11,1,10,0.09090909090909091,0.9090909090909091,0.4394969869215134
9334,11,3,8,0.2727272727272727,0.7272727272727273,0.8453509366224364
9335,11,2,9,0.18181818181818182,0.8181818181818182,0.6840384356390418
9336,11,2,9,0.18181818181818182,0.8181818181818182,0.6840384356390418
9337,11,1,10,0.09090909090909091,0.9090909090909091,0.4394969869215134
9338,11,0,11,0.0,1.0,0.0
9339,11,3,8,0.2727272727272727,0.7272727272727273,0.8453509366224364
9340,11,1,10,0.09090909090909091,0.9090909090909091,0.4394969869215134
9341,11,3,8,0.2727272727272727,0.7272727272727273,0.8453509366224364
9342,11,1,10,0.09090909090909091,0.9090909090909091,0.4394969869215134
9343,11,1,10,0.09090909090909091,0.9090909090909091,0.4394969869215134
9344,11,1,10,0.09090909090909091,0.9090909090909091,0.4394969869215134
9345,11,0,11,0.0,1.0,0.0
9346,11,2,9,0.18181818181818182,0.8181818181818182,0.6840384356390418
9347,11,1,10,0.09090909090909091,0.9090909090909091,0.4394969869215134
9348,11,3,8,0.2727272727272727,0.7272727272727273,0.8453509366224364
9349,11,3,8,0.2727272727272727,0.7272727272727273,0.8453509366224364
9350,11,1,10,0.09090909090909091,0.9090909090909091,0.4394969869215134
9351,11,1,10,0.09090909090909091,0.9090909090909091,0.4394969869215134
9352,11,0,11,0.0,1.0,0.0
9353,11,3,8,0.2727272727272727,0.7272727272727273,0.8453509366224364
9354,11,3,8,0.2727272727272727,0.7272727272727273,0.8453509366224364
9355,11,4,7,0.36363636363636365,0.6363636363636364,0.9456603046006401
9356,11,0,11,0.0,1.0,0.0
9357,11,3,8,0.2727272727272727,0.7272727272727273,0.8453509366224364
9358,11,2,9,0.18181818181818182,0.8181818181818182,0.6840384356390418
9359,11,2,9,0.18181818181818182,0.8181818181818182,0.6840384356390418
9360,11,1,10,0.09090909090909091,0.9090909090909091,0.4394969869215134
9361,11,1,10,0.09090909090909091,0.9090909090909091,0.4394969869215134
9362,11,1,10,0.09090909090909091,0.9090909090909091,0.4394969869215134
9363,11,0,11,0.0,1.0,0.0
9364,11,0,11,0.0,1.0,0.0
9365,11,1,10,0.09090909090909091,0.9090909090909091,0.4394969869215134
9366,11,2,9,0.18181818181818182,0.8181818181818182,0.6840384356390418
9367,11,2,9,0.18181818181818182,0.8181818181818182,0.6840384356390418
9368,11,2,9,0.18181818181818182,0.8181818181818182,0.6840384356390418
9369,11,2,9,0.18181818181818182,0.8181818181818182,0.6840384356390418
9370,11,0,11,0.0,1.0,0.0
9371,11,0,11,0.0,1.0,0.0
9372,11,1,10,0.09090909090909091,0.9090909090909091,0.4394969869215134
9373,11,3,8,0.2727272727272727,0.7272727272727273,0.8453509366224364
9374,11,3,8,0.2727272727272727,0.7272727272727273,0.8453509366224364
9375,11,1,10,0.09090909090909091,0.9090909090909091,0.4394969869215134
9376,11,1,10,0.09090909090909091,0.9090909090909091,0.4394969869215134
9377,11,2,9,0.18181818181818182,0.8181818181818182,0.6840384356390418
9378,11,3,8,0.2727272727272727,0.7272727272727273,0.8453509366224364
9379,11,0,11,0.0,1.0,0.0
9380,11,1,10,0.09090909090909091,0.9090909090909091,0.4394969869215134
9381,11,1,10,0.09090909090909091,0.9090909090909091,0.4394969869215134
9382,11,1,10,0.09090909090909091,0.9090909090909091,0.4394969869215134
9383,11,4,7,0.36363636363636365,0.6363636363636364,0.9456603046006401
9384,11,0,11,0.0,1.0,0.0
9385,11,1,10,0.09090909090909091,0.9090909090909091,0.4394969869215134
9386,11,4,7,0.36363636363636365,0.6363636363636364,0.9456603046006401
9387,11,2,9,0.18181818181818182,0.8181818181818182,0.6840384356390418
9388,11,4,7,0.36363636363636365,0.6363636363636364,0.9456603046006401
9389,11,3,8,0.2727272727272727,0.7272727272727273,0.8453509366224364
9390,11,4,7,0.36363636363636365,0.6363636363636364,0.9456603046006401
9391,11,1,10,0.09090909090909091,0.9090909090909091,0.4394969869215134
9392,11,5,6,0.45454545454545453,0.5454545454545454,0.9940302114769565
9393,11,1,10,0.09090909090909091,0.9090909090909091,0.4394969869215134
9394,11,3,8,0.2727272727272727,0.7272727272727273,0.8453509366224364
9395,11,2,9,0.18181818181818182,0.8181818181818182,0.6840384356390418
9396,11,0,11,0.0,1.0,0.0
9397,11,3,8,0.2727272727272727,0.7272727272727273,0.8453509366224364
9398,11,2,9,0.18181818181818182,0.8181818181818182,0.6840384356390418
9399,11,3,8,0.2727272727272727,0.7272727272727273,0.8453509366224364
9400,11,2,9,0.18181818181818182,0.8181818181818182,0.6840384356390418
9401,11,2,9,0.18181818181818182,0.8181818181818182,0.6840384356390418
9402,11,2,9,0.18181818181818182,0.8181818181818182,0.6840384356390418
9403,11,1,10,0.09090909090909091,0.9090909090909091,0.4394969869215134
9404,11,1,10,0.09090909090909091,0.9090909090909091,0.4394969869215134
9405,11,3,8,0.2727272727272727,0.7272727272727273,0.8453509366224364
9406,11,3,8,0.2727272727272727,0.7272727272727273,0.8453509366224364
9407,11,1,10,0.09090909090909091,0.9090909090909091,0.4394969869215134
9408,11,2,9,0.18181818181818182,0.8181818181818182,0.6840384356390418
9409,11,0,11,0.0,1.0,0.0
9410,11,1,10,0.09090909090909091,0.9090909090909091,0.4394969869215134
9411,11,2,9,0.18181818181818182,0.8181818181818182,0.6840384356390418
9412,11,3,8,0.2727272727272727,0.7272727272727273,0.8453509366224364
9413,11,2,9,0.18181818181818182,0.8181818181818182,0.6840384356390418
9414,11,2,9,0.18181818181818182,0.8181818181818182,0.6840384356390418
9415,11,2,9,0.18181818181818182,0.8181818181818182,0.6840384356390418
9416,11,2,9,0.18181818181818182,0.8181818181818182,0.6840384356390418
9417,11,1,10,0.09090909090909091,0.9090909090909091,0.4394969869215134
9418,11,1,10,0.09090909090909091,0.9090909090909091,0.4394969869215134
9419,11,0,11,0.0,1.0,0.0
9420,11,1,10,0.09090909090909091,0.9090909090909091,0.4394969869215134
9421,11,1,10,0.09090909090909091,0.9090909090909091,0.4394969869215134
9422,11,2,9,0.18181818181818182,0.8181818181818182,0.6840384356390418
9423,11,1,10,0.09090909090909091,0.9090909090909091,0.4394969869215134
9424,11,1,10,0.09090909090909091,0.9090909090909091,0.4394969869215134
9425,11,5,6,0.45454545454545453,0.5454545454545454,0.9940302114769565
9426,11,3,8,0.2727272727272727,0.7272727272727273,0.8453509366224364
9427,11,1,10,0.09090909090909091,0.9090909090909091,0.4394969869215134
9428,11,0,11,0.0,1.0,0.0
9429,11,4,7,0.36363636363636365,0.6363636363636364,0.9456603046006401
9430,11,2,9,0.18181818181818182,0.8181818181818182,0.6840384356390418
9431,11,2,9,0.18181818181818182,0.8181818181818182,0.6840384356390418
9432,11,1,10,0.09090909090909091,0.9090909090909091,0.4394969869215134
9433,11,2,9,0.18181818181818182,0.8181818181818182,0.6840384356390418
9434,11,2,9,0.18181818181818182,0.8181818181818182,0.6840384356390418
9435,11,1,10,0.09090909090909091,0.9090909090909091,0.4394969869215134
9436,11,3,8,0.2727272727272727,0.7272727272727273,0.8453509366224364
9437,11,2,9,0.18181818181818182,0.8181818181818182,0.6840384356390418
9438,11,0,11,0.0,1.0,0.0
9439,11,2,9,0.18181818181818182,0.8181818181818182,0.6840384356390418
9440,11,1,10,0.09090909090909091,0.9090909090909091,0.4394969869215134
9441,11,4,7,0.36363636363636365,0.6363636363636364,0.9456603046006401
9442,11,2,9,0.18181818181818182,0.8181818181818182,0.6840384356390418
9443,11,0,11,0.0,1.0,0.0
9444,11,4,7,0.36363636363636365,0.6363636363636364,0.9456603046006401
9445,11,3,8,0.2727272727272727,0.7272727272727273,0.8453509366224364
9446,11,1,10,0.09090909090909091,0.9090909090909091,0.4394969869215134
9447,11,1,10,0.09090909090909091,0.9090909090909091,0.4394969869215134
9448,11,1,10,0.09090909090909091,0.9090909090909091,0.4394969869215134
9449,11,1,10,0.09090909090909091,0.9090909090909091,0.4394969869215134
9450,11,1,10,0.09090909090909091,0.9090909090909091,0.4394969869215134
9451,11,3,8,0.2727272727272727,0.7272727272727273,0.8453509366224364
9452,11,1,10,0.09090909090909091,0.9090909090909091,0.4394969869215134
9453,11,0,11,0.0,1.0,0.0
9454,11,3,8,0.2727272727272727,0.7272727272727273,0.8453509366224364
9455,11,2,9,0.18181818181818182,0.8181818181818182,0.6840384356390418
9456,11,0,11,0.0,1.0,0.0
9457,11,2,9,0.18181818181818182,0.8181818181818182,0.6840384356390418
9458,11,0,11,0.0,1.0,0.0
9459,11,1,10,0.09090909090909091,0.9090909090909091,0.4394969869215134
9460,11,1,10,0.09090909090909091,0.9090909090909091,0.4394969869215134
9461,11,1,10,0.09090909090909091,0.9090909090909091,0.4394969869215134
9462,11,1,10,0.09090909090909091,0.9090909090909091,0.4394969869215134
9463,11,0,11,0.0,1.0,0.0
9464,11,1,10,0.09090909090909091,0.9090909090909091,0.4394969869215134
9465,11,0,11,0.0,1.0,0.0
9466,11,1,10,0.09090909090909091,0.9090909090909091,0.4394969869215134
9467,11,1,10,0.09090909090909091,0.9090909090909091,0.4394969869215134
9468,11,0,11,0.0,1.0,0.0
9469,11,0,11,0.0,1.0,0.0
9470,11,2,9,0.18181818181818182,0.8181818181818182,0.6840384356390418
9471,11,0,11,0.0,1.0,0.0
9472,11,1,10,0.09090909090909091,0.9090909090909091,0.4394969869215134
9473,11,2,9,0.18181818181818182,0.8181818181818182,0.6840384356390418
9474,11,2,9,0.18181818181818182,0.8181818181818182,0.6840384356390418
9475,11,1,10,0.09090909090909091,0.9090909090909091,0.4394969869215134
9476,11,2,9,0.18181818181818182,0.8181818181818182,0.6840384356390418
9477,11,2,9,0.18181818181818182,0.8181818181818182,0.6840384356390418
9478,11,2,9,0.18181818181818182,0.8181818181818182,0.6840384356390418
9479,11,1,10,0.09090909090909091,0.9090909090909091,0.4394969869215134
9480,11,0,11,0.0,1.0,0.0
9481,11,4,7,0.36363636363636365,0.6363636363636364,0.9456603046006401
9482,11,1,10,0.09090909090909091,0.9090909090909091,0.4394969869215134
9483,11,0,11,0.0,1.0,0.0
9484,11,2,9,0.18181818181818182,0.8181818181818182,0.6840384356390418
9485,11,1,10,0.09090909090909091,0.9090909090909091,0.4394969869215134
9486,11,2,9,0.18181818181818182,0.8181818181818182,0.6840384356390418
9487,11,1,10,0.09090909090909091,0.9090909090909091,0.4394969869215134
9488,11,1,10,0.09090909090909091,0.9090909090909091,0.4394969869215134
9489,11,3,8,0.2727272727272727,0.7272727272727273,0.8453509366224364
9490,11,1,10,0.09090909090909091,0.9090909090909091,0.4394969869215134
9491,11,2,9,0.18181818181818182,0.8181818181818182,0.6840384356390418
9492,11,3,8,0.2727272727272727,0.7272727272727273,0.8453509366224364
9493,11,3,8,0.2727272727272727,0.7272727272727273,0.8453509366224364
9494,11,3,8,0.2727272727272727,0.7272727272727273,0.8453509366224364
9495,11,0,11,0.0,1.0,0.0
9496,11,2,9,0.18181818181818182,0.8181818181818182,0.6840384356390418
9497,11,1,10,0.09090909090909091,0.9090909090909091,0.4394969869215134
9498,11,3,8,0.2727272727272727,0.7272727272727273,0.8453509366224364
9499,11,2,9,0.18181818181818182,0.8181818181818182,0.6840384356390418
9500,11,3,8,0.2727272727272727,0.7272727272727273,0.8453509366224364
9501,11,1,10,0.09090909090909091,0.9090909090909091,0.4394969869215134
9502,11,3,8,0.2727272727272727,0.7272727272727273,0.8453509366224364
9503,11,1,10,0.09090909090909091,0.9090909090909091,0.4394969869215134
9504,11,2,9,0.18181818181818182,0.8181818181818182,0.6840384356390418
9505,11,1,10,0.09090909090909091,0.9090909090909091,0.4394969869215134
9506,11,1,10,0.09090909090909091,0.9090909090909091,0.4394969869215134
9507,11,1,10,0.09090909090909091,0.9090909090909091,0.4394969869215134
9508,11,3,8,0.2727272727272727,0.7272727272727273,0.8453509366224364
9509,11,2,9,0.18181818181818182,0.8181818181818182,0.6840384356390418
9510,11,2,9,0.18181818181818182,0.8181818181818182,0.6840384356390418
9511,11,0,11,0.0,1.0,0.0
9512,11,2,9,0.18181818181818182,0.8181818181818182,0.6840384356390418
9513,11,0,11,0.0,1.0,0.0
9514,11,2,9,0.18181818181818182,0.8181818181818182,0.6840384356390418
9515,11,0,11,0.0,1.0,0.0
9516,11,1,10,0.09090909090909091,0.9090909090909091,0.4394969869215134
9517,11,0,11,0.0,1.0,0.0
9518,11,1,10,0.09090909090909091,0.9090909090909091,0.4394969869215134
9519,11,0,11,0.0,1.0,0.0
9520,11,1,10,0.09090909090909091,0.9090909090909091,0.4394969869215134
9521,11,3,8,0.2727272727272727,0.7272727272727273,0.8453509366224364
9522,11,1,10,0.09090909090909091,0.9090909090909091,0.4394969869215134
9523,11,1,10,0.09090909090909091,0.9090909090909091,0.4394969869215134
9524,11,3,8,0.2727272727272727,0.7272727272727273,0.8453509366224364
9525,11,1,10,0.09090909090909091,0.9090909090909091,0.4394969869215134
9526,11,2,9,0.18181818181818182,0.8181818181818182,0.6840384356390418
9527,11,2,9,0.18181818181818182,0.8181818181818182,0.6840384356390418
9528,11,0,11,0.0,1.0,0.0
9529,11,3,8,0.2727272727272727,0.7272727272727273,0.8453509366224364
9530,11,2,9,0.18181818181818182,0.8181818181818182,0.6840384356390418
9531,11,0,11,0.0,1.0,0.0
9532,11,2,9,0.18181818181818182,0.8181818181818182,0.6840384356390418
9533,11,2,9,0.18181818181818182,0.8181818181818182,0.6840384356390418
9534,11,2,9,0.18181818181818182,0.8181818181818182,0.6840384356390418
9535,11,2,9,0.18181818181818182,0.8181818181818182,0.6840384356390418
9536,11,0,11,0.0,1.0,0.0
9537,11,1,10,0.09090909090909091,0.9090909090909091,0.4394969869215134
9538,11,1,10,0.09090909090909091,0.9090909090909091,0.4394969869215134
9539,11,1,10,0.09090909090909091,0.9090909090909091,0.4394969869215134
9540,11,3,8,0.2727272727272727,0.7272727272727273,0.8453509366224364
9541,11,3,8,0.2727272727272727,0.7272727272727273,0.8453509366224364
9542,11,1,10,0.09090909090909091,0.9090909090909091,0.4394969869215134
9543,11,1,10,0.09090909090909091,0.9090909090909091,0.4394969869215134
9544,11,1,10,0.09090909090909091,0.9090909090909091,0.4394969869215134
9545,11,2,9,0.18181818181818182,0.8181818181818182,0.6840384356390418
9546,11,2,9,0.18181818181818182,0.8181818181818182,0.6840384356390418
9547,11,2,9,0.18181818181818182,0.8181818181818182,0.6840384356390418
9548,11,1,10,0.09090909090909091,0.9090909090909091,0.4394969869215134
9549,11,0,11,0.0,1.0,0.0
9550,11,2,9,0.18181818181818182,0.8181818181818182,0.6840384356390418
9551,11,0,11,0.0,1.0,0.0
9552,11,0,11,0.0,1.0,0.0
9553,11,1,10,0.09090909090909091,0.9090909090909091,0.4394969869215134
9554,11,2,9,0.18181818181818182,0.8181818181818182,0.6840384356390418
9555,11,0,11,0.0,1.0,0.0
9556,11,0,11,0.0,1.0,0.0
9557,11,0,11,0.0,1.0,0.0
9558,11,3,8,0.2727272727272727,0.7272727272727273,0.8453509366224364
9559,11,2,9,0.18181818181818182,0.8181818181818182,0.6840384356390418
9560,11,0,11,0.0,1.0,0.0
9561,11,2,9,0.18181818181818182,0.8181818181818182,0.6840384356390418
9562,11,1,10,0.09090909090909091,0.9090909090909091,0.4394969869215134
9563,11,1,10,0.09090909090909091,0.9090909090909091,0.4394969869215134
9564,11,1,10,0.09090909090909091,0.9090909090909091,0.4394969869215134
9565,11,2,9,0.18181818181818182,0.8181818181818182,0.6840384356390418
9566,11,1,10,0.09090909090909091,0.9090909090909091,0.4394969869215134
9567,11,3,8,0.2727272727272727,0.7272727272727273,0.8453509366224364
9568,11,0,11,0.0,1.0,0.0
9569,11,1,10,0.09090909090909091,0.9090909090909091,0.4394969869215134
9570,11,1,10,0.09090909090909091,0.9090909090909091,0.4394969869215134
9571,11,0,11,0.0,1.0,0.0
9572,11,5,6,0.45454545454545453,0.5454545454545454,0.9940302114769565
9573,11,3,8,0.2727272727272727,0.7272727272727273,0.8453509366224364
9574,11,2,9,0.18181818181818182,0.8181818181818182,0.6840384356390418
9575,11,3,8,0.2727272727272727,0.7272727272727273,0.8453509366224364
9576,11,0,11,0.0,1.0,0.0
9577,11,0,11,0.0,1.0,0.0
9578,11,0,11,0.0,1.0,0.0
9579,11,4,7,0.36363636363636365,0.6363636363636364,0.9456603046006401
9580,11,1,10,0.09090909090909091,0.9090909090909091,0.4394969869215134
9581,11,0,11,0.0,1.0,0.0
9582,11,2,9,0.18181818181818182,0.8181818181818182,0.6840384356390418
9583,11,0,11,0.0,1.0,0.0
9584,11,2,9,0.18181818181818182,0.8181818181818182,0.6840384356390418
9585,11,2,9,0.18181818181818182,0.8181818181818182,0.6840384356390418
9586,11,2,9,0.18181818181818182,0.8181818181818182,0.6840384356390418
9587,11,1,10,0.09090909090909091,0.9090909090909091,0.4394969869215134
9588,11,3,8,0.2727272727272727,0.7272727272727273,0.8453509366224364
9589,11,1,10,0.09090909090909091,0.9090909090909091,0.4394969869215134
9590,11,2,9,0.18181818181818182,0.8181818181818182,0.6840384356390418
9591,11,1,10,0.09090909090909091,0.9090909090909091,0.4394969869215134
9592,11,0,11,0.0,1.0,0.0
9593,11,1,10,0.09090909090909091,0.9090909090909091,0.4394969869215134
9594,11,1,10,0.09090909090909091,0.9090909090909091,0.4394969869215134
9595,11,2,9,0.18181818181818182,0.8181818181818182,0.6840384356390418
9596,11,0,11,0.0,1.0,0.0
9597,11,0,11,0.0,1.0,0.0
9598,11,1,10,0.09090909090909091,0.9090909090909091,0.4394969869215134
9599,11,1,10,0.09090909090909091,0.9090909090909091,0.4394969869215134
9600,11,2,9,0.18181818181818182,0.8181818181818182,0.6840384356390418
9601,11,1,10,0.09090909090909091,0.9090909090909091,0.4394969869215134
9602,11,3,8,0.2727272727272727,0.7272727272727273,0.8453509366224364
9603,11,2,9,0.18181818181818182,0.8181818181818182,0.6840384356390418
9604,11,2,9,0.18181818181818182,0.8181818181818182,0.6840384356390418
9605,11,3,8,0.2727272727272727,0.7272727272727273,0.8453509366224364
9606,11,3,8,0.2727272727272727,0.7272727272727273,0.8453509366224364
9607,11,2,9,0.18181818181818182,0.8181818181818182,0.6840384356390418
9608,11,0,11,0.0,1.0,0.0
9609,11,0,11,0.0,1.0,0.0
9610,11,2,9,0.18181818181818182,0.8181818181818182,0.6840384356390418
9611,11,2,9,0.18181818181818182,0.8181818181818182,0.6840384356390418
9612,11,3,8,0.2727272727272727,0.7272727272727273,0.8453509366224364
9613,11,1,10,0.09090909090909091,0.9090909090909091,0.4394969869215134
9614,11,1,10,0.09090909090909091,0.9090909090909091,0.4394969869215134
9615,11,0,11,0.0,1.0,0.0
9616,11,4,7,0.36363636363636365,0.6363636363636364,0.9456603046006401
9617,11,1,10,0.09090909090909091,0.9090909090909091,0.4394969869215134
9618,11,0,11,0.0,1.0,0.0
9619,11,1,10,0.09090909090909091,0.9090909090909091,0.4394969869215134
9620,11,4,7,0.36363636363636365,0.6363636363636364,0.9456603046006401
9621,11,1,10,0.09090909090909091,0.9090909090909091,0.4394969869215134
9622,11,4,7,0.36363636363636365,0.6363636363636364,0.9456603046006401
9623,11,1,10,0.09090909090909091,0.9090909090909091,0.4394969869215134
9624,11,0,11,0.0,1.0,0.0
9625,11,1,10,0.09090909090909091,0.9090909090909091,0.4394969869215134
9626,11,1,10,0.09090909090909091,0.9090909090909091,0.4394969869215134
9627,11,1,10,0.09090909090909091,0.9090909090909091,0.4394969869215134
9628,11,1,10,0.09090909090909091,0.9090909090909091,0.4394969869215134
9629,11,2,9,0.18181818181818182,0.8181818181818182,0.6840384356390418
9630,11,0,11,0.0,1.0,0.0
9631,11,1,10,0.09090909090909091,0.9090909090909091,0.4394969869215134
9632,11,1,10,0.09090909090909091,0.9090909090909091,0.4394969869215134
9633,11,1,10,0.09090909090909091,0.9090909090909091,0.4394969869215134
9634,11,3,8,0.2727272727272727,0.7272727272727273,0.8453509366224364
9635,11,3,8,0.2727272727272727,0.7272727272727273,0.8453509366224364
9636,11,1,10,0.09090909090909091,0.9090909090909091,0.4394969869215134
9637,11,3,8,0.2727272727272727,0.7272727272727273,0.8453509366224364
9638,11,1,10,0.09090909090909091,0.9090909090909091,0.4394969869215134
9639,11,0,11,0.0,1.0,0.0
9640,11,0,11,0.0,1.0,0.0
9641,11,1,10,0.09090909090909091,0.9090909090909091,0.4394969869215134
9642,11,1,10,0.09090909090909091,0.9090909090909091,0.4394969869215134
9643,11,1,10,0.09090909090909091,0.9090909090909091,0.4394969869215134
9644,11,2,9,0.18181818181818182,0.8181818181818182,0.6840384356390418
9645,11,5,6,0.45454545454545453,0.5454545454545454,0.9940302114769565
9646,11,4,7,0.36363636363636365,0.6363636363636364,0.9456603046006401
9647,11,1,10,0.09090909090909091,0.9090909090909091,0.4394969869215134
9648,11,0,11,0.0,1.0,0.0
9649,11,1,10,0.09090909090909091,0.9090909090909091,0.4394969869215134
9650,11,2,9,0.18181818181818182,0.8181818181818182,0.6840384356390418
9651,11,4,7,0.36363636363636365,0.6363636363636364,0.9456603046006401
9652,11,0,11,0.0,1.0,0.0
9653,11,2,9,0.18181818181818182,0.8181818181818182,0.6840384356390418
9654,11,3,8,0.2727272727272727,0.7272727272727273,0.8453509366224364
9655,11,1,10,0.09090909090909091,0.9090909090909091,0.4394969869215134
9656,11,3,8,0.2727272727272727,0.7272727272727273,0.8453509366224364
9657,11,2,9,0.18181818181818182,0.8181818181818182,0.6840384356390418
9658,11,2,9,0.18181818181818182,0.8181818181818182,0.6840384356390418
9659,11,3,8,0.2727272727272727,0.7272727272727273,0.8453509366224364
9660,11,3,8,0.2727272727272727,0.7272727272727273,0.8453509366224364
9661,11,3,8,0.2727272727272727,0.7272727272727273,0.8453509366224364
9662,11,1,10,0.09090909090909091,0.9090909090909091,0.4394969869215134
9663,11,2,9,0.18181818181818182,0.8181818181818182,0.6840384356390418
9664,11,2,9,0.18181818181818182,0.8181818181818182,0.6840384356390418
9665,11,2,9,0.18181818181818182,0.8181818181818182,0.6840384356390418
9666,11,1,10,0.09090909090909091,0.9090909090909091,0.4394969869215134
9667,11,3,8,0.2727272727272727,0.7272727272727273,0.8453509366224364
9668,11,1,10,0.09090909090909091,0.9090909090909091,0.4394969869215134
9669,11,1,10,0.09090909090909091,0.9090909090909091,0.4394969869215134
9670,11,2,9,0.18181818181818182,0.8181818181818182,0.6840384356390418
9671,11,1,10,0.09090909090909091,0.9090909090909091,0.4394969869215134
9672,11,1,10,0.09090909090909091,0.9090909090909091,0.4394969869215134
9673,11,1,10,0.09090909090909091,0.9090909090909091,0.4394969869215134
9674,11,0,11,0.0,1.0,0.0
9675,11,2,9,0.18181818181818182,0.8181818181818182,0.6840384356390418
9676,11,1,10,0.09090909090909091,0.9090909090909091,0.4394969869215134
9677,11,0,11,0.0,1.0,0.0
9678,11,1,10,0.09090909090909091,0.9090909090909091,0.4394969869215134
9679,11,2,9,0.18181818181818182,0.8181818181818182,0.6840384356390418
9680,11,2,9,0.18181818181818182,0.8181818181818182,0.6840384356390418
9681,11,2,9,0.18181818181818182,0.8181818181818182,0.6840384356390418
9682,11,0,11,0.0,1.0,0.0
9683,11,0,11,0.0,1.0,0.0
9684,11,2,9,0.18181818181818182,0.8181818181818182,0.6840384356390418
9685,11,2,9,0.18181818181818182,0.8181818181818182,0.6840384356390418
9686,11,1,10,0.09090909090909091,0.9090909090909091,0.4394969869215134
9687,11,1,10,0.09090909090909091,0.9090909090909091,0.4394969869215134
9688,11,0,11,0.0,1.0,0.0
9689,11,2,9,0.18181818181818182,0.8181818181818182,0.6840384356390418
9690,11,0,11,0.0,1.0,0.0
9691,11,2,9,0.18181818181818182,0.8181818181818182,0.6840384356390418
9692,11,2,9,0.18181818181818182,0.8181818181818182,0.6840384356390418
9693,11,0,11,0.0,1.0,0.0
9694,11,1,10,0.09090909090909091,0.9090909090909091,0.4394969869215134
9695,11,1,10,0.09090909090909091,0.9090909090909091,0.4394969869215134
9696,11,4,7,0.36363636363636365,0.6363636363636364,0.9456603046006401
9697,11,0,11,0.0,1.0,0.0
9698,11,2,9,0.18181818181818182,0.8181818181818182,0.6840384356390418
9699,11,1,10,0.09090909090909091,0.9090909090909091,0.4394969869215134
9700,11,1,10,0.09090909090909091,0.9090909090909091,0.4394969869215134
9701,11,1,10,0.09090909090909091,0.9090909090909091,0.4394969869215134
9702,11,1,10,0.09090909090909091,0.9090909090909091,0.4394969869215134
9703,11,3,8,0.2727272727272727,0.7272727272727273,0.8453509366224364
9704,11,1,10,0.09090909090909091,0.9090909090909091,0.4394969869215134
9705,11,2,9,0.18181818181818182,0.8181818181818182,0.6840384356390418
9706,11,1,10,0.09090909090909091,0.9090909090909091,0.4394969869215134
9707,11,2,9,0.18181818181818182,0.8181818181818182,0.6840384356390418
9708,11,1,10,0.09090909090909091,0.9090909090909091,0.4394969869215134
9709,11,3,8,0.2727272727272727,0.7272727272727273,0.8453509366224364
9710,11,2,9,0.18181818181818182,0.8181818181818182,0.6840384356390418
9711,11,2,9,0.18181818181818182,0.8181818181818182,0.6840384356390418
9712,11,1,10,0.09090909090909091,0.9090909090909091,0.4394969869215134
9713,11,2,9,0.18181818181818182,0.8181818181818182,0.6840384356390418
9714,11,2,9,0.18181818181818182,0.8181818181818182,0.6840384356390418
9715,11,1,10,0.09090909090909091,0.9090909090909091,0.4394969869215134
9716,11,2,9,0.18181818181818182,0.8181818181818182,0.6840384356390418
9717,11,2,9,0.18181818181818182,0.8181818181818182,0.6840384356390418
9718,11,1,10,0.09090909090909091,0.9090909090909091,0.4394969869215134
9719,11,0,11,0.0,1.0,0.0
9720,11,2,9,0.18181818181818182,0.8181818181818182,0.6840384356390418
9721,11,3,8,0.2727272727272727,0.7272727272727273,0.8453509366224364
9722,11,1,10,0.09090909090909091,0.9090909090909091,0.4394969869215134
9723,11,3,8,0.2727272727272727,0.7272727272727273,0.8453509366224364
9724,11,1,10,0.09090909090909091,0.9090909090909091,0.4394969869215134
9725,11,1,10,0.09090909090909091,0.9090909090909091,0.4394969869215134
9726,11,2,9,0.18181818181818182,0.8181818181818182,0.6840384356390418
9727,11,2,9,0.18181818181818182,0.8181818181818182,0.6840384356390418
9728,11,1,10,0.09090909090909091,0.9090909090909091,0.4394969869215134
9729,11,1,10,0.09090909090909091,0.9090909090909091,0.4394969869215134
9730,11,2,9,0.18181818181818182,0.8181818181818182,0.6840384356390418
9731,11,2,9,0.18181818181818182,0.8181818181818182,0.6840384356390418
9732,11,1,10,0.09090909090909091,0.9090909090909091,0.4394969869215134
9733,11,1,10,0.09090909090909091,0.9090909090909091,0.4394969869215134
9734,11,0,11,0.0,1.0,0.0
9735,11,1,10,0.09090909090909091,0.9090909090909091,0.4394969869215134
9736,11,2,9,0.18181818181818182,0.8181818181818182,0.6840384356390418
9737,11,2,9,0.18181818181818182,0.8181818181818182,0.6840384356390418
9738,11,1,10,0.09090909090909091,0.9090909090909091,0.4394969869215134
9739,11,1,10,0.09090909090909091,0.9090909090909091,0.4394969869215134
9740,11,2,9,0.18181818181818182,0.8181818181818182,0.6840384356390418
9741,11,0,11,0.0,1.0,0.0
9742,11,0,11,0.0,1.0,0.0
9743,11,1,10,0.09090909090909091,0.9090909090909091,0.4394969869215134
9744,11,1,10,0.09090909090909091,0.9090909090909091,0.4394969869215134
9745,11,2,9,0.18181818181818182,0.8181818181818182,0.6840384356390418
9746,11,1,10,0.09090909090909091,0.9090909090909091,0.4394969869215134
9747,11,3,8,0.2727272727272727,0.7272727272727273,0.8453509366224364
9748,11,1,10,0.09090909090909091,0.9090909090909091,0.4394969869215134
9749,11,2,9,0.18181818181818182,0.8181818181818182,0.6840384356390418
9750,11,0,11,0.0,1.0,0.0
9751,11,1,10,0.09090909090909091,0.9090909090909091,0.4394969869215134
9752,11,4,7,0.36363636363636365,0.6363636363636364,0.9456603046006401
9753,11,1,10,0.09090909090909091,0.9090909090909091,0.4394969869215134
9754,11,3,8,0.2727272727272727,0.7272727272727273,0.8453509366224364
9755,11,4,7,0.36363636363636365,0.6363636363636364,0.9456603046006401
9756,11,1,10,0.09090909090909091,0.9090909090909091,0.4394969869215134
9757,11,0,11,0.0,1.0,0.0
9758,11,2,9,0.18181818181818182,0.8181818181818182,0.6840384356390418
9759,11,1,10,0.09090909090909091,0.9090909090909091,0.4394969869215134
9760,11,0,11,0.0,1.0,0.0
9761,11,2,9,0.18181818181818182,0.8181818181818182,0.6840384356390418
9762,11,3,8,0.2727272727272727,0.7272727272727273,0.8453509366224364
9763,11,2,9,0.18181818181818182,0.8181818181818182,0.6840384356390418
9764,11,2,9,0.18181818181818182,0.8181818181818182,0.6840384356390418
9765,11,3,8,0.2727272727272727,0.7272727272727273,0.8453509366224364
9766,11,2,9,0.18181818181818182,0.8181818181818182,0.6840384356390418
9767,11,2,9,0.18181818181818182,0.8181818181818182,0.6840384356390418
9768,11,2,9,0.18181818181818182,0.8181818181818182,0.6840384356390418
9769,11,2,9,0.18181818181818182,0.8181818181818182,0.6840384356390418
9770,11,4,7,0.36363636363636365,0.6363636363636364,0.9456603046006401
9771,11,0,11,0.0,1.0,0.0
9772,11,3,8,0.2727272727272727,0.7272727272727273,0.8453509366224364
9773,11,2,9,0.18181818181818182,0.8181818181818182,0.6840384356390418
9774,11,0,11,0.0,1.0,0.0
9775,11,0,11,0.0,1.0,0.0
9776,11,2,9,0.18181818181818182,0.8181818181818182,0.6840384356390418
9777,11,2,9,0.18181818181818182,0.8181818181818182,0.6840384356390418
9778,11,3,8,0.2727272727272727,0.7272727272727273,0.8453509366224364
9779,11,4,7,0.36363636363636365,0.6363636363636364,0.9456603046006401
9780,11,2,9,0.18181818181818182,0.8181818181818182,0.6840384356390418
9781,11,0,11,0.0,1.0,0.0
9782,11,0,11,0.0,1.0,0.0
9783,11,0,11,0.0,1.0,0.0
9784,11,3,8,0.2727272727272727,0.7272727272727273,0.8453509366224364
9785,11,0,11,0.0,1.0,0.0
9786,11,1,10,0.09090909090909091,0.9090909090909091,0.4394969869215134
9787,11,2,9,0.18181818181818182,0.8181818181818182,0.6840384356390418
9788,11,0,11,0.0,1.0,0.0
9789,11,4,7,0.36363636363636365,0.6363636363636364,0.9456603046006401
9790,11,1,10,0.09090909090909091,0.9090909090909091,0.4394969869215134
9791,11,1,10,0.09090909090909091,0.9090909090909091,0.4394969869215134
9792,11,1,10,0.09090909090909091,0.9090909090909091,0.4394969869215134
9793,11,3,8,0.2727272727272727,0.7272727272727273,0.8453509366224364
9794,11,4,7,0.36363636363636365,0.6363636363636364,0.9456603046006401
9795,11,0,11,0.0,1.0,0.0
9796,11,2,9,0.18181818181818182,0.8181818181818182,0.6840384356390418
9797,11,1,10,0.09090909090909091,0.9090909090909091,0.4394969869215134
9798,11,0,11,0.0,1.0,0.0
9799,11,2,9,0.18181818181818182,0.8181818181818182,0.6840384356390418
9800,11,3,8,0.2727272727272727,0.7272727272727273,0.8453509366224364
9801,11,1,10,0.09090909090909091,0.9090909090909091,0.4394969869215134
9802,11,1,10,0.09090909090909091,0.9090909090909091,0.4394969869215134
9803,11,1,10,0.09090909090909091,0.9090909090909091,0.4394969869215134
9804,11,2,9,0.18181818181818182,0.8181818181818182,0.6840384356390418
9805,11,1,10,0.09090909090909091,0.9090909090909091,0.4394969869215134
9806,11,0,11,0.0,1.0,0.0
9807,11,3,8,0.2727272727272727,0.7272727272727273,0.8453509366224364
9808,11,2,9,0.18181818181818182,0.8181818181818182,0.6840384356390418
9809,11,3,8,0.2727272727272727,0.7272727272727273,0.8453509366224364
9810,11,2,9,0.18181818181818182,0.8181818181818182,0.6840384356390418
9811,11,2,9,0.18181818181818182,0.8181818181818182,0.6840384356390418
9812,11,2,9,0.18181818181818182,0.8181818181818182,0.6840384356390418
9813,11,1,10,0.09090909090909091,0.9090909090909091,0.4394969869215134
9814,11,2,9,0.18181818181818182,0.8181818181818182,0.6840384356390418
9815,11,2,9,0.18181818181818182,0.8181818181818182,0.6840384356390418
9816,11,2,9,0.18181818181818182,0.8181818181818182,0.6840384356390418
9817,11,0,11,0.0,1.0,0.0
9818,11,3,8,0.2727272727272727,0.7272727272727273,0.8453509366224364
9819,11,1,10,0.09090909090909091,0.9090909090909091,0.4394969869215134
9820,11,2,9,0.18181818181818182,0.8181818181818182,0.6840384356390418
9821,11,0,11,0.0,1.0,0.0
9822,11,1,10,0.09090909090909091,0.9090909090909091,0.4394969869215134
9823,11,2,9,0.18181818181818182,0.8181818181818182,0.6840384356390418
9824,11,1,10,0.09090909090909091,0.9090909090909091,0.4394969869215134
9825,11,1,10,0.09090909090909091,0.9090909090909091,0.4394969869215134
9826,11,2,9,0.18181818181818182,0.8181818181818182,0.6840384356390418
9827,11,1,10,0.09090909090909091,0.9090909090909091,0.4394969869215134
9828,11,2,9,0.18181818181818182,0.8181818181818182,0.6840384356390418
9829,11,4,7,0.36363636363636365,0.6363636363636364,0.9456603046006401
9830,11,5,6,0.45454545454545453,0.5454545454545454,0.9940302114769565
9831,11,0,11,0.0,1.0,0.0
9832,11,1,10,0.09090909090909091,0.9090909090909091,0.4394969869215134
9833,11,0,11,0.0,1.0,0.0
9834,11,0,11,0.0,1.0,0.0
9835,11,2,9,0.18181818181818182,0.8181818181818182,0.6840384356390418
9836,11,2,9,0.18181818181818182,0.8181818181818182,0.6840384356390418
9837,11,3,8,0.2727272727272727,0.7272727272727273,0.8453509366224364
9838,11,2,9,0.18181818181818182,0.8181818181818182,0.6840384356390418
9839,11,4,7,0.36363636363636365,0.6363636363636364,0.9456603046006401
9840,11,2,9,0.18181818181818182,0.8181818181818182,0.6840384356390418
9841,11,0,11,0.0,1.0,0.0
9842,11,0,11,0.0,1.0,0.0
9843,11,0,11,0.0,1.0,0.0
9844,11,2,9,0.18181818181818182,0.8181818181818182,0.6840384356390418
9845,11,2,9,0.18181818181818182,0.8181818181818182,0.6840384356390418
9846,11,3,8,0.2727272727272727,0.7272727272727273,0.8453509366224364
9847,11,2,9,0.18181818181818182,0.8181818181818182,0.6840384356390418
9848,11,1,10,0.09090909090909091,0.9090909090909091,0.4394969869215134
9849,11,1,10,0.09090909090909091,0.9090909090909091,0.4394969869215134
9850,11,1,10,0.09090909090909091,0.9090909090909091,0.4394969869215134
9851,11,2,9,0.18181818181818182,0.8181818181818182,0.6840384356390418
9852,11,2,9,0.18181818181818182,0.8181818181818182,0.6840384356390418
9853,11,3,8,0.2727272727272727,0.7272727272727273,0.8453509366224364
9854,11,1,10,0.09090909090909091,0.9090909090909091,0.4394969869215134
9855,11,1,10,0.09090909090909091,0.9090909090909091,0.4394969869215134
9856,11,3,8,0.2727272727272727,0.7272727272727273,0.8453509366224364
9857,11,2,9,0.18181818181818182,0.8181818181818182,0.6840384356390418
9858,11,1,10,0.09090909090909091,0.9090909090909091,0.4394969869215134
9859,11,3,8,0.2727272727272727,0.7272727272727273,0.8453509366224364
9860,11,1,10,0.09090909090909091,0.9090909090909091,0.4394969869215134
9861,11,2,9,0.18181818181818182,0.8181818181818182,0.6840384356390418
9862,11,1,10,0.09090909090909091,0.9090909090909091,0.4394969869215134
9863,11,1,10,0.09090909090909091,0.9090909090909091,0.4394969869215134
9864,11,1,10,0.09090909090909091,0.9090909090909091,0.4394969869215134
9865,11,2,9,0.18181818181818182,0.8181818181818182,0.6840384356390418
9866,11,1,10,0.09090909090909091,0.9090909090909091,0.4394969869215134
9867,11,0,11,0.0,1.0,0.0
9868,11,1,10,0.09090909090909091,0.9090909090909091,0.4394969869215134
9869,11,3,8,0.2727272727272727,0.7272727272727273,0.8453509366224364
9870,11,1,10,0.09090909090909091,0.9090909090909091,0.4394969869215134
9871,11,0,11,0.0,1.0,0.0
9872,11,2,9,0.18181818181818182,0.8181818181818182,0.6840384356390418
9873,11,2,9,0.18181818181818182,0.8181818181818182,0.6840384356390418
9874,11,4,7,0.36363636363636365,0.6363636363636364,0.9456603046006401
9875,11,1,10,0.09090909090909091,0.9090909090909091,0.4394969869215134
9876,11,3,8,0.2727272727272727,0.7272727272727273,0.8453509366224364
9877,11,0,11,0.0,1.0,0.0
9878,11,1,10,0.09090909090909091,0.9090909090909091,0.4394969869215134
9879,11,2,9,0.18181818181818182,0.8181818181818182,0.6840384356390418
9880,11,1,10,0.09090909090909091,0.9090909090909091,0.4394969869215134
9881,11,1,10,0.09090909090909091,0.9090909090909091,0.4394969869215134
9882,11,2,9,0.18181818181818182,0.8181818181818182,0.6840384356390418
9883,11,2,9,0.18181818181818182,0.8181818181818182,0.6840384356390418
9884,11,0,11,0.0,1.0,0.0
9885,11,0,11,0.0,1.0,0.0
9886,11,3,8,0.2727272727272727,0.7272727272727273,0.8453509366224364
9887,11,2,9,0.18181818181818182,0.8181818181818182,0.6840384356390418
9888,11,1,10,0.09090909090909091,0.9090909090909091,0.4394969869215134
9889,11,1,10,0.09090909090909091,0.9090909090909091,0.4394969869215134
9890,11,2,9,0.18181818181818182,0.8181818181818182,0.6840384356390418
9891,11,1,10,0.09090909090909091,0.9090909090909091,0.4394969869215134
9892,11,0,11,0.0,1.0,0.0
9893,11,2,9,0.18181818181818182,0.8181818181818182,0.6840384356390418
9894,11,3,8,0.2727272727272727,0.7272727272727273,0.8453509366224364
9895,11,1,10,0.09090909090909091,0.9090909090909091,0.4394969869215134
9896,11,0,11,0.0,1.0,0.0
9897,11,1,10,0.09090909090909091,0.9090909090909091,0.4394969869215134
9898,11,0,11,0.0,1.0,0.0
9899,11,2,9,0.18181818181818182,0.8181818181818182,0.6840384356390418
9900,11,0,11,0.0,1.0,0.0
9901,11,0,11,0.0,1.0,0.0
9902,11,1,10,0.09090909090909091,0.9090909090909091,0.4394969869215134
9903,11,1,10,0.09090909090909091,0.9090909090909091,0.4394969869215134
9904,11,2,9,0.18181818181818182,0.8181818181818182,0.6840384356390418
9905,11,1,10,0.09090909090909091,0.9090909090909091,0.4394969869215134
9906,11,1,10,0.09090909090909091,0.9090909090909091,0.4394969869215134
9907,11,2,9,0.18181818181818182,0.8181818181818182,0.6840384356390418
9908,11,2,9,0.18181818181818182,0.8181818181818182,0.6840384356390418
9909,11,0,11,0.0,1.0,0.0
9910,11,1,10,0.09090909090909091,0.9090909090909091,0.4394969869215134
9911,11,2,9,0.18181818181818182,0.8181818181818182,0.6840384356390418
9912,11,1,10,0.09090909090909091,0.9090909090909091,0.4394969869215134
9913,11,2,9,0.18181818181818182,0.8181818181818182,0.6840384356390418
9914,11,2,9,0.18181818181818182,0.8181818181818182,0.6840384356390418
9915,11,5,6,0.45454545454545453,0.5454545454545454,0.9940302114769565
9916,11,1,10,0.09090909090909091,0.9090909090909091,0.4394969869215134
9917,11,3,8,0.2727272727272727,0.7272727272727273,0.8453509366224364
9918,11,2,9,0.18181818181818182,0.8181818181818182,0.6840384356390418
9919,11,1,10,0.09090909090909091,0.9090909090909091,0.4394969869215134
9920,11,0,11,0.0,1.0,0.0
9921,11,3,8,0.2727272727272727,0.7272727272727273,0.8453509366224364
9922,11,2,9,0.18181818181818182,0.8181818181818182,0.6840384356390418
9923,11,2,9,0.18181818181818182,0.8181818181818182,0.6840384356390418
9924,11,0,11,0.0,1.0,0.0
9925,11,0,11,0.0,1.0,0.0
9926,11,1,10,0.09090909090909091,0.9090909090909091,0.4394969869215134
9927,11,0,11,0.0,1.0,0.0
9928,11,3,8,0.2727272727272727,0.7272727272727273,0.8453509366224364
9929,11,2,9,0.18181818181818182,0.8181818181818182,0.6840384356390418
9930,11,1,10,0.09090909090909091,0.9090909090909091,0.4394969869215134
9931,11,3,8,0.2727272727272727,0.7272727272727273,0.8453509366224364
9932,11,0,11,0.0,1.0,0.0
9933,11,2,9,0.18181818181818182,0.8181818181818182,0.6840384356390418
9934,11,3,8,0.2727272727272727,0.7272727272727273,0.8453509366224364
9935,11,0,11,0.0,1.0,0.0
9936,11,0,11,0.0,1.0,0.0
9937,11,1,10,0.09090909090909091,0.9090909090909091,0.4394969869215134
9938,11,0,11,0.0,1.0,0.0
9939,11,3,8,0.2727272727272727,0.7272727272727273,0.8453509366224364
9940,11,1,10,0.09090909090909091,0.9090909090909091,0.4394969869215134
9941,11,2,9,0.18181818181818182,0.8181818181818182,0.6840384356390418
9942,11,2,9,0.18181818181818182,0.8181818181818182,0.6840384356390418
9943,11,5,6,0.45454545454545453,0.5454545454545454,0.9940302114769565
9944,11,1,10,0.09090909090909091,0.9090909090909091,0.4394969869215134
9945,11,1,10,0.09090909090909091,0.9090909090909091,0.4394969869215134
9946,11,4,7,0.36363636363636365,0.6363636363636364,0.9456603046006401
9947,11,2,9,0.18181818181818182,0.8181818181818182,0.6840384356390418
9948,11,2,9,0.18181818181818182,0.8181818181818182,0.6840384356390418
9949,11,2,9,0.18181818181818182,0.8181818181818182,0.6840384356390418
9950,11,2,9,0.18181818181818182,0.8181818181818182,0.6840384356390418
9951,11,1,10,0.09090909090909091,0.9090909090909091,0.4394969869215134
9952,11,2,9,0.18181818181818182,0.8181818181818182,0.6840384356390418
9953,11,3,8,0.2727272727272727,0.7272727272727273,0.8453509366224364
9954,11,0,11,0.0,1.0,0.0
9955,11,5,6,0.45454545454545453,0.5454545454545454,0.9940302114769565
9956,11,1,10,0.09090909090909091,0.9090909090909091,0.4394969869215134
9957,11,3,8,0.2727272727272727,0.7272727272727273,0.8453509366224364
9958,11,1,10,0.09090909090909091,0.9090909090909091,0.4394969869215134
9959,11,1,10,0.09090909090909091,0.9090909090909091,0.4394969869215134
9960,11,3,8,0.2727272727272727,0.7272727272727273,0.8453509366224364
9961,11,2,9,0.18181818181818182,0.8181818181818182,0.6840384356390418
9962,11,2,9,0.18181818181818182,0.8181818181818182,0.6840384356390418
9963,11,1,10,0.09090909090909091,0.9090909090909091,0.4394969869215134
9964,11,1,10,0.09090909090909091,0.9090909090909091,0.4394969869215134
9965,11,2,9,0.18181818181818182,0.8181818181818182,0.6840384356390418
9966,11,2,9,0.18181818181818182,0.8181818181818182,0.6840384356390418
9967,11,1,10,0.09090909090909091,0.9090909090909091,0.4394969869215134
9968,11,2,9,0.18181818181818182,0.8181818181818182,0.6840384356390418
9969,11,5,6,0.45454545454545453,0.5454545454545454,0.9940302114769565
9970,11,0,11,0.0,1.0,0.0
9971,11,2,9,0.18181818181818182,0.8181818181818182,0.6840384356390418
9972,11,2,9,0.18181818181818182,0.8181818181818182,0.6840384356390418
9973,11,1,10,0.09090909090909091,0.9090909090909091,0.4394969869215134
9974,11,0,11,0.0,1.0,0.0
9975,11,0,11,0.0,1.0,0.0
9976,11,0,11,0.0,1.0,0.0
9977,11,1,10,0.09090909090909091,0.9090909090909091,0.4394969869215134
9978,11,1,10,0.09090909090909091,0.9090909090909091,0.4394969869215134
9979,11,0,11,0.0,1.0,0.0
9980,11,3,8,0.2727272727272727,0.7272727272727273,0.8453509366224364
9981,11,2,9,0.18181818181818182,0.8181818181818182,0.6840384356390418
9982,11,2,9,0.18181818181818182,0.8181818181818182,0.6840384356390418
9983,11,0,11,0.0,1.0,0.0
9984,11,2,9,0.18181818181818182,0.8181818181818182,0.6840384356390418
9985,11,2,9,0.18181818181818182,0.8181818181818182,0.6840384356390418
9986,11,2,9,0.18181818181818182,0.8181818181818182,0.6840384356390418
9987,11,1,10,0.09090909090909091,0.9090909090909091,0.4394969869215134
9988,11,0,11,0.0,1.0,0.0
9989,11,1,10,0.09090909090909091,0.9090909090909091,0.4394969869215134
9990,11,0,11,0.0,1.0,0.0
9991,11,0,11,0.0,1.0,0.0
9992,11,1,10,0.09090909090909091,0.9090909090909091,0.4394969869215134
9993,11,3,8,0.2727272727272727,0.7272727272727273,0.8453509366224364
9994,11,2,9,0.18181818181818182,0.8181818181818182,0.6840384356390418
9995,11,1,10,0.09090909090909091,0.9090909090909091,0.4394969869215134
9996,11,0,11,0.0,1.0,0.0
9997,11,2,9,0.18181818181818182,0.8181818181818182,0.6840384356390418
9998,11,1,10,0.09090909090909091,0.9090909090909091,0.4394969869215134
9999,11,1,10,0.09090909090909091,0.9090909090909091,0.4394969869215134
10000,11,1,10,0.09090909090909091,0.9090909090909091,0.4394969869215134
10001,11,3,8,0.2727272727272727,0.7272727272727273,0.8453509366224364
10002,11,0,11,0.0,1.0,0.0
10003,11,1,10,0.09090909090909091,0.9090909090909091,0.4394969869215134
10004,11,2,9,0.18181818181818182,0.8181818181818182,0.6840384356390418
10005,11,1,10,0.09090909090909091,0.9090909090909091,0.4394969869215134
10006,11,2,9,0.18181818181818182,0.8181818181818182,0.6840384356390418
10007,11,1,10,0.09090909090909091,0.9090909090909091,0.4394969869215134
10008,11,1,10,0.09090909090909091,0.9090909090909091,0.4394969869215134
10009,11,4,7,0.36363636363636365,0.6363636363636364,0.9456603046006401
10010,11,0,11,0.0,1.0,0.0
10011,11,2,9,0.18181818181818182,0.8181818181818182,0.6840384356390418
10012,11,0,11,0.0,1.0,0.0
10013,11,3,8,0.2727272727272727,0.7272727272727273,0.8453509366224364
10014,11,7,4,0.6363636363636364,0.36363636363636365,0.9456603046006401
10015,11,2,9,0.18181818181818182,0.8181818181818182,0.6840384356390418
10016,11,3,8,0.2727272727272727,0.7272727272727273,0.8453509366224364
10017,11,1,10,0.09090909090909091,0.9090909090909091,0.4394969869215134
10018,11,2,9,0.18181818181818182,0.8181818181818182,0.6840384356390418
10019,11,2,9,0.18181818181818182,0.8181818181818182,0.6840384356390418
10020,11,3,8,0.2727272727272727,0.7272727272727273,0.8453509366224364
10021,11,3,8,0.2727272727272727,0.7272727272727273,0.8453509366224364
10022,11,3,8,0.2727272727272727,0.7272727272727273,0.8453509366224364
10023,11,3,8,0.2727272727272727,0.7272727272727273,0.8453509366224364
10024,11,3,8,0.2727272727272727,0.7272727272727273,0.8453509366224364
10025,11,1,10,0.09090909090909091,0.9090909090909091,0.4394969869215134
10026,11,1,10,0.09090909090909091,0.9090909090909091,0.4394969869215134
10027,11,4,7,0.36363636363636365,0.6363636363636364,0.9456603046006401
10028,11,1,10,0.09090909090909091,0.9090909090909091,0.4394969869215134
10029,11,1,10,0.09090909090909091,0.9090909090909091,0.4394969869215134
10030,11,1,10,0.09090909090909091,0.9090909090909091,0.4394969869215134
10031,11,2,9,0.18181818181818182,0.8181818181818182,0.6840384356390418
10032,11,0,11,0.0,1.0,0.0
10033,11,0,11,0.0,1.0,0.0
10034,11,1,10,0.09090909090909091,0.9090909090909091,0.4394969869215134
10035,11,1,10,0.09090909090909091,0.9090909090909091,0.4394969869215134
10036,11,1,10,0.09090909090909091,0.9090909090909091,0.4394969869215134
10037,11,4,7,0.36363636363636365,0.6363636363636364,0.9456603046006401
10038,11,2,9,0.18181818181818182,0.8181818181818182,0.6840384356390418
10039,11,1,10,0.09090909090909091,0.9090909090909091,0.4394969869215134
10040,11,1,10,0.09090909090909091,0.9090909090909091,0.4394969869215134
10041,11,0,11,0.0,1.0,0.0
10042,11,0,11,0.0,1.0,0.0
10043,11,2,9,0.18181818181818182,0.8181818181818182,0.6840384356390418
10044,11,2,9,0.18181818181818182,0.8181818181818182,0.6840384356390418
10045,11,1,10,0.09090909090909091,0.9090909090909091,0.4394969869215134
10046,11,2,9,0.18181818181818182,0.8181818181818182,0.6840384356390418
10047,11,3,8,0.2727272727272727,0.7272727272727273,0.8453509366224364
10048,11,3,8,0.2727272727272727,0.7272727272727273,0.8453509366224364
10049,11,1,10,0.09090909090909091,0.9090909090909091,0.4394969869215134
10050,11,1,10,0.09090909090909091,0.9090909090909091,0.4394969869215134
10051,11,2,9,0.18181818181818182,0.8181818181818182,0.6840384356390418
10052,11,1,10,0.09090909090909091,0.9090909090909091,0.4394969869215134
10053,11,1,10,0.09090909090909091,0.9090909090909091,0.4394969869215134
10054,11,4,7,0.36363636363636365,0.6363636363636364,0.9456603046006401
10055,11,0,11,0.0,1.0,0.0
10056,11,3,8,0.2727272727272727,0.7272727272727273,0.8453509366224364
10057,11,2,9,0.18181818181818182,0.8181818181818182,0.6840384356390418
10058,11,2,9,0.18181818181818182,0.8181818181818182,0.6840384356390418
10059,11,0,11,0.0,1.0,0.0
10060,11,0,11,0.0,1.0,0.0
10061,11,1,10,0.09090909090909091,0.9090909090909091,0.4394969869215134
10062,11,1,10,0.09090909090909091,0.9090909090909091,0.4394969869215134
10063,11,2,9,0.18181818181818182,0.8181818181818182,0.6840384356390418
10064,11,1,10,0.09090909090909091,0.9090909090909091,0.4394969869215134
10065,11,0,11,0.0,1.0,0.0
10066,11,2,9,0.18181818181818182,0.8181818181818182,0.6840384356390418
10067,11,1,10,0.09090909090909091,0.9090909090909091,0.4394969869215134
10068,11,1,10,0.09090909090909091,0.9090909090909091,0.4394969869215134
10069,11,0,11,0.0,1.0,0.0
10070,11,3,8,0.2727272727272727,0.7272727272727273,0.8453509366224364
10071,11,3,8,0.2727272727272727,0.7272727272727273,0.8453509366224364
10072,11,1,10,0.09090909090909091,0.9090909090909091,0.4394969869215134
10073,11,1,10,0.09090909090909091,0.9090909090909091,0.4394969869215134
10074,11,3,8,0.2727272727272727,0.7272727272727273,0.8453509366224364
10075,11,2,9,0.18181818181818182,0.8181818181818182,0.6840384356390418
10076,11,3,8,0.2727272727272727,0.7272727272727273,0.8453509366224364
10077,11,1,10,0.09090909090909091,0.9090909090909091,0.4394969869215134
10078,11,2,9,0.18181818181818182,0.8181818181818182,0.6840384356390418
10079,11,2,9,0.18181818181818182,0.8181818181818182,0.6840384356390418
10080,11,1,10,0.09090909090909091,0.9090909090909091,0.4394969869215134
10081,11,2,9,0.18181818181818182,0.8181818181818182,0.6840384356390418
10082,11,0,11,0.0,1.0,0.0
10083,11,0,11,0.0,1.0,0.0
10084,11,1,10,0.09090909090909091,0.9090909090909091,0.4394969869215134
10085,11,1,10,0.09090909090909091,0.9090909090909091,0.4394969869215134
10086,11,1,10,0.09090909090909091,0.9090909090909091,0.4394969869215134
10087,11,1,10,0.09090909090909091,0.9090909090909091,0.4394969869215134
10088,11,2,9,0.18181818181818182,0.8181818181818182,0.6840384356390418
10089,11,0,11,0.0,1.0,0.0
10090,11,2,9,0.18181818181818182,0.8181818181818182,0.6840384356390418
10091,11,5,6,0.45454545454545453,0.5454545454545454,0.9940302114769565
10092,11,0,11,0.0,1.0,0.0
10093,11,2,9,0.18181818181818182,0.8181818181818182,0.6840384356390418
10094,11,1,10,0.09090909090909091,0.9090909090909091,0.4394969869215134
10095,11,2,9,0.18181818181818182,0.8181818181818182,0.6840384356390418
10096,11,1,10,0.09090909090909091,0.9090909090909091,0.4394969869215134
10097,11,0,11,0.0,1.0,0.0
10098,11,1,10,0.09090909090909091,0.9090909090909091,0.4394969869215134
10099,11,1,10,0.09090909090909091,0.9090909090909091,0.4394969869215134
10100,11,2,9,0.18181818181818182,0.8181818181818182,0.6840384356390418
10101,11,1,10,0.09090909090909091,0.9090909090909091,0.4394969869215134
10102,11,1,10,0.09090909090909091,0.9090909090909091,0.4394969869215134
10103,11,2,9,0.18181818181818182,0.8181818181818182,0.6840384356390418
10104,11,1,10,0.09090909090909091,0.9090909090909091,0.4394969869215134
10105,11,1,10,0.09090909090909091,0.9090909090909091,0.4394969869215134
10106,11,3,8,0.2727272727272727,0.7272727272727273,0.8453509366224364
10107,11,1,10,0.09090909090909091,0.9090909090909091,0.4394969869215134
10108,11,1,10,0.09090909090909091,0.9090909090909091,0.4394969869215134
10109,11,1,10,0.09090909090909091,0.9090909090909091,0.4394969869215134
10110,11,0,11,0.0,1.0,0.0
10111,11,0,11,0.0,1.0,0.0
10112,11,1,10,0.09090909090909091,0.9090909090909091,0.4394969869215134
10113,11,4,7,0.36363636363636365,0.6363636363636364,0.9456603046006401
10114,11,1,10,0.09090909090909091,0.9090909090909091,0.4394969869215134
10115,11,3,8,0.2727272727272727,0.7272727272727273,0.8453509366224364
10116,11,4,7,0.36363636363636365,0.6363636363636364,0.9456603046006401
10117,11,2,9,0.18181818181818182,0.8181818181818182,0.6840384356390418
10118,11,2,9,0.18181818181818182,0.8181818181818182,0.6840384356390418
10119,11,1,10,0.09090909090909091,0.9090909090909091,0.4394969869215134
10120,11,2,9,0.18181818181818182,0.8181818181818182,0.6840384356390418
10121,11,2,9,0.18181818181818182,0.8181818181818182,0.6840384356390418
10122,11,2,9,0.18181818181818182,0.8181818181818182,0.6840384356390418
10123,11,3,8,0.2727272727272727,0.7272727272727273,0.8453509366224364
10124,11,3,8,0.2727272727272727,0.7272727272727273,0.8453509366224364
10125,11,0,11,0.0,1.0,0.0
10126,11,0,11,0.0,1.0,0.0
10127,11,3,8,0.2727272727272727,0.7272727272727273,0.8453509366224364
10128,11,1,10,0.09090909090909091,0.9090909090909091,0.4394969869215134
10129,11,2,9,0.18181818181818182,0.8181818181818182,0.6840384356390418
10130,11,1,10,0.09090909090909091,0.9090909090909091,0.4394969869215134
10131,11,3,8,0.2727272727272727,0.7272727272727273,0.8453509366224364
10132,11,0,11,0.0,1.0,0.0
10133,11,2,9,0.18181818181818182,0.8181818181818182,0.6840384356390418
10134,11,2,9,0.18181818181818182,0.8181818181818182,0.6840384356390418
10135,11,0,11,0.0,1.0,0.0
10136,11,2,9,0.18181818181818182,0.8181818181818182,0.6840384356390418
10137,11,1,10,0.09090909090909091,0.9090909090909091,0.4394969869215134
10138,11,2,9,0.18181818181818182,0.8181818181818182,0.6840384356390418
10139,11,3,8,0.2727272727272727,0.7272727272727273,0.8453509366224364
10140,11,1,10,0.09090909090909091,0.9090909090909091,0.4394969869215134
10141,11,1,10,0.09090909090909091,0.9090909090909091,0.4394969869215134
10142,11,2,9,0.18181818181818182,0.8181818181818182,0.6840384356390418
10143,11,1,10,0.09090909090909091,0.9090909090909091,0.4394969869215134
10144,11,7,4,0.6363636363636364,0.36363636363636365,0.9456603046006401
10145,11,0,11,0.0,1.0,0.0
10146,11,3,8,0.2727272727272727,0.7272727272727273,0.8453509366224364
10147,11,1,10,0.09090909090909091,0.9090909090909091,0.4394969869215134
10148,11,2,9,0.18181818181818182,0.8181818181818182,0.6840384356390418
10149,11,1,10,0.09090909090909091,0.9090909090909091,0.4394969869215134
10150,11,1,10,0.09090909090909091,0.9090909090909091,0.4394969869215134
10151,11,1,10,0.09090909090909091,0.9090909090909091,0.4394969869215134
10152,11,2,9,0.18181818181818182,0.8181818181818182,0.6840384356390418
10153,11,2,9,0.18181818181818182,0.8181818181818182,0.6840384356390418
10154,11,2,9,0.18181818181818182,0.8181818181818182,0.6840384356390418
10155,11,3,8,0.2727272727272727,0.7272727272727273,0.8453509366224364
10156,11,3,8,0.2727272727272727,0.7272727272727273,0.8453509366224364
10157,11,4,7,0.36363636363636365,0.6363636363636364,0.9456603046006401
10158,11,2,9,0.18181818181818182,0.8181818181818182,0.6840384356390418
10159,11,1,10,0.09090909090909091,0.9090909090909091,0.4394969869215134
10160,11,1,10,0.09090909090909091,0.9090909090909091,0.4394969869215134
10161,11,1,10,0.09090909090909091,0.9090909090909091,0.4394969869215134
10162,11,1,10,0.09090909090909091,0.9090909090909091,0.4394969869215134
10163,11,0,11,0.0,1.0,0.0
10164,11,0,11,0.0,1.0,0.0
10165,11,0,11,0.0,1.0,0.0
10166,11,1,10,0.09090909090909091,0.9090909090909091,0.4394969869215134
10167,11,2,9,0.18181818181818182,0.8181818181818182,0.6840384356390418
10168,11,0,11,0.0,1.0,0.0
10169,11,2,9,0.18181818181818182,0.8181818181818182,0.6840384356390418
10170,11,2,9,0.18181818181818182,0.8181818181818182,0.6840384356390418
10171,11,2,9,0.18181818181818182,0.8181818181818182,0.6840384356390418
10172,11,1,10,0.09090909090909091,0.9090909090909091,0.4394969869215134
10173,11,1,10,0.09090909090909091,0.9090909090909091,0.4394969869215134
10174,11,0,11,0.0,1.0,0.0
10175,11,1,10,0.09090909090909091,0.9090909090909091,0.4394969869215134
10176,11,1,10,0.09090909090909091,0.9090909090909091,0.4394969869215134
10177,11,2,9,0.18181818181818182,0.8181818181818182,0.6840384356390418
10178,11,2,9,0.18181818181818182,0.8181818181818182,0.6840384356390418
10179,11,3,8,0.2727272727272727,0.7272727272727273,0.8453509366224364
10180,11,1,10,0.09090909090909091,0.9090909090909091,0.4394969869215134
10181,11,0,11,0.0,1.0,0.0
10182,11,4,7,0.36363636363636365,0.6363636363636364,0.9456603046006401
10183,11,1,10,0.09090909090909091,0.9090909090909091,0.4394969869215134
10184,11,4,7,0.36363636363636365,0.6363636363636364,0.9456603046006401
10185,11,1,10,0.09090909090909091,0.9090909090909091,0.4394969869215134
10186,11,1,10,0.09090909090909091,0.9090909090909091,0.4394969869215134
10187,11,0,11,0.0,1.0,0.0
10188,11,1,10,0.09090909090909091,0.9090909090909091,0.4394969869215134
10189,11,2,9,0.18181818181818182,0.8181818181818182,0.6840384356390418
10190,11,1,10,0.09090909090909091,0.9090909090909091,0.4394969869215134
10191,11,0,11,0.0,1.0,0.0
10192,11,0,11,0.0,1.0,0.0
10193,11,3,8,0.2727272727272727,0.7272727272727273,0.8453509366224364
10194,11,1,10,0.09090909090909091,0.9090909090909091,0.4394969869215134
10195,11,2,9,0.18181818181818182,0.8181818181818182,0.6840384356390418
10196,11,1,10,0.09090909090909091,0.9090909090909091,0.4394969869215134
10197,11,0,11,0.0,1.0,0.0
10198,11,0,11,0.0,1.0,0.0
10199,11,0,11,0.0,1.0,0.0
10200,11,0,11,0.0,1.0,0.0
10201,11,1,10,0.09090909090909091,0.9090909090909091,0.4394969869215134
10202,11,3,8,0.2727272727272727,0.7272727272727273,0.8453509366224364
10203,11,3,8,0.2727272727272727,0.7272727272727273,0.8453509366224364
10204,11,1,10,0.09090909090909091,0.9090909090909091,0.4394969869215134
10205,11,0,11,0.0,1.0,0.0
10206,11,0,11,0.0,1.0,0.0
10207,11,3,8,0.2727272727272727,0.7272727272727273,0.8453509366224364
10208,11,5,6,0.45454545454545453,0.5454545454545454,0.9940302114769565
10209,11,2,9,0.18181818181818182,0.8181818181818182,0.6840384356390418
10210,11,0,11,0.0,1.0,0.0
10211,11,2,9,0.18181818181818182,0.8181818181818182,0.6840384356390418
10212,11,4,7,0.36363636363636365,0.6363636363636364,0.9456603046006401
10213,11,4,7,0.36363636363636365,0.6363636363636364,0.9456603046006401
10214,11,2,9,0.18181818181818182,0.8181818181818182,0.6840384356390418
10215,11,1,10,0.09090909090909091,0.9090909090909091,0.4394969869215134
10216,11,1,10,0.09090909090909091,0.9090909090909091,0.4394969869215134
10217,11,0,11,0.0,1.0,0.0
10218,11,0,11,0.0,1.0,0.0
10219,11,0,11,0.0,1.0,0.0
10220,11,1,10,0.09090909090909091,0.9090909090909091,0.4394969869215134
10221,11,0,11,0.0,1.0,0.0
10222,11,1,10,0.09090909090909091,0.9090909090909091,0.4394969869215134
10223,11,2,9,0.18181818181818182,0.8181818181818182,0.6840384356390418
10224,11,1,10,0.09090909090909091,0.9090909090909091,0.4394969869215134
10225,11,1,10,0.09090909090909091,0.9090909090909091,0.4394969869215134
10226,11,4,7,0.36363636363636365,0.6363636363636364,0.9456603046006401
10227,11,4,7,0.36363636363636365,0.6363636363636364,0.9456603046006401
10228,11,0,11,0.0,1.0,0.0
10229,11,1,10,0.09090909090909091,0.9090909090909091,0.4394969869215134
10230,11,2,9,0.18181818181818182,0.8181818181818182,0.6840384356390418
10231,11,0,11,0.0,1.0,0.0
10232,11,1,10,0.09090909090909091,0.9090909090909091,0.4394969869215134
10233,11,2,9,0.18181818181818182,0.8181818181818182,0.6840384356390418
10234,11,3,8,0.2727272727272727,0.7272727272727273,0.8453509366224364
10235,11,1,10,0.09090909090909091,0.9090909090909091,0.4394969869215134
10236,11,1,10,0.09090909090909091,0.9090909090909091,0.4394969869215134
10237,11,2,9,0.18181818181818182,0.8181818181818182,0.6840384356390418
10238,11,2,9,0.18181818181818182,0.8181818181818182,0.6840384356390418
10239,11,0,11,0.0,1.0,0.0
10240,11,2,9,0.18181818181818182,0.8181818181818182,0.6840384356390418
10241,11,1,10,0.09090909090909091,0.9090909090909091,0.4394969869215134
10242,11,1,10,0.09090909090909091,0.9090909090909091,0.4394969869215134
10243,11,1,10,0.09090909090909091,0.9090909090909091,0.4394969869215134
10244,11,2,9,0.18181818181818182,0.8181818181818182,0.6840384356390418
10245,11,4,7,0.36363636363636365,0.6363636363636364,0.9456603046006401
10246,11,1,10,0.09090909090909091,0.9090909090909091,0.4394969869215134
10247,11,3,8,0.2727272727272727,0.7272727272727273,0.8453509366224364
10248,11,2,9,0.18181818181818182,0.8181818181818182,0.6840384356390418
10249,11,2,9,0.18181818181818182,0.8181818181818182,0.6840384356390418
10250,11,4,7,0.36363636363636365,0.6363636363636364,0.9456603046006401
10251,11,3,8,0.2727272727272727,0.7272727272727273,0.8453509366224364
10252,11,1,10,0.09090909090909091,0.9090909090909091,0.4394969869215134
10253,11,3,8,0.2727272727272727,0.7272727272727273,0.8453509366224364
10254,11,3,8,0.2727272727272727,0.7272727272727273,0.8453509366224364
10255,11,4,7,0.36363636363636365,0.6363636363636364,0.9456603046006401
10256,11,0,11,0.0,1.0,0.0
10257,11,2,9,0.18181818181818182,0.8181818181818182,0.6840384356390418
10258,11,3,8,0.2727272727272727,0.7272727272727273,0.8453509366224364
10259,11,1,10,0.09090909090909091,0.9090909090909091,0.4394969869215134
10260,11,0,11,0.0,1.0,0.0
10261,11,2,9,0.18181818181818182,0.8181818181818182,0.6840384356390418
10262,11,2,9,0.18181818181818182,0.8181818181818182,0.6840384356390418
10263,11,1,10,0.09090909090909091,0.9090909090909091,0.4394969869215134
10264,11,0,11,0.0,1.0,0.0
10265,11,4,7,0.36363636363636365,0.6363636363636364,0.9456603046006401
10266,11,4,7,0.36363636363636365,0.6363636363636364,0.9456603046006401
10267,11,1,10,0.09090909090909091,0.9090909090909091,0.4394969869215134
10268,11,0,11,0.0,1.0,0.0
10269,11,2,9,0.18181818181818182,0.8181818181818182,0.6840384356390418
10270,11,3,8,0.2727272727272727,0.7272727272727273,0.8453509366224364
10271,11,1,10,0.09090909090909091,0.9090909090909091,0.4394969869215134
10272,11,1,10,0.09090909090909091,0.9090909090909091,0.4394969869215134
10273,11,2,9,0.18181818181818182,0.8181818181818182,0.6840384356390418
10274,11,5,6,0.45454545454545453,0.5454545454545454,0.9940302114769565
10275,11,3,8,0.2727272727272727,0.7272727272727273,0.8453509366224364
10276,11,3,8,0.2727272727272727,0.7272727272727273,0.8453509366224364
10277,11,3,8,0.2727272727272727,0.7272727272727273,0.8453509366224364
10278,11,4,7,0.36363636363636365,0.6363636363636364,0.9456603046006401
10279,11,0,11,0.0,1.0,0.0
10280,11,3,8,0.2727272727272727,0.7272727272727273,0.8453509366224364
10281,11,1,10,0.09090909090909091,0.9090909090909091,0.4394969869215134
10282,11,1,10,0.09090909090909091,0.9090909090909091,0.4394969869215134
10283,11,3,8,0.2727272727272727,0.7272727272727273,0.8453509366224364
10284,11,1,10,0.09090909090909091,0.9090909090909091,0.4394969869215134
10285,11,1,10,0.09090909090909091,0.9090909090909091,0.4394969869215134
10286,11,2,9,0.18181818181818182,0.8181818181818182,0.6840384356390418
10287,11,1,10,0.09090909090909091,0.9090909090909091,0.4394969869215134
10288,11,2,9,0.18181818181818182,0.8181818181818182,0.6840384356390418
10289,11,2,9,0.18181818181818182,0.8181818181818182,0.6840384356390418
10290,11,2,9,0.18181818181818182,0.8181818181818182,0.6840384356390418
10291,11,2,9,0.18181818181818182,0.8181818181818182,0.6840384356390418
10292,11,3,8,0.2727272727272727,0.7272727272727273,0.8453509366224364
10293,11,0,11,0.0,1.0,0.0
10294,11,1,10,0.09090909090909091,0.9090909090909091,0.4394969869215134
10295,11,3,8,0.2727272727272727,0.7272727272727273,0.8453509366224364
10296,11,3,8,0.2727272727272727,0.7272727272727273,0.8453509366224364
10297,11,2,9,0.18181818181818182,0.8181818181818182,0.6840384356390418
10298,11,1,10,0.09090909090909091,0.9090909090909091,0.4394969869215134
10299,11,0,11,0.0,1.0,0.0
10300,11,3,8,0.2727272727272727,0.7272727272727273,0.8453509366224364
10301,11,1,10,0.09090909090909091,0.9090909090909091,0.4394969869215134
10302,11,2,9,0.18181818181818182,0.8181818181818182,0.6840384356390418
10303,11,1,10,0.09090909090909091,0.9090909090909091,0.4394969869215134
10304,11,0,11,0.0,1.0,0.0
10305,11,2,9,0.18181818181818182,0.8181818181818182,0.6840384356390418
10306,11,3,8,0.2727272727272727,0.7272727272727273,0.8453509366224364
10307,11,0,11,0.0,1.0,0.0
10308,11,3,8,0.2727272727272727,0.7272727272727273,0.8453509366224364
10309,11,2,9,0.18181818181818182,0.8181818181818182,0.6840384356390418
10310,11,1,10,0.09090909090909091,0.9090909090909091,0.4394969869215134
10311,11,0,11,0.0,1.0,0.0
10312,11,1,10,0.09090909090909091,0.9090909090909091,0.4394969869215134
10313,11,2,9,0.18181818181818182,0.8181818181818182,0.6840384356390418
10314,11,1,10,0.09090909090909091,0.9090909090909091,0.4394969869215134
10315,11,2,9,0.18181818181818182,0.8181818181818182,0.6840384356390418
10316,11,0,11,0.0,1.0,0.0
10317,11,2,9,0.18181818181818182,0.8181818181818182,0.6840384356390418
10318,11,2,9,0.18181818181818182,0.8181818181818182,0.6840384356390418
10319,11,1,10,0.09090909090909091,0.9090909090909091,0.4394969869215134
10320,11,1,10,0.09090909090909091,0.9090909090909091,0.4394969869215134
10321,11,0,11,0.0,1.0,0.0
10322,11,2,9,0.18181818181818182,0.8181818181818182,0.6840384356390418
10323,11,4,7,0.36363636363636365,0.6363636363636364,0.9456603046006401
10324,11,1,10,0.09090909090909091,0.9090909090909091,0.4394969869215134
10325,11,2,9,0.18181818181818182,0.8181818181818182,0.6840384356390418
10326,11,3,8,0.2727272727272727,0.7272727272727273,0.8453509366224364
10327,11,1,10,0.09090909090909091,0.9090909090909091,0.4394969869215134
10328,11,1,10,0.09090909090909091,0.9090909090909091,0.4394969869215134
10329,11,1,10,0.09090909090909091,0.9090909090909091,0.4394969869215134
10330,11,2,9,0.18181818181818182,0.8181818181818182,0.6840384356390418
10331,11,1,10,0.09090909090909091,0.9090909090909091,0.4394969869215134
10332,11,0,11,0.0,1.0,0.0
10333,11,1,10,0.09090909090909091,0.9090909090909091,0.4394969869215134
10334,11,0,11,0.0,1.0,0.0
10335,11,0,11,0.0,1.0,0.0
10336,11,0,11,0.0,1.0,0.0
10337,11,4,7,0.36363636363636365,0.6363636363636364,0.9456603046006401
10338,11,0,11,0.0,1.0,0.0
10339,11,0,11,0.0,1.0,0.0
10340,11,0,11,0.0,1.0,0.0
10341,11,1,10,0.09090909090909091,0.9090909090909091,0.4394969869215134
10342,11,1,10,0.09090909090909091,0.9090909090909091,0.4394969869215134
10343,11,5,6,0.45454545454545453,0.5454545454545454,0.9940302114769565
10344,11,1,10,0.09090909090909091,0.9090909090909091,0.4394969869215134
10345,11,1,10,0.09090909090909091,0.9090909090909091,0.4394969869215134
10346,11,1,10,0.09090909090909091,0.9090909090909091,0.4394969869215134
10347,11,1,10,0.09090909090909091,0.9090909090909091,0.4394969869215134
10348,11,1,10,0.09090909090909091,0.9090909090909091,0.4394969869215134
10349,11,1,10,0.09090909090909091,0.9090909090909091,0.4394969869215134
10350,11,3,8,0.2727272727272727,0.7272727272727273,0.8453509366224364
10351,11,2,9,0.18181818181818182,0.8181818181818182,0.6840384356390418
10352,11,1,10,0.09090909090909091,0.9090909090909091,0.4394969869215134
10353,11,0,11,0.0,1.0,0.0
10354,11,1,10,0.09090909090909091,0.9090909090909091,0.4394969869215134
10355,11,4,7,0.36363636363636365,0.6363636363636364,0.9456603046006401
10356,11,1,10,0.09090909090909091,0.9090909090909091,0.4394969869215134
10357,11,4,7,0.36363636363636365,0.6363636363636364,0.9456603046006401
10358,11,2,9,0.18181818181818182,0.8181818181818182,0.6840384356390418
10359,11,2,9,0.18181818181818182,0.8181818181818182,0.6840384356390418
10360,11,3,8,0.2727272727272727,0.7272727272727273,0.8453509366224364
10361,11,2,9,0.18181818181818182,0.8181818181818182,0.6840384356390418
10362,11,2,9,0.18181818181818182,0.8181818181818182,0.6840384356390418
10363,11,3,8,0.2727272727272727,0.7272727272727273,0.8453509366224364
10364,11,4,7,0.36363636363636365,0.6363636363636364,0.9456603046006401
10365,11,0,11,0.0,1.0,0.0
10366,11,1,10,0.09090909090909091,0.9090909090909091,0.4394969869215134
10367,11,2,9,0.18181818181818182,0.8181818181818182,0.6840384356390418
10368,11,1,10,0.09090909090909091,0.9090909090909091,0.4394969869215134
10369,11,2,9,0.18181818181818182,0.8181818181818182,0.6840384356390418
10370,11,2,9,0.18181818181818182,0.8181818181818182,0.6840384356390418
10371,11,1,10,0.09090909090909091,0.9090909090909091,0.4394969869215134
10372,11,1,10,0.09090909090909091,0.9090909090909091,0.4394969869215134
10373,11,0,11,0.0,1.0,0.0
10374,11,0,11,0.0,1.0,0.0
10375,11,0,11,0.0,1.0,0.0
10376,11,1,10,0.09090909090909091,0.9090909090909091,0.4394969869215134
10377,11,1,10,0.09090909090909091,0.9090909090909091,0.4394969869215134
10378,11,1,10,0.09090909090909091,0.9090909090909091,0.4394969869215134
10379,11,1,10,0.09090909090909091,0.9090909090909091,0.4394969869215134
10380,11,1,10,0.09090909090909091,0.9090909090909091,0.4394969869215134
10381,11,1,10,0.09090909090909091,0.9090909090909091,0.4394969869215134
10382,11,1,10,0.09090909090909091,0.9090909090909091,0.4394969869215134
10383,11,0,11,0.0,1.0,0.0
10384,11,4,7,0.36363636363636365,0.6363636363636364,0.9456603046006401
10385,11,3,8,0.2727272727272727,0.7272727272727273,0.8453509366224364
10386,11,1,10,0.09090909090909091,0.9090909090909091,0.4394969869215134
10387,11,2,9,0.18181818181818182,0.8181818181818182,0.6840384356390418
10388,11,3,8,0.2727272727272727,0.7272727272727273,0.8453509366224364
10389,11,4,7,0.36363636363636365,0.6363636363636364,0.9456603046006401
10390,11,0,11,0.0,1.0,0.0
10391,11,1,10,0.09090909090909091,0.9090909090909091,0.4394969869215134
10392,11,2,9,0.18181818181818182,0.8181818181818182,0.6840384356390418
10393,11,2,9,0.18181818181818182,0.8181818181818182,0.6840384356390418
10394,11,4,7,0.36363636363636365,0.6363636363636364,0.9456603046006401
10395,11,3,8,0.2727272727272727,0.7272727272727273,0.8453509366224364
10396,11,2,9,0.18181818181818182,0.8181818181818182,0.6840384356390418
10397,11,0,11,0.0,1.0,0.0
10398,11,1,10,0.09090909090909091,0.9090909090909091,0.4394969869215134
10399,11,2,9,0.18181818181818182,0.8181818181818182,0.6840384356390418
10400,11,2,9,0.18181818181818182,0.8181818181818182,0.6840384356390418
10401,11,3,8,0.2727272727272727,0.7272727272727273,0.8453509366224364
10402,11,1,10,0.09090909090909091,0.9090909090909091,0.4394969869215134
10403,11,0,11,0.0,1.0,0.0
10404,11,0,11,0.0,1.0,0.0
10405,11,1,10,0.09090909090909091,0.9090909090909091,0.4394969869215134
10406,11,2,9,0.18181818181818182,0.8181818181818182,0.6840384356390418
10407,11,1,10,0.09090909090909091,0.9090909090909091,0.4394969869215134
10408,11,4,7,0.36363636363636365,0.6363636363636364,0.9456603046006401
10409,11,2,9,0.18181818181818182,0.8181818181818182,0.6840384356390418
10410,11,1,10,0.09090909090909091,0.9090909090909091,0.4394969869215134
10411,11,2,9,0.18181818181818182,0.8181818181818182,0.6840384356390418
10412,11,2,9,0.18181818181818182,0.8181818181818182,0.6840384356390418
10413,11,4,7,0.36363636363636365,0.6363636363636364,0.9456603046006401
10414,11,1,10,0.09090909090909091,0.9090909090909091,0.4394969869215134
10415,11,0,11,0.0,1.0,0.0
10416,11,0,11,0.0,1.0,0.0
10417,11,4,7,0.36363636363636365,0.6363636363636364,0.9456603046006401
10418,11,4,7,0.36363636363636365,0.6363636363636364,0.9456603046006401
10419,11,0,11,0.0,1.0,0.0
10420,11,1,10,0.09090909090909091,0.9090909090909091,0.4394969869215134
10421,11,4,7,0.36363636363636365,0.6363636363636364,0.9456603046006401
10422,11,1,10,0.09090909090909091,0.9090909090909091,0.4394969869215134
10423,11,3,8,0.2727272727272727,0.7272727272727273,0.8453509366224364
10424,11,1,10,0.09090909090909091,0.9090909090909091,0.4394969869215134
10425,11,1,10,0.09090909090909091,0.9090909090909091,0.4394969869215134
10426,11,1,10,0.09090909090909091,0.9090909090909091,0.4394969869215134
10427,11,1,10,0.09090909090909091,0.9090909090909091,0.4394969869215134
10428,11,0,11,0.0,1.0,0.0
10429,11,1,10,0.09090909090909091,0.9090909090909091,0.4394969869215134
10430,11,1,10,0.09090909090909091,0.9090909090909091,0.4394969869215134
10431,11,1,10,0.09090909090909091,0.9090909090909091,0.4394969869215134
10432,11,4,7,0.36363636363636365,0.6363636363636364,0.9456603046006401
10433,11,1,10,0.09090909090909091,0.9090909090909091,0.4394969869215134
10434,11,1,10,0.09090909090909091,0.9090909090909091,0.4394969869215134
10435,11,0,11,0.0,1.0,0.0
10436,11,0,11,0.0,1.0,0.0
10437,11,2,9,0.18181818181818182,0.8181818181818182,0.6840384356390418
10438,11,3,8,0.2727272727272727,0.7272727272727273,0.8453509366224364
10439,11,1,10,0.09090909090909091,0.9090909090909091,0.4394969869215134
10440,11,2,9,0.18181818181818182,0.8181818181818182,0.6840384356390418
10441,11,4,7,0.36363636363636365,0.6363636363636364,0.9456603046006401
10442,11,1,10,0.09090909090909091,0.9090909090909091,0.4394969869215134
10443,11,1,10,0.09090909090909091,0.9090909090909091,0.4394969869215134
10444,11,1,10,0.09090909090909091,0.9090909090909091,0.4394969869215134
10445,11,3,8,0.2727272727272727,0.7272727272727273,0.8453509366224364
10446,11,2,9,0.18181818181818182,0.8181818181818182,0.6840384356390418
10447,11,1,10,0.09090909090909091,0.9090909090909091,0.4394969869215134
10448,11,1,10,0.09090909090909091,0.9090909090909091,0.4394969869215134
10449,11,1,10,0.09090909090909091,0.9090909090909091,0.4394969869215134
10450,11,2,9,0.18181818181818182,0.8181818181818182,0.6840384356390418
10451,11,5,6,0.45454545454545453,0.5454545454545454,0.9940302114769565
10452,11,2,9,0.18181818181818182,0.8181818181818182,0.6840384356390418
10453,11,2,9,0.18181818181818182,0.8181818181818182,0.6840384356390418
10454,11,2,9,0.18181818181818182,0.8181818181818182,0.6840384356390418
10455,11,0,11,0.0,1.0,0.0
10456,11,1,10,0.09090909090909091,0.9090909090909091,0.4394969869215134
10457,11,0,11,0.0,1.0,0.0
10458,11,1,10,0.09090909090909091,0.9090909090909091,0.4394969869215134
10459,11,2,9,0.18181818181818182,0.8181818181818182,0.6840384356390418
10460,11,1,10,0.09090909090909091,0.9090909090909091,0.4394969869215134
10461,11,2,9,0.18181818181818182,0.8181818181818182,0.6840384356390418
10462,11,0,11,0.0,1.0,0.0
10463,11,0,11,0.0,1.0,0.0
10464,11,0,11,0.0,1.0,0.0
10465,11,5,6,0.45454545454545453,0.5454545454545454,0.9940302114769565
10466,11,2,9,0.18181818181818182,0.8181818181818182,0.6840384356390418
10467,11,0,11,0.0,1.0,0.0
10468,11,2,9,0.18181818181818182,0.8181818181818182,0.6840384356390418
10469,11,0,11,0.0,1.0,0.0
10470,11,2,9,0.18181818181818182,0.8181818181818182,0.6840384356390418
10471,11,2,9,0.18181818181818182,0.8181818181818182,0.6840384356390418
10472,11,2,9,0.18181818181818182,0.8181818181818182,0.6840384356390418
10473,11,2,9,0.18181818181818182,0.8181818181818182,0.6840384356390418
10474,11,2,9,0.18181818181818182,0.8181818181818182,0.6840384356390418
10475,11,0,11,0.0,1.0,0.0
10476,11,0,11,0.0,1.0,0.0
10477,11,0,11,0.0,1.0,0.0
10478,11,1,10,0.09090909090909091,0.9090909090909091,0.4394969869215134
10479,11,2,9,0.18181818181818182,0.8181818181818182,0.6840384356390418
10480,11,2,9,0.18181818181818182,0.8181818181818182,0.6840384356390418
10481,11,0,11,0.0,1.0,0.0
10482,11,2,9,0.18181818181818182,0.8181818181818182,0.6840384356390418
10483,11,3,8,0.2727272727272727,0.7272727272727273,0.8453509366224364
10484,11,1,10,0.09090909090909091,0.9090909090909091,0.4394969869215134
10485,11,1,10,0.09090909090909091,0.9090909090909091,0.4394969869215134
10486,11,1,10,0.09090909090909091,0.9090909090909091,0.4394969869215134
10487,11,3,8,0.2727272727272727,0.7272727272727273,0.8453509366224364
10488,11,3,8,0.2727272727272727,0.7272727272727273,0.8453509366224364
10489,11,4,7,0.36363636363636365,0.6363636363636364,0.9456603046006401
10490,11,1,10,0.09090909090909091,0.9090909090909091,0.4394969869215134
10491,11,2,9,0.18181818181818182,0.8181818181818182,0.6840384356390418
10492,11,1,10,0.09090909090909091,0.9090909090909091,0.4394969869215134
10493,11,2,9,0.18181818181818182,0.8181818181818182,0.6840384356390418
10494,11,3,8,0.2727272727272727,0.7272727272727273,0.8453509366224364
10495,11,1,10,0.09090909090909091,0.9090909090909091,0.4394969869215134
10496,11,4,7,0.36363636363636365,0.6363636363636364,0.9456603046006401
10497,11,0,11,0.0,1.0,0.0
10498,11,1,10,0.09090909090909091,0.9090909090909091,0.4394969869215134
10499,11,2,9,0.18181818181818182,0.8181818181818182,0.6840384356390418
10500,11,2,9,0.18181818181818182,0.8181818181818182,0.6840384356390418
10501,11,1,10,0.09090909090909091,0.9090909090909091,0.4394969869215134
10502,11,3,8,0.2727272727272727,0.7272727272727273,0.8453509366224364
10503,11,2,9,0.18181818181818182,0.8181818181818182,0.6840384356390418
10504,11,0,11,0.0,1.0,0.0
10505,11,2,9,0.18181818181818182,0.8181818181818182,0.6840384356390418
10506,11,0,11,0.0,1.0,0.0
10507,11,3,8,0.2727272727272727,0.7272727272727273,0.8453509366224364
10508,11,3,8,0.2727272727272727,0.7272727272727273,0.8453509366224364
10509,11,1,10,0.09090909090909091,0.9090909090909091,0.4394969869215134
10510,11,1,10,0.09090909090909091,0.9090909090909091,0.4394969869215134
10511,11,1,10,0.09090909090909091,0.9090909090909091,0.4394969869215134
10512,11,3,8,0.2727272727272727,0.7272727272727273,0.8453509366224364
10513,11,2,9,0.18181818181818182,0.8181818181818182,0.6840384356390418
10514,11,1,10,0.09090909090909091,0.9090909090909091,0.4394969869215134
10515,11,0,11,0.0,1.0,0.0
10516,11,1,10,0.09090909090909091,0.9090909090909091,0.4394969869215134
10517,11,1,10,0.09090909090909091,0.9090909090909091,0.4394969869215134
10518,11,4,7,0.36363636363636365,0.6363636363636364,0.9456603046006401
10519,11,3,8,0.2727272727272727,0.7272727272727273,0.8453509366224364
10520,11,0,11,0.0,1.0,0.0
10521,11,1,10,0.09090909090909091,0.9090909090909091,0.4394969869215134
10522,11,0,11,0.0,1.0,0.0
10523,11,1,10,0.09090909090909091,0.9090909090909091,0.4394969869215134
10524,11,1,10,0.09090909090909091,0.9090909090909091,0.4394969869215134
10525,11,1,10,0.09090909090909091,0.9090909090909091,0.4394969869215134
10526,11,3,8,0.2727272727272727,0.7272727272727273,0.8453509366224364
10527,11,2,9,0.18181818181818182,0.8181818181818182,0.6840384356390418
10528,11,4,7,0.36363636363636365,0.6363636363636364,0.9456603046006401
10529,11,2,9,0.18181818181818182,0.8181818181818182,0.6840384356390418
10530,11,0,11,0.0,1.0,0.0
10531,11,0,11,0.0,1.0,0.0
10532,11,1,10,0.09090909090909091,0.9090909090909091,0.4394969869215134
10533,11,1,10,0.09090909090909091,0.9090909090909091,0.4394969869215134
10534,11,2,9,0.18181818181818182,0.8181818181818182,0.6840384356390418
10535,11,5,6,0.45454545454545453,0.5454545454545454,0.9940302114769565
10536,11,3,8,0.2727272727272727,0.7272727272727273,0.8453509366224364
10537,11,2,9,0.18181818181818182,0.8181818181818182,0.6840384356390418
10538,11,2,9,0.18181818181818182,0.8181818181818182,0.6840384356390418
10539,11,1,10,0.09090909090909091,0.9090909090909091,0.4394969869215134
10540,11,1,10,0.09090909090909091,0.9090909090909091,0.4394969869215134
10541,11,1,10,0.09090909090909091,0.9090909090909091,0.4394969869215134
10542,11,1,10,0.09090909090909091,0.9090909090909091,0.4394969869215134
10543,11,1,10,0.09090909090909091,0.9090909090909091,0.4394969869215134
10544,11,4,7,0.36363636363636365,0.6363636363636364,0.9456603046006401
10545,11,2,9,0.18181818181818182,0.8181818181818182,0.6840384356390418
10546,11,0,11,0.0,1.0,0.0
10547,11,3,8,0.2727272727272727,0.7272727272727273,0.8453509366224364
10548,11,0,11,0.0,1.0,0.0
10549,11,0,11,0.0,1.0,0.0
10550,11,2,9,0.18181818181818182,0.8181818181818182,0.6840384356390418
10551,11,0,11,0.0,1.0,0.0
10552,11,3,8,0.2727272727272727,0.7272727272727273,0.8453509366224364
10553,11,5,6,0.45454545454545453,0.5454545454545454,0.9940302114769565
10554,11,2,9,0.18181818181818182,0.8181818181818182,0.6840384356390418
10555,11,0,11,0.0,1.0,0.0
10556,11,2,9,0.18181818181818182,0.8181818181818182,0.6840384356390418
10557,11,1,10,0.09090909090909091,0.9090909090909091,0.4394969869215134
10558,11,0,11,0.0,1.0,0.0
10559,11,5,6,0.45454545454545453,0.5454545454545454,0.9940302114769565
10560,11,1,10,0.09090909090909091,0.9090909090909091,0.4394969869215134
10561,11,1,10,0.09090909090909091,0.9090909090909091,0.4394969869215134
10562,11,1,10,0.09090909090909091,0.9090909090909091,0.4394969869215134
10563,11,1,10,0.09090909090909091,0.9090909090909091,0.4394969869215134
10564,11,0,11,0.0,1.0,0.0
10565,11,1,10,0.09090909090909091,0.9090909090909091,0.4394969869215134
10566,11,1,10,0.09090909090909091,0.9090909090909091,0.4394969869215134
10567,11,0,11,0.0,1.0,0.0
10568,11,3,8,0.2727272727272727,0.7272727272727273,0.8453509366224364
10569,11,3,8,0.2727272727272727,0.7272727272727273,0.8453509366224364
10570,11,1,10,0.09090909090909091,0.9090909090909091,0.4394969869215134
10571,11,1,10,0.09090909090909091,0.9090909090909091,0.4394969869215134
10572,11,1,10,0.09090909090909091,0.9090909090909091,0.4394969869215134
10573,11,0,11,0.0,1.0,0.0
10574,11,2,9,0.18181818181818182,0.8181818181818182,0.6840384356390418
10575,11,1,10,0.09090909090909091,0.9090909090909091,0.4394969869215134
10576,11,1,10,0.09090909090909091,0.9090909090909091,0.4394969869215134
10577,11,2,9,0.18181818181818182,0.8181818181818182,0.6840384356390418
10578,11,1,10,0.09090909090909091,0.9090909090909091,0.4394969869215134
10579,11,2,9,0.18181818181818182,0.8181818181818182,0.6840384356390418
10580,11,0,11,0.0,1.0,0.0
10581,11,0,11,0.0,1.0,0.0
10582,11,3,8,0.2727272727272727,0.7272727272727273,0.8453509366224364
10583,11,2,9,0.18181818181818182,0.8181818181818182,0.6840384356390418
10584,11,2,9,0.18181818181818182,0.8181818181818182,0.6840384356390418
10585,11,1,10,0.09090909090909091,0.9090909090909091,0.4394969869215134
10586,11,1,10,0.09090909090909091,0.9090909090909091,0.4394969869215134
10587,11,1,10,0.09090909090909091,0.9090909090909091,0.4394969869215134
10588,11,0,11,0.0,1.0,0.0
10589,11,3,8,0.2727272727272727,0.7272727272727273,0.8453509366224364
10590,11,3,8,0.2727272727272727,0.7272727272727273,0.8453509366224364
10591,11,2,9,0.18181818181818182,0.8181818181818182,0.6840384356390418
10592,11,3,8,0.2727272727272727,0.7272727272727273,0.8453509366224364
10593,11,2,9,0.18181818181818182,0.8181818181818182,0.6840384356390418
10594,11,0,11,0.0,1.0,0.0
10595,11,1,10,0.09090909090909091,0.9090909090909091,0.4394969869215134
10596,11,0,11,0.0,1.0,0.0
10597,11,3,8,0.2727272727272727,0.7272727272727273,0.8453509366224364
10598,11,3,8,0.2727272727272727,0.7272727272727273,0.8453509366224364
10599,11,2,9,0.18181818181818182,0.8181818181818182,0.6840384356390418
10600,11,2,9,0.18181818181818182,0.8181818181818182,0.6840384356390418
10601,11,2,9,0.18181818181818182,0.8181818181818182,0.6840384356390418
10602,11,0,11,0.0,1.0,0.0
10603,11,3,8,0.2727272727272727,0.7272727272727273,0.8453509366224364
10604,11,1,10,0.09090909090909091,0.9090909090909091,0.4394969869215134
10605,11,1,10,0.09090909090909091,0.9090909090909091,0.4394969869215134
10606,11,0,11,0.0,1.0,0.0
10607,11,1,10,0.09090909090909091,0.9090909090909091,0.4394969869215134
10608,11,1,10,0.09090909090909091,0.9090909090909091,0.4394969869215134
10609,11,1,10,0.09090909090909091,0.9090909090909091,0.4394969869215134
10610,11,2,9,0.18181818181818182,0.8181818181818182,0.6840384356390418
10611,11,5,6,0.45454545454545453,0.5454545454545454,0.9940302114769565
10612,11,1,10,0.09090909090909091,0.9090909090909091,0.4394969869215134
10613,11,2,9,0.18181818181818182,0.8181818181818182,0.6840384356390418
10614,11,2,9,0.18181818181818182,0.8181818181818182,0.6840384356390418
10615,11,2,9,0.18181818181818182,0.8181818181818182,0.6840384356390418
10616,11,2,9,0.18181818181818182,0.8181818181818182,0.6840384356390418
10617,11,0,11,0.0,1.0,0.0
10618,11,2,9,0.18181818181818182,0.8181818181818182,0.6840384356390418
10619,11,1,10,0.09090909090909091,0.9090909090909091,0.4394969869215134
10620,11,1,10,0.09090909090909091,0.9090909090909091,0.4394969869215134
10621,11,1,10,0.09090909090909091,0.9090909090909091,0.4394969869215134
10622,11,0,11,0.0,1.0,0.0
10623,11,1,10,0.09090909090909091,0.9090909090909091,0.4394969869215134
10624,11,6,5,0.5454545454545454,0.45454545454545453,0.9940302114769565
10625,11,1,10,0.09090909090909091,0.9090909090909091,0.4394969869215134
10626,11,3,8,0.2727272727272727,0.7272727272727273,0.8453509366224364
10627,11,1,10,0.09090909090909091,0.9090909090909091,0.4394969869215134
10628,11,2,9,0.18181818181818182,0.8181818181818182,0.6840384356390418
10629,11,2,9,0.18181818181818182,0.8181818181818182,0.6840384356390418
10630,11,2,9,0.18181818181818182,0.8181818181818182,0.6840384356390418
10631,11,1,10,0.09090909090909091,0.9090909090909091,0.4394969869215134
10632,11,1,10,0.09090909090909091,0.9090909090909091,0.4394969869215134
10633,11,2,9,0.18181818181818182,0.8181818181818182,0.6840384356390418
10634,11,1,10,0.09090909090909091,0.9090909090909091,0.4394969869215134
10635,11,3,8,0.2727272727272727,0.7272727272727273,0.8453509366224364
10636,11,2,9,0.18181818181818182,0.8181818181818182,0.6840384356390418
10637,11,2,9,0.18181818181818182,0.8181818181818182,0.6840384356390418
10638,11,0,11,0.0,1.0,0.0
10639,11,4,7,0.36363636363636365,0.6363636363636364,0.9456603046006401
10640,11,1,10,0.09090909090909091,0.9090909090909091,0.4394969869215134
10641,11,1,10,0.09090909090909091,0.9090909090909091,0.4394969869215134
10642,11,0,11,0.0,1.0,0.0
10643,11,2,9,0.18181818181818182,0.8181818181818182,0.6840384356390418
10644,11,3,8,0.2727272727272727,0.7272727272727273,0.8453509366224364
10645,11,1,10,0.09090909090909091,0.9090909090909091,0.4394969869215134
10646,11,0,11,0.0,1.0,0.0
10647,11,1,10,0.09090909090909091,0.9090909090909091,0.4394969869215134
10648,11,3,8,0.2727272727272727,0.7272727272727273,0.8453509366224364
10649,11,1,10,0.09090909090909091,0.9090909090909091,0.4394969869215134
10650,11,2,9,0.18181818181818182,0.8181818181818182,0.6840384356390418
10651,11,1,10,0.09090909090909091,0.9090909090909091,0.4394969869215134
10652,11,4,7,0.36363636363636365,0.6363636363636364,0.9456603046006401
10653,11,0,11,0.0,1.0,0.0
10654,11,1,10,0.09090909090909091,0.9090909090909091,0.4394969869215134
10655,11,0,11,0.0,1.0,0.0
10656,11,3,8,0.2727272727272727,0.7272727272727273,0.8453509366224364
10657,11,1,10,0.09090909090909091,0.9090909090909091,0.4394969869215134
10658,11,2,9,0.18181818181818182,0.8181818181818182,0.6840384356390418
10659,11,1,10,0.09090909090909091,0.9090909090909091,0.4394969869215134
10660,11,0,11,0.0,1.0,0.0
10661,11,1,10,0.09090909090909091,0.9090909090909091,0.4394969869215134
10662,11,3,8,0.2727272727272727,0.7272727272727273,0.8453509366224364
10663,11,1,10,0.09090909090909091,0.9090909090909091,0.4394969869215134
10664,11,1,10,0.09090909090909091,0.9090909090909091,0.4394969869215134
10665,11,2,9,0.18181818181818182,0.8181818181818182,0.6840384356390418
10666,11,2,9,0.18181818181818182,0.8181818181818182,0.6840384356390418
10667,11,2,9,0.18181818181818182,0.8181818181818182,0.6840384356390418
10668,11,1,10,0.09090909090909091,0.9090909090909091,0.4394969869215134
10669,11,1,10,0.09090909090909091,0.9090909090909091,0.4394969869215134
10670,11,2,9,0.18181818181818182,0.8181818181818182,0.6840384356390418
10671,11,1,10,0.09090909090909091,0.9090909090909091,0.4394969869215134
10672,11,1,10,0.09090909090909091,0.9090909090909091,0.4394969869215134
10673,11,2,9,0.18181818181818182,0.8181818181818182,0.6840384356390418
10674,11,3,8,0.2727272727272727,0.7272727272727273,0.8453509366224364
10675,11,2,9,0.18181818181818182,0.8181818181818182,0.6840384356390418
10676,11,2,9,0.18181818181818182,0.8181818181818182,0.6840384356390418
10677,11,2,9,0.18181818181818182,0.8181818181818182,0.6840384356390418
10678,11,2,9,0.18181818181818182,0.8181818181818182,0.6840384356390418
10679,11,2,9,0.18181818181818182,0.8181818181818182,0.6840384356390418
10680,11,1,10,0.09090909090909091,0.9090909090909091,0.4394969869215134
10681,11,0,11,0.0,1.0,0.0
10682,11,0,11,0.0,1.0,0.0
10683,11,1,10,0.09090909090909091,0.9090909090909091,0.4394969869215134
10684,11,1,10,0.09090909090909091,0.9090909090909091,0.4394969869215134
10685,11,1,10,0.09090909090909091,0.9090909090909091,0.4394969869215134
10686,11,2,9,0.18181818181818182,0.8181818181818182,0.6840384356390418
10687,11,2,9,0.18181818181818182,0.8181818181818182,0.6840384356390418
10688,11,1,10,0.09090909090909091,0.9090909090909091,0.4394969869215134
10689,11,1,10,0.09090909090909091,0.9090909090909091,0.4394969869215134
10690,11,0,11,0.0,1.0,0.0
10691,11,3,8,0.2727272727272727,0.7272727272727273,0.8453509366224364
10692,11,0,11,0.0,1.0,0.0
10693,11,1,10,0.09090909090909091,0.9090909090909091,0.4394969869215134
10694,11,1,10,0.09090909090909091,0.9090909090909091,0.4394969869215134
10695,11,2,9,0.18181818181818182,0.8181818181818182,0.6840384356390418
10696,11,0,11,0.0,1.0,0.0
10697,11,3,8,0.2727272727272727,0.7272727272727273,0.8453509366224364
10698,11,2,9,0.18181818181818182,0.8181818181818182,0.6840384356390418
10699,11,3,8,0.2727272727272727,0.7272727272727273,0.8453509366224364
10700,11,2,9,0.18181818181818182,0.8181818181818182,0.6840384356390418
10701,11,2,9,0.18181818181818182,0.8181818181818182,0.6840384356390418
10702,11,1,10,0.09090909090909091,0.9090909090909091,0.4394969869215134
10703,11,4,7,0.36363636363636365,0.6363636363636364,0.9456603046006401
10704,11,1,10,0.09090909090909091,0.9090909090909091,0.4394969869215134
10705,11,3,8,0.2727272727272727,0.7272727272727273,0.8453509366224364
10706,11,3,8,0.2727272727272727,0.7272727272727273,0.8453509366224364
10707,11,2,9,0.18181818181818182,0.8181818181818182,0.6840384356390418
10708,11,2,9,0.18181818181818182,0.8181818181818182,0.6840384356390418
10709,11,0,11,0.0,1.0,0.0
10710,11,3,8,0.2727272727272727,0.7272727272727273,0.8453509366224364
10711,11,1,10,0.09090909090909091,0.9090909090909091,0.4394969869215134
10712,11,3,8,0.2727272727272727,0.7272727272727273,0.8453509366224364
10713,11,0,11,0.0,1.0,0.0
10714,11,1,10,0.09090909090909091,0.9090909090909091,0.4394969869215134
10715,11,3,8,0.2727272727272727,0.7272727272727273,0.8453509366224364
10716,11,0,11,0.0,1.0,0.0
10717,11,0,11,0.0,1.0,0.0
10718,11,2,9,0.18181818181818182,0.8181818181818182,0.6840384356390418
10719,11,1,10,0.09090909090909091,0.9090909090909091,0.4394969869215134
10720,11,4,7,0.36363636363636365,0.6363636363636364,0.9456603046006401
10721,11,1,10,0.09090909090909091,0.9090909090909091,0.4394969869215134
10722,11,1,10,0.09090909090909091,0.9090909090909091,0.4394969869215134
10723,11,1,10,0.09090909090909091,0.9090909090909091,0.4394969869215134
10724,11,2,9,0.18181818181818182,0.8181818181818182,0.6840384356390418
10725,11,3,8,0.2727272727272727,0.7272727272727273,0.8453509366224364
10726,11,2,9,0.18181818181818182,0.8181818181818182,0.6840384356390418
10727,11,2,9,0.18181818181818182,0.8181818181818182,0.6840384356390418
10728,11,1,10,0.09090909090909091,0.9090909090909091,0.4394969869215134
10729,11,0,11,0.0,1.0,0.0
10730,11,4,7,0.36363636363636365,0.6363636363636364,0.9456603046006401
10731,11,1,10,0.09090909090909091,0.9090909090909091,0.4394969869215134
10732,11,2,9,0.18181818181818182,0.8181818181818182,0.6840384356390418
10733,11,2,9,0.18181818181818182,0.8181818181818182,0.6840384356390418
10734,11,2,9,0.18181818181818182,0.8181818181818182,0.6840384356390418
10735,11,1,10,0.09090909090909091,0.9090909090909091,0.4394969869215134
10736,11,0,11,0.0,1.0,0.0
10737,11,1,10,0.09090909090909091,0.9090909090909091,0.4394969869215134
10738,11,2,9,0.18181818181818182,0.8181818181818182,0.6840384356390418
10739,11,1,10,0.09090909090909091,0.9090909090909091,0.4394969869215134
10740,11,2,9,0.18181818181818182,0.8181818181818182,0.6840384356390418
10741,11,0,11,0.0,1.0,0.0
10742,11,1,10,0.09090909090909091,0.9090909090909091,0.4394969869215134
10743,11,0,11,0.0,1.0,0.0
10744,11,2,9,0.18181818181818182,0.8181818181818182,0.6840384356390418
10745,11,1,10,0.09090909090909091,0.9090909090909091,0.4394969869215134
10746,11,1,10,0.09090909090909091,0.9090909090909091,0.4394969869215134
10747,11,1,10,0.09090909090909091,0.9090909090909091,0.4394969869215134
10748,11,2,9,0.18181818181818182,0.8181818181818182,0.6840384356390418
10749,11,0,11,0.0,1.0,0.0
10750,11,0,11,0.0,1.0,0.0
10751,11,3,8,0.2727272727272727,0.7272727272727273,0.8453509366224364
10752,11,3,8,0.2727272727272727,0.7272727272727273,0.8453509366224364
10753,11,0,11,0.0,1.0,0.0
10754,11,4,7,0.36363636363636365,0.6363636363636364,0.9456603046006401
10755,11,2,9,0.18181818181818182,0.8181818181818182,0.6840384356390418
10756,11,2,9,0.18181818181818182,0.8181818181818182,0.6840384356390418
10757,11,1,10,0.09090909090909091,0.9090909090909091,0.4394969869215134
10758,11,0,11,0.0,1.0,0.0
10759,11,1,10,0.09090909090909091,0.9090909090909091,0.4394969869215134
10760,11,1,10,0.09090909090909091,0.9090909090909091,0.4394969869215134
10761,11,1,10,0.09090909090909091,0.9090909090909091,0.4394969869215134
10762,11,0,11,0.0,1.0,0.0
10763,11,3,8,0.2727272727272727,0.7272727272727273,0.8453509366224364
10764,11,0,11,0.0,1.0,0.0
10765,11,2,9,0.18181818181818182,0.8181818181818182,0.6840384356390418
10766,11,2,9,0.18181818181818182,0.8181818181818182,0.6840384356390418
10767,11,3,8,0.2727272727272727,0.7272727272727273,0.8453509366224364
10768,11,0,11,0.0,1.0,0.0
10769,11,0,11,0.0,1.0,0.0
10770,11,3,8,0.2727272727272727,0.7272727272727273,0.8453509366224364
10771,11,1,10,0.09090909090909091,0.9090909090909091,0.4394969869215134
10772,11,0,11,0.0,1.0,0.0
10773,11,3,8,0.2727272727272727,0.7272727272727273,0.8453509366224364
10774,11,1,10,0.09090909090909091,0.9090909090909091,0.4394969869215134
10775,11,2,9,0.18181818181818182,0.8181818181818182,0.6840384356390418
10776,11,3,8,0.2727272727272727,0.7272727272727273,0.8453509366224364
10777,11,1,10,0.09090909090909091,0.9090909090909091,0.4394969869215134
10778,11,2,9,0.18181818181818182,0.8181818181818182,0.6840384356390418
10779,11,1,10,0.09090909090909091,0.9090909090909091,0.4394969869215134
10780,11,3,8,0.2727272727272727,0.7272727272727273,0.8453509366224364
10781,11,1,10,0.09090909090909091,0.9090909090909091,0.4394969869215134
10782,11,0,11,0.0,1.0,0.0
10783,11,1,10,0.09090909090909091,0.9090909090909091,0.4394969869215134
10784,11,1,10,0.09090909090909091,0.9090909090909091,0.4394969869215134
10785,11,1,10,0.09090909090909091,0.9090909090909091,0.4394969869215134
10786,11,1,10,0.09090909090909091,0.9090909090909091,0.4394969869215134
10787,11,0,11,0.0,1.0,0.0
10788,11,1,10,0.09090909090909091,0.9090909090909091,0.4394969869215134
10789,11,1,10,0.09090909090909091,0.9090909090909091,0.4394969869215134
10790,11,3,8,0.2727272727272727,0.7272727272727273,0.8453509366224364
10791,11,2,9,0.18181818181818182,0.8181818181818182,0.6840384356390418
10792,11,1,10,0.09090909090909091,0.9090909090909091,0.4394969869215134
10793,11,0,11,0.0,1.0,0.0
10794,11,0,11,0.0,1.0,0.0
10795,11,0,11,0.0,1.0,0.0
10796,11,2,9,0.18181818181818182,0.8181818181818182,0.6840384356390418
10797,11,0,11,0.0,1.0,0.0
10798,11,3,8,0.2727272727272727,0.7272727272727273,0.8453509366224364
10799,11,3,8,0.2727272727272727,0.7272727272727273,0.8453509366224364
10800,11,0,11,0.0,1.0,0.0
10801,11,2,9,0.18181818181818182,0.8181818181818182,0.6840384356390418
10802,11,0,11,0.0,1.0,0.0
10803,11,4,7,0.36363636363636365,0.6363636363636364,0.9456603046006401
10804,11,0,11,0.0,1.0,0.0
10805,11,1,10,0.09090909090909091,0.9090909090909091,0.4394969869215134
10806,11,3,8,0.2727272727272727,0.7272727272727273,0.8453509366224364
10807,11,2,9,0.18181818181818182,0.8181818181818182,0.6840384356390418
10808,11,3,8,0.2727272727272727,0.7272727272727273,0.8453509366224364
10809,11,1,10,0.09090909090909091,0.9090909090909091,0.4394969869215134
10810,11,0,11,0.0,1.0,0.0
10811,11,3,8,0.2727272727272727,0.7272727272727273,0.8453509366224364
10812,11,0,11,0.0,1.0,0.0
10813,11,2,9,0.18181818181818182,0.8181818181818182,0.6840384356390418
10814,11,2,9,0.18181818181818182,0.8181818181818182,0.6840384356390418
10815,11,5,6,0.45454545454545453,0.5454545454545454,0.9940302114769565
10816,11,0,11,0.0,1.0,0.0
10817,11,3,8,0.2727272727272727,0.7272727272727273,0.8453509366224364
10818,11,2,9,0.18181818181818182,0.8181818181818182,0.6840384356390418
10819,11,4,7,0.36363636363636365,0.6363636363636364,0.9456603046006401
10820,11,3,8,0.2727272727272727,0.7272727272727273,0.8453509366224364
10821,11,1,10,0.09090909090909091,0.9090909090909091,0.4394969869215134
10822,11,0,11,0.0,1.0,0.0
10823,11,1,10,0.09090909090909091,0.9090909090909091,0.4394969869215134
10824,11,3,8,0.2727272727272727,0.7272727272727273,0.8453509366224364
10825,11,2,9,0.18181818181818182,0.8181818181818182,0.6840384356390418
10826,11,0,11,0.0,1.0,0.0
10827,11,4,7,0.36363636363636365,0.6363636363636364,0.9456603046006401
10828,11,2,9,0.18181818181818182,0.8181818181818182,0.6840384356390418
10829,11,0,11,0.0,1.0,0.0
10830,11,1,10,0.09090909090909091,0.9090909090909091,0.4394969869215134
10831,11,2,9,0.18181818181818182,0.8181818181818182,0.6840384356390418
10832,11,3,8,0.2727272727272727,0.7272727272727273,0.8453509366224364
10833,11,2,9,0.18181818181818182,0.8181818181818182,0.6840384356390418
10834,11,0,11,0.0,1.0,0.0
10835,11,2,9,0.18181818181818182,0.8181818181818182,0.6840384356390418
10836,11,1,10,0.09090909090909091,0.9090909090909091,0.4394969869215134
10837,11,1,10,0.09090909090909091,0.9090909090909091,0.4394969869215134
10838,11,0,11,0.0,1.0,0.0
10839,11,1,10,0.09090909090909091,0.9090909090909091,0.4394969869215134
10840,11,1,10,0.09090909090909091,0.9090909090909091,0.4394969869215134
10841,11,1,10,0.09090909090909091,0.9090909090909091,0.4394969869215134
10842,11,1,10,0.09090909090909091,0.9090909090909091,0.4394969869215134
10843,11,2,9,0.18181818181818182,0.8181818181818182,0.6840384356390418
10844,11,1,10,0.09090909090909091,0.9090909090909091,0.4394969869215134
10845,11,1,10,0.09090909090909091,0.9090909090909091,0.4394969869215134
10846,11,0,11,0.0,1.0,0.0
10847,11,2,9,0.18181818181818182,0.8181818181818182,0.6840384356390418
10848,11,3,8,0.2727272727272727,0.7272727272727273,0.8453509366224364
10849,11,0,11,0.0,1.0,0.0
10850,11,3,8,0.2727272727272727,0.7272727272727273,0.8453509366224364
10851,11,0,11,0.0,1.0,0.0
10852,11,0,11,0.0,1.0,0.0
10853,11,2,9,0.18181818181818182,0.8181818181818182,0.6840384356390418
10854,11,3,8,0.2727272727272727,0.7272727272727273,0.8453509366224364
10855,11,3,8,0.2727272727272727,0.7272727272727273,0.8453509366224364
10856,11,2,9,0.18181818181818182,0.8181818181818182,0.6840384356390418
10857,11,2,9,0.18181818181818182,0.8181818181818182,0.6840384356390418
10858,11,2,9,0.18181818181818182,0.8181818181818182,0.6840384356390418
10859,11,2,9,0.18181818181818182,0.8181818181818182,0.6840384356390418
10860,11,1,10,0.09090909090909091,0.9090909090909091,0.4394969869215134
10861,11,3,8,0.2727272727272727,0.7272727272727273,0.8453509366224364
10862,11,0,11,0.0,1.0,0.0
10863,11,3,8,0.2727272727272727,0.7272727272727273,0.8453509366224364
10864,11,2,9,0.18181818181818182,0.8181818181818182,0.6840384356390418
10865,11,3,8,0.2727272727272727,0.7272727272727273,0.8453509366224364
10866,11,5,6,0.45454545454545453,0.5454545454545454,0.9940302114769565
10867,11,0,11,0.0,1.0,0.0
10868,11,0,11,0.0,1.0,0.0
10869,11,1,10,0.09090909090909091,0.9090909090909091,0.4394969869215134
10870,11,1,10,0.09090909090909091,0.9090909090909091,0.4394969869215134
10871,11,1,10,0.09090909090909091,0.9090909090909091,0.4394969869215134
10872,11,1,10,0.09090909090909091,0.9090909090909091,0.4394969869215134
10873,11,3,8,0.2727272727272727,0.7272727272727273,0.8453509366224364
10874,11,1,10,0.09090909090909091,0.9090909090909091,0.4394969869215134
10875,11,2,9,0.18181818181818182,0.8181818181818182,0.6840384356390418
10876,11,1,10,0.09090909090909091,0.9090909090909091,0.4394969869215134
10877,11,6,5,0.5454545454545454,0.45454545454545453,0.9940302114769565
10878,11,1,10,0.09090909090909091,0.9090909090909091,0.4394969869215134
10879,11,0,11,0.0,1.0,0.0
10880,11,1,10,0.09090909090909091,0.9090909090909091,0.4394969869215134
10881,11,2,9,0.18181818181818182,0.8181818181818182,0.6840384356390418
10882,11,0,11,0.0,1.0,0.0
10883,11,1,10,0.09090909090909091,0.9090909090909091,0.4394969869215134
10884,11,5,6,0.45454545454545453,0.5454545454545454,0.9940302114769565
10885,11,2,9,0.18181818181818182,0.8181818181818182,0.6840384356390418
10886,11,3,8,0.2727272727272727,0.7272727272727273,0.8453509366224364
10887,11,2,9,0.18181818181818182,0.8181818181818182,0.6840384356390418
10888,11,4,7,0.36363636363636365,0.6363636363636364,0.9456603046006401
10889,11,0,11,0.0,1.0,0.0
10890,11,1,10,0.09090909090909091,0.9090909090909091,0.4394969869215134
10891,11,3,8,0.2727272727272727,0.7272727272727273,0.8453509366224364
10892,11,0,11,0.0,1.0,0.0
10893,11,4,7,0.36363636363636365,0.6363636363636364,0.9456603046006401
10894,11,2,9,0.18181818181818182,0.8181818181818182,0.6840384356390418
10895,11,4,7,0.36363636363636365,0.6363636363636364,0.9456603046006401
10896,11,3,8,0.2727272727272727,0.7272727272727273,0.8453509366224364
10897,11,2,9,0.18181818181818182,0.8181818181818182,0.6840384356390418
10898,11,2,9,0.18181818181818182,0.8181818181818182,0.6840384356390418
10899,11,3,8,0.2727272727272727,0.7272727272727273,0.8453509366224364
10900,11,1,10,0.09090909090909091,0.9090909090909091,0.4394969869215134
10901,11,0,11,0.0,1.0,0.0
10902,11,0,11,0.0,1.0,0.0
10903,11,1,10,0.09090909090909091,0.9090909090909091,0.4394969869215134
10904,11,2,9,0.18181818181818182,0.8181818181818182,0.6840384356390418
10905,11,1,10,0.09090909090909091,0.9090909090909091,0.4394969869215134
10906,11,1,10,0.09090909090909091,0.9090909090909091,0.4394969869215134
10907,11,3,8,0.2727272727272727,0.7272727272727273,0.8453509366224364
10908,11,5,6,0.45454545454545453,0.5454545454545454,0.9940302114769565
10909,11,3,8,0.2727272727272727,0.7272727272727273,0.8453509366224364
10910,11,1,10,0.09090909090909091,0.9090909090909091,0.4394969869215134
10911,11,1,10,0.09090909090909091,0.9090909090909091,0.4394969869215134
10912,11,1,10,0.09090909090909091,0.9090909090909091,0.4394969869215134
10913,11,4,7,0.36363636363636365,0.6363636363636364,0.9456603046006401
10914,11,2,9,0.18181818181818182,0.8181818181818182,0.6840384356390418
10915,11,2,9,0.18181818181818182,0.8181818181818182,0.6840384356390418
10916,11,1,10,0.09090909090909091,0.9090909090909091,0.4394969869215134
10917,11,1,10,0.09090909090909091,0.9090909090909091,0.4394969869215134
10918,11,0,11,0.0,1.0,0.0
10919,11,3,8,0.2727272727272727,0.7272727272727273,0.8453509366224364
10920,11,0,11,0.0,1.0,0.0
10921,11,0,11,0.0,1.0,0.0
10922,11,1,10,0.09090909090909091,0.9090909090909091,0.4394969869215134
10923,11,0,11,0.0,1.0,0.0
10924,11,0,11,0.0,1.0,0.0
10925,11,0,11,0.0,1.0,0.0
10926,11,2,9,0.18181818181818182,0.8181818181818182,0.6840384356390418
10927,11,1,10,0.09090909090909091,0.9090909090909091,0.4394969869215134
10928,11,3,8,0.2727272727272727,0.7272727272727273,0.8453509366224364
10929,11,2,9,0.18181818181818182,0.8181818181818182,0.6840384356390418
10930,11,1,10,0.09090909090909091,0.9090909090909091,0.4394969869215134
10931,11,0,11,0.0,1.0,0.0
10932,11,0,11,0.0,1.0,0.0
10933,11,1,10,0.09090909090909091,0.9090909090909091,0.4394969869215134
10934,11,0,11,0.0,1.0,0.0
10935,11,0,11,0.0,1.0,0.0
10936,11,1,10,0.09090909090909091,0.9090909090909091,0.4394969869215134
10937,11,1,10,0.09090909090909091,0.9090909090909091,0.4394969869215134
10938,11,0,11,0.0,1.0,0.0
10939,11,1,10,0.09090909090909091,0.9090909090909091,0.4394969869215134
10940,11,1,10,0.09090909090909091,0.9090909090909091,0.4394969869215134
10941,11,0,11,0.0,1.0,0.0
10942,11,1,10,0.09090909090909091,0.9090909090909091,0.4394969869215134
10943,11,1,10,0.09090909090909091,0.9090909090909091,0.4394969869215134
10944,11,0,11,0.0,1.0,0.0
10945,11,1,10,0.09090909090909091,0.9090909090909091,0.4394969869215134
10946,11,0,11,0.0,1.0,0.0
10947,11,1,10,0.09090909090909091,0.9090909090909091,0.4394969869215134
10948,11,2,9,0.18181818181818182,0.8181818181818182,0.6840384356390418
10949,11,0,11,0.0,1.0,0.0
10950,11,2,9,0.18181818181818182,0.8181818181818182,0.6840384356390418
10951,11,1,10,0.09090909090909091,0.9090909090909091,0.4394969869215134
10952,11,1,10,0.09090909090909091,0.9090909090909091,0.4394969869215134
10953,11,1,10,0.09090909090909091,0.9090909090909091,0.4394969869215134
10954,11,3,8,0.2727272727272727,0.7272727272727273,0.8453509366224364
10955,11,0,11,0.0,1.0,0.0
10956,11,1,10,0.09090909090909091,0.9090909090909091,0.4394969869215134
10957,11,1,10,0.09090909090909091,0.9090909090909091,0.4394969869215134
10958,11,0,11,0.0,1.0,0.0
10959,11,0,11,0.0,1.0,0.0
10960,11,1,10,0.09090909090909091,0.9090909090909091,0.4394969869215134
10961,11,1,10,0.09090909090909091,0.9090909090909091,0.4394969869215134
10962,11,1,10,0.09090909090909091,0.9090909090909091,0.4394969869215134
10963,11,2,9,0.18181818181818182,0.8181818181818182,0.6840384356390418
10964,11,3,8,0.2727272727272727,0.7272727272727273,0.8453509366224364
10965,11,2,9,0.18181818181818182,0.8181818181818182,0.6840384356390418
10966,11,1,10,0.09090909090909091,0.9090909090909091,0.4394969869215134
10967,11,0,11,0.0,1.0,0.0
10968,11,3,8,0.2727272727272727,0.7272727272727273,0.8453509366224364
10969,11,1,10,0.09090909090909091,0.9090909090909091,0.4394969869215134
10970,11,1,10,0.09090909090909091,0.9090909090909091,0.4394969869215134
10971,11,1,10,0.09090909090909091,0.9090909090909091,0.4394969869215134
10972,11,2,9,0.18181818181818182,0.8181818181818182,0.6840384356390418
10973,11,1,10,0.09090909090909091,0.9090909090909091,0.4394969869215134
10974,11,0,11,0.0,1.0,0.0
10975,11,1,10,0.09090909090909091,0.9090909090909091,0.4394969869215134
10976,11,1,10,0.09090909090909091,0.9090909090909091,0.4394969869215134
10977,11,2,9,0.18181818181818182,0.8181818181818182,0.6840384356390418
10978,11,3,8,0.2727272727272727,0.7272727272727273,0.8453509366224364
10979,11,1,10,0.09090909090909091,0.9090909090909091,0.4394969869215134
10980,11,0,11,0.0,1.0,0.0
10981,11,1,10,0.09090909090909091,0.9090909090909091,0.4394969869215134
10982,11,1,10,0.09090909090909091,0.9090909090909091,0.4394969869215134
10983,11,1,10,0.09090909090909091,0.9090909090909091,0.4394969869215134
10984,11,2,9,0.18181818181818182,0.8181818181818182,0.6840384356390418
10985,11,3,8,0.2727272727272727,0.7272727272727273,0.8453509366224364
10986,11,3,8,0.2727272727272727,0.7272727272727273,0.8453509366224364
10987,11,2,9,0.18181818181818182,0.8181818181818182,0.6840384356390418
10988,11,0,11,0.0,1.0,0.0
10989,11,0,11,0.0,1.0,0.0
10990,11,2,9,0.18181818181818182,0.8181818181818182,0.6840384356390418
10991,11,3,8,0.2727272727272727,0.7272727272727273,0.8453509366224364
10992,11,3,8,0.2727272727272727,0.7272727272727273,0.8453509366224364
10993,11,3,8,0.2727272727272727,0.7272727272727273,0.8453509366224364
10994,11,2,9,0.18181818181818182,0.8181818181818182,0.6840384356390418
10995,11,1,10,0.09090909090909091,0.9090909090909091,0.4394969869215134
10996,11,2,9,0.18181818181818182,0.8181818181818182,0.6840384356390418
10997,11,1,10,0.09090909090909091,0.9090909090909091,0.4394969869215134
10998,11,1,10,0.09090909090909091,0.9090909090909091,0.4394969869215134
10999,11,2,9,0.18181818181818182,0.8181818181818182,0.6840384356390418
11000,11,2,9,0.18181818181818182,0.8181818181818182,0.6840384356390418
11001,11,1,10,0.09090909090909091,0.9090909090909091,0.4394969869215134
11002,11,1,10,0.09090909090909091,0.9090909090909091,0.4394969869215134
11003,11,1,10,0.09090909090909091,0.9090909090909091,0.4394969869215134
11004,11,2,9,0.18181818181818182,0.8181818181818182,0.6840384356390418
11005,11,3,8,0.2727272727272727,0.7272727272727273,0.8453509366224364
11006,11,4,7,0.36363636363636365,0.6363636363636364,0.9456603046006401
11007,11,0,11,0.0,1.0,0.0
11008,11,0,11,0.0,1.0,0.0
11009,11,1,10,0.09090909090909091,0.9090909090909091,0.4394969869215134
11010,11,2,9,0.18181818181818182,0.8181818181818182,0.6840384356390418
11011,11,1,10,0.09090909090909091,0.9090909090909091,0.4394969869215134
11012,11,2,9,0.18181818181818182,0.8181818181818182,0.6840384356390418
11013,11,1,10,0.09090909090909091,0.9090909090909091,0.4394969869215134
11014,11,3,8,0.2727272727272727,0.7272727272727273,0.8453509366224364
11015,11,2,9,0.18181818181818182,0.8181818181818182,0.6840384356390418
11016,11,1,10,0.09090909090909091,0.9090909090909091,0.4394969869215134
11017,11,2,9,0.18181818181818182,0.8181818181818182,0.6840384356390418
11018,11,1,10,0.09090909090909091,0.9090909090909091,0.4394969869215134
11019,11,2,9,0.18181818181818182,0.8181818181818182,0.6840384356390418
11020,11,2,9,0.18181818181818182,0.8181818181818182,0.6840384356390418
11021,11,0,11,0.0,1.0,0.0
11022,11,1,10,0.09090909090909091,0.9090909090909091,0.4394969869215134
11023,11,3,8,0.2727272727272727,0.7272727272727273,0.8453509366224364
11024,11,1,10,0.09090909090909091,0.9090909090909091,0.4394969869215134
11025,11,2,9,0.18181818181818182,0.8181818181818182,0.6840384356390418
11026,11,1,10,0.09090909090909091,0.9090909090909091,0.4394969869215134
11027,11,3,8,0.2727272727272727,0.7272727272727273,0.8453509366224364
11028,11,1,10,0.09090909090909091,0.9090909090909091,0.4394969869215134
11029,11,2,9,0.18181818181818182,0.8181818181818182,0.6840384356390418
11030,11,1,10,0.09090909090909091,0.9090909090909091,0.4394969869215134
11031,11,2,9,0.18181818181818182,0.8181818181818182,0.6840384356390418
11032,11,1,10,0.09090909090909091,0.9090909090909091,0.4394969869215134
11033,11,2,9,0.18181818181818182,0.8181818181818182,0.6840384356390418
11034,11,0,11,0.0,1.0,0.0
11035,11,2,9,0.18181818181818182,0.8181818181818182,0.6840384356390418
11036,11,1,10,0.09090909090909091,0.9090909090909091,0.4394969869215134
11037,11,3,8,0.2727272727272727,0.7272727272727273,0.8453509366224364
11038,11,0,11,0.0,1.0,0.0
11039,11,1,10,0.09090909090909091,0.9090909090909091,0.4394969869215134
11040,11,2,9,0.18181818181818182,0.8181818181818182,0.6840384356390418
11041,11,1,10,0.09090909090909091,0.9090909090909091,0.4394969869215134
11042,11,2,9,0.18181818181818182,0.8181818181818182,0.6840384356390418
11043,11,2,9,0.18181818181818182,0.8181818181818182,0.6840384356390418
11044,11,2,9,0.18181818181818182,0.8181818181818182,0.6840384356390418
11045,11,0,11,0.0,1.0,0.0
11046,11,2,9,0.18181818181818182,0.8181818181818182,0.6840384356390418
11047,11,1,10,0.09090909090909091,0.9090909090909091,0.4394969869215134
11048,11,2,9,0.18181818181818182,0.8181818181818182,0.6840384356390418
11049,11,1,10,0.09090909090909091,0.9090909090909091,0.4394969869215134
11050,11,1,10,0.09090909090909091,0.9090909090909091,0.4394969869215134
11051,11,1,10,0.09090909090909091,0.9090909090909091,0.4394969869215134
11052,11,3,8,0.2727272727272727,0.7272727272727273,0.8453509366224364
11053,11,0,11,0.0,1.0,0.0
11054,11,2,9,0.18181818181818182,0.8181818181818182,0.6840384356390418
11055,11,0,11,0.0,1.0,0.0
11056,11,1,10,0.09090909090909091,0.9090909090909091,0.4394969869215134
11057,11,0,11,0.0,1.0,0.0
11058,11,1,10,0.09090909090909091,0.9090909090909091,0.4394969869215134
11059,11,1,10,0.09090909090909091,0.9090909090909091,0.4394969869215134
11060,11,1,10,0.09090909090909091,0.9090909090909091,0.4394969869215134
11061,11,0,11,0.0,1.0,0.0
11062,11,1,10,0.09090909090909091,0.9090909090909091,0.4394969869215134
11063,11,0,11,0.0,1.0,0.0
11064,11,3,8,0.2727272727272727,0.7272727272727273,0.8453509366224364
11065,11,2,9,0.18181818181818182,0.8181818181818182,0.6840384356390418
11066,11,2,9,0.18181818181818182,0.8181818181818182,0.6840384356390418
11067,11,5,6,0.45454545454545453,0.5454545454545454,0.9940302114769565
11068,11,2,9,0.18181818181818182,0.8181818181818182,0.6840384356390418
11069,11,1,10,0.09090909090909091,0.9090909090909091,0.4394969869215134
11070,11,1,10,0.09090909090909091,0.9090909090909091,0.4394969869215134
11071,11,2,9,0.18181818181818182,0.8181818181818182,0.6840384356390418
11072,11,2,9,0.18181818181818182,0.8181818181818182,0.6840384356390418
11073,11,2,9,0.18181818181818182,0.8181818181818182,0.6840384356390418
11074,11,1,10,0.09090909090909091,0.9090909090909091,0.4394969869215134
11075,11,3,8,0.2727272727272727,0.7272727272727273,0.8453509366224364
11076,11,0,11,0.0,1.0,0.0
11077,11,2,9,0.18181818181818182,0.8181818181818182,0.6840384356390418
11078,11,0,11,0.0,1.0,0.0
11079,11,1,10,0.09090909090909091,0.9090909090909091,0.4394969869215134
11080,11,0,11,0.0,1.0,0.0
11081,11,2,9,0.18181818181818182,0.8181818181818182,0.6840384356390418
11082,11,5,6,0.45454545454545453,0.5454545454545454,0.9940302114769565
11083,11,0,11,0.0,1.0,0.0
11084,11,4,7,0.36363636363636365,0.6363636363636364,0.9456603046006401
11085,11,1,10,0.09090909090909091,0.9090909090909091,0.4394969869215134
11086,11,2,9,0.18181818181818182,0.8181818181818182,0.6840384356390418
11087,11,4,7,0.36363636363636365,0.6363636363636364,0.9456603046006401
11088,11,1,10,0.09090909090909091,0.9090909090909091,0.4394969869215134
11089,11,2,9,0.18181818181818182,0.8181818181818182,0.6840384356390418
11090,11,3,8,0.2727272727272727,0.7272727272727273,0.8453509366224364
11091,11,0,11,0.0,1.0,0.0
11092,11,1,10,0.09090909090909091,0.9090909090909091,0.4394969869215134
11093,11,0,11,0.0,1.0,0.0
11094,11,1,10,0.09090909090909091,0.9090909090909091,0.4394969869215134
11095,11,2,9,0.18181818181818182,0.8181818181818182,0.6840384356390418
11096,11,2,9,0.18181818181818182,0.8181818181818182,0.6840384356390418
11097,11,1,10,0.09090909090909091,0.9090909090909091,0.4394969869215134
11098,11,1,10,0.09090909090909091,0.9090909090909091,0.4394969869215134
11099,11,0,11,0.0,1.0,0.0
11100,11,1,10,0.09090909090909091,0.9090909090909091,0.4394969869215134
11101,11,1,10,0.09090909090909091,0.9090909090909091,0.4394969869215134
11102,11,3,8,0.2727272727272727,0.7272727272727273,0.8453509366224364
11103,11,4,7,0.36363636363636365,0.6363636363636364,0.9456603046006401
11104,11,1,10,0.09090909090909091,0.9090909090909091,0.4394969869215134
11105,11,1,10,0.09090909090909091,0.9090909090909091,0.4394969869215134
11106,11,2,9,0.18181818181818182,0.8181818181818182,0.6840384356390418
11107,11,1,10,0.09090909090909091,0.9090909090909091,0.4394969869215134
11108,11,2,9,0.18181818181818182,0.8181818181818182,0.6840384356390418
11109,11,2,9,0.18181818181818182,0.8181818181818182,0.6840384356390418
11110,11,2,9,0.18181818181818182,0.8181818181818182,0.6840384356390418
11111,11,2,9,0.18181818181818182,0.8181818181818182,0.6840384356390418
11112,11,1,10,0.09090909090909091,0.9090909090909091,0.4394969869215134
11113,11,4,7,0.36363636363636365,0.6363636363636364,0.9456603046006401
11114,11,2,9,0.18181818181818182,0.8181818181818182,0.6840384356390418
11115,11,1,10,0.09090909090909091,0.9090909090909091,0.4394969869215134
11116,11,0,11,0.0,1.0,0.0
11117,11,1,10,0.09090909090909091,0.9090909090909091,0.4394969869215134
11118,11,1,10,0.09090909090909091,0.9090909090909091,0.4394969869215134
11119,11,0,11,0.0,1.0,0.0
11120,11,0,11,0.0,1.0,0.0
11121,11,0,11,0.0,1.0,0.0
11122,11,3,8,0.2727272727272727,0.7272727272727273,0.8453509366224364
11123,11,3,8,0.2727272727272727,0.7272727272727273,0.8453509366224364
11124,11,2,9,0.18181818181818182,0.8181818181818182,0.6840384356390418
11125,11,2,9,0.18181818181818182,0.8181818181818182,0.6840384356390418
11126,11,1,10,0.09090909090909091,0.9090909090909091,0.4394969869215134
11127,11,1,10,0.09090909090909091,0.9090909090909091,0.4394969869215134
11128,11,1,10,0.09090909090909091,0.9090909090909091,0.4394969869215134
11129,11,3,8,0.2727272727272727,0.7272727272727273,0.8453509366224364
11130,11,1,10,0.09090909090909091,0.9090909090909091,0.4394969869215134
11131,11,2,9,0.18181818181818182,0.8181818181818182,0.6840384356390418
11132,11,1,10,0.09090909090909091,0.9090909090909091,0.4394969869215134
11133,11,1,10,0.09090909090909091,0.9090909090909091,0.4394969869215134
11134,11,3,8,0.2727272727272727,0.7272727272727273,0.8453509366224364
11135,11,2,9,0.18181818181818182,0.8181818181818182,0.6840384356390418
11136,11,3,8,0.2727272727272727,0.7272727272727273,0.8453509366224364
11137,11,1,10,0.09090909090909091,0.9090909090909091,0.4394969869215134
11138,11,3,8,0.2727272727272727,0.7272727272727273,0.8453509366224364
11139,11,1,10,0.09090909090909091,0.9090909090909091,0.4394969869215134
11140,11,1,10,0.09090909090909091,0.9090909090909091,0.4394969869215134
11141,11,2,9,0.18181818181818182,0.8181818181818182,0.6840384356390418
11142,11,4,7,0.36363636363636365,0.6363636363636364,0.9456603046006401
11143,11,1,10,0.09090909090909091,0.9090909090909091,0.4394969869215134
11144,11,2,9,0.18181818181818182,0.8181818181818182,0.6840384356390418
11145,11,1,10,0.09090909090909091,0.9090909090909091,0.4394969869215134
11146,11,0,11,0.0,1.0,0.0
11147,11,1,10,0.09090909090909091,0.9090909090909091,0.4394969869215134
11148,11,1,10,0.09090909090909091,0.9090909090909091,0.4394969869215134
11149,11,2,9,0.18181818181818182,0.8181818181818182,0.6840384356390418
11150,11,0,11,0.0,1.0,0.0
11151,11,0,11,0.0,1.0,0.0
11152,11,1,10,0.09090909090909091,0.9090909090909091,0.4394969869215134
11153,11,1,10,0.09090909090909091,0.9090909090909091,0.4394969869215134
11154,11,1,10,0.09090909090909091,0.9090909090909091,0.4394969869215134
11155,11,4,7,0.36363636363636365,0.6363636363636364,0.9456603046006401
11156,11,0,11,0.0,1.0,0.0
11157,11,2,9,0.18181818181818182,0.8181818181818182,0.6840384356390418
11158,11,2,9,0.18181818181818182,0.8181818181818182,0.6840384356390418
11159,11,3,8,0.2727272727272727,0.7272727272727273,0.8453509366224364
11160,11,1,10,0.09090909090909091,0.9090909090909091,0.4394969869215134
11161,11,2,9,0.18181818181818182,0.8181818181818182,0.6840384356390418
11162,11,0,11,0.0,1.0,0.0
11163,11,3,8,0.2727272727272727,0.7272727272727273,0.8453509366224364
11164,11,3,8,0.2727272727272727,0.7272727272727273,0.8453509366224364
11165,11,1,10,0.09090909090909091,0.9090909090909091,0.4394969869215134
11166,11,1,10,0.09090909090909091,0.9090909090909091,0.4394969869215134
11167,11,0,11,0.0,1.0,0.0
11168,11,3,8,0.2727272727272727,0.7272727272727273,0.8453509366224364
11169,11,3,8,0.2727272727272727,0.7272727272727273,0.8453509366224364
11170,11,0,11,0.0,1.0,0.0
11171,11,1,10,0.09090909090909091,0.9090909090909091,0.4394969869215134
11172,11,1,10,0.09090909090909091,0.9090909090909091,0.4394969869215134
11173,11,2,9,0.18181818181818182,0.8181818181818182,0.6840384356390418
11174,11,2,9,0.18181818181818182,0.8181818181818182,0.6840384356390418
11175,11,1,10,0.09090909090909091,0.9090909090909091,0.4394969869215134
11176,11,3,8,0.2727272727272727,0.7272727272727273,0.8453509366224364
11177,11,0,11,0.0,1.0,0.0
11178,11,0,11,0.0,1.0,0.0
11179,11,0,11,0.0,1.0,0.0
11180,11,2,9,0.18181818181818182,0.8181818181818182,0.6840384356390418
11181,11,1,10,0.09090909090909091,0.9090909090909091,0.4394969869215134
11182,11,2,9,0.18181818181818182,0.8181818181818182,0.6840384356390418
11183,11,0,11,0.0,1.0,0.0
11184,11,1,10,0.09090909090909091,0.9090909090909091,0.4394969869215134
11185,11,0,11,0.0,1.0,0.0
11186,11,0,11,0.0,1.0,0.0
11187,11,1,10,0.09090909090909091,0.9090909090909091,0.4394969869215134
11188,11,2,9,0.18181818181818182,0.8181818181818182,0.6840384356390418
11189,11,1,10,0.09090909090909091,0.9090909090909091,0.4394969869215134
11190,11,2,9,0.18181818181818182,0.8181818181818182,0.6840384356390418
11191,11,1,10,0.09090909090909091,0.9090909090909091,0.4394969869215134
11192,11,3,8,0.2727272727272727,0.7272727272727273,0.8453509366224364
11193,11,1,10,0.09090909090909091,0.9090909090909091,0.4394969869215134
11194,11,1,10,0.09090909090909091,0.9090909090909091,0.4394969869215134
11195,11,1,10,0.09090909090909091,0.9090909090909091,0.4394969869215134
11196,11,2,9,0.18181818181818182,0.8181818181818182,0.6840384356390418
11197,11,0,11,0.0,1.0,0.0
11198,11,2,9,0.18181818181818182,0.8181818181818182,0.6840384356390418
11199,11,0,11,0.0,1.0,0.0
11200,11,1,10,0.09090909090909091,0.9090909090909091,0.4394969869215134
11201,11,2,9,0.18181818181818182,0.8181818181818182,0.6840384356390418
11202,11,0,11,0.0,1.0,0.0
11203,11,2,9,0.18181818181818182,0.8181818181818182,0.6840384356390418
11204,11,1,10,0.09090909090909091,0.9090909090909091,0.4394969869215134
11205,11,0,11,0.0,1.0,0.0
11206,11,1,10,0.09090909090909091,0.9090909090909091,0.4394969869215134
11207,11,2,9,0.18181818181818182,0.8181818181818182,0.6840384356390418
11208,11,0,11,0.0,1.0,0.0
11209,11,3,8,0.2727272727272727,0.7272727272727273,0.8453509366224364
11210,11,1,10,0.09090909090909091,0.9090909090909091,0.4394969869215134
11211,11,4,7,0.36363636363636365,0.6363636363636364,0.9456603046006401
11212,11,1,10,0.09090909090909091,0.9090909090909091,0.4394969869215134
11213,11,2,9,0.18181818181818182,0.8181818181818182,0.6840384356390418
11214,11,2,9,0.18181818181818182,0.8181818181818182,0.6840384356390418
11215,11,2,9,0.18181818181818182,0.8181818181818182,0.6840384356390418
11216,11,1,10,0.09090909090909091,0.9090909090909091,0.4394969869215134
11217,11,2,9,0.18181818181818182,0.8181818181818182,0.6840384356390418
11218,11,2,9,0.18181818181818182,0.8181818181818182,0.6840384356390418
11219,11,2,9,0.18181818181818182,0.8181818181818182,0.6840384356390418
11220,11,1,10,0.09090909090909091,0.9090909090909091,0.4394969869215134
11221,11,1,10,0.09090909090909091,0.9090909090909091,0.4394969869215134
11222,11,1,10,0.09090909090909091,0.9090909090909091,0.4394969869215134
11223,11,1,10,0.09090909090909091,0.9090909090909091,0.4394969869215134
11224,11,0,11,0.0,1.0,0.0
11225,11,1,10,0.09090909090909091,0.9090909090909091,0.4394969869215134
11226,11,1,10,0.09090909090909091,0.9090909090909091,0.4394969869215134
11227,11,2,9,0.18181818181818182,0.8181818181818182,0.6840384356390418
11228,11,1,10,0.09090909090909091,0.9090909090909091,0.4394969869215134
11229,11,2,9,0.18181818181818182,0.8181818181818182,0.6840384356390418
11230,11,2,9,0.18181818181818182,0.8181818181818182,0.6840384356390418
11231,11,1,10,0.09090909090909091,0.9090909090909091,0.4394969869215134
11232,11,0,11,0.0,1.0,0.0
11233,11,2,9,0.18181818181818182,0.8181818181818182,0.6840384356390418
11234,11,0,11,0.0,1.0,0.0
11235,11,0,11,0.0,1.0,0.0
11236,11,2,9,0.18181818181818182,0.8181818181818182,0.6840384356390418
11237,11,2,9,0.18181818181818182,0.8181818181818182,0.6840384356390418
11238,11,2,9,0.18181818181818182,0.8181818181818182,0.6840384356390418
11239,11,0,11,0.0,1.0,0.0
11240,11,1,10,0.09090909090909091,0.9090909090909091,0.4394969869215134
11241,11,2,9,0.18181818181818182,0.8181818181818182,0.6840384356390418
11242,11,2,9,0.18181818181818182,0.8181818181818182,0.6840384356390418
11243,11,2,9,0.18181818181818182,0.8181818181818182,0.6840384356390418
11244,11,0,11,0.0,1.0,0.0
11245,11,0,11,0.0,1.0,0.0
11246,11,1,10,0.09090909090909091,0.9090909090909091,0.4394969869215134
11247,11,5,6,0.45454545454545453,0.5454545454545454,0.9940302114769565
11248,11,0,11,0.0,1.0,0.0
11249,11,1,10,0.09090909090909091,0.9090909090909091,0.4394969869215134
11250,11,1,10,0.09090909090909091,0.9090909090909091,0.4394969869215134
11251,11,2,9,0.18181818181818182,0.8181818181818182,0.6840384356390418
11252,11,4,7,0.36363636363636365,0.6363636363636364,0.9456603046006401
11253,11,2,9,0.18181818181818182,0.8181818181818182,0.6840384356390418
11254,11,0,11,0.0,1.0,0.0
11255,11,0,11,0.0,1.0,0.0
11256,11,1,10,0.09090909090909091,0.9090909090909091,0.4394969869215134
11257,11,2,9,0.18181818181818182,0.8181818181818182,0.6840384356390418
11258,11,0,11,0.0,1.0,0.0
11259,11,1,10,0.09090909090909091,0.9090909090909091,0.4394969869215134
11260,11,1,10,0.09090909090909091,0.9090909090909091,0.4394969869215134
11261,11,0,11,0.0,1.0,0.0
11262,11,0,11,0.0,1.0,0.0
11263,11,2,9,0.18181818181818182,0.8181818181818182,0.6840384356390418
11264,11,0,11,0.0,1.0,0.0
11265,11,2,9,0.18181818181818182,0.8181818181818182,0.6840384356390418
11266,11,0,11,0.0,1.0,0.0
11267,11,0,11,0.0,1.0,0.0
11268,11,3,8,0.2727272727272727,0.7272727272727273,0.8453509366224364
11269,11,0,11,0.0,1.0,0.0
11270,11,2,9,0.18181818181818182,0.8181818181818182,0.6840384356390418
11271,11,1,10,0.09090909090909091,0.9090909090909091,0.4394969869215134
11272,11,3,8,0.2727272727272727,0.7272727272727273,0.8453509366224364
11273,11,0,11,0.0,1.0,0.0
11274,11,2,9,0.18181818181818182,0.8181818181818182,0.6840384356390418
11275,11,1,10,0.09090909090909091,0.9090909090909091,0.4394969869215134
11276,11,0,11,0.0,1.0,0.0
11277,11,1,10,0.09090909090909091,0.9090909090909091,0.4394969869215134
11278,11,1,10,0.09090909090909091,0.9090909090909091,0.4394969869215134
11279,11,2,9,0.18181818181818182,0.8181818181818182,0.6840384356390418
11280,11,0,11,0.0,1.0,0.0
11281,11,3,8,0.2727272727272727,0.7272727272727273,0.8453509366224364
11282,11,1,10,0.09090909090909091,0.9090909090909091,0.4394969869215134
11283,11,1,10,0.09090909090909091,0.9090909090909091,0.4394969869215134
11284,11,0,11,0.0,1.0,0.0
11285,11,3,8,0.2727272727272727,0.7272727272727273,0.8453509366224364
11286,11,2,9,0.18181818181818182,0.8181818181818182,0.6840384356390418
11287,11,1,10,0.09090909090909091,0.9090909090909091,0.4394969869215134
11288,11,1,10,0.09090909090909091,0.9090909090909091,0.4394969869215134
11289,11,1,10,0.09090909090909091,0.9090909090909091,0.4394969869215134
11290,11,1,10,0.09090909090909091,0.9090909090909091,0.4394969869215134
11291,11,2,9,0.18181818181818182,0.8181818181818182,0.6840384356390418
11292,11,2,9,0.18181818181818182,0.8181818181818182,0.6840384356390418
11293,11,1,10,0.09090909090909091,0.9090909090909091,0.4394969869215134
11294,11,4,7,0.36363636363636365,0.6363636363636364,0.9456603046006401
11295,11,1,10,0.09090909090909091,0.9090909090909091,0.4394969869215134
11296,11,2,9,0.18181818181818182,0.8181818181818182,0.6840384356390418
11297,11,1,10,0.09090909090909091,0.9090909090909091,0.4394969869215134
11298,11,0,11,0.0,1.0,0.0
11299,11,2,9,0.18181818181818182,0.8181818181818182,0.6840384356390418
11300,11,0,11,0.0,1.0,0.0
11301,11,2,9,0.18181818181818182,0.8181818181818182,0.6840384356390418
11302,11,1,10,0.09090909090909091,0.9090909090909091,0.4394969869215134
11303,11,2,9,0.18181818181818182,0.8181818181818182,0.6840384356390418
11304,11,0,11,0.0,1.0,0.0
11305,11,2,9,0.18181818181818182,0.8181818181818182,0.6840384356390418
11306,11,1,10,0.09090909090909091,0.9090909090909091,0.4394969869215134
11307,11,1,10,0.09090909090909091,0.9090909090909091,0.4394969869215134
11308,11,2,9,0.18181818181818182,0.8181818181818182,0.6840384356390418
11309,11,1,10,0.09090909090909091,0.9090909090909091,0.4394969869215134
11310,11,2,9,0.18181818181818182,0.8181818181818182,0.6840384356390418
11311,11,0,11,0.0,1.0,0.0
11312,11,3,8,0.2727272727272727,0.7272727272727273,0.8453509366224364
11313,11,1,10,0.09090909090909091,0.9090909090909091,0.4394969869215134
11314,11,2,9,0.18181818181818182,0.8181818181818182,0.6840384356390418
11315,11,3,8,0.2727272727272727,0.7272727272727273,0.8453509366224364
11316,11,0,11,0.0,1.0,0.0
11317,11,2,9,0.18181818181818182,0.8181818181818182,0.6840384356390418
11318,11,1,10,0.09090909090909091,0.9090909090909091,0.4394969869215134
11319,11,1,10,0.09090909090909091,0.9090909090909091,0.4394969869215134
11320,11,1,10,0.09090909090909091,0.9090909090909091,0.4394969869215134
11321,11,0,11,0.0,1.0,0.0
11322,11,2,9,0.18181818181818182,0.8181818181818182,0.6840384356390418
11323,11,1,10,0.09090909090909091,0.9090909090909091,0.4394969869215134
11324,11,1,10,0.09090909090909091,0.9090909090909091,0.4394969869215134
11325,11,2,9,0.18181818181818182,0.8181818181818182,0.6840384356390418
11326,11,2,9,0.18181818181818182,0.8181818181818182,0.6840384356390418
11327,11,3,8,0.2727272727272727,0.7272727272727273,0.8453509366224364
11328,11,2,9,0.18181818181818182,0.8181818181818182,0.6840384356390418
11329,11,2,9,0.18181818181818182,0.8181818181818182,0.6840384356390418
11330,11,1,10,0.09090909090909091,0.9090909090909091,0.4394969869215134
11331,11,1,10,0.09090909090909091,0.9090909090909091,0.4394969869215134
11332,11,2,9,0.18181818181818182,0.8181818181818182,0.6840384356390418
11333,11,4,7,0.36363636363636365,0.6363636363636364,0.9456603046006401
11334,11,1,10,0.09090909090909091,0.9090909090909091,0.4394969869215134
11335,11,3,8,0.2727272727272727,0.7272727272727273,0.8453509366224364
11336,11,1,10,0.09090909090909091,0.9090909090909091,0.4394969869215134
11337,11,2,9,0.18181818181818182,0.8181818181818182,0.6840384356390418
11338,11,0,11,0.0,1.0,0.0
11339,11,1,10,0.09090909090909091,0.9090909090909091,0.4394969869215134
11340,11,3,8,0.2727272727272727,0.7272727272727273,0.8453509366224364
11341,11,1,10,0.09090909090909091,0.9090909090909091,0.4394969869215134
11342,11,2,9,0.18181818181818182,0.8181818181818182,0.6840384356390418
11343,11,0,11,0.0,1.0,0.0
11344,11,1,10,0.09090909090909091,0.9090909090909091,0.4394969869215134
11345,11,1,10,0.09090909090909091,0.9090909090909091,0.4394969869215134
11346,11,3,8,0.2727272727272727,0.7272727272727273,0.8453509366224364
11347,11,0,11,0.0,1.0,0.0
11348,11,0,11,0.0,1.0,0.0
11349,11,4,7,0.36363636363636365,0.6363636363636364,0.9456603046006401
11350,11,2,9,0.18181818181818182,0.8181818181818182,0.6840384356390418
11351,11,2,9,0.18181818181818182,0.8181818181818182,0.6840384356390418
11352,11,1,10,0.09090909090909091,0.9090909090909091,0.4394969869215134
11353,11,4,7,0.36363636363636365,0.6363636363636364,0.9456603046006401
11354,11,2,9,0.18181818181818182,0.8181818181818182,0.6840384356390418
11355,11,1,10,0.09090909090909091,0.9090909090909091,0.4394969869215134
11356,11,1,10,0.09090909090909091,0.9090909090909091,0.4394969869215134
11357,11,3,8,0.2727272727272727,0.7272727272727273,0.8453509366224364
11358,11,0,11,0.0,1.0,0.0
11359,11,0,11,0.0,1.0,0.0
11360,11,2,9,0.18181818181818182,0.8181818181818182,0.6840384356390418
11361,11,2,9,0.18181818181818182,0.8181818181818182,0.6840384356390418
11362,11,3,8,0.2727272727272727,0.7272727272727273,0.8453509366224364
11363,11,4,7,0.36363636363636365,0.6363636363636364,0.9456603046006401
11364,11,2,9,0.18181818181818182,0.8181818181818182,0.6840384356390418
11365,11,2,9,0.18181818181818182,0.8181818181818182,0.6840384356390418
11366,11,1,10,0.09090909090909091,0.9090909090909091,0.4394969869215134
11367,11,1,10,0.09090909090909091,0.9090909090909091,0.4394969869215134
11368,11,1,10,0.09090909090909091,0.9090909090909091,0.4394969869215134
11369,11,3,8,0.2727272727272727,0.7272727272727273,0.8453509366224364
11370,11,3,8,0.2727272727272727,0.7272727272727273,0.8453509366224364
11371,11,2,9,0.18181818181818182,0.8181818181818182,0.6840384356390418
11372,11,1,10,0.09090909090909091,0.9090909090909091,0.4394969869215134
11373,11,4,7,0.36363636363636365,0.6363636363636364,0.9456603046006401
11374,11,3,8,0.2727272727272727,0.7272727272727273,0.8453509366224364
11375,11,0,11,0.0,1.0,0.0
11376,11,3,8,0.2727272727272727,0.7272727272727273,0.8453509366224364
11377,11,2,9,0.18181818181818182,0.8181818181818182,0.6840384356390418
11378,11,0,11,0.0,1.0,0.0
11379,11,1,10,0.09090909090909091,0.9090909090909091,0.4394969869215134
11380,11,2,9,0.18181818181818182,0.8181818181818182,0.6840384356390418
11381,11,2,9,0.18181818181818182,0.8181818181818182,0.6840384356390418
11382,11,2,9,0.18181818181818182,0.8181818181818182,0.6840384356390418
11383,11,2,9,0.18181818181818182,0.8181818181818182,0.6840384356390418
11384,11,0,11,0.0,1.0,0.0
11385,11,1,10,0.09090909090909091,0.9090909090909091,0.4394969869215134
11386,11,2,9,0.18181818181818182,0.8181818181818182,0.6840384356390418
11387,11,1,10,0.09090909090909091,0.9090909090909091,0.4394969869215134
11388,11,2,9,0.18181818181818182,0.8181818181818182,0.6840384356390418
11389,11,3,8,0.2727272727272727,0.7272727272727273,0.8453509366224364
11390,11,3,8,0.2727272727272727,0.7272727272727273,0.8453509366224364
11391,11,3,8,0.2727272727272727,0.7272727272727273,0.8453509366224364
11392,11,2,9,0.18181818181818182,0.8181818181818182,0.6840384356390418
11393,11,0,11,0.0,1.0,0.0
11394,11,0,11,0.0,1.0,0.0
11395,11,0,11,0.0,1.0,0.0
11396,11,1,10,0.09090909090909091,0.9090909090909091,0.4394969869215134
11397,11,0,11,0.0,1.0,0.0
11398,11,3,8,0.2727272727272727,0.7272727272727273,0.8453509366224364
11399,11,2,9,0.18181818181818182,0.8181818181818182,0.6840384356390418
11400,11,1,10,0.09090909090909091,0.9090909090909091,0.4394969869215134
11401,11,0,11,0.0,1.0,0.0
11402,11,2,9,0.18181818181818182,0.8181818181818182,0.6840384356390418
11403,11,0,11,0.0,1.0,0.0
11404,11,1,10,0.09090909090909091,0.9090909090909091,0.4394969869215134
11405,11,3,8,0.2727272727272727,0.7272727272727273,0.8453509366224364
11406,11,2,9,0.18181818181818182,0.8181818181818182,0.6840384356390418
11407,11,1,10,0.09090909090909091,0.9090909090909091,0.4394969869215134
11408,11,2,9,0.18181818181818182,0.8181818181818182,0.6840384356390418
11409,11,2,9,0.18181818181818182,0.8181818181818182,0.6840384356390418
11410,11,1,10,0.09090909090909091,0.9090909090909091,0.4394969869215134
11411,11,1,10,0.09090909090909091,0.9090909090909091,0.4394969869215134
11412,11,1,10,0.09090909090909091,0.9090909090909091,0.4394969869215134
11413,11,0,11,0.0,1.0,0.0
11414,11,1,10,0.09090909090909091,0.9090909090909091,0.4394969869215134
11415,11,3,8,0.2727272727272727,0.7272727272727273,0.8453509366224364
11416,11,1,10,0.09090909090909091,0.9090909090909091,0.4394969869215134
11417,11,2,9,0.18181818181818182,0.8181818181818182,0.6840384356390418
11418,11,0,11,0.0,1.0,0.0
11419,11,1,10,0.09090909090909091,0.9090909090909091,0.4394969869215134
11420,11,1,10,0.09090909090909091,0.9090909090909091,0.4394969869215134
11421,11,1,10,0.09090909090909091,0.9090909090909091,0.4394969869215134
11422,11,2,9,0.18181818181818182,0.8181818181818182,0.6840384356390418
11423,11,4,7,0.36363636363636365,0.6363636363636364,0.9456603046006401
11424,11,2,9,0.18181818181818182,0.8181818181818182,0.6840384356390418
11425,11,2,9,0.18181818181818182,0.8181818181818182,0.6840384356390418
11426,11,2,9,0.18181818181818182,0.8181818181818182,0.6840384356390418
11427,11,4,7,0.36363636363636365,0.6363636363636364,0.9456603046006401
11428,11,3,8,0.2727272727272727,0.7272727272727273,0.8453509366224364
11429,11,0,11,0.0,1.0,0.0
11430,11,5,6,0.45454545454545453,0.5454545454545454,0.9940302114769565
11431,11,1,10,0.09090909090909091,0.9090909090909091,0.4394969869215134
11432,11,1,10,0.09090909090909091,0.9090909090909091,0.4394969869215134
11433,11,1,10,0.09090909090909091,0.9090909090909091,0.4394969869215134
11434,11,2,9,0.18181818181818182,0.8181818181818182,0.6840384356390418
11435,11,0,11,0.0,1.0,0.0
11436,11,1,10,0.09090909090909091,0.9090909090909091,0.4394969869215134
11437,11,1,10,0.09090909090909091,0.9090909090909091,0.4394969869215134
11438,11,2,9,0.18181818181818182,0.8181818181818182,0.6840384356390418
11439,11,2,9,0.18181818181818182,0.8181818181818182,0.6840384356390418
11440,11,1,10,0.09090909090909091,0.9090909090909091,0.4394969869215134
11441,11,0,11,0.0,1.0,0.0
11442,11,1,10,0.09090909090909091,0.9090909090909091,0.4394969869215134
11443,11,3,8,0.2727272727272727,0.7272727272727273,0.8453509366224364
11444,11,1,10,0.09090909090909091,0.9090909090909091,0.4394969869215134
11445,11,0,11,0.0,1.0,0.0
11446,11,1,10,0.09090909090909091,0.9090909090909091,0.4394969869215134
11447,11,3,8,0.2727272727272727,0.7272727272727273,0.8453509366224364
11448,11,3,8,0.2727272727272727,0.7272727272727273,0.8453509366224364
11449,11,0,11,0.0,1.0,0.0
11450,11,1,10,0.09090909090909091,0.9090909090909091,0.4394969869215134
11451,11,0,11,0.0,1.0,0.0
11452,11,0,11,0.0,1.0,0.0
11453,11,0,11,0.0,1.0,0.0
11454,11,1,10,0.09090909090909091,0.9090909090909091,0.4394969869215134
11455,11,3,8,0.2727272727272727,0.7272727272727273,0.8453509366224364
11456,11,3,8,0.2727272727272727,0.7272727272727273,0.8453509366224364
11457,11,4,7,0.36363636363636365,0.6363636363636364,0.9456603046006401
11458,11,2,9,0.18181818181818182,0.8181818181818182,0.6840384356390418
11459,11,0,11,0.0,1.0,0.0
11460,11,0,11,0.0,1.0,0.0
11461,11,2,9,0.18181818181818182,0.8181818181818182,0.6840384356390418
11462,11,2,9,0.18181818181818182,0.8181818181818182,0.6840384356390418
11463,11,2,9,0.18181818181818182,0.8181818181818182,0.6840384356390418
11464,11,1,10,0.09090909090909091,0.9090909090909091,0.4394969869215134
11465,11,1,10,0.09090909090909091,0.9090909090909091,0.4394969869215134
11466,11,0,11,0.0,1.0,0.0
11467,11,3,8,0.2727272727272727,0.7272727272727273,0.8453509366224364
11468,11,1,10,0.09090909090909091,0.9090909090909091,0.4394969869215134
11469,11,1,10,0.09090909090909091,0.9090909090909091,0.4394969869215134
11470,11,0,11,0.0,1.0,0.0
11471,11,3,8,0.2727272727272727,0.7272727272727273,0.8453509366224364
11472,11,3,8,0.2727272727272727,0.7272727272727273,0.8453509366224364
11473,11,0,11,0.0,1.0,0.0
11474,11,0,11,0.0,1.0,0.0
11475,11,1,10,0.09090909090909091,0.9090909090909091,0.4394969869215134
11476,11,2,9,0.18181818181818182,0.8181818181818182,0.6840384356390418
11477,11,2,9,0.18181818181818182,0.8181818181818182,0.6840384356390418
11478,11,4,7,0.36363636363636365,0.6363636363636364,0.9456603046006401
11479,11,2,9,0.18181818181818182,0.8181818181818182,0.6840384356390418
11480,11,1,10,0.09090909090909091,0.9090909090909091,0.4394969869215134
11481,11,3,8,0.2727272727272727,0.7272727272727273,0.8453509366224364
11482,11,2,9,0.18181818181818182,0.8181818181818182,0.6840384356390418
11483,11,1,10,0.09090909090909091,0.9090909090909091,0.4394969869215134
11484,11,0,11,0.0,1.0,0.0
11485,11,3,8,0.2727272727272727,0.7272727272727273,0.8453509366224364
11486,11,0,11,0.0,1.0,0.0
11487,11,2,9,0.18181818181818182,0.8181818181818182,0.6840384356390418
11488,11,3,8,0.2727272727272727,0.7272727272727273,0.8453509366224364
11489,11,4,7,0.36363636363636365,0.6363636363636364,0.9456603046006401
11490,11,2,9,0.18181818181818182,0.8181818181818182,0.6840384356390418
11491,11,1,10,0.09090909090909091,0.9090909090909091,0.4394969869215134
11492,11,1,10,0.09090909090909091,0.9090909090909091,0.4394969869215134
11493,11,3,8,0.2727272727272727,0.7272727272727273,0.8453509366224364
11494,11,2,9,0.18181818181818182,0.8181818181818182,0.6840384356390418
11495,11,1,10,0.09090909090909091,0.9090909090909091,0.4394969869215134
11496,11,0,11,0.0,1.0,0.0
11497,11,1,10,0.09090909090909091,0.9090909090909091,0.4394969869215134
11498,11,3,8,0.2727272727272727,0.7272727272727273,0.8453509366224364
11499,11,3,8,0.2727272727272727,0.7272727272727273,0.8453509366224364
11500,11,1,10,0.09090909090909091,0.9090909090909091,0.4394969869215134
11501,11,0,11,0.0,1.0,0.0
11502,11,0,11,0.0,1.0,0.0
11503,11,0,11,0.0,1.0,0.0
11504,11,1,10,0.09090909090909091,0.9090909090909091,0.4394969869215134
11505,11,0,11,0.0,1.0,0.0
11506,11,2,9,0.18181818181818182,0.8181818181818182,0.6840384356390418
11507,11,3,8,0.2727272727272727,0.7272727272727273,0.8453509366224364
11508,11,1,10,0.09090909090909091,0.9090909090909091,0.4394969869215134
11509,11,2,9,0.18181818181818182,0.8181818181818182,0.6840384356390418
11510,11,1,10,0.09090909090909091,0.9090909090909091,0.4394969869215134
11511,11,1,10,0.09090909090909091,0.9090909090909091,0.4394969869215134
11512,11,2,9,0.18181818181818182,0.8181818181818182,0.6840384356390418
11513,11,2,9,0.18181818181818182,0.8181818181818182,0.6840384356390418
11514,11,0,11,0.0,1.0,0.0
11515,11,2,9,0.18181818181818182,0.8181818181818182,0.6840384356390418
11516,11,0,11,0.0,1.0,0.0
11517,11,2,9,0.18181818181818182,0.8181818181818182,0.6840384356390418
11518,11,1,10,0.09090909090909091,0.9090909090909091,0.4394969869215134
11519,11,0,11,0.0,1.0,0.0
11520,11,3,8,0.2727272727272727,0.7272727272727273,0.8453509366224364
11521,11,2,9,0.18181818181818182,0.8181818181818182,0.6840384356390418
11522,11,2,9,0.18181818181818182,0.8181818181818182,0.6840384356390418
11523,11,0,11,0.0,1.0,0.0
11524,11,2,9,0.18181818181818182,0.8181818181818182,0.6840384356390418
11525,11,0,11,0.0,1.0,0.0
11526,11,2,9,0.18181818181818182,0.8181818181818182,0.6840384356390418
11527,11,1,10,0.09090909090909091,0.9090909090909091,0.4394969869215134
11528,11,1,10,0.09090909090909091,0.9090909090909091,0.4394969869215134
11529,11,2,9,0.18181818181818182,0.8181818181818182,0.6840384356390418
11530,11,2,9,0.18181818181818182,0.8181818181818182,0.6840384356390418
11531,11,3,8,0.2727272727272727,0.7272727272727273,0.8453509366224364
11532,11,1,10,0.09090909090909091,0.9090909090909091,0.4394969869215134
11533,11,4,7,0.36363636363636365,0.6363636363636364,0.9456603046006401
11534,11,1,10,0.09090909090909091,0.9090909090909091,0.4394969869215134
11535,11,0,11,0.0,1.0,0.0
11536,11,4,7,0.36363636363636365,0.6363636363636364,0.9456603046006401
11537,11,2,9,0.18181818181818182,0.8181818181818182,0.6840384356390418
11538,11,2,9,0.18181818181818182,0.8181818181818182,0.6840384356390418
11539,11,1,10,0.09090909090909091,0.9090909090909091,0.4394969869215134
11540,11,0,11,0.0,1.0,0.0
11541,11,0,11,0.0,1.0,0.0
11542,11,1,10,0.09090909090909091,0.9090909090909091,0.4394969869215134
11543,11,1,10,0.09090909090909091,0.9090909090909091,0.4394969869215134
11544,11,2,9,0.18181818181818182,0.8181818181818182,0.6840384356390418
11545,11,0,11,0.0,1.0,0.0
11546,11,2,9,0.18181818181818182,0.8181818181818182,0.6840384356390418
11547,11,1,10,0.09090909090909091,0.9090909090909091,0.4394969869215134
11548,11,0,11,0.0,1.0,0.0
11549,11,2,9,0.18181818181818182,0.8181818181818182,0.6840384356390418
11550,11,1,10,0.09090909090909091,0.9090909090909091,0.4394969869215134
11551,11,3,8,0.2727272727272727,0.7272727272727273,0.8453509366224364
11552,11,1,10,0.09090909090909091,0.9090909090909091,0.4394969869215134
11553,11,0,11,0.0,1.0,0.0
11554,11,1,10,0.09090909090909091,0.9090909090909091,0.4394969869215134
11555,11,2,9,0.18181818181818182,0.8181818181818182,0.6840384356390418
11556,11,3,8,0.2727272727272727,0.7272727272727273,0.8453509366224364
11557,11,0,11,0.0,1.0,0.0
11558,11,0,11,0.0,1.0,0.0
11559,11,1,10,0.09090909090909091,0.9090909090909091,0.4394969869215134
11560,11,3,8,0.2727272727272727,0.7272727272727273,0.8453509366224364
11561,11,0,11,0.0,1.0,0.0
11562,11,3,8,0.2727272727272727,0.7272727272727273,0.8453509366224364
11563,11,2,9,0.18181818181818182,0.8181818181818182,0.6840384356390418
11564,11,3,8,0.2727272727272727,0.7272727272727273,0.8453509366224364
11565,11,1,10,0.09090909090909091,0.9090909090909091,0.4394969869215134
11566,11,2,9,0.18181818181818182,0.8181818181818182,0.6840384356390418
11567,11,2,9,0.18181818181818182,0.8181818181818182,0.6840384356390418
11568,11,0,11,0.0,1.0,0.0
11569,11,4,7,0.36363636363636365,0.6363636363636364,0.9456603046006401
11570,11,3,8,0.2727272727272727,0.7272727272727273,0.8453509366224364
11571,11,1,10,0.09090909090909091,0.9090909090909091,0.4394969869215134
11572,11,0,11,0.0,1.0,0.0
11573,11,1,10,0.09090909090909091,0.9090909090909091,0.4394969869215134
11574,11,0,11,0.0,1.0,0.0
11575,11,0,11,0.0,1.0,0.0
11576,11,2,9,0.18181818181818182,0.8181818181818182,0.6840384356390418
11577,11,3,8,0.2727272727272727,0.7272727272727273,0.8453509366224364
11578,11,2,9,0.18181818181818182,0.8181818181818182,0.6840384356390418
11579,11,0,11,0.0,1.0,0.0
11580,11,0,11,0.0,1.0,0.0
11581,11,1,10,0.09090909090909091,0.9090909090909091,0.4394969869215134
11582,11,2,9,0.18181818181818182,0.8181818181818182,0.6840384356390418
11583,11,1,10,0.09090909090909091,0.9090909090909091,0.4394969869215134
11584,11,4,7,0.36363636363636365,0.6363636363636364,0.9456603046006401
11585,11,2,9,0.18181818181818182,0.8181818181818182,0.6840384356390418
11586,11,2,9,0.18181818181818182,0.8181818181818182,0.6840384356390418
11587,11,2,9,0.18181818181818182,0.8181818181818182,0.6840384356390418
11588,11,1,10,0.09090909090909091,0.9090909090909091,0.4394969869215134
11589,11,0,11,0.0,1.0,0.0
11590,11,4,7,0.36363636363636365,0.6363636363636364,0.9456603046006401
11591,11,0,11,0.0,1.0,0.0
11592,11,1,10,0.09090909090909091,0.9090909090909091,0.4394969869215134
11593,11,0,11,0.0,1.0,0.0
11594,11,4,7,0.36363636363636365,0.6363636363636364,0.9456603046006401
11595,11,0,11,0.0,1.0,0.0
11596,11,4,7,0.36363636363636365,0.6363636363636364,0.9456603046006401
11597,11,2,9,0.18181818181818182,0.8181818181818182,0.6840384356390418
11598,11,1,10,0.09090909090909091,0.9090909090909091,0.4394969869215134
11599,11,4,7,0.36363636363636365,0.6363636363636364,0.9456603046006401
11600,11,2,9,0.18181818181818182,0.8181818181818182,0.6840384356390418
11601,11,2,9,0.18181818181818182,0.8181818181818182,0.6840384356390418
11602,11,3,8,0.2727272727272727,0.7272727272727273,0.8453509366224364
11603,11,0,11,0.0,1.0,0.0
11604,11,1,10,0.09090909090909091,0.9090909090909091,0.4394969869215134
11605,11,3,8,0.2727272727272727,0.7272727272727273,0.8453509366224364
11606,11,4,7,0.36363636363636365,0.6363636363636364,0.9456603046006401
11607,11,0,11,0.0,1.0,0.0
11608,11,2,9,0.18181818181818182,0.8181818181818182,0.6840384356390418
11609,11,2,9,0.18181818181818182,0.8181818181818182,0.6840384356390418
11610,11,3,8,0.2727272727272727,0.7272727272727273,0.8453509366224364
11611,11,0,11,0.0,1.0,0.0
11612,11,3,8,0.2727272727272727,0.7272727272727273,0.8453509366224364
11613,11,1,10,0.09090909090909091,0.9090909090909091,0.4394969869215134
11614,11,0,11,0.0,1.0,0.0
11615,11,4,7,0.36363636363636365,0.6363636363636364,0.9456603046006401
11616,11,2,9,0.18181818181818182,0.8181818181818182,0.6840384356390418
11617,11,1,10,0.09090909090909091,0.9090909090909091,0.4394969869215134
11618,11,1,10,0.09090909090909091,0.9090909090909091,0.4394969869215134
11619,11,2,9,0.18181818181818182,0.8181818181818182,0.6840384356390418
11620,11,1,10,0.09090909090909091,0.9090909090909091,0.4394969869215134
11621,11,3,8,0.2727272727272727,0.7272727272727273,0.8453509366224364
11622,11,3,8,0.2727272727272727,0.7272727272727273,0.8453509366224364
11623,11,2,9,0.18181818181818182,0.8181818181818182,0.6840384356390418
11624,11,0,11,0.0,1.0,0.0
11625,11,1,10,0.09090909090909091,0.9090909090909091,0.4394969869215134
11626,11,1,10,0.09090909090909091,0.9090909090909091,0.4394969869215134
11627,11,1,10,0.09090909090909091,0.9090909090909091,0.4394969869215134
11628,11,4,7,0.36363636363636365,0.6363636363636364,0.9456603046006401
11629,11,0,11,0.0,1.0,0.0
11630,11,0,11,0.0,1.0,0.0
11631,11,1,10,0.09090909090909091,0.9090909090909091,0.4394969869215134
11632,11,3,8,0.2727272727272727,0.7272727272727273,0.8453509366224364
11633,11,1,10,0.09090909090909091,0.9090909090909091,0.4394969869215134
11634,11,0,11,0.0,1.0,0.0
11635,11,1,10,0.09090909090909091,0.9090909090909091,0.4394969869215134
11636,11,1,10,0.09090909090909091,0.9090909090909091,0.4394969869215134
11637,11,1,10,0.09090909090909091,0.9090909090909091,0.4394969869215134
11638,11,0,11,0.0,1.0,0.0
11639,11,1,10,0.09090909090909091,0.9090909090909091,0.4394969869215134
11640,11,2,9,0.18181818181818182,0.8181818181818182,0.6840384356390418
11641,11,1,10,0.09090909090909091,0.9090909090909091,0.4394969869215134
11642,11,1,10,0.09090909090909091,0.9090909090909091,0.4394969869215134
11643,11,0,11,0.0,1.0,0.0
11644,11,2,9,0.18181818181818182,0.8181818181818182,0.6840384356390418
11645,11,1,10,0.09090909090909091,0.9090909090909091,0.4394969869215134
11646,11,0,11,0.0,1.0,0.0
11647,11,0,11,0.0,1.0,0.0
11648,11,2,9,0.18181818181818182,0.8181818181818182,0.6840384356390418
11649,11,2,9,0.18181818181818182,0.8181818181818182,0.6840384356390418
11650,11,1,10,0.09090909090909091,0.9090909090909091,0.4394969869215134
11651,11,1,10,0.09090909090909091,0.9090909090909091,0.4394969869215134
11652,11,2,9,0.18181818181818182,0.8181818181818182,0.6840384356390418
11653,11,1,10,0.09090909090909091,0.9090909090909091,0.4394969869215134
11654,11,5,6,0.45454545454545453,0.5454545454545454,0.9940302114769565
11655,11,0,11,0.0,1.0,0.0
11656,11,0,11,0.0,1.0,0.0
11657,11,0,11,0.0,1.0,0.0
11658,11,3,8,0.2727272727272727,0.7272727272727273,0.8453509366224364
11659,11,1,10,0.09090909090909091,0.9090909090909091,0.4394969869215134
11660,11,3,8,0.2727272727272727,0.7272727272727273,0.8453509366224364
11661,11,0,11,0.0,1.0,0.0
11662,11,1,10,0.09090909090909091,0.9090909090909091,0.4394969869215134
11663,11,1,10,0.09090909090909091,0.9090909090909091,0.4394969869215134
11664,11,1,10,0.09090909090909091,0.9090909090909091,0.4394969869215134
11665,11,1,10,0.09090909090909091,0.9090909090909091,0.4394969869215134
11666,11,0,11,0.0,1.0,0.0
11667,11,0,11,0.0,1.0,0.0
11668,11,1,10,0.09090909090909091,0.9090909090909091,0.4394969869215134
11669,11,0,11,0.0,1.0,0.0
11670,11,3,8,0.2727272727272727,0.7272727272727273,0.8453509366224364
11671,11,1,10,0.09090909090909091,0.9090909090909091,0.4394969869215134
11672,11,2,9,0.18181818181818182,0.8181818181818182,0.6840384356390418
11673,11,3,8,0.2727272727272727,0.7272727272727273,0.8453509366224364
11674,11,2,9,0.18181818181818182,0.8181818181818182,0.6840384356390418
11675,11,2,9,0.18181818181818182,0.8181818181818182,0.6840384356390418
11676,11,1,10,0.09090909090909091,0.9090909090909091,0.4394969869215134
11677,11,0,11,0.0,1.0,0.0
11678,11,2,9,0.18181818181818182,0.8181818181818182,0.6840384356390418
11679,11,2,9,0.18181818181818182,0.8181818181818182,0.6840384356390418
11680,11,1,10,0.09090909090909091,0.9090909090909091,0.4394969869215134
11681,11,1,10,0.09090909090909091,0.9090909090909091,0.4394969869215134
11682,11,1,10,0.09090909090909091,0.9090909090909091,0.4394969869215134
11683,11,2,9,0.18181818181818182,0.8181818181818182,0.6840384356390418
11684,11,2,9,0.18181818181818182,0.8181818181818182,0.6840384356390418
11685,11,2,9,0.18181818181818182,0.8181818181818182,0.6840384356390418
11686,11,0,11,0.0,1.0,0.0
11687,11,2,9,0.18181818181818182,0.8181818181818182,0.6840384356390418
11688,11,0,11,0.0,1.0,0.0
11689,11,1,10,0.09090909090909091,0.9090909090909091,0.4394969869215134
11690,11,1,10,0.09090909090909091,0.9090909090909091,0.4394969869215134
11691,11,1,10,0.09090909090909091,0.9090909090909091,0.4394969869215134
11692,11,2,9,0.18181818181818182,0.8181818181818182,0.6840384356390418
11693,11,0,11,0.0,1.0,0.0
11694,11,0,11,0.0,1.0,0.0
11695,11,3,8,0.2727272727272727,0.7272727272727273,0.8453509366224364
11696,11,4,7,0.36363636363636365,0.6363636363636364,0.9456603046006401
11697,11,0,11,0.0,1.0,0.0
11698,11,0,11,0.0,1.0,0.0
11699,11,1,10,0.09090909090909091,0.9090909090909091,0.4394969869215134
11700,11,1,10,0.09090909090909091,0.9090909090909091,0.4394969869215134
11701,11,0,11,0.0,1.0,0.0
11702,11,1,10,0.09090909090909091,0.9090909090909091,0.4394969869215134
11703,11,1,10,0.09090909090909091,0.9090909090909091,0.4394969869215134
11704,11,3,8,0.2727272727272727,0.7272727272727273,0.8453509366224364
11705,11,0,11,0.0,1.0,0.0
11706,11,2,9,0.18181818181818182,0.8181818181818182,0.6840384356390418
11707,11,1,10,0.09090909090909091,0.9090909090909091,0.4394969869215134
11708,11,3,8,0.2727272727272727,0.7272727272727273,0.8453509366224364
11709,11,3,8,0.2727272727272727,0.7272727272727273,0.8453509366224364
11710,11,2,9,0.18181818181818182,0.8181818181818182,0.6840384356390418
11711,11,1,10,0.09090909090909091,0.9090909090909091,0.4394969869215134
11712,11,2,9,0.18181818181818182,0.8181818181818182,0.6840384356390418
11713,11,0,11,0.0,1.0,0.0
11714,11,2,9,0.18181818181818182,0.8181818181818182,0.6840384356390418
11715,11,0,11,0.0,1.0,0.0
11716,11,2,9,0.18181818181818182,0.8181818181818182,0.6840384356390418
11717,11,2,9,0.18181818181818182,0.8181818181818182,0.6840384356390418
11718,11,1,10,0.09090909090909091,0.9090909090909091,0.4394969869215134
11719,11,0,11,0.0,1.0,0.0
11720,11,2,9,0.18181818181818182,0.8181818181818182,0.6840384356390418
11721,11,3,8,0.2727272727272727,0.7272727272727273,0.8453509366224364
11722,11,1,10,0.09090909090909091,0.9090909090909091,0.4394969869215134
11723,11,1,10,0.09090909090909091,0.9090909090909091,0.4394969869215134
11724,11,1,10,0.09090909090909091,0.9090909090909091,0.4394969869215134
11725,11,1,10,0.09090909090909091,0.9090909090909091,0.4394969869215134
11726,11,2,9,0.18181818181818182,0.8181818181818182,0.6840384356390418
11727,11,0,11,0.0,1.0,0.0
11728,11,2,9,0.18181818181818182,0.8181818181818182,0.6840384356390418
11729,11,2,9,0.18181818181818182,0.8181818181818182,0.6840384356390418
11730,11,0,11,0.0,1.0,0.0
11731,11,1,10,0.09090909090909091,0.9090909090909091,0.4394969869215134
11732,11,2,9,0.18181818181818182,0.8181818181818182,0.6840384356390418
11733,11,2,9,0.18181818181818182,0.8181818181818182,0.6840384356390418
11734,11,1,10,0.09090909090909091,0.9090909090909091,0.4394969869215134
11735,11,1,10,0.09090909090909091,0.9090909090909091,0.4394969869215134
11736,11,1,10,0.09090909090909091,0.9090909090909091,0.4394969869215134
11737,11,2,9,0.18181818181818182,0.8181818181818182,0.6840384356390418
11738,11,2,9,0.18181818181818182,0.8181818181818182,0.6840384356390418
11739,11,3,8,0.2727272727272727,0.7272727272727273,0.8453509366224364
11740,11,1,10,0.09090909090909091,0.9090909090909091,0.4394969869215134
11741,11,1,10,0.09090909090909091,0.9090909090909091,0.4394969869215134
11742,11,2,9,0.18181818181818182,0.8181818181818182,0.6840384356390418
11743,11,4,7,0.36363636363636365,0.6363636363636364,0.9456603046006401
11744,11,0,11,0.0,1.0,0.0
11745,11,0,11,0.0,1.0,0.0
11746,11,1,10,0.09090909090909091,0.9090909090909091,0.4394969869215134
11747,11,2,9,0.18181818181818182,0.8181818181818182,0.6840384356390418
11748,11,1,10,0.09090909090909091,0.9090909090909091,0.4394969869215134
11749,11,1,10,0.09090909090909091,0.9090909090909091,0.4394969869215134
11750,11,2,9,0.18181818181818182,0.8181818181818182,0.6840384356390418
11751,11,0,11,0.0,1.0,0.0
11752,11,2,9,0.18181818181818182,0.8181818181818182,0.6840384356390418
11753,11,3,8,0.2727272727272727,0.7272727272727273,0.8453509366224364
11754,11,3,8,0.2727272727272727,0.7272727272727273,0.8453509366224364
11755,11,1,10,0.09090909090909091,0.9090909090909091,0.4394969869215134
11756,11,2,9,0.18181818181818182,0.8181818181818182,0.6840384356390418
11757,11,3,8,0.2727272727272727,0.7272727272727273,0.8453509366224364
11758,11,3,8,0.2727272727272727,0.7272727272727273,0.8453509366224364
11759,11,0,11,0.0,1.0,0.0
11760,11,4,7,0.36363636363636365,0.6363636363636364,0.9456603046006401
11761,11,2,9,0.18181818181818182,0.8181818181818182,0.6840384356390418
11762,11,0,11,0.0,1.0,0.0
11763,11,5,6,0.45454545454545453,0.5454545454545454,0.9940302114769565
11764,11,2,9,0.18181818181818182,0.8181818181818182,0.6840384356390418
11765,11,2,9,0.18181818181818182,0.8181818181818182,0.6840384356390418
11766,11,3,8,0.2727272727272727,0.7272727272727273,0.8453509366224364
11767,11,1,10,0.09090909090909091,0.9090909090909091,0.4394969869215134
11768,11,1,10,0.09090909090909091,0.9090909090909091,0.4394969869215134
11769,11,3,8,0.2727272727272727,0.7272727272727273,0.8453509366224364
11770,11,3,8,0.2727272727272727,0.7272727272727273,0.8453509366224364
11771,11,2,9,0.18181818181818182,0.8181818181818182,0.6840384356390418
11772,11,2,9,0.18181818181818182,0.8181818181818182,0.6840384356390418
11773,11,1,10,0.09090909090909091,0.9090909090909091,0.4394969869215134
11774,11,1,10,0.09090909090909091,0.9090909090909091,0.4394969869215134
11775,11,2,9,0.18181818181818182,0.8181818181818182,0.6840384356390418
11776,11,1,10,0.09090909090909091,0.9090909090909091,0.4394969869215134
11777,11,1,10,0.09090909090909091,0.9090909090909091,0.4394969869215134
11778,11,0,11,0.0,1.0,0.0
11779,11,2,9,0.18181818181818182,0.8181818181818182,0.6840384356390418
11780,11,1,10,0.09090909090909091,0.9090909090909091,0.4394969869215134
11781,11,1,10,0.09090909090909091,0.9090909090909091,0.4394969869215134
11782,11,2,9,0.18181818181818182,0.8181818181818182,0.6840384356390418
11783,11,2,9,0.18181818181818182,0.8181818181818182,0.6840384356390418
11784,11,0,11,0.0,1.0,0.0
11785,11,1,10,0.09090909090909091,0.9090909090909091,0.4394969869215134
11786,11,4,7,0.36363636363636365,0.6363636363636364,0.9456603046006401
11787,11,1,10,0.09090909090909091,0.9090909090909091,0.4394969869215134
11788,11,2,9,0.18181818181818182,0.8181818181818182,0.6840384356390418
11789,11,3,8,0.2727272727272727,0.7272727272727273,0.8453509366224364
11790,11,2,9,0.18181818181818182,0.8181818181818182,0.6840384356390418
11791,11,3,8,0.2727272727272727,0.7272727272727273,0.8453509366224364
11792,11,1,10,0.09090909090909091,0.9090909090909091,0.4394969869215134
11793,11,3,8,0.2727272727272727,0.7272727272727273,0.8453509366224364
11794,11,0,11,0.0,1.0,0.0
11795,11,1,10,0.09090909090909091,0.9090909090909091,0.4394969869215134
11796,11,2,9,0.18181818181818182,0.8181818181818182,0.6840384356390418
11797,11,5,6,0.45454545454545453,0.5454545454545454,0.9940302114769565
11798,11,2,9,0.18181818181818182,0.8181818181818182,0.6840384356390418
11799,11,2,9,0.18181818181818182,0.8181818181818182,0.6840384356390418
11800,11,1,10,0.09090909090909091,0.9090909090909091,0.4394969869215134
11801,11,1,10,0.09090909090909091,0.9090909090909091,0.4394969869215134
11802,11,2,9,0.18181818181818182,0.8181818181818182,0.6840384356390418
11803,11,2,9,0.18181818181818182,0.8181818181818182,0.6840384356390418
11804,11,1,10,0.09090909090909091,0.9090909090909091,0.4394969869215134
11805,11,0,11,0.0,1.0,0.0
11806,11,0,11,0.0,1.0,0.0
11807,11,2,9,0.18181818181818182,0.8181818181818182,0.6840384356390418
11808,11,2,9,0.18181818181818182,0.8181818181818182,0.6840384356390418
11809,11,0,11,0.0,1.0,0.0
11810,11,1,10,0.09090909090909091,0.9090909090909091,0.4394969869215134
11811,11,0,11,0.0,1.0,0.0
11812,11,0,11,0.0,1.0,0.0
11813,11,2,9,0.18181818181818182,0.8181818181818182,0.6840384356390418
11814,11,0,11,0.0,1.0,0.0
11815,11,1,10,0.09090909090909091,0.9090909090909091,0.4394969869215134
11816,11,3,8,0.2727272727272727,0.7272727272727273,0.8453509366224364
11817,11,2,9,0.18181818181818182,0.8181818181818182,0.6840384356390418
11818,11,1,10,0.09090909090909091,0.9090909090909091,0.4394969869215134
11819,11,0,11,0.0,1.0,0.0
11820,11,2,9,0.18181818181818182,0.8181818181818182,0.6840384356390418
11821,11,1,10,0.09090909090909091,0.9090909090909091,0.4394969869215134
11822,11,2,9,0.18181818181818182,0.8181818181818182,0.6840384356390418
11823,11,2,9,0.18181818181818182,0.8181818181818182,0.6840384356390418
11824,11,2,9,0.18181818181818182,0.8181818181818182,0.6840384356390418
11825,11,2,9,0.18181818181818182,0.8181818181818182,0.6840384356390418
11826,11,2,9,0.18181818181818182,0.8181818181818182,0.6840384356390418
11827,11,1,10,0.09090909090909091,0.9090909090909091,0.4394969869215134
11828,11,2,9,0.18181818181818182,0.8181818181818182,0.6840384356390418
11829,11,2,9,0.18181818181818182,0.8181818181818182,0.6840384356390418
11830,11,2,9,0.18181818181818182,0.8181818181818182,0.6840384356390418
11831,11,1,10,0.09090909090909091,0.9090909090909091,0.4394969869215134
11832,11,1,10,0.09090909090909091,0.9090909090909091,0.4394969869215134
11833,11,1,10,0.09090909090909091,0.9090909090909091,0.4394969869215134
11834,11,2,9,0.18181818181818182,0.8181818181818182,0.6840384356390418
11835,11,0,11,0.0,1.0,0.0
11836,11,2,9,0.18181818181818182,0.8181818181818182,0.6840384356390418
11837,11,1,10,0.09090909090909091,0.9090909090909091,0.4394969869215134
11838,11,1,10,0.09090909090909091,0.9090909090909091,0.4394969869215134
11839,11,2,9,0.18181818181818182,0.8181818181818182,0.6840384356390418
11840,11,0,11,0.0,1.0,0.0
11841,11,0,11,0.0,1.0,0.0
11842,11,1,10,0.09090909090909091,0.9090909090909091,0.4394969869215134
11843,11,1,10,0.09090909090909091,0.9090909090909091,0.4394969869215134
11844,11,1,10,0.09090909090909091,0.9090909090909091,0.4394969869215134
11845,11,0,11,0.0,1.0,0.0
11846,11,1,10,0.09090909090909091,0.9090909090909091,0.4394969869215134
11847,11,1,10,0.09090909090909091,0.9090909090909091,0.4394969869215134
11848,11,3,8,0.2727272727272727,0.7272727272727273,0.8453509366224364
11849,11,3,8,0.2727272727272727,0.7272727272727273,0.8453509366224364
11850,11,0,11,0.0,1.0,0.0
11851,11,2,9,0.18181818181818182,0.8181818181818182,0.6840384356390418
11852,11,1,10,0.09090909090909091,0.9090909090909091,0.4394969869215134
11853,11,0,11,0.0,1.0,0.0
11854,11,1,10,0.09090909090909091,0.9090909090909091,0.4394969869215134
11855,11,1,10,0.09090909090909091,0.9090909090909091,0.4394969869215134
11856,11,0,11,0.0,1.0,0.0
11857,11,0,11,0.0,1.0,0.0
11858,11,1,10,0.09090909090909091,0.9090909090909091,0.4394969869215134
11859,11,2,9,0.18181818181818182,0.8181818181818182,0.6840384356390418
11860,11,0,11,0.0,1.0,0.0
11861,11,2,9,0.18181818181818182,0.8181818181818182,0.6840384356390418
11862,11,0,11,0.0,1.0,0.0
11863,11,2,9,0.18181818181818182,0.8181818181818182,0.6840384356390418
11864,11,1,10,0.09090909090909091,0.9090909090909091,0.4394969869215134
11865,11,1,10,0.09090909090909091,0.9090909090909091,0.4394969869215134
11866,11,1,10,0.09090909090909091,0.9090909090909091,0.4394969869215134
11867,11,1,10,0.09090909090909091,0.9090909090909091,0.4394969869215134
11868,11,3,8,0.2727272727272727,0.7272727272727273,0.8453509366224364
11869,11,1,10,0.09090909090909091,0.9090909090909091,0.4394969869215134
11870,11,2,9,0.18181818181818182,0.8181818181818182,0.6840384356390418
11871,11,0,11,0.0,1.0,0.0
11872,11,2,9,0.18181818181818182,0.8181818181818182,0.6840384356390418
11873,11,1,10,0.09090909090909091,0.9090909090909091,0.4394969869215134
11874,11,1,10,0.09090909090909091,0.9090909090909091,0.4394969869215134
11875,11,0,11,0.0,1.0,0.0
11876,11,0,11,0.0,1.0,0.0
11877,11,1,10,0.09090909090909091,0.9090909090909091,0.4394969869215134
11878,11,3,8,0.2727272727272727,0.7272727272727273,0.8453509366224364
11879,11,2,9,0.18181818181818182,0.8181818181818182,0.6840384356390418
11880,11,2,9,0.18181818181818182,0.8181818181818182,0.6840384356390418
11881,11,2,9,0.18181818181818182,0.8181818181818182,0.6840384356390418
11882,11,2,9,0.18181818181818182,0.8181818181818182,0.6840384356390418
11883,11,2,9,0.18181818181818182,0.8181818181818182,0.6840384356390418
11884,11,1,10,0.09090909090909091,0.9090909090909091,0.4394969869215134
11885,11,1,10,0.09090909090909091,0.9090909090909091,0.4394969869215134
11886,11,2,9,0.18181818181818182,0.8181818181818182,0.6840384356390418
11887,11,1,10,0.09090909090909091,0.9090909090909091,0.4394969869215134
11888,11,0,11,0.0,1.0,0.0
11889,11,2,9,0.18181818181818182,0.8181818181818182,0.6840384356390418
11890,11,2,9,0.18181818181818182,0.8181818181818182,0.6840384356390418
11891,11,1,10,0.09090909090909091,0.9090909090909091,0.4394969869215134
11892,11,1,10,0.09090909090909091,0.9090909090909091,0.4394969869215134
11893,11,1,10,0.09090909090909091,0.9090909090909091,0.4394969869215134
11894,11,3,8,0.2727272727272727,0.7272727272727273,0.8453509366224364
11895,11,4,7,0.36363636363636365,0.6363636363636364,0.9456603046006401
11896,11,2,9,0.18181818181818182,0.8181818181818182,0.6840384356390418
11897,11,0,11,0.0,1.0,0.0
11898,11,3,8,0.2727272727272727,0.7272727272727273,0.8453509366224364
11899,11,4,7,0.36363636363636365,0.6363636363636364,0.9456603046006401
11900,11,2,9,0.18181818181818182,0.8181818181818182,0.6840384356390418
11901,11,3,8,0.2727272727272727,0.7272727272727273,0.8453509366224364
11902,11,2,9,0.18181818181818182,0.8181818181818182,0.6840384356390418
11903,11,1,10,0.09090909090909091,0.9090909090909091,0.4394969869215134
11904,11,1,10,0.09090909090909091,0.9090909090909091,0.4394969869215134
11905,11,1,10,0.09090909090909091,0.9090909090909091,0.4394969869215134
11906,11,1,10,0.09090909090909091,0.9090909090909091,0.4394969869215134
11907,11,2,9,0.18181818181818182,0.8181818181818182,0.6840384356390418
11908,11,2,9,0.18181818181818182,0.8181818181818182,0.6840384356390418
11909,11,1,10,0.09090909090909091,0.9090909090909091,0.4394969869215134
11910,11,0,11,0.0,1.0,0.0
11911,11,0,11,0.0,1.0,0.0
11912,11,1,10,0.09090909090909091,0.9090909090909091,0.4394969869215134
11913,11,4,7,0.36363636363636365,0.6363636363636364,0.9456603046006401
11914,11,1,10,0.09090909090909091,0.9090909090909091,0.4394969869215134
11915,11,0,11,0.0,1.0,0.0
11916,11,1,10,0.09090909090909091,0.9090909090909091,0.4394969869215134
11917,11,1,10,0.09090909090909091,0.9090909090909091,0.4394969869215134
11918,11,2,9,0.18181818181818182,0.8181818181818182,0.6840384356390418
11919,11,1,10,0.09090909090909091,0.9090909090909091,0.4394969869215134
11920,11,1,10,0.09090909090909091,0.9090909090909091,0.4394969869215134
11921,11,3,8,0.2727272727272727,0.7272727272727273,0.8453509366224364
11922,11,2,9,0.18181818181818182,0.8181818181818182,0.6840384356390418
11923,11,2,9,0.18181818181818182,0.8181818181818182,0.6840384356390418
11924,11,2,9,0.18181818181818182,0.8181818181818182,0.6840384356390418
11925,11,3,8,0.2727272727272727,0.7272727272727273,0.8453509366224364
11926,11,5,6,0.45454545454545453,0.5454545454545454,0.9940302114769565
11927,11,3,8,0.2727272727272727,0.7272727272727273,0.8453509366224364
11928,11,3,8,0.2727272727272727,0.7272727272727273,0.8453509366224364
11929,11,1,10,0.09090909090909091,0.9090909090909091,0.4394969869215134
11930,11,3,8,0.2727272727272727,0.7272727272727273,0.8453509366224364
11931,11,2,9,0.18181818181818182,0.8181818181818182,0.6840384356390418
11932,11,1,10,0.09090909090909091,0.9090909090909091,0.4394969869215134
11933,11,0,11,0.0,1.0,0.0
11934,11,2,9,0.18181818181818182,0.8181818181818182,0.6840384356390418
11935,11,5,6,0.45454545454545453,0.5454545454545454,0.9940302114769565
11936,11,1,10,0.09090909090909091,0.9090909090909091,0.4394969869215134
11937,11,0,11,0.0,1.0,0.0
11938,11,2,9,0.18181818181818182,0.8181818181818182,0.6840384356390418
11939,11,0,11,0.0,1.0,0.0
11940,11,3,8,0.2727272727272727,0.7272727272727273,0.8453509366224364
11941,11,3,8,0.2727272727272727,0.7272727272727273,0.8453509366224364
11942,11,0,11,0.0,1.0,0.0
11943,11,2,9,0.18181818181818182,0.8181818181818182,0.6840384356390418
11944,11,1,10,0.09090909090909091,0.9090909090909091,0.4394969869215134
11945,11,0,11,0.0,1.0,0.0
11946,11,2,9,0.18181818181818182,0.8181818181818182,0.6840384356390418
11947,11,2,9,0.18181818181818182,0.8181818181818182,0.6840384356390418
11948,11,1,10,0.09090909090909091,0.9090909090909091,0.4394969869215134
11949,11,1,10,0.09090909090909091,0.9090909090909091,0.4394969869215134
11950,11,1,10,0.09090909090909091,0.9090909090909091,0.4394969869215134
11951,11,2,9,0.18181818181818182,0.8181818181818182,0.6840384356390418
11952,11,0,11,0.0,1.0,0.0
11953,11,1,10,0.09090909090909091,0.9090909090909091,0.4394969869215134
11954,11,2,9,0.18181818181818182,0.8181818181818182,0.6840384356390418
11955,11,2,9,0.18181818181818182,0.8181818181818182,0.6840384356390418
11956,11,0,11,0.0,1.0,0.0
11957,11,2,9,0.18181818181818182,0.8181818181818182,0.6840384356390418
11958,11,2,9,0.18181818181818182,0.8181818181818182,0.6840384356390418
11959,11,1,10,0.09090909090909091,0.9090909090909091,0.4394969869215134
11960,11,2,9,0.18181818181818182,0.8181818181818182,0.6840384356390418
11961,11,3,8,0.2727272727272727,0.7272727272727273,0.8453509366224364
11962,11,2,9,0.18181818181818182,0.8181818181818182,0.6840384356390418
11963,11,2,9,0.18181818181818182,0.8181818181818182,0.6840384356390418
11964,11,2,9,0.18181818181818182,0.8181818181818182,0.6840384356390418
11965,11,1,10,0.09090909090909091,0.9090909090909091,0.4394969869215134
11966,11,1,10,0.09090909090909091,0.9090909090909091,0.4394969869215134
11967,11,0,11,0.0,1.0,0.0
11968,11,3,8,0.2727272727272727,0.7272727272727273,0.8453509366224364
11969,11,2,9,0.18181818181818182,0.8181818181818182,0.6840384356390418
11970,11,1,10,0.09090909090909091,0.9090909090909091,0.4394969869215134
11971,11,2,9,0.18181818181818182,0.8181818181818182,0.6840384356390418
11972,11,1,10,0.09090909090909091,0.9090909090909091,0.4394969869215134
11973,11,1,10,0.09090909090909091,0.9090909090909091,0.4394969869215134
11974,11,2,9,0.18181818181818182,0.8181818181818182,0.6840384356390418
11975,11,1,10,0.09090909090909091,0.9090909090909091,0.4394969869215134
11976,11,2,9,0.18181818181818182,0.8181818181818182,0.6840384356390418
11977,11,2,9,0.18181818181818182,0.8181818181818182,0.6840384356390418
11978,11,1,10,0.09090909090909091,0.9090909090909091,0.4394969869215134
11979,11,4,7,0.36363636363636365,0.6363636363636364,0.9456603046006401
11980,11,1,10,0.09090909090909091,0.9090909090909091,0.4394969869215134
11981,11,3,8,0.2727272727272727,0.7272727272727273,0.8453509366224364
11982,11,2,9,0.18181818181818182,0.8181818181818182,0.6840384356390418
11983,11,1,10,0.09090909090909091,0.9090909090909091,0.4394969869215134
11984,11,1,10,0.09090909090909091,0.9090909090909091,0.4394969869215134
11985,11,0,11,0.0,1.0,0.0
11986,11,3,8,0.2727272727272727,0.7272727272727273,0.8453509366224364
11987,11,1,10,0.09090909090909091,0.9090909090909091,0.4394969869215134
11988,11,2,9,0.18181818181818182,0.8181818181818182,0.6840384356390418
11989,11,0,11,0.0,1.0,0.0
11990,11,2,9,0.18181818181818182,0.8181818181818182,0.6840384356390418
11991,11,1,10,0.09090909090909091,0.9090909090909091,0.4394969869215134
11992,11,1,10,0.09090909090909091,0.9090909090909091,0.4394969869215134
11993,11,2,9,0.18181818181818182,0.8181818181818182,0.6840384356390418
11994,11,2,9,0.18181818181818182,0.8181818181818182,0.6840384356390418
11995,11,1,10,0.09090909090909091,0.9090909090909091,0.4394969869215134
11996,11,3,8,0.2727272727272727,0.7272727272727273,0.8453509366224364
11997,11,2,9,0.18181818181818182,0.8181818181818182,0.6840384356390418
11998,11,2,9,0.18181818181818182,0.8181818181818182,0.6840384356390418
11999,11,1,10,0.09090909090909091,0.9090909090909091,0.4394969869215134
12000,11,3,8,0.2727272727272727,0.7272727272727273,0.8453509366224364
12001,11,2,9,0.18181818181818182,0.8181818181818182,0.6840384356390418
12002,11,0,11,0.0,1.0,0.0
12003,11,1,10,0.09090909090909091,0.9090909090909091,0.4394969869215134
12004,11,0,11,0.0,1.0,0.0
12005,11,3,8,0.2727272727272727,0.7272727272727273,0.8453509366224364
12006,11,2,9,0.18181818181818182,0.8181818181818182,0.6840384356390418
12007,11,1,10,0.09090909090909091,0.9090909090909091,0.4394969869215134
12008,11,1,10,0.09090909090909091,0.9090909090909091,0.4394969869215134
12009,11,0,11,0.0,1.0,0.0
12010,11,1,10,0.09090909090909091,0.9090909090909091,0.4394969869215134
12011,11,1,10,0.09090909090909091,0.9090909090909091,0.4394969869215134
12012,11,3,8,0.2727272727272727,0.7272727272727273,0.8453509366224364
12013,11,1,10,0.09090909090909091,0.9090909090909091,0.4394969869215134
12014,11,2,9,0.18181818181818182,0.8181818181818182,0.6840384356390418
12015,11,1,10,0.09090909090909091,0.9090909090909091,0.4394969869215134
12016,11,0,11,0.0,1.0,0.0
12017,11,2,9,0.18181818181818182,0.8181818181818182,0.6840384356390418
12018,11,3,8,0.2727272727272727,0.7272727272727273,0.8453509366224364
12019,11,1,10,0.09090909090909091,0.9090909090909091,0.4394969869215134
12020,11,2,9,0.18181818181818182,0.8181818181818182,0.6840384356390418
12021,11,0,11,0.0,1.0,0.0
12022,11,0,11,0.0,1.0,0.0
12023,11,2,9,0.18181818181818182,0.8181818181818182,0.6840384356390418
12024,11,2,9,0.18181818181818182,0.8181818181818182,0.6840384356390418
12025,11,0,11,0.0,1.0,0.0
12026,11,0,11,0.0,1.0,0.0
12027,11,1,10,0.09090909090909091,0.9090909090909091,0.4394969869215134
12028,11,0,11,0.0,1.0,0.0
12029,11,3,8,0.2727272727272727,0.7272727272727273,0.8453509366224364
12030,11,1,10,0.09090909090909091,0.9090909090909091,0.4394969869215134
12031,11,5,6,0.45454545454545453,0.5454545454545454,0.9940302114769565
12032,11,2,9,0.18181818181818182,0.8181818181818182,0.6840384356390418
12033,11,1,10,0.09090909090909091,0.9090909090909091,0.4394969869215134
12034,11,1,10,0.09090909090909091,0.9090909090909091,0.4394969869215134
12035,11,3,8,0.2727272727272727,0.7272727272727273,0.8453509366224364
12036,11,3,8,0.2727272727272727,0.7272727272727273,0.8453509366224364
12037,11,3,8,0.2727272727272727,0.7272727272727273,0.8453509366224364
12038,11,3,8,0.2727272727272727,0.7272727272727273,0.8453509366224364
12039,11,2,9,0.18181818181818182,0.8181818181818182,0.6840384356390418
12040,11,2,9,0.18181818181818182,0.8181818181818182,0.6840384356390418
12041,11,1,10,0.09090909090909091,0.9090909090909091,0.4394969869215134
12042,11,1,10,0.09090909090909091,0.9090909090909091,0.4394969869215134
12043,11,1,10,0.09090909090909091,0.9090909090909091,0.4394969869215134
12044,11,0,11,0.0,1.0,0.0
12045,11,0,11,0.0,1.0,0.0
12046,11,3,8,0.2727272727272727,0.7272727272727273,0.8453509366224364
12047,11,1,10,0.09090909090909091,0.9090909090909091,0.4394969869215134
12048,11,0,11,0.0,1.0,0.0
12049,11,1,10,0.09090909090909091,0.9090909090909091,0.4394969869215134
12050,11,0,11,0.0,1.0,0.0
12051,11,1,10,0.09090909090909091,0.9090909090909091,0.4394969869215134
12052,11,0,11,0.0,1.0,0.0
12053,11,4,7,0.36363636363636365,0.6363636363636364,0.9456603046006401
12054,11,1,10,0.09090909090909091,0.9090909090909091,0.4394969869215134
12055,11,2,9,0.18181818181818182,0.8181818181818182,0.6840384356390418
12056,11,4,7,0.36363636363636365,0.6363636363636364,0.9456603046006401
12057,11,1,10,0.09090909090909091,0.9090909090909091,0.4394969869215134
12058,11,1,10,0.09090909090909091,0.9090909090909091,0.4394969869215134
12059,11,0,11,0.0,1.0,0.0
12060,11,2,9,0.18181818181818182,0.8181818181818182,0.6840384356390418
12061,11,2,9,0.18181818181818182,0.8181818181818182,0.6840384356390418
12062,11,0,11,0.0,1.0,0.0
12063,11,1,10,0.09090909090909091,0.9090909090909091,0.4394969869215134
12064,11,2,9,0.18181818181818182,0.8181818181818182,0.6840384356390418
12065,11,1,10,0.09090909090909091,0.9090909090909091,0.4394969869215134
12066,11,3,8,0.2727272727272727,0.7272727272727273,0.8453509366224364
12067,11,1,10,0.09090909090909091,0.9090909090909091,0.4394969869215134
12068,11,0,11,0.0,1.0,0.0
12069,11,1,10,0.09090909090909091,0.9090909090909091,0.4394969869215134
12070,11,1,10,0.09090909090909091,0.9090909090909091,0.4394969869215134
12071,11,2,9,0.18181818181818182,0.8181818181818182,0.6840384356390418
12072,11,0,11,0.0,1.0,0.0
12073,11,1,10,0.09090909090909091,0.9090909090909091,0.4394969869215134
12074,11,4,7,0.36363636363636365,0.6363636363636364,0.9456603046006401
12075,11,2,9,0.18181818181818182,0.8181818181818182,0.6840384356390418
12076,11,2,9,0.18181818181818182,0.8181818181818182,0.6840384356390418
12077,11,2,9,0.18181818181818182,0.8181818181818182,0.6840384356390418
12078,11,2,9,0.18181818181818182,0.8181818181818182,0.6840384356390418
12079,11,2,9,0.18181818181818182,0.8181818181818182,0.6840384356390418
12080,11,2,9,0.18181818181818182,0.8181818181818182,0.6840384356390418
12081,11,1,10,0.09090909090909091,0.9090909090909091,0.4394969869215134
12082,11,1,10,0.09090909090909091,0.9090909090909091,0.4394969869215134
12083,11,0,11,0.0,1.0,0.0
12084,11,1,10,0.09090909090909091,0.9090909090909091,0.4394969869215134
12085,11,2,9,0.18181818181818182,0.8181818181818182,0.6840384356390418
12086,11,3,8,0.2727272727272727,0.7272727272727273,0.8453509366224364
12087,11,3,8,0.2727272727272727,0.7272727272727273,0.8453509366224364
12088,11,2,9,0.18181818181818182,0.8181818181818182,0.6840384356390418
12089,11,1,10,0.09090909090909091,0.9090909090909091,0.4394969869215134
12090,11,2,9,0.18181818181818182,0.8181818181818182,0.6840384356390418
12091,11,1,10,0.09090909090909091,0.9090909090909091,0.4394969869215134
12092,11,2,9,0.18181818181818182,0.8181818181818182,0.6840384356390418
12093,11,3,8,0.2727272727272727,0.7272727272727273,0.8453509366224364
12094,11,2,9,0.18181818181818182,0.8181818181818182,0.6840384356390418
12095,11,1,10,0.09090909090909091,0.9090909090909091,0.4394969869215134
12096,11,1,10,0.09090909090909091,0.9090909090909091,0.4394969869215134
12097,11,1,10,0.09090909090909091,0.9090909090909091,0.4394969869215134
12098,11,5,6,0.45454545454545453,0.5454545454545454,0.9940302114769565
12099,11,2,9,0.18181818181818182,0.8181818181818182,0.6840384356390418
12100,11,2,9,0.18181818181818182,0.8181818181818182,0.6840384356390418
12101,11,1,10,0.09090909090909091,0.9090909090909091,0.4394969869215134
12102,11,1,10,0.09090909090909091,0.9090909090909091,0.4394969869215134
12103,11,1,10,0.09090909090909091,0.9090909090909091,0.4394969869215134
12104,11,3,8,0.2727272727272727,0.7272727272727273,0.8453509366224364
12105,11,2,9,0.18181818181818182,0.8181818181818182,0.6840384356390418
12106,11,2,9,0.18181818181818182,0.8181818181818182,0.6840384356390418
12107,11,1,10,0.09090909090909091,0.9090909090909091,0.4394969869215134
12108,11,2,9,0.18181818181818182,0.8181818181818182,0.6840384356390418
12109,11,2,9,0.18181818181818182,0.8181818181818182,0.6840384356390418
12110,11,3,8,0.2727272727272727,0.7272727272727273,0.8453509366224364
12111,11,2,9,0.18181818181818182,0.8181818181818182,0.6840384356390418
12112,11,1,10,0.09090909090909091,0.9090909090909091,0.4394969869215134
12113,11,2,9,0.18181818181818182,0.8181818181818182,0.6840384356390418
12114,11,0,11,0.0,1.0,0.0
12115,11,2,9,0.18181818181818182,0.8181818181818182,0.6840384356390418
12116,11,0,11,0.0,1.0,0.0
12117,11,2,9,0.18181818181818182,0.8181818181818182,0.6840384356390418
12118,11,1,10,0.09090909090909091,0.9090909090909091,0.4394969869215134
12119,11,2,9,0.18181818181818182,0.8181818181818182,0.6840384356390418
12120,11,4,7,0.36363636363636365,0.6363636363636364,0.9456603046006401
12121,11,2,9,0.18181818181818182,0.8181818181818182,0.6840384356390418
12122,11,1,10,0.09090909090909091,0.9090909090909091,0.4394969869215134
12123,11,2,9,0.18181818181818182,0.8181818181818182,0.6840384356390418
12124,11,0,11,0.0,1.0,0.0
12125,11,0,11,0.0,1.0,0.0
12126,11,3,8,0.2727272727272727,0.7272727272727273,0.8453509366224364
12127,11,0,11,0.0,1.0,0.0
12128,11,0,11,0.0,1.0,0.0
12129,11,2,9,0.18181818181818182,0.8181818181818182,0.6840384356390418
12130,11,2,9,0.18181818181818182,0.8181818181818182,0.6840384356390418
12131,11,1,10,0.09090909090909091,0.9090909090909091,0.4394969869215134
12132,11,2,9,0.18181818181818182,0.8181818181818182,0.6840384356390418
12133,11,0,11,0.0,1.0,0.0
12134,11,0,11,0.0,1.0,0.0
12135,11,1,10,0.09090909090909091,0.9090909090909091,0.4394969869215134
12136,11,3,8,0.2727272727272727,0.7272727272727273,0.8453509366224364
12137,11,0,11,0.0,1.0,0.0
12138,11,3,8,0.2727272727272727,0.7272727272727273,0.8453509366224364
12139,11,1,10,0.09090909090909091,0.9090909090909091,0.4394969869215134
12140,11,2,9,0.18181818181818182,0.8181818181818182,0.6840384356390418
12141,11,3,8,0.2727272727272727,0.7272727272727273,0.8453509366224364
12142,11,2,9,0.18181818181818182,0.8181818181818182,0.6840384356390418
12143,11,3,8,0.2727272727272727,0.7272727272727273,0.8453509366224364
12144,11,1,10,0.09090909090909091,0.9090909090909091,0.4394969869215134
12145,11,1,10,0.09090909090909091,0.9090909090909091,0.4394969869215134
12146,11,3,8,0.2727272727272727,0.7272727272727273,0.8453509366224364
12147,11,1,10,0.09090909090909091,0.9090909090909091,0.4394969869215134
12148,11,1,10,0.09090909090909091,0.9090909090909091,0.4394969869215134
12149,11,1,10,0.09090909090909091,0.9090909090909091,0.4394969869215134
12150,11,1,10,0.09090909090909091,0.9090909090909091,0.4394969869215134
12151,11,3,8,0.2727272727272727,0.7272727272727273,0.8453509366224364
12152,11,3,8,0.2727272727272727,0.7272727272727273,0.8453509366224364
12153,11,1,10,0.09090909090909091,0.9090909090909091,0.4394969869215134
12154,11,1,10,0.09090909090909091,0.9090909090909091,0.4394969869215134
12155,11,3,8,0.2727272727272727,0.7272727272727273,0.8453509366224364
12156,11,1,10,0.09090909090909091,0.9090909090909091,0.4394969869215134
12157,11,2,9,0.18181818181818182,0.8181818181818182,0.6840384356390418
12158,11,2,9,0.18181818181818182,0.8181818181818182,0.6840384356390418
12159,11,2,9,0.18181818181818182,0.8181818181818182,0.6840384356390418
12160,11,0,11,0.0,1.0,0.0
12161,11,1,10,0.09090909090909091,0.9090909090909091,0.4394969869215134
12162,11,0,11,0.0,1.0,0.0
12163,11,1,10,0.09090909090909091,0.9090909090909091,0.4394969869215134
12164,11,0,11,0.0,1.0,0.0
12165,11,0,11,0.0,1.0,0.0
12166,11,3,8,0.2727272727272727,0.7272727272727273,0.8453509366224364
12167,11,1,10,0.09090909090909091,0.9090909090909091,0.4394969869215134
12168,11,0,11,0.0,1.0,0.0
12169,11,4,7,0.36363636363636365,0.6363636363636364,0.9456603046006401
12170,11,2,9,0.18181818181818182,0.8181818181818182,0.6840384356390418
12171,11,1,10,0.09090909090909091,0.9090909090909091,0.4394969869215134
12172,11,0,11,0.0,1.0,0.0
12173,11,0,11,0.0,1.0,0.0
12174,11,1,10,0.09090909090909091,0.9090909090909091,0.4394969869215134
12175,11,1,10,0.09090909090909091,0.9090909090909091,0.4394969869215134
12176,11,1,10,0.09090909090909091,0.9090909090909091,0.4394969869215134
12177,11,2,9,0.18181818181818182,0.8181818181818182,0.6840384356390418
12178,11,0,11,0.0,1.0,0.0
12179,11,1,10,0.09090909090909091,0.9090909090909091,0.4394969869215134
12180,11,0,11,0.0,1.0,0.0
12181,11,3,8,0.2727272727272727,0.7272727272727273,0.8453509366224364
12182,11,0,11,0.0,1.0,0.0
12183,11,0,11,0.0,1.0,0.0
12184,11,3,8,0.2727272727272727,0.7272727272727273,0.8453509366224364
12185,11,1,10,0.09090909090909091,0.9090909090909091,0.4394969869215134
12186,11,4,7,0.36363636363636365,0.6363636363636364,0.9456603046006401
12187,11,1,10,0.09090909090909091,0.9090909090909091,0.4394969869215134
12188,11,1,10,0.09090909090909091,0.9090909090909091,0.4394969869215134
12189,11,1,10,0.09090909090909091,0.9090909090909091,0.4394969869215134
12190,11,1,10,0.09090909090909091,0.9090909090909091,0.4394969869215134
12191,11,0,11,0.0,1.0,0.0
12192,11,2,9,0.18181818181818182,0.8181818181818182,0.6840384356390418
12193,11,1,10,0.09090909090909091,0.9090909090909091,0.4394969869215134
12194,11,4,7,0.36363636363636365,0.6363636363636364,0.9456603046006401
12195,11,1,10,0.09090909090909091,0.9090909090909091,0.4394969869215134
12196,11,1,10,0.09090909090909091,0.9090909090909091,0.4394969869215134
12197,11,0,11,0.0,1.0,0.0
12198,11,1,10,0.09090909090909091,0.9090909090909091,0.4394969869215134
12199,11,2,9,0.18181818181818182,0.8181818181818182,0.6840384356390418
12200,11,2,9,0.18181818181818182,0.8181818181818182,0.6840384356390418
12201,11,0,11,0.0,1.0,0.0
12202,11,2,9,0.18181818181818182,0.8181818181818182,0.6840384356390418
12203,11,3,8,0.2727272727272727,0.7272727272727273,0.8453509366224364
12204,11,3,8,0.2727272727272727,0.7272727272727273,0.8453509366224364
12205,11,0,11,0.0,1.0,0.0
12206,11,1,10,0.09090909090909091,0.9090909090909091,0.4394969869215134
12207,11,1,10,0.09090909090909091,0.9090909090909091,0.4394969869215134
12208,11,1,10,0.09090909090909091,0.9090909090909091,0.4394969869215134
12209,11,2,9,0.18181818181818182,0.8181818181818182,0.6840384356390418
12210,11,3,8,0.2727272727272727,0.7272727272727273,0.8453509366224364
12211,11,1,10,0.09090909090909091,0.9090909090909091,0.4394969869215134
12212,11,1,10,0.09090909090909091,0.9090909090909091,0.4394969869215134
12213,11,2,9,0.18181818181818182,0.8181818181818182,0.6840384356390418
12214,11,3,8,0.2727272727272727,0.7272727272727273,0.8453509366224364
12215,11,2,9,0.18181818181818182,0.8181818181818182,0.6840384356390418
12216,11,3,8,0.2727272727272727,0.7272727272727273,0.8453509366224364
12217,11,1,10,0.09090909090909091,0.9090909090909091,0.4394969869215134
12218,11,2,9,0.18181818181818182,0.8181818181818182,0.6840384356390418
12219,11,2,9,0.18181818181818182,0.8181818181818182,0.6840384356390418
12220,11,1,10,0.09090909090909091,0.9090909090909091,0.4394969869215134
12221,11,4,7,0.36363636363636365,0.6363636363636364,0.9456603046006401
12222,11,3,8,0.2727272727272727,0.7272727272727273,0.8453509366224364
12223,11,1,10,0.09090909090909091,0.9090909090909091,0.4394969869215134
12224,11,2,9,0.18181818181818182,0.8181818181818182,0.6840384356390418
12225,11,2,9,0.18181818181818182,0.8181818181818182,0.6840384356390418
12226,11,3,8,0.2727272727272727,0.7272727272727273,0.8453509366224364
12227,11,1,10,0.09090909090909091,0.9090909090909091,0.4394969869215134
12228,11,1,10,0.09090909090909091,0.9090909090909091,0.4394969869215134
12229,11,0,11,0.0,1.0,0.0
12230,11,1,10,0.09090909090909091,0.9090909090909091,0.4394969869215134
12231,11,1,10,0.09090909090909091,0.9090909090909091,0.4394969869215134
12232,11,1,10,0.09090909090909091,0.9090909090909091,0.4394969869215134
12233,11,1,10,0.09090909090909091,0.9090909090909091,0.4394969869215134
12234,11,1,10,0.09090909090909091,0.9090909090909091,0.4394969869215134
12235,11,1,10,0.09090909090909091,0.9090909090909091,0.4394969869215134
12236,11,2,9,0.18181818181818182,0.8181818181818182,0.6840384356390418
12237,11,2,9,0.18181818181818182,0.8181818181818182,0.6840384356390418
12238,11,3,8,0.2727272727272727,0.7272727272727273,0.8453509366224364
12239,11,3,8,0.2727272727272727,0.7272727272727273,0.8453509366224364
12240,11,0,11,0.0,1.0,0.0
12241,11,0,11,0.0,1.0,0.0
12242,11,1,10,0.09090909090909091,0.9090909090909091,0.4394969869215134
12243,11,2,9,0.18181818181818182,0.8181818181818182,0.6840384356390418
12244,11,0,11,0.0,1.0,0.0
12245,11,0,11,0.0,1.0,0.0
12246,11,4,7,0.36363636363636365,0.6363636363636364,0.9456603046006401
12247,11,1,10,0.09090909090909091,0.9090909090909091,0.4394969869215134
12248,11,2,9,0.18181818181818182,0.8181818181818182,0.6840384356390418
12249,11,1,10,0.09090909090909091,0.9090909090909091,0.4394969869215134
12250,11,1,10,0.09090909090909091,0.9090909090909091,0.4394969869215134
12251,11,0,11,0.0,1.0,0.0
12252,11,2,9,0.18181818181818182,0.8181818181818182,0.6840384356390418
12253,11,0,11,0.0,1.0,0.0
12254,11,4,7,0.36363636363636365,0.6363636363636364,0.9456603046006401
12255,11,0,11,0.0,1.0,0.0
12256,11,0,11,0.0,1.0,0.0
12257,11,1,10,0.09090909090909091,0.9090909090909091,0.4394969869215134
12258,11,3,8,0.2727272727272727,0.7272727272727273,0.8453509366224364
12259,11,0,11,0.0,1.0,0.0
12260,11,2,9,0.18181818181818182,0.8181818181818182,0.6840384356390418
12261,11,2,9,0.18181818181818182,0.8181818181818182,0.6840384356390418
12262,11,1,10,0.09090909090909091,0.9090909090909091,0.4394969869215134
12263,11,0,11,0.0,1.0,0.0
12264,11,2,9,0.18181818181818182,0.8181818181818182,0.6840384356390418
12265,11,0,11,0.0,1.0,0.0
12266,11,2,9,0.18181818181818182,0.8181818181818182,0.6840384356390418
12267,11,0,11,0.0,1.0,0.0
12268,11,1,10,0.09090909090909091,0.9090909090909091,0.4394969869215134
12269,11,1,10,0.09090909090909091,0.9090909090909091,0.4394969869215134
12270,11,1,10,0.09090909090909091,0.9090909090909091,0.4394969869215134
12271,11,2,9,0.18181818181818182,0.8181818181818182,0.6840384356390418
12272,11,0,11,0.0,1.0,0.0
12273,11,0,11,0.0,1.0,0.0
12274,11,2,9,0.18181818181818182,0.8181818181818182,0.6840384356390418
12275,11,1,10,0.09090909090909091,0.9090909090909091,0.4394969869215134
12276,11,3,8,0.2727272727272727,0.7272727272727273,0.8453509366224364
12277,11,0,11,0.0,1.0,0.0
12278,11,5,6,0.45454545454545453,0.5454545454545454,0.9940302114769565
12279,11,0,11,0.0,1.0,0.0
12280,11,3,8,0.2727272727272727,0.7272727272727273,0.8453509366224364
12281,11,4,7,0.36363636363636365,0.6363636363636364,0.9456603046006401
12282,11,0,11,0.0,1.0,0.0
12283,11,2,9,0.18181818181818182,0.8181818181818182,0.6840384356390418
12284,11,0,11,0.0,1.0,0.0
12285,11,3,8,0.2727272727272727,0.7272727272727273,0.8453509366224364
12286,11,1,10,0.09090909090909091,0.9090909090909091,0.4394969869215134
12287,11,0,11,0.0,1.0,0.0
12288,11,3,8,0.2727272727272727,0.7272727272727273,0.8453509366224364
12289,11,1,10,0.09090909090909091,0.9090909090909091,0.4394969869215134
12290,11,1,10,0.09090909090909091,0.9090909090909091,0.4394969869215134
12291,11,2,9,0.18181818181818182,0.8181818181818182,0.6840384356390418
12292,11,3,8,0.2727272727272727,0.7272727272727273,0.8453509366224364
12293,11,0,11,0.0,1.0,0.0
12294,11,0,11,0.0,1.0,0.0
12295,11,2,9,0.18181818181818182,0.8181818181818182,0.6840384356390418
12296,11,1,10,0.09090909090909091,0.9090909090909091,0.4394969869215134
12297,11,3,8,0.2727272727272727,0.7272727272727273,0.8453509366224364
12298,11,3,8,0.2727272727272727,0.7272727272727273,0.8453509366224364
12299,11,1,10,0.09090909090909091,0.9090909090909091,0.4394969869215134
12300,11,2,9,0.18181818181818182,0.8181818181818182,0.6840384356390418
12301,11,2,9,0.18181818181818182,0.8181818181818182,0.6840384356390418
12302,11,0,11,0.0,1.0,0.0
12303,11,1,10,0.09090909090909091,0.9090909090909091,0.4394969869215134
12304,11,1,10,0.09090909090909091,0.9090909090909091,0.4394969869215134
12305,11,0,11,0.0,1.0,0.0
12306,11,2,9,0.18181818181818182,0.8181818181818182,0.6840384356390418
12307,11,0,11,0.0,1.0,0.0
12308,11,0,11,0.0,1.0,0.0
12309,11,0,11,0.0,1.0,0.0
12310,11,2,9,0.18181818181818182,0.8181818181818182,0.6840384356390418
12311,11,0,11,0.0,1.0,0.0
12312,11,1,10,0.09090909090909091,0.9090909090909091,0.4394969869215134
12313,11,1,10,0.09090909090909091,0.9090909090909091,0.4394969869215134
12314,11,1,10,0.09090909090909091,0.9090909090909091,0.4394969869215134
12315,11,2,9,0.18181818181818182,0.8181818181818182,0.6840384356390418
12316,11,1,10,0.09090909090909091,0.9090909090909091,0.4394969869215134
12317,11,1,10,0.09090909090909091,0.9090909090909091,0.4394969869215134
12318,11,2,9,0.18181818181818182,0.8181818181818182,0.6840384356390418
12319,11,2,9,0.18181818181818182,0.8181818181818182,0.6840384356390418
12320,11,1,10,0.09090909090909091,0.9090909090909091,0.4394969869215134
12321,11,0,11,0.0,1.0,0.0
12322,11,1,10,0.09090909090909091,0.9090909090909091,0.4394969869215134
12323,11,4,7,0.36363636363636365,0.6363636363636364,0.9456603046006401
12324,11,1,10,0.09090909090909091,0.9090909090909091,0.4394969869215134
12325,11,1,10,0.09090909090909091,0.9090909090909091,0.4394969869215134
12326,11,1,10,0.09090909090909091,0.9090909090909091,0.4394969869215134
12327,11,0,11,0.0,1.0,0.0
12328,11,1,10,0.09090909090909091,0.9090909090909091,0.4394969869215134
12329,11,1,10,0.09090909090909091,0.9090909090909091,0.4394969869215134
12330,11,0,11,0.0,1.0,0.0
12331,11,0,11,0.0,1.0,0.0
12332,11,1,10,0.09090909090909091,0.9090909090909091,0.4394969869215134
12333,11,3,8,0.2727272727272727,0.7272727272727273,0.8453509366224364
12334,11,2,9,0.18181818181818182,0.8181818181818182,0.6840384356390418
12335,11,2,9,0.18181818181818182,0.8181818181818182,0.6840384356390418
12336,11,2,9,0.18181818181818182,0.8181818181818182,0.6840384356390418
12337,11,2,9,0.18181818181818182,0.8181818181818182,0.6840384356390418
12338,11,3,8,0.2727272727272727,0.7272727272727273,0.8453509366224364
12339,11,1,10,0.09090909090909091,0.9090909090909091,0.4394969869215134
12340,11,0,11,0.0,1.0,0.0
12341,11,4,7,0.36363636363636365,0.6363636363636364,0.9456603046006401
12342,11,1,10,0.09090909090909091,0.9090909090909091,0.4394969869215134
12343,11,1,10,0.09090909090909091,0.9090909090909091,0.4394969869215134
12344,11,0,11,0.0,1.0,0.0
12345,11,1,10,0.09090909090909091,0.9090909090909091,0.4394969869215134
12346,11,1,10,0.09090909090909091,0.9090909090909091,0.4394969869215134
12347,11,2,9,0.18181818181818182,0.8181818181818182,0.6840384356390418
12348,11,0,11,0.0,1.0,0.0
12349,11,3,8,0.2727272727272727,0.7272727272727273,0.8453509366224364
12350,11,1,10,0.09090909090909091,0.9090909090909091,0.4394969869215134
12351,11,2,9,0.18181818181818182,0.8181818181818182,0.6840384356390418
12352,11,5,6,0.45454545454545453,0.5454545454545454,0.9940302114769565
12353,11,2,9,0.18181818181818182,0.8181818181818182,0.6840384356390418
12354,11,1,10,0.09090909090909091,0.9090909090909091,0.4394969869215134
12355,11,4,7,0.36363636363636365,0.6363636363636364,0.9456603046006401
12356,11,0,11,0.0,1.0,0.0
12357,11,1,10,0.09090909090909091,0.9090909090909091,0.4394969869215134
12358,11,2,9,0.18181818181818182,0.8181818181818182,0.6840384356390418
12359,11,1,10,0.09090909090909091,0.9090909090909091,0.4394969869215134
12360,11,1,10,0.09090909090909091,0.9090909090909091,0.4394969869215134
12361,11,1,10,0.09090909090909091,0.9090909090909091,0.4394969869215134
12362,11,3,8,0.2727272727272727,0.7272727272727273,0.8453509366224364
12363,11,1,10,0.09090909090909091,0.9090909090909091,0.4394969869215134
12364,11,1,10,0.09090909090909091,0.9090909090909091,0.4394969869215134
12365,11,1,10,0.09090909090909091,0.9090909090909091,0.4394969869215134
12366,11,2,9,0.18181818181818182,0.8181818181818182,0.6840384356390418
12367,11,2,9,0.18181818181818182,0.8181818181818182,0.6840384356390418
12368,11,0,11,0.0,1.0,0.0
12369,11,2,9,0.18181818181818182,0.8181818181818182,0.6840384356390418
12370,11,1,10,0.09090909090909091,0.9090909090909091,0.4394969869215134
12371,11,1,10,0.09090909090909091,0.9090909090909091,0.4394969869215134
12372,11,2,9,0.18181818181818182,0.8181818181818182,0.6840384356390418
12373,11,2,9,0.18181818181818182,0.8181818181818182,0.6840384356390418
12374,11,0,11,0.0,1.0,0.0
12375,11,1,10,0.09090909090909091,0.9090909090909091,0.4394969869215134
12376,11,1,10,0.09090909090909091,0.9090909090909091,0.4394969869215134
12377,11,0,11,0.0,1.0,0.0
12378,11,2,9,0.18181818181818182,0.8181818181818182,0.6840384356390418
12379,11,1,10,0.09090909090909091,0.9090909090909091,0.4394969869215134
12380,11,2,9,0.18181818181818182,0.8181818181818182,0.6840384356390418
12381,11,2,9,0.18181818181818182,0.8181818181818182,0.6840384356390418
12382,11,1,10,0.09090909090909091,0.9090909090909091,0.4394969869215134
12383,11,1,10,0.09090909090909091,0.9090909090909091,0.4394969869215134
12384,11,1,10,0.09090909090909091,0.9090909090909091,0.4394969869215134
12385,11,3,8,0.2727272727272727,0.7272727272727273,0.8453509366224364
12386,11,2,9,0.18181818181818182,0.8181818181818182,0.6840384356390418
12387,11,0,11,0.0,1.0,0.0
12388,11,0,11,0.0,1.0,0.0
12389,11,2,9,0.18181818181818182,0.8181818181818182,0.6840384356390418
12390,11,2,9,0.18181818181818182,0.8181818181818182,0.6840384356390418
12391,11,3,8,0.2727272727272727,0.7272727272727273,0.8453509366224364
12392,11,1,10,0.09090909090909091,0.9090909090909091,0.4394969869215134
12393,11,1,10,0.09090909090909091,0.9090909090909091,0.4394969869215134
12394,11,2,9,0.18181818181818182,0.8181818181818182,0.6840384356390418
12395,11,3,8,0.2727272727272727,0.7272727272727273,0.8453509366224364
12396,11,0,11,0.0,1.0,0.0
12397,11,1,10,0.09090909090909091,0.9090909090909091,0.4394969869215134
12398,11,2,9,0.18181818181818182,0.8181818181818182,0.6840384356390418
12399,11,2,9,0.18181818181818182,0.8181818181818182,0.6840384356390418
12400,11,1,10,0.09090909090909091,0.9090909090909091,0.4394969869215134
12401,11,1,10,0.09090909090909091,0.9090909090909091,0.4394969869215134
12402,11,1,10,0.09090909090909091,0.9090909090909091,0.4394969869215134
12403,11,3,8,0.2727272727272727,0.7272727272727273,0.8453509366224364
12404,11,4,7,0.36363636363636365,0.6363636363636364,0.9456603046006401
12405,11,1,10,0.09090909090909091,0.9090909090909091,0.4394969869215134
12406,11,1,10,0.09090909090909091,0.9090909090909091,0.4394969869215134
12407,11,1,10,0.09090909090909091,0.9090909090909091,0.4394969869215134
12408,11,0,11,0.0,1.0,0.0
12409,11,1,10,0.09090909090909091,0.9090909090909091,0.4394969869215134
12410,11,2,9,0.18181818181818182,0.8181818181818182,0.6840384356390418
12411,11,2,9,0.18181818181818182,0.8181818181818182,0.6840384356390418
12412,11,1,10,0.09090909090909091,0.9090909090909091,0.4394969869215134
12413,11,2,9,0.18181818181818182,0.8181818181818182,0.6840384356390418
12414,11,0,11,0.0,1.0,0.0
12415,11,6,5,0.5454545454545454,0.45454545454545453,0.9940302114769565
12416,11,1,10,0.09090909090909091,0.9090909090909091,0.4394969869215134
12417,11,1,10,0.09090909090909091,0.9090909090909091,0.4394969869215134
12418,11,1,10,0.09090909090909091,0.9090909090909091,0.4394969869215134
12419,11,1,10,0.09090909090909091,0.9090909090909091,0.4394969869215134
12420,11,2,9,0.18181818181818182,0.8181818181818182,0.6840384356390418
12421,11,3,8,0.2727272727272727,0.7272727272727273,0.8453509366224364
12422,11,0,11,0.0,1.0,0.0
12423,11,2,9,0.18181818181818182,0.8181818181818182,0.6840384356390418
12424,11,3,8,0.2727272727272727,0.7272727272727273,0.8453509366224364
12425,11,0,11,0.0,1.0,0.0
12426,11,2,9,0.18181818181818182,0.8181818181818182,0.6840384356390418
12427,11,4,7,0.36363636363636365,0.6363636363636364,0.9456603046006401
12428,11,2,9,0.18181818181818182,0.8181818181818182,0.6840384356390418
12429,11,1,10,0.09090909090909091,0.9090909090909091,0.4394969869215134
12430,11,1,10,0.09090909090909091,0.9090909090909091,0.4394969869215134
12431,11,1,10,0.09090909090909091,0.9090909090909091,0.4394969869215134
12432,11,1,10,0.09090909090909091,0.9090909090909091,0.4394969869215134
12433,11,2,9,0.18181818181818182,0.8181818181818182,0.6840384356390418
12434,11,2,9,0.18181818181818182,0.8181818181818182,0.6840384356390418
12435,11,3,8,0.2727272727272727,0.7272727272727273,0.8453509366224364
12436,11,0,11,0.0,1.0,0.0
12437,11,1,10,0.09090909090909091,0.9090909090909091,0.4394969869215134
12438,11,0,11,0.0,1.0,0.0
12439,11,3,8,0.2727272727272727,0.7272727272727273,0.8453509366224364
12440,11,0,11,0.0,1.0,0.0
12441,11,3,8,0.2727272727272727,0.7272727272727273,0.8453509366224364
12442,11,0,11,0.0,1.0,0.0
12443,11,1,10,0.09090909090909091,0.9090909090909091,0.4394969869215134
12444,11,5,6,0.45454545454545453,0.5454545454545454,0.9940302114769565
12445,11,3,8,0.2727272727272727,0.7272727272727273,0.8453509366224364
12446,11,2,9,0.18181818181818182,0.8181818181818182,0.6840384356390418
12447,11,3,8,0.2727272727272727,0.7272727272727273,0.8453509366224364
12448,11,1,10,0.09090909090909091,0.9090909090909091,0.4394969869215134
12449,11,2,9,0.18181818181818182,0.8181818181818182,0.6840384356390418
12450,11,0,11,0.0,1.0,0.0
12451,11,2,9,0.18181818181818182,0.8181818181818182,0.6840384356390418
12452,11,4,7,0.36363636363636365,0.6363636363636364,0.9456603046006401
12453,11,0,11,0.0,1.0,0.0
12454,11,2,9,0.18181818181818182,0.8181818181818182,0.6840384356390418
12455,11,0,11,0.0,1.0,0.0
12456,11,1,10,0.09090909090909091,0.9090909090909091,0.4394969869215134
12457,11,2,9,0.18181818181818182,0.8181818181818182,0.6840384356390418
12458,11,2,9,0.18181818181818182,0.8181818181818182,0.6840384356390418
12459,11,1,10,0.09090909090909091,0.9090909090909091,0.4394969869215134
12460,11,5,6,0.45454545454545453,0.5454545454545454,0.9940302114769565
12461,11,1,10,0.09090909090909091,0.9090909090909091,0.4394969869215134
12462,11,2,9,0.18181818181818182,0.8181818181818182,0.6840384356390418
12463,11,2,9,0.18181818181818182,0.8181818181818182,0.6840384356390418
12464,11,0,11,0.0,1.0,0.0
12465,11,3,8,0.2727272727272727,0.7272727272727273,0.8453509366224364
12466,11,1,10,0.09090909090909091,0.9090909090909091,0.4394969869215134
12467,11,2,9,0.18181818181818182,0.8181818181818182,0.6840384356390418
12468,11,2,9,0.18181818181818182,0.8181818181818182,0.6840384356390418
12469,11,4,7,0.36363636363636365,0.6363636363636364,0.9456603046006401
12470,11,0,11,0.0,1.0,0.0
12471,11,1,10,0.09090909090909091,0.9090909090909091,0.4394969869215134
12472,11,2,9,0.18181818181818182,0.8181818181818182,0.6840384356390418
12473,11,1,10,0.09090909090909091,0.9090909090909091,0.4394969869215134
12474,11,1,10,0.09090909090909091,0.9090909090909091,0.4394969869215134
12475,11,3,8,0.2727272727272727,0.7272727272727273,0.8453509366224364
12476,11,4,7,0.36363636363636365,0.6363636363636364,0.9456603046006401
12477,11,0,11,0.0,1.0,0.0
12478,11,2,9,0.18181818181818182,0.8181818181818182,0.6840384356390418
12479,11,1,10,0.09090909090909091,0.9090909090909091,0.4394969869215134
12480,11,1,10,0.09090909090909091,0.9090909090909091,0.4394969869215134
12481,11,2,9,0.18181818181818182,0.8181818181818182,0.6840384356390418
12482,11,4,7,0.36363636363636365,0.6363636363636364,0.9456603046006401
12483,11,2,9,0.18181818181818182,0.8181818181818182,0.6840384356390418
12484,11,2,9,0.18181818181818182,0.8181818181818182,0.6840384356390418
12485,11,0,11,0.0,1.0,0.0
12486,11,6,5,0.5454545454545454,0.45454545454545453,0.9940302114769565
12487,11,2,9,0.18181818181818182,0.8181818181818182,0.6840384356390418
12488,11,2,9,0.18181818181818182,0.8181818181818182,0.6840384356390418
12489,11,2,9,0.18181818181818182,0.8181818181818182,0.6840384356390418
12490,11,1,10,0.09090909090909091,0.9090909090909091,0.4394969869215134
12491,11,1,10,0.09090909090909091,0.9090909090909091,0.4394969869215134
12492,11,1,10,0.09090909090909091,0.9090909090909091,0.4394969869215134
12493,11,1,10,0.09090909090909091,0.9090909090909091,0.4394969869215134
12494,11,2,9,0.18181818181818182,0.8181818181818182,0.6840384356390418
12495,11,1,10,0.09090909090909091,0.9090909090909091,0.4394969869215134
12496,11,1,10,0.09090909090909091,0.9090909090909091,0.4394969869215134
12497,11,0,11,0.0,1.0,0.0
12498,11,1,10,0.09090909090909091,0.9090909090909091,0.4394969869215134
12499,11,1,10,0.09090909090909091,0.9090909090909091,0.4394969869215134
12500,11,1,10,0.09090909090909091,0.9090909090909091,0.4394969869215134
12501,11,2,9,0.18181818181818182,0.8181818181818182,0.6840384356390418
12502,11,2,9,0.18181818181818182,0.8181818181818182,0.6840384356390418
12503,11,2,9,0.18181818181818182,0.8181818181818182,0.6840384356390418
12504,11,1,10,0.09090909090909091,0.9090909090909091,0.4394969869215134
12505,11,2,9,0.18181818181818182,0.8181818181818182,0.6840384356390418
12506,11,0,11,0.0,1.0,0.0
12507,11,1,10,0.09090909090909091,0.9090909090909091,0.4394969869215134
12508,11,1,10,0.09090909090909091,0.9090909090909091,0.4394969869215134
12509,11,2,9,0.18181818181818182,0.8181818181818182,0.6840384356390418
12510,11,1,10,0.09090909090909091,0.9090909090909091,0.4394969869215134
12511,11,3,8,0.2727272727272727,0.7272727272727273,0.8453509366224364
12512,11,2,9,0.18181818181818182,0.8181818181818182,0.6840384356390418
12513,11,1,10,0.09090909090909091,0.9090909090909091,0.4394969869215134
12514,11,0,11,0.0,1.0,0.0
12515,11,3,8,0.2727272727272727,0.7272727272727273,0.8453509366224364
12516,11,1,10,0.09090909090909091,0.9090909090909091,0.4394969869215134
12517,11,0,11,0.0,1.0,0.0
12518,11,2,9,0.18181818181818182,0.8181818181818182,0.6840384356390418
12519,11,0,11,0.0,1.0,0.0
12520,11,2,9,0.18181818181818182,0.8181818181818182,0.6840384356390418
12521,11,2,9,0.18181818181818182,0.8181818181818182,0.6840384356390418
12522,11,1,10,0.09090909090909091,0.9090909090909091,0.4394969869215134
12523,11,0,11,0.0,1.0,0.0
12524,11,0,11,0.0,1.0,0.0
12525,11,2,9,0.18181818181818182,0.8181818181818182,0.6840384356390418
12526,11,3,8,0.2727272727272727,0.7272727272727273,0.8453509366224364
12527,11,0,11,0.0,1.0,0.0
12528,11,3,8,0.2727272727272727,0.7272727272727273,0.8453509366224364
12529,11,1,10,0.09090909090909091,0.9090909090909091,0.4394969869215134
12530,11,2,9,0.18181818181818182,0.8181818181818182,0.6840384356390418
12531,11,2,9,0.18181818181818182,0.8181818181818182,0.6840384356390418
12532,11,3,8,0.2727272727272727,0.7272727272727273,0.8453509366224364
12533,11,0,11,0.0,1.0,0.0
12534,11,1,10,0.09090909090909091,0.9090909090909091,0.4394969869215134
12535,11,1,10,0.09090909090909091,0.9090909090909091,0.4394969869215134
12536,11,0,11,0.0,1.0,0.0
12537,11,0,11,0.0,1.0,0.0
12538,11,1,10,0.09090909090909091,0.9090909090909091,0.4394969869215134
12539,11,1,10,0.09090909090909091,0.9090909090909091,0.4394969869215134
12540,11,1,10,0.09090909090909091,0.9090909090909091,0.4394969869215134
12541,11,1,10,0.09090909090909091,0.9090909090909091,0.4394969869215134
12542,11,2,9,0.18181818181818182,0.8181818181818182,0.6840384356390418
12543,11,0,11,0.0,1.0,0.0
12544,11,1,10,0.09090909090909091,0.9090909090909091,0.4394969869215134
12545,11,1,10,0.09090909090909091,0.9090909090909091,0.4394969869215134
12546,11,1,10,0.09090909090909091,0.9090909090909091,0.4394969869215134
12547,11,5,6,0.45454545454545453,0.5454545454545454,0.9940302114769565
12548,11,0,11,0.0,1.0,0.0
12549,11,1,10,0.09090909090909091,0.9090909090909091,0.4394969869215134
12550,11,0,11,0.0,1.0,0.0
12551,11,1,10,0.09090909090909091,0.9090909090909091,0.4394969869215134
12552,11,0,11,0.0,1.0,0.0
12553,11,0,11,0.0,1.0,0.0
12554,11,3,8,0.2727272727272727,0.7272727272727273,0.8453509366224364
12555,11,1,10,0.09090909090909091,0.9090909090909091,0.4394969869215134
12556,11,4,7,0.36363636363636365,0.6363636363636364,0.9456603046006401
12557,11,2,9,0.18181818181818182,0.8181818181818182,0.6840384356390418
12558,11,3,8,0.2727272727272727,0.7272727272727273,0.8453509366224364
12559,11,1,10,0.09090909090909091,0.9090909090909091,0.4394969869215134
12560,11,0,11,0.0,1.0,0.0
12561,11,2,9,0.18181818181818182,0.8181818181818182,0.6840384356390418
12562,11,1,10,0.09090909090909091,0.9090909090909091,0.4394969869215134
12563,11,1,10,0.09090909090909091,0.9090909090909091,0.4394969869215134
12564,11,2,9,0.18181818181818182,0.8181818181818182,0.6840384356390418
12565,11,2,9,0.18181818181818182,0.8181818181818182,0.6840384356390418
12566,11,2,9,0.18181818181818182,0.8181818181818182,0.6840384356390418
12567,11,3,8,0.2727272727272727,0.7272727272727273,0.8453509366224364
12568,11,4,7,0.36363636363636365,0.6363636363636364,0.9456603046006401
12569,11,1,10,0.09090909090909091,0.9090909090909091,0.4394969869215134
12570,11,2,9,0.18181818181818182,0.8181818181818182,0.6840384356390418
12571,11,1,10,0.09090909090909091,0.9090909090909091,0.4394969869215134
12572,11,2,9,0.18181818181818182,0.8181818181818182,0.6840384356390418
12573,11,2,9,0.18181818181818182,0.8181818181818182,0.6840384356390418
12574,11,2,9,0.18181818181818182,0.8181818181818182,0.6840384356390418
12575,11,1,10,0.09090909090909091,0.9090909090909091,0.4394969869215134
12576,11,1,10,0.09090909090909091,0.9090909090909091,0.4394969869215134
12577,11,1,10,0.09090909090909091,0.9090909090909091,0.4394969869215134
12578,11,0,11,0.0,1.0,0.0
12579,11,2,9,0.18181818181818182,0.8181818181818182,0.6840384356390418
12580,11,2,9,0.18181818181818182,0.8181818181818182,0.6840384356390418
12581,11,1,10,0.09090909090909091,0.9090909090909091,0.4394969869215134
12582,11,1,10,0.09090909090909091,0.9090909090909091,0.4394969869215134
12583,11,2,9,0.18181818181818182,0.8181818181818182,0.6840384356390418
12584,11,4,7,0.36363636363636365,0.6363636363636364,0.9456603046006401
12585,11,2,9,0.18181818181818182,0.8181818181818182,0.6840384356390418
12586,11,1,10,0.09090909090909091,0.9090909090909091,0.4394969869215134
12587,11,0,11,0.0,1.0,0.0
12588,11,1,10,0.09090909090909091,0.9090909090909091,0.4394969869215134
12589,11,0,11,0.0,1.0,0.0
12590,11,5,6,0.45454545454545453,0.5454545454545454,0.9940302114769565
12591,11,0,11,0.0,1.0,0.0
12592,11,2,9,0.18181818181818182,0.8181818181818182,0.6840384356390418
12593,11,1,10,0.09090909090909091,0.9090909090909091,0.4394969869215134
12594,11,2,9,0.18181818181818182,0.8181818181818182,0.6840384356390418
12595,11,1,10,0.09090909090909091,0.9090909090909091,0.4394969869215134
12596,11,3,8,0.2727272727272727,0.7272727272727273,0.8453509366224364
12597,11,1,10,0.09090909090909091,0.9090909090909091,0.4394969869215134
12598,11,2,9,0.18181818181818182,0.8181818181818182,0.6840384356390418
12599,11,3,8,0.2727272727272727,0.7272727272727273,0.8453509366224364
12600,11,2,9,0.18181818181818182,0.8181818181818182,0.6840384356390418
12601,11,1,10,0.09090909090909091,0.9090909090909091,0.4394969869215134
12602,11,2,9,0.18181818181818182,0.8181818181818182,0.6840384356390418
12603,11,2,9,0.18181818181818182,0.8181818181818182,0.6840384356390418
12604,11,0,11,0.0,1.0,0.0
12605,11,1,10,0.09090909090909091,0.9090909090909091,0.4394969869215134
12606,11,3,8,0.2727272727272727,0.7272727272727273,0.8453509366224364
12607,11,3,8,0.2727272727272727,0.7272727272727273,0.8453509366224364
12608,11,1,10,0.09090909090909091,0.9090909090909091,0.4394969869215134
12609,11,4,7,0.36363636363636365,0.6363636363636364,0.9456603046006401
12610,11,1,10,0.09090909090909091,0.9090909090909091,0.4394969869215134
12611,11,2,9,0.18181818181818182,0.8181818181818182,0.6840384356390418
12612,11,1,10,0.09090909090909091,0.9090909090909091,0.4394969869215134
12613,11,1,10,0.09090909090909091,0.9090909090909091,0.4394969869215134
12614,11,1,10,0.09090909090909091,0.9090909090909091,0.4394969869215134
12615,11,1,10,0.09090909090909091,0.9090909090909091,0.4394969869215134
12616,11,2,9,0.18181818181818182,0.8181818181818182,0.6840384356390418
12617,11,1,10,0.09090909090909091,0.9090909090909091,0.4394969869215134
12618,11,2,9,0.18181818181818182,0.8181818181818182,0.6840384356390418
12619,11,3,8,0.2727272727272727,0.7272727272727273,0.8453509366224364
12620,11,3,8,0.2727272727272727,0.7272727272727273,0.8453509366224364
12621,11,1,10,0.09090909090909091,0.9090909090909091,0.4394969869215134
12622,11,0,11,0.0,1.0,0.0
12623,11,1,10,0.09090909090909091,0.9090909090909091,0.4394969869215134
12624,11,4,7,0.36363636363636365,0.6363636363636364,0.9456603046006401
12625,11,2,9,0.18181818181818182,0.8181818181818182,0.6840384356390418
12626,11,1,10,0.09090909090909091,0.9090909090909091,0.4394969869215134
12627,11,0,11,0.0,1.0,0.0
12628,11,3,8,0.2727272727272727,0.7272727272727273,0.8453509366224364
12629,11,0,11,0.0,1.0,0.0
12630,11,4,7,0.36363636363636365,0.6363636363636364,0.9456603046006401
12631,11,0,11,0.0,1.0,0.0
12632,11,0,11,0.0,1.0,0.0
12633,11,4,7,0.36363636363636365,0.6363636363636364,0.9456603046006401
12634,11,1,10,0.09090909090909091,0.9090909090909091,0.4394969869215134
12635,11,3,8,0.2727272727272727,0.7272727272727273,0.8453509366224364
12636,11,0,11,0.0,1.0,0.0
12637,11,0,11,0.0,1.0,0.0
12638,11,1,10,0.09090909090909091,0.9090909090909091,0.4394969869215134
12639,11,3,8,0.2727272727272727,0.7272727272727273,0.8453509366224364
12640,11,2,9,0.18181818181818182,0.8181818181818182,0.6840384356390418
12641,11,3,8,0.2727272727272727,0.7272727272727273,0.8453509366224364
12642,11,2,9,0.18181818181818182,0.8181818181818182,0.6840384356390418
12643,11,0,11,0.0,1.0,0.0
12644,11,1,10,0.09090909090909091,0.9090909090909091,0.4394969869215134
12645,11,0,11,0.0,1.0,0.0
12646,11,2,9,0.18181818181818182,0.8181818181818182,0.6840384356390418
12647,11,1,10,0.09090909090909091,0.9090909090909091,0.4394969869215134
12648,11,2,9,0.18181818181818182,0.8181818181818182,0.6840384356390418
12649,11,2,9,0.18181818181818182,0.8181818181818182,0.6840384356390418
12650,11,1,10,0.09090909090909091,0.9090909090909091,0.4394969869215134
12651,11,1,10,0.09090909090909091,0.9090909090909091,0.4394969869215134
12652,11,1,10,0.09090909090909091,0.9090909090909091,0.4394969869215134
12653,11,1,10,0.09090909090909091,0.9090909090909091,0.4394969869215134
12654,11,2,9,0.18181818181818182,0.8181818181818182,0.6840384356390418
12655,11,3,8,0.2727272727272727,0.7272727272727273,0.8453509366224364
12656,11,4,7,0.36363636363636365,0.6363636363636364,0.9456603046006401
12657,11,1,10,0.09090909090909091,0.9090909090909091,0.4394969869215134
12658,11,1,10,0.09090909090909091,0.9090909090909091,0.4394969869215134
12659,11,1,10,0.09090909090909091,0.9090909090909091,0.4394969869215134
12660,11,3,8,0.2727272727272727,0.7272727272727273,0.8453509366224364
12661,11,2,9,0.18181818181818182,0.8181818181818182,0.6840384356390418
12662,11,0,11,0.0,1.0,0.0
12663,11,2,9,0.18181818181818182,0.8181818181818182,0.6840384356390418
12664,11,1,10,0.09090909090909091,0.9090909090909091,0.4394969869215134
12665,11,3,8,0.2727272727272727,0.7272727272727273,0.8453509366224364
12666,11,2,9,0.18181818181818182,0.8181818181818182,0.6840384356390418
12667,11,2,9,0.18181818181818182,0.8181818181818182,0.6840384356390418
12668,11,2,9,0.18181818181818182,0.8181818181818182,0.6840384356390418
12669,11,5,6,0.45454545454545453,0.5454545454545454,0.9940302114769565
12670,11,1,10,0.09090909090909091,0.9090909090909091,0.4394969869215134
12671,11,3,8,0.2727272727272727,0.7272727272727273,0.8453509366224364
12672,11,2,9,0.18181818181818182,0.8181818181818182,0.6840384356390418
12673,11,3,8,0.2727272727272727,0.7272727272727273,0.8453509366224364
12674,11,1,10,0.09090909090909091,0.9090909090909091,0.4394969869215134
12675,11,0,11,0.0,1.0,0.0
12676,11,1,10,0.09090909090909091,0.9090909090909091,0.4394969869215134
12677,11,4,7,0.36363636363636365,0.6363636363636364,0.9456603046006401
12678,11,0,11,0.0,1.0,0.0
12679,11,1,10,0.09090909090909091,0.9090909090909091,0.4394969869215134
12680,11,1,10,0.09090909090909091,0.9090909090909091,0.4394969869215134
12681,11,1,10,0.09090909090909091,0.9090909090909091,0.4394969869215134
12682,11,1,10,0.09090909090909091,0.9090909090909091,0.4394969869215134
12683,11,1,10,0.09090909090909091,0.9090909090909091,0.4394969869215134
12684,11,2,9,0.18181818181818182,0.8181818181818182,0.6840384356390418
12685,11,1,10,0.09090909090909091,0.9090909090909091,0.4394969869215134
12686,11,2,9,0.18181818181818182,0.8181818181818182,0.6840384356390418
12687,11,4,7,0.36363636363636365,0.6363636363636364,0.9456603046006401
12688,11,1,10,0.09090909090909091,0.9090909090909091,0.4394969869215134
12689,11,1,10,0.09090909090909091,0.9090909090909091,0.4394969869215134
12690,11,3,8,0.2727272727272727,0.7272727272727273,0.8453509366224364
12691,11,2,9,0.18181818181818182,0.8181818181818182,0.6840384356390418
12692,11,2,9,0.18181818181818182,0.8181818181818182,0.6840384356390418
12693,11,1,10,0.09090909090909091,0.9090909090909091,0.4394969869215134
12694,11,1,10,0.09090909090909091,0.9090909090909091,0.4394969869215134
12695,11,0,11,0.0,1.0,0.0
12696,11,3,8,0.2727272727272727,0.7272727272727273,0.8453509366224364
12697,11,4,7,0.36363636363636365,0.6363636363636364,0.9456603046006401
12698,11,1,10,0.09090909090909091,0.9090909090909091,0.4394969869215134
12699,11,1,10,0.09090909090909091,0.9090909090909091,0.4394969869215134
12700,11,1,10,0.09090909090909091,0.9090909090909091,0.4394969869215134
12701,11,2,9,0.18181818181818182,0.8181818181818182,0.6840384356390418
12702,11,1,10,0.09090909090909091,0.9090909090909091,0.4394969869215134
12703,11,2,9,0.18181818181818182,0.8181818181818182,0.6840384356390418
12704,11,1,10,0.09090909090909091,0.9090909090909091,0.4394969869215134
12705,11,4,7,0.36363636363636365,0.6363636363636364,0.9456603046006401
12706,11,1,10,0.09090909090909091,0.9090909090909091,0.4394969869215134
12707,11,2,9,0.18181818181818182,0.8181818181818182,0.6840384356390418
12708,11,1,10,0.09090909090909091,0.9090909090909091,0.4394969869215134
12709,11,2,9,0.18181818181818182,0.8181818181818182,0.6840384356390418
12710,11,2,9,0.18181818181818182,0.8181818181818182,0.6840384356390418
12711,11,0,11,0.0,1.0,0.0
12712,11,2,9,0.18181818181818182,0.8181818181818182,0.6840384356390418
12713,11,0,11,0.0,1.0,0.0
12714,11,1,10,0.09090909090909091,0.9090909090909091,0.4394969869215134
12715,11,2,9,0.18181818181818182,0.8181818181818182,0.6840384356390418
12716,11,4,7,0.36363636363636365,0.6363636363636364,0.9456603046006401
12717,11,1,10,0.09090909090909091,0.9090909090909091,0.4394969869215134
12718,11,1,10,0.09090909090909091,0.9090909090909091,0.4394969869215134
12719,11,0,11,0.0,1.0,0.0
12720,11,4,7,0.36363636363636365,0.6363636363636364,0.9456603046006401
12721,11,1,10,0.09090909090909091,0.9090909090909091,0.4394969869215134
12722,11,3,8,0.2727272727272727,0.7272727272727273,0.8453509366224364
12723,11,2,9,0.18181818181818182,0.8181818181818182,0.6840384356390418
12724,11,2,9,0.18181818181818182,0.8181818181818182,0.6840384356390418
12725,11,2,9,0.18181818181818182,0.8181818181818182,0.6840384356390418
12726,11,3,8,0.2727272727272727,0.7272727272727273,0.8453509366224364
12727,11,1,10,0.09090909090909091,0.9090909090909091,0.4394969869215134
12728,11,1,10,0.09090909090909091,0.9090909090909091,0.4394969869215134
12729,11,0,11,0.0,1.0,0.0
12730,11,3,8,0.2727272727272727,0.7272727272727273,0.8453509366224364
12731,11,1,10,0.09090909090909091,0.9090909090909091,0.4394969869215134
12732,11,2,9,0.18181818181818182,0.8181818181818182,0.6840384356390418
12733,11,3,8,0.2727272727272727,0.7272727272727273,0.8453509366224364
12734,11,2,9,0.18181818181818182,0.8181818181818182,0.6840384356390418
12735,11,4,7,0.36363636363636365,0.6363636363636364,0.9456603046006401
12736,11,1,10,0.09090909090909091,0.9090909090909091,0.4394969869215134
12737,11,1,10,0.09090909090909091,0.9090909090909091,0.4394969869215134
12738,11,2,9,0.18181818181818182,0.8181818181818182,0.6840384356390418
12739,11,1,10,0.09090909090909091,0.9090909090909091,0.4394969869215134
12740,11,1,10,0.09090909090909091,0.9090909090909091,0.4394969869215134
12741,11,2,9,0.18181818181818182,0.8181818181818182,0.6840384356390418
12742,11,1,10,0.09090909090909091,0.9090909090909091,0.4394969869215134
12743,11,1,10,0.09090909090909091,0.9090909090909091,0.4394969869215134
12744,11,1,10,0.09090909090909091,0.9090909090909091,0.4394969869215134
12745,11,3,8,0.2727272727272727,0.7272727272727273,0.8453509366224364
12746,11,4,7,0.36363636363636365,0.6363636363636364,0.9456603046006401
12747,11,1,10,0.09090909090909091,0.9090909090909091,0.4394969869215134
12748,11,3,8,0.2727272727272727,0.7272727272727273,0.8453509366224364
12749,11,1,10,0.09090909090909091,0.9090909090909091,0.4394969869215134
12750,11,1,10,0.09090909090909091,0.9090909090909091,0.4394969869215134
12751,11,2,9,0.18181818181818182,0.8181818181818182,0.6840384356390418
12752,11,1,10,0.09090909090909091,0.9090909090909091,0.4394969869215134
12753,11,2,9,0.18181818181818182,0.8181818181818182,0.6840384356390418
12754,11,0,11,0.0,1.0,0.0
12755,11,0,11,0.0,1.0,0.0
12756,11,4,7,0.36363636363636365,0.6363636363636364,0.9456603046006401
12757,11,0,11,0.0,1.0,0.0
12758,11,3,8,0.2727272727272727,0.7272727272727273,0.8453509366224364
12759,11,0,11,0.0,1.0,0.0
12760,11,2,9,0.18181818181818182,0.8181818181818182,0.6840384356390418
12761,11,1,10,0.09090909090909091,0.9090909090909091,0.4394969869215134
12762,11,1,10,0.09090909090909091,0.9090909090909091,0.4394969869215134
12763,11,2,9,0.18181818181818182,0.8181818181818182,0.6840384356390418
12764,11,2,9,0.18181818181818182,0.8181818181818182,0.6840384356390418
12765,11,1,10,0.09090909090909091,0.9090909090909091,0.4394969869215134
12766,11,2,9,0.18181818181818182,0.8181818181818182,0.6840384356390418
12767,11,3,8,0.2727272727272727,0.7272727272727273,0.8453509366224364
12768,11,2,9,0.18181818181818182,0.8181818181818182,0.6840384356390418
12769,11,2,9,0.18181818181818182,0.8181818181818182,0.6840384356390418
12770,11,2,9,0.18181818181818182,0.8181818181818182,0.6840384356390418
12771,11,0,11,0.0,1.0,0.0
12772,11,3,8,0.2727272727272727,0.7272727272727273,0.8453509366224364
12773,11,0,11,0.0,1.0,0.0
12774,11,0,11,0.0,1.0,0.0
12775,11,1,10,0.09090909090909091,0.9090909090909091,0.4394969869215134
12776,11,3,8,0.2727272727272727,0.7272727272727273,0.8453509366224364
12777,11,1,10,0.09090909090909091,0.9090909090909091,0.4394969869215134
12778,11,0,11,0.0,1.0,0.0
12779,11,2,9,0.18181818181818182,0.8181818181818182,0.6840384356390418
12780,11,3,8,0.2727272727272727,0.7272727272727273,0.8453509366224364
12781,11,1,10,0.09090909090909091,0.9090909090909091,0.4394969869215134
12782,11,3,8,0.2727272727272727,0.7272727272727273,0.8453509366224364
12783,11,0,11,0.0,1.0,0.0
12784,11,1,10,0.09090909090909091,0.9090909090909091,0.4394969869215134
12785,11,1,10,0.09090909090909091,0.9090909090909091,0.4394969869215134
12786,11,2,9,0.18181818181818182,0.8181818181818182,0.6840384356390418
12787,11,1,10,0.09090909090909091,0.9090909090909091,0.4394969869215134
12788,11,3,8,0.2727272727272727,0.7272727272727273,0.8453509366224364
12789,11,1,10,0.09090909090909091,0.9090909090909091,0.4394969869215134
12790,11,2,9,0.18181818181818182,0.8181818181818182,0.6840384356390418
12791,11,0,11,0.0,1.0,0.0
12792,11,2,9,0.18181818181818182,0.8181818181818182,0.6840384356390418
12793,11,1,10,0.09090909090909091,0.9090909090909091,0.4394969869215134
12794,11,5,6,0.45454545454545453,0.5454545454545454,0.9940302114769565
12795,11,1,10,0.09090909090909091,0.9090909090909091,0.4394969869215134
12796,11,2,9,0.18181818181818182,0.8181818181818182,0.6840384356390418
12797,11,3,8,0.2727272727272727,0.7272727272727273,0.8453509366224364
12798,11,1,10,0.09090909090909091,0.9090909090909091,0.4394969869215134
12799,11,2,9,0.18181818181818182,0.8181818181818182,0.6840384356390418
12800,11,1,10,0.09090909090909091,0.9090909090909091,0.4394969869215134
12801,11,2,9,0.18181818181818182,0.8181818181818182,0.6840384356390418
12802,11,1,10,0.09090909090909091,0.9090909090909091,0.4394969869215134
12803,11,0,11,0.0,1.0,0.0
12804,11,4,7,0.36363636363636365,0.6363636363636364,0.9456603046006401
12805,11,1,10,0.09090909090909091,0.9090909090909091,0.4394969869215134
12806,11,1,10,0.09090909090909091,0.9090909090909091,0.4394969869215134
12807,11,1,10,0.09090909090909091,0.9090909090909091,0.4394969869215134
12808,11,1,10,0.09090909090909091,0.9090909090909091,0.4394969869215134
12809,11,1,10,0.09090909090909091,0.9090909090909091,0.4394969869215134
12810,11,1,10,0.09090909090909091,0.9090909090909091,0.4394969869215134
12811,11,2,9,0.18181818181818182,0.8181818181818182,0.6840384356390418
12812,11,2,9,0.18181818181818182,0.8181818181818182,0.6840384356390418
12813,11,4,7,0.36363636363636365,0.6363636363636364,0.9456603046006401
12814,11,3,8,0.2727272727272727,0.7272727272727273,0.8453509366224364
12815,11,1,10,0.09090909090909091,0.9090909090909091,0.4394969869215134
12816,11,2,9,0.18181818181818182,0.8181818181818182,0.6840384356390418
12817,11,1,10,0.09090909090909091,0.9090909090909091,0.4394969869215134
12818,11,2,9,0.18181818181818182,0.8181818181818182,0.6840384356390418
12819,11,1,10,0.09090909090909091,0.9090909090909091,0.4394969869215134
12820,11,5,6,0.45454545454545453,0.5454545454545454,0.9940302114769565
12821,11,1,10,0.09090909090909091,0.9090909090909091,0.4394969869215134
12822,11,5,6,0.45454545454545453,0.5454545454545454,0.9940302114769565
12823,11,2,9,0.18181818181818182,0.8181818181818182,0.6840384356390418
12824,11,1,10,0.09090909090909091,0.9090909090909091,0.4394969869215134
12825,11,0,11,0.0,1.0,0.0
12826,11,2,9,0.18181818181818182,0.8181818181818182,0.6840384356390418
12827,11,1,10,0.09090909090909091,0.9090909090909091,0.4394969869215134
12828,11,2,9,0.18181818181818182,0.8181818181818182,0.6840384356390418
12829,11,2,9,0.18181818181818182,0.8181818181818182,0.6840384356390418
12830,11,1,10,0.09090909090909091,0.9090909090909091,0.4394969869215134
12831,11,2,9,0.18181818181818182,0.8181818181818182,0.6840384356390418
12832,11,2,9,0.18181818181818182,0.8181818181818182,0.6840384356390418
12833,11,4,7,0.36363636363636365,0.6363636363636364,0.9456603046006401
12834,11,1,10,0.09090909090909091,0.9090909090909091,0.4394969869215134
12835,11,1,10,0.09090909090909091,0.9090909090909091,0.4394969869215134
12836,11,1,10,0.09090909090909091,0.9090909090909091,0.4394969869215134
12837,11,1,10,0.09090909090909091,0.9090909090909091,0.4394969869215134
12838,11,4,7,0.36363636363636365,0.6363636363636364,0.9456603046006401
12839,11,2,9,0.18181818181818182,0.8181818181818182,0.6840384356390418
12840,11,3,8,0.2727272727272727,0.7272727272727273,0.8453509366224364
12841,11,2,9,0.18181818181818182,0.8181818181818182,0.6840384356390418
12842,11,1,10,0.09090909090909091,0.9090909090909091,0.4394969869215134
12843,11,1,10,0.09090909090909091,0.9090909090909091,0.4394969869215134
12844,11,0,11,0.0,1.0,0.0
12845,11,4,7,0.36363636363636365,0.6363636363636364,0.9456603046006401
12846,11,0,11,0.0,1.0,0.0
12847,11,1,10,0.09090909090909091,0.9090909090909091,0.4394969869215134
12848,11,1,10,0.09090909090909091,0.9090909090909091,0.4394969869215134
12849,11,6,5,0.5454545454545454,0.45454545454545453,0.9940302114769565
12850,11,0,11,0.0,1.0,0.0
12851,11,2,9,0.18181818181818182,0.8181818181818182,0.6840384356390418
12852,11,2,9,0.18181818181818182,0.8181818181818182,0.6840384356390418
12853,11,1,10,0.09090909090909091,0.9090909090909091,0.4394969869215134
12854,11,1,10,0.09090909090909091,0.9090909090909091,0.4394969869215134
12855,11,0,11,0.0,1.0,0.0
12856,11,2,9,0.18181818181818182,0.8181818181818182,0.6840384356390418
12857,11,3,8,0.2727272727272727,0.7272727272727273,0.8453509366224364
12858,11,2,9,0.18181818181818182,0.8181818181818182,0.6840384356390418
12859,11,1,10,0.09090909090909091,0.9090909090909091,0.4394969869215134
12860,11,1,10,0.09090909090909091,0.9090909090909091,0.4394969869215134
12861,11,1,10,0.09090909090909091,0.9090909090909091,0.4394969869215134
12862,11,1,10,0.09090909090909091,0.9090909090909091,0.4394969869215134
12863,11,3,8,0.2727272727272727,0.7272727272727273,0.8453509366224364
12864,11,1,10,0.09090909090909091,0.9090909090909091,0.4394969869215134
12865,11,1,10,0.09090909090909091,0.9090909090909091,0.4394969869215134
12866,11,1,10,0.09090909090909091,0.9090909090909091,0.4394969869215134
12867,11,1,10,0.09090909090909091,0.9090909090909091,0.4394969869215134
12868,11,1,10,0.09090909090909091,0.9090909090909091,0.4394969869215134
12869,11,1,10,0.09090909090909091,0.9090909090909091,0.4394969869215134
12870,11,3,8,0.2727272727272727,0.7272727272727273,0.8453509366224364
12871,11,1,10,0.09090909090909091,0.9090909090909091,0.4394969869215134
12872,11,1,10,0.09090909090909091,0.9090909090909091,0.4394969869215134
12873,11,2,9,0.18181818181818182,0.8181818181818182,0.6840384356390418
12874,11,1,10,0.09090909090909091,0.9090909090909091,0.4394969869215134
12875,11,0,11,0.0,1.0,0.0
12876,11,1,10,0.09090909090909091,0.9090909090909091,0.4394969869215134
12877,11,0,11,0.0,1.0,0.0
12878,11,1,10,0.09090909090909091,0.9090909090909091,0.4394969869215134
12879,11,2,9,0.18181818181818182,0.8181818181818182,0.6840384356390418
12880,11,0,11,0.0,1.0,0.0
12881,11,0,11,0.0,1.0,0.0
12882,11,1,10,0.09090909090909091,0.9090909090909091,0.4394969869215134
12883,11,0,11,0.0,1.0,0.0
12884,11,1,10,0.09090909090909091,0.9090909090909091,0.4394969869215134
12885,11,2,9,0.18181818181818182,0.8181818181818182,0.6840384356390418
12886,11,1,10,0.09090909090909091,0.9090909090909091,0.4394969869215134
12887,11,2,9,0.18181818181818182,0.8181818181818182,0.6840384356390418
12888,11,2,9,0.18181818181818182,0.8181818181818182,0.6840384356390418
12889,11,1,10,0.09090909090909091,0.9090909090909091,0.4394969869215134
12890,11,1,10,0.09090909090909091,0.9090909090909091,0.4394969869215134
12891,11,0,11,0.0,1.0,0.0
12892,11,1,10,0.09090909090909091,0.9090909090909091,0.4394969869215134
12893,11,2,9,0.18181818181818182,0.8181818181818182,0.6840384356390418
12894,11,0,11,0.0,1.0,0.0
12895,11,0,11,0.0,1.0,0.0
12896,11,2,9,0.18181818181818182,0.8181818181818182,0.6840384356390418
12897,11,0,11,0.0,1.0,0.0
12898,11,4,7,0.36363636363636365,0.6363636363636364,0.9456603046006401
12899,11,2,9,0.18181818181818182,0.8181818181818182,0.6840384356390418
12900,11,1,10,0.09090909090909091,0.9090909090909091,0.4394969869215134
12901,11,1,10,0.09090909090909091,0.9090909090909091,0.4394969869215134
12902,11,2,9,0.18181818181818182,0.8181818181818182,0.6840384356390418
12903,11,2,9,0.18181818181818182,0.8181818181818182,0.6840384356390418
12904,11,0,11,0.0,1.0,0.0
12905,11,0,11,0.0,1.0,0.0
12906,11,2,9,0.18181818181818182,0.8181818181818182,0.6840384356390418
12907,11,3,8,0.2727272727272727,0.7272727272727273,0.8453509366224364
12908,11,0,11,0.0,1.0,0.0
12909,11,1,10,0.09090909090909091,0.9090909090909091,0.4394969869215134
12910,11,0,11,0.0,1.0,0.0
12911,11,1,10,0.09090909090909091,0.9090909090909091,0.4394969869215134
12912,11,4,7,0.36363636363636365,0.6363636363636364,0.9456603046006401
12913,11,3,8,0.2727272727272727,0.7272727272727273,0.8453509366224364
12914,11,2,9,0.18181818181818182,0.8181818181818182,0.6840384356390418
12915,11,1,10,0.09090909090909091,0.9090909090909091,0.4394969869215134
12916,11,0,11,0.0,1.0,0.0
12917,11,1,10,0.09090909090909091,0.9090909090909091,0.4394969869215134
12918,11,0,11,0.0,1.0,0.0
12919,11,1,10,0.09090909090909091,0.9090909090909091,0.4394969869215134
12920,11,2,9,0.18181818181818182,0.8181818181818182,0.6840384356390418
12921,11,1,10,0.09090909090909091,0.9090909090909091,0.4394969869215134
12922,11,0,11,0.0,1.0,0.0
12923,11,3,8,0.2727272727272727,0.7272727272727273,0.8453509366224364
12924,11,1,10,0.09090909090909091,0.9090909090909091,0.4394969869215134
12925,11,1,10,0.09090909090909091,0.9090909090909091,0.4394969869215134
12926,11,1,10,0.09090909090909091,0.9090909090909091,0.4394969869215134
12927,11,0,11,0.0,1.0,0.0
12928,11,2,9,0.18181818181818182,0.8181818181818182,0.6840384356390418
12929,11,3,8,0.2727272727272727,0.7272727272727273,0.8453509366224364
12930,11,0,11,0.0,1.0,0.0
12931,11,1,10,0.09090909090909091,0.9090909090909091,0.4394969869215134
12932,11,3,8,0.2727272727272727,0.7272727272727273,0.8453509366224364
12933,11,1,10,0.09090909090909091,0.9090909090909091,0.4394969869215134
12934,11,1,10,0.09090909090909091,0.9090909090909091,0.4394969869215134
12935,11,1,10,0.09090909090909091,0.9090909090909091,0.4394969869215134
12936,11,2,9,0.18181818181818182,0.8181818181818182,0.6840384356390418
12937,11,0,11,0.0,1.0,0.0
12938,11,0,11,0.0,1.0,0.0
12939,11,1,10,0.09090909090909091,0.9090909090909091,0.4394969869215134
12940,11,0,11,0.0,1.0,0.0
12941,11,2,9,0.18181818181818182,0.8181818181818182,0.6840384356390418
12942,11,0,11,0.0,1.0,0.0
12943,11,1,10,0.09090909090909091,0.9090909090909091,0.4394969869215134
12944,11,6,5,0.5454545454545454,0.45454545454545453,0.9940302114769565
12945,11,2,9,0.18181818181818182,0.8181818181818182,0.6840384356390418
12946,11,1,10,0.09090909090909091,0.9090909090909091,0.4394969869215134
12947,11,1,10,0.09090909090909091,0.9090909090909091,0.4394969869215134
12948,11,2,9,0.18181818181818182,0.8181818181818182,0.6840384356390418
12949,11,0,11,0.0,1.0,0.0
12950,11,1,10,0.09090909090909091,0.9090909090909091,0.4394969869215134
12951,11,1,10,0.09090909090909091,0.9090909090909091,0.4394969869215134
12952,11,0,11,0.0,1.0,0.0
12953,11,3,8,0.2727272727272727,0.7272727272727273,0.8453509366224364
12954,11,0,11,0.0,1.0,0.0
12955,11,1,10,0.09090909090909091,0.9090909090909091,0.4394969869215134
12956,11,1,10,0.09090909090909091,0.9090909090909091,0.4394969869215134
12957,11,3,8,0.2727272727272727,0.7272727272727273,0.8453509366224364
12958,11,1,10,0.09090909090909091,0.9090909090909091,0.4394969869215134
12959,11,2,9,0.18181818181818182,0.8181818181818182,0.6840384356390418
12960,11,1,10,0.09090909090909091,0.9090909090909091,0.4394969869215134
12961,11,2,9,0.18181818181818182,0.8181818181818182,0.6840384356390418
12962,11,1,10,0.09090909090909091,0.9090909090909091,0.4394969869215134
12963,11,2,9,0.18181818181818182,0.8181818181818182,0.6840384356390418
12964,11,3,8,0.2727272727272727,0.7272727272727273,0.8453509366224364
12965,11,1,10,0.09090909090909091,0.9090909090909091,0.4394969869215134
12966,11,3,8,0.2727272727272727,0.7272727272727273,0.8453509366224364
12967,11,0,11,0.0,1.0,0.0
12968,11,1,10,0.09090909090909091,0.9090909090909091,0.4394969869215134
12969,11,1,10,0.09090909090909091,0.9090909090909091,0.4394969869215134
12970,11,1,10,0.09090909090909091,0.9090909090909091,0.4394969869215134
12971,11,2,9,0.18181818181818182,0.8181818181818182,0.6840384356390418
12972,11,3,8,0.2727272727272727,0.7272727272727273,0.8453509366224364
12973,11,1,10,0.09090909090909091,0.9090909090909091,0.4394969869215134
12974,11,2,9,0.18181818181818182,0.8181818181818182,0.6840384356390418
12975,11,1,10,0.09090909090909091,0.9090909090909091,0.4394969869215134
12976,11,1,10,0.09090909090909091,0.9090909090909091,0.4394969869215134
12977,11,3,8,0.2727272727272727,0.7272727272727273,0.8453509366224364
12978,11,0,11,0.0,1.0,0.0
12979,11,1,10,0.09090909090909091,0.9090909090909091,0.4394969869215134
12980,11,3,8,0.2727272727272727,0.7272727272727273,0.8453509366224364
12981,11,0,11,0.0,1.0,0.0
12982,11,1,10,0.09090909090909091,0.9090909090909091,0.4394969869215134
12983,11,2,9,0.18181818181818182,0.8181818181818182,0.6840384356390418
12984,11,1,10,0.09090909090909091,0.9090909090909091,0.4394969869215134
12985,11,0,11,0.0,1.0,0.0
12986,11,1,10,0.09090909090909091,0.9090909090909091,0.4394969869215134
12987,11,2,9,0.18181818181818182,0.8181818181818182,0.6840384356390418
12988,11,1,10,0.09090909090909091,0.9090909090909091,0.4394969869215134
12989,11,1,10,0.09090909090909091,0.9090909090909091,0.4394969869215134
12990,11,4,7,0.36363636363636365,0.6363636363636364,0.9456603046006401
12991,11,1,10,0.09090909090909091,0.9090909090909091,0.4394969869215134
12992,11,4,7,0.36363636363636365,0.6363636363636364,0.9456603046006401
12993,11,1,10,0.09090909090909091,0.9090909090909091,0.4394969869215134
12994,11,1,10,0.09090909090909091,0.9090909090909091,0.4394969869215134
12995,11,2,9,0.18181818181818182,0.8181818181818182,0.6840384356390418
12996,11,0,11,0.0,1.0,0.0
12997,11,1,10,0.09090909090909091,0.9090909090909091,0.4394969869215134
12998,11,1,10,0.09090909090909091,0.9090909090909091,0.4394969869215134
12999,11,1,10,0.09090909090909091,0.9090909090909091,0.4394969869215134
13000,11,2,9,0.18181818181818182,0.8181818181818182,0.6840384356390418
13001,11,1,10,0.09090909090909091,0.9090909090909091,0.4394969869215134
13002,11,3,8,0.2727272727272727,0.7272727272727273,0.8453509366224364
13003,11,3,8,0.2727272727272727,0.7272727272727273,0.8453509366224364
13004,11,2,9,0.18181818181818182,0.8181818181818182,0.6840384356390418
13005,11,0,11,0.0,1.0,0.0
13006,11,3,8,0.2727272727272727,0.7272727272727273,0.8453509366224364
13007,11,2,9,0.18181818181818182,0.8181818181818182,0.6840384356390418
13008,11,3,8,0.2727272727272727,0.7272727272727273,0.8453509366224364
13009,11,2,9,0.18181818181818182,0.8181818181818182,0.6840384356390418
13010,11,1,10,0.09090909090909091,0.9090909090909091,0.4394969869215134
13011,11,3,8,0.2727272727272727,0.7272727272727273,0.8453509366224364
13012,11,1,10,0.09090909090909091,0.9090909090909091,0.4394969869215134
13013,11,0,11,0.0,1.0,0.0
13014,11,2,9,0.18181818181818182,0.8181818181818182,0.6840384356390418
13015,11,0,11,0.0,1.0,0.0
13016,11,0,11,0.0,1.0,0.0
13017,11,1,10,0.09090909090909091,0.9090909090909091,0.4394969869215134
13018,11,1,10,0.09090909090909091,0.9090909090909091,0.4394969869215134
13019,11,1,10,0.09090909090909091,0.9090909090909091,0.4394969869215134
13020,11,1,10,0.09090909090909091,0.9090909090909091,0.4394969869215134
13021,11,0,11,0.0,1.0,0.0
13022,11,4,7,0.36363636363636365,0.6363636363636364,0.9456603046006401
13023,11,1,10,0.09090909090909091,0.9090909090909091,0.4394969869215134
13024,11,2,9,0.18181818181818182,0.8181818181818182,0.6840384356390418
13025,11,5,6,0.45454545454545453,0.5454545454545454,0.9940302114769565
13026,11,1,10,0.09090909090909091,0.9090909090909091,0.4394969869215134
13027,11,2,9,0.18181818181818182,0.8181818181818182,0.6840384356390418
13028,11,3,8,0.2727272727272727,0.7272727272727273,0.8453509366224364
13029,11,2,9,0.18181818181818182,0.8181818181818182,0.6840384356390418
13030,11,3,8,0.2727272727272727,0.7272727272727273,0.8453509366224364
13031,11,1,10,0.09090909090909091,0.9090909090909091,0.4394969869215134
13032,11,1,10,0.09090909090909091,0.9090909090909091,0.4394969869215134
13033,11,0,11,0.0,1.0,0.0
13034,11,1,10,0.09090909090909091,0.9090909090909091,0.4394969869215134
13035,11,1,10,0.09090909090909091,0.9090909090909091,0.4394969869215134
13036,11,4,7,0.36363636363636365,0.6363636363636364,0.9456603046006401
13037,11,1,10,0.09090909090909091,0.9090909090909091,0.4394969869215134
13038,11,2,9,0.18181818181818182,0.8181818181818182,0.6840384356390418
13039,11,3,8,0.2727272727272727,0.7272727272727273,0.8453509366224364
13040,11,0,11,0.0,1.0,0.0
13041,11,2,9,0.18181818181818182,0.8181818181818182,0.6840384356390418
13042,11,2,9,0.18181818181818182,0.8181818181818182,0.6840384356390418
13043,11,1,10,0.09090909090909091,0.9090909090909091,0.4394969869215134
13044,11,2,9,0.18181818181818182,0.8181818181818182,0.6840384356390418
13045,11,2,9,0.18181818181818182,0.8181818181818182,0.6840384356390418
13046,11,0,11,0.0,1.0,0.0
13047,11,2,9,0.18181818181818182,0.8181818181818182,0.6840384356390418
13048,11,1,10,0.09090909090909091,0.9090909090909091,0.4394969869215134
13049,11,0,11,0.0,1.0,0.0
13050,11,2,9,0.18181818181818182,0.8181818181818182,0.6840384356390418
13051,11,2,9,0.18181818181818182,0.8181818181818182,0.6840384356390418
13052,11,1,10,0.09090909090909091,0.9090909090909091,0.4394969869215134
13053,11,0,11,0.0,1.0,0.0
13054,11,4,7,0.36363636363636365,0.6363636363636364,0.9456603046006401
13055,11,0,11,0.0,1.0,0.0
13056,11,3,8,0.2727272727272727,0.7272727272727273,0.8453509366224364
13057,11,3,8,0.2727272727272727,0.7272727272727273,0.8453509366224364
13058,11,3,8,0.2727272727272727,0.7272727272727273,0.8453509366224364
13059,11,2,9,0.18181818181818182,0.8181818181818182,0.6840384356390418
13060,11,2,9,0.18181818181818182,0.8181818181818182,0.6840384356390418
13061,11,1,10,0.09090909090909091,0.9090909090909091,0.4394969869215134
13062,11,2,9,0.18181818181818182,0.8181818181818182,0.6840384356390418
13063,11,1,10,0.09090909090909091,0.9090909090909091,0.4394969869215134
13064,11,1,10,0.09090909090909091,0.9090909090909091,0.4394969869215134
13065,11,2,9,0.18181818181818182,0.8181818181818182,0.6840384356390418
13066,11,0,11,0.0,1.0,0.0
13067,11,1,10,0.09090909090909091,0.9090909090909091,0.4394969869215134
13068,11,2,9,0.18181818181818182,0.8181818181818182,0.6840384356390418
13069,11,1,10,0.09090909090909091,0.9090909090909091,0.4394969869215134
13070,11,1,10,0.09090909090909091,0.9090909090909091,0.4394969869215134
13071,11,2,9,0.18181818181818182,0.8181818181818182,0.6840384356390418
13072,11,1,10,0.09090909090909091,0.9090909090909091,0.4394969869215134
13073,11,1,10,0.09090909090909091,0.9090909090909091,0.4394969869215134
13074,11,2,9,0.18181818181818182,0.8181818181818182,0.6840384356390418
13075,11,2,9,0.18181818181818182,0.8181818181818182,0.6840384356390418
13076,11,1,10,0.09090909090909091,0.9090909090909091,0.4394969869215134
13077,11,3,8,0.2727272727272727,0.7272727272727273,0.8453509366224364
13078,11,0,11,0.0,1.0,0.0
13079,11,0,11,0.0,1.0,0.0
13080,11,3,8,0.2727272727272727,0.7272727272727273,0.8453509366224364
13081,11,1,10,0.09090909090909091,0.9090909090909091,0.4394969869215134
13082,11,3,8,0.2727272727272727,0.7272727272727273,0.8453509366224364
13083,11,2,9,0.18181818181818182,0.8181818181818182,0.6840384356390418
13084,11,2,9,0.18181818181818182,0.8181818181818182,0.6840384356390418
13085,11,2,9,0.18181818181818182,0.8181818181818182,0.6840384356390418
13086,11,1,10,0.09090909090909091,0.9090909090909091,0.4394969869215134
13087,11,2,9,0.18181818181818182,0.8181818181818182,0.6840384356390418
13088,11,1,10,0.09090909090909091,0.9090909090909091,0.4394969869215134
13089,11,1,10,0.09090909090909091,0.9090909090909091,0.4394969869215134
13090,11,1,10,0.09090909090909091,0.9090909090909091,0.4394969869215134
13091,11,3,8,0.2727272727272727,0.7272727272727273,0.8453509366224364
13092,11,2,9,0.18181818181818182,0.8181818181818182,0.6840384356390418
13093,11,2,9,0.18181818181818182,0.8181818181818182,0.6840384356390418
13094,11,1,10,0.09090909090909091,0.9090909090909091,0.4394969869215134
13095,11,0,11,0.0,1.0,0.0
13096,11,0,11,0.0,1.0,0.0
13097,11,3,8,0.2727272727272727,0.7272727272727273,0.8453509366224364
13098,11,4,7,0.36363636363636365,0.6363636363636364,0.9456603046006401
13099,11,1,10,0.09090909090909091,0.9090909090909091,0.4394969869215134
13100,11,1,10,0.09090909090909091,0.9090909090909091,0.4394969869215134
13101,11,2,9,0.18181818181818182,0.8181818181818182,0.6840384356390418
13102,11,3,8,0.2727272727272727,0.7272727272727273,0.8453509366224364
13103,11,1,10,0.09090909090909091,0.9090909090909091,0.4394969869215134
13104,11,2,9,0.18181818181818182,0.8181818181818182,0.6840384356390418
13105,11,2,9,0.18181818181818182,0.8181818181818182,0.6840384356390418
13106,11,2,9,0.18181818181818182,0.8181818181818182,0.6840384356390418
13107,11,0,11,0.0,1.0,0.0
13108,11,3,8,0.2727272727272727,0.7272727272727273,0.8453509366224364
13109,11,1,10,0.09090909090909091,0.9090909090909091,0.4394969869215134
13110,11,1,10,0.09090909090909091,0.9090909090909091,0.4394969869215134
13111,11,1,10,0.09090909090909091,0.9090909090909091,0.4394969869215134
13112,11,0,11,0.0,1.0,0.0
13113,11,1,10,0.09090909090909091,0.9090909090909091,0.4394969869215134
13114,11,2,9,0.18181818181818182,0.8181818181818182,0.6840384356390418
13115,11,3,8,0.2727272727272727,0.7272727272727273,0.8453509366224364
13116,11,0,11,0.0,1.0,0.0
13117,11,0,11,0.0,1.0,0.0
13118,11,0,11,0.0,1.0,0.0
13119,11,2,9,0.18181818181818182,0.8181818181818182,0.6840384356390418
13120,11,2,9,0.18181818181818182,0.8181818181818182,0.6840384356390418
13121,11,3,8,0.2727272727272727,0.7272727272727273,0.8453509366224364
13122,11,1,10,0.09090909090909091,0.9090909090909091,0.4394969869215134
13123,11,2,9,0.18181818181818182,0.8181818181818182,0.6840384356390418
13124,11,2,9,0.18181818181818182,0.8181818181818182,0.6840384356390418
13125,11,1,10,0.09090909090909091,0.9090909090909091,0.4394969869215134
13126,11,2,9,0.18181818181818182,0.8181818181818182,0.6840384356390418
13127,11,0,11,0.0,1.0,0.0
13128,11,0,11,0.0,1.0,0.0
13129,11,0,11,0.0,1.0,0.0
13130,11,1,10,0.09090909090909091,0.9090909090909091,0.4394969869215134
13131,11,1,10,0.09090909090909091,0.9090909090909091,0.4394969869215134
13132,11,3,8,0.2727272727272727,0.7272727272727273,0.8453509366224364
13133,11,3,8,0.2727272727272727,0.7272727272727273,0.8453509366224364
13134,11,1,10,0.09090909090909091,0.9090909090909091,0.4394969869215134
13135,11,2,9,0.18181818181818182,0.8181818181818182,0.6840384356390418
13136,11,1,10,0.09090909090909091,0.9090909090909091,0.4394969869215134
13137,11,0,11,0.0,1.0,0.0
13138,11,2,9,0.18181818181818182,0.8181818181818182,0.6840384356390418
13139,11,1,10,0.09090909090909091,0.9090909090909091,0.4394969869215134
13140,11,1,10,0.09090909090909091,0.9090909090909091,0.4394969869215134
13141,11,2,9,0.18181818181818182,0.8181818181818182,0.6840384356390418
13142,11,0,11,0.0,1.0,0.0
13143,11,0,11,0.0,1.0,0.0
13144,11,4,7,0.36363636363636365,0.6363636363636364,0.9456603046006401
13145,11,1,10,0.09090909090909091,0.9090909090909091,0.4394969869215134
13146,11,1,10,0.09090909090909091,0.9090909090909091,0.4394969869215134
13147,11,3,8,0.2727272727272727,0.7272727272727273,0.8453509366224364
13148,11,0,11,0.0,1.0,0.0
13149,11,2,9,0.18181818181818182,0.8181818181818182,0.6840384356390418
13150,11,1,10,0.09090909090909091,0.9090909090909091,0.4394969869215134
13151,11,3,8,0.2727272727272727,0.7272727272727273,0.8453509366224364
13152,11,2,9,0.18181818181818182,0.8181818181818182,0.6840384356390418
13153,11,2,9,0.18181818181818182,0.8181818181818182,0.6840384356390418
13154,11,1,10,0.09090909090909091,0.9090909090909091,0.4394969869215134
13155,11,1,10,0.09090909090909091,0.9090909090909091,0.4394969869215134
13156,11,0,11,0.0,1.0,0.0
13157,11,1,10,0.09090909090909091,0.9090909090909091,0.4394969869215134
13158,11,4,7,0.36363636363636365,0.6363636363636364,0.9456603046006401
13159,11,3,8,0.2727272727272727,0.7272727272727273,0.8453509366224364
13160,11,1,10,0.09090909090909091,0.9090909090909091,0.4394969869215134
13161,11,1,10,0.09090909090909091,0.9090909090909091,0.4394969869215134
13162,11,0,11,0.0,1.0,0.0
13163,11,2,9,0.18181818181818182,0.8181818181818182,0.6840384356390418
13164,11,0,11,0.0,1.0,0.0
13165,11,3,8,0.2727272727272727,0.7272727272727273,0.8453509366224364
13166,11,0,11,0.0,1.0,0.0
13167,11,3,8,0.2727272727272727,0.7272727272727273,0.8453509366224364
13168,11,2,9,0.18181818181818182,0.8181818181818182,0.6840384356390418
13169,11,2,9,0.18181818181818182,0.8181818181818182,0.6840384356390418
13170,11,0,11,0.0,1.0,0.0
13171,11,2,9,0.18181818181818182,0.8181818181818182,0.6840384356390418
13172,11,3,8,0.2727272727272727,0.7272727272727273,0.8453509366224364
13173,11,1,10,0.09090909090909091,0.9090909090909091,0.4394969869215134
13174,11,3,8,0.2727272727272727,0.7272727272727273,0.8453509366224364
13175,11,3,8,0.2727272727272727,0.7272727272727273,0.8453509366224364
13176,11,3,8,0.2727272727272727,0.7272727272727273,0.8453509366224364
13177,11,1,10,0.09090909090909091,0.9090909090909091,0.4394969869215134
13178,11,1,10,0.09090909090909091,0.9090909090909091,0.4394969869215134
13179,11,1,10,0.09090909090909091,0.9090909090909091,0.4394969869215134
13180,11,2,9,0.18181818181818182,0.8181818181818182,0.6840384356390418
13181,11,2,9,0.18181818181818182,0.8181818181818182,0.6840384356390418
13182,11,0,11,0.0,1.0,0.0
13183,11,3,8,0.2727272727272727,0.7272727272727273,0.8453509366224364
13184,11,2,9,0.18181818181818182,0.8181818181818182,0.6840384356390418
13185,11,0,11,0.0,1.0,0.0
13186,11,1,10,0.09090909090909091,0.9090909090909091,0.4394969869215134
13187,11,2,9,0.18181818181818182,0.8181818181818182,0.6840384356390418
13188,11,1,10,0.09090909090909091,0.9090909090909091,0.4394969869215134
13189,11,1,10,0.09090909090909091,0.9090909090909091,0.4394969869215134
13190,11,1,10,0.09090909090909091,0.9090909090909091,0.4394969869215134
13191,11,0,11,0.0,1.0,0.0
13192,11,1,10,0.09090909090909091,0.9090909090909091,0.4394969869215134
13193,11,4,7,0.36363636363636365,0.6363636363636364,0.9456603046006401
13194,11,2,9,0.18181818181818182,0.8181818181818182,0.6840384356390418
13195,11,2,9,0.18181818181818182,0.8181818181818182,0.6840384356390418
13196,11,0,11,0.0,1.0,0.0
13197,11,1,10,0.09090909090909091,0.9090909090909091,0.4394969869215134
13198,11,1,10,0.09090909090909091,0.9090909090909091,0.4394969869215134
13199,11,0,11,0.0,1.0,0.0
13200,11,3,8,0.2727272727272727,0.7272727272727273,0.8453509366224364
13201,11,1,10,0.09090909090909091,0.9090909090909091,0.4394969869215134
13202,11,1,10,0.09090909090909091,0.9090909090909091,0.4394969869215134
13203,11,1,10,0.09090909090909091,0.9090909090909091,0.4394969869215134
13204,11,1,10,0.09090909090909091,0.9090909090909091,0.4394969869215134
13205,11,4,7,0.36363636363636365,0.6363636363636364,0.9456603046006401
13206,11,1,10,0.09090909090909091,0.9090909090909091,0.4394969869215134
13207,11,3,8,0.2727272727272727,0.7272727272727273,0.8453509366224364
13208,11,3,8,0.2727272727272727,0.7272727272727273,0.8453509366224364
13209,11,4,7,0.36363636363636365,0.6363636363636364,0.9456603046006401
13210,11,2,9,0.18181818181818182,0.8181818181818182,0.6840384356390418
13211,11,1,10,0.09090909090909091,0.9090909090909091,0.4394969869215134
13212,11,0,11,0.0,1.0,0.0
13213,11,0,11,0.0,1.0,0.0
13214,11,0,11,0.0,1.0,0.0
13215,11,3,8,0.2727272727272727,0.7272727272727273,0.8453509366224364
13216,11,4,7,0.36363636363636365,0.6363636363636364,0.9456603046006401
13217,11,1,10,0.09090909090909091,0.9090909090909091,0.4394969869215134
13218,11,3,8,0.2727272727272727,0.7272727272727273,0.8453509366224364
13219,11,1,10,0.09090909090909091,0.9090909090909091,0.4394969869215134
13220,11,3,8,0.2727272727272727,0.7272727272727273,0.8453509366224364
13221,11,2,9,0.18181818181818182,0.8181818181818182,0.6840384356390418
13222,11,5,6,0.45454545454545453,0.5454545454545454,0.9940302114769565
13223,11,1,10,0.09090909090909091,0.9090909090909091,0.4394969869215134
13224,11,1,10,0.09090909090909091,0.9090909090909091,0.4394969869215134
13225,11,0,11,0.0,1.0,0.0
13226,11,1,10,0.09090909090909091,0.9090909090909091,0.4394969869215134
13227,11,0,11,0.0,1.0,0.0
13228,11,2,9,0.18181818181818182,0.8181818181818182,0.6840384356390418
13229,11,3,8,0.2727272727272727,0.7272727272727273,0.8453509366224364
13230,11,3,8,0.2727272727272727,0.7272727272727273,0.8453509366224364
13231,11,1,10,0.09090909090909091,0.9090909090909091,0.4394969869215134
13232,11,5,6,0.45454545454545453,0.5454545454545454,0.9940302114769565
13233,11,1,10,0.09090909090909091,0.9090909090909091,0.4394969869215134
13234,11,1,10,0.09090909090909091,0.9090909090909091,0.4394969869215134
13235,11,1,10,0.09090909090909091,0.9090909090909091,0.4394969869215134
13236,11,0,11,0.0,1.0,0.0
13237,11,3,8,0.2727272727272727,0.7272727272727273,0.8453509366224364
13238,11,3,8,0.2727272727272727,0.7272727272727273,0.8453509366224364
13239,11,1,10,0.09090909090909091,0.9090909090909091,0.4394969869215134
13240,11,1,10,0.09090909090909091,0.9090909090909091,0.4394969869215134
13241,11,2,9,0.18181818181818182,0.8181818181818182,0.6840384356390418
13242,11,2,9,0.18181818181818182,0.8181818181818182,0.6840384356390418
13243,11,1,10,0.09090909090909091,0.9090909090909091,0.4394969869215134
13244,11,2,9,0.18181818181818182,0.8181818181818182,0.6840384356390418
13245,11,2,9,0.18181818181818182,0.8181818181818182,0.6840384356390418
13246,11,2,9,0.18181818181818182,0.8181818181818182,0.6840384356390418
13247,11,1,10,0.09090909090909091,0.9090909090909091,0.4394969869215134
13248,11,1,10,0.09090909090909091,0.9090909090909091,0.4394969869215134
13249,11,2,9,0.18181818181818182,0.8181818181818182,0.6840384356390418
13250,11,1,10,0.09090909090909091,0.9090909090909091,0.4394969869215134
13251,11,1,10,0.09090909090909091,0.9090909090909091,0.4394969869215134
13252,11,0,11,0.0,1.0,0.0
13253,11,0,11,0.0,1.0,0.0
13254,11,0,11,0.0,1.0,0.0
13255,11,1,10,0.09090909090909091,0.9090909090909091,0.4394969869215134
13256,11,1,10,0.09090909090909091,0.9090909090909091,0.4394969869215134
13257,11,0,11,0.0,1.0,0.0
13258,11,4,7,0.36363636363636365,0.6363636363636364,0.9456603046006401
13259,11,2,9,0.18181818181818182,0.8181818181818182,0.6840384356390418
13260,11,1,10,0.09090909090909091,0.9090909090909091,0.4394969869215134
13261,11,3,8,0.2727272727272727,0.7272727272727273,0.8453509366224364
13262,11,3,8,0.2727272727272727,0.7272727272727273,0.8453509366224364
13263,11,4,7,0.36363636363636365,0.6363636363636364,0.9456603046006401
13264,11,0,11,0.0,1.0,0.0
13265,11,0,11,0.0,1.0,0.0
13266,11,0,11,0.0,1.0,0.0
13267,11,4,7,0.36363636363636365,0.6363636363636364,0.9456603046006401
13268,11,3,8,0.2727272727272727,0.7272727272727273,0.8453509366224364
13269,11,2,9,0.18181818181818182,0.8181818181818182,0.6840384356390418
13270,11,1,10,0.09090909090909091,0.9090909090909091,0.4394969869215134
13271,11,0,11,0.0,1.0,0.0
13272,11,2,9,0.18181818181818182,0.8181818181818182,0.6840384356390418
13273,11,1,10,0.09090909090909091,0.9090909090909091,0.4394969869215134
13274,11,4,7,0.36363636363636365,0.6363636363636364,0.9456603046006401
13275,11,2,9,0.18181818181818182,0.8181818181818182,0.6840384356390418
13276,11,1,10,0.09090909090909091,0.9090909090909091,0.4394969869215134
13277,11,1,10,0.09090909090909091,0.9090909090909091,0.4394969869215134
13278,11,0,11,0.0,1.0,0.0
13279,11,0,11,0.0,1.0,0.0
13280,11,6,5,0.5454545454545454,0.45454545454545453,0.9940302114769565
13281,11,1,10,0.09090909090909091,0.9090909090909091,0.4394969869215134
13282,11,0,11,0.0,1.0,0.0
13283,11,3,8,0.2727272727272727,0.7272727272727273,0.8453509366224364
13284,11,0,11,0.0,1.0,0.0
13285,11,2,9,0.18181818181818182,0.8181818181818182,0.6840384356390418
13286,11,2,9,0.18181818181818182,0.8181818181818182,0.6840384356390418
13287,11,0,11,0.0,1.0,0.0
13288,11,1,10,0.09090909090909091,0.9090909090909091,0.4394969869215134
13289,11,0,11,0.0,1.0,0.0
13290,11,1,10,0.09090909090909091,0.9090909090909091,0.4394969869215134
13291,11,1,10,0.09090909090909091,0.9090909090909091,0.4394969869215134
13292,11,2,9,0.18181818181818182,0.8181818181818182,0.6840384356390418
13293,11,2,9,0.18181818181818182,0.8181818181818182,0.6840384356390418
13294,11,2,9,0.18181818181818182,0.8181818181818182,0.6840384356390418
13295,11,1,10,0.09090909090909091,0.9090909090909091,0.4394969869215134
13296,11,2,9,0.18181818181818182,0.8181818181818182,0.6840384356390418
13297,11,2,9,0.18181818181818182,0.8181818181818182,0.6840384356390418
13298,11,2,9,0.18181818181818182,0.8181818181818182,0.6840384356390418
13299,11,1,10,0.09090909090909091,0.9090909090909091,0.4394969869215134
13300,11,1,10,0.09090909090909091,0.9090909090909091,0.4394969869215134
13301,11,1,10,0.09090909090909091,0.9090909090909091,0.4394969869215134
13302,11,1,10,0.09090909090909091,0.9090909090909091,0.4394969869215134
13303,11,3,8,0.2727272727272727,0.7272727272727273,0.8453509366224364
13304,11,2,9,0.18181818181818182,0.8181818181818182,0.6840384356390418
13305,11,1,10,0.09090909090909091,0.9090909090909091,0.4394969869215134
13306,11,1,10,0.09090909090909091,0.9090909090909091,0.4394969869215134
13307,11,1,10,0.09090909090909091,0.9090909090909091,0.4394969869215134
13308,11,2,9,0.18181818181818182,0.8181818181818182,0.6840384356390418
13309,11,2,9,0.18181818181818182,0.8181818181818182,0.6840384356390418
13310,11,1,10,0.09090909090909091,0.9090909090909091,0.4394969869215134
13311,11,0,11,0.0,1.0,0.0
13312,11,1,10,0.09090909090909091,0.9090909090909091,0.4394969869215134
13313,11,2,9,0.18181818181818182,0.8181818181818182,0.6840384356390418
13314,11,0,11,0.0,1.0,0.0
13315,11,4,7,0.36363636363636365,0.6363636363636364,0.9456603046006401
13316,11,2,9,0.18181818181818182,0.8181818181818182,0.6840384356390418
13317,11,0,11,0.0,1.0,0.0
13318,11,1,10,0.09090909090909091,0.9090909090909091,0.4394969869215134
13319,11,1,10,0.09090909090909091,0.9090909090909091,0.4394969869215134
13320,11,0,11,0.0,1.0,0.0
13321,11,1,10,0.09090909090909091,0.9090909090909091,0.4394969869215134
13322,11,2,9,0.18181818181818182,0.8181818181818182,0.6840384356390418
13323,11,3,8,0.2727272727272727,0.7272727272727273,0.8453509366224364
13324,11,2,9,0.18181818181818182,0.8181818181818182,0.6840384356390418
13325,11,2,9,0.18181818181818182,0.8181818181818182,0.6840384356390418
13326,11,0,11,0.0,1.0,0.0
13327,11,1,10,0.09090909090909091,0.9090909090909091,0.4394969869215134
13328,11,3,8,0.2727272727272727,0.7272727272727273,0.8453509366224364
13329,11,0,11,0.0,1.0,0.0
13330,11,1,10,0.09090909090909091,0.9090909090909091,0.4394969869215134
13331,11,1,10,0.09090909090909091,0.9090909090909091,0.4394969869215134
13332,11,2,9,0.18181818181818182,0.8181818181818182,0.6840384356390418
13333,11,2,9,0.18181818181818182,0.8181818181818182,0.6840384356390418
13334,11,1,10,0.09090909090909091,0.9090909090909091,0.4394969869215134
13335,11,0,11,0.0,1.0,0.0
13336,11,2,9,0.18181818181818182,0.8181818181818182,0.6840384356390418
13337,11,1,10,0.09090909090909091,0.9090909090909091,0.4394969869215134
13338,11,1,10,0.09090909090909091,0.9090909090909091,0.4394969869215134
13339,11,2,9,0.18181818181818182,0.8181818181818182,0.6840384356390418
13340,11,0,11,0.0,1.0,0.0
13341,11,1,10,0.09090909090909091,0.9090909090909091,0.4394969869215134
13342,11,2,9,0.18181818181818182,0.8181818181818182,0.6840384356390418
13343,11,2,9,0.18181818181818182,0.8181818181818182,0.6840384356390418
13344,11,4,7,0.36363636363636365,0.6363636363636364,0.9456603046006401
13345,11,1,10,0.09090909090909091,0.9090909090909091,0.4394969869215134
13346,11,0,11,0.0,1.0,0.0
13347,11,1,10,0.09090909090909091,0.9090909090909091,0.4394969869215134
13348,11,3,8,0.2727272727272727,0.7272727272727273,0.8453509366224364
13349,11,3,8,0.2727272727272727,0.7272727272727273,0.8453509366224364
13350,11,1,10,0.09090909090909091,0.9090909090909091,0.4394969869215134
13351,11,1,10,0.09090909090909091,0.9090909090909091,0.4394969869215134
13352,11,3,8,0.2727272727272727,0.7272727272727273,0.8453509366224364
13353,11,2,9,0.18181818181818182,0.8181818181818182,0.6840384356390418
13354,11,3,8,0.2727272727272727,0.7272727272727273,0.8453509366224364
13355,11,1,10,0.09090909090909091,0.9090909090909091,0.4394969869215134
13356,11,1,10,0.09090909090909091,0.9090909090909091,0.4394969869215134
13357,11,1,10,0.09090909090909091,0.9090909090909091,0.4394969869215134
13358,11,0,11,0.0,1.0,0.0
13359,11,0,11,0.0,1.0,0.0
13360,11,1,10,0.09090909090909091,0.9090909090909091,0.4394969869215134
13361,11,3,8,0.2727272727272727,0.7272727272727273,0.8453509366224364
13362,11,1,10,0.09090909090909091,0.9090909090909091,0.4394969869215134
13363,11,2,9,0.18181818181818182,0.8181818181818182,0.6840384356390418
13364,11,4,7,0.36363636363636365,0.6363636363636364,0.9456603046006401
13365,11,1,10,0.09090909090909091,0.9090909090909091,0.4394969869215134
13366,11,0,11,0.0,1.0,0.0
13367,11,3,8,0.2727272727272727,0.7272727272727273,0.8453509366224364
13368,11,2,9,0.18181818181818182,0.8181818181818182,0.6840384356390418
13369,11,3,8,0.2727272727272727,0.7272727272727273,0.8453509366224364
13370,11,1,10,0.09090909090909091,0.9090909090909091,0.4394969869215134
13371,11,0,11,0.0,1.0,0.0
13372,11,0,11,0.0,1.0,0.0
13373,11,1,10,0.09090909090909091,0.9090909090909091,0.4394969869215134
13374,11,2,9,0.18181818181818182,0.8181818181818182,0.6840384356390418
13375,11,2,9,0.18181818181818182,0.8181818181818182,0.6840384356390418
13376,11,0,11,0.0,1.0,0.0
13377,11,2,9,0.18181818181818182,0.8181818181818182,0.6840384356390418
13378,11,3,8,0.2727272727272727,0.7272727272727273,0.8453509366224364
13379,11,0,11,0.0,1.0,0.0
13380,11,2,9,0.18181818181818182,0.8181818181818182,0.6840384356390418
13381,11,1,10,0.09090909090909091,0.9090909090909091,0.4394969869215134
13382,11,2,9,0.18181818181818182,0.8181818181818182,0.6840384356390418
13383,11,3,8,0.2727272727272727,0.7272727272727273,0.8453509366224364
13384,11,1,10,0.09090909090909091,0.9090909090909091,0.4394969869215134
13385,11,1,10,0.09090909090909091,0.9090909090909091,0.4394969869215134
13386,11,1,10,0.09090909090909091,0.9090909090909091,0.4394969869215134
13387,11,1,10,0.09090909090909091,0.9090909090909091,0.4394969869215134
13388,11,1,10,0.09090909090909091,0.9090909090909091,0.4394969869215134
13389,11,1,10,0.09090909090909091,0.9090909090909091,0.4394969869215134
13390,11,3,8,0.2727272727272727,0.7272727272727273,0.8453509366224364
13391,11,1,10,0.09090909090909091,0.9090909090909091,0.4394969869215134
13392,11,2,9,0.18181818181818182,0.8181818181818182,0.6840384356390418
13393,11,1,10,0.09090909090909091,0.9090909090909091,0.4394969869215134
13394,11,2,9,0.18181818181818182,0.8181818181818182,0.6840384356390418
13395,11,0,11,0.0,1.0,0.0
13396,11,1,10,0.09090909090909091,0.9090909090909091,0.4394969869215134
13397,11,0,11,0.0,1.0,0.0
13398,11,2,9,0.18181818181818182,0.8181818181818182,0.6840384356390418
13399,11,1,10,0.09090909090909091,0.9090909090909091,0.4394969869215134
13400,11,1,10,0.09090909090909091,0.9090909090909091,0.4394969869215134
13401,11,4,7,0.36363636363636365,0.6363636363636364,0.9456603046006401
13402,11,3,8,0.2727272727272727,0.7272727272727273,0.8453509366224364
13403,11,0,11,0.0,1.0,0.0
13404,11,1,10,0.09090909090909091,0.9090909090909091,0.4394969869215134
13405,11,2,9,0.18181818181818182,0.8181818181818182,0.6840384356390418
13406,11,0,11,0.0,1.0,0.0
13407,11,2,9,0.18181818181818182,0.8181818181818182,0.6840384356390418
13408,11,4,7,0.36363636363636365,0.6363636363636364,0.9456603046006401
13409,11,1,10,0.09090909090909091,0.9090909090909091,0.4394969869215134
13410,11,1,10,0.09090909090909091,0.9090909090909091,0.4394969869215134
13411,11,1,10,0.09090909090909091,0.9090909090909091,0.4394969869215134
13412,11,2,9,0.18181818181818182,0.8181818181818182,0.6840384356390418
13413,11,1,10,0.09090909090909091,0.9090909090909091,0.4394969869215134
13414,11,3,8,0.2727272727272727,0.7272727272727273,0.8453509366224364
13415,11,2,9,0.18181818181818182,0.8181818181818182,0.6840384356390418
13416,11,2,9,0.18181818181818182,0.8181818181818182,0.6840384356390418
13417,11,2,9,0.18181818181818182,0.8181818181818182,0.6840384356390418
13418,11,2,9,0.18181818181818182,0.8181818181818182,0.6840384356390418
13419,11,3,8,0.2727272727272727,0.7272727272727273,0.8453509366224364
13420,11,1,10,0.09090909090909091,0.9090909090909091,0.4394969869215134
13421,11,2,9,0.18181818181818182,0.8181818181818182,0.6840384356390418
13422,11,2,9,0.18181818181818182,0.8181818181818182,0.6840384356390418
13423,11,2,9,0.18181818181818182,0.8181818181818182,0.6840384356390418
13424,11,0,11,0.0,1.0,0.0
13425,11,0,11,0.0,1.0,0.0
13426,11,1,10,0.09090909090909091,0.9090909090909091,0.4394969869215134
13427,11,1,10,0.09090909090909091,0.9090909090909091,0.4394969869215134
13428,11,2,9,0.18181818181818182,0.8181818181818182,0.6840384356390418
13429,11,0,11,0.0,1.0,0.0
13430,11,1,10,0.09090909090909091,0.9090909090909091,0.4394969869215134
13431,11,0,11,0.0,1.0,0.0
13432,11,1,10,0.09090909090909091,0.9090909090909091,0.4394969869215134
13433,11,2,9,0.18181818181818182,0.8181818181818182,0.6840384356390418
13434,11,0,11,0.0,1.0,0.0
13435,11,0,11,0.0,1.0,0.0
13436,11,0,11,0.0,1.0,0.0
13437,11,1,10,0.09090909090909091,0.9090909090909091,0.4394969869215134
13438,11,0,11,0.0,1.0,0.0
13439,11,1,10,0.09090909090909091,0.9090909090909091,0.4394969869215134
13440,11,0,11,0.0,1.0,0.0
13441,11,3,8,0.2727272727272727,0.7272727272727273,0.8453509366224364
13442,11,1,10,0.09090909090909091,0.9090909090909091,0.4394969869215134
13443,11,0,11,0.0,1.0,0.0
13444,11,2,9,0.18181818181818182,0.8181818181818182,0.6840384356390418
13445,11,2,9,0.18181818181818182,0.8181818181818182,0.6840384356390418
13446,11,1,10,0.09090909090909091,0.9090909090909091,0.4394969869215134
13447,11,0,11,0.0,1.0,0.0
13448,11,2,9,0.18181818181818182,0.8181818181818182,0.6840384356390418
13449,11,2,9,0.18181818181818182,0.8181818181818182,0.6840384356390418
13450,11,2,9,0.18181818181818182,0.8181818181818182,0.6840384356390418
13451,11,1,10,0.09090909090909091,0.9090909090909091,0.4394969869215134
13452,11,1,10,0.09090909090909091,0.9090909090909091,0.4394969869215134
13453,11,2,9,0.18181818181818182,0.8181818181818182,0.6840384356390418
13454,11,0,11,0.0,1.0,0.0
13455,11,1,10,0.09090909090909091,0.9090909090909091,0.4394969869215134
13456,11,0,11,0.0,1.0,0.0
13457,11,1,10,0.09090909090909091,0.9090909090909091,0.4394969869215134
13458,11,2,9,0.18181818181818182,0.8181818181818182,0.6840384356390418
13459,11,1,10,0.09090909090909091,0.9090909090909091,0.4394969869215134
13460,11,2,9,0.18181818181818182,0.8181818181818182,0.6840384356390418
13461,11,2,9,0.18181818181818182,0.8181818181818182,0.6840384356390418
13462,11,1,10,0.09090909090909091,0.9090909090909091,0.4394969869215134
13463,11,3,8,0.2727272727272727,0.7272727272727273,0.8453509366224364
13464,11,2,9,0.18181818181818182,0.8181818181818182,0.6840384356390418
13465,11,0,11,0.0,1.0,0.0
13466,11,3,8,0.2727272727272727,0.7272727272727273,0.8453509366224364
13467,11,1,10,0.09090909090909091,0.9090909090909091,0.4394969869215134
13468,11,1,10,0.09090909090909091,0.9090909090909091,0.4394969869215134
13469,11,2,9,0.18181818181818182,0.8181818181818182,0.6840384356390418
13470,11,2,9,0.18181818181818182,0.8181818181818182,0.6840384356390418
13471,11,1,10,0.09090909090909091,0.9090909090909091,0.4394969869215134
13472,11,0,11,0.0,1.0,0.0
13473,11,2,9,0.18181818181818182,0.8181818181818182,0.6840384356390418
13474,11,3,8,0.2727272727272727,0.7272727272727273,0.8453509366224364
13475,11,2,9,0.18181818181818182,0.8181818181818182,0.6840384356390418
13476,11,2,9,0.18181818181818182,0.8181818181818182,0.6840384356390418
13477,11,3,8,0.2727272727272727,0.7272727272727273,0.8453509366224364
13478,11,4,7,0.36363636363636365,0.6363636363636364,0.9456603046006401
13479,11,1,10,0.09090909090909091,0.9090909090909091,0.4394969869215134
13480,11,0,11,0.0,1.0,0.0
13481,11,1,10,0.09090909090909091,0.9090909090909091,0.4394969869215134
13482,11,1,10,0.09090909090909091,0.9090909090909091,0.4394969869215134
13483,11,1,10,0.09090909090909091,0.9090909090909091,0.4394969869215134
13484,11,3,8,0.2727272727272727,0.7272727272727273,0.8453509366224364
13485,11,1,10,0.09090909090909091,0.9090909090909091,0.4394969869215134
13486,11,0,11,0.0,1.0,0.0
13487,11,3,8,0.2727272727272727,0.7272727272727273,0.8453509366224364
13488,11,0,11,0.0,1.0,0.0
13489,11,0,11,0.0,1.0,0.0
13490,11,0,11,0.0,1.0,0.0
13491,11,1,10,0.09090909090909091,0.9090909090909091,0.4394969869215134
13492,11,3,8,0.2727272727272727,0.7272727272727273,0.8453509366224364
13493,11,2,9,0.18181818181818182,0.8181818181818182,0.6840384356390418
13494,11,3,8,0.2727272727272727,0.7272727272727273,0.8453509366224364
13495,11,1,10,0.09090909090909091,0.9090909090909091,0.4394969869215134
13496,11,1,10,0.09090909090909091,0.9090909090909091,0.4394969869215134
13497,11,3,8,0.2727272727272727,0.7272727272727273,0.8453509366224364
13498,11,2,9,0.18181818181818182,0.8181818181818182,0.6840384356390418
13499,11,1,10,0.09090909090909091,0.9090909090909091,0.4394969869215134
13500,11,2,9,0.18181818181818182,0.8181818181818182,0.6840384356390418
13501,11,2,9,0.18181818181818182,0.8181818181818182,0.6840384356390418
13502,11,1,10,0.09090909090909091,0.9090909090909091,0.4394969869215134
13503,11,5,6,0.45454545454545453,0.5454545454545454,0.9940302114769565
13504,11,0,11,0.0,1.0,0.0
13505,11,2,9,0.18181818181818182,0.8181818181818182,0.6840384356390418
13506,11,2,9,0.18181818181818182,0.8181818181818182,0.6840384356390418
13507,11,0,11,0.0,1.0,0.0
13508,11,2,9,0.18181818181818182,0.8181818181818182,0.6840384356390418
13509,11,1,10,0.09090909090909091,0.9090909090909091,0.4394969869215134
13510,11,2,9,0.18181818181818182,0.8181818181818182,0.6840384356390418
13511,11,1,10,0.09090909090909091,0.9090909090909091,0.4394969869215134
13512,11,3,8,0.2727272727272727,0.7272727272727273,0.8453509366224364
13513,11,0,11,0.0,1.0,0.0
13514,11,1,10,0.09090909090909091,0.9090909090909091,0.4394969869215134
13515,11,1,10,0.09090909090909091,0.9090909090909091,0.4394969869215134
13516,11,3,8,0.2727272727272727,0.7272727272727273,0.8453509366224364
13517,11,1,10,0.09090909090909091,0.9090909090909091,0.4394969869215134
13518,11,1,10,0.09090909090909091,0.9090909090909091,0.4394969869215134
13519,11,3,8,0.2727272727272727,0.7272727272727273,0.8453509366224364
13520,11,1,10,0.09090909090909091,0.9090909090909091,0.4394969869215134
13521,11,1,10,0.09090909090909091,0.9090909090909091,0.4394969869215134
13522,11,2,9,0.18181818181818182,0.8181818181818182,0.6840384356390418
13523,11,2,9,0.18181818181818182,0.8181818181818182,0.6840384356390418
13524,11,2,9,0.18181818181818182,0.8181818181818182,0.6840384356390418
13525,11,1,10,0.09090909090909091,0.9090909090909091,0.4394969869215134
13526,11,0,11,0.0,1.0,0.0
13527,11,2,9,0.18181818181818182,0.8181818181818182,0.6840384356390418
13528,11,1,10,0.09090909090909091,0.9090909090909091,0.4394969869215134
13529,11,2,9,0.18181818181818182,0.8181818181818182,0.6840384356390418
13530,11,2,9,0.18181818181818182,0.8181818181818182,0.6840384356390418
13531,11,1,10,0.09090909090909091,0.9090909090909091,0.4394969869215134
13532,11,3,8,0.2727272727272727,0.7272727272727273,0.8453509366224364
13533,11,3,8,0.2727272727272727,0.7272727272727273,0.8453509366224364
13534,11,2,9,0.18181818181818182,0.8181818181818182,0.6840384356390418
13535,11,1,10,0.09090909090909091,0.9090909090909091,0.4394969869215134
13536,11,3,8,0.2727272727272727,0.7272727272727273,0.8453509366224364
13537,11,4,7,0.36363636363636365,0.6363636363636364,0.9456603046006401
13538,11,1,10,0.09090909090909091,0.9090909090909091,0.4394969869215134
13539,11,2,9,0.18181818181818182,0.8181818181818182,0.6840384356390418
13540,11,1,10,0.09090909090909091,0.9090909090909091,0.4394969869215134
13541,11,0,11,0.0,1.0,0.0
13542,11,0,11,0.0,1.0,0.0
13543,11,1,10,0.09090909090909091,0.9090909090909091,0.4394969869215134
13544,11,2,9,0.18181818181818182,0.8181818181818182,0.6840384356390418
13545,11,3,8,0.2727272727272727,0.7272727272727273,0.8453509366224364
13546,11,1,10,0.09090909090909091,0.9090909090909091,0.4394969869215134
13547,11,1,10,0.09090909090909091,0.9090909090909091,0.4394969869215134
13548,11,1,10,0.09090909090909091,0.9090909090909091,0.4394969869215134
13549,11,2,9,0.18181818181818182,0.8181818181818182,0.6840384356390418
13550,11,1,10,0.09090909090909091,0.9090909090909091,0.4394969869215134
13551,11,0,11,0.0,1.0,0.0
13552,11,1,10,0.09090909090909091,0.9090909090909091,0.4394969869215134
13553,11,0,11,0.0,1.0,0.0
13554,11,0,11,0.0,1.0,0.0
13555,11,3,8,0.2727272727272727,0.7272727272727273,0.8453509366224364
13556,11,1,10,0.09090909090909091,0.9090909090909091,0.4394969869215134
13557,11,3,8,0.2727272727272727,0.7272727272727273,0.8453509366224364
13558,11,2,9,0.18181818181818182,0.8181818181818182,0.6840384356390418
13559,11,1,10,0.09090909090909091,0.9090909090909091,0.4394969869215134
13560,11,2,9,0.18181818181818182,0.8181818181818182,0.6840384356390418
13561,11,4,7,0.36363636363636365,0.6363636363636364,0.9456603046006401
13562,11,1,10,0.09090909090909091,0.9090909090909091,0.4394969869215134
13563,11,2,9,0.18181818181818182,0.8181818181818182,0.6840384356390418
13564,11,0,11,0.0,1.0,0.0
13565,11,1,10,0.09090909090909091,0.9090909090909091,0.4394969869215134
13566,11,1,10,0.09090909090909091,0.9090909090909091,0.4394969869215134
13567,11,2,9,0.18181818181818182,0.8181818181818182,0.6840384356390418
13568,11,0,11,0.0,1.0,0.0
13569,11,0,11,0.0,1.0,0.0
13570,11,3,8,0.2727272727272727,0.7272727272727273,0.8453509366224364
13571,11,0,11,0.0,1.0,0.0
13572,11,1,10,0.09090909090909091,0.9090909090909091,0.4394969869215134
13573,11,2,9,0.18181818181818182,0.8181818181818182,0.6840384356390418
13574,11,1,10,0.09090909090909091,0.9090909090909091,0.4394969869215134
13575,11,0,11,0.0,1.0,0.0
13576,11,1,10,0.09090909090909091,0.9090909090909091,0.4394969869215134
13577,11,1,10,0.09090909090909091,0.9090909090909091,0.4394969869215134
13578,11,1,10,0.09090909090909091,0.9090909090909091,0.4394969869215134
13579,11,2,9,0.18181818181818182,0.8181818181818182,0.6840384356390418
13580,11,1,10,0.09090909090909091,0.9090909090909091,0.4394969869215134
13581,11,0,11,0.0,1.0,0.0
13582,11,2,9,0.18181818181818182,0.8181818181818182,0.6840384356390418
13583,11,2,9,0.18181818181818182,0.8181818181818182,0.6840384356390418
13584,11,3,8,0.2727272727272727,0.7272727272727273,0.8453509366224364
13585,11,4,7,0.36363636363636365,0.6363636363636364,0.9456603046006401
13586,11,3,8,0.2727272727272727,0.7272727272727273,0.8453509366224364
13587,11,2,9,0.18181818181818182,0.8181818181818182,0.6840384356390418
13588,11,1,10,0.09090909090909091,0.9090909090909091,0.4394969869215134
13589,11,0,11,0.0,1.0,0.0
13590,11,2,9,0.18181818181818182,0.8181818181818182,0.6840384356390418
13591,11,3,8,0.2727272727272727,0.7272727272727273,0.8453509366224364
13592,11,2,9,0.18181818181818182,0.8181818181818182,0.6840384356390418
13593,11,0,11,0.0,1.0,0.0
13594,11,0,11,0.0,1.0,0.0
13595,11,4,7,0.36363636363636365,0.6363636363636364,0.9456603046006401
13596,11,2,9,0.18181818181818182,0.8181818181818182,0.6840384356390418
13597,11,3,8,0.2727272727272727,0.7272727272727273,0.8453509366224364
13598,11,5,6,0.45454545454545453,0.5454545454545454,0.9940302114769565
13599,11,4,7,0.36363636363636365,0.6363636363636364,0.9456603046006401
13600,11,1,10,0.09090909090909091,0.9090909090909091,0.4394969869215134
13601,11,3,8,0.2727272727272727,0.7272727272727273,0.8453509366224364
13602,11,4,7,0.36363636363636365,0.6363636363636364,0.9456603046006401
13603,11,1,10,0.09090909090909091,0.9090909090909091,0.4394969869215134
13604,11,1,10,0.09090909090909091,0.9090909090909091,0.4394969869215134
13605,11,2,9,0.18181818181818182,0.8181818181818182,0.6840384356390418
13606,11,1,10,0.09090909090909091,0.9090909090909091,0.4394969869215134
13607,11,1,10,0.09090909090909091,0.9090909090909091,0.4394969869215134
13608,11,1,10,0.09090909090909091,0.9090909090909091,0.4394969869215134
13609,11,2,9,0.18181818181818182,0.8181818181818182,0.6840384356390418
13610,11,4,7,0.36363636363636365,0.6363636363636364,0.9456603046006401
13611,11,3,8,0.2727272727272727,0.7272727272727273,0.8453509366224364
13612,11,1,10,0.09090909090909091,0.9090909090909091,0.4394969869215134
13613,11,4,7,0.36363636363636365,0.6363636363636364,0.9456603046006401
13614,11,0,11,0.0,1.0,0.0
13615,11,1,10,0.09090909090909091,0.9090909090909091,0.4394969869215134
13616,11,0,11,0.0,1.0,0.0
13617,11,1,10,0.09090909090909091,0.9090909090909091,0.4394969869215134
13618,11,0,11,0.0,1.0,0.0
13619,11,0,11,0.0,1.0,0.0
13620,11,1,10,0.09090909090909091,0.9090909090909091,0.4394969869215134
13621,11,4,7,0.36363636363636365,0.6363636363636364,0.9456603046006401
13622,11,1,10,0.09090909090909091,0.9090909090909091,0.4394969869215134
13623,11,0,11,0.0,1.0,0.0
13624,11,2,9,0.18181818181818182,0.8181818181818182,0.6840384356390418
13625,11,3,8,0.2727272727272727,0.7272727272727273,0.8453509366224364
13626,11,1,10,0.09090909090909091,0.9090909090909091,0.4394969869215134
13627,11,0,11,0.0,1.0,0.0
13628,11,1,10,0.09090909090909091,0.9090909090909091,0.4394969869215134
13629,11,3,8,0.2727272727272727,0.7272727272727273,0.8453509366224364
13630,11,1,10,0.09090909090909091,0.9090909090909091,0.4394969869215134
13631,11,3,8,0.2727272727272727,0.7272727272727273,0.8453509366224364
13632,11,2,9,0.18181818181818182,0.8181818181818182,0.6840384356390418
13633,11,0,11,0.0,1.0,0.0
13634,11,2,9,0.18181818181818182,0.8181818181818182,0.6840384356390418
13635,11,3,8,0.2727272727272727,0.7272727272727273,0.8453509366224364
13636,11,4,7,0.36363636363636365,0.6363636363636364,0.9456603046006401
13637,11,2,9,0.18181818181818182,0.8181818181818182,0.6840384356390418
13638,11,2,9,0.18181818181818182,0.8181818181818182,0.6840384356390418
13639,11,2,9,0.18181818181818182,0.8181818181818182,0.6840384356390418
13640,11,2,9,0.18181818181818182,0.8181818181818182,0.6840384356390418
13641,11,4,7,0.36363636363636365,0.6363636363636364,0.9456603046006401
13642,11,3,8,0.2727272727272727,0.7272727272727273,0.8453509366224364
13643,11,1,10,0.09090909090909091,0.9090909090909091,0.4394969869215134
13644,11,1,10,0.09090909090909091,0.9090909090909091,0.4394969869215134
13645,11,3,8,0.2727272727272727,0.7272727272727273,0.8453509366224364
13646,11,4,7,0.36363636363636365,0.6363636363636364,0.9456603046006401
13647,11,1,10,0.09090909090909091,0.9090909090909091,0.4394969869215134
13648,11,1,10,0.09090909090909091,0.9090909090909091,0.4394969869215134
13649,11,1,10,0.09090909090909091,0.9090909090909091,0.4394969869215134
13650,11,1,10,0.09090909090909091,0.9090909090909091,0.4394969869215134
13651,11,0,11,0.0,1.0,0.0
13652,11,1,10,0.09090909090909091,0.9090909090909091,0.4394969869215134
13653,11,2,9,0.18181818181818182,0.8181818181818182,0.6840384356390418
13654,11,1,10,0.09090909090909091,0.9090909090909091,0.4394969869215134
13655,11,2,9,0.18181818181818182,0.8181818181818182,0.6840384356390418
13656,11,1,10,0.09090909090909091,0.9090909090909091,0.4394969869215134
13657,11,3,8,0.2727272727272727,0.7272727272727273,0.8453509366224364
13658,11,3,8,0.2727272727272727,0.7272727272727273,0.8453509366224364
13659,11,1,10,0.09090909090909091,0.9090909090909091,0.4394969869215134
13660,11,2,9,0.18181818181818182,0.8181818181818182,0.6840384356390418
13661,11,3,8,0.2727272727272727,0.7272727272727273,0.8453509366224364
13662,11,1,10,0.09090909090909091,0.9090909090909091,0.4394969869215134
13663,11,2,9,0.18181818181818182,0.8181818181818182,0.6840384356390418
13664,11,1,10,0.09090909090909091,0.9090909090909091,0.4394969869215134
13665,11,1,10,0.09090909090909091,0.9090909090909091,0.4394969869215134
13666,11,1,10,0.09090909090909091,0.9090909090909091,0.4394969869215134
13667,11,1,10,0.09090909090909091,0.9090909090909091,0.4394969869215134
13668,11,1,10,0.09090909090909091,0.9090909090909091,0.4394969869215134
13669,11,3,8,0.2727272727272727,0.7272727272727273,0.8453509366224364
13670,11,0,11,0.0,1.0,0.0
13671,11,1,10,0.09090909090909091,0.9090909090909091,0.4394969869215134
13672,11,2,9,0.18181818181818182,0.8181818181818182,0.6840384356390418
13673,11,2,9,0.18181818181818182,0.8181818181818182,0.6840384356390418
13674,11,2,9,0.18181818181818182,0.8181818181818182,0.6840384356390418
13675,11,2,9,0.18181818181818182,0.8181818181818182,0.6840384356390418
13676,11,2,9,0.18181818181818182,0.8181818181818182,0.6840384356390418
13677,11,0,11,0.0,1.0,0.0
13678,11,0,11,0.0,1.0,0.0
13679,11,1,10,0.09090909090909091,0.9090909090909091,0.4394969869215134
13680,11,1,10,0.09090909090909091,0.9090909090909091,0.4394969869215134
13681,11,2,9,0.18181818181818182,0.8181818181818182,0.6840384356390418
13682,11,1,10,0.09090909090909091,0.9090909090909091,0.4394969869215134
13683,11,0,11,0.0,1.0,0.0
13684,11,0,11,0.0,1.0,0.0
13685,11,2,9,0.18181818181818182,0.8181818181818182,0.6840384356390418
13686,11,1,10,0.09090909090909091,0.9090909090909091,0.4394969869215134
13687,11,1,10,0.09090909090909091,0.9090909090909091,0.4394969869215134
13688,11,1,10,0.09090909090909091,0.9090909090909091,0.4394969869215134
13689,11,3,8,0.2727272727272727,0.7272727272727273,0.8453509366224364
13690,11,2,9,0.18181818181818182,0.8181818181818182,0.6840384356390418
13691,11,3,8,0.2727272727272727,0.7272727272727273,0.8453509366224364
13692,11,2,9,0.18181818181818182,0.8181818181818182,0.6840384356390418
13693,11,2,9,0.18181818181818182,0.8181818181818182,0.6840384356390418
13694,11,2,9,0.18181818181818182,0.8181818181818182,0.6840384356390418
13695,11,2,9,0.18181818181818182,0.8181818181818182,0.6840384356390418
13696,11,3,8,0.2727272727272727,0.7272727272727273,0.8453509366224364
13697,11,1,10,0.09090909090909091,0.9090909090909091,0.4394969869215134
13698,11,3,8,0.2727272727272727,0.7272727272727273,0.8453509366224364
13699,11,1,10,0.09090909090909091,0.9090909090909091,0.4394969869215134
13700,11,4,7,0.36363636363636365,0.6363636363636364,0.9456603046006401
13701,11,1,10,0.09090909090909091,0.9090909090909091,0.4394969869215134
13702,11,0,11,0.0,1.0,0.0
13703,11,2,9,0.18181818181818182,0.8181818181818182,0.6840384356390418
13704,11,1,10,0.09090909090909091,0.9090909090909091,0.4394969869215134
13705,11,1,10,0.09090909090909091,0.9090909090909091,0.4394969869215134
13706,11,0,11,0.0,1.0,0.0
13707,11,1,10,0.09090909090909091,0.9090909090909091,0.4394969869215134
13708,11,1,10,0.09090909090909091,0.9090909090909091,0.4394969869215134
13709,11,2,9,0.18181818181818182,0.8181818181818182,0.6840384356390418
13710,11,1,10,0.09090909090909091,0.9090909090909091,0.4394969869215134
13711,11,2,9,0.18181818181818182,0.8181818181818182,0.6840384356390418
13712,11,2,9,0.18181818181818182,0.8181818181818182,0.6840384356390418
13713,11,6,5,0.5454545454545454,0.45454545454545453,0.9940302114769565
13714,11,3,8,0.2727272727272727,0.7272727272727273,0.8453509366224364
13715,11,2,9,0.18181818181818182,0.8181818181818182,0.6840384356390418
13716,11,0,11,0.0,1.0,0.0
13717,11,2,9,0.18181818181818182,0.8181818181818182,0.6840384356390418
13718,11,2,9,0.18181818181818182,0.8181818181818182,0.6840384356390418
13719,11,3,8,0.2727272727272727,0.7272727272727273,0.8453509366224364
13720,11,6,5,0.5454545454545454,0.45454545454545453,0.9940302114769565
13721,11,0,11,0.0,1.0,0.0
13722,11,2,9,0.18181818181818182,0.8181818181818182,0.6840384356390418
13723,11,2,9,0.18181818181818182,0.8181818181818182,0.6840384356390418
13724,11,3,8,0.2727272727272727,0.7272727272727273,0.8453509366224364
13725,11,2,9,0.18181818181818182,0.8181818181818182,0.6840384356390418
13726,11,0,11,0.0,1.0,0.0
13727,11,1,10,0.09090909090909091,0.9090909090909091,0.4394969869215134
13728,11,0,11,0.0,1.0,0.0
13729,11,0,11,0.0,1.0,0.0
13730,11,1,10,0.09090909090909091,0.9090909090909091,0.4394969869215134
13731,11,0,11,0.0,1.0,0.0
13732,11,3,8,0.2727272727272727,0.7272727272727273,0.8453509366224364
13733,11,2,9,0.18181818181818182,0.8181818181818182,0.6840384356390418
13734,11,2,9,0.18181818181818182,0.8181818181818182,0.6840384356390418
13735,10,1,9,0.1,0.9,0.4689955935892812
13736,10,1,9,0.1,0.9,0.4689955935892812
13737,10,1,9,0.1,0.9,0.4689955935892812
13738,10,2,8,0.2,0.8,0.7219280948873623
13739,10,3,7,0.3,0.7,0.8812908992306927
13740,10,0,10,0.0,1.0,0.0
13741,10,0,10,0.0,1.0,0.0
13742,10,7,3,0.7,0.3,0.8812908992306927
13743,10,1,9,0.1,0.9,0.4689955935892812
13744,10,3,7,0.3,0.7,0.8812908992306927
13745,10,2,8,0.2,0.8,0.7219280948873623
13746,10,1,9,0.1,0.9,0.4689955935892812
13747,10,2,8,0.2,0.8,0.7219280948873623
13748,10,3,7,0.3,0.7,0.8812908992306927
13749,10,5,5,0.5,0.5,1.0
13750,10,2,8,0.2,0.8,0.7219280948873623
13751,10,1,9,0.1,0.9,0.4689955935892812
13752,10,3,7,0.3,0.7,0.8812908992306927
13753,10,2,8,0.2,0.8,0.7219280948873623
13754,10,0,10,0.0,1.0,0.0
13755,10,2,8,0.2,0.8,0.7219280948873623
13756,10,1,9,0.1,0.9,0.4689955935892812
13757,10,0,10,0.0,1.0,0.0
13758,10,3,7,0.3,0.7,0.8812908992306927
13759,10,1,9,0.1,0.9,0.4689955935892812
13760,10,2,8,0.2,0.8,0.7219280948873623
13761,10,2,8,0.2,0.8,0.7219280948873623
13762,10,1,9,0.1,0.9,0.4689955935892812
13763,10,1,9,0.1,0.9,0.4689955935892812
13764,10,3,7,0.3,0.7,0.8812908992306927
13765,10,5,5,0.5,0.5,1.0
13766,10,1,9,0.1,0.9,0.4689955935892812
13767,10,1,9,0.1,0.9,0.4689955935892812
13768,10,1,9,0.1,0.9,0.4689955935892812
13769,10,2,8,0.2,0.8,0.7219280948873623
13770,10,2,8,0.2,0.8,0.7219280948873623
13771,10,1,9,0.1,0.9,0.4689955935892812
13772,10,2,8,0.2,0.8,0.7219280948873623
13773,10,2,8,0.2,0.8,0.7219280948873623
13774,10,3,7,0.3,0.7,0.8812908992306927
13775,10,3,7,0.3,0.7,0.8812908992306927
13776,10,0,10,0.0,1.0,0.0
13777,10,2,8,0.2,0.8,0.7219280948873623
13778,10,4,6,0.4,0.6,0.9709505944546686
13779,10,0,10,0.0,1.0,0.0
13780,10,2,8,0.2,0.8,0.7219280948873623
13781,10,2,8,0.2,0.8,0.7219280948873623
13782,10,1,9,0.1,0.9,0.4689955935892812
13783,10,3,7,0.3,0.7,0.8812908992306927
13784,10,3,7,0.3,0.7,0.8812908992306927
13785,10,2,8,0.2,0.8,0.7219280948873623
13786,10,0,10,0.0,1.0,0.0
13787,10,0,10,0.0,1.0,0.0
13788,10,2,8,0.2,0.8,0.7219280948873623
13789,10,2,8,0.2,0.8,0.7219280948873623
13790,10,0,10,0.0,1.0,0.0
13791,10,1,9,0.1,0.9,0.4689955935892812
13792,10,0,10,0.0,1.0,0.0
13793,10,3,7,0.3,0.7,0.8812908992306927
13794,10,1,9,0.1,0.9,0.4689955935892812
13795,10,1,9,0.1,0.9,0.4689955935892812
13796,10,2,8,0.2,0.8,0.7219280948873623
13797,10,3,7,0.3,0.7,0.8812908992306927
13798,10,1,9,0.1,0.9,0.4689955935892812
13799,10,1,9,0.1,0.9,0.4689955935892812
13800,10,1,9,0.1,0.9,0.4689955935892812
13801,10,0,10,0.0,1.0,0.0
13802,10,2,8,0.2,0.8,0.7219280948873623
13803,10,4,6,0.4,0.6,0.9709505944546686
13804,10,2,8,0.2,0.8,0.7219280948873623
13805,10,2,8,0.2,0.8,0.7219280948873623
13806,10,0,10,0.0,1.0,0.0
13807,10,3,7,0.3,0.7,0.8812908992306927
13808,10,1,9,0.1,0.9,0.4689955935892812
13809,10,1,9,0.1,0.9,0.4689955935892812
13810,10,2,8,0.2,0.8,0.7219280948873623
13811,10,0,10,0.0,1.0,0.0
13812,10,2,8,0.2,0.8,0.7219280948873623
13813,10,1,9,0.1,0.9,0.4689955935892812
13814,10,2,8,0.2,0.8,0.7219280948873623
13815,10,2,8,0.2,0.8,0.7219280948873623
13816,10,3,7,0.3,0.7,0.8812908992306927
13817,10,1,9,0.1,0.9,0.4689955935892812
13818,10,1,9,0.1,0.9,0.4689955935892812
13819,10,2,8,0.2,0.8,0.7219280948873623
13820,10,1,9,0.1,0.9,0.4689955935892812
13821,10,1,9,0.1,0.9,0.4689955935892812
13822,10,2,8,0.2,0.8,0.7219280948873623
13823,10,1,9,0.1,0.9,0.4689955935892812
13824,10,1,9,0.1,0.9,0.4689955935892812
13825,10,2,8,0.2,0.8,0.7219280948873623
13826,10,1,9,0.1,0.9,0.4689955935892812
13827,10,1,9,0.1,0.9,0.4689955935892812
13828,10,2,8,0.2,0.8,0.7219280948873623
13829,10,0,10,0.0,1.0,0.0
13830,10,1,9,0.1,0.9,0.4689955935892812
13831,10,1,9,0.1,0.9,0.4689955935892812
13832,10,2,8,0.2,0.8,0.7219280948873623
13833,10,1,9,0.1,0.9,0.4689955935892812
13834,10,3,7,0.3,0.7,0.8812908992306927
13835,10,2,8,0.2,0.8,0.7219280948873623
13836,10,2,8,0.2,0.8,0.7219280948873623
13837,10,1,9,0.1,0.9,0.4689955935892812
13838,10,2,8,0.2,0.8,0.7219280948873623
13839,10,2,8,0.2,0.8,0.7219280948873623
13840,10,1,9,0.1,0.9,0.4689955935892812
13841,10,1,9,0.1,0.9,0.4689955935892812
13842,10,1,9,0.1,0.9,0.4689955935892812
13843,10,1,9,0.1,0.9,0.4689955935892812
13844,10,2,8,0.2,0.8,0.7219280948873623
13845,10,4,6,0.4,0.6,0.9709505944546686
13846,10,2,8,0.2,0.8,0.7219280948873623
13847,10,1,9,0.1,0.9,0.4689955935892812
13848,10,2,8,0.2,0.8,0.7219280948873623
13849,10,1,9,0.1,0.9,0.4689955935892812
13850,10,3,7,0.3,0.7,0.8812908992306927
13851,10,3,7,0.3,0.7,0.8812908992306927
13852,10,1,9,0.1,0.9,0.4689955935892812
13853,10,3,7,0.3,0.7,0.8812908992306927
13854,10,2,8,0.2,0.8,0.7219280948873623
13855,10,1,9,0.1,0.9,0.4689955935892812
13856,10,2,8,0.2,0.8,0.7219280948873623
13857,10,0,10,0.0,1.0,0.0
13858,10,2,8,0.2,0.8,0.7219280948873623
13859,10,2,8,0.2,0.8,0.7219280948873623
13860,10,1,9,0.1,0.9,0.4689955935892812
13861,10,1,9,0.1,0.9,0.4689955935892812
13862,10,1,9,0.1,0.9,0.4689955935892812
13863,10,0,10,0.0,1.0,0.0
13864,10,3,7,0.3,0.7,0.8812908992306927
13865,10,1,9,0.1,0.9,0.4689955935892812
13866,10,1,9,0.1,0.9,0.4689955935892812
13867,10,0,10,0.0,1.0,0.0
13868,10,2,8,0.2,0.8,0.7219280948873623
13869,10,1,9,0.1,0.9,0.4689955935892812
13870,10,1,9,0.1,0.9,0.4689955935892812
13871,10,0,10,0.0,1.0,0.0
13872,10,1,9,0.1,0.9,0.4689955935892812
13873,10,1,9,0.1,0.9,0.4689955935892812
13874,10,2,8,0.2,0.8,0.7219280948873623
13875,10,0,10,0.0,1.0,0.0
13876,10,2,8,0.2,0.8,0.7219280948873623
13877,10,1,9,0.1,0.9,0.4689955935892812
13878,10,3,7,0.3,0.7,0.8812908992306927
13879,10,0,10,0.0,1.0,0.0
13880,10,3,7,0.3,0.7,0.8812908992306927
13881,10,0,10,0.0,1.0,0.0
13882,10,1,9,0.1,0.9,0.4689955935892812
13883,10,3,7,0.3,0.7,0.8812908992306927
13884,10,0,10,0.0,1.0,0.0
13885,10,0,10,0.0,1.0,0.0
13886,10,2,8,0.2,0.8,0.7219280948873623
13887,10,1,9,0.1,0.9,0.4689955935892812
13888,10,0,10,0.0,1.0,0.0
13889,10,2,8,0.2,0.8,0.7219280948873623
13890,10,1,9,0.1,0.9,0.4689955935892812
13891,10,0,10,0.0,1.0,0.0
13892,10,2,8,0.2,0.8,0.7219280948873623
13893,10,1,9,0.1,0.9,0.4689955935892812
13894,10,0,10,0.0,1.0,0.0
13895,10,2,8,0.2,0.8,0.7219280948873623
13896,10,2,8,0.2,0.8,0.7219280948873623
13897,10,1,9,0.1,0.9,0.4689955935892812
13898,10,0,10,0.0,1.0,0.0
13899,10,3,7,0.3,0.7,0.8812908992306927
13900,10,2,8,0.2,0.8,0.7219280948873623
13901,10,2,8,0.2,0.8,0.7219280948873623
13902,10,2,8,0.2,0.8,0.7219280948873623
13903,10,1,9,0.1,0.9,0.4689955935892812
13904,10,3,7,0.3,0.7,0.8812908992306927
13905,10,1,9,0.1,0.9,0.4689955935892812
13906,10,2,8,0.2,0.8,0.7219280948873623
13907,10,1,9,0.1,0.9,0.4689955935892812
13908,10,4,6,0.4,0.6,0.9709505944546686
13909,10,0,10,0.0,1.0,0.0
13910,10,1,9,0.1,0.9,0.4689955935892812
13911,10,0,10,0.0,1.0,0.0
13912,10,0,10,0.0,1.0,0.0
13913,10,2,8,0.2,0.8,0.7219280948873623
13914,10,2,8,0.2,0.8,0.7219280948873623
13915,10,1,9,0.1,0.9,0.4689955935892812
13916,10,0,10,0.0,1.0,0.0
13917,10,1,9,0.1,0.9,0.4689955935892812
13918,10,1,9,0.1,0.9,0.4689955935892812
13919,10,1,9,0.1,0.9,0.4689955935892812
13920,10,2,8,0.2,0.8,0.7219280948873623
13921,10,4,6,0.4,0.6,0.9709505944546686
13922,10,5,5,0.5,0.5,1.0
13923,10,0,10,0.0,1.0,0.0
13924,10,3,7,0.3,0.7,0.8812908992306927
13925,10,1,9,0.1,0.9,0.4689955935892812
13926,10,0,10,0.0,1.0,0.0
13927,10,3,7,0.3,0.7,0.8812908992306927
13928,10,1,9,0.1,0.9,0.4689955935892812
13929,10,1,9,0.1,0.9,0.4689955935892812
13930,10,4,6,0.4,0.6,0.9709505944546686
13931,10,2,8,0.2,0.8,0.7219280948873623
13932,10,3,7,0.3,0.7,0.8812908992306927
13933,10,2,8,0.2,0.8,0.7219280948873623
13934,10,2,8,0.2,0.8,0.7219280948873623
13935,10,0,10,0.0,1.0,0.0
13936,10,1,9,0.1,0.9,0.4689955935892812
13937,10,2,8,0.2,0.8,0.7219280948873623
13938,10,2,8,0.2,0.8,0.7219280948873623
13939,10,3,7,0.3,0.7,0.8812908992306927
13940,10,2,8,0.2,0.8,0.7219280948873623
13941,10,1,9,0.1,0.9,0.4689955935892812
13942,10,1,9,0.1,0.9,0.4689955935892812
13943,10,0,10,0.0,1.0,0.0
13944,10,0,10,0.0,1.0,0.0
13945,10,0,10,0.0,1.0,0.0
13946,10,1,9,0.1,0.9,0.4689955935892812
13947,10,1,9,0.1,0.9,0.4689955935892812
13948,10,2,8,0.2,0.8,0.7219280948873623
13949,10,2,8,0.2,0.8,0.7219280948873623
13950,10,1,9,0.1,0.9,0.4689955935892812
13951,10,0,10,0.0,1.0,0.0
13952,10,1,9,0.1,0.9,0.4689955935892812
13953,10,0,10,0.0,1.0,0.0
13954,10,2,8,0.2,0.8,0.7219280948873623
13955,10,0,10,0.0,1.0,0.0
13956,10,2,8,0.2,0.8,0.7219280948873623
13957,10,2,8,0.2,0.8,0.7219280948873623
13958,10,2,8,0.2,0.8,0.7219280948873623
13959,10,2,8,0.2,0.8,0.7219280948873623
13960,10,1,9,0.1,0.9,0.4689955935892812
13961,10,2,8,0.2,0.8,0.7219280948873623
13962,10,6,4,0.6,0.4,0.9709505944546686
13963,10,1,9,0.1,0.9,0.4689955935892812
13964,10,1,9,0.1,0.9,0.4689955935892812
13965,10,2,8,0.2,0.8,0.7219280948873623
13966,10,1,9,0.1,0.9,0.4689955935892812
13967,10,1,9,0.1,0.9,0.4689955935892812
13968,10,0,10,0.0,1.0,0.0
13969,10,0,10,0.0,1.0,0.0
13970,10,1,9,0.1,0.9,0.4689955935892812
13971,10,1,9,0.1,0.9,0.4689955935892812
13972,10,2,8,0.2,0.8,0.7219280948873623
13973,10,3,7,0.3,0.7,0.8812908992306927
13974,10,3,7,0.3,0.7,0.8812908992306927
13975,10,0,10,0.0,1.0,0.0
13976,10,0,10,0.0,1.0,0.0
13977,10,0,10,0.0,1.0,0.0
13978,10,2,8,0.2,0.8,0.7219280948873623
13979,10,1,9,0.1,0.9,0.4689955935892812
13980,10,2,8,0.2,0.8,0.7219280948873623
13981,10,1,9,0.1,0.9,0.4689955935892812
13982,10,0,10,0.0,1.0,0.0
13983,10,1,9,0.1,0.9,0.4689955935892812
13984,10,3,7,0.3,0.7,0.8812908992306927
13985,10,1,9,0.1,0.9,0.4689955935892812
13986,10,1,9,0.1,0.9,0.4689955935892812
13987,10,4,6,0.4,0.6,0.9709505944546686
13988,10,1,9,0.1,0.9,0.4689955935892812
13989,10,1,9,0.1,0.9,0.4689955935892812
13990,10,2,8,0.2,0.8,0.7219280948873623
13991,10,0,10,0.0,1.0,0.0
13992,10,1,9,0.1,0.9,0.4689955935892812
13993,10,0,10,0.0,1.0,0.0
13994,10,2,8,0.2,0.8,0.7219280948873623
13995,10,0,10,0.0,1.0,0.0
13996,10,3,7,0.3,0.7,0.8812908992306927
13997,10,2,8,0.2,0.8,0.7219280948873623
13998,10,1,9,0.1,0.9,0.4689955935892812
13999,10,2,8,0.2,0.8,0.7219280948873623
14000,10,0,10,0.0,1.0,0.0
14001,10,1,9,0.1,0.9,0.4689955935892812
14002,10,0,10,0.0,1.0,0.0
14003,10,1,9,0.1,0.9,0.4689955935892812
14004,10,3,7,0.3,0.7,0.8812908992306927
14005,10,1,9,0.1,0.9,0.4689955935892812
14006,10,1,9,0.1,0.9,0.4689955935892812
14007,10,4,6,0.4,0.6,0.9709505944546686
14008,10,3,7,0.3,0.7,0.8812908992306927
14009,10,1,9,0.1,0.9,0.4689955935892812
14010,10,0,10,0.0,1.0,0.0
14011,10,1,9,0.1,0.9,0.4689955935892812
14012,10,1,9,0.1,0.9,0.4689955935892812
14013,10,1,9,0.1,0.9,0.4689955935892812
14014,10,0,10,0.0,1.0,0.0
14015,10,2,8,0.2,0.8,0.7219280948873623
14016,10,1,9,0.1,0.9,0.4689955935892812
14017,10,0,10,0.0,1.0,0.0
14018,10,0,10,0.0,1.0,0.0
14019,10,2,8,0.2,0.8,0.7219280948873623
14020,10,0,10,0.0,1.0,0.0
14021,10,2,8,0.2,0.8,0.7219280948873623
14022,10,1,9,0.1,0.9,0.4689955935892812
14023,10,2,8,0.2,0.8,0.7219280948873623
14024,10,1,9,0.1,0.9,0.4689955935892812
14025,10,0,10,0.0,1.0,0.0
14026,10,1,9,0.1,0.9,0.4689955935892812
14027,10,1,9,0.1,0.9,0.4689955935892812
14028,10,2,8,0.2,0.8,0.7219280948873623
14029,10,3,7,0.3,0.7,0.8812908992306927
14030,10,2,8,0.2,0.8,0.7219280948873623
14031,10,0,10,0.0,1.0,0.0
14032,10,2,8,0.2,0.8,0.7219280948873623
14033,10,2,8,0.2,0.8,0.7219280948873623
14034,10,0,10,0.0,1.0,0.0
14035,10,3,7,0.3,0.7,0.8812908992306927
14036,10,1,9,0.1,0.9,0.4689955935892812
14037,10,0,10,0.0,1.0,0.0
14038,10,2,8,0.2,0.8,0.7219280948873623
14039,10,1,9,0.1,0.9,0.4689955935892812
14040,10,2,8,0.2,0.8,0.7219280948873623
14041,10,1,9,0.1,0.9,0.4689955935892812
14042,10,1,9,0.1,0.9,0.4689955935892812
14043,10,2,8,0.2,0.8,0.7219280948873623
14044,10,1,9,0.1,0.9,0.4689955935892812
14045,10,2,8,0.2,0.8,0.7219280948873623
14046,10,0,10,0.0,1.0,0.0
14047,10,2,8,0.2,0.8,0.7219280948873623
14048,10,1,9,0.1,0.9,0.4689955935892812
14049,10,1,9,0.1,0.9,0.4689955935892812
14050,10,1,9,0.1,0.9,0.4689955935892812
14051,10,0,10,0.0,1.0,0.0
14052,10,0,10,0.0,1.0,0.0
14053,10,1,9,0.1,0.9,0.4689955935892812
14054,10,3,7,0.3,0.7,0.8812908992306927
14055,10,0,10,0.0,1.0,0.0
14056,10,3,7,0.3,0.7,0.8812908992306927
14057,10,2,8,0.2,0.8,0.7219280948873623
14058,10,1,9,0.1,0.9,0.4689955935892812
14059,10,1,9,0.1,0.9,0.4689955935892812
14060,10,2,8,0.2,0.8,0.7219280948873623
14061,10,1,9,0.1,0.9,0.4689955935892812
14062,10,2,8,0.2,0.8,0.7219280948873623
14063,10,2,8,0.2,0.8,0.7219280948873623
14064,10,3,7,0.3,0.7,0.8812908992306927
14065,10,2,8,0.2,0.8,0.7219280948873623
14066,10,2,8,0.2,0.8,0.7219280948873623
14067,10,1,9,0.1,0.9,0.4689955935892812
14068,10,2,8,0.2,0.8,0.7219280948873623
14069,10,0,10,0.0,1.0,0.0
14070,10,1,9,0.1,0.9,0.4689955935892812
14071,10,1,9,0.1,0.9,0.4689955935892812
14072,10,1,9,0.1,0.9,0.4689955935892812
14073,10,2,8,0.2,0.8,0.7219280948873623
14074,10,1,9,0.1,0.9,0.4689955935892812
14075,10,0,10,0.0,1.0,0.0
14076,10,0,10,0.0,1.0,0.0
14077,10,3,7,0.3,0.7,0.8812908992306927
14078,10,1,9,0.1,0.9,0.4689955935892812
14079,10,0,10,0.0,1.0,0.0
14080,10,2,8,0.2,0.8,0.7219280948873623
14081,10,3,7,0.3,0.7,0.8812908992306927
14082,10,2,8,0.2,0.8,0.7219280948873623
14083,10,1,9,0.1,0.9,0.4689955935892812
14084,10,0,10,0.0,1.0,0.0
14085,10,1,9,0.1,0.9,0.4689955935892812
14086,10,3,7,0.3,0.7,0.8812908992306927
14087,10,3,7,0.3,0.7,0.8812908992306927
14088,10,0,10,0.0,1.0,0.0
14089,10,1,9,0.1,0.9,0.4689955935892812
14090,10,2,8,0.2,0.8,0.7219280948873623
14091,10,1,9,0.1,0.9,0.4689955935892812
14092,10,0,10,0.0,1.0,0.0
14093,10,2,8,0.2,0.8,0.7219280948873623
14094,10,2,8,0.2,0.8,0.7219280948873623
14095,10,1,9,0.1,0.9,0.4689955935892812
14096,10,1,9,0.1,0.9,0.4689955935892812
14097,10,3,7,0.3,0.7,0.8812908992306927
14098,10,1,9,0.1,0.9,0.4689955935892812
14099,10,3,7,0.3,0.7,0.8812908992306927
14100,10,1,9,0.1,0.9,0.4689955935892812
14101,10,0,10,0.0,1.0,0.0
14102,10,1,9,0.1,0.9,0.4689955935892812
14103,10,1,9,0.1,0.9,0.4689955935892812
14104,10,0,10,0.0,1.0,0.0
14105,10,0,10,0.0,1.0,0.0
14106,10,2,8,0.2,0.8,0.7219280948873623
14107,10,1,9,0.1,0.9,0.4689955935892812
14108,10,2,8,0.2,0.8,0.7219280948873623
14109,10,1,9,0.1,0.9,0.4689955935892812
14110,10,0,10,0.0,1.0,0.0
14111,10,1,9,0.1,0.9,0.4689955935892812
14112,10,1,9,0.1,0.9,0.4689955935892812
14113,10,2,8,0.2,0.8,0.7219280948873623
14114,10,1,9,0.1,0.9,0.4689955935892812
14115,10,2,8,0.2,0.8,0.7219280948873623
14116,10,0,10,0.0,1.0,0.0
14117,10,0,10,0.0,1.0,0.0
14118,10,1,9,0.1,0.9,0.4689955935892812
14119,10,2,8,0.2,0.8,0.7219280948873623
14120,10,3,7,0.3,0.7,0.8812908992306927
14121,10,2,8,0.2,0.8,0.7219280948873623
14122,10,1,9,0.1,0.9,0.4689955935892812
14123,10,3,7,0.3,0.7,0.8812908992306927
14124,10,2,8,0.2,0.8,0.7219280948873623
14125,10,3,7,0.3,0.7,0.8812908992306927
14126,10,2,8,0.2,0.8,0.7219280948873623
14127,10,2,8,0.2,0.8,0.7219280948873623
14128,10,1,9,0.1,0.9,0.4689955935892812
14129,10,1,9,0.1,0.9,0.4689955935892812
14130,10,2,8,0.2,0.8,0.7219280948873623
14131,10,3,7,0.3,0.7,0.8812908992306927
14132,10,0,10,0.0,1.0,0.0
14133,10,2,8,0.2,0.8,0.7219280948873623
14134,10,1,9,0.1,0.9,0.4689955935892812
14135,10,0,10,0.0,1.0,0.0
14136,10,1,9,0.1,0.9,0.4689955935892812
14137,10,2,8,0.2,0.8,0.7219280948873623
14138,10,0,10,0.0,1.0,0.0
14139,10,3,7,0.3,0.7,0.8812908992306927
14140,10,2,8,0.2,0.8,0.7219280948873623
14141,10,1,9,0.1,0.9,0.4689955935892812
14142,10,2,8,0.2,0.8,0.7219280948873623
14143,10,2,8,0.2,0.8,0.7219280948873623
14144,10,3,7,0.3,0.7,0.8812908992306927
14145,10,1,9,0.1,0.9,0.4689955935892812
14146,10,2,8,0.2,0.8,0.7219280948873623
14147,10,2,8,0.2,0.8,0.7219280948873623
14148,10,1,9,0.1,0.9,0.4689955935892812
14149,10,3,7,0.3,0.7,0.8812908992306927
14150,10,4,6,0.4,0.6,0.9709505944546686
14151,10,4,6,0.4,0.6,0.9709505944546686
14152,10,2,8,0.2,0.8,0.7219280948873623
14153,10,0,10,0.0,1.0,0.0
14154,10,1,9,0.1,0.9,0.4689955935892812
14155,10,2,8,0.2,0.8,0.7219280948873623
14156,10,2,8,0.2,0.8,0.7219280948873623
14157,10,1,9,0.1,0.9,0.4689955935892812
14158,10,1,9,0.1,0.9,0.4689955935892812
14159,10,2,8,0.2,0.8,0.7219280948873623
14160,10,2,8,0.2,0.8,0.7219280948873623
14161,10,1,9,0.1,0.9,0.4689955935892812
14162,10,1,9,0.1,0.9,0.4689955935892812
14163,10,2,8,0.2,0.8,0.7219280948873623
14164,10,4,6,0.4,0.6,0.9709505944546686
14165,10,2,8,0.2,0.8,0.7219280948873623
14166,10,1,9,0.1,0.9,0.4689955935892812
14167,10,2,8,0.2,0.8,0.7219280948873623
14168,10,1,9,0.1,0.9,0.4689955935892812
14169,10,3,7,0.3,0.7,0.8812908992306927
14170,10,3,7,0.3,0.7,0.8812908992306927
14171,10,0,10,0.0,1.0,0.0
14172,10,0,10,0.0,1.0,0.0
14173,10,0,10,0.0,1.0,0.0
14174,10,1,9,0.1,0.9,0.4689955935892812
14175,10,2,8,0.2,0.8,0.7219280948873623
14176,10,2,8,0.2,0.8,0.7219280948873623
14177,10,1,9,0.1,0.9,0.4689955935892812
14178,10,2,8,0.2,0.8,0.7219280948873623
14179,10,0,10,0.0,1.0,0.0
14180,10,1,9,0.1,0.9,0.4689955935892812
14181,10,1,9,0.1,0.9,0.4689955935892812
14182,10,2,8,0.2,0.8,0.7219280948873623
14183,10,2,8,0.2,0.8,0.7219280948873623
14184,10,1,9,0.1,0.9,0.4689955935892812
14185,10,0,10,0.0,1.0,0.0
14186,10,1,9,0.1,0.9,0.4689955935892812
14187,10,2,8,0.2,0.8,0.7219280948873623
14188,10,1,9,0.1,0.9,0.4689955935892812
14189,10,1,9,0.1,0.9,0.4689955935892812
14190,10,4,6,0.4,0.6,0.9709505944546686
14191,10,1,9,0.1,0.9,0.4689955935892812
14192,10,1,9,0.1,0.9,0.4689955935892812
14193,10,3,7,0.3,0.7,0.8812908992306927
14194,10,0,10,0.0,1.0,0.0
14195,10,3,7,0.3,0.7,0.8812908992306927
14196,10,0,10,0.0,1.0,0.0
14197,10,2,8,0.2,0.8,0.7219280948873623
14198,10,3,7,0.3,0.7,0.8812908992306927
14199,10,1,9,0.1,0.9,0.4689955935892812
14200,10,3,7,0.3,0.7,0.8812908992306927
14201,10,1,9,0.1,0.9,0.4689955935892812
14202,10,2,8,0.2,0.8,0.7219280948873623
14203,10,1,9,0.1,0.9,0.4689955935892812
14204,10,3,7,0.3,0.7,0.8812908992306927
14205,10,0,10,0.0,1.0,0.0
14206,10,3,7,0.3,0.7,0.8812908992306927
14207,10,2,8,0.2,0.8,0.7219280948873623
14208,10,0,10,0.0,1.0,0.0
14209,10,2,8,0.2,0.8,0.7219280948873623
14210,10,2,8,0.2,0.8,0.7219280948873623
14211,10,1,9,0.1,0.9,0.4689955935892812
14212,10,1,9,0.1,0.9,0.4689955935892812
14213,10,2,8,0.2,0.8,0.7219280948873623
14214,10,1,9,0.1,0.9,0.4689955935892812
14215,10,0,10,0.0,1.0,0.0
14216,10,0,10,0.0,1.0,0.0
14217,10,2,8,0.2,0.8,0.7219280948873623
14218,10,2,8,0.2,0.8,0.7219280948873623
14219,10,0,10,0.0,1.0,0.0
14220,10,1,9,0.1,0.9,0.4689955935892812
14221,10,3,7,0.3,0.7,0.8812908992306927
14222,10,1,9,0.1,0.9,0.4689955935892812
14223,10,1,9,0.1,0.9,0.4689955935892812
14224,10,3,7,0.3,0.7,0.8812908992306927
14225,10,1,9,0.1,0.9,0.4689955935892812
14226,10,2,8,0.2,0.8,0.7219280948873623
14227,10,2,8,0.2,0.8,0.7219280948873623
14228,10,1,9,0.1,0.9,0.4689955935892812
14229,10,2,8,0.2,0.8,0.7219280948873623
14230,10,2,8,0.2,0.8,0.7219280948873623
14231,10,1,9,0.1,0.9,0.4689955935892812
14232,10,1,9,0.1,0.9,0.4689955935892812
14233,10,2,8,0.2,0.8,0.7219280948873623
14234,10,1,9,0.1,0.9,0.4689955935892812
14235,10,1,9,0.1,0.9,0.4689955935892812
14236,10,1,9,0.1,0.9,0.4689955935892812
14237,10,0,10,0.0,1.0,0.0
14238,10,1,9,0.1,0.9,0.4689955935892812
14239,10,3,7,0.3,0.7,0.8812908992306927
14240,10,2,8,0.2,0.8,0.7219280948873623
14241,10,2,8,0.2,0.8,0.7219280948873623
14242,10,1,9,0.1,0.9,0.4689955935892812
14243,10,2,8,0.2,0.8,0.7219280948873623
14244,10,0,10,0.0,1.0,0.0
14245,10,2,8,0.2,0.8,0.7219280948873623
14246,10,0,10,0.0,1.0,0.0
14247,10,2,8,0.2,0.8,0.7219280948873623
14248,10,0,10,0.0,1.0,0.0
14249,10,0,10,0.0,1.0,0.0
14250,10,2,8,0.2,0.8,0.7219280948873623
14251,10,0,10,0.0,1.0,0.0
14252,10,1,9,0.1,0.9,0.4689955935892812
14253,10,3,7,0.3,0.7,0.8812908992306927
14254,10,1,9,0.1,0.9,0.4689955935892812
14255,10,0,10,0.0,1.0,0.0
14256,10,1,9,0.1,0.9,0.4689955935892812
14257,10,2,8,0.2,0.8,0.7219280948873623
14258,10,1,9,0.1,0.9,0.4689955935892812
14259,10,2,8,0.2,0.8,0.7219280948873623
14260,10,0,10,0.0,1.0,0.0
14261,10,2,8,0.2,0.8,0.7219280948873623
14262,10,1,9,0.1,0.9,0.4689955935892812
14263,10,0,10,0.0,1.0,0.0
14264,10,1,9,0.1,0.9,0.4689955935892812
14265,10,2,8,0.2,0.8,0.7219280948873623
14266,10,0,10,0.0,1.0,0.0
14267,10,2,8,0.2,0.8,0.7219280948873623
14268,10,2,8,0.2,0.8,0.7219280948873623
14269,10,3,7,0.3,0.7,0.8812908992306927
14270,10,2,8,0.2,0.8,0.7219280948873623
14271,10,0,10,0.0,1.0,0.0
14272,10,2,8,0.2,0.8,0.7219280948873623
14273,10,2,8,0.2,0.8,0.7219280948873623
14274,10,2,8,0.2,0.8,0.7219280948873623
14275,10,3,7,0.3,0.7,0.8812908992306927
14276,10,1,9,0.1,0.9,0.4689955935892812
14277,10,0,10,0.0,1.0,0.0
14278,10,2,8,0.2,0.8,0.7219280948873623
14279,10,0,10,0.0,1.0,0.0
14280,10,2,8,0.2,0.8,0.7219280948873623
14281,10,1,9,0.1,0.9,0.4689955935892812
14282,10,1,9,0.1,0.9,0.4689955935892812
14283,10,0,10,0.0,1.0,0.0
14284,10,2,8,0.2,0.8,0.7219280948873623
14285,10,1,9,0.1,0.9,0.4689955935892812
14286,10,1,9,0.1,0.9,0.4689955935892812
14287,10,1,9,0.1,0.9,0.4689955935892812
14288,10,0,10,0.0,1.0,0.0
14289,10,1,9,0.1,0.9,0.4689955935892812
14290,10,1,9,0.1,0.9,0.4689955935892812
14291,10,0,10,0.0,1.0,0.0
14292,10,2,8,0.2,0.8,0.7219280948873623
14293,10,3,7,0.3,0.7,0.8812908992306927
14294,10,2,8,0.2,0.8,0.7219280948873623
14295,10,2,8,0.2,0.8,0.7219280948873623
14296,10,0,10,0.0,1.0,0.0
14297,10,2,8,0.2,0.8,0.7219280948873623
14298,10,1,9,0.1,0.9,0.4689955935892812
14299,10,3,7,0.3,0.7,0.8812908992306927
14300,10,1,9,0.1,0.9,0.4689955935892812
14301,10,0,10,0.0,1.0,0.0
14302,10,2,8,0.2,0.8,0.7219280948873623
14303,10,1,9,0.1,0.9,0.4689955935892812
14304,10,2,8,0.2,0.8,0.7219280948873623
14305,10,2,8,0.2,0.8,0.7219280948873623
14306,10,2,8,0.2,0.8,0.7219280948873623
14307,10,0,10,0.0,1.0,0.0
14308,10,1,9,0.1,0.9,0.4689955935892812
14309,10,3,7,0.3,0.7,0.8812908992306927
14310,10,0,10,0.0,1.0,0.0
14311,10,3,7,0.3,0.7,0.8812908992306927
14312,10,3,7,0.3,0.7,0.8812908992306927
14313,10,3,7,0.3,0.7,0.8812908992306927
14314,10,0,10,0.0,1.0,0.0
14315,10,2,8,0.2,0.8,0.7219280948873623
14316,10,0,10,0.0,1.0,0.0
14317,10,1,9,0.1,0.9,0.4689955935892812
14318,10,0,10,0.0,1.0,0.0
14319,10,1,9,0.1,0.9,0.4689955935892812
14320,10,2,8,0.2,0.8,0.7219280948873623
14321,10,1,9,0.1,0.9,0.4689955935892812
14322,10,1,9,0.1,0.9,0.4689955935892812
14323,10,0,10,0.0,1.0,0.0
14324,10,1,9,0.1,0.9,0.4689955935892812
14325,10,1,9,0.1,0.9,0.4689955935892812
14326,10,0,10,0.0,1.0,0.0
14327,10,3,7,0.3,0.7,0.8812908992306927
14328,10,0,10,0.0,1.0,0.0
14329,10,3,7,0.3,0.7,0.8812908992306927
14330,10,2,8,0.2,0.8,0.7219280948873623
14331,10,2,8,0.2,0.8,0.7219280948873623
14332,10,0,10,0.0,1.0,0.0
14333,10,1,9,0.1,0.9,0.4689955935892812
14334,10,1,9,0.1,0.9,0.4689955935892812
14335,10,0,10,0.0,1.0,0.0
14336,10,2,8,0.2,0.8,0.7219280948873623
14337,10,0,10,0.0,1.0,0.0
14338,10,1,9,0.1,0.9,0.4689955935892812
14339,10,0,10,0.0,1.0,0.0
14340,10,1,9,0.1,0.9,0.4689955935892812
14341,10,2,8,0.2,0.8,0.7219280948873623
14342,10,1,9,0.1,0.9,0.4689955935892812
14343,10,4,6,0.4,0.6,0.9709505944546686
14344,10,2,8,0.2,0.8,0.7219280948873623
14345,10,0,10,0.0,1.0,0.0
14346,10,0,10,0.0,1.0,0.0
14347,10,0,10,0.0,1.0,0.0
14348,10,0,10,0.0,1.0,0.0
14349,10,3,7,0.3,0.7,0.8812908992306927
14350,10,0,10,0.0,1.0,0.0
14351,10,0,10,0.0,1.0,0.0
14352,10,3,7,0.3,0.7,0.8812908992306927
14353,10,1,9,0.1,0.9,0.4689955935892812
14354,10,1,9,0.1,0.9,0.4689955935892812
14355,10,1,9,0.1,0.9,0.4689955935892812
14356,10,3,7,0.3,0.7,0.8812908992306927
14357,10,1,9,0.1,0.9,0.4689955935892812
14358,10,2,8,0.2,0.8,0.7219280948873623
14359,10,1,9,0.1,0.9,0.4689955935892812
14360,10,0,10,0.0,1.0,0.0
14361,10,0,10,0.0,1.0,0.0
14362,10,6,4,0.6,0.4,0.9709505944546686
14363,10,4,6,0.4,0.6,0.9709505944546686
14364,10,2,8,0.2,0.8,0.7219280948873623
14365,10,0,10,0.0,1.0,0.0
14366,10,1,9,0.1,0.9,0.4689955935892812
14367,10,1,9,0.1,0.9,0.4689955935892812
14368,10,4,6,0.4,0.6,0.9709505944546686
14369,10,0,10,0.0,1.0,0.0
14370,10,2,8,0.2,0.8,0.7219280948873623
14371,10,1,9,0.1,0.9,0.4689955935892812
14372,10,1,9,0.1,0.9,0.4689955935892812
14373,10,3,7,0.3,0.7,0.8812908992306927
14374,10,0,10,0.0,1.0,0.0
14375,10,2,8,0.2,0.8,0.7219280948873623
14376,10,1,9,0.1,0.9,0.4689955935892812
14377,10,3,7,0.3,0.7,0.8812908992306927
14378,10,2,8,0.2,0.8,0.7219280948873623
14379,10,0,10,0.0,1.0,0.0
14380,10,0,10,0.0,1.0,0.0
14381,10,1,9,0.1,0.9,0.4689955935892812
14382,10,1,9,0.1,0.9,0.4689955935892812
14383,10,2,8,0.2,0.8,0.7219280948873623
14384,10,1,9,0.1,0.9,0.4689955935892812
14385,10,1,9,0.1,0.9,0.4689955935892812
14386,10,1,9,0.1,0.9,0.4689955935892812
14387,10,2,8,0.2,0.8,0.7219280948873623
14388,10,0,10,0.0,1.0,0.0
14389,10,0,10,0.0,1.0,0.0
14390,10,2,8,0.2,0.8,0.7219280948873623
14391,10,1,9,0.1,0.9,0.4689955935892812
14392,10,0,10,0.0,1.0,0.0
14393,10,1,9,0.1,0.9,0.4689955935892812
14394,10,2,8,0.2,0.8,0.7219280948873623
14395,10,1,9,0.1,0.9,0.4689955935892812
14396,10,1,9,0.1,0.9,0.4689955935892812
14397,10,2,8,0.2,0.8,0.7219280948873623
14398,10,1,9,0.1,0.9,0.4689955935892812
14399,10,0,10,0.0,1.0,0.0
14400,10,0,10,0.0,1.0,0.0
14401,10,2,8,0.2,0.8,0.7219280948873623
14402,10,0,10,0.0,1.0,0.0
14403,10,3,7,0.3,0.7,0.8812908992306927
14404,10,1,9,0.1,0.9,0.4689955935892812
14405,10,1,9,0.1,0.9,0.4689955935892812
14406,10,2,8,0.2,0.8,0.7219280948873623
14407,10,3,7,0.3,0.7,0.8812908992306927
14408,10,1,9,0.1,0.9,0.4689955935892812
14409,10,0,10,0.0,1.0,0.0
14410,10,1,9,0.1,0.9,0.4689955935892812
14411,10,0,10,0.0,1.0,0.0
14412,10,3,7,0.3,0.7,0.8812908992306927
14413,10,2,8,0.2,0.8,0.7219280948873623
14414,10,3,7,0.3,0.7,0.8812908992306927
14415,10,2,8,0.2,0.8,0.7219280948873623
14416,10,0,10,0.0,1.0,0.0
14417,10,3,7,0.3,0.7,0.8812908992306927
14418,10,1,9,0.1,0.9,0.4689955935892812
14419,10,3,7,0.3,0.7,0.8812908992306927
14420,10,4,6,0.4,0.6,0.9709505944546686
14421,10,0,10,0.0,1.0,0.0
14422,10,1,9,0.1,0.9,0.4689955935892812
14423,10,1,9,0.1,0.9,0.4689955935892812
14424,10,0,10,0.0,1.0,0.0
14425,10,2,8,0.2,0.8,0.7219280948873623
14426,10,0,10,0.0,1.0,0.0
14427,10,1,9,0.1,0.9,0.4689955935892812
14428,10,3,7,0.3,0.7,0.8812908992306927
14429,10,2,8,0.2,0.8,0.7219280948873623
14430,10,1,9,0.1,0.9,0.4689955935892812
14431,10,0,10,0.0,1.0,0.0
14432,10,2,8,0.2,0.8,0.7219280948873623
14433,10,1,9,0.1,0.9,0.4689955935892812
14434,10,1,9,0.1,0.9,0.4689955935892812
14435,10,0,10,0.0,1.0,0.0
14436,10,2,8,0.2,0.8,0.7219280948873623
14437,10,1,9,0.1,0.9,0.4689955935892812
14438,10,2,8,0.2,0.8,0.7219280948873623
14439,10,1,9,0.1,0.9,0.4689955935892812
14440,10,1,9,0.1,0.9,0.4689955935892812
14441,10,2,8,0.2,0.8,0.7219280948873623
14442,10,2,8,0.2,0.8,0.7219280948873623
14443,10,0,10,0.0,1.0,0.0
14444,10,0,10,0.0,1.0,0.0
14445,10,1,9,0.1,0.9,0.4689955935892812
14446,10,3,7,0.3,0.7,0.8812908992306927
14447,10,1,9,0.1,0.9,0.4689955935892812
14448,10,1,9,0.1,0.9,0.4689955935892812
14449,10,0,10,0.0,1.0,0.0
14450,10,2,8,0.2,0.8,0.7219280948873623
14451,10,2,8,0.2,0.8,0.7219280948873623
14452,10,1,9,0.1,0.9,0.4689955935892812
14453,10,4,6,0.4,0.6,0.9709505944546686
14454,10,5,5,0.5,0.5,1.0
14455,10,2,8,0.2,0.8,0.7219280948873623
14456,10,2,8,0.2,0.8,0.7219280948873623
14457,10,1,9,0.1,0.9,0.4689955935892812
14458,10,0,10,0.0,1.0,0.0
14459,10,1,9,0.1,0.9,0.4689955935892812
14460,10,1,9,0.1,0.9,0.4689955935892812
14461,10,0,10,0.0,1.0,0.0
14462,10,0,10,0.0,1.0,0.0
14463,10,2,8,0.2,0.8,0.7219280948873623
14464,10,0,10,0.0,1.0,0.0
14465,10,2,8,0.2,0.8,0.7219280948873623
14466,10,0,10,0.0,1.0,0.0
14467,10,1,9,0.1,0.9,0.4689955935892812
14468,10,0,10,0.0,1.0,0.0
14469,10,2,8,0.2,0.8,0.7219280948873623
14470,10,2,8,0.2,0.8,0.7219280948873623
14471,10,1,9,0.1,0.9,0.4689955935892812
14472,10,1,9,0.1,0.9,0.4689955935892812
14473,10,3,7,0.3,0.7,0.8812908992306927
14474,10,1,9,0.1,0.9,0.4689955935892812
14475,10,0,10,0.0,1.0,0.0
14476,10,1,9,0.1,0.9,0.4689955935892812
14477,10,1,9,0.1,0.9,0.4689955935892812
14478,10,1,9,0.1,0.9,0.4689955935892812
14479,10,1,9,0.1,0.9,0.4689955935892812
14480,10,1,9,0.1,0.9,0.4689955935892812
14481,10,0,10,0.0,1.0,0.0
14482,10,1,9,0.1,0.9,0.4689955935892812
14483,10,1,9,0.1,0.9,0.4689955935892812
14484,10,2,8,0.2,0.8,0.7219280948873623
14485,10,1,9,0.1,0.9,0.4689955935892812
14486,10,0,10,0.0,1.0,0.0
14487,10,0,10,0.0,1.0,0.0
14488,10,1,9,0.1,0.9,0.4689955935892812
14489,10,0,10,0.0,1.0,0.0
14490,10,1,9,0.1,0.9,0.4689955935892812
14491,10,1,9,0.1,0.9,0.4689955935892812
14492,10,0,10,0.0,1.0,0.0
14493,10,2,8,0.2,0.8,0.7219280948873623
14494,10,1,9,0.1,0.9,0.4689955935892812
14495,10,1,9,0.1,0.9,0.4689955935892812
14496,10,1,9,0.1,0.9,0.4689955935892812
14497,10,0,10,0.0,1.0,0.0
14498,10,0,10,0.0,1.0,0.0
14499,10,3,7,0.3,0.7,0.8812908992306927
14500,10,0,10,0.0,1.0,0.0
14501,10,2,8,0.2,0.8,0.7219280948873623
14502,10,1,9,0.1,0.9,0.4689955935892812
14503,10,0,10,0.0,1.0,0.0
14504,10,1,9,0.1,0.9,0.4689955935892812
14505,10,1,9,0.1,0.9,0.4689955935892812
14506,10,1,9,0.1,0.9,0.4689955935892812
14507,10,2,8,0.2,0.8,0.7219280948873623
14508,10,0,10,0.0,1.0,0.0
14509,10,1,9,0.1,0.9,0.4689955935892812
14510,10,0,10,0.0,1.0,0.0
14511,10,4,6,0.4,0.6,0.9709505944546686
14512,10,3,7,0.3,0.7,0.8812908992306927
14513,10,2,8,0.2,0.8,0.7219280948873623
14514,10,3,7,0.3,0.7,0.8812908992306927
14515,10,1,9,0.1,0.9,0.4689955935892812
14516,10,0,10,0.0,1.0,0.0
14517,10,2,8,0.2,0.8,0.7219280948873623
14518,10,2,8,0.2,0.8,0.7219280948873623
14519,10,1,9,0.1,0.9,0.4689955935892812
14520,10,1,9,0.1,0.9,0.4689955935892812
14521,10,2,8,0.2,0.8,0.7219280948873623
14522,10,1,9,0.1,0.9,0.4689955935892812
14523,10,0,10,0.0,1.0,0.0
14524,10,1,9,0.1,0.9,0.4689955935892812
14525,10,3,7,0.3,0.7,0.8812908992306927
14526,10,0,10,0.0,1.0,0.0
14527,10,1,9,0.1,0.9,0.4689955935892812
14528,10,4,6,0.4,0.6,0.9709505944546686
14529,10,0,10,0.0,1.0,0.0
14530,10,3,7,0.3,0.7,0.8812908992306927
14531,10,0,10,0.0,1.0,0.0
14532,10,0,10,0.0,1.0,0.0
14533,10,2,8,0.2,0.8,0.7219280948873623
14534,10,1,9,0.1,0.9,0.4689955935892812
14535,10,1,9,0.1,0.9,0.4689955935892812
14536,10,1,9,0.1,0.9,0.4689955935892812
14537,10,1,9,0.1,0.9,0.4689955935892812
14538,10,0,10,0.0,1.0,0.0
14539,10,1,9,0.1,0.9,0.4689955935892812
14540,10,4,6,0.4,0.6,0.9709505944546686
14541,10,5,5,0.5,0.5,1.0
14542,10,0,10,0.0,1.0,0.0
14543,10,1,9,0.1,0.9,0.4689955935892812
14544,10,3,7,0.3,0.7,0.8812908992306927
14545,10,0,10,0.0,1.0,0.0
14546,10,3,7,0.3,0.7,0.8812908992306927
14547,10,1,9,0.1,0.9,0.4689955935892812
14548,10,0,10,0.0,1.0,0.0
14549,10,1,9,0.1,0.9,0.4689955935892812
14550,10,1,9,0.1,0.9,0.4689955935892812
14551,10,2,8,0.2,0.8,0.7219280948873623
14552,10,2,8,0.2,0.8,0.7219280948873623
14553,10,1,9,0.1,0.9,0.4689955935892812
14554,10,1,9,0.1,0.9,0.4689955935892812
14555,10,1,9,0.1,0.9,0.4689955935892812
14556,10,2,8,0.2,0.8,0.7219280948873623
14557,10,1,9,0.1,0.9,0.4689955935892812
14558,10,2,8,0.2,0.8,0.7219280948873623
14559,10,1,9,0.1,0.9,0.4689955935892812
14560,10,2,8,0.2,0.8,0.7219280948873623
14561,10,2,8,0.2,0.8,0.7219280948873623
14562,10,1,9,0.1,0.9,0.4689955935892812
14563,10,0,10,0.0,1.0,0.0
14564,10,1,9,0.1,0.9,0.4689955935892812
14565,10,1,9,0.1,0.9,0.4689955935892812
14566,10,1,9,0.1,0.9,0.4689955935892812
14567,10,4,6,0.4,0.6,0.9709505944546686
14568,10,0,10,0.0,1.0,0.0
14569,10,3,7,0.3,0.7,0.8812908992306927
14570,10,3,7,0.3,0.7,0.8812908992306927
14571,10,0,10,0.0,1.0,0.0
14572,10,2,8,0.2,0.8,0.7219280948873623
14573,10,2,8,0.2,0.8,0.7219280948873623
14574,10,0,10,0.0,1.0,0.0
14575,10,3,7,0.3,0.7,0.8812908992306927
14576,10,2,8,0.2,0.8,0.7219280948873623
14577,10,2,8,0.2,0.8,0.7219280948873623
14578,10,1,9,0.1,0.9,0.4689955935892812
14579,10,3,7,0.3,0.7,0.8812908992306927
14580,10,1,9,0.1,0.9,0.4689955935892812
14581,10,4,6,0.4,0.6,0.9709505944546686
14582,10,1,9,0.1,0.9,0.4689955935892812
14583,10,0,10,0.0,1.0,0.0
14584,10,1,9,0.1,0.9,0.4689955935892812
14585,10,2,8,0.2,0.8,0.7219280948873623
14586,10,1,9,0.1,0.9,0.4689955935892812
14587,10,2,8,0.2,0.8,0.7219280948873623
14588,10,1,9,0.1,0.9,0.4689955935892812
14589,10,3,7,0.3,0.7,0.8812908992306927
14590,10,0,10,0.0,1.0,0.0
14591,10,2,8,0.2,0.8,0.7219280948873623
14592,10,1,9,0.1,0.9,0.4689955935892812
14593,10,3,7,0.3,0.7,0.8812908992306927
14594,10,1,9,0.1,0.9,0.4689955935892812
14595,10,2,8,0.2,0.8,0.7219280948873623
14596,10,0,10,0.0,1.0,0.0
14597,10,1,9,0.1,0.9,0.4689955935892812
14598,10,1,9,0.1,0.9,0.4689955935892812
14599,10,0,10,0.0,1.0,0.0
14600,10,2,8,0.2,0.8,0.7219280948873623
14601,10,0,10,0.0,1.0,0.0
14602,10,2,8,0.2,0.8,0.7219280948873623
14603,10,0,10,0.0,1.0,0.0
14604,10,0,10,0.0,1.0,0.0
14605,10,1,9,0.1,0.9,0.4689955935892812
14606,10,2,8,0.2,0.8,0.7219280948873623
14607,10,3,7,0.3,0.7,0.8812908992306927
14608,10,3,7,0.3,0.7,0.8812908992306927
14609,10,1,9,0.1,0.9,0.4689955935892812
14610,10,4,6,0.4,0.6,0.9709505944546686
14611,10,1,9,0.1,0.9,0.4689955935892812
14612,10,2,8,0.2,0.8,0.7219280948873623
14613,10,1,9,0.1,0.9,0.4689955935892812
14614,10,1,9,0.1,0.9,0.4689955935892812
14615,10,4,6,0.4,0.6,0.9709505944546686
14616,10,3,7,0.3,0.7,0.8812908992306927
14617,10,2,8,0.2,0.8,0.7219280948873623
14618,10,0,10,0.0,1.0,0.0
14619,10,3,7,0.3,0.7,0.8812908992306927
14620,10,3,7,0.3,0.7,0.8812908992306927
14621,10,1,9,0.1,0.9,0.4689955935892812
14622,10,0,10,0.0,1.0,0.0
14623,10,1,9,0.1,0.9,0.4689955935892812
14624,10,1,9,0.1,0.9,0.4689955935892812
14625,10,1,9,0.1,0.9,0.4689955935892812
14626,10,1,9,0.1,0.9,0.4689955935892812
14627,10,2,8,0.2,0.8,0.7219280948873623
14628,10,2,8,0.2,0.8,0.7219280948873623
14629,10,1,9,0.1,0.9,0.4689955935892812
14630,10,0,10,0.0,1.0,0.0
14631,10,0,10,0.0,1.0,0.0
14632,10,2,8,0.2,0.8,0.7219280948873623
14633,10,3,7,0.3,0.7,0.8812908992306927
14634,10,2,8,0.2,0.8,0.7219280948873623
14635,10,0,10,0.0,1.0,0.0
14636,10,1,9,0.1,0.9,0.4689955935892812
14637,10,1,9,0.1,0.9,0.4689955935892812
14638,10,2,8,0.2,0.8,0.7219280948873623
14639,10,0,10,0.0,1.0,0.0
14640,10,2,8,0.2,0.8,0.7219280948873623
14641,10,1,9,0.1,0.9,0.4689955935892812
14642,10,1,9,0.1,0.9,0.4689955935892812
14643,10,0,10,0.0,1.0,0.0
14644,10,4,6,0.4,0.6,0.9709505944546686
14645,10,1,9,0.1,0.9,0.4689955935892812
14646,10,2,8,0.2,0.8,0.7219280948873623
14647,10,2,8,0.2,0.8,0.7219280948873623
14648,10,1,9,0.1,0.9,0.4689955935892812
14649,10,3,7,0.3,0.7,0.8812908992306927
14650,10,2,8,0.2,0.8,0.7219280948873623
14651,10,2,8,0.2,0.8,0.7219280948873623
14652,10,3,7,0.3,0.7,0.8812908992306927
14653,10,3,7,0.3,0.7,0.8812908992306927
14654,10,3,7,0.3,0.7,0.8812908992306927
14655,10,3,7,0.3,0.7,0.8812908992306927
14656,10,1,9,0.1,0.9,0.4689955935892812
14657,10,3,7,0.3,0.7,0.8812908992306927
14658,10,1,9,0.1,0.9,0.4689955935892812
14659,10,4,6,0.4,0.6,0.9709505944546686
14660,10,1,9,0.1,0.9,0.4689955935892812
14661,10,1,9,0.1,0.9,0.4689955935892812
14662,10,1,9,0.1,0.9,0.4689955935892812
14663,10,1,9,0.1,0.9,0.4689955935892812
14664,10,2,8,0.2,0.8,0.7219280948873623
14665,10,5,5,0.5,0.5,1.0
14666,10,2,8,0.2,0.8,0.7219280948873623
14667,10,1,9,0.1,0.9,0.4689955935892812
14668,10,4,6,0.4,0.6,0.9709505944546686
14669,10,3,7,0.3,0.7,0.8812908992306927
14670,10,1,9,0.1,0.9,0.4689955935892812
14671,10,1,9,0.1,0.9,0.4689955935892812
14672,10,0,10,0.0,1.0,0.0
14673,10,2,8,0.2,0.8,0.7219280948873623
14674,10,2,8,0.2,0.8,0.7219280948873623
14675,10,1,9,0.1,0.9,0.4689955935892812
14676,10,3,7,0.3,0.7,0.8812908992306927
14677,10,1,9,0.1,0.9,0.4689955935892812
14678,10,4,6,0.4,0.6,0.9709505944546686
14679,10,1,9,0.1,0.9,0.4689955935892812
14680,10,0,10,0.0,1.0,0.0
14681,10,1,9,0.1,0.9,0.4689955935892812
14682,10,1,9,0.1,0.9,0.4689955935892812
14683,10,1,9,0.1,0.9,0.4689955935892812
14684,10,1,9,0.1,0.9,0.4689955935892812
14685,10,3,7,0.3,0.7,0.8812908992306927
14686,10,3,7,0.3,0.7,0.8812908992306927
14687,10,1,9,0.1,0.9,0.4689955935892812
14688,10,1,9,0.1,0.9,0.4689955935892812
14689,10,0,10,0.0,1.0,0.0
14690,10,1,9,0.1,0.9,0.4689955935892812
14691,10,1,9,0.1,0.9,0.4689955935892812
14692,10,2,8,0.2,0.8,0.7219280948873623
14693,10,1,9,0.1,0.9,0.4689955935892812
14694,10,4,6,0.4,0.6,0.9709505944546686
14695,10,0,10,0.0,1.0,0.0
14696,10,2,8,0.2,0.8,0.7219280948873623
14697,10,3,7,0.3,0.7,0.8812908992306927
14698,10,1,9,0.1,0.9,0.4689955935892812
14699,10,0,10,0.0,1.0,0.0
14700,10,1,9,0.1,0.9,0.4689955935892812
14701,10,1,9,0.1,0.9,0.4689955935892812
14702,10,1,9,0.1,0.9,0.4689955935892812
14703,10,1,9,0.1,0.9,0.4689955935892812
14704,10,1,9,0.1,0.9,0.4689955935892812
14705,10,2,8,0.2,0.8,0.7219280948873623
14706,10,1,9,0.1,0.9,0.4689955935892812
14707,10,2,8,0.2,0.8,0.7219280948873623
14708,10,0,10,0.0,1.0,0.0
14709,10,1,9,0.1,0.9,0.4689955935892812
14710,10,1,9,0.1,0.9,0.4689955935892812
14711,10,1,9,0.1,0.9,0.4689955935892812
14712,10,1,9,0.1,0.9,0.4689955935892812
14713,10,0,10,0.0,1.0,0.0
14714,10,1,9,0.1,0.9,0.4689955935892812
14715,10,0,10,0.0,1.0,0.0
14716,10,0,10,0.0,1.0,0.0
14717,10,2,8,0.2,0.8,0.7219280948873623
14718,10,0,10,0.0,1.0,0.0
14719,10,1,9,0.1,0.9,0.4689955935892812
14720,10,0,10,0.0,1.0,0.0
14721,10,1,9,0.1,0.9,0.4689955935892812
14722,10,3,7,0.3,0.7,0.8812908992306927
14723,10,3,7,0.3,0.7,0.8812908992306927
14724,10,2,8,0.2,0.8,0.7219280948873623
14725,10,0,10,0.0,1.0,0.0
14726,10,3,7,0.3,0.7,0.8812908992306927
14727,10,2,8,0.2,0.8,0.7219280948873623
14728,10,0,10,0.0,1.0,0.0
14729,10,0,10,0.0,1.0,0.0
14730,10,0,10,0.0,1.0,0.0
14731,10,1,9,0.1,0.9,0.4689955935892812
14732,10,2,8,0.2,0.8,0.7219280948873623
14733,10,1,9,0.1,0.9,0.4689955935892812
14734,10,1,9,0.1,0.9,0.4689955935892812
14735,10,1,9,0.1,0.9,0.4689955935892812
14736,10,2,8,0.2,0.8,0.7219280948873623
14737,10,0,10,0.0,1.0,0.0
14738,10,3,7,0.3,0.7,0.8812908992306927
14739,10,2,8,0.2,0.8,0.7219280948873623
14740,10,2,8,0.2,0.8,0.7219280948873623
14741,10,1,9,0.1,0.9,0.4689955935892812
14742,10,2,8,0.2,0.8,0.7219280948873623
14743,10,2,8,0.2,0.8,0.7219280948873623
14744,10,4,6,0.4,0.6,0.9709505944546686
14745,10,2,8,0.2,0.8,0.7219280948873623
14746,10,0,10,0.0,1.0,0.0
14747,10,2,8,0.2,0.8,0.7219280948873623
14748,10,0,10,0.0,1.0,0.0
14749,10,2,8,0.2,0.8,0.7219280948873623
14750,10,1,9,0.1,0.9,0.4689955935892812
14751,10,1,9,0.1,0.9,0.4689955935892812
14752,10,0,10,0.0,1.0,0.0
14753,10,1,9,0.1,0.9,0.4689955935892812
14754,10,2,8,0.2,0.8,0.7219280948873623
14755,10,2,8,0.2,0.8,0.7219280948873623
14756,10,1,9,0.1,0.9,0.4689955935892812
14757,10,1,9,0.1,0.9,0.4689955935892812
14758,10,2,8,0.2,0.8,0.7219280948873623
14759,10,0,10,0.0,1.0,0.0
14760,10,1,9,0.1,0.9,0.4689955935892812
14761,10,2,8,0.2,0.8,0.7219280948873623
14762,10,1,9,0.1,0.9,0.4689955935892812
14763,10,2,8,0.2,0.8,0.7219280948873623
14764,10,2,8,0.2,0.8,0.7219280948873623
14765,10,0,10,0.0,1.0,0.0
14766,10,3,7,0.3,0.7,0.8812908992306927
14767,10,1,9,0.1,0.9,0.4689955935892812
14768,10,1,9,0.1,0.9,0.4689955935892812
14769,10,1,9,0.1,0.9,0.4689955935892812
14770,10,2,8,0.2,0.8,0.7219280948873623
14771,10,0,10,0.0,1.0,0.0
14772,10,1,9,0.1,0.9,0.4689955935892812
14773,10,0,10,0.0,1.0,0.0
14774,10,3,7,0.3,0.7,0.8812908992306927
14775,10,2,8,0.2,0.8,0.7219280948873623
14776,10,3,7,0.3,0.7,0.8812908992306927
14777,10,1,9,0.1,0.9,0.4689955935892812
14778,10,1,9,0.1,0.9,0.4689955935892812
14779,10,3,7,0.3,0.7,0.8812908992306927
14780,10,1,9,0.1,0.9,0.4689955935892812
14781,10,3,7,0.3,0.7,0.8812908992306927
14782,10,1,9,0.1,0.9,0.4689955935892812
14783,10,0,10,0.0,1.0,0.0
14784,10,0,10,0.0,1.0,0.0
14785,10,0,10,0.0,1.0,0.0
14786,10,2,8,0.2,0.8,0.7219280948873623
14787,10,0,10,0.0,1.0,0.0
14788,10,1,9,0.1,0.9,0.4689955935892812
14789,10,2,8,0.2,0.8,0.7219280948873623
14790,10,1,9,0.1,0.9,0.4689955935892812
14791,10,2,8,0.2,0.8,0.7219280948873623
14792,10,1,9,0.1,0.9,0.4689955935892812
14793,10,0,10,0.0,1.0,0.0
14794,10,1,9,0.1,0.9,0.4689955935892812
14795,10,3,7,0.3,0.7,0.8812908992306927
14796,10,3,7,0.3,0.7,0.8812908992306927
14797,10,3,7,0.3,0.7,0.8812908992306927
14798,10,3,7,0.3,0.7,0.8812908992306927
14799,10,0,10,0.0,1.0,0.0
14800,10,1,9,0.1,0.9,0.4689955935892812
14801,10,1,9,0.1,0.9,0.4689955935892812
14802,10,2,8,0.2,0.8,0.7219280948873623
14803,10,3,7,0.3,0.7,0.8812908992306927
14804,10,1,9,0.1,0.9,0.4689955935892812
14805,10,3,7,0.3,0.7,0.8812908992306927
14806,10,0,10,0.0,1.0,0.0
14807,10,3,7,0.3,0.7,0.8812908992306927
14808,10,0,10,0.0,1.0,0.0
14809,10,4,6,0.4,0.6,0.9709505944546686
14810,10,3,7,0.3,0.7,0.8812908992306927
14811,10,2,8,0.2,0.8,0.7219280948873623
14812,10,0,10,0.0,1.0,0.0
14813,10,1,9,0.1,0.9,0.4689955935892812
14814,10,0,10,0.0,1.0,0.0
14815,10,1,9,0.1,0.9,0.4689955935892812
14816,10,2,8,0.2,0.8,0.7219280948873623
14817,10,1,9,0.1,0.9,0.4689955935892812
14818,10,0,10,0.0,1.0,0.0
14819,10,3,7,0.3,0.7,0.8812908992306927
14820,10,2,8,0.2,0.8,0.7219280948873623
14821,10,0,10,0.0,1.0,0.0
14822,10,1,9,0.1,0.9,0.4689955935892812
14823,10,3,7,0.3,0.7,0.8812908992306927
14824,10,0,10,0.0,1.0,0.0
14825,10,2,8,0.2,0.8,0.7219280948873623
14826,10,3,7,0.3,0.7,0.8812908992306927
14827,10,1,9,0.1,0.9,0.4689955935892812
14828,10,1,9,0.1,0.9,0.4689955935892812
14829,10,2,8,0.2,0.8,0.7219280948873623
14830,10,1,9,0.1,0.9,0.4689955935892812
14831,10,1,9,0.1,0.9,0.4689955935892812
14832,10,0,10,0.0,1.0,0.0
14833,10,2,8,0.2,0.8,0.7219280948873623
14834,10,2,8,0.2,0.8,0.7219280948873623
14835,10,1,9,0.1,0.9,0.4689955935892812
14836,10,2,8,0.2,0.8,0.7219280948873623
14837,10,2,8,0.2,0.8,0.7219280948873623
14838,10,3,7,0.3,0.7,0.8812908992306927
14839,10,2,8,0.2,0.8,0.7219280948873623
14840,10,1,9,0.1,0.9,0.4689955935892812
14841,10,2,8,0.2,0.8,0.7219280948873623
14842,10,1,9,0.1,0.9,0.4689955935892812
14843,10,3,7,0.3,0.7,0.8812908992306927
14844,10,2,8,0.2,0.8,0.7219280948873623
14845,10,0,10,0.0,1.0,0.0
14846,10,0,10,0.0,1.0,0.0
14847,10,2,8,0.2,0.8,0.7219280948873623
14848,10,4,6,0.4,0.6,0.9709505944546686
14849,10,1,9,0.1,0.9,0.4689955935892812
14850,10,2,8,0.2,0.8,0.7219280948873623
14851,10,1,9,0.1,0.9,0.4689955935892812
14852,10,0,10,0.0,1.0,0.0
14853,10,0,10,0.0,1.0,0.0
14854,10,1,9,0.1,0.9,0.4689955935892812
14855,10,2,8,0.2,0.8,0.7219280948873623
14856,10,0,10,0.0,1.0,0.0
14857,10,0,10,0.0,1.0,0.0
14858,10,0,10,0.0,1.0,0.0
14859,10,1,9,0.1,0.9,0.4689955935892812
14860,10,0,10,0.0,1.0,0.0
14861,10,1,9,0.1,0.9,0.4689955935892812
14862,10,0,10,0.0,1.0,0.0
14863,10,1,9,0.1,0.9,0.4689955935892812
14864,10,2,8,0.2,0.8,0.7219280948873623
14865,10,3,7,0.3,0.7,0.8812908992306927
14866,10,1,9,0.1,0.9,0.4689955935892812
14867,10,2,8,0.2,0.8,0.7219280948873623
14868,10,1,9,0.1,0.9,0.4689955935892812
14869,10,1,9,0.1,0.9,0.4689955935892812
14870,10,1,9,0.1,0.9,0.4689955935892812
14871,10,1,9,0.1,0.9,0.4689955935892812
14872,10,1,9,0.1,0.9,0.4689955935892812
14873,10,2,8,0.2,0.8,0.7219280948873623
14874,10,1,9,0.1,0.9,0.4689955935892812
14875,10,1,9,0.1,0.9,0.4689955935892812
14876,10,2,8,0.2,0.8,0.7219280948873623
14877,10,1,9,0.1,0.9,0.4689955935892812
14878,10,0,10,0.0,1.0,0.0
14879,10,1,9,0.1,0.9,0.4689955935892812
14880,10,1,9,0.1,0.9,0.4689955935892812
14881,10,2,8,0.2,0.8,0.7219280948873623
14882,10,0,10,0.0,1.0,0.0
14883,10,1,9,0.1,0.9,0.4689955935892812
14884,10,0,10,0.0,1.0,0.0
14885,10,1,9,0.1,0.9,0.4689955935892812
14886,10,0,10,0.0,1.0,0.0
14887,10,0,10,0.0,1.0,0.0
14888,10,1,9,0.1,0.9,0.4689955935892812
14889,10,1,9,0.1,0.9,0.4689955935892812
14890,10,1,9,0.1,0.9,0.4689955935892812
14891,10,0,10,0.0,1.0,0.0
14892,10,2,8,0.2,0.8,0.7219280948873623
14893,10,0,10,0.0,1.0,0.0
14894,10,2,8,0.2,0.8,0.7219280948873623
14895,10,1,9,0.1,0.9,0.4689955935892812
14896,10,1,9,0.1,0.9,0.4689955935892812
14897,10,1,9,0.1,0.9,0.4689955935892812
14898,10,1,9,0.1,0.9,0.4689955935892812
14899,10,3,7,0.3,0.7,0.8812908992306927
14900,10,0,10,0.0,1.0,0.0
14901,10,2,8,0.2,0.8,0.7219280948873623
14902,10,2,8,0.2,0.8,0.7219280948873623
14903,10,1,9,0.1,0.9,0.4689955935892812
14904,10,1,9,0.1,0.9,0.4689955935892812
14905,10,4,6,0.4,0.6,0.9709505944546686
14906,10,3,7,0.3,0.7,0.8812908992306927
14907,10,0,10,0.0,1.0,0.0
14908,10,1,9,0.1,0.9,0.4689955935892812
14909,10,1,9,0.1,0.9,0.4689955935892812
14910,10,3,7,0.3,0.7,0.8812908992306927
14911,10,2,8,0.2,0.8,0.7219280948873623
14912,10,0,10,0.0,1.0,0.0
14913,10,1,9,0.1,0.9,0.4689955935892812
14914,10,3,7,0.3,0.7,0.8812908992306927
14915,10,1,9,0.1,0.9,0.4689955935892812
14916,10,0,10,0.0,1.0,0.0
14917,10,3,7,0.3,0.7,0.8812908992306927
14918,10,2,8,0.2,0.8,0.7219280948873623
14919,10,4,6,0.4,0.6,0.9709505944546686
14920,10,1,9,0.1,0.9,0.4689955935892812
14921,10,2,8,0.2,0.8,0.7219280948873623
14922,10,2,8,0.2,0.8,0.7219280948873623
14923,10,1,9,0.1,0.9,0.4689955935892812
14924,10,0,10,0.0,1.0,0.0
14925,10,2,8,0.2,0.8,0.7219280948873623
14926,10,0,10,0.0,1.0,0.0
14927,10,3,7,0.3,0.7,0.8812908992306927
14928,10,1,9,0.1,0.9,0.4689955935892812
14929,10,2,8,0.2,0.8,0.7219280948873623
14930,10,2,8,0.2,0.8,0.7219280948873623
14931,10,0,10,0.0,1.0,0.0
14932,10,1,9,0.1,0.9,0.4689955935892812
14933,10,0,10,0.0,1.0,0.0
14934,10,3,7,0.3,0.7,0.8812908992306927
14935,10,3,7,0.3,0.7,0.8812908992306927
14936,10,1,9,0.1,0.9,0.4689955935892812
14937,10,1,9,0.1,0.9,0.4689955935892812
14938,10,0,10,0.0,1.0,0.0
14939,10,2,8,0.2,0.8,0.7219280948873623
14940,10,1,9,0.1,0.9,0.4689955935892812
14941,10,0,10,0.0,1.0,0.0
14942,10,2,8,0.2,0.8,0.7219280948873623
14943,10,0,10,0.0,1.0,0.0
14944,10,1,9,0.1,0.9,0.4689955935892812
14945,10,0,10,0.0,1.0,0.0
14946,10,1,9,0.1,0.9,0.4689955935892812
14947,10,1,9,0.1,0.9,0.4689955935892812
14948,10,2,8,0.2,0.8,0.7219280948873623
14949,10,1,9,0.1,0.9,0.4689955935892812
14950,10,1,9,0.1,0.9,0.4689955935892812
14951,10,1,9,0.1,0.9,0.4689955935892812
14952,10,4,6,0.4,0.6,0.9709505944546686
14953,10,1,9,0.1,0.9,0.4689955935892812
14954,10,1,9,0.1,0.9,0.4689955935892812
14955,10,0,10,0.0,1.0,0.0
14956,10,1,9,0.1,0.9,0.4689955935892812
14957,10,2,8,0.2,0.8,0.7219280948873623
14958,10,1,9,0.1,0.9,0.4689955935892812
14959,10,4,6,0.4,0.6,0.9709505944546686
14960,10,0,10,0.0,1.0,0.0
14961,10,3,7,0.3,0.7,0.8812908992306927
14962,10,2,8,0.2,0.8,0.7219280948873623
14963,10,0,10,0.0,1.0,0.0
14964,10,2,8,0.2,0.8,0.7219280948873623
14965,10,2,8,0.2,0.8,0.7219280948873623
14966,10,3,7,0.3,0.7,0.8812908992306927
14967,10,1,9,0.1,0.9,0.4689955935892812
14968,10,0,10,0.0,1.0,0.0
14969,10,0,10,0.0,1.0,0.0
14970,10,1,9,0.1,0.9,0.4689955935892812
14971,10,2,8,0.2,0.8,0.7219280948873623
14972,10,2,8,0.2,0.8,0.7219280948873623
14973,10,1,9,0.1,0.9,0.4689955935892812
14974,10,1,9,0.1,0.9,0.4689955935892812
14975,10,0,10,0.0,1.0,0.0
14976,10,1,9,0.1,0.9,0.4689955935892812
14977,10,3,7,0.3,0.7,0.8812908992306927
14978,10,3,7,0.3,0.7,0.8812908992306927
14979,10,2,8,0.2,0.8,0.7219280948873623
14980,10,0,10,0.0,1.0,0.0
14981,10,2,8,0.2,0.8,0.7219280948873623
14982,10,2,8,0.2,0.8,0.7219280948873623
14983,10,1,9,0.1,0.9,0.4689955935892812
14984,10,1,9,0.1,0.9,0.4689955935892812
14985,10,5,5,0.5,0.5,1.0
14986,10,2,8,0.2,0.8,0.7219280948873623
14987,10,1,9,0.1,0.9,0.4689955935892812
14988,10,1,9,0.1,0.9,0.4689955935892812
14989,10,0,10,0.0,1.0,0.0
14990,10,1,9,0.1,0.9,0.4689955935892812
14991,10,0,10,0.0,1.0,0.0
14992,10,2,8,0.2,0.8,0.7219280948873623
14993,10,2,8,0.2,0.8,0.7219280948873623
14994,10,2,8,0.2,0.8,0.7219280948873623
14995,10,0,10,0.0,1.0,0.0
14996,10,2,8,0.2,0.8,0.7219280948873623
14997,10,0,10,0.0,1.0,0.0
14998,10,2,8,0.2,0.8,0.7219280948873623
14999,10,0,10,0.0,1.0,0.0
15000,10,1,9,0.1,0.9,0.4689955935892812
15001,10,1,9,0.1,0.9,0.4689955935892812
15002,10,2,8,0.2,0.8,0.7219280948873623
15003,10,0,10,0.0,1.0,0.0
15004,10,1,9,0.1,0.9,0.4689955935892812
15005,10,0,10,0.0,1.0,0.0
15006,10,1,9,0.1,0.9,0.4689955935892812
15007,10,3,7,0.3,0.7,0.8812908992306927
15008,10,0,10,0.0,1.0,0.0
15009,10,2,8,0.2,0.8,0.7219280948873623
15010,10,2,8,0.2,0.8,0.7219280948873623
15011,10,4,6,0.4,0.6,0.9709505944546686
15012,10,2,8,0.2,0.8,0.7219280948873623
15013,10,1,9,0.1,0.9,0.4689955935892812
15014,10,5,5,0.5,0.5,1.0
15015,10,1,9,0.1,0.9,0.4689955935892812
15016,10,0,10,0.0,1.0,0.0
15017,10,0,10,0.0,1.0,0.0
15018,10,2,8,0.2,0.8,0.7219280948873623
15019,10,0,10,0.0,1.0,0.0
15020,10,0,10,0.0,1.0,0.0
15021,10,3,7,0.3,0.7,0.8812908992306927
15022,10,1,9,0.1,0.9,0.4689955935892812
15023,10,1,9,0.1,0.9,0.4689955935892812
15024,10,3,7,0.3,0.7,0.8812908992306927
15025,10,1,9,0.1,0.9,0.4689955935892812
15026,10,3,7,0.3,0.7,0.8812908992306927
15027,10,2,8,0.2,0.8,0.7219280948873623
15028,10,1,9,0.1,0.9,0.4689955935892812
15029,10,2,8,0.2,0.8,0.7219280948873623
15030,10,4,6,0.4,0.6,0.9709505944546686
15031,10,1,9,0.1,0.9,0.4689955935892812
15032,10,1,9,0.1,0.9,0.4689955935892812
15033,10,1,9,0.1,0.9,0.4689955935892812
15034,10,2,8,0.2,0.8,0.7219280948873623
15035,10,3,7,0.3,0.7,0.8812908992306927
15036,10,1,9,0.1,0.9,0.4689955935892812
15037,10,1,9,0.1,0.9,0.4689955935892812
15038,10,1,9,0.1,0.9,0.4689955935892812
15039,10,0,10,0.0,1.0,0.0
15040,10,1,9,0.1,0.9,0.4689955935892812
15041,10,1,9,0.1,0.9,0.4689955935892812
15042,10,1,9,0.1,0.9,0.4689955935892812
15043,10,1,9,0.1,0.9,0.4689955935892812
15044,10,2,8,0.2,0.8,0.7219280948873623
15045,10,2,8,0.2,0.8,0.7219280948873623
15046,10,0,10,0.0,1.0,0.0
15047,10,1,9,0.1,0.9,0.4689955935892812
15048,10,0,10,0.0,1.0,0.0
15049,10,1,9,0.1,0.9,0.4689955935892812
15050,10,2,8,0.2,0.8,0.7219280948873623
15051,10,1,9,0.1,0.9,0.4689955935892812
15052,10,0,10,0.0,1.0,0.0
15053,10,2,8,0.2,0.8,0.7219280948873623
15054,10,2,8,0.2,0.8,0.7219280948873623
15055,10,0,10,0.0,1.0,0.0
15056,10,3,7,0.3,0.7,0.8812908992306927
15057,10,0,10,0.0,1.0,0.0
15058,10,4,6,0.4,0.6,0.9709505944546686
15059,10,1,9,0.1,0.9,0.4689955935892812
15060,10,1,9,0.1,0.9,0.4689955935892812
15061,10,1,9,0.1,0.9,0.4689955935892812
15062,10,2,8,0.2,0.8,0.7219280948873623
15063,10,2,8,0.2,0.8,0.7219280948873623
15064,10,0,10,0.0,1.0,0.0
15065,10,0,10,0.0,1.0,0.0
15066,10,0,10,0.0,1.0,0.0
15067,10,1,9,0.1,0.9,0.4689955935892812
15068,10,3,7,0.3,0.7,0.8812908992306927
15069,10,0,10,0.0,1.0,0.0
15070,10,1,9,0.1,0.9,0.4689955935892812
15071,10,0,10,0.0,1.0,0.0
15072,10,2,8,0.2,0.8,0.7219280948873623
15073,10,1,9,0.1,0.9,0.4689955935892812
15074,10,3,7,0.3,0.7,0.8812908992306927
15075,10,1,9,0.1,0.9,0.4689955935892812
15076,10,1,9,0.1,0.9,0.4689955935892812
15077,10,0,10,0.0,1.0,0.0
15078,10,1,9,0.1,0.9,0.4689955935892812
15079,10,1,9,0.1,0.9,0.4689955935892812
15080,10,2,8,0.2,0.8,0.7219280948873623
15081,10,0,10,0.0,1.0,0.0
15082,10,1,9,0.1,0.9,0.4689955935892812
15083,10,0,10,0.0,1.0,0.0
15084,10,2,8,0.2,0.8,0.7219280948873623
15085,10,0,10,0.0,1.0,0.0
15086,10,2,8,0.2,0.8,0.7219280948873623
15087,10,3,7,0.3,0.7,0.8812908992306927
15088,10,6,4,0.6,0.4,0.9709505944546686
15089,10,1,9,0.1,0.9,0.4689955935892812
15090,10,1,9,0.1,0.9,0.4689955935892812
15091,10,2,8,0.2,0.8,0.7219280948873623
15092,10,1,9,0.1,0.9,0.4689955935892812
15093,10,1,9,0.1,0.9,0.4689955935892812
15094,10,1,9,0.1,0.9,0.4689955935892812
15095,10,2,8,0.2,0.8,0.7219280948873623
15096,10,3,7,0.3,0.7,0.8812908992306927
15097,10,0,10,0.0,1.0,0.0
15098,10,3,7,0.3,0.7,0.8812908992306927
15099,10,0,10,0.0,1.0,0.0
15100,10,1,9,0.1,0.9,0.4689955935892812
15101,10,2,8,0.2,0.8,0.7219280948873623
15102,10,2,8,0.2,0.8,0.7219280948873623
15103,10,2,8,0.2,0.8,0.7219280948873623
15104,10,2,8,0.2,0.8,0.7219280948873623
15105,10,3,7,0.3,0.7,0.8812908992306927
15106,10,2,8,0.2,0.8,0.7219280948873623
15107,10,0,10,0.0,1.0,0.0
15108,10,1,9,0.1,0.9,0.4689955935892812
15109,10,0,10,0.0,1.0,0.0
15110,10,2,8,0.2,0.8,0.7219280948873623
15111,10,2,8,0.2,0.8,0.7219280948873623
15112,10,2,8,0.2,0.8,0.7219280948873623
15113,10,0,10,0.0,1.0,0.0
15114,10,0,10,0.0,1.0,0.0
15115,10,3,7,0.3,0.7,0.8812908992306927
15116,10,1,9,0.1,0.9,0.4689955935892812
15117,10,3,7,0.3,0.7,0.8812908992306927
15118,10,1,9,0.1,0.9,0.4689955935892812
15119,10,1,9,0.1,0.9,0.4689955935892812
15120,10,1,9,0.1,0.9,0.4689955935892812
15121,10,0,10,0.0,1.0,0.0
15122,10,1,9,0.1,0.9,0.4689955935892812
15123,10,0,10,0.0,1.0,0.0
15124,10,0,10,0.0,1.0,0.0
15125,10,1,9,0.1,0.9,0.4689955935892812
15126,10,4,6,0.4,0.6,0.9709505944546686
15127,10,1,9,0.1,0.9,0.4689955935892812
15128,10,3,7,0.3,0.7,0.8812908992306927
15129,10,1,9,0.1,0.9,0.4689955935892812
15130,10,2,8,0.2,0.8,0.7219280948873623
15131,10,2,8,0.2,0.8,0.7219280948873623
15132,10,0,10,0.0,1.0,0.0
15133,10,1,9,0.1,0.9,0.4689955935892812
15134,10,0,10,0.0,1.0,0.0
15135,10,1,9,0.1,0.9,0.4689955935892812
15136,10,2,8,0.2,0.8,0.7219280948873623
15137,10,2,8,0.2,0.8,0.7219280948873623
15138,10,1,9,0.1,0.9,0.4689955935892812
15139,10,2,8,0.2,0.8,0.7219280948873623
15140,10,2,8,0.2,0.8,0.7219280948873623
15141,10,2,8,0.2,0.8,0.7219280948873623
15142,10,3,7,0.3,0.7,0.8812908992306927
15143,10,3,7,0.3,0.7,0.8812908992306927
15144,10,1,9,0.1,0.9,0.4689955935892812
15145,10,1,9,0.1,0.9,0.4689955935892812
15146,10,2,8,0.2,0.8,0.7219280948873623
15147,10,0,10,0.0,1.0,0.0
15148,10,1,9,0.1,0.9,0.4689955935892812
15149,10,1,9,0.1,0.9,0.4689955935892812
15150,10,3,7,0.3,0.7,0.8812908992306927
15151,10,3,7,0.3,0.7,0.8812908992306927
15152,10,1,9,0.1,0.9,0.4689955935892812
15153,10,1,9,0.1,0.9,0.4689955935892812
15154,10,3,7,0.3,0.7,0.8812908992306927
15155,10,1,9,0.1,0.9,0.4689955935892812
15156,10,0,10,0.0,1.0,0.0
15157,10,2,8,0.2,0.8,0.7219280948873623
15158,10,2,8,0.2,0.8,0.7219280948873623
15159,10,0,10,0.0,1.0,0.0
15160,10,0,10,0.0,1.0,0.0
15161,10,1,9,0.1,0.9,0.4689955935892812
15162,10,2,8,0.2,0.8,0.7219280948873623
15163,10,0,10,0.0,1.0,0.0
15164,10,0,10,0.0,1.0,0.0
15165,10,0,10,0.0,1.0,0.0
15166,10,3,7,0.3,0.7,0.8812908992306927
15167,10,0,10,0.0,1.0,0.0
15168,10,1,9,0.1,0.9,0.4689955935892812
15169,10,1,9,0.1,0.9,0.4689955935892812
15170,10,0,10,0.0,1.0,0.0
15171,10,0,10,0.0,1.0,0.0
15172,10,2,8,0.2,0.8,0.7219280948873623
15173,10,0,10,0.0,1.0,0.0
15174,10,1,9,0.1,0.9,0.4689955935892812
15175,10,2,8,0.2,0.8,0.7219280948873623
15176,10,1,9,0.1,0.9,0.4689955935892812
15177,10,1,9,0.1,0.9,0.4689955935892812
15178,10,0,10,0.0,1.0,0.0
15179,10,2,8,0.2,0.8,0.7219280948873623
15180,10,3,7,0.3,0.7,0.8812908992306927
15181,10,1,9,0.1,0.9,0.4689955935892812
15182,10,1,9,0.1,0.9,0.4689955935892812
15183,10,2,8,0.2,0.8,0.7219280948873623
15184,10,0,10,0.0,1.0,0.0
15185,10,1,9,0.1,0.9,0.4689955935892812
15186,10,0,10,0.0,1.0,0.0
15187,10,1,9,0.1,0.9,0.4689955935892812
15188,10,3,7,0.3,0.7,0.8812908992306927
15189,10,4,6,0.4,0.6,0.9709505944546686
15190,10,1,9,0.1,0.9,0.4689955935892812
15191,10,2,8,0.2,0.8,0.7219280948873623
15192,10,1,9,0.1,0.9,0.4689955935892812
15193,10,4,6,0.4,0.6,0.9709505944546686
15194,10,2,8,0.2,0.8,0.7219280948873623
15195,10,3,7,0.3,0.7,0.8812908992306927
15196,10,0,10,0.0,1.0,0.0
15197,10,2,8,0.2,0.8,0.7219280948873623
15198,10,1,9,0.1,0.9,0.4689955935892812
15199,10,4,6,0.4,0.6,0.9709505944546686
15200,10,0,10,0.0,1.0,0.0
15201,10,0,10,0.0,1.0,0.0
15202,10,2,8,0.2,0.8,0.7219280948873623
15203,10,1,9,0.1,0.9,0.4689955935892812
15204,10,1,9,0.1,0.9,0.4689955935892812
15205,10,1,9,0.1,0.9,0.4689955935892812
15206,10,2,8,0.2,0.8,0.7219280948873623
15207,10,1,9,0.1,0.9,0.4689955935892812
15208,10,0,10,0.0,1.0,0.0
15209,10,0,10,0.0,1.0,0.0
15210,10,2,8,0.2,0.8,0.7219280948873623
15211,10,1,9,0.1,0.9,0.4689955935892812
15212,10,1,9,0.1,0.9,0.4689955935892812
15213,10,0,10,0.0,1.0,0.0
15214,10,3,7,0.3,0.7,0.8812908992306927
15215,10,0,10,0.0,1.0,0.0
15216,10,1,9,0.1,0.9,0.4689955935892812
15217,10,3,7,0.3,0.7,0.8812908992306927
15218,10,1,9,0.1,0.9,0.4689955935892812
15219,10,4,6,0.4,0.6,0.9709505944546686
15220,10,1,9,0.1,0.9,0.4689955935892812
15221,10,1,9,0.1,0.9,0.4689955935892812
15222,10,2,8,0.2,0.8,0.7219280948873623
15223,10,1,9,0.1,0.9,0.4689955935892812
15224,10,1,9,0.1,0.9,0.4689955935892812
15225,10,2,8,0.2,0.8,0.7219280948873623
15226,10,0,10,0.0,1.0,0.0
15227,10,2,8,0.2,0.8,0.7219280948873623
15228,10,1,9,0.1,0.9,0.4689955935892812
15229,10,0,10,0.0,1.0,0.0
15230,10,2,8,0.2,0.8,0.7219280948873623
15231,10,0,10,0.0,1.0,0.0
15232,10,0,10,0.0,1.0,0.0
15233,10,0,10,0.0,1.0,0.0
15234,10,1,9,0.1,0.9,0.4689955935892812
15235,10,1,9,0.1,0.9,0.4689955935892812
15236,10,3,7,0.3,0.7,0.8812908992306927
15237,10,1,9,0.1,0.9,0.4689955935892812
15238,10,1,9,0.1,0.9,0.4689955935892812
15239,10,1,9,0.1,0.9,0.4689955935892812
15240,10,0,10,0.0,1.0,0.0
15241,10,1,9,0.1,0.9,0.4689955935892812
15242,10,0,10,0.0,1.0,0.0
15243,10,1,9,0.1,0.9,0.4689955935892812
15244,10,0,10,0.0,1.0,0.0
15245,10,4,6,0.4,0.6,0.9709505944546686
15246,10,3,7,0.3,0.7,0.8812908992306927
15247,10,1,9,0.1,0.9,0.4689955935892812
15248,10,2,8,0.2,0.8,0.7219280948873623
15249,10,1,9,0.1,0.9,0.4689955935892812
15250,10,0,10,0.0,1.0,0.0
15251,10,1,9,0.1,0.9,0.4689955935892812
15252,10,1,9,0.1,0.9,0.4689955935892812
15253,10,2,8,0.2,0.8,0.7219280948873623
15254,10,2,8,0.2,0.8,0.7219280948873623
15255,10,2,8,0.2,0.8,0.7219280948873623
15256,10,2,8,0.2,0.8,0.7219280948873623
15257,10,2,8,0.2,0.8,0.7219280948873623
15258,10,2,8,0.2,0.8,0.7219280948873623
15259,10,1,9,0.1,0.9,0.4689955935892812
15260,10,2,8,0.2,0.8,0.7219280948873623
15261,10,1,9,0.1,0.9,0.4689955935892812
15262,10,0,10,0.0,1.0,0.0
15263,10,0,10,0.0,1.0,0.0
15264,10,1,9,0.1,0.9,0.4689955935892812
15265,10,2,8,0.2,0.8,0.7219280948873623
15266,10,0,10,0.0,1.0,0.0
15267,10,1,9,0.1,0.9,0.4689955935892812
15268,10,3,7,0.3,0.7,0.8812908992306927
15269,10,3,7,0.3,0.7,0.8812908992306927
15270,10,1,9,0.1,0.9,0.4689955935892812
15271,10,2,8,0.2,0.8,0.7219280948873623
15272,10,2,8,0.2,0.8,0.7219280948873623
15273,10,1,9,0.1,0.9,0.4689955935892812
15274,10,0,10,0.0,1.0,0.0
15275,10,4,6,0.4,0.6,0.9709505944546686
15276,10,1,9,0.1,0.9,0.4689955935892812
15277,10,3,7,0.3,0.7,0.8812908992306927
15278,10,0,10,0.0,1.0,0.0
15279,10,2,8,0.2,0.8,0.7219280948873623
15280,10,0,10,0.0,1.0,0.0
15281,10,3,7,0.3,0.7,0.8812908992306927
15282,10,0,10,0.0,1.0,0.0
15283,10,2,8,0.2,0.8,0.7219280948873623
15284,10,1,9,0.1,0.9,0.4689955935892812
15285,10,3,7,0.3,0.7,0.8812908992306927
15286,10,2,8,0.2,0.8,0.7219280948873623
15287,10,1,9,0.1,0.9,0.4689955935892812
15288,10,2,8,0.2,0.8,0.7219280948873623
15289,10,2,8,0.2,0.8,0.7219280948873623
15290,10,3,7,0.3,0.7,0.8812908992306927
15291,10,1,9,0.1,0.9,0.4689955935892812
15292,10,1,9,0.1,0.9,0.4689955935892812
15293,10,2,8,0.2,0.8,0.7219280948873623
15294,10,1,9,0.1,0.9,0.4689955935892812
15295,10,1,9,0.1,0.9,0.4689955935892812
15296,10,4,6,0.4,0.6,0.9709505944546686
15297,10,2,8,0.2,0.8,0.7219280948873623
15298,10,2,8,0.2,0.8,0.7219280948873623
15299,10,0,10,0.0,1.0,0.0
15300,10,2,8,0.2,0.8,0.7219280948873623
15301,10,1,9,0.1,0.9,0.4689955935892812
15302,10,1,9,0.1,0.9,0.4689955935892812
15303,10,1,9,0.1,0.9,0.4689955935892812
15304,10,3,7,0.3,0.7,0.8812908992306927
15305,10,1,9,0.1,0.9,0.4689955935892812
15306,10,4,6,0.4,0.6,0.9709505944546686
15307,10,1,9,0.1,0.9,0.4689955935892812
15308,10,2,8,0.2,0.8,0.7219280948873623
15309,10,1,9,0.1,0.9,0.4689955935892812
15310,10,3,7,0.3,0.7,0.8812908992306927
15311,10,1,9,0.1,0.9,0.4689955935892812
15312,10,1,9,0.1,0.9,0.4689955935892812
15313,10,0,10,0.0,1.0,0.0
15314,10,3,7,0.3,0.7,0.8812908992306927
15315,10,1,9,0.1,0.9,0.4689955935892812
15316,10,3,7,0.3,0.7,0.8812908992306927
15317,10,0,10,0.0,1.0,0.0
15318,10,1,9,0.1,0.9,0.4689955935892812
15319,10,1,9,0.1,0.9,0.4689955935892812
15320,10,2,8,0.2,0.8,0.7219280948873623
15321,10,0,10,0.0,1.0,0.0
15322,10,2,8,0.2,0.8,0.7219280948873623
15323,10,3,7,0.3,0.7,0.8812908992306927
15324,10,1,9,0.1,0.9,0.4689955935892812
15325,10,0,10,0.0,1.0,0.0
15326,10,2,8,0.2,0.8,0.7219280948873623
15327,10,1,9,0.1,0.9,0.4689955935892812
15328,10,0,10,0.0,1.0,0.0
15329,10,0,10,0.0,1.0,0.0
15330,10,2,8,0.2,0.8,0.7219280948873623
15331,10,0,10,0.0,1.0,0.0
15332,10,0,10,0.0,1.0,0.0
15333,10,2,8,0.2,0.8,0.7219280948873623
15334,10,0,10,0.0,1.0,0.0
15335,10,2,8,0.2,0.8,0.7219280948873623
15336,10,3,7,0.3,0.7,0.8812908992306927
15337,10,2,8,0.2,0.8,0.7219280948873623
15338,10,0,10,0.0,1.0,0.0
15339,10,0,10,0.0,1.0,0.0
15340,10,0,10,0.0,1.0,0.0
15341,10,0,10,0.0,1.0,0.0
15342,10,1,9,0.1,0.9,0.4689955935892812
15343,10,2,8,0.2,0.8,0.7219280948873623
15344,10,0,10,0.0,1.0,0.0
15345,10,1,9,0.1,0.9,0.4689955935892812
15346,10,2,8,0.2,0.8,0.7219280948873623
15347,10,3,7,0.3,0.7,0.8812908992306927
15348,10,2,8,0.2,0.8,0.7219280948873623
15349,10,1,9,0.1,0.9,0.4689955935892812
15350,10,1,9,0.1,0.9,0.4689955935892812
15351,10,0,10,0.0,1.0,0.0
15352,10,1,9,0.1,0.9,0.4689955935892812
15353,10,2,8,0.2,0.8,0.7219280948873623
15354,10,0,10,0.0,1.0,0.0
15355,10,1,9,0.1,0.9,0.4689955935892812
15356,10,1,9,0.1,0.9,0.4689955935892812
15357,10,3,7,0.3,0.7,0.8812908992306927
15358,10,1,9,0.1,0.9,0.4689955935892812
15359,10,3,7,0.3,0.7,0.8812908992306927
15360,10,1,9,0.1,0.9,0.4689955935892812
15361,10,1,9,0.1,0.9,0.4689955935892812
15362,10,1,9,0.1,0.9,0.4689955935892812
15363,10,5,5,0.5,0.5,1.0
15364,10,1,9,0.1,0.9,0.4689955935892812
15365,10,1,9,0.1,0.9,0.4689955935892812
15366,10,2,8,0.2,0.8,0.7219280948873623
15367,10,0,10,0.0,1.0,0.0
15368,10,1,9,0.1,0.9,0.4689955935892812
15369,10,2,8,0.2,0.8,0.7219280948873623
15370,10,3,7,0.3,0.7,0.8812908992306927
15371,10,0,10,0.0,1.0,0.0
15372,10,1,9,0.1,0.9,0.4689955935892812
15373,10,0,10,0.0,1.0,0.0
15374,10,5,5,0.5,0.5,1.0
15375,10,1,9,0.1,0.9,0.4689955935892812
15376,10,1,9,0.1,0.9,0.4689955935892812
15377,10,1,9,0.1,0.9,0.4689955935892812
15378,10,1,9,0.1,0.9,0.4689955935892812
15379,10,1,9,0.1,0.9,0.4689955935892812
15380,10,1,9,0.1,0.9,0.4689955935892812
15381,10,2,8,0.2,0.8,0.7219280948873623
15382,10,2,8,0.2,0.8,0.7219280948873623
15383,10,2,8,0.2,0.8,0.7219280948873623
15384,10,0,10,0.0,1.0,0.0
15385,10,1,9,0.1,0.9,0.4689955935892812
15386,10,2,8,0.2,0.8,0.7219280948873623
15387,10,1,9,0.1,0.9,0.4689955935892812
15388,10,2,8,0.2,0.8,0.7219280948873623
15389,10,1,9,0.1,0.9,0.4689955935892812
15390,10,2,8,0.2,0.8,0.7219280948873623
15391,10,1,9,0.1,0.9,0.4689955935892812
15392,10,0,10,0.0,1.0,0.0
15393,10,2,8,0.2,0.8,0.7219280948873623
15394,10,0,10,0.0,1.0,0.0
15395,10,1,9,0.1,0.9,0.4689955935892812
15396,10,1,9,0.1,0.9,0.4689955935892812
15397,10,1,9,0.1,0.9,0.4689955935892812
15398,10,3,7,0.3,0.7,0.8812908992306927
15399,10,0,10,0.0,1.0,0.0
15400,10,1,9,0.1,0.9,0.4689955935892812
15401,10,1,9,0.1,0.9,0.4689955935892812
15402,10,3,7,0.3,0.7,0.8812908992306927
15403,10,0,10,0.0,1.0,0.0
15404,10,2,8,0.2,0.8,0.7219280948873623
15405,10,1,9,0.1,0.9,0.4689955935892812
15406,10,1,9,0.1,0.9,0.4689955935892812
15407,10,1,9,0.1,0.9,0.4689955935892812
15408,10,3,7,0.3,0.7,0.8812908992306927
15409,10,1,9,0.1,0.9,0.4689955935892812
15410,10,0,10,0.0,1.0,0.0
15411,10,3,7,0.3,0.7,0.8812908992306927
15412,10,1,9,0.1,0.9,0.4689955935892812
15413,10,2,8,0.2,0.8,0.7219280948873623
15414,10,0,10,0.0,1.0,0.0
15415,10,2,8,0.2,0.8,0.7219280948873623
15416,10,1,9,0.1,0.9,0.4689955935892812
15417,10,2,8,0.2,0.8,0.7219280948873623
15418,10,0,10,0.0,1.0,0.0
15419,10,0,10,0.0,1.0,0.0
15420,10,5,5,0.5,0.5,1.0
15421,10,3,7,0.3,0.7,0.8812908992306927
15422,10,1,9,0.1,0.9,0.4689955935892812
15423,10,0,10,0.0,1.0,0.0
15424,10,1,9,0.1,0.9,0.4689955935892812
15425,10,1,9,0.1,0.9,0.4689955935892812
15426,10,1,9,0.1,0.9,0.4689955935892812
15427,10,2,8,0.2,0.8,0.7219280948873623
15428,10,2,8,0.2,0.8,0.7219280948873623
15429,10,2,8,0.2,0.8,0.7219280948873623
15430,10,1,9,0.1,0.9,0.4689955935892812
15431,10,1,9,0.1,0.9,0.4689955935892812
15432,10,3,7,0.3,0.7,0.8812908992306927
15433,10,0,10,0.0,1.0,0.0
15434,10,0,10,0.0,1.0,0.0
15435,10,2,8,0.2,0.8,0.7219280948873623
15436,10,3,7,0.3,0.7,0.8812908992306927
15437,10,2,8,0.2,0.8,0.7219280948873623
15438,10,1,9,0.1,0.9,0.4689955935892812
15439,10,2,8,0.2,0.8,0.7219280948873623
15440,10,2,8,0.2,0.8,0.7219280948873623
15441,10,1,9,0.1,0.9,0.4689955935892812
15442,10,1,9,0.1,0.9,0.4689955935892812
15443,10,1,9,0.1,0.9,0.4689955935892812
15444,10,1,9,0.1,0.9,0.4689955935892812
15445,10,0,10,0.0,1.0,0.0
15446,10,0,10,0.0,1.0,0.0
15447,10,2,8,0.2,0.8,0.7219280948873623
15448,10,1,9,0.1,0.9,0.4689955935892812
15449,10,2,8,0.2,0.8,0.7219280948873623
15450,10,1,9,0.1,0.9,0.4689955935892812
15451,10,0,10,0.0,1.0,0.0
15452,10,1,9,0.1,0.9,0.4689955935892812
15453,10,2,8,0.2,0.8,0.7219280948873623
15454,10,2,8,0.2,0.8,0.7219280948873623
15455,10,1,9,0.1,0.9,0.4689955935892812
15456,10,1,9,0.1,0.9,0.4689955935892812
15457,10,3,7,0.3,0.7,0.8812908992306927
15458,10,1,9,0.1,0.9,0.4689955935892812
15459,10,1,9,0.1,0.9,0.4689955935892812
15460,10,0,10,0.0,1.0,0.0
15461,10,3,7,0.3,0.7,0.8812908992306927
15462,10,1,9,0.1,0.9,0.4689955935892812
15463,10,0,10,0.0,1.0,0.0
15464,10,2,8,0.2,0.8,0.7219280948873623
15465,10,0,10,0.0,1.0,0.0
15466,10,1,9,0.1,0.9,0.4689955935892812
15467,10,1,9,0.1,0.9,0.4689955935892812
15468,10,2,8,0.2,0.8,0.7219280948873623
15469,10,2,8,0.2,0.8,0.7219280948873623
15470,10,1,9,0.1,0.9,0.4689955935892812
15471,10,1,9,0.1,0.9,0.4689955935892812
15472,10,3,7,0.3,0.7,0.8812908992306927
15473,10,0,10,0.0,1.0,0.0
15474,10,1,9,0.1,0.9,0.4689955935892812
15475,10,0,10,0.0,1.0,0.0
15476,10,2,8,0.2,0.8,0.7219280948873623
15477,10,2,8,0.2,0.8,0.7219280948873623
15478,10,0,10,0.0,1.0,0.0
15479,10,1,9,0.1,0.9,0.4689955935892812
15480,10,0,10,0.0,1.0,0.0
15481,10,1,9,0.1,0.9,0.4689955935892812
15482,10,2,8,0.2,0.8,0.7219280948873623
15483,10,0,10,0.0,1.0,0.0
15484,10,1,9,0.1,0.9,0.4689955935892812
15485,10,3,7,0.3,0.7,0.8812908992306927
15486,10,0,10,0.0,1.0,0.0
15487,10,0,10,0.0,1.0,0.0
15488,10,0,10,0.0,1.0,0.0
15489,10,1,9,0.1,0.9,0.4689955935892812
15490,10,1,9,0.1,0.9,0.4689955935892812
15491,10,3,7,0.3,0.7,0.8812908992306927
15492,10,2,8,0.2,0.8,0.7219280948873623
15493,10,1,9,0.1,0.9,0.4689955935892812
15494,10,2,8,0.2,0.8,0.7219280948873623
15495,10,1,9,0.1,0.9,0.4689955935892812
15496,10,1,9,0.1,0.9,0.4689955935892812
15497,10,1,9,0.1,0.9,0.4689955935892812
15498,10,1,9,0.1,0.9,0.4689955935892812
15499,10,2,8,0.2,0.8,0.7219280948873623
15500,10,0,10,0.0,1.0,0.0
15501,10,0,10,0.0,1.0,0.0
15502,10,1,9,0.1,0.9,0.4689955935892812
15503,10,0,10,0.0,1.0,0.0
15504,10,3,7,0.3,0.7,0.8812908992306927
15505,10,2,8,0.2,0.8,0.7219280948873623
15506,10,2,8,0.2,0.8,0.7219280948873623
15507,10,1,9,0.1,0.9,0.4689955935892812
15508,10,0,10,0.0,1.0,0.0
15509,10,0,10,0.0,1.0,0.0
15510,10,1,9,0.1,0.9,0.4689955935892812
15511,10,1,9,0.1,0.9,0.4689955935892812
15512,10,1,9,0.1,0.9,0.4689955935892812
15513,10,2,8,0.2,0.8,0.7219280948873623
15514,10,1,9,0.1,0.9,0.4689955935892812
15515,10,1,9,0.1,0.9,0.4689955935892812
15516,10,2,8,0.2,0.8,0.7219280948873623
15517,10,2,8,0.2,0.8,0.7219280948873623
15518,10,2,8,0.2,0.8,0.7219280948873623
15519,10,1,9,0.1,0.9,0.4689955935892812
15520,10,0,10,0.0,1.0,0.0
15521,10,3,7,0.3,0.7,0.8812908992306927
15522,10,5,5,0.5,0.5,1.0
15523,10,2,8,0.2,0.8,0.7219280948873623
15524,10,1,9,0.1,0.9,0.4689955935892812
15525,10,1,9,0.1,0.9,0.4689955935892812
15526,10,1,9,0.1,0.9,0.4689955935892812
15527,10,2,8,0.2,0.8,0.7219280948873623
15528,10,0,10,0.0,1.0,0.0
15529,10,0,10,0.0,1.0,0.0
15530,10,1,9,0.1,0.9,0.4689955935892812
15531,10,2,8,0.2,0.8,0.7219280948873623
15532,10,0,10,0.0,1.0,0.0
15533,10,1,9,0.1,0.9,0.4689955935892812
15534,10,2,8,0.2,0.8,0.7219280948873623
15535,10,1,9,0.1,0.9,0.4689955935892812
15536,10,1,9,0.1,0.9,0.4689955935892812
15537,10,1,9,0.1,0.9,0.4689955935892812
15538,10,0,10,0.0,1.0,0.0
15539,10,1,9,0.1,0.9,0.4689955935892812
15540,10,2,8,0.2,0.8,0.7219280948873623
15541,10,1,9,0.1,0.9,0.4689955935892812
15542,10,2,8,0.2,0.8,0.7219280948873623
15543,10,0,10,0.0,1.0,0.0
15544,10,0,10,0.0,1.0,0.0
15545,10,3,7,0.3,0.7,0.8812908992306927
15546,10,2,8,0.2,0.8,0.7219280948873623
15547,10,0,10,0.0,1.0,0.0
15548,10,1,9,0.1,0.9,0.4689955935892812
15549,10,0,10,0.0,1.0,0.0
15550,10,2,8,0.2,0.8,0.7219280948873623
15551,10,1,9,0.1,0.9,0.4689955935892812
15552,10,1,9,0.1,0.9,0.4689955935892812
15553,10,0,10,0.0,1.0,0.0
15554,10,1,9,0.1,0.9,0.4689955935892812
15555,10,1,9,0.1,0.9,0.4689955935892812
15556,10,1,9,0.1,0.9,0.4689955935892812
15557,10,0,10,0.0,1.0,0.0
15558,10,2,8,0.2,0.8,0.7219280948873623
15559,10,0,10,0.0,1.0,0.0
15560,10,0,10,0.0,1.0,0.0
15561,10,2,8,0.2,0.8,0.7219280948873623
15562,10,1,9,0.1,0.9,0.4689955935892812
15563,10,1,9,0.1,0.9,0.4689955935892812
15564,10,1,9,0.1,0.9,0.4689955935892812
15565,10,1,9,0.1,0.9,0.4689955935892812
15566,10,1,9,0.1,0.9,0.4689955935892812
15567,10,1,9,0.1,0.9,0.4689955935892812
15568,10,0,10,0.0,1.0,0.0
15569,10,1,9,0.1,0.9,0.4689955935892812
15570,10,3,7,0.3,0.7,0.8812908992306927
15571,10,2,8,0.2,0.8,0.7219280948873623
15572,10,1,9,0.1,0.9,0.4689955935892812
15573,10,0,10,0.0,1.0,0.0
15574,10,0,10,0.0,1.0,0.0
15575,10,0,10,0.0,1.0,0.0
15576,10,1,9,0.1,0.9,0.4689955935892812
15577,10,1,9,0.1,0.9,0.4689955935892812
15578,10,1,9,0.1,0.9,0.4689955935892812
15579,10,2,8,0.2,0.8,0.7219280948873623
15580,10,2,8,0.2,0.8,0.7219280948873623
15581,10,1,9,0.1,0.9,0.4689955935892812
15582,10,3,7,0.3,0.7,0.8812908992306927
15583,10,1,9,0.1,0.9,0.4689955935892812
15584,10,3,7,0.3,0.7,0.8812908992306927
15585,10,2,8,0.2,0.8,0.7219280948873623
15586,10,1,9,0.1,0.9,0.4689955935892812
15587,10,3,7,0.3,0.7,0.8812908992306927
15588,10,0,10,0.0,1.0,0.0
15589,10,3,7,0.3,0.7,0.8812908992306927
15590,10,0,10,0.0,1.0,0.0
15591,10,1,9,0.1,0.9,0.4689955935892812
15592,10,1,9,0.1,0.9,0.4689955935892812
15593,10,0,10,0.0,1.0,0.0
15594,10,1,9,0.1,0.9,0.4689955935892812
15595,10,2,8,0.2,0.8,0.7219280948873623
15596,10,1,9,0.1,0.9,0.4689955935892812
15597,10,1,9,0.1,0.9,0.4689955935892812
15598,10,1,9,0.1,0.9,0.4689955935892812
15599,10,3,7,0.3,0.7,0.8812908992306927
15600,10,1,9,0.1,0.9,0.4689955935892812
15601,10,0,10,0.0,1.0,0.0
15602,10,2,8,0.2,0.8,0.7219280948873623
15603,10,1,9,0.1,0.9,0.4689955935892812
15604,10,2,8,0.2,0.8,0.7219280948873623
15605,10,2,8,0.2,0.8,0.7219280948873623
15606,10,0,10,0.0,1.0,0.0
15607,10,1,9,0.1,0.9,0.4689955935892812
15608,10,1,9,0.1,0.9,0.4689955935892812
15609,10,2,8,0.2,0.8,0.7219280948873623
15610,10,3,7,0.3,0.7,0.8812908992306927
15611,10,2,8,0.2,0.8,0.7219280948873623
15612,10,0,10,0.0,1.0,0.0
15613,10,1,9,0.1,0.9,0.4689955935892812
15614,10,4,6,0.4,0.6,0.9709505944546686
15615,10,2,8,0.2,0.8,0.7219280948873623
15616,10,1,9,0.1,0.9,0.4689955935892812
15617,10,1,9,0.1,0.9,0.4689955935892812
15618,10,2,8,0.2,0.8,0.7219280948873623
15619,10,1,9,0.1,0.9,0.4689955935892812
15620,10,1,9,0.1,0.9,0.4689955935892812
15621,10,0,10,0.0,1.0,0.0
15622,10,0,10,0.0,1.0,0.0
15623,10,2,8,0.2,0.8,0.7219280948873623
15624,10,1,9,0.1,0.9,0.4689955935892812
15625,10,0,10,0.0,1.0,0.0
15626,10,1,9,0.1,0.9,0.4689955935892812
15627,10,0,10,0.0,1.0,0.0
15628,10,2,8,0.2,0.8,0.7219280948873623
15629,10,0,10,0.0,1.0,0.0
15630,10,1,9,0.1,0.9,0.4689955935892812
15631,10,1,9,0.1,0.9,0.4689955935892812
15632,10,3,7,0.3,0.7,0.8812908992306927
15633,10,2,8,0.2,0.8,0.7219280948873623
15634,10,2,8,0.2,0.8,0.7219280948873623
15635,10,2,8,0.2,0.8,0.7219280948873623
15636,10,2,8,0.2,0.8,0.7219280948873623
15637,10,1,9,0.1,0.9,0.4689955935892812
15638,10,0,10,0.0,1.0,0.0
15639,10,0,10,0.0,1.0,0.0
15640,10,1,9,0.1,0.9,0.4689955935892812
15641,10,0,10,0.0,1.0,0.0
15642,10,1,9,0.1,0.9,0.4689955935892812
15643,10,3,7,0.3,0.7,0.8812908992306927
15644,10,0,10,0.0,1.0,0.0
15645,10,1,9,0.1,0.9,0.4689955935892812
15646,10,3,7,0.3,0.7,0.8812908992306927
15647,10,0,10,0.0,1.0,0.0
15648,10,3,7,0.3,0.7,0.8812908992306927
15649,10,0,10,0.0,1.0,0.0
15650,10,1,9,0.1,0.9,0.4689955935892812
15651,10,0,10,0.0,1.0,0.0
15652,10,1,9,0.1,0.9,0.4689955935892812
15653,10,3,7,0.3,0.7,0.8812908992306927
15654,10,1,9,0.1,0.9,0.4689955935892812
15655,10,1,9,0.1,0.9,0.4689955935892812
15656,10,0,10,0.0,1.0,0.0
15657,10,1,9,0.1,0.9,0.4689955935892812
15658,10,0,10,0.0,1.0,0.0
15659,10,1,9,0.1,0.9,0.4689955935892812
15660,10,2,8,0.2,0.8,0.7219280948873623
15661,10,1,9,0.1,0.9,0.4689955935892812
15662,10,3,7,0.3,0.7,0.8812908992306927
15663,10,3,7,0.3,0.7,0.8812908992306927
15664,10,1,9,0.1,0.9,0.4689955935892812
15665,10,2,8,0.2,0.8,0.7219280948873623
15666,10,3,7,0.3,0.7,0.8812908992306927
15667,10,1,9,0.1,0.9,0.4689955935892812
15668,10,2,8,0.2,0.8,0.7219280948873623
15669,10,1,9,0.1,0.9,0.4689955935892812
15670,10,1,9,0.1,0.9,0.4689955935892812
15671,10,2,8,0.2,0.8,0.7219280948873623
15672,10,1,9,0.1,0.9,0.4689955935892812
15673,10,0,10,0.0,1.0,0.0
15674,10,2,8,0.2,0.8,0.7219280948873623
15675,10,2,8,0.2,0.8,0.7219280948873623
15676,10,2,8,0.2,0.8,0.7219280948873623
15677,10,0,10,0.0,1.0,0.0
15678,10,1,9,0.1,0.9,0.4689955935892812
15679,10,0,10,0.0,1.0,0.0
15680,10,1,9,0.1,0.9,0.4689955935892812
15681,10,1,9,0.1,0.9,0.4689955935892812
15682,10,3,7,0.3,0.7,0.8812908992306927
15683,10,1,9,0.1,0.9,0.4689955935892812
15684,10,0,10,0.0,1.0,0.0
15685,10,1,9,0.1,0.9,0.4689955935892812
15686,10,5,5,0.5,0.5,1.0
15687,10,0,10,0.0,1.0,0.0
15688,10,3,7,0.3,0.7,0.8812908992306927
15689,10,3,7,0.3,0.7,0.8812908992306927
15690,10,2,8,0.2,0.8,0.7219280948873623
15691,10,1,9,0.1,0.9,0.4689955935892812
15692,10,1,9,0.1,0.9,0.4689955935892812
15693,10,2,8,0.2,0.8,0.7219280948873623
15694,10,1,9,0.1,0.9,0.4689955935892812
15695,10,1,9,0.1,0.9,0.4689955935892812
15696,10,1,9,0.1,0.9,0.4689955935892812
15697,10,4,6,0.4,0.6,0.9709505944546686
15698,10,2,8,0.2,0.8,0.7219280948873623
15699,10,1,9,0.1,0.9,0.4689955935892812
15700,10,1,9,0.1,0.9,0.4689955935892812
15701,10,0,10,0.0,1.0,0.0
15702,10,0,10,0.0,1.0,0.0
15703,10,1,9,0.1,0.9,0.4689955935892812
15704,10,0,10,0.0,1.0,0.0
15705,10,2,8,0.2,0.8,0.7219280948873623
15706,10,1,9,0.1,0.9,0.4689955935892812
15707,10,1,9,0.1,0.9,0.4689955935892812
15708,10,4,6,0.4,0.6,0.9709505944546686
15709,10,1,9,0.1,0.9,0.4689955935892812
15710,10,2,8,0.2,0.8,0.7219280948873623
15711,10,1,9,0.1,0.9,0.4689955935892812
15712,10,1,9,0.1,0.9,0.4689955935892812
15713,10,1,9,0.1,0.9,0.4689955935892812
15714,10,3,7,0.3,0.7,0.8812908992306927
15715,10,1,9,0.1,0.9,0.4689955935892812
15716,10,1,9,0.1,0.9,0.4689955935892812
15717,10,2,8,0.2,0.8,0.7219280948873623
15718,10,2,8,0.2,0.8,0.7219280948873623
15719,10,0,10,0.0,1.0,0.0
15720,10,2,8,0.2,0.8,0.7219280948873623
15721,10,2,8,0.2,0.8,0.7219280948873623
15722,10,2,8,0.2,0.8,0.7219280948873623
15723,10,2,8,0.2,0.8,0.7219280948873623
15724,10,0,10,0.0,1.0,0.0
15725,10,4,6,0.4,0.6,0.9709505944546686
15726,10,2,8,0.2,0.8,0.7219280948873623
15727,10,2,8,0.2,0.8,0.7219280948873623
15728,10,2,8,0.2,0.8,0.7219280948873623
15729,10,3,7,0.3,0.7,0.8812908992306927
15730,10,3,7,0.3,0.7,0.8812908992306927
15731,10,1,9,0.1,0.9,0.4689955935892812
15732,10,7,3,0.7,0.3,0.8812908992306927
15733,10,1,9,0.1,0.9,0.4689955935892812
15734,10,2,8,0.2,0.8,0.7219280948873623
15735,10,1,9,0.1,0.9,0.4689955935892812
15736,10,0,10,0.0,1.0,0.0
15737,10,2,8,0.2,0.8,0.7219280948873623
15738,10,3,7,0.3,0.7,0.8812908992306927
15739,10,0,10,0.0,1.0,0.0
15740,10,0,10,0.0,1.0,0.0
15741,10,1,9,0.1,0.9,0.4689955935892812
15742,10,3,7,0.3,0.7,0.8812908992306927
15743,10,1,9,0.1,0.9,0.4689955935892812
15744,10,3,7,0.3,0.7,0.8812908992306927
15745,10,2,8,0.2,0.8,0.7219280948873623
15746,10,0,10,0.0,1.0,0.0
15747,10,2,8,0.2,0.8,0.7219280948873623
15748,10,2,8,0.2,0.8,0.7219280948873623
15749,10,1,9,0.1,0.9,0.4689955935892812
15750,10,2,8,0.2,0.8,0.7219280948873623
15751,10,1,9,0.1,0.9,0.4689955935892812
15752,10,3,7,0.3,0.7,0.8812908992306927
15753,10,1,9,0.1,0.9,0.4689955935892812
15754,10,2,8,0.2,0.8,0.7219280948873623
15755,10,0,10,0.0,1.0,0.0
15756,10,1,9,0.1,0.9,0.4689955935892812
15757,10,4,6,0.4,0.6,0.9709505944546686
15758,10,0,10,0.0,1.0,0.0
15759,10,1,9,0.1,0.9,0.4689955935892812
15760,10,0,10,0.0,1.0,0.0
15761,10,1,9,0.1,0.9,0.4689955935892812
15762,10,1,9,0.1,0.9,0.4689955935892812
15763,10,1,9,0.1,0.9,0.4689955935892812
15764,10,1,9,0.1,0.9,0.4689955935892812
15765,10,0,10,0.0,1.0,0.0
15766,10,2,8,0.2,0.8,0.7219280948873623
15767,10,2,8,0.2,0.8,0.7219280948873623
15768,10,0,10,0.0,1.0,0.0
15769,10,0,10,0.0,1.0,0.0
15770,10,1,9,0.1,0.9,0.4689955935892812
15771,10,0,10,0.0,1.0,0.0
15772,10,2,8,0.2,0.8,0.7219280948873623
15773,10,1,9,0.1,0.9,0.4689955935892812
15774,10,3,7,0.3,0.7,0.8812908992306927
15775,10,2,8,0.2,0.8,0.7219280948873623
15776,10,2,8,0.2,0.8,0.7219280948873623
15777,10,5,5,0.5,0.5,1.0
15778,10,4,6,0.4,0.6,0.9709505944546686
15779,10,3,7,0.3,0.7,0.8812908992306927
15780,10,4,6,0.4,0.6,0.9709505944546686
15781,10,0,10,0.0,1.0,0.0
15782,10,2,8,0.2,0.8,0.7219280948873623
15783,10,2,8,0.2,0.8,0.7219280948873623
15784,10,1,9,0.1,0.9,0.4689955935892812
15785,10,1,9,0.1,0.9,0.4689955935892812
15786,10,2,8,0.2,0.8,0.7219280948873623
15787,10,1,9,0.1,0.9,0.4689955935892812
15788,10,0,10,0.0,1.0,0.0
15789,10,1,9,0.1,0.9,0.4689955935892812
15790,10,1,9,0.1,0.9,0.4689955935892812
15791,10,1,9,0.1,0.9,0.4689955935892812
15792,10,2,8,0.2,0.8,0.7219280948873623
15793,10,2,8,0.2,0.8,0.7219280948873623
15794,10,2,8,0.2,0.8,0.7219280948873623
15795,10,0,10,0.0,1.0,0.0
15796,10,1,9,0.1,0.9,0.4689955935892812
15797,10,0,10,0.0,1.0,0.0
15798,10,1,9,0.1,0.9,0.4689955935892812
15799,10,2,8,0.2,0.8,0.7219280948873623
15800,10,1,9,0.1,0.9,0.4689955935892812
15801,10,0,10,0.0,1.0,0.0
15802,10,2,8,0.2,0.8,0.7219280948873623
15803,10,2,8,0.2,0.8,0.7219280948873623
15804,10,1,9,0.1,0.9,0.4689955935892812
15805,10,0,10,0.0,1.0,0.0
15806,10,2,8,0.2,0.8,0.7219280948873623
15807,10,0,10,0.0,1.0,0.0
15808,10,0,10,0.0,1.0,0.0
15809,10,3,7,0.3,0.7,0.8812908992306927
15810,10,3,7,0.3,0.7,0.8812908992306927
15811,10,1,9,0.1,0.9,0.4689955935892812
15812,10,1,9,0.1,0.9,0.4689955935892812
15813,10,3,7,0.3,0.7,0.8812908992306927
15814,10,2,8,0.2,0.8,0.7219280948873623
15815,10,3,7,0.3,0.7,0.8812908992306927
15816,10,2,8,0.2,0.8,0.7219280948873623
15817,10,0,10,0.0,1.0,0.0
15818,10,3,7,0.3,0.7,0.8812908992306927
15819,10,2,8,0.2,0.8,0.7219280948873623
15820,10,2,8,0.2,0.8,0.7219280948873623
15821,10,1,9,0.1,0.9,0.4689955935892812
15822,10,1,9,0.1,0.9,0.4689955935892812
15823,10,2,8,0.2,0.8,0.7219280948873623
15824,10,2,8,0.2,0.8,0.7219280948873623
15825,10,1,9,0.1,0.9,0.4689955935892812
15826,10,0,10,0.0,1.0,0.0
15827,10,1,9,0.1,0.9,0.4689955935892812
15828,10,1,9,0.1,0.9,0.4689955935892812
15829,10,2,8,0.2,0.8,0.7219280948873623
15830,10,0,10,0.0,1.0,0.0
15831,10,2,8,0.2,0.8,0.7219280948873623
15832,10,0,10,0.0,1.0,0.0
15833,10,1,9,0.1,0.9,0.4689955935892812
15834,10,0,10,0.0,1.0,0.0
15835,10,1,9,0.1,0.9,0.4689955935892812
15836,10,2,8,0.2,0.8,0.7219280948873623
15837,10,3,7,0.3,0.7,0.8812908992306927
15838,10,1,9,0.1,0.9,0.4689955935892812
15839,10,1,9,0.1,0.9,0.4689955935892812
15840,10,1,9,0.1,0.9,0.4689955935892812
15841,10,1,9,0.1,0.9,0.4689955935892812
15842,10,1,9,0.1,0.9,0.4689955935892812
15843,10,0,10,0.0,1.0,0.0
15844,10,2,8,0.2,0.8,0.7219280948873623
15845,10,2,8,0.2,0.8,0.7219280948873623
15846,10,3,7,0.3,0.7,0.8812908992306927
15847,10,1,9,0.1,0.9,0.4689955935892812
15848,10,2,8,0.2,0.8,0.7219280948873623
15849,10,0,10,0.0,1.0,0.0
15850,10,1,9,0.1,0.9,0.4689955935892812
15851,10,1,9,0.1,0.9,0.4689955935892812
15852,10,1,9,0.1,0.9,0.4689955935892812
15853,10,2,8,0.2,0.8,0.7219280948873623
15854,10,2,8,0.2,0.8,0.7219280948873623
15855,10,3,7,0.3,0.7,0.8812908992306927
15856,10,3,7,0.3,0.7,0.8812908992306927
15857,10,1,9,0.1,0.9,0.4689955935892812
15858,10,0,10,0.0,1.0,0.0
15859,10,1,9,0.1,0.9,0.4689955935892812
15860,10,2,8,0.2,0.8,0.7219280948873623
15861,10,2,8,0.2,0.8,0.7219280948873623
15862,10,0,10,0.0,1.0,0.0
15863,10,1,9,0.1,0.9,0.4689955935892812
15864,10,1,9,0.1,0.9,0.4689955935892812
15865,10,1,9,0.1,0.9,0.4689955935892812
15866,10,0,10,0.0,1.0,0.0
15867,10,0,10,0.0,1.0,0.0
15868,10,0,10,0.0,1.0,0.0
15869,10,2,8,0.2,0.8,0.7219280948873623
15870,10,1,9,0.1,0.9,0.4689955935892812
15871,10,1,9,0.1,0.9,0.4689955935892812
15872,10,1,9,0.1,0.9,0.4689955935892812
15873,10,0,10,0.0,1.0,0.0
15874,10,2,8,0.2,0.8,0.7219280948873623
15875,10,1,9,0.1,0.9,0.4689955935892812
15876,10,3,7,0.3,0.7,0.8812908992306927
15877,10,2,8,0.2,0.8,0.7219280948873623
15878,10,1,9,0.1,0.9,0.4689955935892812
15879,10,0,10,0.0,1.0,0.0
15880,10,5,5,0.5,0.5,1.0
15881,10,0,10,0.0,1.0,0.0
15882,10,2,8,0.2,0.8,0.7219280948873623
15883,10,0,10,0.0,1.0,0.0
15884,10,3,7,0.3,0.7,0.8812908992306927
15885,10,1,9,0.1,0.9,0.4689955935892812
15886,10,1,9,0.1,0.9,0.4689955935892812
15887,10,1,9,0.1,0.9,0.4689955935892812
15888,10,1,9,0.1,0.9,0.4689955935892812
15889,10,3,7,0.3,0.7,0.8812908992306927
15890,10,1,9,0.1,0.9,0.4689955935892812
15891,10,2,8,0.2,0.8,0.7219280948873623
15892,10,0,10,0.0,1.0,0.0
15893,10,2,8,0.2,0.8,0.7219280948873623
15894,10,1,9,0.1,0.9,0.4689955935892812
15895,10,0,10,0.0,1.0,0.0
15896,10,2,8,0.2,0.8,0.7219280948873623
15897,10,2,8,0.2,0.8,0.7219280948873623
15898,10,0,10,0.0,1.0,0.0
15899,10,3,7,0.3,0.7,0.8812908992306927
15900,10,0,10,0.0,1.0,0.0
15901,10,3,7,0.3,0.7,0.8812908992306927
15902,10,1,9,0.1,0.9,0.4689955935892812
15903,10,1,9,0.1,0.9,0.4689955935892812
15904,10,2,8,0.2,0.8,0.7219280948873623
15905,10,1,9,0.1,0.9,0.4689955935892812
15906,10,2,8,0.2,0.8,0.7219280948873623
15907,10,1,9,0.1,0.9,0.4689955935892812
15908,10,2,8,0.2,0.8,0.7219280948873623
15909,10,0,10,0.0,1.0,0.0
15910,10,3,7,0.3,0.7,0.8812908992306927
15911,10,2,8,0.2,0.8,0.7219280948873623
15912,10,1,9,0.1,0.9,0.4689955935892812
15913,10,1,9,0.1,0.9,0.4689955935892812
15914,10,3,7,0.3,0.7,0.8812908992306927
15915,10,2,8,0.2,0.8,0.7219280948873623
15916,10,2,8,0.2,0.8,0.7219280948873623
15917,10,0,10,0.0,1.0,0.0
15918,10,0,10,0.0,1.0,0.0
15919,10,2,8,0.2,0.8,0.7219280948873623
15920,10,0,10,0.0,1.0,0.0
15921,10,1,9,0.1,0.9,0.4689955935892812
15922,10,1,9,0.1,0.9,0.4689955935892812
15923,10,0,10,0.0,1.0,0.0
15924,10,2,8,0.2,0.8,0.7219280948873623
15925,10,1,9,0.1,0.9,0.4689955935892812
15926,10,2,8,0.2,0.8,0.7219280948873623
15927,10,1,9,0.1,0.9,0.4689955935892812
15928,10,1,9,0.1,0.9,0.4689955935892812
15929,10,3,7,0.3,0.7,0.8812908992306927
15930,10,2,8,0.2,0.8,0.7219280948873623
15931,10,0,10,0.0,1.0,0.0
15932,10,3,7,0.3,0.7,0.8812908992306927
15933,10,1,9,0.1,0.9,0.4689955935892812
15934,10,2,8,0.2,0.8,0.7219280948873623
15935,10,1,9,0.1,0.9,0.4689955935892812
15936,10,2,8,0.2,0.8,0.7219280948873623
15937,10,0,10,0.0,1.0,0.0
15938,10,1,9,0.1,0.9,0.4689955935892812
15939,10,2,8,0.2,0.8,0.7219280948873623
15940,10,1,9,0.1,0.9,0.4689955935892812
15941,10,3,7,0.3,0.7,0.8812908992306927
15942,10,0,10,0.0,1.0,0.0
15943,10,2,8,0.2,0.8,0.7219280948873623
15944,10,2,8,0.2,0.8,0.7219280948873623
15945,10,0,10,0.0,1.0,0.0
15946,10,0,10,0.0,1.0,0.0
15947,10,1,9,0.1,0.9,0.4689955935892812
15948,10,1,9,0.1,0.9,0.4689955935892812
15949,10,2,8,0.2,0.8,0.7219280948873623
15950,10,1,9,0.1,0.9,0.4689955935892812
15951,10,3,7,0.3,0.7,0.8812908992306927
15952,10,3,7,0.3,0.7,0.8812908992306927
15953,10,2,8,0.2,0.8,0.7219280948873623
15954,10,2,8,0.2,0.8,0.7219280948873623
15955,10,0,10,0.0,1.0,0.0
15956,10,1,9,0.1,0.9,0.4689955935892812
15957,10,0,10,0.0,1.0,0.0
15958,10,0,10,0.0,1.0,0.0
15959,10,2,8,0.2,0.8,0.7219280948873623
15960,10,2,8,0.2,0.8,0.7219280948873623
15961,10,2,8,0.2,0.8,0.7219280948873623
15962,10,3,7,0.3,0.7,0.8812908992306927
15963,10,0,10,0.0,1.0,0.0
15964,10,0,10,0.0,1.0,0.0
15965,10,1,9,0.1,0.9,0.4689955935892812
15966,10,0,10,0.0,1.0,0.0
15967,10,0,10,0.0,1.0,0.0
15968,10,1,9,0.1,0.9,0.4689955935892812
15969,10,3,7,0.3,0.7,0.8812908992306927
15970,10,1,9,0.1,0.9,0.4689955935892812
15971,10,1,9,0.1,0.9,0.4689955935892812
15972,10,1,9,0.1,0.9,0.4689955935892812
15973,10,1,9,0.1,0.9,0.4689955935892812
15974,10,2,8,0.2,0.8,0.7219280948873623
15975,10,5,5,0.5,0.5,1.0
15976,10,3,7,0.3,0.7,0.8812908992306927
15977,10,1,9,0.1,0.9,0.4689955935892812
15978,10,3,7,0.3,0.7,0.8812908992306927
15979,10,1,9,0.1,0.9,0.4689955935892812
15980,10,2,8,0.2,0.8,0.7219280948873623
15981,10,1,9,0.1,0.9,0.4689955935892812
15982,10,2,8,0.2,0.8,0.7219280948873623
15983,10,1,9,0.1,0.9,0.4689955935892812
15984,10,1,9,0.1,0.9,0.4689955935892812
15985,10,2,8,0.2,0.8,0.7219280948873623
15986,10,3,7,0.3,0.7,0.8812908992306927
15987,10,3,7,0.3,0.7,0.8812908992306927
15988,10,0,10,0.0,1.0,0.0
15989,10,1,9,0.1,0.9,0.4689955935892812
15990,10,1,9,0.1,0.9,0.4689955935892812
15991,10,0,10,0.0,1.0,0.0
15992,10,1,9,0.1,0.9,0.4689955935892812
15993,10,1,9,0.1,0.9,0.4689955935892812
15994,10,0,10,0.0,1.0,0.0
15995,10,3,7,0.3,0.7,0.8812908992306927
15996,10,2,8,0.2,0.8,0.7219280948873623
15997,10,2,8,0.2,0.8,0.7219280948873623
15998,10,3,7,0.3,0.7,0.8812908992306927
15999,10,2,8,0.2,0.8,0.7219280948873623
16000,10,1,9,0.1,0.9,0.4689955935892812
16001,10,1,9,0.1,0.9,0.4689955935892812
16002,10,2,8,0.2,0.8,0.7219280948873623
16003,10,1,9,0.1,0.9,0.4689955935892812
16004,10,3,7,0.3,0.7,0.8812908992306927
16005,10,1,9,0.1,0.9,0.4689955935892812
16006,10,3,7,0.3,0.7,0.8812908992306927
16007,10,1,9,0.1,0.9,0.4689955935892812
16008,10,4,6,0.4,0.6,0.9709505944546686
16009,10,1,9,0.1,0.9,0.4689955935892812
16010,10,1,9,0.1,0.9,0.4689955935892812
16011,10,0,10,0.0,1.0,0.0
16012,10,1,9,0.1,0.9,0.4689955935892812
16013,10,1,9,0.1,0.9,0.4689955935892812
16014,10,3,7,0.3,0.7,0.8812908992306927
16015,10,4,6,0.4,0.6,0.9709505944546686
16016,10,1,9,0.1,0.9,0.4689955935892812
16017,10,1,9,0.1,0.9,0.4689955935892812
16018,10,1,9,0.1,0.9,0.4689955935892812
16019,10,2,8,0.2,0.8,0.7219280948873623
16020,10,0,10,0.0,1.0,0.0
16021,10,2,8,0.2,0.8,0.7219280948873623
16022,10,1,9,0.1,0.9,0.4689955935892812
16023,10,1,9,0.1,0.9,0.4689955935892812
16024,10,1,9,0.1,0.9,0.4689955935892812
16025,10,3,7,0.3,0.7,0.8812908992306927
16026,10,1,9,0.1,0.9,0.4689955935892812
16027,10,3,7,0.3,0.7,0.8812908992306927
16028,10,1,9,0.1,0.9,0.4689955935892812
16029,10,0,10,0.0,1.0,0.0
16030,10,1,9,0.1,0.9,0.4689955935892812
16031,10,1,9,0.1,0.9,0.4689955935892812
16032,10,0,10,0.0,1.0,0.0
16033,10,1,9,0.1,0.9,0.4689955935892812
16034,10,1,9,0.1,0.9,0.4689955935892812
16035,10,0,10,0.0,1.0,0.0
16036,10,2,8,0.2,0.8,0.7219280948873623
16037,10,0,10,0.0,1.0,0.0
16038,10,1,9,0.1,0.9,0.4689955935892812
16039,10,1,9,0.1,0.9,0.4689955935892812
16040,10,4,6,0.4,0.6,0.9709505944546686
16041,10,4,6,0.4,0.6,0.9709505944546686
16042,10,3,7,0.3,0.7,0.8812908992306927
16043,10,0,10,0.0,1.0,0.0
16044,10,1,9,0.1,0.9,0.4689955935892812
16045,10,4,6,0.4,0.6,0.9709505944546686
16046,10,2,8,0.2,0.8,0.7219280948873623
16047,10,1,9,0.1,0.9,0.4689955935892812
16048,10,0,10,0.0,1.0,0.0
16049,10,1,9,0.1,0.9,0.4689955935892812
16050,10,2,8,0.2,0.8,0.7219280948873623
16051,10,1,9,0.1,0.9,0.4689955935892812
16052,10,0,10,0.0,1.0,0.0
16053,10,0,10,0.0,1.0,0.0
16054,10,4,6,0.4,0.6,0.9709505944546686
16055,10,2,8,0.2,0.8,0.7219280948873623
16056,10,3,7,0.3,0.7,0.8812908992306927
16057,10,3,7,0.3,0.7,0.8812908992306927
16058,10,0,10,0.0,1.0,0.0
16059,10,1,9,0.1,0.9,0.4689955935892812
16060,10,4,6,0.4,0.6,0.9709505944546686
16061,10,3,7,0.3,0.7,0.8812908992306927
16062,10,0,10,0.0,1.0,0.0
16063,10,2,8,0.2,0.8,0.7219280948873623
16064,10,2,8,0.2,0.8,0.7219280948873623
16065,10,1,9,0.1,0.9,0.4689955935892812
16066,10,3,7,0.3,0.7,0.8812908992306927
16067,10,0,10,0.0,1.0,0.0
16068,10,3,7,0.3,0.7,0.8812908992306927
16069,10,3,7,0.3,0.7,0.8812908992306927
16070,10,3,7,0.3,0.7,0.8812908992306927
16071,10,0,10,0.0,1.0,0.0
16072,10,1,9,0.1,0.9,0.4689955935892812
16073,10,1,9,0.1,0.9,0.4689955935892812
16074,10,0,10,0.0,1.0,0.0
16075,10,0,10,0.0,1.0,0.0
16076,10,1,9,0.1,0.9,0.4689955935892812
16077,10,0,10,0.0,1.0,0.0
16078,10,2,8,0.2,0.8,0.7219280948873623
16079,10,3,7,0.3,0.7,0.8812908992306927
16080,10,2,8,0.2,0.8,0.7219280948873623
16081,10,1,9,0.1,0.9,0.4689955935892812
16082,10,2,8,0.2,0.8,0.7219280948873623
16083,10,2,8,0.2,0.8,0.7219280948873623
16084,10,0,10,0.0,1.0,0.0
16085,10,1,9,0.1,0.9,0.4689955935892812
16086,10,3,7,0.3,0.7,0.8812908992306927
16087,10,1,9,0.1,0.9,0.4689955935892812
16088,10,0,10,0.0,1.0,0.0
16089,10,1,9,0.1,0.9,0.4689955935892812
16090,10,0,10,0.0,1.0,0.0
16091,10,1,9,0.1,0.9,0.4689955935892812
16092,10,1,9,0.1,0.9,0.4689955935892812
16093,10,1,9,0.1,0.9,0.4689955935892812
16094,10,2,8,0.2,0.8,0.7219280948873623
16095,10,1,9,0.1,0.9,0.4689955935892812
16096,10,3,7,0.3,0.7,0.8812908992306927
16097,10,2,8,0.2,0.8,0.7219280948873623
16098,10,2,8,0.2,0.8,0.7219280948873623
16099,10,1,9,0.1,0.9,0.4689955935892812
16100,10,1,9,0.1,0.9,0.4689955935892812
16101,10,1,9,0.1,0.9,0.4689955935892812
16102,10,1,9,0.1,0.9,0.4689955935892812
16103,10,0,10,0.0,1.0,0.0
16104,10,1,9,0.1,0.9,0.4689955935892812
16105,10,1,9,0.1,0.9,0.4689955935892812
16106,10,1,9,0.1,0.9,0.4689955935892812
16107,10,1,9,0.1,0.9,0.4689955935892812
16108,10,2,8,0.2,0.8,0.7219280948873623
16109,10,1,9,0.1,0.9,0.4689955935892812
16110,10,0,10,0.0,1.0,0.0
16111,10,0,10,0.0,1.0,0.0
16112,10,2,8,0.2,0.8,0.7219280948873623
16113,10,0,10,0.0,1.0,0.0
16114,10,0,10,0.0,1.0,0.0
16115,10,3,7,0.3,0.7,0.8812908992306927
16116,10,2,8,0.2,0.8,0.7219280948873623
16117,10,0,10,0.0,1.0,0.0
16118,10,1,9,0.1,0.9,0.4689955935892812
16119,10,1,9,0.1,0.9,0.4689955935892812
16120,10,1,9,0.1,0.9,0.4689955935892812
16121,10,1,9,0.1,0.9,0.4689955935892812
16122,10,1,9,0.1,0.9,0.4689955935892812
16123,10,2,8,0.2,0.8,0.7219280948873623
16124,10,0,10,0.0,1.0,0.0
16125,10,2,8,0.2,0.8,0.7219280948873623
16126,10,1,9,0.1,0.9,0.4689955935892812
16127,10,2,8,0.2,0.8,0.7219280948873623
16128,10,1,9,0.1,0.9,0.4689955935892812
16129,10,2,8,0.2,0.8,0.7219280948873623
16130,10,0,10,0.0,1.0,0.0
16131,10,0,10,0.0,1.0,0.0
16132,10,1,9,0.1,0.9,0.4689955935892812
16133,10,1,9,0.1,0.9,0.4689955935892812
16134,10,1,9,0.1,0.9,0.4689955935892812
16135,10,1,9,0.1,0.9,0.4689955935892812
16136,10,2,8,0.2,0.8,0.7219280948873623
16137,10,0,10,0.0,1.0,0.0
16138,10,1,9,0.1,0.9,0.4689955935892812
16139,10,3,7,0.3,0.7,0.8812908992306927
16140,10,2,8,0.2,0.8,0.7219280948873623
16141,10,1,9,0.1,0.9,0.4689955935892812
16142,10,3,7,0.3,0.7,0.8812908992306927
16143,10,0,10,0.0,1.0,0.0
16144,10,2,8,0.2,0.8,0.7219280948873623
16145,10,5,5,0.5,0.5,1.0
16146,10,0,10,0.0,1.0,0.0
16147,10,0,10,0.0,1.0,0.0
16148,10,2,8,0.2,0.8,0.7219280948873623
16149,10,1,9,0.1,0.9,0.4689955935892812
16150,10,1,9,0.1,0.9,0.4689955935892812
16151,10,1,9,0.1,0.9,0.4689955935892812
16152,10,2,8,0.2,0.8,0.7219280948873623
16153,10,4,6,0.4,0.6,0.9709505944546686
16154,10,1,9,0.1,0.9,0.4689955935892812
16155,10,0,10,0.0,1.0,0.0
16156,10,0,10,0.0,1.0,0.0
16157,10,3,7,0.3,0.7,0.8812908992306927
16158,10,2,8,0.2,0.8,0.7219280948873623
16159,10,2,8,0.2,0.8,0.7219280948873623
16160,10,2,8,0.2,0.8,0.7219280948873623
16161,10,2,8,0.2,0.8,0.7219280948873623
16162,10,1,9,0.1,0.9,0.4689955935892812
16163,10,2,8,0.2,0.8,0.7219280948873623
16164,10,2,8,0.2,0.8,0.7219280948873623
16165,10,1,9,0.1,0.9,0.4689955935892812
16166,10,2,8,0.2,0.8,0.7219280948873623
16167,10,1,9,0.1,0.9,0.4689955935892812
16168,10,2,8,0.2,0.8,0.7219280948873623
16169,10,0,10,0.0,1.0,0.0
16170,10,2,8,0.2,0.8,0.7219280948873623
16171,10,1,9,0.1,0.9,0.4689955935892812
16172,10,1,9,0.1,0.9,0.4689955935892812
16173,10,2,8,0.2,0.8,0.7219280948873623
16174,10,1,9,0.1,0.9,0.4689955935892812
16175,10,3,7,0.3,0.7,0.8812908992306927
16176,10,1,9,0.1,0.9,0.4689955935892812
16177,10,2,8,0.2,0.8,0.7219280948873623
16178,10,1,9,0.1,0.9,0.4689955935892812
16179,10,3,7,0.3,0.7,0.8812908992306927
16180,10,0,10,0.0,1.0,0.0
16181,10,3,7,0.3,0.7,0.8812908992306927
16182,10,1,9,0.1,0.9,0.4689955935892812
16183,10,2,8,0.2,0.8,0.7219280948873623
16184,10,1,9,0.1,0.9,0.4689955935892812
16185,10,3,7,0.3,0.7,0.8812908992306927
16186,10,2,8,0.2,0.8,0.7219280948873623
16187,10,0,10,0.0,1.0,0.0
16188,10,2,8,0.2,0.8,0.7219280948873623
16189,10,0,10,0.0,1.0,0.0
16190,10,5,5,0.5,0.5,1.0
16191,10,0,10,0.0,1.0,0.0
16192,10,1,9,0.1,0.9,0.4689955935892812
16193,10,0,10,0.0,1.0,0.0
16194,10,1,9,0.1,0.9,0.4689955935892812
16195,10,1,9,0.1,0.9,0.4689955935892812
16196,10,0,10,0.0,1.0,0.0
16197,10,2,8,0.2,0.8,0.7219280948873623
16198,10,2,8,0.2,0.8,0.7219280948873623
16199,10,1,9,0.1,0.9,0.4689955935892812
16200,10,0,10,0.0,1.0,0.0
16201,10,1,9,0.1,0.9,0.4689955935892812
16202,10,0,10,0.0,1.0,0.0
16203,10,0,10,0.0,1.0,0.0
16204,10,1,9,0.1,0.9,0.4689955935892812
16205,10,1,9,0.1,0.9,0.4689955935892812
16206,10,1,9,0.1,0.9,0.4689955935892812
16207,10,0,10,0.0,1.0,0.0
16208,10,3,7,0.3,0.7,0.8812908992306927
16209,10,0,10,0.0,1.0,0.0
16210,10,1,9,0.1,0.9,0.4689955935892812
16211,10,0,10,0.0,1.0,0.0
16212,10,3,7,0.3,0.7,0.8812908992306927
16213,10,2,8,0.2,0.8,0.7219280948873623
16214,10,1,9,0.1,0.9,0.4689955935892812
16215,10,3,7,0.3,0.7,0.8812908992306927
16216,10,1,9,0.1,0.9,0.4689955935892812
16217,10,4,6,0.4,0.6,0.9709505944546686
16218,10,0,10,0.0,1.0,0.0
16219,10,0,10,0.0,1.0,0.0
16220,10,0,10,0.0,1.0,0.0
16221,10,1,9,0.1,0.9,0.4689955935892812
16222,10,1,9,0.1,0.9,0.4689955935892812
16223,10,0,10,0.0,1.0,0.0
16224,10,1,9,0.1,0.9,0.4689955935892812
16225,10,4,6,0.4,0.6,0.9709505944546686
16226,10,2,8,0.2,0.8,0.7219280948873623
16227,10,0,10,0.0,1.0,0.0
16228,10,1,9,0.1,0.9,0.4689955935892812
16229,10,0,10,0.0,1.0,0.0
16230,10,2,8,0.2,0.8,0.7219280948873623
16231,10,2,8,0.2,0.8,0.7219280948873623
16232,10,0,10,0.0,1.0,0.0
16233,10,0,10,0.0,1.0,0.0
16234,10,3,7,0.3,0.7,0.8812908992306927
16235,10,1,9,0.1,0.9,0.4689955935892812
16236,10,2,8,0.2,0.8,0.7219280948873623
16237,10,3,7,0.3,0.7,0.8812908992306927
16238,10,4,6,0.4,0.6,0.9709505944546686
16239,10,1,9,0.1,0.9,0.4689955935892812
16240,10,4,6,0.4,0.6,0.9709505944546686
16241,10,2,8,0.2,0.8,0.7219280948873623
16242,10,1,9,0.1,0.9,0.4689955935892812
16243,10,3,7,0.3,0.7,0.8812908992306927
16244,10,2,8,0.2,0.8,0.7219280948873623
16245,10,1,9,0.1,0.9,0.4689955935892812
16246,10,2,8,0.2,0.8,0.7219280948873623
16247,10,2,8,0.2,0.8,0.7219280948873623
16248,10,1,9,0.1,0.9,0.4689955935892812
16249,10,3,7,0.3,0.7,0.8812908992306927
16250,10,1,9,0.1,0.9,0.4689955935892812
16251,10,1,9,0.1,0.9,0.4689955935892812
16252,10,4,6,0.4,0.6,0.9709505944546686
16253,10,1,9,0.1,0.9,0.4689955935892812
16254,10,0,10,0.0,1.0,0.0
16255,10,1,9,0.1,0.9,0.4689955935892812
16256,10,3,7,0.3,0.7,0.8812908992306927
16257,10,2,8,0.2,0.8,0.7219280948873623
16258,10,2,8,0.2,0.8,0.7219280948873623
16259,10,2,8,0.2,0.8,0.7219280948873623
16260,10,1,9,0.1,0.9,0.4689955935892812
16261,10,4,6,0.4,0.6,0.9709505944546686
16262,10,2,8,0.2,0.8,0.7219280948873623
16263,10,0,10,0.0,1.0,0.0
16264,10,2,8,0.2,0.8,0.7219280948873623
16265,10,2,8,0.2,0.8,0.7219280948873623
16266,10,1,9,0.1,0.9,0.4689955935892812
16267,10,2,8,0.2,0.8,0.7219280948873623
16268,10,3,7,0.3,0.7,0.8812908992306927
16269,10,2,8,0.2,0.8,0.7219280948873623
16270,10,0,10,0.0,1.0,0.0
16271,10,0,10,0.0,1.0,0.0
16272,10,0,10,0.0,1.0,0.0
16273,10,1,9,0.1,0.9,0.4689955935892812
16274,10,2,8,0.2,0.8,0.7219280948873623
16275,10,1,9,0.1,0.9,0.4689955935892812
16276,10,0,10,0.0,1.0,0.0
16277,10,0,10,0.0,1.0,0.0
16278,10,1,9,0.1,0.9,0.4689955935892812
16279,10,3,7,0.3,0.7,0.8812908992306927
16280,10,1,9,0.1,0.9,0.4689955935892812
16281,10,2,8,0.2,0.8,0.7219280948873623
16282,10,1,9,0.1,0.9,0.4689955935892812
16283,10,0,10,0.0,1.0,0.0
16284,10,0,10,0.0,1.0,0.0
16285,10,0,10,0.0,1.0,0.0
16286,10,4,6,0.4,0.6,0.9709505944546686
16287,10,0,10,0.0,1.0,0.0
16288,10,1,9,0.1,0.9,0.4689955935892812
16289,10,0,10,0.0,1.0,0.0
16290,10,0,10,0.0,1.0,0.0
16291,10,0,10,0.0,1.0,0.0
16292,10,2,8,0.2,0.8,0.7219280948873623
16293,10,2,8,0.2,0.8,0.7219280948873623
16294,10,2,8,0.2,0.8,0.7219280948873623
16295,10,0,10,0.0,1.0,0.0
16296,10,1,9,0.1,0.9,0.4689955935892812
16297,10,2,8,0.2,0.8,0.7219280948873623
16298,10,2,8,0.2,0.8,0.7219280948873623
16299,10,3,7,0.3,0.7,0.8812908992306927
16300,10,0,10,0.0,1.0,0.0
16301,10,3,7,0.3,0.7,0.8812908992306927
16302,10,1,9,0.1,0.9,0.4689955935892812
16303,10,1,9,0.1,0.9,0.4689955935892812
16304,10,2,8,0.2,0.8,0.7219280948873623
16305,10,2,8,0.2,0.8,0.7219280948873623
16306,10,3,7,0.3,0.7,0.8812908992306927
16307,10,1,9,0.1,0.9,0.4689955935892812
16308,10,2,8,0.2,0.8,0.7219280948873623
16309,10,4,6,0.4,0.6,0.9709505944546686
16310,10,3,7,0.3,0.7,0.8812908992306927
16311,10,0,10,0.0,1.0,0.0
16312,10,2,8,0.2,0.8,0.7219280948873623
16313,10,2,8,0.2,0.8,0.7219280948873623
16314,10,1,9,0.1,0.9,0.4689955935892812
16315,10,0,10,0.0,1.0,0.0
16316,10,1,9,0.1,0.9,0.4689955935892812
16317,10,2,8,0.2,0.8,0.7219280948873623
16318,10,1,9,0.1,0.9,0.4689955935892812
16319,10,1,9,0.1,0.9,0.4689955935892812
16320,10,0,10,0.0,1.0,0.0
16321,10,1,9,0.1,0.9,0.4689955935892812
16322,10,1,9,0.1,0.9,0.4689955935892812
16323,10,2,8,0.2,0.8,0.7219280948873623
16324,10,2,8,0.2,0.8,0.7219280948873623
16325,10,2,8,0.2,0.8,0.7219280948873623
16326,10,1,9,0.1,0.9,0.4689955935892812
16327,10,0,10,0.0,1.0,0.0
16328,10,1,9,0.1,0.9,0.4689955935892812
16329,10,2,8,0.2,0.8,0.7219280948873623
16330,10,1,9,0.1,0.9,0.4689955935892812
16331,10,3,7,0.3,0.7,0.8812908992306927
16332,10,2,8,0.2,0.8,0.7219280948873623
16333,10,0,10,0.0,1.0,0.0
16334,10,0,10,0.0,1.0,0.0
16335,10,3,7,0.3,0.7,0.8812908992306927
16336,10,1,9,0.1,0.9,0.4689955935892812
16337,10,2,8,0.2,0.8,0.7219280948873623
16338,10,3,7,0.3,0.7,0.8812908992306927
16339,10,0,10,0.0,1.0,0.0
16340,10,3,7,0.3,0.7,0.8812908992306927
16341,10,0,10,0.0,1.0,0.0
16342,10,0,10,0.0,1.0,0.0
16343,10,2,8,0.2,0.8,0.7219280948873623
16344,10,0,10,0.0,1.0,0.0
16345,10,3,7,0.3,0.7,0.8812908992306927
16346,10,0,10,0.0,1.0,0.0
16347,10,2,8,0.2,0.8,0.7219280948873623
16348,10,0,10,0.0,1.0,0.0
16349,10,2,8,0.2,0.8,0.7219280948873623
16350,10,1,9,0.1,0.9,0.4689955935892812
16351,10,2,8,0.2,0.8,0.7219280948873623
16352,10,1,9,0.1,0.9,0.4689955935892812
16353,10,2,8,0.2,0.8,0.7219280948873623
16354,10,0,10,0.0,1.0,0.0
16355,10,0,10,0.0,1.0,0.0
16356,10,0,10,0.0,1.0,0.0
16357,10,1,9,0.1,0.9,0.4689955935892812
16358,10,1,9,0.1,0.9,0.4689955935892812
16359,10,1,9,0.1,0.9,0.4689955935892812
16360,10,3,7,0.3,0.7,0.8812908992306927
16361,10,2,8,0.2,0.8,0.7219280948873623
16362,10,1,9,0.1,0.9,0.4689955935892812
16363,10,1,9,0.1,0.9,0.4689955935892812
16364,10,1,9,0.1,0.9,0.4689955935892812
16365,10,3,7,0.3,0.7,0.8812908992306927
16366,10,0,10,0.0,1.0,0.0
16367,10,0,10,0.0,1.0,0.0
16368,10,1,9,0.1,0.9,0.4689955935892812
16369,10,1,9,0.1,0.9,0.4689955935892812
16370,10,3,7,0.3,0.7,0.8812908992306927
16371,10,4,6,0.4,0.6,0.9709505944546686
16372,10,1,9,0.1,0.9,0.4689955935892812
16373,10,2,8,0.2,0.8,0.7219280948873623
16374,10,2,8,0.2,0.8,0.7219280948873623
16375,10,2,8,0.2,0.8,0.7219280948873623
16376,10,5,5,0.5,0.5,1.0
16377,10,1,9,0.1,0.9,0.4689955935892812
16378,10,0,10,0.0,1.0,0.0
16379,10,0,10,0.0,1.0,0.0
16380,10,3,7,0.3,0.7,0.8812908992306927
16381,10,2,8,0.2,0.8,0.7219280948873623
16382,10,3,7,0.3,0.7,0.8812908992306927
16383,10,1,9,0.1,0.9,0.4689955935892812
