Loading project configuration... 
Success
[92mINFO [0m:      Starting Flower ServerApp, config: num_rounds=81, no round_timeout
[92mINFO [0m:      
[92mINFO [0m:      [INIT]
[92mINFO [0m:      Requesting initial parameters from one random client
/Users/ginasixt/federated-edge-learning-2/.venv/lib/python3.13/site-packages/ray/_private/worker.py:2051: FutureWarning: Tip: In future versions of Ray, Ray will no longer override accelerator visible devices env var if num_gpus=0 or num_gpus=None (default). To enable this behavior and turn off this error message, set RAY_ACCEL_ENV_VAR_OVERRIDE_ON_ZERO=0
  warnings.warn(
[92mINFO [0m:      Received initial parameters from one random client
[92mINFO [0m:      Starting evaluation of initial global parameters
[92mINFO [0m:      Evaluation returned no results (`None`)
[92mINFO [0m:      
[92mINFO [0m:      [ROUND 1]
[92mINFO [0m:      configure_fit: strategy sampled 768 clients (out of 1024)
[33m(raylet)[0m [2026-07-26 03:54:26,272 E 76850 9195222] (raylet) file_system_monitor.cc:116: /tmp/ray/session_2026-07-26_03-54-15_074098_76832 is over 95% full, available space: 10.3602 GB; capacity: 452.981 GB. Object creation will fail if spilling is required.
[33m(raylet)[0m [2026-07-26 03:54:36,326 E 76850 9195222] (raylet) file_system_monitor.cc:116: /tmp/ray/session_2026-07-26_03-54-15_074098_76832 is over 95% full, available space: 10.3261 GB; capacity: 452.981 GB. Object creation will fail if spilling is required.
[92mINFO [0m:      aggregate_fit: received 768 results and 0 failures
[92mINFO [0m:      configure_evaluate: strategy sampled 1024 clients (out of 1024)
[36m(pid=gcs_server)[0m [2026-07-26 03:54:45,718 E 76846 9195089] (gcs_server) gcs_server.cc:302: Failed to establish connection to the event+metrics exporter agent. Events and metrics will not be exported. Exporter agent status: RpcError: Running out of retries to initialize the metrics agent. rpc_code: 14
[33m(raylet)[0m [2026-07-26 03:54:46,337 E 76850 9195222] (raylet) file_system_monitor.cc:116: /tmp/ray/session_2026-07-26_03-54-15_074098_76832 is over 95% full, available space: 10.3229 GB; capacity: 452.981 GB. Object creation will fail if spilling is required.
[33m(raylet)[0m [2026-07-26 03:54:46,445 E 76850 9195195] (raylet) main.cc:975: Failed to establish connection to the metrics exporter agent. Metrics will not be exported. Exporter agent status: RpcError: Running out of retries to initialize the metrics agent. rpc_code: 14
[2026-07-26 03:54:48,138 E 76832 9195322] core_worker_process.cc:825: Failed to establish connection to the metrics exporter agent. Metrics will not be exported. Exporter agent status: RpcError: Running out of retries to initialize the metrics agent. rpc_code: 14
[36m(ClientAppActor pid=76863)[0m [2026-07-26 03:54:49,140 E 76863 9196018] core_worker_process.cc:825: Failed to establish connection to the metrics exporter agent. Metrics will not be exported. Exporter agent status: RpcError: Running out of retries to initialize the metrics agent. rpc_code: 14
[33m(raylet)[0m [2026-07-26 03:54:56,357 E 76850 9195222] (raylet) file_system_monitor.cc:116: /tmp/ray/session_2026-07-26_03-54-15_074098_76832 is over 95% full, available space: 10.3381 GB; capacity: 452.981 GB. Object creation will fail if spilling is required.
[36m(ClientAppActor pid=76865)[0m [2026-07-26 03:54:49,426 E 76865 9196148] core_worker_process.cc:825: Failed to establish connection to the metrics exporter agent. Metrics will not be exported. Exporter agent status: RpcError: Running out of retries to initialize the metrics agent. rpc_code: 14[32m [repeated 7x across cluster][0m
[33m(raylet)[0m [2026-07-26 03:55:06,377 E 76850 9195222] (raylet) file_system_monitor.cc:116: /tmp/ray/session_2026-07-26_03-54-15_074098_76832 is over 95% full, available space: 10.335 GB; capacity: 452.981 GB. Object creation will fail if spilling is required.
[92mINFO [0m:      aggregate_evaluate: received 1024 results and 0 failures
[92mINFO [0m:      
[92mINFO [0m:      [ROUND 2]
[92mINFO [0m:      configure_fit: strategy sampled 768 clients (out of 1024)
[33m(raylet)[0m [2026-07-26 03:55:16,413 E 76850 9195222] (raylet) file_system_monitor.cc:116: /tmp/ray/session_2026-07-26_03-54-15_074098_76832 is over 95% full, available space: 10.3338 GB; capacity: 452.981 GB. Object creation will fail if spilling is required.
[33m(raylet)[0m [2026-07-26 03:55:26,418 E 76850 9195222] (raylet) file_system_monitor.cc:116: /tmp/ray/session_2026-07-26_03-54-15_074098_76832 is over 95% full, available space: 10.3327 GB; capacity: 452.981 GB. Object creation will fail if spilling is required.
[92mINFO [0m:      aggregate_fit: received 768 results and 0 failures
[92mINFO [0m:      configure_evaluate: strategy sampled 1024 clients (out of 1024)
[36m(ClientAppActor pid=76865)[0m [Client 585] Data split:
[36m(ClientAppActor pid=76865)[0m    Train:      173 samples (client-local)
[36m(ClientAppActor pid=76865)[0m    Validation: 24 samples (client-local)
[36m(ClientAppActor pid=76865)[0m [Client 48] Data split:
[36m(ClientAppActor pid=76865)[0m    Train:      174 samples (client-local)
[36m(ClientAppActor pid=76865)[0m    Validation: 24 samples (client-local)
[36m(ClientAppActor pid=76865)[0m [Client 48] ⚠️  ci initialized to zeros (first round)
[36m(ClientAppActor pid=76861)[0m 
[36m(ClientAppActor pid=76867)[0m [Client 282] Data split:[32m [repeated 80x across cluster] (Ray deduplicates logs by default. Set RAY_DEDUP_LOGS=0 to disable log deduplication, or see https://docs.ray.io/en/master/ray-observability/user-guides/configure-logging.html#log-deduplication for more options.)[0m
[36m(ClientAppActor pid=76867)[0m    Train:      174 samples (client-local)[32m [repeated 80x across cluster][0m
[36m(ClientAppActor pid=76867)[0m    Validation: 24 samples (client-local)[32m [repeated 80x across cluster][0m
[36m(ClientAppActor pid=76863)[0m [Client 628] ⚠️  ci initialized to zeros (first round)[32m [repeated 89x across cluster][0m
[36m(ClientAppActor pid=76863)[0m [Client 61] Data split:[32m [repeated 210x across cluster][0m
[36m(ClientAppActor pid=76863)[0m    Train:      174 samples (client-local)[32m [repeated 210x across cluster][0m
[36m(ClientAppActor pid=76863)[0m    Validation: 24 samples (client-local)[32m [repeated 210x across cluster][0m
[36m(ClientAppActor pid=76863)[0m [Client 415] ⚠️  ci initialized to zeros (first round)[32m [repeated 207x across cluster][0m
[36m(ClientAppActor pid=76861)[0m [Client 407] Data split:[32m [repeated 209x across cluster][0m
[36m(ClientAppActor pid=76861)[0m    Train:      174 samples (client-local)[32m [repeated 209x across cluster][0m
[36m(ClientAppActor pid=76861)[0m    Validation: 24 samples (client-local)[32m [repeated 209x across cluster][0m
[36m(ClientAppActor pid=76866)[0m [Client 854] ⚠️  ci initialized to zeros (first round)[32m [repeated 210x across cluster][0m
[36m(ClientAppActor pid=76862)[0m [Client 742] Data split:[32m [repeated 196x across cluster][0m
[36m(ClientAppActor pid=76862)[0m    Train:      173 samples (client-local)[32m [repeated 196x across cluster][0m
[36m(ClientAppActor pid=76862)[0m    Validation: 24 samples (client-local)[32m [repeated 196x across cluster][0m
[36m(ClientAppActor pid=76863)[0m [Client 839] ⚠️  ci initialized to zeros (first round)[32m [repeated 191x across cluster][0m
   💾 Checkpoint saved: result/splits_iid_scaling/splits_iid_1024_clients.json/SCAFFOLD/all_rounds_run_1/model_round_1_run_1.pt
   💾 Checkpoint saved: result/splits_iid_scaling/splits_iid_1024_clients.json/SCAFFOLD/all_rounds_run_1/model_round_1_run_1.pt
🔧 Round 1: Updated c_global from 768 client Δc_i reports (N=1024)
[36m(ClientAppActor pid=76864)[0m [Client 198] Data split:[32m [repeated 164x across cluster][0m
[36m(ClientAppActor pid=76864)[0m    Train:      174 samples (client-local)[32m [repeated 164x across cluster][0m
[36m(ClientAppActor pid=76864)[0m    Validation: 24 samples (client-local)[32m [repeated 164x across cluster][0m
[36m(ClientAppActor pid=76865)[0m [Client 956] ⚠️  ci initialized to zeros (first round)[32m [repeated 70x across cluster][0m
[36m(ClientAppActor pid=76863)[0m [Client 158] Data split:[32m [repeated 215x across cluster][0m
[36m(ClientAppActor pid=76863)[0m    Train:      174 samples (client-local)[32m [repeated 215x across cluster][0m
[36m(ClientAppActor pid=76863)[0m    Validation: 24 samples (client-local)[32m [repeated 215x across cluster][0m
[36m(ClientAppActor pid=76861)[0m [Client 217] Data split:[32m [repeated 210x across cluster][0m
[36m(ClientAppActor pid=76861)[0m    Train:      174 samples (client-local)[32m [repeated 210x across cluster][0m
[36m(ClientAppActor pid=76861)[0m    Validation: 24 samples (client-local)[32m [repeated 210x across cluster][0m
[36m(ClientAppActor pid=76863)[0m [Client 86] Data split:[32m [repeated 220x across cluster][0m
[36m(ClientAppActor pid=76863)[0m    Train:      174 samples (client-local)[32m [repeated 220x across cluster][0m
[36m(ClientAppActor pid=76863)[0m    Validation: 24 samples (client-local)[32m [repeated 220x across cluster][0m
[36m(ClientAppActor pid=76863)[0m [Client 295] Data split:[32m [repeated 216x across cluster][0m
[36m(ClientAppActor pid=76863)[0m    Train:      174 samples (client-local)[32m [repeated 216x across cluster][0m
[36m(ClientAppActor pid=76863)[0m    Validation: 24 samples (client-local)[32m [repeated 216x across cluster][0m

📊 Multi-Threshold Aggregation:
   Valid clients: 1024
   Evaluated 12 thresholds:
     Thr=0.15: Rec=1.000, Spec=0.000, F1=0.245
     Thr=0.20: Rec=1.000, Spec=0.000, F1=0.245
     Thr=0.25: Rec=1.000, Spec=0.000, F1=0.245
     ... (+ 9 more)

💾 Round 1: Saved round_1_run_1.json
[36m(ClientAppActor pid=76867)[0m [Client 23] ✅ ci loaded from persistent state
[36m(ClientAppActor pid=76861)[0m [Client 333] ⚠️  ci initialized to zeros (first round)
[36m(ClientAppActor pid=76867)[0m [Client 147] Data split:[32m [repeated 186x across cluster][0m
[36m(ClientAppActor pid=76867)[0m    Train:      174 samples (client-local)[32m [repeated 186x across cluster][0m
[36m(ClientAppActor pid=76867)[0m    Validation: 24 samples (client-local)[32m [repeated 186x across cluster][0m
[36m(ClientAppActor pid=76864)[0m [Client 736] ✅ ci loaded from persistent state[32m [repeated 146x across cluster][0m
[36m(ClientAppActor pid=76868)[0m [Client 941] ⚠️  ci initialized to zeros (first round)[32m [repeated 38x across cluster][0m
[36m(ClientAppActor pid=76866)[0m [Client 869] Data split:[32m [repeated 209x across cluster][0m
[36m(ClientAppActor pid=76866)[0m    Train:      173 samples (client-local)[32m [repeated 209x across cluster][0m
[36m(ClientAppActor pid=76866)[0m    Validation: 24 samples (client-local)[32m [repeated 209x across cluster][0m
[36m(ClientAppActor pid=76863)[0m [Client 289] ✅ ci loaded from persistent state[32m [repeated 160x across cluster][0m
[36m(ClientAppActor pid=76866)[0m [Client 606] ⚠️  ci initialized to zeros (first round)[32m [repeated 47x across cluster][0m
[36m(ClientAppActor pid=76866)[0m 
[36m(ClientAppActor pid=76863)[0m [Client 871] Data split:[32m [repeated 204x across cluster][0m
[36m(ClientAppActor pid=76863)[0m    Train:      173 samples (client-local)[32m [repeated 204x across cluster][0m
[36m(ClientAppActor pid=76863)[0m    Validation: 24 samples (client-local)[32m [repeated 204x across cluster][0m
[36m(ClientAppActor pid=76862)[0m [Client 687] ✅ ci loaded from persistent state[32m [repeated 149x across cluster][0m
[36m(ClientAppActor pid=76864)[0m [Client 363] ⚠️  ci initialized to zeros (first round)[32m [repeated 55x across cluster][0m
[36m(ClientAppActor pid=76863)[0m [Client 778] Data split:[32m [repeated 205x across cluster][0m
[36m(ClientAppActor pid=76863)[0m    Train:      173 samples (client-local)[32m [repeated 205x across cluster][0m
[36m(ClientAppActor pid=76863)[0m    Validation: 24 samples (client-local)[32m [repeated 205x across cluster][0m
   💾 Checkpoint saved: result/splits_iid_scaling/splits_iid_1024_clients.json/SCAFFOLD/all_rounds_run_1/model_round_2_run_1.pt
   💾 Checkpoint saved: result/splits_iid_scaling/splits_iid_1024_clients.json/SCAFFOLD/all_rounds_run_1/model_round_2_run_1.pt
🔧 Round 2: Updated c_global from 768 client Δc_i reports (N=1024)
[36m(ClientAppActor pid=76862)[0m [Client 452] ✅ ci loaded from persistent state[32m [repeated 125x across cluster][0m
[36m(ClientAppActor pid=76861)[0m [Client 731] ⚠️  ci initialized to zeros (first round)[32m [repeated 46x across cluster][0m
[36m(ClientAppActor pid=76866)[0m 
[36m(ClientAppActor pid=76863)[0m [Client 895] Data split:[32m [repeated 186x across cluster][0m
[36m(ClientAppActor pid=76863)[0m    Train:      173 samples (client-local)[32m [repeated 186x across cluster][0m[33m(raylet)[0m [2026-07-26 03:55:36,482 E 76850 9195222] (raylet) file_system_monitor.cc:116: /tmp/ray/session_2026-07-26_03-54-15_074098_76832 is over 95% full, available space: 10.3159 GB; capacity: 452.981 GB. Object creation will fail if spilling is required.
[33m(raylet)[0m [2026-07-26 03:55:46,527 E 76850 9195222] (raylet) file_system_monitor.cc:116: /tmp/ray/session_2026-07-26_03-54-15_074098_76832 is over 95% full, available space: 10.3149 GB; capacity: 452.981 GB. Object creation will fail if spilling is required.
[92mINFO [0m:      aggregate_evaluate: received 1024 results and 0 failures
[92mINFO [0m:      
[92mINFO [0m:      [ROUND 3]
[92mINFO [0m:      configure_fit: strategy sampled 768 clients (out of 1024)
[33m(raylet)[0m [2026-07-26 03:55:56,573 E 76850 9195222] (raylet) file_system_monitor.cc:116: /tmp/ray/session_2026-07-26_03-54-15_074098_76832 is over 95% full, available space: 10.2962 GB; capacity: 452.981 GB. Object creation will fail if spilling is required.
[33m(raylet)[0m [2026-07-26 03:56:06,664 E 76850 9195222] (raylet) file_system_monitor.cc:116: /tmp/ray/session_2026-07-26_03-54-15_074098_76832 is over 95% full, available space: 10.2945 GB; capacity: 452.981 GB. Object creation will fail if spilling is required.
[92mINFO [0m:      aggregate_fit: received 768 results and 0 failures
[92mINFO [0m:      configure_evaluate: strategy sampled 1024 clients (out of 1024)
[33m(raylet)[0m [2026-07-26 03:56:16,714 E 76850 9195222] (raylet) file_system_monitor.cc:116: /tmp/ray/session_2026-07-26_03-54-15_074098_76832 is over 95% full, available space: 10.2921 GB; capacity: 452.981 GB. Object creation will fail if spilling is required.
[33m(raylet)[0m [2026-07-26 03:56:26,723 E 76850 9195222] (raylet) file_system_monitor.cc:116: /tmp/ray/session_2026-07-26_03-54-15_074098_76832 is over 95% full, available space: 10.2938 GB; capacity: 452.981 GB. Object creation will fail if spilling is required.
[33m(raylet)[0m [2026-07-26 03:56:36,790 E 76850 9195222] (raylet) file_system_monitor.cc:116: /tmp/ray/session_2026-07-26_03-54-15_074098_76832 is over 95% full, available space: 10.2911 GB; capacity: 452.981 GB. Object creation will fail if spilling is required.
[92mINFO [0m:      aggregate_evaluate: received 1024 results and 0 failures
[92mINFO [0m:      
[92mINFO [0m:      [ROUND 4]
[92mINFO [0m:      configure_fit: strategy sampled 768 clients (out of 1024)
[33m(raylet)[0m [2026-07-26 03:56:46,846 E 76850 9195222] (raylet) file_system_monitor.cc:116: /tmp/ray/session_2026-07-26_03-54-15_074098_76832 is over 95% full, available space: 10.3044 GB; capacity: 452.981 GB. Object creation will fail if spilling is required.
[92mINFO [0m:      aggregate_fit: received 768 results and 0 failures

[36m(ClientAppActor pid=76863)[0m    Validation: 24 samples (client-local)[32m [repeated 186x across cluster][0m
[36m(ClientAppActor pid=76863)[0m [Client 605] Data split:[32m [repeated 218x across cluster][0m
[36m(ClientAppActor pid=76863)[0m    Train:      173 samples (client-local)[32m [repeated 218x across cluster][0m
[36m(ClientAppActor pid=76863)[0m    Validation: 24 samples (client-local)[32m [repeated 218x across cluster][0m
[36m(ClientAppActor pid=76863)[0m [Client 617] Data split:[32m [repeated 219x across cluster][0m
[36m(ClientAppActor pid=76863)[0m    Train:      173 samples (client-local)[32m [repeated 219x across cluster][0m
[36m(ClientAppActor pid=76863)[0m    Validation: 24 samples (client-local)[32m [repeated 219x across cluster][0m
[36m(ClientAppActor pid=76863)[0m [Client 939] Data split:[32m [repeated 202x across cluster][0m
[36m(ClientAppActor pid=76863)[0m    Train:      173 samples (client-local)[32m [repeated 202x across cluster][0m
[36m(ClientAppActor pid=76863)[0m    Validation: 24 samples (client-local)[32m [repeated 202x across cluster][0m
[36m(ClientAppActor pid=76863)[0m [Client 415] Data split:[32m [repeated 215x across cluster][0m
[36m(ClientAppActor pid=76863)[0m    Train:      174 samples (client-local)[32m [repeated 215x across cluster][0m
[36m(ClientAppActor pid=76863)[0m    Validation: 24 samples (client-local)[32m [repeated 215x across cluster][0m
⏭️  Round 2: Evaluation skipped (all n_val=0)
[36m(ClientAppActor pid=76866)[0m [Client 510] ✅ ci loaded from persistent state
[36m(ClientAppActor pid=76864)[0m [Client 500] ⚠️  ci initialized to zeros (first round)
[36m(ClientAppActor pid=76863)[0m [Client 309] Data split:[32m [repeated 199x across cluster][0m
[36m(ClientAppActor pid=76863)[0m    Train:      174 samples (client-local)[32m [repeated 199x across cluster][0m
[36m(ClientAppActor pid=76863)[0m    Validation: 24 samples (client-local)[32m [repeated 199x across cluster][0m
[36m(ClientAppActor pid=76861)[0m [Client 348] ✅ ci loaded from persistent state[32m [repeated 198x across cluster][0m
[36m(ClientAppActor pid=76868)[0m [Client 640] ⚠️  ci initialized to zeros (first round)[32m [repeated 13x across cluster][0m
[36m(ClientAppActor pid=76862)[0m [Client 692] Data split:[32m [repeated 203x across cluster][0m
[36m(ClientAppActor pid=76862)[0m    Train:      173 samples (client-local)[32m [repeated 203x across cluster][0m
[36m(ClientAppActor pid=76862)[0m    Validation: 24 samples (client-local)[32m [repeated 203x across cluster][0m
[36m(ClientAppActor pid=76863)[0m [Client 254] ✅ ci loaded from persistent state[32m [repeated 177x across cluster][0m
[36m(ClientAppActor pid=76868)[0m [Client 751] ⚠️  ci initialized to zeros (first round)[32m [repeated 14x across cluster][0m
[36m(ClientAppActor pid=76862)[0m [Client 161] Data split:[32m [repeated 191x across cluster][0m
[36m(ClientAppActor pid=76862)[0m    Train:      174 samples (client-local)[32m [repeated 191x across cluster][0m
[36m(ClientAppActor pid=76862)[0m    Validation: 24 samples (client-local)[32m [repeated 191x across cluster][0m
[36m(ClientAppActor pid=76864)[0m [Client 829] ✅ ci loaded from persistent state[32m [repeated 185x across cluster][0m
[36m(ClientAppActor pid=76861)[0m [Client 46] ⚠️  ci initialized to zeros (first round)[32m [repeated 11x across cluster][0m
   💾 Checkpoint saved: result/splits_iid_scaling/splits_iid_1024_clients.json/SCAFFOLD/all_rounds_run_1/model_round_3_run_1.pt
   💾 Checkpoint saved: result/splits_iid_scaling/splits_iid_1024_clients.json/SCAFFOLD/all_rounds_run_1/model_round_3_run_1.pt
🔧 Round 3: Updated c_global from 768 client Δc_i reports (N=1024)
[36m(ClientAppActor pid=76863)[0m [Client 17] Data split:[32m [repeated 195x across cluster][0m
[36m(ClientAppActor pid=76863)[0m    Train:      174 samples (client-local)[32m [repeated 195x across cluster][0m
[36m(ClientAppActor pid=76863)[0m    Validation: 24 samples (client-local)[32m [repeated 195x across cluster][0m
[36m(ClientAppActor pid=76863)[0m [Client 484] ✅ ci loaded from persistent state[32m [repeated 157x across cluster][0m
[36m(ClientAppActor pid=76864)[0m [Client 60] ⚠️  ci initialized to zeros (first round)[32m [repeated 11x across cluster][0m
[36m(ClientAppActor pid=76863)[0m [Client 53] Data split:[32m [repeated 207x across cluster][0m
[36m(ClientAppActor pid=76863)[0m    Train:      174 samples (client-local)[32m [repeated 207x across cluster][0m
[36m(ClientAppActor pid=76863)[0m    Validation: 24 samples (client-local)[32m [repeated 207x across cluster][0m
[36m(ClientAppActor pid=76864)[0m [Client 839] Data split:[32m [repeated 210x across cluster][0m
[36m(ClientAppActor pid=76864)[0m    Train:      173 samples (client-local)[32m [repeated 210x across cluster][0m
[36m(ClientAppActor pid=76864)[0m    Validation: 24 samples (client-local)[32m [repeated 210x across cluster][0m
[36m(ClientAppActor pid=76863)[0m [Client 885] Data split:[32m [repeated 211x across cluster][0m
[36m(ClientAppActor pid=76863)[0m    Train:      173 samples (client-local)[32m [repeated 211x across cluster][0m
[36m(ClientAppActor pid=76863)[0m    Validation: 24 samples (client-local)[32m [repeated 211x across cluster][0m
[36m(ClientAppActor pid=76866)[0m [Client 1017] Data split:[32m [repeated 203x across cluster][0m
[36m(ClientAppActor pid=76866)[0m    Train:      173 samples (client-local)[32m [repeated 203x across cluster][0m
[36m(ClientAppActor pid=76866)[0m    Validation: 24 samples (client-local)[32m [repeated 203x across cluster][0m
⏭️  Round 3: Evaluation skipped (all n_val=0)
[36m(ClientAppActor pid=76863)[0m [Client 199] ✅ ci loaded from persistent state
[36m(ClientAppActor pid=76863)[0m [Client 291] Data split:[32m [repeated 205x across cluster][0m
[36m(ClientAppActor pid=76863)[0m    Train:      174 samples (client-local)[32m [repeated 205x across cluster][0m
[36m(ClientAppActor pid=76863)[0m    Validation: 24 samples (client-local)[32m [repeated 205x across cluster][0m
[36m(ClientAppActor pid=76868)[0m [Client 92] ⚠️  ci initialized to zeros (first round)
[36m(ClientAppActor pid=76867)[0m 
[36m(ClientAppActor pid=76864)[0m [Client 627] ✅ ci loaded from persistent state[32m [repeated 200x across cluster][0m
[36m(ClientAppActor pid=76864)[0m [Client 251] Data split:[32m [repeated 206x across cluster][0m
[36m(ClientAppActor pid=76864)[0m    Train:      174 samples (client-local)[32m [repeated 206x across cluster][0m
[36m(ClientAppActor pid=76864)[0m    Validation: 24 samples (client-local)[32m [repeated 206x across cluster][0m
[36m(ClientAppActor pid=76867)[0m [Client 135] ⚠️  ci initialized to zeros (first round)[32m [repeated 3x across cluster][0m
[36m(ClientAppActor pid=76866)[0m [Client 601] ✅ ci loaded from persistent state[32m [repeated 199x across cluster][0m
[36m(ClientAppActor pid=76863)[0m [Client 395] Data split:[32m [repeated 208x across cluster][0m
[36m(ClientAppActor pid=76863)[0m    Train:      174 samples (client-local)[32m [repeated 208x across cluster][0m
[36m(ClientAppActor pid=76863)[0m    Validation: 24 samples (client-local)[32m [repeated 208x across cluster][0m
[36m(ClientAppActor pid=76866)[0m [Client 129] ⚠️  ci initialized to zeros (first round)[32m [repeated 5x across cluster][0m
[36m(ClientAppActor pid=76867)[0m [Client 967] ✅ ci loaded from persistent state[32m [repeated 208x across cluster][0m
[36m(ClientAppActor pid=76863)[0m [Client 116] Data split:[32m [repeated 210x across cluster][0m
[36m(ClientAppActor pid=76863)[0m    Train:      174 samples (client-local)[32m [repeated 210x across cluster][0m
[36m(ClientAppActor pid=76863)[0m    Validation: 24 samples (client-local)[32m [repeated 210x across cluster][0m
[36m(ClientAppActor pid=76864)[0m [Client 335] ⚠️  ci initialized to zeros (first round)[32m [repeated 2x across cluster][0m
   💾 Checkpoint saved: result/splits_iid_scaling/splits_iid_1024_clients.json/SCAFFOLD/all_rounds_run_1/model_round_4_run_1.pt[92mINFO [0m:      configure_evaluate: strategy sampled 1024 clients (out of 1024)
[33m(raylet)[0m [2026-07-26 03:56:56,896 E 76850 9195222] (raylet) file_system_monitor.cc:116: /tmp/ray/session_2026-07-26_03-54-15_074098_76832 is over 95% full, available space: 10.3003 GB; capacity: 452.981 GB. Object creation will fail if spilling is required.
[33m(raylet)[0m [2026-07-26 03:57:06,919 E 76850 9195222] (raylet) file_system_monitor.cc:116: /tmp/ray/session_2026-07-26_03-54-15_074098_76832 is over 95% full, available space: 10.3007 GB; capacity: 452.981 GB. Object creation will fail if spilling is required.
[33m(raylet)[0m [2026-07-26 03:57:16,972 E 76850 9195222] (raylet) file_system_monitor.cc:116: /tmp/ray/session_2026-07-26_03-54-15_074098_76832 is over 95% full, available space: 10.2947 GB; capacity: 452.981 GB. Object creation will fail if spilling is required.
[92mINFO [0m:      aggregate_evaluate: received 1024 results and 0 failures
[92mINFO [0m:      
[92mINFO [0m:      [ROUND 5]
[92mINFO [0m:      configure_fit: strategy sampled 768 clients (out of 1024)
[33m(raylet)[0m [2026-07-26 03:57:27,001 E 76850 9195222] (raylet) file_system_monitor.cc:116: /tmp/ray/session_2026-07-26_03-54-15_074098_76832 is over 95% full, available space: 10.2925 GB; capacity: 452.981 GB. Object creation will fail if spilling is required.
[33m(raylet)[0m [2026-07-26 03:57:37,064 E 76850 9195222] (raylet) file_system_monitor.cc:116: /tmp/ray/session_2026-07-26_03-54-15_074098_76832 is over 95% full, available space: 10.2877 GB; capacity: 452.981 GB. Object creation will fail if spilling is required.
[92mINFO [0m:      aggregate_fit: received 768 results and 0 failures
[92mINFO [0m:      configure_evaluate: strategy sampled 1024 clients (out of 1024)
[33m(raylet)[0m [2026-07-26 03:57:47,134 E 76850 9195222] (raylet) file_system_monitor.cc:116: /tmp/ray/session_2026-07-26_03-54-15_074098_76832 is over 95% full, available space: 10.2844 GB; capacity: 452.981 GB. Object creation will fail if spilling is required.
[33m(raylet)[0m [2026-07-26 03:57:57,172 E 76850 9195222] (raylet) file_system_monitor.cc:116: /tmp/ray/session_2026-07-26_03-54-15_074098_76832 is over 95% full, available space: 10.2793 GB; capacity: 452.981 GB. Object creation will fail if spilling is required.
[92mINFO [0m:      aggregate_evaluate: received 1024 results and 0 failures
[92mINFO [0m:      
[92mINFO [0m:      [ROUND 6]
[92mINFO [0m:      configure_fit: strategy sampled 768 clients (out of 1024)
[33m(raylet)[0m [2026-07-26 03:58:07,184 E 76850 9195222] (raylet) file_system_monitor.cc:116: /tmp/ray/session_2026-07-26_03-54-15_074098_76832 is over 95% full, available space: 10.2772 GB; capacity: 452.981 GB. Object creation will fail if spilling is required.
[33m(raylet)[0m [2026-07-26 03:58:17,236 E 76850 9195222] (raylet) file_system_monitor.cc:116: /tmp/ray/session_2026-07-26_03-54-15_074098_76832 is over 95% full, available space: 10.2875 GB; capacity: 452.981 GB. Object creation will fail if spilling is required.

   💾 Checkpoint saved: result/splits_iid_scaling/splits_iid_1024_clients.json/SCAFFOLD/all_rounds_run_1/model_round_4_run_1.pt
🔧 Round 4: Updated c_global from 768 client Δc_i reports (N=1024)
[36m(ClientAppActor pid=76863)[0m [Client 699] ✅ ci loaded from persistent state[32m [repeated 146x across cluster][0m
[36m(ClientAppActor pid=76868)[0m [Client 792] Data split:[32m [repeated 176x across cluster][0m
[36m(ClientAppActor pid=76868)[0m    Train:      173 samples (client-local)[32m [repeated 176x across cluster][0m
[36m(ClientAppActor pid=76868)[0m    Validation: 24 samples (client-local)[32m [repeated 176x across cluster][0m
[36m(ClientAppActor pid=76862)[0m [Client 538] ⚠️  ci initialized to zeros (first round)[32m [repeated 3x across cluster][0m
[36m(ClientAppActor pid=76863)[0m [Client 173] Data split:[32m [repeated 196x across cluster][0m
[36m(ClientAppActor pid=76863)[0m    Train:      174 samples (client-local)[32m [repeated 196x across cluster][0m
[36m(ClientAppActor pid=76863)[0m    Validation: 24 samples (client-local)[32m [repeated 196x across cluster][0m
[36m(ClientAppActor pid=76863)[0m [Client 652] Data split:[32m [repeated 208x across cluster][0m
[36m(ClientAppActor pid=76863)[0m    Train:      173 samples (client-local)[32m [repeated 208x across cluster][0m
[36m(ClientAppActor pid=76863)[0m    Validation: 24 samples (client-local)[32m [repeated 208x across cluster][0m
[36m(ClientAppActor pid=76863)[0m [Client 181] Data split:[32m [repeated 213x across cluster][0m
[36m(ClientAppActor pid=76863)[0m    Train:      174 samples (client-local)[32m [repeated 213x across cluster][0m
[36m(ClientAppActor pid=76863)[0m    Validation: 24 samples (client-local)[32m [repeated 213x across cluster][0m
[36m(ClientAppActor pid=76863)[0m [Client 83] Data split:[32m [repeated 206x across cluster][0m
[36m(ClientAppActor pid=76863)[0m    Train:      174 samples (client-local)[32m [repeated 206x across cluster][0m
[36m(ClientAppActor pid=76863)[0m    Validation: 24 samples (client-local)[32m [repeated 206x across cluster][0m
⏭️  Round 4: Evaluation skipped (all n_val=0)
[36m(ClientAppActor pid=76863)[0m [Client 248] ✅ ci loaded from persistent state
[36m(ClientAppActor pid=76863)[0m [Client 258] Data split:[32m [repeated 202x across cluster][0m
[36m(ClientAppActor pid=76863)[0m    Train:      174 samples (client-local)[32m [repeated 202x across cluster][0m
[36m(ClientAppActor pid=76863)[0m    Validation: 24 samples (client-local)[32m [repeated 202x across cluster][0m
[36m(ClientAppActor pid=76863)[0m [Client 476] ⚠️  ci initialized to zeros (first round)
[36m(ClientAppActor pid=76865)[0m [Client 120] ✅ ci loaded from persistent state[32m [repeated 204x across cluster][0m
[36m(ClientAppActor pid=76866)[0m [Client 850] Data split:[32m [repeated 208x across cluster][0m
[36m(ClientAppActor pid=76866)[0m    Train:      173 samples (client-local)[32m [repeated 208x across cluster][0m
[36m(ClientAppActor pid=76866)[0m    Validation: 24 samples (client-local)[32m [repeated 208x across cluster][0m
[36m(ClientAppActor pid=76868)[0m [Client 882] ⚠️  ci initialized to zeros (first round)
[36m(ClientAppActor pid=76861)[0m [Client 952] ✅ ci loaded from persistent state[32m [repeated 214x across cluster][0m
[36m(ClientAppActor pid=76863)[0m [Client 739] Data split:[32m [repeated 210x across cluster][0m
[36m(ClientAppActor pid=76863)[0m    Train:      173 samples (client-local)[32m [repeated 210x across cluster][0m
[36m(ClientAppActor pid=76863)[0m    Validation: 24 samples (client-local)[32m [repeated 210x across cluster][0m
[36m(ClientAppActor pid=76861)[0m [Client 823] ⚠️  ci initialized to zeros (first round)[32m [repeated 2x across cluster][0m
[36m(ClientAppActor pid=76867)[0m [Client 926] ✅ ci loaded from persistent state[32m [repeated 202x across cluster][0m
[36m(ClientAppActor pid=76862)[0m [Client 616] Data split:[32m [repeated 208x across cluster][0m
[36m(ClientAppActor pid=76862)[0m    Train:      173 samples (client-local)[32m [repeated 208x across cluster][0m
[36m(ClientAppActor pid=76862)[0m    Validation: 24 samples (client-local)[32m [repeated 208x across cluster][0m
   💾 Checkpoint saved: result/splits_iid_scaling/splits_iid_1024_clients.json/SCAFFOLD/all_rounds_run_1/model_round_5_run_1.pt
   💾 Checkpoint saved: result/splits_iid_scaling/splits_iid_1024_clients.json/SCAFFOLD/all_rounds_run_1/model_round_5_run_1.pt
🔧 Round 5: Updated c_global from 768 client Δc_i reports (N=1024)
[36m(ClientAppActor pid=76862)[0m [Client 990] ✅ ci loaded from persistent state[32m [repeated 143x across cluster][0m
[36m(ClientAppActor pid=76864)[0m [Client 67] Data split:[32m [repeated 166x across cluster][0m
[36m(ClientAppActor pid=76864)[0m    Train:      174 samples (client-local)[32m [repeated 166x across cluster][0m
[36m(ClientAppActor pid=76864)[0m    Validation: 24 samples (client-local)[32m [repeated 166x across cluster][0m
[36m(ClientAppActor pid=76864)[0m [Client 1017] Data split:[32m [repeated 208x across cluster][0m
[36m(ClientAppActor pid=76864)[0m    Train:      173 samples (client-local)[32m [repeated 208x across cluster][0m
[36m(ClientAppActor pid=76864)[0m    Validation: 24 samples (client-local)[32m [repeated 208x across cluster][0m
[36m(ClientAppActor pid=76863)[0m [Client 445] Data split:[32m [repeated 211x across cluster][0m
[36m(ClientAppActor pid=76863)[0m    Train:      173 samples (client-local)[32m [repeated 211x across cluster][0m
[36m(ClientAppActor pid=76863)[0m    Validation: 24 samples (client-local)[32m [repeated 211x across cluster][0m
[36m(ClientAppActor pid=76865)[0m [Client 714] Data split:[32m [repeated 223x across cluster][0m
[36m(ClientAppActor pid=76865)[0m    Train:      173 samples (client-local)[32m [repeated 223x across cluster][0m
[36m(ClientAppActor pid=76865)[0m    Validation: 24 samples (client-local)[32m [repeated 223x across cluster][0m
[36m(ClientAppActor pid=76863)[0m [Client 669] Data split:[32m [repeated 210x across cluster][0m
[36m(ClientAppActor pid=76863)[0m    Train:      173 samples (client-local)[32m [repeated 210x across cluster][0m
[36m(ClientAppActor pid=76863)[0m    Validation: 24 samples (client-local)[32m [repeated 210x across cluster][0m
⏭️  Round 5: Evaluation skipped (all n_val=0)
[36m(ClientAppActor pid=76862)[0m [Client 705] ✅ ci loaded from persistent state
[36m(ClientAppActor pid=76864)[0m [Client 85] Data split:[32m [repeated 208x across cluster][0m
[36m(ClientAppActor pid=76864)[0m    Train:      174 samples (client-local)[32m [repeated 208x across cluster][0m
[36m(ClientAppActor pid=76864)[0m    Validation: 24 samples (client-local)[32m [repeated 208x across cluster][0m
[36m(ClientAppActor pid=76863)[0m [Client 776] ✅ ci loaded from persistent state[32m [repeated 209x across cluster][0m
[36m(ClientAppActor pid=76863)[0m [Client 624] Data split:[32m [repeated 205x across cluster][0m
[36m(ClientAppActor pid=76863)[0m    Train:      173 samples (client-local)[32m [repeated 205x across cluster][0m
[36m(ClientAppActor pid=76863)[0m    Validation: 24 samples (client-local)[32m [repeated 205x across cluster][0m
[36m(ClientAppActor pid=76862)[0m 
[36m(ClientAppActor pid=76862)[0m [Client 832] ✅ ci loaded from persistent state[32m [repeated 209x across cluster][0m
[36m(ClientAppActor pid=76862)[0m [Client 710] ⚠️  ci initialized to zeros (first round)
[36m(ClientAppActor pid=76863)[0m [Client 347] Data split:[32m [repeated 199x across cluster][0m
[36m(ClientAppActor pid=76863)[0m    Train:      174 samples (client-local)[32m [repeated 199x across cluster][0m
[36m(ClientAppActor pid=76863)[0m    Validation: 24 samples (client-local)[32m [repeated 199x across cluster][0m
[36m(ClientAppActor pid=76862)[0m [Client 539] ✅ ci loaded from persistent state[32m [repeated 201x across cluster][0m
[36m(ClientAppActor pid=76865)[0m [Client 18] Data split:[32m [repeated 200x across cluster][0m[92mINFO [0m:      aggregate_fit: received 768 results and 0 failures
[92mINFO [0m:      configure_evaluate: strategy sampled 1024 clients (out of 1024)
[33m(raylet)[0m [2026-07-26 03:58:27,247 E 76850 9195222] (raylet) file_system_monitor.cc:116: /tmp/ray/session_2026-07-26_03-54-15_074098_76832 is over 95% full, available space: 10.2842 GB; capacity: 452.981 GB. Object creation will fail if spilling is required.
[33m(raylet)[0m [2026-07-26 03:58:37,306 E 76850 9195222] (raylet) file_system_monitor.cc:116: /tmp/ray/session_2026-07-26_03-54-15_074098_76832 is over 95% full, available space: 10.2783 GB; capacity: 452.981 GB. Object creation will fail if spilling is required.
[33m(raylet)[0m [2026-07-26 03:58:47,376 E 76850 9195222] (raylet) file_system_monitor.cc:116: /tmp/ray/session_2026-07-26_03-54-15_074098_76832 is over 95% full, available space: 10.2766 GB; capacity: 452.981 GB. Object creation will fail if spilling is required.
[92mINFO [0m:      aggregate_evaluate: received 1024 results and 0 failures
[92mINFO [0m:      
[92mINFO [0m:      [ROUND 7]
[92mINFO [0m:      configure_fit: strategy sampled 768 clients (out of 1024)
[33m(raylet)[0m [2026-07-26 03:58:57,430 E 76850 9195222] (raylet) file_system_monitor.cc:116: /tmp/ray/session_2026-07-26_03-54-15_074098_76832 is over 95% full, available space: 10.2714 GB; capacity: 452.981 GB. Object creation will fail if spilling is required.
[33m(raylet)[0m [2026-07-26 03:59:07,510 E 76850 9195222] (raylet) file_system_monitor.cc:116: /tmp/ray/session_2026-07-26_03-54-15_074098_76832 is over 95% full, available space: 10.2684 GB; capacity: 452.981 GB. Object creation will fail if spilling is required.
[92mINFO [0m:      aggregate_fit: received 768 results and 0 failures
[92mINFO [0m:      configure_evaluate: strategy sampled 1024 clients (out of 1024)
[33m(raylet)[0m [2026-07-26 03:59:17,527 E 76850 9195222] (raylet) file_system_monitor.cc:116: /tmp/ray/session_2026-07-26_03-54-15_074098_76832 is over 95% full, available space: 10.2622 GB; capacity: 452.981 GB. Object creation will fail if spilling is required.
[33m(raylet)[0m [2026-07-26 03:59:27,576 E 76850 9195222] (raylet) file_system_monitor.cc:116: /tmp/ray/session_2026-07-26_03-54-15_074098_76832 is over 95% full, available space: 10.259 GB; capacity: 452.981 GB. Object creation will fail if spilling is required.
[92mINFO [0m:      aggregate_evaluate: received 1024 results and 0 failures
[92mINFO [0m:      
[92mINFO [0m:      [ROUND 8]
[92mINFO [0m:      configure_fit: strategy sampled 768 clients (out of 1024)
[33m(raylet)[0m [2026-07-26 03:59:37,622 E 76850 9195222] (raylet) file_system_monitor.cc:116: /tmp/ray/session_2026-07-26_03-54-15_074098_76832 is over 95% full, available space: 10.2587 GB; capacity: 452.981 GB. Object creation will fail if spilling is required.
[33m(raylet)[0m [2026-07-26 03:59:47,626 E 76850 9195222] (raylet) file_system_monitor.cc:116: /tmp/ray/session_2026-07-26_03-54-15_074098_76832 is over 95% full, available space: 10.2536 GB; capacity: 452.981 GB. Object creation will fail if spilling is required.
[92mINFO [0m:      aggregate_fit: received 768 results and 0 failures

[36m(ClientAppActor pid=76865)[0m    Train:      174 samples (client-local)[32m [repeated 200x across cluster][0m
[36m(ClientAppActor pid=76865)[0m    Validation: 24 samples (client-local)[32m [repeated 200x across cluster][0m
   💾 Checkpoint saved: result/splits_iid_scaling/splits_iid_1024_clients.json/SCAFFOLD/all_rounds_run_1/model_round_6_run_1.pt
   💾 Checkpoint saved: result/splits_iid_scaling/splits_iid_1024_clients.json/SCAFFOLD/all_rounds_run_1/model_round_6_run_1.pt
🔧 Round 6: Updated c_global from 768 client Δc_i reports (N=1024)
[36m(ClientAppActor pid=76863)[0m [Client 101] ✅ ci loaded from persistent state[32m [repeated 147x across cluster][0m
[36m(ClientAppActor pid=76864)[0m [Client 81] Data split:[32m [repeated 170x across cluster][0m
[36m(ClientAppActor pid=76864)[0m    Train:      174 samples (client-local)[32m [repeated 170x across cluster][0m
[36m(ClientAppActor pid=76864)[0m    Validation: 24 samples (client-local)[32m [repeated 170x across cluster][0m
[36m(ClientAppActor pid=76861)[0m [Client 433] Data split:[32m [repeated 217x across cluster][0m
[36m(ClientAppActor pid=76861)[0m    Train:      173 samples (client-local)[32m [repeated 217x across cluster][0m
[36m(ClientAppActor pid=76861)[0m    Validation: 24 samples (client-local)[32m [repeated 217x across cluster][0m
[36m(ClientAppActor pid=76863)[0m [Client 234] Data split:[32m [repeated 218x across cluster][0m
[36m(ClientAppActor pid=76863)[0m    Train:      174 samples (client-local)[32m [repeated 218x across cluster][0m
[36m(ClientAppActor pid=76863)[0m    Validation: 24 samples (client-local)[32m [repeated 218x across cluster][0m
[36m(ClientAppActor pid=76863)[0m [Client 321] Data split:[32m [repeated 220x across cluster][0m
[36m(ClientAppActor pid=76863)[0m    Train:      174 samples (client-local)[32m [repeated 220x across cluster][0m
[36m(ClientAppActor pid=76863)[0m    Validation: 24 samples (client-local)[32m [repeated 220x across cluster][0m
[36m(ClientAppActor pid=76861)[0m [Client 907] Data split:[32m [repeated 215x across cluster][0m
[36m(ClientAppActor pid=76861)[0m    Train:      173 samples (client-local)[32m [repeated 215x across cluster][0m
[36m(ClientAppActor pid=76861)[0m    Validation: 24 samples (client-local)[32m [repeated 215x across cluster][0m
⏭️  Round 6: Evaluation skipped (all n_val=0)
[36m(ClientAppActor pid=76863)[0m [Client 142] ✅ ci loaded from persistent state
[36m(ClientAppActor pid=76863)[0m [Client 746] Data split:[32m [repeated 204x across cluster][0m
[36m(ClientAppActor pid=76863)[0m    Train:      173 samples (client-local)[32m [repeated 204x across cluster][0m
[36m(ClientAppActor pid=76863)[0m    Validation: 24 samples (client-local)[32m [repeated 204x across cluster][0m
[36m(ClientAppActor pid=76862)[0m [Client 779] ✅ ci loaded from persistent state[32m [repeated 215x across cluster][0m
[36m(ClientAppActor pid=76863)[0m [Client 836] Data split:[32m [repeated 204x across cluster][0m
[36m(ClientAppActor pid=76863)[0m    Train:      173 samples (client-local)[32m [repeated 204x across cluster][0m
[36m(ClientAppActor pid=76863)[0m    Validation: 24 samples (client-local)[32m [repeated 204x across cluster][0m
[36m(ClientAppActor pid=76863)[0m [Client 355] ✅ ci loaded from persistent state[32m [repeated 206x across cluster][0m
[36m(ClientAppActor pid=76863)[0m [Client 420] Data split:[32m [repeated 203x across cluster][0m
[36m(ClientAppActor pid=76863)[0m    Train:      174 samples (client-local)[32m [repeated 203x across cluster][0m
[36m(ClientAppActor pid=76863)[0m    Validation: 24 samples (client-local)[32m [repeated 203x across cluster][0m
[36m(ClientAppActor pid=76863)[0m [Client 512] ✅ ci loaded from persistent state[32m [repeated 198x across cluster][0m
   💾 Checkpoint saved: result/splits_iid_scaling/splits_iid_1024_clients.json/SCAFFOLD/all_rounds_run_1/model_round_7_run_1.pt
   💾 Checkpoint saved: result/splits_iid_scaling/splits_iid_1024_clients.json/SCAFFOLD/all_rounds_run_1/model_round_7_run_1.pt
🔧 Round 7: Updated c_global from 768 client Δc_i reports (N=1024)
[36m(ClientAppActor pid=76863)[0m [Client 147] Data split:[32m [repeated 200x across cluster][0m
[36m(ClientAppActor pid=76863)[0m    Train:      174 samples (client-local)[32m [repeated 200x across cluster][0m
[36m(ClientAppActor pid=76863)[0m    Validation: 24 samples (client-local)[32m [repeated 200x across cluster][0m
[36m(ClientAppActor pid=76862)[0m [Client 956] ✅ ci loaded from persistent state[32m [repeated 148x across cluster][0m
[36m(ClientAppActor pid=76864)[0m [Client 612] Data split:[32m [repeated 200x across cluster][0m
[36m(ClientAppActor pid=76864)[0m    Train:      173 samples (client-local)[32m [repeated 200x across cluster][0m
[36m(ClientAppActor pid=76864)[0m    Validation: 24 samples (client-local)[32m [repeated 200x across cluster][0m
[36m(ClientAppActor pid=76863)[0m [Client 206] Data split:[32m [repeated 222x across cluster][0m
[36m(ClientAppActor pid=76863)[0m    Train:      174 samples (client-local)[32m [repeated 222x across cluster][0m
[36m(ClientAppActor pid=76863)[0m    Validation: 24 samples (client-local)[32m [repeated 222x across cluster][0m
[36m(ClientAppActor pid=76863)[0m [Client 525] Data split:[32m [repeated 212x across cluster][0m
[36m(ClientAppActor pid=76863)[0m    Train:      173 samples (client-local)[32m [repeated 212x across cluster][0m
[36m(ClientAppActor pid=76863)[0m    Validation: 24 samples (client-local)[32m [repeated 212x across cluster][0m
[36m(ClientAppActor pid=76866)[0m 
[36m(ClientAppActor pid=76864)[0m [Client 217] Data split:[32m [repeated 218x across cluster][0m
[36m(ClientAppActor pid=76864)[0m    Train:      174 samples (client-local)[32m [repeated 218x across cluster][0m
[36m(ClientAppActor pid=76864)[0m    Validation: 24 samples (client-local)[32m [repeated 218x across cluster][0m
⏭️  Round 7: Evaluation skipped (all n_val=0)
[36m(ClientAppActor pid=76868)[0m [Client 460] ✅ ci loaded from persistent state
[36m(ClientAppActor pid=76863)[0m [Client 978] Data split:[32m [repeated 207x across cluster][0m
[36m(ClientAppActor pid=76863)[0m    Train:      173 samples (client-local)[32m [repeated 207x across cluster][0m
[36m(ClientAppActor pid=76863)[0m    Validation: 24 samples (client-local)[32m [repeated 207x across cluster][0m
[36m(ClientAppActor pid=76863)[0m [Client 115] ✅ ci loaded from persistent state[32m [repeated 211x across cluster][0m
[36m(ClientAppActor pid=76867)[0m [Client 983] Data split:[32m [repeated 213x across cluster][0m
[36m(ClientAppActor pid=76867)[0m    Train:      173 samples (client-local)[32m [repeated 213x across cluster][0m
[36m(ClientAppActor pid=76867)[0m    Validation: 24 samples (client-local)[32m [repeated 213x across cluster][0m
[36m(ClientAppActor pid=76863)[0m [Client 873] ✅ ci loaded from persistent state[32m [repeated 203x across cluster][0m
[36m(ClientAppActor pid=76864)[0m [Client 287] Data split:[32m [repeated 202x across cluster][0m
[36m(ClientAppActor pid=76864)[0m    Train:      174 samples (client-local)[32m [repeated 202x across cluster][0m
[36m(ClientAppActor pid=76864)[0m    Validation: 24 samples (client-local)[32m [repeated 202x across cluster][0m
[36m(ClientAppActor pid=76863)[0m [Client 679] ✅ ci loaded from persistent state[32m [repeated 203x across cluster][0m
[36m(ClientAppActor pid=76863)[0m [Client 522] Data split:[32m [repeated 205x across cluster][0m
[36m(ClientAppActor pid=76863)[0m    Train:      173 samples (client-local)[32m [repeated 205x across cluster][0m
[36m(ClientAppActor pid=76863)[0m    Validation: 24 samples (client-local)[32m [repeated 205x across cluster][0m
   💾 Checkpoint saved: result/splits_iid_scaling/splits_iid_1024_clients.json/SCAFFOLD/all_rounds_run_1/model_round_8_run_1.pt
   💾 Checkpoint saved: result/splits_iid_scaling/splits_iid_1024_clients.json/SCAFFOLD/all_rounds_run_1/model_round_8_run_1.pt
🔧 Round 8: Updated c_global from 768 client Δc_i reports (N=1024)[92mINFO [0m:      configure_evaluate: strategy sampled 1024 clients (out of 1024)
[33m(raylet)[0m [2026-07-26 03:59:57,689 E 76850 9195222] (raylet) file_system_monitor.cc:116: /tmp/ray/session_2026-07-26_03-54-15_074098_76832 is over 95% full, available space: 10.2527 GB; capacity: 452.981 GB. Object creation will fail if spilling is required.
[33m(raylet)[0m [2026-07-26 04:00:07,763 E 76850 9195222] (raylet) file_system_monitor.cc:116: /tmp/ray/session_2026-07-26_03-54-15_074098_76832 is over 95% full, available space: 10.2488 GB; capacity: 452.981 GB. Object creation will fail if spilling is required.
[33m(raylet)[0m [2026-07-26 04:00:17,824 E 76850 9195222] (raylet) file_system_monitor.cc:116: /tmp/ray/session_2026-07-26_03-54-15_074098_76832 is over 95% full, available space: 10.2486 GB; capacity: 452.981 GB. Object creation will fail if spilling is required.
[92mINFO [0m:      aggregate_evaluate: received 1024 results and 0 failures
[92mINFO [0m:      
[92mINFO [0m:      [ROUND 9]
[92mINFO [0m:      configure_fit: strategy sampled 768 clients (out of 1024)
[33m(raylet)[0m [2026-07-26 04:00:27,859 E 76850 9195222] (raylet) file_system_monitor.cc:116: /tmp/ray/session_2026-07-26_03-54-15_074098_76832 is over 95% full, available space: 10.2444 GB; capacity: 452.981 GB. Object creation will fail if spilling is required.
[92mINFO [0m:      aggregate_fit: received 768 results and 0 failures
[33m(raylet)[0m [2026-07-26 04:00:37,924 E 76850 9195222] (raylet) file_system_monitor.cc:116: /tmp/ray/session_2026-07-26_03-54-15_074098_76832 is over 95% full, available space: 10.2442 GB; capacity: 452.981 GB. Object creation will fail if spilling is required.
[92mINFO [0m:      configure_evaluate: strategy sampled 1024 clients (out of 1024)
[33m(raylet)[0m [2026-07-26 04:00:48,015 E 76850 9195222] (raylet) file_system_monitor.cc:116: /tmp/ray/session_2026-07-26_03-54-15_074098_76832 is over 95% full, available space: 10.2537 GB; capacity: 452.981 GB. Object creation will fail if spilling is required.
[33m(raylet)[0m [2026-07-26 04:00:58,100 E 76850 9195222] (raylet) file_system_monitor.cc:116: /tmp/ray/session_2026-07-26_03-54-15_074098_76832 is over 95% full, available space: 10.2517 GB; capacity: 452.981 GB. Object creation will fail if spilling is required.
[92mINFO [0m:      aggregate_evaluate: received 1024 results and 0 failures
[92mINFO [0m:      
[92mINFO [0m:      [ROUND 10]
[92mINFO [0m:      configure_fit: strategy sampled 768 clients (out of 1024)
[33m(raylet)[0m [2026-07-26 04:01:08,113 E 76850 9195222] (raylet) file_system_monitor.cc:116: /tmp/ray/session_2026-07-26_03-54-15_074098_76832 is over 95% full, available space: 10.2505 GB; capacity: 452.981 GB. Object creation will fail if spilling is required.
[33m(raylet)[0m [2026-07-26 04:01:18,145 E 76850 9195222] (raylet) file_system_monitor.cc:116: /tmp/ray/session_2026-07-26_03-54-15_074098_76832 is over 95% full, available space: 10.245 GB; capacity: 452.981 GB. Object creation will fail if spilling is required.
[92mINFO [0m:      aggregate_fit: received 768 results and 0 failures
[92mINFO [0m:      configure_evaluate: strategy sampled 1024 clients (out of 1024)

[36m(ClientAppActor pid=76861)[0m [Client 198] ✅ ci loaded from persistent state[32m [repeated 150x across cluster][0m
[36m(ClientAppActor pid=76867)[0m [Client 510] Data split:[32m [repeated 170x across cluster][0m
[36m(ClientAppActor pid=76867)[0m    Train:      173 samples (client-local)[32m [repeated 170x across cluster][0m
[36m(ClientAppActor pid=76867)[0m    Validation: 24 samples (client-local)[32m [repeated 170x across cluster][0m
[36m(ClientAppActor pid=76863)[0m [Client 548] Data split:[32m [repeated 215x across cluster][0m
[36m(ClientAppActor pid=76863)[0m    Train:      173 samples (client-local)[32m [repeated 215x across cluster][0m
[36m(ClientAppActor pid=76863)[0m    Validation: 24 samples (client-local)[32m [repeated 215x across cluster][0m
[36m(ClientAppActor pid=76863)[0m [Client 15] Data split:[32m [repeated 218x across cluster][0m
[36m(ClientAppActor pid=76863)[0m    Train:      174 samples (client-local)[32m [repeated 218x across cluster][0m
[36m(ClientAppActor pid=76863)[0m    Validation: 24 samples (client-local)[32m [repeated 218x across cluster][0m
[36m(ClientAppActor pid=76863)[0m [Client 328] Data split:[32m [repeated 216x across cluster][0m
[36m(ClientAppActor pid=76863)[0m    Train:      174 samples (client-local)[32m [repeated 216x across cluster][0m
[36m(ClientAppActor pid=76863)[0m    Validation: 24 samples (client-local)[32m [repeated 216x across cluster][0m
[36m(ClientAppActor pid=76863)[0m [Client 134] Data split:[32m [repeated 209x across cluster][0m
[36m(ClientAppActor pid=76863)[0m    Train:      174 samples (client-local)[32m [repeated 209x across cluster][0m
[36m(ClientAppActor pid=76863)[0m    Validation: 24 samples (client-local)[32m [repeated 209x across cluster][0m
⏭️  Round 8: Evaluation skipped (all n_val=0)
[36m(ClientAppActor pid=76863)[0m [Client 117] ✅ ci loaded from persistent state
[36m(ClientAppActor pid=76863)[0m [Client 168] Data split:[32m [repeated 201x across cluster][0m
[36m(ClientAppActor pid=76863)[0m    Train:      174 samples (client-local)[32m [repeated 201x across cluster][0m
[36m(ClientAppActor pid=76863)[0m    Validation: 24 samples (client-local)[32m [repeated 201x across cluster][0m
[36m(ClientAppActor pid=76868)[0m [Client 179] ✅ ci loaded from persistent state[32m [repeated 204x across cluster][0m
[36m(ClientAppActor pid=76862)[0m [Client 530] Data split:[32m [repeated 205x across cluster][0m
[36m(ClientAppActor pid=76862)[0m    Train:      173 samples (client-local)[32m [repeated 205x across cluster][0m
[36m(ClientAppActor pid=76862)[0m    Validation: 24 samples (client-local)[32m [repeated 205x across cluster][0m
[36m(ClientAppActor pid=76863)[0m [Client 399] ✅ ci loaded from persistent state[32m [repeated 199x across cluster][0m
[36m(ClientAppActor pid=76868)[0m [Client 549] Data split:[32m [repeated 202x across cluster][0m
[36m(ClientAppActor pid=76868)[0m    Train:      173 samples (client-local)[32m [repeated 202x across cluster][0m
[36m(ClientAppActor pid=76868)[0m    Validation: 24 samples (client-local)[32m [repeated 202x across cluster][0m
[36m(ClientAppActor pid=76863)[0m [Client 870] ✅ ci loaded from persistent state[32m [repeated 209x across cluster][0m
[36m(ClientAppActor pid=76863)[0m [Client 607] Data split:[32m [repeated 202x across cluster][0m
[36m(ClientAppActor pid=76863)[0m    Train:      173 samples (client-local)[32m [repeated 202x across cluster][0m
[36m(ClientAppActor pid=76863)[0m    Validation: 24 samples (client-local)[32m [repeated 202x across cluster][0m
   💾 Checkpoint saved: result/splits_iid_scaling/splits_iid_1024_clients.json/SCAFFOLD/all_rounds_run_1/model_round_9_run_1.pt
   💾 Checkpoint saved: result/splits_iid_scaling/splits_iid_1024_clients.json/SCAFFOLD/all_rounds_run_1/model_round_9_run_1.pt
🔧 Round 9: Updated c_global from 768 client Δc_i reports (N=1024)
[36m(ClientAppActor pid=76862)[0m [Client 272] ✅ ci loaded from persistent state[32m [repeated 155x across cluster][0m
[36m(ClientAppActor pid=76863)[0m [Client 293] Data split:[32m [repeated 168x across cluster][0m
[36m(ClientAppActor pid=76863)[0m    Train:      174 samples (client-local)[32m [repeated 168x across cluster][0m
[36m(ClientAppActor pid=76863)[0m    Validation: 24 samples (client-local)[32m [repeated 168x across cluster][0m
[36m(ClientAppActor pid=76863)[0m [Client 758] Data split:[32m [repeated 205x across cluster][0m
[36m(ClientAppActor pid=76863)[0m    Train:      173 samples (client-local)[32m [repeated 205x across cluster][0m
[36m(ClientAppActor pid=76863)[0m    Validation: 24 samples (client-local)[32m [repeated 205x across cluster][0m
[36m(ClientAppActor pid=76863)[0m [Client 1007] Data split:[32m [repeated 217x across cluster][0m
[36m(ClientAppActor pid=76863)[0m    Train:      173 samples (client-local)[32m [repeated 217x across cluster][0m
[36m(ClientAppActor pid=76863)[0m    Validation: 24 samples (client-local)[32m [repeated 217x across cluster][0m
[36m(ClientAppActor pid=76863)[0m [Client 612] Data split:[32m [repeated 218x across cluster][0m
[36m(ClientAppActor pid=76863)[0m    Train:      173 samples (client-local)[32m [repeated 218x across cluster][0m
[36m(ClientAppActor pid=76863)[0m    Validation: 24 samples (client-local)[32m [repeated 218x across cluster][0m
[36m(ClientAppActor pid=76863)[0m [Client 838] Data split:[32m [repeated 210x across cluster][0m
[36m(ClientAppActor pid=76863)[0m    Train:      173 samples (client-local)[32m [repeated 210x across cluster][0m
[36m(ClientAppActor pid=76863)[0m    Validation: 24 samples (client-local)[32m [repeated 210x across cluster][0m
⏭️  Round 9: Evaluation skipped (all n_val=0)
[36m(ClientAppActor pid=76863)[0m [Client 557] ✅ ci loaded from persistent state
[36m(ClientAppActor pid=76864)[0m [Client 687] Data split:[32m [repeated 197x across cluster][0m
[36m(ClientAppActor pid=76864)[0m    Train:      173 samples (client-local)[32m [repeated 197x across cluster][0m
[36m(ClientAppActor pid=76864)[0m    Validation: 24 samples (client-local)[32m [repeated 197x across cluster][0m
[36m(ClientAppActor pid=76863)[0m [Client 741] ✅ ci loaded from persistent state[32m [repeated 203x across cluster][0m
[36m(ClientAppActor pid=76868)[0m [Client 111] Data split:[32m [repeated 200x across cluster][0m
[36m(ClientAppActor pid=76868)[0m    Train:      174 samples (client-local)[32m [repeated 200x across cluster][0m
[36m(ClientAppActor pid=76868)[0m    Validation: 24 samples (client-local)[32m [repeated 200x across cluster][0m
[36m(ClientAppActor pid=76866)[0m [Client 341] ✅ ci loaded from persistent state[32m [repeated 193x across cluster][0m
[36m(ClientAppActor pid=76866)[0m [Client 42] Data split:[32m [repeated 199x across cluster][0m
[36m(ClientAppActor pid=76866)[0m    Train:      174 samples (client-local)[32m [repeated 199x across cluster][0m
[36m(ClientAppActor pid=76866)[0m    Validation: 24 samples (client-local)[32m [repeated 199x across cluster][0m
[36m(ClientAppActor pid=76863)[0m [Client 307] ✅ ci loaded from persistent state[32m [repeated 201x across cluster][0m
[36m(ClientAppActor pid=76866)[0m [Client 795] Data split:[32m [repeated 205x across cluster][0m
[36m(ClientAppActor pid=76866)[0m    Train:      173 samples (client-local)[32m [repeated 205x across cluster][0m
[36m(ClientAppActor pid=76866)[0m    Validation: 24 samples (client-local)[32m [repeated 205x across cluster][0m
   💾 Checkpoint saved: result/splits_iid_scaling/splits_iid_1024_clients.json/SCAFFOLD/all_rounds_run_1/model_round_10_run_1.pt
   💾 Checkpoint saved: result/splits_iid_scaling/splits_iid_1024_clients.json/SCAFFOLD/all_rounds_run_1/model_round_10_run_1.pt
🔧 Round 10: Updated c_global from 768 client Δc_i reports (N=1024)
[36m(ClientAppActor pid=76866)[0m [Client 536] ✅ ci loaded from persistent state[32m [repeated 170x across cluster][0m
[36m(ClientAppActor pid=76864)[0m [Client 465] Data split:[32m [repeated 152x across cluster][0m[33m(raylet)[0m [2026-07-26 04:01:28,159 E 76850 9195222] (raylet) file_system_monitor.cc:116: /tmp/ray/session_2026-07-26_03-54-15_074098_76832 is over 95% full, available space: 10.2469 GB; capacity: 452.981 GB. Object creation will fail if spilling is required.
[33m(raylet)[0m [2026-07-26 04:01:38,198 E 76850 9195222] (raylet) file_system_monitor.cc:116: /tmp/ray/session_2026-07-26_03-54-15_074098_76832 is over 95% full, available space: 10.2401 GB; capacity: 452.981 GB. Object creation will fail if spilling is required.
[33m(raylet)[0m [2026-07-26 04:01:48,220 E 76850 9195222] (raylet) file_system_monitor.cc:116: /tmp/ray/session_2026-07-26_03-54-15_074098_76832 is over 95% full, available space: 10.2392 GB; capacity: 452.981 GB. Object creation will fail if spilling is required.
[92mINFO [0m:      aggregate_evaluate: received 1024 results and 0 failures
[92mINFO [0m:      
[92mINFO [0m:      [ROUND 11]
[92mINFO [0m:      configure_fit: strategy sampled 768 clients (out of 1024)
[33m(raylet)[0m [2026-07-26 04:01:58,291 E 76850 9195222] (raylet) file_system_monitor.cc:116: /tmp/ray/session_2026-07-26_03-54-15_074098_76832 is over 95% full, available space: 10.2352 GB; capacity: 452.981 GB. Object creation will fail if spilling is required.
[92mINFO [0m:      aggregate_fit: received 768 results and 0 failures
[33m(raylet)[0m [2026-07-26 04:02:08,309 E 76850 9195222] (raylet) file_system_monitor.cc:116: /tmp/ray/session_2026-07-26_03-54-15_074098_76832 is over 95% full, available space: 10.229 GB; capacity: 452.981 GB. Object creation will fail if spilling is required.
[92mINFO [0m:      configure_evaluate: strategy sampled 1024 clients (out of 1024)
[33m(raylet)[0m [2026-07-26 04:02:18,352 E 76850 9195222] (raylet) file_system_monitor.cc:116: /tmp/ray/session_2026-07-26_03-54-15_074098_76832 is over 95% full, available space: 10.2268 GB; capacity: 452.981 GB. Object creation will fail if spilling is required.
[33m(raylet)[0m [2026-07-26 04:02:28,435 E 76850 9195222] (raylet) file_system_monitor.cc:116: /tmp/ray/session_2026-07-26_03-54-15_074098_76832 is over 95% full, available space: 10.237 GB; capacity: 452.981 GB. Object creation will fail if spilling is required.
[92mINFO [0m:      aggregate_evaluate: received 1024 results and 0 failures
[92mINFO [0m:      
[92mINFO [0m:      [ROUND 12]
[92mINFO [0m:      configure_fit: strategy sampled 768 clients (out of 1024)
[33m(raylet)[0m [2026-07-26 04:02:38,505 E 76850 9195222] (raylet) file_system_monitor.cc:116: /tmp/ray/session_2026-07-26_03-54-15_074098_76832 is over 95% full, available space: 10.2354 GB; capacity: 452.981 GB. Object creation will fail if spilling is required.
[33m(raylet)[0m [2026-07-26 04:02:48,567 E 76850 9195222] (raylet) file_system_monitor.cc:116: /tmp/ray/session_2026-07-26_03-54-15_074098_76832 is over 95% full, available space: 10.2274 GB; capacity: 452.981 GB. Object creation will fail if spilling is required.
[92mINFO [0m:      aggregate_fit: received 768 results and 0 failures
[92mINFO [0m:      configure_evaluate: strategy sampled 1024 clients (out of 1024)

[36m(ClientAppActor pid=76864)[0m    Train:      173 samples (client-local)[32m [repeated 152x across cluster][0m
[36m(ClientAppActor pid=76864)[0m    Validation: 24 samples (client-local)[32m [repeated 152x across cluster][0m
[36m(ClientAppActor pid=76863)[0m [Client 284] Data split:[32m [repeated 218x across cluster][0m
[36m(ClientAppActor pid=76863)[0m    Train:      174 samples (client-local)[32m [repeated 218x across cluster][0m
[36m(ClientAppActor pid=76863)[0m    Validation: 24 samples (client-local)[32m [repeated 218x across cluster][0m
[36m(ClientAppActor pid=76863)[0m [Client 37] Data split:[32m [repeated 219x across cluster][0m
[36m(ClientAppActor pid=76863)[0m    Train:      174 samples (client-local)[32m [repeated 219x across cluster][0m
[36m(ClientAppActor pid=76863)[0m    Validation: 24 samples (client-local)[32m [repeated 219x across cluster][0m
[36m(ClientAppActor pid=76863)[0m [Client 321] Data split:[32m [repeated 215x across cluster][0m
[36m(ClientAppActor pid=76863)[0m    Train:      174 samples (client-local)[32m [repeated 215x across cluster][0m
[36m(ClientAppActor pid=76863)[0m    Validation: 24 samples (client-local)[32m [repeated 215x across cluster][0m
[36m(ClientAppActor pid=76863)[0m [Client 224] Data split:[32m [repeated 201x across cluster][0m
[36m(ClientAppActor pid=76863)[0m    Train:      174 samples (client-local)[32m [repeated 201x across cluster][0m
[36m(ClientAppActor pid=76863)[0m    Validation: 24 samples (client-local)[32m [repeated 201x across cluster][0m

📊 Multi-Threshold Aggregation:
   Valid clients: 1024
   Evaluated 12 thresholds:
     Thr=0.15: Rec=1.000, Spec=0.000, F1=0.245
     Thr=0.20: Rec=1.000, Spec=0.000, F1=0.245
     Thr=0.25: Rec=1.000, Spec=0.000, F1=0.245
     ... (+ 9 more)

💾 Round 10: Saved round_10_run_1.json
[36m(ClientAppActor pid=76861)[0m [Client 640] ✅ ci loaded from persistent state
[36m(ClientAppActor pid=76863)[0m [Client 583] Data split:[32m [repeated 192x across cluster][0m
[36m(ClientAppActor pid=76863)[0m    Train:      173 samples (client-local)[32m [repeated 192x across cluster][0m
[36m(ClientAppActor pid=76863)[0m    Validation: 24 samples (client-local)[32m [repeated 192x across cluster][0m
[36m(ClientAppActor pid=76862)[0m [Client 789] ✅ ci loaded from persistent state[32m [repeated 198x across cluster][0m
[36m(ClientAppActor pid=76863)[0m [Client 722] Data split:[32m [repeated 205x across cluster][0m
[36m(ClientAppActor pid=76863)[0m    Train:      173 samples (client-local)[32m [repeated 205x across cluster][0m
[36m(ClientAppActor pid=76863)[0m    Validation: 24 samples (client-local)[32m [repeated 205x across cluster][0m
[36m(ClientAppActor pid=76863)[0m [Client 506] ✅ ci loaded from persistent state[32m [repeated 199x across cluster][0m
[36m(ClientAppActor pid=76863)[0m [Client 141] Data split:[32m [repeated 206x across cluster][0m
[36m(ClientAppActor pid=76863)[0m    Train:      174 samples (client-local)[32m [repeated 206x across cluster][0m
[36m(ClientAppActor pid=76863)[0m    Validation: 24 samples (client-local)[32m [repeated 206x across cluster][0m
[36m(ClientAppActor pid=76862)[0m [Client 465] ✅ ci loaded from persistent state[32m [repeated 206x across cluster][0m
[36m(ClientAppActor pid=76866)[0m [Client 932] Data split:[32m [repeated 211x across cluster][0m
[36m(ClientAppActor pid=76866)[0m    Train:      173 samples (client-local)[32m [repeated 211x across cluster][0m
[36m(ClientAppActor pid=76866)[0m    Validation: 24 samples (client-local)[32m [repeated 211x across cluster][0m
   💾 Checkpoint saved: result/splits_iid_scaling/splits_iid_1024_clients.json/SCAFFOLD/all_rounds_run_1/model_round_11_run_1.pt
   💾 Checkpoint saved: result/splits_iid_scaling/splits_iid_1024_clients.json/SCAFFOLD/all_rounds_run_1/model_round_11_run_1.pt
🔧 Round 11: Updated c_global from 768 client Δc_i reports (N=1024)
[36m(ClientAppActor pid=76862)[0m [Client 283] ✅ ci loaded from persistent state[32m [repeated 164x across cluster][0m
[36m(ClientAppActor pid=76866)[0m [Client 200] Data split:[32m [repeated 172x across cluster][0m
[36m(ClientAppActor pid=76866)[0m    Train:      174 samples (client-local)[32m [repeated 172x across cluster][0m
[36m(ClientAppActor pid=76866)[0m    Validation: 24 samples (client-local)[32m [repeated 172x across cluster][0m
[36m(ClientAppActor pid=76863)[0m [Client 224] Data split:[32m [repeated 207x across cluster][0m
[36m(ClientAppActor pid=76863)[0m    Train:      174 samples (client-local)[32m [repeated 207x across cluster][0m
[36m(ClientAppActor pid=76863)[0m    Validation: 24 samples (client-local)[32m [repeated 207x across cluster][0m
[36m(ClientAppActor pid=76865)[0m [Client 314] Data split:[32m [repeated 205x across cluster][0m
[36m(ClientAppActor pid=76865)[0m    Train:      174 samples (client-local)[32m [repeated 205x across cluster][0m
[36m(ClientAppActor pid=76865)[0m    Validation: 24 samples (client-local)[32m [repeated 205x across cluster][0m
[36m(ClientAppActor pid=76867)[0m [Client 312] Data split:[32m [repeated 216x across cluster][0m
[36m(ClientAppActor pid=76867)[0m    Train:      174 samples (client-local)[32m [repeated 216x across cluster][0m
[36m(ClientAppActor pid=76867)[0m    Validation: 24 samples (client-local)[32m [repeated 216x across cluster][0m
[36m(ClientAppActor pid=76863)[0m [Client 235] Data split:[32m [repeated 220x across cluster][0m
[36m(ClientAppActor pid=76863)[0m    Train:      174 samples (client-local)[32m [repeated 220x across cluster][0m
[36m(ClientAppActor pid=76863)[0m    Validation: 24 samples (client-local)[32m [repeated 220x across cluster][0m
⏭️  Round 11: Evaluation skipped (all n_val=0)
[36m(ClientAppActor pid=76863)[0m [Client 466] ✅ ci loaded from persistent state
[36m(ClientAppActor pid=76864)[0m [Client 470] Data split:[32m [repeated 204x across cluster][0m
[36m(ClientAppActor pid=76864)[0m    Train:      173 samples (client-local)[32m [repeated 204x across cluster][0m
[36m(ClientAppActor pid=76864)[0m    Validation: 24 samples (client-local)[32m [repeated 204x across cluster][0m
[36m(ClientAppActor pid=76863)[0m [Client 342] ✅ ci loaded from persistent state[32m [repeated 209x across cluster][0m
[36m(ClientAppActor pid=76863)[0m [Client 863] Data split:[32m [repeated 214x across cluster][0m
[36m(ClientAppActor pid=76863)[0m    Train:      173 samples (client-local)[32m [repeated 214x across cluster][0m
[36m(ClientAppActor pid=76863)[0m    Validation: 24 samples (client-local)[32m [repeated 214x across cluster][0m
[36m(ClientAppActor pid=76863)[0m [Client 124] ✅ ci loaded from persistent state[32m [repeated 211x across cluster][0m
[36m(ClientAppActor pid=76862)[0m [Client 958] Data split:[32m [repeated 202x across cluster][0m
[36m(ClientAppActor pid=76862)[0m    Train:      173 samples (client-local)[32m [repeated 202x across cluster][0m
[36m(ClientAppActor pid=76862)[0m    Validation: 24 samples (client-local)[32m [repeated 202x across cluster][0m
[36m(ClientAppActor pid=76863)[0m [Client 631] ✅ ci loaded from persistent state[32m [repeated 200x across cluster][0m
   💾 Checkpoint saved: result/splits_iid_scaling/splits_iid_1024_clients.json/SCAFFOLD/all_rounds_run_1/model_round_12_run_1.pt
   💾 Checkpoint saved: result/splits_iid_scaling/splits_iid_1024_clients.json/SCAFFOLD/all_rounds_run_1/model_round_12_run_1.pt
🔧 Round 12: Updated c_global from 768 client Δc_i reports (N=1024)
[36m(ClientAppActor pid=76863)[0m [Client 69] Data split:[32m [repeated 165x across cluster][0m
[36m(ClientAppActor pid=76863)[0m    Train:      174 samples (client-local)[32m [repeated 165x across cluster][0m
[36m(ClientAppActor pid=76863)[0m    Validation: 24 samples (client-local)[32m [repeated 165x across cluster][0m
[36m(ClientAppActor pid=76867)[0m [Client 256] ✅ ci loaded from persistent state[32m [repeated 147x across cluster][0m
[36m(ClientAppActor pid=76864)[0m [Client 473] Data split:[32m [repeated 199x across cluster][0m[33m(raylet)[0m [2026-07-26 04:02:58,633 E 76850 9195222] (raylet) file_system_monitor.cc:116: /tmp/ray/session_2026-07-26_03-54-15_074098_76832 is over 95% full, available space: 10.1506 GB; capacity: 452.981 GB. Object creation will fail if spilling is required.
[33m(raylet)[0m [2026-07-26 04:03:08,636 E 76850 9195222] (raylet) file_system_monitor.cc:116: /tmp/ray/session_2026-07-26_03-54-15_074098_76832 is over 95% full, available space: 10.1486 GB; capacity: 452.981 GB. Object creation will fail if spilling is required.
[92mINFO [0m:      aggregate_evaluate: received 1024 results and 0 failures
[92mINFO [0m:      
[92mINFO [0m:      [ROUND 13]
[92mINFO [0m:      configure_fit: strategy sampled 768 clients (out of 1024)
[33m(raylet)[0m [2026-07-26 04:03:18,721 E 76850 9195222] (raylet) file_system_monitor.cc:116: /tmp/ray/session_2026-07-26_03-54-15_074098_76832 is over 95% full, available space: 10.1319 GB; capacity: 452.981 GB. Object creation will fail if spilling is required.
[33m(raylet)[0m [2026-07-26 04:03:28,794 E 76850 9195222] (raylet) file_system_monitor.cc:116: /tmp/ray/session_2026-07-26_03-54-15_074098_76832 is over 95% full, available space: 10.1293 GB; capacity: 452.981 GB. Object creation will fail if spilling is required.
[92mINFO [0m:      aggregate_fit: received 768 results and 0 failures
[92mINFO [0m:      configure_evaluate: strategy sampled 1024 clients (out of 1024)
[33m(raylet)[0m [2026-07-26 04:03:38,879 E 76850 9195222] (raylet) file_system_monitor.cc:116: /tmp/ray/session_2026-07-26_03-54-15_074098_76832 is over 95% full, available space: 10.1279 GB; capacity: 452.981 GB. Object creation will fail if spilling is required.
[33m(raylet)[0m [2026-07-26 04:03:48,967 E 76850 9195222] (raylet) file_system_monitor.cc:116: /tmp/ray/session_2026-07-26_03-54-15_074098_76832 is over 95% full, available space: 10.1258 GB; capacity: 452.981 GB. Object creation will fail if spilling is required.
[33m(raylet)[0m [2026-07-26 04:03:59,003 E 76850 9195222] (raylet) file_system_monitor.cc:116: /tmp/ray/session_2026-07-26_03-54-15_074098_76832 is over 95% full, available space: 10.1236 GB; capacity: 452.981 GB. Object creation will fail if spilling is required.
[92mINFO [0m:      aggregate_evaluate: received 1024 results and 0 failures
[92mINFO [0m:      
[92mINFO [0m:      [ROUND 14]
[92mINFO [0m:      configure_fit: strategy sampled 768 clients (out of 1024)
[33m(raylet)[0m [2026-07-26 04:04:09,077 E 76850 9195222] (raylet) file_system_monitor.cc:116: /tmp/ray/session_2026-07-26_03-54-15_074098_76832 is over 95% full, available space: 10.1227 GB; capacity: 452.981 GB. Object creation will fail if spilling is required.
[33m(raylet)[0m [2026-07-26 04:04:19,160 E 76850 9195222] (raylet) file_system_monitor.cc:116: /tmp/ray/session_2026-07-26_03-54-15_074098_76832 is over 95% full, available space: 10.1354 GB; capacity: 452.981 GB. Object creation will fail if spilling is required.
[92mINFO [0m:      aggregate_fit: received 768 results and 0 failures
[92mINFO [0m:      configure_evaluate: strategy sampled 1024 clients (out of 1024)

[36m(ClientAppActor pid=76864)[0m    Train:      173 samples (client-local)[32m [repeated 199x across cluster][0m
[36m(ClientAppActor pid=76864)[0m    Validation: 24 samples (client-local)[32m [repeated 199x across cluster][0m
[36m(ClientAppActor pid=76863)[0m [Client 543] Data split:[32m [repeated 219x across cluster][0m
[36m(ClientAppActor pid=76863)[0m    Train:      173 samples (client-local)[32m [repeated 219x across cluster][0m
[36m(ClientAppActor pid=76863)[0m    Validation: 24 samples (client-local)[32m [repeated 219x across cluster][0m
[36m(ClientAppActor pid=76864)[0m [Client 916] Data split:[32m [repeated 221x across cluster][0m
[36m(ClientAppActor pid=76864)[0m    Train:      173 samples (client-local)[32m [repeated 221x across cluster][0m
[36m(ClientAppActor pid=76864)[0m    Validation: 24 samples (client-local)[32m [repeated 221x across cluster][0m
[36m(ClientAppActor pid=76868)[0m [Client 437] Data split:[32m [repeated 205x across cluster][0m
[36m(ClientAppActor pid=76868)[0m    Train:      173 samples (client-local)[32m [repeated 205x across cluster][0m
[36m(ClientAppActor pid=76868)[0m    Validation: 24 samples (client-local)[32m [repeated 205x across cluster][0m
⏭️  Round 12: Evaluation skipped (all n_val=0)
[36m(ClientAppActor pid=76861)[0m [Client 40] ✅ ci loaded from persistent state
[36m(ClientAppActor pid=76868)[0m [Client 759] Data split:[32m [repeated 206x across cluster][0m
[36m(ClientAppActor pid=76868)[0m    Train:      173 samples (client-local)[32m [repeated 206x across cluster][0m
[36m(ClientAppActor pid=76868)[0m    Validation: 24 samples (client-local)[32m [repeated 206x across cluster][0m
[36m(ClientAppActor pid=76863)[0m [Client 57] ✅ ci loaded from persistent state[32m [repeated 199x across cluster][0m
[36m(ClientAppActor pid=76864)[0m [Client 251] Data split:[32m [repeated 196x across cluster][0m
[36m(ClientAppActor pid=76864)[0m    Train:      174 samples (client-local)[32m [repeated 196x across cluster][0m
[36m(ClientAppActor pid=76864)[0m    Validation: 24 samples (client-local)[32m [repeated 196x across cluster][0m
[36m(ClientAppActor pid=76866)[0m [Client 969] ✅ ci loaded from persistent state[32m [repeated 200x across cluster][0m
[36m(ClientAppActor pid=76862)[0m [Client 340] Data split:[32m [repeated 202x across cluster][0m
[36m(ClientAppActor pid=76862)[0m    Train:      174 samples (client-local)[32m [repeated 202x across cluster][0m
[36m(ClientAppActor pid=76862)[0m    Validation: 24 samples (client-local)[32m [repeated 202x across cluster][0m
[36m(ClientAppActor pid=76862)[0m [Client 546] ✅ ci loaded from persistent state[32m [repeated 205x across cluster][0m
[36m(ClientAppActor pid=76863)[0m [Client 574] Data split:[32m [repeated 205x across cluster][0m
[36m(ClientAppActor pid=76863)[0m    Train:      173 samples (client-local)[32m [repeated 205x across cluster][0m
[36m(ClientAppActor pid=76863)[0m    Validation: 24 samples (client-local)[32m [repeated 205x across cluster][0m
   💾 Checkpoint saved: result/splits_iid_scaling/splits_iid_1024_clients.json/SCAFFOLD/all_rounds_run_1/model_round_13_run_1.pt
   💾 Checkpoint saved: result/splits_iid_scaling/splits_iid_1024_clients.json/SCAFFOLD/all_rounds_run_1/model_round_13_run_1.pt
🔧 Round 13: Updated c_global from 768 client Δc_i reports (N=1024)
[36m(ClientAppActor pid=76866)[0m [Client 571] ✅ ci loaded from persistent state[32m [repeated 163x across cluster][0m
[36m(ClientAppActor pid=76863)[0m [Client 967] Data split:[32m [repeated 175x across cluster][0m
[36m(ClientAppActor pid=76863)[0m    Train:      173 samples (client-local)[32m [repeated 175x across cluster][0m
[36m(ClientAppActor pid=76863)[0m    Validation: 24 samples (client-local)[32m [repeated 175x across cluster][0m
[36m(ClientAppActor pid=76864)[0m [Client 533] Data split:[32m [repeated 203x across cluster][0m
[36m(ClientAppActor pid=76864)[0m    Train:      173 samples (client-local)[32m [repeated 203x across cluster][0m
[36m(ClientAppActor pid=76864)[0m    Validation: 24 samples (client-local)[32m [repeated 203x across cluster][0m
[36m(ClientAppActor pid=76863)[0m [Client 711] Data split:[32m [repeated 207x across cluster][0m
[36m(ClientAppActor pid=76863)[0m    Train:      173 samples (client-local)[32m [repeated 207x across cluster][0m
[36m(ClientAppActor pid=76863)[0m    Validation: 24 samples (client-local)[32m [repeated 207x across cluster][0m
[36m(ClientAppActor pid=76863)[0m [Client 233] Data split:[32m [repeated 186x across cluster][0m
[36m(ClientAppActor pid=76863)[0m    Train:      174 samples (client-local)[32m [repeated 186x across cluster][0m
[36m(ClientAppActor pid=76863)[0m    Validation: 24 samples (client-local)[32m [repeated 186x across cluster][0m
[36m(ClientAppActor pid=76863)[0m [Client 718] Data split:[32m [repeated 215x across cluster][0m
[36m(ClientAppActor pid=76863)[0m    Train:      173 samples (client-local)[32m [repeated 215x across cluster][0m
[36m(ClientAppActor pid=76863)[0m    Validation: 24 samples (client-local)[32m [repeated 215x across cluster][0m
⏭️  Round 13: Evaluation skipped (all n_val=0)
[36m(ClientAppActor pid=76867)[0m [Client 36] ✅ ci loaded from persistent state
[36m(ClientAppActor pid=76863)[0m [Client 447] Data split:[32m [repeated 201x across cluster][0m
[36m(ClientAppActor pid=76863)[0m    Train:      173 samples (client-local)[32m [repeated 201x across cluster][0m
[36m(ClientAppActor pid=76863)[0m    Validation: 24 samples (client-local)[32m [repeated 201x across cluster][0m
[36m(ClientAppActor pid=76863)[0m [Client 837] ✅ ci loaded from persistent state[32m [repeated 198x across cluster][0m
[36m(ClientAppActor pid=76862)[0m [Client 16] Data split:[32m [repeated 207x across cluster][0m
[36m(ClientAppActor pid=76862)[0m    Train:      174 samples (client-local)[32m [repeated 207x across cluster][0m
[36m(ClientAppActor pid=76862)[0m    Validation: 24 samples (client-local)[32m [repeated 207x across cluster][0m
[36m(ClientAppActor pid=76862)[0m [Client 912] ✅ ci loaded from persistent state[32m [repeated 202x across cluster][0m
[36m(ClientAppActor pid=76865)[0m [Client 64] Data split:[32m [repeated 205x across cluster][0m
[36m(ClientAppActor pid=76865)[0m    Train:      174 samples (client-local)[32m [repeated 205x across cluster][0m
[36m(ClientAppActor pid=76865)[0m    Validation: 24 samples (client-local)[32m [repeated 205x across cluster][0m
[36m(ClientAppActor pid=76865)[0m [Client 861] ✅ ci loaded from persistent state[32m [repeated 207x across cluster][0m
[36m(ClientAppActor pid=76863)[0m [Client 62] Data split:[32m [repeated 199x across cluster][0m
[36m(ClientAppActor pid=76863)[0m    Train:      174 samples (client-local)[32m [repeated 199x across cluster][0m
[36m(ClientAppActor pid=76863)[0m    Validation: 24 samples (client-local)[32m [repeated 199x across cluster][0m
   💾 Checkpoint saved: result/splits_iid_scaling/splits_iid_1024_clients.json/SCAFFOLD/all_rounds_run_1/model_round_14_run_1.pt
   💾 Checkpoint saved: result/splits_iid_scaling/splits_iid_1024_clients.json/SCAFFOLD/all_rounds_run_1/model_round_14_run_1.pt
🔧 Round 14: Updated c_global from 768 client Δc_i reports (N=1024)
[36m(ClientAppActor pid=76861)[0m [Client 575] ✅ ci loaded from persistent state[32m [repeated 160x across cluster][0m
[36m(ClientAppActor pid=76863)[0m [Client 755] Data split:[32m [repeated 169x across cluster][0m
[36m(ClientAppActor pid=76863)[0m    Train:      173 samples (client-local)[32m [repeated 169x across cluster][0m
[36m(ClientAppActor pid=76863)[0m    Validation: 24 samples (client-local)[32m [repeated 169x across cluster][0m
[36m(ClientAppActor pid=76864)[0m [Client 869] Data split:[32m [repeated 213x across cluster][0m
[36m(ClientAppActor pid=76864)[0m    Train:      173 samples (client-local)[32m [repeated 213x across cluster][0m
[36m(ClientAppActor pid=76864)[0m    Validation: 24 samples (client-local)[32m [repeated 213x across cluster][0m[33m(raylet)[0m [2026-07-26 04:04:29,295 E 76850 9195222] (raylet) file_system_monitor.cc:116: /tmp/ray/session_2026-07-26_03-54-15_074098_76832 is over 95% full, available space: 10.1324 GB; capacity: 452.981 GB. Object creation will fail if spilling is required.
[33m(raylet)[0m [2026-07-26 04:04:39,333 E 76850 9195222] (raylet) file_system_monitor.cc:116: /tmp/ray/session_2026-07-26_03-54-15_074098_76832 is over 95% full, available space: 10.1323 GB; capacity: 452.981 GB. Object creation will fail if spilling is required.
[92mINFO [0m:      aggregate_evaluate: received 1024 results and 0 failures
[92mINFO [0m:      
[92mINFO [0m:      [ROUND 15]
[92mINFO [0m:      configure_fit: strategy sampled 768 clients (out of 1024)
[33m(raylet)[0m [2026-07-26 04:04:49,413 E 76850 9195222] (raylet) file_system_monitor.cc:116: /tmp/ray/session_2026-07-26_03-54-15_074098_76832 is over 95% full, available space: 10.1145 GB; capacity: 452.981 GB. Object creation will fail if spilling is required.
[33m(raylet)[0m [2026-07-26 04:04:59,446 E 76850 9195222] (raylet) file_system_monitor.cc:116: /tmp/ray/session_2026-07-26_03-54-15_074098_76832 is over 95% full, available space: 10.1145 GB; capacity: 452.981 GB. Object creation will fail if spilling is required.
[92mINFO [0m:      aggregate_fit: received 768 results and 0 failures
[92mINFO [0m:      configure_evaluate: strategy sampled 1024 clients (out of 1024)
[33m(raylet)[0m [2026-07-26 04:05:09,509 E 76850 9195222] (raylet) file_system_monitor.cc:116: /tmp/ray/session_2026-07-26_03-54-15_074098_76832 is over 95% full, available space: 10.1143 GB; capacity: 452.981 GB. Object creation will fail if spilling is required.
[33m(raylet)[0m [2026-07-26 04:05:19,561 E 76850 9195222] (raylet) file_system_monitor.cc:116: /tmp/ray/session_2026-07-26_03-54-15_074098_76832 is over 95% full, available space: 10.1143 GB; capacity: 452.981 GB. Object creation will fail if spilling is required.
[33m(raylet)[0m [2026-07-26 04:05:29,628 E 76850 9195222] (raylet) file_system_monitor.cc:116: /tmp/ray/session_2026-07-26_03-54-15_074098_76832 is over 95% full, available space: 10.1147 GB; capacity: 452.981 GB. Object creation will fail if spilling is required.
[92mINFO [0m:      aggregate_evaluate: received 1024 results and 0 failures
[92mINFO [0m:      
[92mINFO [0m:      [ROUND 16]
[92mINFO [0m:      configure_fit: strategy sampled 768 clients (out of 1024)
[33m(raylet)[0m [2026-07-26 04:05:39,674 E 76850 9195222] (raylet) file_system_monitor.cc:116: /tmp/ray/session_2026-07-26_03-54-15_074098_76832 is over 95% full, available space: 10.1104 GB; capacity: 452.981 GB. Object creation will fail if spilling is required.
[33m(raylet)[0m [2026-07-26 04:05:49,699 E 76850 9195222] (raylet) file_system_monitor.cc:116: /tmp/ray/session_2026-07-26_03-54-15_074098_76832 is over 95% full, available space: 10.1103 GB; capacity: 452.981 GB. Object creation will fail if spilling is required.
[92mINFO [0m:      aggregate_fit: received 768 results and 0 failures
[92mINFO [0m:      configure_evaluate: strategy sampled 1024 clients (out of 1024)
[33m(raylet)[0m [2026-07-26 04:05:59,788 E 76850 9195222] (raylet) file_system_monitor.cc:116: /tmp/ray/session_2026-07-26_03-54-15_074098_76832 is over 95% full, available space: 10.1091 GB; capacity: 452.981 GB. Object creation will fail if spilling is required.

[36m(ClientAppActor pid=76864)[0m [Client 266] Data split:[32m [repeated 210x across cluster][0m
[36m(ClientAppActor pid=76864)[0m    Train:      174 samples (client-local)[32m [repeated 210x across cluster][0m
[36m(ClientAppActor pid=76864)[0m    Validation: 24 samples (client-local)[32m [repeated 210x across cluster][0m
[36m(ClientAppActor pid=76864)[0m [Client 950] Data split:[32m [repeated 214x across cluster][0m
[36m(ClientAppActor pid=76864)[0m    Train:      173 samples (client-local)[32m [repeated 214x across cluster][0m
[36m(ClientAppActor pid=76864)[0m    Validation: 24 samples (client-local)[32m [repeated 214x across cluster][0m
[36m(ClientAppActor pid=76863)[0m [Client 158] Data split:[32m [repeated 220x across cluster][0m
[36m(ClientAppActor pid=76863)[0m    Train:      174 samples (client-local)[32m [repeated 220x across cluster][0m
[36m(ClientAppActor pid=76863)[0m    Validation: 24 samples (client-local)[32m [repeated 220x across cluster][0m
⏭️  Round 14: Evaluation skipped (all n_val=0)
[36m(ClientAppActor pid=76867)[0m [Client 584] ✅ ci loaded from persistent state
[36m(ClientAppActor pid=76863)[0m [Client 494] Data split:[32m [repeated 204x across cluster][0m
[36m(ClientAppActor pid=76863)[0m    Train:      173 samples (client-local)[32m [repeated 204x across cluster][0m
[36m(ClientAppActor pid=76863)[0m    Validation: 24 samples (client-local)[32m [repeated 204x across cluster][0m
[36m(ClientAppActor pid=76863)[0m [Client 286] ✅ ci loaded from persistent state[32m [repeated 207x across cluster][0m
[36m(ClientAppActor pid=76861)[0m [Client 490] Data split:[32m [repeated 202x across cluster][0m
[36m(ClientAppActor pid=76861)[0m    Train:      173 samples (client-local)[32m [repeated 202x across cluster][0m
[36m(ClientAppActor pid=76861)[0m    Validation: 24 samples (client-local)[32m [repeated 202x across cluster][0m
[36m(ClientAppActor pid=76863)[0m [Client 782] ✅ ci loaded from persistent state[32m [repeated 203x across cluster][0m
[36m(ClientAppActor pid=76867)[0m [Client 929] Data split:[32m [repeated 204x across cluster][0m
[36m(ClientAppActor pid=76867)[0m    Train:      173 samples (client-local)[32m [repeated 204x across cluster][0m
[36m(ClientAppActor pid=76867)[0m    Validation: 24 samples (client-local)[32m [repeated 204x across cluster][0m
[36m(ClientAppActor pid=76864)[0m [Client 46] ✅ ci loaded from persistent state[32m [repeated 206x across cluster][0m
[36m(ClientAppActor pid=76861)[0m [Client 612] Data split:[32m [repeated 206x across cluster][0m
[36m(ClientAppActor pid=76861)[0m    Train:      173 samples (client-local)[32m [repeated 206x across cluster][0m
[36m(ClientAppActor pid=76861)[0m    Validation: 24 samples (client-local)[32m [repeated 206x across cluster][0m
   💾 Checkpoint saved: result/splits_iid_scaling/splits_iid_1024_clients.json/SCAFFOLD/all_rounds_run_1/model_round_15_run_1.pt
   💾 Checkpoint saved: result/splits_iid_scaling/splits_iid_1024_clients.json/SCAFFOLD/all_rounds_run_1/model_round_15_run_1.pt
🔧 Round 15: Updated c_global from 768 client Δc_i reports (N=1024)
[36m(ClientAppActor pid=76868)[0m [Client 91] ✅ ci loaded from persistent state[32m [repeated 151x across cluster][0m
[36m(ClientAppActor pid=76863)[0m [Client 281] Data split:[32m [repeated 170x across cluster][0m
[36m(ClientAppActor pid=76863)[0m    Train:      174 samples (client-local)[32m [repeated 170x across cluster][0m
[36m(ClientAppActor pid=76863)[0m    Validation: 24 samples (client-local)[32m [repeated 170x across cluster][0m
[36m(ClientAppActor pid=76863)[0m [Client 778] Data split:[32m [repeated 210x across cluster][0m
[36m(ClientAppActor pid=76863)[0m    Train:      173 samples (client-local)[32m [repeated 210x across cluster][0m
[36m(ClientAppActor pid=76863)[0m    Validation: 24 samples (client-local)[32m [repeated 210x across cluster][0m
[36m(ClientAppActor pid=76864)[0m [Client 513] Data split:[32m [repeated 217x across cluster][0m
[36m(ClientAppActor pid=76864)[0m    Train:      173 samples (client-local)[32m [repeated 217x across cluster][0m
[36m(ClientAppActor pid=76864)[0m    Validation: 24 samples (client-local)[32m [repeated 217x across cluster][0m
[36m(ClientAppActor pid=76863)[0m [Client 352] Data split:[32m [repeated 209x across cluster][0m
[36m(ClientAppActor pid=76863)[0m    Train:      174 samples (client-local)[32m [repeated 209x across cluster][0m
[36m(ClientAppActor pid=76863)[0m    Validation: 24 samples (client-local)[32m [repeated 209x across cluster][0m
[36m(ClientAppActor pid=76864)[0m [Client 475] Data split:[32m [repeated 215x across cluster][0m
[36m(ClientAppActor pid=76864)[0m    Train:      173 samples (client-local)[32m [repeated 215x across cluster][0m
[36m(ClientAppActor pid=76864)[0m    Validation: 24 samples (client-local)[32m [repeated 215x across cluster][0m
⏭️  Round 15: Evaluation skipped (all n_val=0)
[36m(ClientAppActor pid=76865)[0m [Client 60] ✅ ci loaded from persistent state
[36m(ClientAppActor pid=76864)[0m [Client 420] Data split:[32m [repeated 198x across cluster][0m
[36m(ClientAppActor pid=76864)[0m    Train:      174 samples (client-local)[32m [repeated 198x across cluster][0m
[36m(ClientAppActor pid=76864)[0m    Validation: 24 samples (client-local)[32m [repeated 198x across cluster][0m
[36m(ClientAppActor pid=76863)[0m [Client 996] ✅ ci loaded from persistent state[32m [repeated 207x across cluster][0m
[36m(ClientAppActor pid=76863)[0m [Client 384] Data split:[32m [repeated 197x across cluster][0m
[36m(ClientAppActor pid=76863)[0m    Train:      174 samples (client-local)[32m [repeated 197x across cluster][0m
[36m(ClientAppActor pid=76863)[0m    Validation: 24 samples (client-local)[32m [repeated 197x across cluster][0m
[36m(ClientAppActor pid=76864)[0m [Client 697] ✅ ci loaded from persistent state[32m [repeated 197x across cluster][0m
[36m(ClientAppActor pid=76863)[0m [Client 677] Data split:[32m [repeated 208x across cluster][0m
[36m(ClientAppActor pid=76863)[0m    Train:      173 samples (client-local)[32m [repeated 208x across cluster][0m
[36m(ClientAppActor pid=76863)[0m    Validation: 24 samples (client-local)[32m [repeated 208x across cluster][0m
[36m(ClientAppActor pid=76863)[0m [Client 975] ✅ ci loaded from persistent state[32m [repeated 201x across cluster][0m
[36m(ClientAppActor pid=76863)[0m [Client 527] Data split:[32m [repeated 201x across cluster][0m
[36m(ClientAppActor pid=76863)[0m    Train:      173 samples (client-local)[32m [repeated 201x across cluster][0m
[36m(ClientAppActor pid=76863)[0m    Validation: 24 samples (client-local)[32m [repeated 201x across cluster][0m
   💾 Checkpoint saved: result/splits_iid_scaling/splits_iid_1024_clients.json/SCAFFOLD/all_rounds_run_1/model_round_16_run_1.pt
   💾 Checkpoint saved: result/splits_iid_scaling/splits_iid_1024_clients.json/SCAFFOLD/all_rounds_run_1/model_round_16_run_1.pt
🔧 Round 16: Updated c_global from 768 client Δc_i reports (N=1024)
[36m(ClientAppActor pid=76862)[0m [Client 593] ✅ ci loaded from persistent state[32m [repeated 162x across cluster][0m
[36m(ClientAppActor pid=76863)[0m [Client 876] Data split:[32m [repeated 178x across cluster][0m
[36m(ClientAppActor pid=76863)[0m    Train:      173 samples (client-local)[32m [repeated 178x across cluster][0m
[36m(ClientAppActor pid=76863)[0m    Validation: 24 samples (client-local)[32m [repeated 178x across cluster][0m
[36m(ClientAppActor pid=76863)[0m 
[36m(ClientAppActor pid=76863)[0m [Client 974] Data split:[32m [repeated 209x across cluster][0m
[36m(ClientAppActor pid=76863)[0m    Train:      173 samples (client-local)[32m [repeated 209x across cluster][0m
[36m(ClientAppActor pid=76863)[0m    Validation: 24 samples (client-local)[32m [repeated 209x across cluster][0m
[36m(ClientAppActor pid=76863)[0m [Client 859] Data split:[32m [repeated 217x across cluster][0m
[36m(ClientAppActor pid=76863)[0m    Train:      173 samples (client-local)[32m [repeated 217x across cluster][0m[33m(raylet)[0m [2026-07-26 04:06:09,836 E 76850 9195222] (raylet) file_system_monitor.cc:116: /tmp/ray/session_2026-07-26_03-54-15_074098_76832 is over 95% full, available space: 10.1063 GB; capacity: 452.981 GB. Object creation will fail if spilling is required.
[92mINFO [0m:      aggregate_evaluate: received 1024 results and 0 failures
[92mINFO [0m:      
[92mINFO [0m:      [ROUND 17]
[92mINFO [0m:      configure_fit: strategy sampled 768 clients (out of 1024)
[33m(raylet)[0m [2026-07-26 04:06:19,913 E 76850 9195222] (raylet) file_system_monitor.cc:116: /tmp/ray/session_2026-07-26_03-54-15_074098_76832 is over 95% full, available space: 10.1028 GB; capacity: 452.981 GB. Object creation will fail if spilling is required.
[33m(raylet)[0m [2026-07-26 04:06:30,022 E 76850 9195222] (raylet) file_system_monitor.cc:116: /tmp/ray/session_2026-07-26_03-54-15_074098_76832 is over 95% full, available space: 10.0831 GB; capacity: 452.981 GB. Object creation will fail if spilling is required.
[92mINFO [0m:      aggregate_fit: received 768 results and 0 failures
[92mINFO [0m:      configure_evaluate: strategy sampled 1024 clients (out of 1024)
[33m(raylet)[0m [2026-07-26 04:06:40,034 E 76850 9195222] (raylet) file_system_monitor.cc:116: /tmp/ray/session_2026-07-26_03-54-15_074098_76832 is over 95% full, available space: 10.0957 GB; capacity: 452.981 GB. Object creation will fail if spilling is required.
[33m(raylet)[0m [2026-07-26 04:06:50,129 E 76850 9195222] (raylet) file_system_monitor.cc:116: /tmp/ray/session_2026-07-26_03-54-15_074098_76832 is over 95% full, available space: 10.0927 GB; capacity: 452.981 GB. Object creation will fail if spilling is required.
[33m(raylet)[0m [2026-07-26 04:07:00,160 E 76850 9195222] (raylet) file_system_monitor.cc:116: /tmp/ray/session_2026-07-26_03-54-15_074098_76832 is over 95% full, available space: 10.0897 GB; capacity: 452.981 GB. Object creation will fail if spilling is required.
[92mINFO [0m:      aggregate_evaluate: received 1024 results and 0 failures
[92mINFO [0m:      
[92mINFO [0m:      [ROUND 18]
[92mINFO [0m:      configure_fit: strategy sampled 768 clients (out of 1024)
[33m(raylet)[0m [2026-07-26 04:07:10,238 E 76850 9195222] (raylet) file_system_monitor.cc:116: /tmp/ray/session_2026-07-26_03-54-15_074098_76832 is over 95% full, available space: 10.0921 GB; capacity: 452.981 GB. Object creation will fail if spilling is required.
[92mINFO [0m:      aggregate_fit: received 768 results and 0 failures
[33m(raylet)[0m [2026-07-26 04:07:20,259 E 76850 9195222] (raylet) file_system_monitor.cc:116: /tmp/ray/session_2026-07-26_03-54-15_074098_76832 is over 95% full, available space: 10.0891 GB; capacity: 452.981 GB. Object creation will fail if spilling is required.
[92mINFO [0m:      configure_evaluate: strategy sampled 1024 clients (out of 1024)
[33m(raylet)[0m [2026-07-26 04:07:30,307 E 76850 9195222] (raylet) file_system_monitor.cc:116: /tmp/ray/session_2026-07-26_03-54-15_074098_76832 is over 95% full, available space: 10.0868 GB; capacity: 452.981 GB. Object creation will fail if spilling is required.
[33m(raylet)[0m [2026-07-26 04:07:40,347 E 76850 9195222] (raylet) file_system_monitor.cc:116: /tmp/ray/session_2026-07-26_03-54-15_074098_76832 is over 95% full, available space: 10.0999 GB; capacity: 452.981 GB. Object creation will fail if spilling is required.

[36m(ClientAppActor pid=76863)[0m    Validation: 24 samples (client-local)[32m [repeated 217x across cluster][0m
[36m(ClientAppActor pid=76864)[0m [Client 199] Data split:[32m [repeated 217x across cluster][0m
[36m(ClientAppActor pid=76864)[0m    Train:      174 samples (client-local)[32m [repeated 217x across cluster][0m
[36m(ClientAppActor pid=76864)[0m    Validation: 24 samples (client-local)[32m [repeated 217x across cluster][0m
[36m(ClientAppActor pid=76864)[0m [Client 317] Data split:[32m [repeated 211x across cluster][0m
[36m(ClientAppActor pid=76864)[0m    Train:      174 samples (client-local)[32m [repeated 211x across cluster][0m
[36m(ClientAppActor pid=76864)[0m    Validation: 24 samples (client-local)[32m [repeated 211x across cluster][0m
⏭️  Round 16: Evaluation skipped (all n_val=0)
[36m(ClientAppActor pid=76863)[0m [Client 329] ✅ ci loaded from persistent state
[36m(ClientAppActor pid=76863)[0m [Client 644] Data split:[32m [repeated 201x across cluster][0m
[36m(ClientAppActor pid=76863)[0m    Train:      173 samples (client-local)[32m [repeated 201x across cluster][0m
[36m(ClientAppActor pid=76863)[0m    Validation: 24 samples (client-local)[32m [repeated 201x across cluster][0m
[36m(ClientAppActor pid=76863)[0m [Client 132] ✅ ci loaded from persistent state[32m [repeated 195x across cluster][0m
[36m(ClientAppActor pid=76861)[0m [Client 466] Data split:[32m [repeated 208x across cluster][0m
[36m(ClientAppActor pid=76861)[0m    Train:      173 samples (client-local)[32m [repeated 208x across cluster][0m
[36m(ClientAppActor pid=76861)[0m    Validation: 24 samples (client-local)[32m [repeated 208x across cluster][0m
[36m(ClientAppActor pid=76864)[0m [Client 390] ✅ ci loaded from persistent state[32m [repeated 212x across cluster][0m
[36m(ClientAppActor pid=76862)[0m [Client 950] Data split:[32m [repeated 197x across cluster][0m
[36m(ClientAppActor pid=76862)[0m    Train:      173 samples (client-local)[32m [repeated 197x across cluster][0m
[36m(ClientAppActor pid=76862)[0m    Validation: 24 samples (client-local)[32m [repeated 197x across cluster][0m
[36m(ClientAppActor pid=76863)[0m [Client 823] ✅ ci loaded from persistent state[32m [repeated 201x across cluster][0m
[36m(ClientAppActor pid=76864)[0m [Client 187] Data split:[32m [repeated 200x across cluster][0m
[36m(ClientAppActor pid=76864)[0m    Train:      174 samples (client-local)[32m [repeated 200x across cluster][0m
[36m(ClientAppActor pid=76864)[0m    Validation: 24 samples (client-local)[32m [repeated 200x across cluster][0m
   💾 Checkpoint saved: result/splits_iid_scaling/splits_iid_1024_clients.json/SCAFFOLD/all_rounds_run_1/model_round_17_run_1.pt
   💾 Checkpoint saved: result/splits_iid_scaling/splits_iid_1024_clients.json/SCAFFOLD/all_rounds_run_1/model_round_17_run_1.pt
🔧 Round 17: Updated c_global from 768 client Δc_i reports (N=1024)
[36m(ClientAppActor pid=76864)[0m [Client 187] ✅ ci loaded from persistent state[32m [repeated 159x across cluster][0m
[36m(ClientAppActor pid=76867)[0m [Client 653] Data split:[32m [repeated 175x across cluster][0m
[36m(ClientAppActor pid=76867)[0m    Train:      173 samples (client-local)[32m [repeated 175x across cluster][0m
[36m(ClientAppActor pid=76867)[0m    Validation: 24 samples (client-local)[32m [repeated 175x across cluster][0m
[36m(ClientAppActor pid=76864)[0m [Client 701] Data split:[32m [repeated 200x across cluster][0m
[36m(ClientAppActor pid=76864)[0m    Train:      173 samples (client-local)[32m [repeated 200x across cluster][0m
[36m(ClientAppActor pid=76864)[0m    Validation: 24 samples (client-local)[32m [repeated 200x across cluster][0m
[36m(ClientAppActor pid=76864)[0m [Client 476] Data split:[32m [repeated 216x across cluster][0m
[36m(ClientAppActor pid=76864)[0m    Train:      173 samples (client-local)[32m [repeated 216x across cluster][0m
[36m(ClientAppActor pid=76864)[0m    Validation: 24 samples (client-local)[32m [repeated 216x across cluster][0m
[36m(ClientAppActor pid=76863)[0m [Client 99] Data split:[32m [repeated 215x across cluster][0m
[36m(ClientAppActor pid=76863)[0m    Train:      174 samples (client-local)[32m [repeated 215x across cluster][0m
[36m(ClientAppActor pid=76863)[0m    Validation: 24 samples (client-local)[32m [repeated 215x across cluster][0m
[36m(ClientAppActor pid=76863)[0m [Client 379] Data split:[32m [repeated 213x across cluster][0m
[36m(ClientAppActor pid=76863)[0m    Train:      174 samples (client-local)[32m [repeated 213x across cluster][0m
[36m(ClientAppActor pid=76863)[0m    Validation: 24 samples (client-local)[32m [repeated 213x across cluster][0m
⏭️  Round 17: Evaluation skipped (all n_val=0)
[36m(ClientAppActor pid=76861)[0m [Client 47] ✅ ci loaded from persistent state
[36m(ClientAppActor pid=76862)[0m [Client 400] Data split:[32m [repeated 206x across cluster][0m
[36m(ClientAppActor pid=76862)[0m    Train:      174 samples (client-local)[32m [repeated 206x across cluster][0m
[36m(ClientAppActor pid=76862)[0m    Validation: 24 samples (client-local)[32m [repeated 206x across cluster][0m
[36m(ClientAppActor pid=76863)[0m [Client 167] ✅ ci loaded from persistent state[32m [repeated 205x across cluster][0m
[36m(ClientAppActor pid=76864)[0m [Client 882] Data split:[32m [repeated 193x across cluster][0m
[36m(ClientAppActor pid=76864)[0m    Train:      173 samples (client-local)[32m [repeated 193x across cluster][0m
[36m(ClientAppActor pid=76864)[0m    Validation: 24 samples (client-local)[32m [repeated 193x across cluster][0m
[36m(ClientAppActor pid=76867)[0m [Client 722] ✅ ci loaded from persistent state[32m [repeated 190x across cluster][0m
[36m(ClientAppActor pid=76861)[0m [Client 195] Data split:[32m [repeated 198x across cluster][0m
[36m(ClientAppActor pid=76861)[0m    Train:      174 samples (client-local)[32m [repeated 198x across cluster][0m
[36m(ClientAppActor pid=76861)[0m    Validation: 24 samples (client-local)[32m [repeated 198x across cluster][0m
[36m(ClientAppActor pid=76864)[0m [Client 405] ✅ ci loaded from persistent state[32m [repeated 201x across cluster][0m
   💾 Checkpoint saved: result/splits_iid_scaling/splits_iid_1024_clients.json/SCAFFOLD/all_rounds_run_1/model_round_18_run_1.pt
   💾 Checkpoint saved: result/splits_iid_scaling/splits_iid_1024_clients.json/SCAFFOLD/all_rounds_run_1/model_round_18_run_1.pt
🔧 Round 18: Updated c_global from 768 client Δc_i reports (N=1024)
[36m(ClientAppActor pid=76863)[0m [Client 122] Data split:[32m [repeated 180x across cluster][0m
[36m(ClientAppActor pid=76863)[0m    Train:      174 samples (client-local)[32m [repeated 180x across cluster][0m
[36m(ClientAppActor pid=76863)[0m    Validation: 24 samples (client-local)[32m [repeated 180x across cluster][0m
[36m(ClientAppActor pid=76861)[0m [Client 833] ✅ ci loaded from persistent state[32m [repeated 171x across cluster][0m
[36m(ClientAppActor pid=76863)[0m [Client 605] Data split:[32m [repeated 198x across cluster][0m
[36m(ClientAppActor pid=76863)[0m    Train:      173 samples (client-local)[32m [repeated 198x across cluster][0m
[36m(ClientAppActor pid=76863)[0m    Validation: 24 samples (client-local)[32m [repeated 198x across cluster][0m
[36m(ClientAppActor pid=76863)[0m [Client 125] Data split:[32m [repeated 218x across cluster][0m
[36m(ClientAppActor pid=76863)[0m    Train:      174 samples (client-local)[32m [repeated 218x across cluster][0m
[36m(ClientAppActor pid=76863)[0m    Validation: 24 samples (client-local)[32m [repeated 218x across cluster][0m
[36m(ClientAppActor pid=76863)[0m [Client 297] Data split:[32m [repeated 211x across cluster][0m
[36m(ClientAppActor pid=76863)[0m    Train:      174 samples (client-local)[32m [repeated 211x across cluster][0m
[36m(ClientAppActor pid=76863)[0m    Validation: 24 samples (client-local)[32m [repeated 211x across cluster][0m
[36m(ClientAppActor pid=76864)[0m [Client 95] Data split:[32m [repeated 209x across cluster][0m[92mINFO [0m:      aggregate_evaluate: received 1024 results and 0 failures
[92mINFO [0m:      
[92mINFO [0m:      [ROUND 19]
[92mINFO [0m:      configure_fit: strategy sampled 768 clients (out of 1024)
[33m(raylet)[0m [2026-07-26 04:07:50,355 E 76850 9195222] (raylet) file_system_monitor.cc:116: /tmp/ray/session_2026-07-26_03-54-15_074098_76832 is over 95% full, available space: 10.0971 GB; capacity: 452.981 GB. Object creation will fail if spilling is required.
[33m(raylet)[0m [2026-07-26 04:08:00,416 E 76850 9195222] (raylet) file_system_monitor.cc:116: /tmp/ray/session_2026-07-26_03-54-15_074098_76832 is over 95% full, available space: 10.0785 GB; capacity: 452.981 GB. Object creation will fail if spilling is required.
[92mINFO [0m:      aggregate_fit: received 768 results and 0 failures
[92mINFO [0m:      configure_evaluate: strategy sampled 1024 clients (out of 1024)
[33m(raylet)[0m [2026-07-26 04:08:10,466 E 76850 9195222] (raylet) file_system_monitor.cc:116: /tmp/ray/session_2026-07-26_03-54-15_074098_76832 is over 95% full, available space: 10.0754 GB; capacity: 452.981 GB. Object creation will fail if spilling is required.
[33m(raylet)[0m [2026-07-26 04:08:20,548 E 76850 9195222] (raylet) file_system_monitor.cc:116: /tmp/ray/session_2026-07-26_03-54-15_074098_76832 is over 95% full, available space: 10.0741 GB; capacity: 452.981 GB. Object creation will fail if spilling is required.
[33m(raylet)[0m [2026-07-26 04:08:30,600 E 76850 9195222] (raylet) file_system_monitor.cc:116: /tmp/ray/session_2026-07-26_03-54-15_074098_76832 is over 95% full, available space: 10.0759 GB; capacity: 452.981 GB. Object creation will fail if spilling is required.
[92mINFO [0m:      aggregate_evaluate: received 1024 results and 0 failures
[92mINFO [0m:      
[92mINFO [0m:      [ROUND 20]
[92mINFO [0m:      configure_fit: strategy sampled 768 clients (out of 1024)
[33m(raylet)[0m [2026-07-26 04:08:40,612 E 76850 9195222] (raylet) file_system_monitor.cc:116: /tmp/ray/session_2026-07-26_03-54-15_074098_76832 is over 95% full, available space: 10.075 GB; capacity: 452.981 GB. Object creation will fail if spilling is required.
[92mINFO [0m:      aggregate_fit: received 768 results and 0 failures
[92mINFO [0m:      configure_evaluate: strategy sampled 1024 clients (out of 1024)
[33m(raylet)[0m [2026-07-26 04:08:50,701 E 76850 9195222] (raylet) file_system_monitor.cc:116: /tmp/ray/session_2026-07-26_03-54-15_074098_76832 is over 95% full, available space: 10.0718 GB; capacity: 452.981 GB. Object creation will fail if spilling is required.
[33m(raylet)[0m [2026-07-26 04:09:00,722 E 76850 9195222] (raylet) file_system_monitor.cc:116: /tmp/ray/session_2026-07-26_03-54-15_074098_76832 is over 95% full, available space: 10.0847 GB; capacity: 452.981 GB. Object creation will fail if spilling is required.
[33m(raylet)[0m [2026-07-26 04:09:10,808 E 76850 9195222] (raylet) file_system_monitor.cc:116: /tmp/ray/session_2026-07-26_03-54-15_074098_76832 is over 95% full, available space: 10.0834 GB; capacity: 452.981 GB. Object creation will fail if spilling is required.

[36m(ClientAppActor pid=76864)[0m    Train:      174 samples (client-local)[32m [repeated 209x across cluster][0m
[36m(ClientAppActor pid=76864)[0m    Validation: 24 samples (client-local)[32m [repeated 209x across cluster][0m
⏭️  Round 18: Evaluation skipped (all n_val=0)
[36m(ClientAppActor pid=76863)[0m [Client 243] ✅ ci loaded from persistent state
[36m(ClientAppActor pid=76863)[0m [Client 516] Data split:[32m [repeated 209x across cluster][0m
[36m(ClientAppActor pid=76863)[0m    Train:      173 samples (client-local)[32m [repeated 209x across cluster][0m
[36m(ClientAppActor pid=76863)[0m    Validation: 24 samples (client-local)[32m [repeated 209x across cluster][0m
[36m(ClientAppActor pid=76863)[0m [Client 121] ✅ ci loaded from persistent state[32m [repeated 203x across cluster][0m
[36m(ClientAppActor pid=76862)[0m [Client 335] Data split:[32m [repeated 201x across cluster][0m
[36m(ClientAppActor pid=76862)[0m    Train:      174 samples (client-local)[32m [repeated 201x across cluster][0m
[36m(ClientAppActor pid=76862)[0m    Validation: 24 samples (client-local)[32m [repeated 201x across cluster][0m
[36m(ClientAppActor pid=76868)[0m [Client 768] ✅ ci loaded from persistent state[32m [repeated 205x across cluster][0m
[36m(ClientAppActor pid=76863)[0m [Client 811] Data split:[32m [repeated 200x across cluster][0m
[36m(ClientAppActor pid=76863)[0m    Train:      173 samples (client-local)[32m [repeated 200x across cluster][0m
[36m(ClientAppActor pid=76863)[0m    Validation: 24 samples (client-local)[32m [repeated 200x across cluster][0m
[36m(ClientAppActor pid=76864)[0m [Client 939] ✅ ci loaded from persistent state[32m [repeated 200x across cluster][0m
[36m(ClientAppActor pid=76868)[0m [Client 625] Data split:[32m [repeated 203x across cluster][0m
[36m(ClientAppActor pid=76868)[0m    Train:      173 samples (client-local)[32m [repeated 203x across cluster][0m
[36m(ClientAppActor pid=76868)[0m    Validation: 24 samples (client-local)[32m [repeated 203x across cluster][0m
   💾 Checkpoint saved: result/splits_iid_scaling/splits_iid_1024_clients.json/SCAFFOLD/all_rounds_run_1/model_round_19_run_1.pt
   💾 Checkpoint saved: result/splits_iid_scaling/splits_iid_1024_clients.json/SCAFFOLD/all_rounds_run_1/model_round_19_run_1.pt
🔧 Round 19: Updated c_global from 768 client Δc_i reports (N=1024)
[36m(ClientAppActor pid=76862)[0m [Client 642] ✅ ci loaded from persistent state[32m [repeated 159x across cluster][0m
[36m(ClientAppActor pid=76867)[0m [Client 789] Data split:[32m [repeated 167x across cluster][0m
[36m(ClientAppActor pid=76867)[0m    Train:      173 samples (client-local)[32m [repeated 167x across cluster][0m
[36m(ClientAppActor pid=76867)[0m    Validation: 24 samples (client-local)[32m [repeated 167x across cluster][0m
[36m(ClientAppActor pid=76863)[0m [Client 424] Data split:[32m [repeated 205x across cluster][0m
[36m(ClientAppActor pid=76863)[0m    Train:      173 samples (client-local)[32m [repeated 205x across cluster][0m
[36m(ClientAppActor pid=76863)[0m    Validation: 24 samples (client-local)[32m [repeated 205x across cluster][0m
[36m(ClientAppActor pid=76863)[0m [Client 460] Data split:[32m [repeated 219x across cluster][0m
[36m(ClientAppActor pid=76863)[0m    Train:      173 samples (client-local)[32m [repeated 219x across cluster][0m
[36m(ClientAppActor pid=76863)[0m    Validation: 24 samples (client-local)[32m [repeated 219x across cluster][0m
[36m(ClientAppActor pid=76863)[0m [Client 184] Data split:[32m [repeated 206x across cluster][0m
[36m(ClientAppActor pid=76863)[0m    Train:      174 samples (client-local)[32m [repeated 206x across cluster][0m
[36m(ClientAppActor pid=76863)[0m    Validation: 24 samples (client-local)[32m [repeated 206x across cluster][0m
[36m(ClientAppActor pid=76867)[0m 
[36m(ClientAppActor pid=76863)[0m [Client 480] Data split:[32m [repeated 210x across cluster][0m
[36m(ClientAppActor pid=76863)[0m    Train:      173 samples (client-local)[32m [repeated 210x across cluster][0m
[36m(ClientAppActor pid=76863)[0m    Validation: 24 samples (client-local)[32m [repeated 210x across cluster][0m
⏭️  Round 19: Evaluation skipped (all n_val=0)
[36m(ClientAppActor pid=76861)[0m [Client 608] ✅ ci loaded from persistent state
[36m(ClientAppActor pid=76863)[0m [Client 112] Data split:[32m [repeated 192x across cluster][0m
[36m(ClientAppActor pid=76863)[0m    Train:      174 samples (client-local)[32m [repeated 192x across cluster][0m
[36m(ClientAppActor pid=76863)[0m    Validation: 24 samples (client-local)[32m [repeated 192x across cluster][0m
[36m(ClientAppActor pid=76863)[0m [Client 831] ✅ ci loaded from persistent state[32m [repeated 205x across cluster][0m
[36m(ClientAppActor pid=76861)[0m [Client 934] Data split:[32m [repeated 208x across cluster][0m
[36m(ClientAppActor pid=76861)[0m    Train:      173 samples (client-local)[32m [repeated 208x across cluster][0m
[36m(ClientAppActor pid=76861)[0m    Validation: 24 samples (client-local)[32m [repeated 208x across cluster][0m
[36m(ClientAppActor pid=76863)[0m [Client 514] ✅ ci loaded from persistent state[32m [repeated 209x across cluster][0m
[36m(ClientAppActor pid=76862)[0m [Client 87] Data split:[32m [repeated 210x across cluster][0m
[36m(ClientAppActor pid=76862)[0m    Train:      174 samples (client-local)[32m [repeated 210x across cluster][0m
[36m(ClientAppActor pid=76862)[0m    Validation: 24 samples (client-local)[32m [repeated 210x across cluster][0m
[36m(ClientAppActor pid=76863)[0m [Client 794] ✅ ci loaded from persistent state[32m [repeated 211x across cluster][0m
[36m(ClientAppActor pid=76865)[0m [Client 847] Data split:[32m [repeated 210x across cluster][0m
[36m(ClientAppActor pid=76865)[0m    Train:      173 samples (client-local)[32m [repeated 210x across cluster][0m
[36m(ClientAppActor pid=76865)[0m    Validation: 24 samples (client-local)[32m [repeated 210x across cluster][0m
   💾 Checkpoint saved: result/splits_iid_scaling/splits_iid_1024_clients.json/SCAFFOLD/all_rounds_run_1/model_round_20_run_1.pt
   💾 Checkpoint saved: result/splits_iid_scaling/splits_iid_1024_clients.json/SCAFFOLD/all_rounds_run_1/model_round_20_run_1.pt
🔧 Round 20: Updated c_global from 768 client Δc_i reports (N=1024)
[36m(ClientAppActor pid=76862)[0m [Client 229] ✅ ci loaded from persistent state[32m [repeated 142x across cluster][0m
[36m(ClientAppActor pid=76863)[0m [Client 853] Data split:[32m [repeated 157x across cluster][0m
[36m(ClientAppActor pid=76863)[0m    Train:      173 samples (client-local)[32m [repeated 157x across cluster][0m
[36m(ClientAppActor pid=76863)[0m    Validation: 24 samples (client-local)[32m [repeated 157x across cluster][0m
[36m(ClientAppActor pid=76863)[0m [Client 541] Data split:[32m [repeated 216x across cluster][0m
[36m(ClientAppActor pid=76863)[0m    Train:      173 samples (client-local)[32m [repeated 216x across cluster][0m
[36m(ClientAppActor pid=76863)[0m    Validation: 24 samples (client-local)[32m [repeated 216x across cluster][0m
[36m(ClientAppActor pid=76863)[0m [Client 28] Data split:[32m [repeated 206x across cluster][0m
[36m(ClientAppActor pid=76863)[0m    Train:      174 samples (client-local)[32m [repeated 206x across cluster][0m
[36m(ClientAppActor pid=76863)[0m    Validation: 24 samples (client-local)[32m [repeated 206x across cluster][0m
[36m(ClientAppActor pid=76867)[0m 
[36m(ClientAppActor pid=76865)[0m [Client 427] Data split:[32m [repeated 211x across cluster][0m
[36m(ClientAppActor pid=76865)[0m    Train:      173 samples (client-local)[32m [repeated 211x across cluster][0m
[36m(ClientAppActor pid=76865)[0m    Validation: 24 samples (client-local)[32m [repeated 211x across cluster][0m
[36m(ClientAppActor pid=76863)[0m [Client 76] Data split:[32m [repeated 214x across cluster][0m
[36m(ClientAppActor pid=76863)[0m    Train:      174 samples (client-local)[32m [repeated 214x across cluster][0m
[36m(ClientAppActor pid=76863)[0m    Validation: 24 samples (client-local)[32m [repeated 214x across cluster][0m[92mINFO [0m:      aggregate_evaluate: received 1024 results and 0 failures
[92mINFO [0m:      
[92mINFO [0m:      [ROUND 21]
[92mINFO [0m:      configure_fit: strategy sampled 768 clients (out of 1024)
[33m(raylet)[0m [2026-07-26 04:09:20,903 E 76850 9195222] (raylet) file_system_monitor.cc:116: /tmp/ray/session_2026-07-26_03-54-15_074098_76832 is over 95% full, available space: 10.0804 GB; capacity: 452.981 GB. Object creation will fail if spilling is required.
[33m(raylet)[0m [2026-07-26 04:09:30,964 E 76850 9195222] (raylet) file_system_monitor.cc:116: /tmp/ray/session_2026-07-26_03-54-15_074098_76832 is over 95% full, available space: 10.0639 GB; capacity: 452.981 GB. Object creation will fail if spilling is required.
[92mINFO [0m:      aggregate_fit: received 768 results and 0 failures
[92mINFO [0m:      configure_evaluate: strategy sampled 1024 clients (out of 1024)
[33m(raylet)[0m [2026-07-26 04:09:40,997 E 76850 9195222] (raylet) file_system_monitor.cc:116: /tmp/ray/session_2026-07-26_03-54-15_074098_76832 is over 95% full, available space: 10.0638 GB; capacity: 452.981 GB. Object creation will fail if spilling is required.
[33m(raylet)[0m [2026-07-26 04:09:51,002 E 76850 9195222] (raylet) file_system_monitor.cc:116: /tmp/ray/session_2026-07-26_03-54-15_074098_76832 is over 95% full, available space: 10.0625 GB; capacity: 452.981 GB. Object creation will fail if spilling is required.
[92mINFO [0m:      aggregate_evaluate: received 1024 results and 0 failures
[92mINFO [0m:      
[92mINFO [0m:      [ROUND 22]
[92mINFO [0m:      configure_fit: strategy sampled 768 clients (out of 1024)
[33m(raylet)[0m [2026-07-26 04:10:01,079 E 76850 9195222] (raylet) file_system_monitor.cc:116: /tmp/ray/session_2026-07-26_03-54-15_074098_76832 is over 95% full, available space: 10.0615 GB; capacity: 452.981 GB. Object creation will fail if spilling is required.
[33m(raylet)[0m [2026-07-26 04:10:11,150 E 76850 9195222] (raylet) file_system_monitor.cc:116: /tmp/ray/session_2026-07-26_03-54-15_074098_76832 is over 95% full, available space: 10.0594 GB; capacity: 452.981 GB. Object creation will fail if spilling is required.
[92mINFO [0m:      aggregate_fit: received 768 results and 0 failures
[92mINFO [0m:      configure_evaluate: strategy sampled 1024 clients (out of 1024)
[33m(raylet)[0m [2026-07-26 04:10:21,236 E 76850 9195222] (raylet) file_system_monitor.cc:116: /tmp/ray/session_2026-07-26_03-54-15_074098_76832 is over 95% full, available space: 10.0574 GB; capacity: 452.981 GB. Object creation will fail if spilling is required.
[33m(raylet)[0m [2026-07-26 04:10:31,264 E 76850 9195222] (raylet) file_system_monitor.cc:116: /tmp/ray/session_2026-07-26_03-54-15_074098_76832 is over 95% full, available space: 10.0564 GB; capacity: 452.981 GB. Object creation will fail if spilling is required.
[33m(raylet)[0m [2026-07-26 04:10:41,354 E 76850 9195222] (raylet) file_system_monitor.cc:116: /tmp/ray/session_2026-07-26_03-54-15_074098_76832 is over 95% full, available space: 10.0546 GB; capacity: 452.981 GB. Object creation will fail if spilling is required.


📊 Multi-Threshold Aggregation:
   Valid clients: 1024
   Evaluated 12 thresholds:
     Thr=0.15: Rec=1.000, Spec=0.000, F1=0.245
     Thr=0.20: Rec=1.000, Spec=0.003, F1=0.245
     Thr=0.25: Rec=0.999, Spec=0.040, F1=0.252
     ... (+ 9 more)

💾 Round 20: Saved round_20_run_1.json
[36m(ClientAppActor pid=76866)[0m [Client 604] ✅ ci loaded from persistent state
[36m(ClientAppActor pid=76863)[0m [Client 988] Data split:[32m [repeated 197x across cluster][0m
[36m(ClientAppActor pid=76863)[0m    Train:      173 samples (client-local)[32m [repeated 197x across cluster][0m
[36m(ClientAppActor pid=76863)[0m    Validation: 24 samples (client-local)[32m [repeated 197x across cluster][0m
[36m(ClientAppActor pid=76866)[0m [Client 265] ✅ ci loaded from persistent state[32m [repeated 206x across cluster][0m
[36m(ClientAppActor pid=76866)[0m [Client 709] Data split:[32m [repeated 204x across cluster][0m
[36m(ClientAppActor pid=76866)[0m    Train:      173 samples (client-local)[32m [repeated 204x across cluster][0m
[36m(ClientAppActor pid=76866)[0m    Validation: 24 samples (client-local)[32m [repeated 204x across cluster][0m
[36m(ClientAppActor pid=76863)[0m [Client 28] ✅ ci loaded from persistent state[32m [repeated 189x across cluster][0m
[36m(ClientAppActor pid=76863)[0m [Client 355] Data split:[32m [repeated 194x across cluster][0m
[36m(ClientAppActor pid=76863)[0m    Train:      174 samples (client-local)[32m [repeated 194x across cluster][0m
[36m(ClientAppActor pid=76863)[0m    Validation: 24 samples (client-local)[32m [repeated 194x across cluster][0m
[36m(ClientAppActor pid=76863)[0m [Client 65] ✅ ci loaded from persistent state[32m [repeated 199x across cluster][0m
[36m(ClientAppActor pid=76862)[0m [Client 935] Data split:[32m [repeated 198x across cluster][0m
[36m(ClientAppActor pid=76862)[0m    Train:      173 samples (client-local)[32m [repeated 198x across cluster][0m
[36m(ClientAppActor pid=76862)[0m    Validation: 24 samples (client-local)[32m [repeated 198x across cluster][0m
   💾 Checkpoint saved: result/splits_iid_scaling/splits_iid_1024_clients.json/SCAFFOLD/all_rounds_run_1/model_round_21_run_1.pt
   💾 Checkpoint saved: result/splits_iid_scaling/splits_iid_1024_clients.json/SCAFFOLD/all_rounds_run_1/model_round_21_run_1.pt
🔧 Round 21: Updated c_global from 768 client Δc_i reports (N=1024)
[36m(ClientAppActor pid=76867)[0m [Client 262] ✅ ci loaded from persistent state[32m [repeated 173x across cluster][0m
[36m(ClientAppActor pid=76863)[0m [Client 868] Data split:[32m [repeated 164x across cluster][0m
[36m(ClientAppActor pid=76863)[0m    Train:      173 samples (client-local)[32m [repeated 164x across cluster][0m
[36m(ClientAppActor pid=76863)[0m    Validation: 24 samples (client-local)[32m [repeated 164x across cluster][0m
[36m(ClientAppActor pid=76863)[0m [Client 478] Data split:[32m [repeated 212x across cluster][0m
[36m(ClientAppActor pid=76863)[0m    Train:      173 samples (client-local)[32m [repeated 212x across cluster][0m
[36m(ClientAppActor pid=76863)[0m    Validation: 24 samples (client-local)[32m [repeated 212x across cluster][0m
[36m(ClientAppActor pid=76864)[0m [Client 515] Data split:[32m [repeated 201x across cluster][0m
[36m(ClientAppActor pid=76864)[0m    Train:      173 samples (client-local)[32m [repeated 201x across cluster][0m
[36m(ClientAppActor pid=76864)[0m    Validation: 24 samples (client-local)[32m [repeated 201x across cluster][0m
[36m(ClientAppActor pid=76863)[0m [Client 101] Data split:[32m [repeated 211x across cluster][0m
[36m(ClientAppActor pid=76863)[0m    Train:      174 samples (client-local)[32m [repeated 211x across cluster][0m
[36m(ClientAppActor pid=76863)[0m    Validation: 24 samples (client-local)[32m [repeated 211x across cluster][0m
[36m(ClientAppActor pid=76863)[0m [Client 348] Data split:[32m [repeated 211x across cluster][0m
[36m(ClientAppActor pid=76863)[0m    Train:      174 samples (client-local)[32m [repeated 211x across cluster][0m
[36m(ClientAppActor pid=76863)[0m    Validation: 24 samples (client-local)[32m [repeated 211x across cluster][0m
⏭️  Round 21: Evaluation skipped (all n_val=0)
[36m(ClientAppActor pid=76863)[0m [Client 294] ✅ ci loaded from persistent state
[36m(ClientAppActor pid=76863)[0m [Client 716] Data split:[32m [repeated 202x across cluster][0m
[36m(ClientAppActor pid=76863)[0m    Train:      173 samples (client-local)[32m [repeated 202x across cluster][0m
[36m(ClientAppActor pid=76863)[0m    Validation: 24 samples (client-local)[32m [repeated 202x across cluster][0m
[36m(ClientAppActor pid=76863)[0m [Client 375] ✅ ci loaded from persistent state[32m [repeated 209x across cluster][0m
[36m(ClientAppActor pid=76864)[0m [Client 452] Data split:[32m [repeated 210x across cluster][0m
[36m(ClientAppActor pid=76864)[0m    Train:      173 samples (client-local)[32m [repeated 210x across cluster][0m
[36m(ClientAppActor pid=76864)[0m    Validation: 24 samples (client-local)[32m [repeated 210x across cluster][0m
[36m(ClientAppActor pid=76863)[0m [Client 191] ✅ ci loaded from persistent state[32m [repeated 211x across cluster][0m
[36m(ClientAppActor pid=76864)[0m [Client 831] Data split:[32m [repeated 211x across cluster][0m
[36m(ClientAppActor pid=76864)[0m    Train:      173 samples (client-local)[32m [repeated 211x across cluster][0m
[36m(ClientAppActor pid=76864)[0m    Validation: 24 samples (client-local)[32m [repeated 211x across cluster][0m
[36m(ClientAppActor pid=76863)[0m [Client 288] ✅ ci loaded from persistent state[32m [repeated 206x across cluster][0m
[36m(ClientAppActor pid=76863)[0m [Client 751] Data split:[32m [repeated 199x across cluster][0m
[36m(ClientAppActor pid=76863)[0m    Train:      173 samples (client-local)[32m [repeated 199x across cluster][0m
[36m(ClientAppActor pid=76863)[0m    Validation: 24 samples (client-local)[32m [repeated 199x across cluster][0m
   💾 Checkpoint saved: result/splits_iid_scaling/splits_iid_1024_clients.json/SCAFFOLD/all_rounds_run_1/model_round_22_run_1.pt
   💾 Checkpoint saved: result/splits_iid_scaling/splits_iid_1024_clients.json/SCAFFOLD/all_rounds_run_1/model_round_22_run_1.pt
🔧 Round 22: Updated c_global from 768 client Δc_i reports (N=1024)
[36m(ClientAppActor pid=76867)[0m [Client 90] ✅ ci loaded from persistent state[32m [repeated 141x across cluster][0m
[36m(ClientAppActor pid=76863)[0m [Client 869] Data split:[32m [repeated 171x across cluster][0m
[36m(ClientAppActor pid=76863)[0m    Train:      173 samples (client-local)[32m [repeated 171x across cluster][0m
[36m(ClientAppActor pid=76863)[0m    Validation: 24 samples (client-local)[32m [repeated 171x across cluster][0m
[36m(ClientAppActor pid=76863)[0m [Client 527] Data split:[32m [repeated 212x across cluster][0m
[36m(ClientAppActor pid=76863)[0m    Train:      173 samples (client-local)[32m [repeated 212x across cluster][0m
[36m(ClientAppActor pid=76863)[0m    Validation: 24 samples (client-local)[32m [repeated 212x across cluster][0m
[36m(ClientAppActor pid=76863)[0m [Client 251] Data split:[32m [repeated 221x across cluster][0m
[36m(ClientAppActor pid=76863)[0m    Train:      174 samples (client-local)[32m [repeated 221x across cluster][0m
[36m(ClientAppActor pid=76863)[0m    Validation: 24 samples (client-local)[32m [repeated 221x across cluster][0m
[36m(ClientAppActor pid=76863)[0m [Client 519] Data split:[32m [repeated 202x across cluster][0m
[36m(ClientAppActor pid=76863)[0m    Train:      173 samples (client-local)[32m [repeated 202x across cluster][0m
[36m(ClientAppActor pid=76863)[0m    Validation: 24 samples (client-local)[32m [repeated 202x across cluster][0m
[36m(ClientAppActor pid=76864)[0m [Client 976] Data split:[32m [repeated 210x across cluster][0m
[36m(ClientAppActor pid=76864)[0m    Train:      173 samples (client-local)[32m [repeated 210x across cluster][0m
[36m(ClientAppActor pid=76864)[0m    Validation: 24 samples (client-local)[32m [repeated 210x across cluster][0m[92mINFO [0m:      aggregate_evaluate: received 1024 results and 0 failures
[92mINFO [0m:      
[92mINFO [0m:      [ROUND 23]
[92mINFO [0m:      configure_fit: strategy sampled 768 clients (out of 1024)
[33m(raylet)[0m [2026-07-26 04:10:51,394 E 76850 9195222] (raylet) file_system_monitor.cc:116: /tmp/ray/session_2026-07-26_03-54-15_074098_76832 is over 95% full, available space: 10.0683 GB; capacity: 452.981 GB. Object creation will fail if spilling is required.
[33m(raylet)[0m [2026-07-26 04:11:01,432 E 76850 9195222] (raylet) file_system_monitor.cc:116: /tmp/ray/session_2026-07-26_03-54-15_074098_76832 is over 95% full, available space: 10.0516 GB; capacity: 452.981 GB. Object creation will fail if spilling is required.
[92mINFO [0m:      aggregate_fit: received 768 results and 0 failures
[92mINFO [0m:      configure_evaluate: strategy sampled 1024 clients (out of 1024)
[33m(raylet)[0m [2026-07-26 04:11:11,433 E 76850 9195222] (raylet) file_system_monitor.cc:116: /tmp/ray/session_2026-07-26_03-54-15_074098_76832 is over 95% full, available space: 10.0494 GB; capacity: 452.981 GB. Object creation will fail if spilling is required.
[33m(raylet)[0m [2026-07-26 04:11:21,447 E 76850 9195222] (raylet) file_system_monitor.cc:116: /tmp/ray/session_2026-07-26_03-54-15_074098_76832 is over 95% full, available space: 10.0473 GB; capacity: 452.981 GB. Object creation will fail if spilling is required.
[92mINFO [0m:      aggregate_evaluate: received 1024 results and 0 failures
[92mINFO [0m:      
[92mINFO [0m:      [ROUND 24]
[92mINFO [0m:      configure_fit: strategy sampled 768 clients (out of 1024)
[33m(raylet)[0m [2026-07-26 04:11:31,498 E 76850 9195222] (raylet) file_system_monitor.cc:116: /tmp/ray/session_2026-07-26_03-54-15_074098_76832 is over 95% full, available space: 10.0451 GB; capacity: 452.981 GB. Object creation will fail if spilling is required.
[33m(raylet)[0m [2026-07-26 04:11:41,509 E 76850 9195222] (raylet) file_system_monitor.cc:116: /tmp/ray/session_2026-07-26_03-54-15_074098_76832 is over 95% full, available space: 10.044 GB; capacity: 452.981 GB. Object creation will fail if spilling is required.
[92mINFO [0m:      aggregate_fit: received 768 results and 0 failures
[92mINFO [0m:      configure_evaluate: strategy sampled 1024 clients (out of 1024)
[33m(raylet)[0m [2026-07-26 04:11:51,518 E 76850 9195222] (raylet) file_system_monitor.cc:116: /tmp/ray/session_2026-07-26_03-54-15_074098_76832 is over 95% full, available space: 10.0411 GB; capacity: 452.981 GB. Object creation will fail if spilling is required.
[33m(raylet)[0m [2026-07-26 04:12:01,585 E 76850 9195222] (raylet) file_system_monitor.cc:116: /tmp/ray/session_2026-07-26_03-54-15_074098_76832 is over 95% full, available space: 10.0389 GB; capacity: 452.981 GB. Object creation will fail if spilling is required.
[33m(raylet)[0m [2026-07-26 04:12:11,650 E 76850 9195222] (raylet) file_system_monitor.cc:116: /tmp/ray/session_2026-07-26_03-54-15_074098_76832 is over 95% full, available space: 10.0379 GB; capacity: 452.981 GB. Object creation will fail if spilling is required.
[92mINFO [0m:      aggregate_evaluate: received 1024 results and 0 failures
[92mINFO [0m:      
[92mINFO [0m:      [ROUND 25]
[92mINFO [0m:      configure_fit: strategy sampled 768 clients (out of 1024)

⏭️  Round 22: Evaluation skipped (all n_val=0)
[36m(ClientAppActor pid=76864)[0m [Client 165] ✅ ci loaded from persistent state
[36m(ClientAppActor pid=76863)[0m [Client 549] Data split:[32m [repeated 202x across cluster][0m
[36m(ClientAppActor pid=76863)[0m    Train:      173 samples (client-local)[32m [repeated 202x across cluster][0m
[36m(ClientAppActor pid=76863)[0m    Validation: 24 samples (client-local)[32m [repeated 202x across cluster][0m
[36m(ClientAppActor pid=76863)[0m [Client 460] ✅ ci loaded from persistent state[32m [repeated 209x across cluster][0m
[36m(ClientAppActor pid=76863)[0m [Client 418] Data split:[32m [repeated 219x across cluster][0m
[36m(ClientAppActor pid=76863)[0m    Train:      174 samples (client-local)[32m [repeated 219x across cluster][0m
[36m(ClientAppActor pid=76863)[0m    Validation: 24 samples (client-local)[32m [repeated 219x across cluster][0m
[36m(ClientAppActor pid=76861)[0m [Client 421] ✅ ci loaded from persistent state[32m [repeated 202x across cluster][0m
[36m(ClientAppActor pid=76862)[0m [Client 1005] Data split:[32m [repeated 202x across cluster][0m
[36m(ClientAppActor pid=76862)[0m    Train:      173 samples (client-local)[32m [repeated 202x across cluster][0m
[36m(ClientAppActor pid=76862)[0m    Validation: 24 samples (client-local)[32m [repeated 202x across cluster][0m
[36m(ClientAppActor pid=76863)[0m [Client 790] ✅ ci loaded from persistent state[32m [repeated 204x across cluster][0m
[36m(ClientAppActor pid=76867)[0m [Client 26] Data split:[32m [repeated 205x across cluster][0m
[36m(ClientAppActor pid=76867)[0m    Train:      174 samples (client-local)[32m [repeated 205x across cluster][0m
[36m(ClientAppActor pid=76867)[0m    Validation: 24 samples (client-local)[32m [repeated 205x across cluster][0m
   💾 Checkpoint saved: result/splits_iid_scaling/splits_iid_1024_clients.json/SCAFFOLD/all_rounds_run_1/model_round_23_run_1.pt
   💾 Checkpoint saved: result/splits_iid_scaling/splits_iid_1024_clients.json/SCAFFOLD/all_rounds_run_1/model_round_23_run_1.pt
🔧 Round 23: Updated c_global from 768 client Δc_i reports (N=1024)
[36m(ClientAppActor pid=76862)[0m [Client 803] ✅ ci loaded from persistent state[32m [repeated 152x across cluster][0m
[36m(ClientAppActor pid=76864)[0m [Client 395] Data split:[32m [repeated 170x across cluster][0m
[36m(ClientAppActor pid=76864)[0m    Train:      174 samples (client-local)[32m [repeated 170x across cluster][0m
[36m(ClientAppActor pid=76864)[0m    Validation: 24 samples (client-local)[32m [repeated 170x across cluster][0m
[36m(ClientAppActor pid=76864)[0m [Client 260] Data split:[32m [repeated 214x across cluster][0m
[36m(ClientAppActor pid=76864)[0m    Train:      174 samples (client-local)[32m [repeated 214x across cluster][0m
[36m(ClientAppActor pid=76864)[0m    Validation: 24 samples (client-local)[32m [repeated 214x across cluster][0m
[36m(ClientAppActor pid=76863)[0m [Client 398] Data split:[32m [repeated 215x across cluster][0m
[36m(ClientAppActor pid=76863)[0m    Train:      174 samples (client-local)[32m [repeated 215x across cluster][0m
[36m(ClientAppActor pid=76863)[0m    Validation: 24 samples (client-local)[32m [repeated 215x across cluster][0m
[36m(ClientAppActor pid=76864)[0m [Client 387] Data split:[32m [repeated 220x across cluster][0m
[36m(ClientAppActor pid=76864)[0m    Train:      174 samples (client-local)[32m [repeated 220x across cluster][0m
[36m(ClientAppActor pid=76864)[0m    Validation: 24 samples (client-local)[32m [repeated 220x across cluster][0m
[36m(ClientAppActor pid=76867)[0m [Client 304] Data split:[32m [repeated 225x across cluster][0m
[36m(ClientAppActor pid=76867)[0m    Train:      174 samples (client-local)[32m [repeated 225x across cluster][0m
[36m(ClientAppActor pid=76867)[0m    Validation: 24 samples (client-local)[32m [repeated 225x across cluster][0m
⏭️  Round 23: Evaluation skipped (all n_val=0)
[36m(ClientAppActor pid=76867)[0m [Client 2] ✅ ci loaded from persistent state
[36m(ClientAppActor pid=76863)[0m [Client 195] Data split:[32m [repeated 202x across cluster][0m
[36m(ClientAppActor pid=76863)[0m    Train:      174 samples (client-local)[32m [repeated 202x across cluster][0m
[36m(ClientAppActor pid=76863)[0m    Validation: 24 samples (client-local)[32m [repeated 202x across cluster][0m
[36m(ClientAppActor pid=76867)[0m [Client 276] ✅ ci loaded from persistent state[32m [repeated 208x across cluster][0m
[36m(ClientAppActor pid=76863)[0m [Client 204] Data split:[32m [repeated 208x across cluster][0m
[36m(ClientAppActor pid=76863)[0m    Train:      174 samples (client-local)[32m [repeated 208x across cluster][0m
[36m(ClientAppActor pid=76863)[0m    Validation: 24 samples (client-local)[32m [repeated 208x across cluster][0m
[36m(ClientAppActor pid=76862)[0m [Client 373] ✅ ci loaded from persistent state[32m [repeated 211x across cluster][0m
[36m(ClientAppActor pid=76862)[0m [Client 800] Data split:[32m [repeated 213x across cluster][0m
[36m(ClientAppActor pid=76862)[0m    Train:      173 samples (client-local)[32m [repeated 213x across cluster][0m
[36m(ClientAppActor pid=76862)[0m    Validation: 24 samples (client-local)[32m [repeated 213x across cluster][0m
[36m(ClientAppActor pid=76863)[0m [Client 827] ✅ ci loaded from persistent state[32m [repeated 209x across cluster][0m
   💾 Checkpoint saved: result/splits_iid_scaling/splits_iid_1024_clients.json/SCAFFOLD/all_rounds_run_1/model_round_24_run_1.pt
   💾 Checkpoint saved: result/splits_iid_scaling/splits_iid_1024_clients.json/SCAFFOLD/all_rounds_run_1/model_round_24_run_1.pt
🔧 Round 24: Updated c_global from 768 client Δc_i reports (N=1024)
[36m(ClientAppActor pid=76863)[0m [Client 1016] Data split:[32m [repeated 171x across cluster][0m
[36m(ClientAppActor pid=76863)[0m    Train:      173 samples (client-local)[32m [repeated 171x across cluster][0m
[36m(ClientAppActor pid=76863)[0m    Validation: 24 samples (client-local)[32m [repeated 171x across cluster][0m
[36m(ClientAppActor pid=76862)[0m [Client 823] ✅ ci loaded from persistent state[32m [repeated 139x across cluster][0m
[36m(ClientAppActor pid=76863)[0m [Client 259] Data split:[32m [repeated 207x across cluster][0m
[36m(ClientAppActor pid=76863)[0m    Train:      174 samples (client-local)[32m [repeated 207x across cluster][0m
[36m(ClientAppActor pid=76863)[0m    Validation: 24 samples (client-local)[32m [repeated 207x across cluster][0m
[36m(ClientAppActor pid=76864)[0m [Client 395] Data split:[32m [repeated 218x across cluster][0m
[36m(ClientAppActor pid=76864)[0m    Train:      174 samples (client-local)[32m [repeated 218x across cluster][0m
[36m(ClientAppActor pid=76864)[0m    Validation: 24 samples (client-local)[32m [repeated 218x across cluster][0m
[36m(ClientAppActor pid=76864)[0m [Client 341] Data split:[32m [repeated 219x across cluster][0m
[36m(ClientAppActor pid=76864)[0m    Train:      174 samples (client-local)[32m [repeated 219x across cluster][0m
[36m(ClientAppActor pid=76864)[0m    Validation: 24 samples (client-local)[32m [repeated 219x across cluster][0m
[36m(ClientAppActor pid=76863)[0m [Client 72] Data split:[32m [repeated 215x across cluster][0m
[36m(ClientAppActor pid=76863)[0m    Train:      174 samples (client-local)[32m [repeated 215x across cluster][0m
[36m(ClientAppActor pid=76863)[0m    Validation: 24 samples (client-local)[32m [repeated 215x across cluster][0m
⏭️  Round 24: Evaluation skipped (all n_val=0)
[36m(ClientAppActor pid=76867)[0m [Client 716] ✅ ci loaded from persistent state
[36m(ClientAppActor pid=76863)[0m [Client 140] Data split:[32m [repeated 204x across cluster][0m
[36m(ClientAppActor pid=76863)[0m    Train:      174 samples (client-local)[32m [repeated 204x across cluster][0m
[36m(ClientAppActor pid=76863)[0m    Validation: 24 samples (client-local)[32m [repeated 204x across cluster][0m
[36m(ClientAppActor pid=76865)[0m [Client 143] ✅ ci loaded from persistent state[32m [repeated 202x across cluster][0m[33m(raylet)[0m [2026-07-26 04:12:21,665 E 76850 9195222] (raylet) file_system_monitor.cc:116: /tmp/ray/session_2026-07-26_03-54-15_074098_76832 is over 95% full, available space: 10.0505 GB; capacity: 452.981 GB. Object creation will fail if spilling is required.
[33m(raylet)[0m [2026-07-26 04:12:31,681 E 76850 9195222] (raylet) file_system_monitor.cc:116: /tmp/ray/session_2026-07-26_03-54-15_074098_76832 is over 95% full, available space: 10.032 GB; capacity: 452.981 GB. Object creation will fail if spilling is required.
[92mINFO [0m:      aggregate_fit: received 768 results and 0 failures
[92mINFO [0m:      configure_evaluate: strategy sampled 1024 clients (out of 1024)
[33m(raylet)[0m [2026-07-26 04:12:41,737 E 76850 9195222] (raylet) file_system_monitor.cc:116: /tmp/ray/session_2026-07-26_03-54-15_074098_76832 is over 95% full, available space: 10.0298 GB; capacity: 452.981 GB. Object creation will fail if spilling is required.
[33m(raylet)[0m [2026-07-26 04:12:51,807 E 76850 9195222] (raylet) file_system_monitor.cc:116: /tmp/ray/session_2026-07-26_03-54-15_074098_76832 is over 95% full, available space: 10.0277 GB; capacity: 452.981 GB. Object creation will fail if spilling is required.
[92mINFO [0m:      aggregate_evaluate: received 1024 results and 0 failures
[92mINFO [0m:      
[92mINFO [0m:      [ROUND 26]
[92mINFO [0m:      configure_fit: strategy sampled 768 clients (out of 1024)
[33m(raylet)[0m [2026-07-26 04:13:01,820 E 76850 9195222] (raylet) file_system_monitor.cc:116: /tmp/ray/session_2026-07-26_03-54-15_074098_76832 is over 95% full, available space: 10.0254 GB; capacity: 452.981 GB. Object creation will fail if spilling is required.
[33m(raylet)[0m [2026-07-26 04:13:11,826 E 76850 9195222] (raylet) file_system_monitor.cc:116: /tmp/ray/session_2026-07-26_03-54-15_074098_76832 is over 95% full, available space: 10.0232 GB; capacity: 452.981 GB. Object creation will fail if spilling is required.
[92mINFO [0m:      aggregate_fit: received 768 results and 0 failures
[92mINFO [0m:      configure_evaluate: strategy sampled 1024 clients (out of 1024)
[33m(raylet)[0m [2026-07-26 04:13:21,913 E 76850 9195222] (raylet) file_system_monitor.cc:116: /tmp/ray/session_2026-07-26_03-54-15_074098_76832 is over 95% full, available space: 10.0201 GB; capacity: 452.981 GB. Object creation will fail if spilling is required.
[33m(raylet)[0m [2026-07-26 04:13:31,941 E 76850 9195222] (raylet) file_system_monitor.cc:116: /tmp/ray/session_2026-07-26_03-54-15_074098_76832 is over 95% full, available space: 10.0182 GB; capacity: 452.981 GB. Object creation will fail if spilling is required.
[33m(raylet)[0m [2026-07-26 04:13:42,003 E 76850 9195222] (raylet) file_system_monitor.cc:116: /tmp/ray/session_2026-07-26_03-54-15_074098_76832 is over 95% full, available space: 10.0318 GB; capacity: 452.981 GB. Object creation will fail if spilling is required.
[92mINFO [0m:      aggregate_evaluate: received 1024 results and 0 failures
[92mINFO [0m:      
[92mINFO [0m:      [ROUND 27]
[92mINFO [0m:      configure_fit: strategy sampled 768 clients (out of 1024)

[36m(ClientAppActor pid=76861)[0m [Client 115] Data split:[32m [repeated 204x across cluster][0m
[36m(ClientAppActor pid=76861)[0m    Train:      174 samples (client-local)[32m [repeated 204x across cluster][0m
[36m(ClientAppActor pid=76861)[0m    Validation: 24 samples (client-local)[32m [repeated 204x across cluster][0m
[36m(ClientAppActor pid=76866)[0m [Client 655] ✅ ci loaded from persistent state[32m [repeated 201x across cluster][0m
[36m(ClientAppActor pid=76863)[0m [Client 230] Data split:[32m [repeated 199x across cluster][0m
[36m(ClientAppActor pid=76863)[0m    Train:      174 samples (client-local)[32m [repeated 199x across cluster][0m
[36m(ClientAppActor pid=76863)[0m    Validation: 24 samples (client-local)[32m [repeated 199x across cluster][0m
[36m(ClientAppActor pid=76862)[0m [Client 932] ✅ ci loaded from persistent state[32m [repeated 206x across cluster][0m
[36m(ClientAppActor pid=76863)[0m [Client 645] Data split:[32m [repeated 206x across cluster][0m
[36m(ClientAppActor pid=76863)[0m    Train:      173 samples (client-local)[32m [repeated 206x across cluster][0m
[36m(ClientAppActor pid=76863)[0m    Validation: 24 samples (client-local)[32m [repeated 206x across cluster][0m
   💾 Checkpoint saved: result/splits_iid_scaling/splits_iid_1024_clients.json/SCAFFOLD/all_rounds_run_1/model_round_25_run_1.pt
   💾 Checkpoint saved: result/splits_iid_scaling/splits_iid_1024_clients.json/SCAFFOLD/all_rounds_run_1/model_round_25_run_1.pt
🔧 Round 25: Updated c_global from 768 client Δc_i reports (N=1024)
[36m(ClientAppActor pid=76862)[0m [Client 1012] ✅ ci loaded from persistent state[32m [repeated 158x across cluster][0m
[36m(ClientAppActor pid=76864)[0m [Client 555] Data split:[32m [repeated 173x across cluster][0m
[36m(ClientAppActor pid=76864)[0m    Train:      173 samples (client-local)[32m [repeated 173x across cluster][0m
[36m(ClientAppActor pid=76864)[0m    Validation: 24 samples (client-local)[32m [repeated 173x across cluster][0m
[36m(ClientAppActor pid=76861)[0m [Client 132] Data split:[32m [repeated 209x across cluster][0m
[36m(ClientAppActor pid=76861)[0m    Train:      174 samples (client-local)[32m [repeated 209x across cluster][0m
[36m(ClientAppActor pid=76861)[0m    Validation: 24 samples (client-local)[32m [repeated 209x across cluster][0m
[36m(ClientAppActor pid=76861)[0m 
[36m(ClientAppActor pid=76863)[0m [Client 798] Data split:[32m [repeated 198x across cluster][0m
[36m(ClientAppActor pid=76863)[0m    Train:      173 samples (client-local)[32m [repeated 198x across cluster][0m
[36m(ClientAppActor pid=76863)[0m    Validation: 24 samples (client-local)[32m [repeated 198x across cluster][0m
[36m(ClientAppActor pid=76863)[0m [Client 771] Data split:[32m [repeated 215x across cluster][0m
[36m(ClientAppActor pid=76863)[0m    Train:      173 samples (client-local)[32m [repeated 215x across cluster][0m
[36m(ClientAppActor pid=76863)[0m    Validation: 24 samples (client-local)[32m [repeated 215x across cluster][0m
[36m(ClientAppActor pid=76863)[0m [Client 461] Data split:[32m [repeated 209x across cluster][0m
[36m(ClientAppActor pid=76863)[0m    Train:      173 samples (client-local)[32m [repeated 209x across cluster][0m
[36m(ClientAppActor pid=76863)[0m    Validation: 24 samples (client-local)[32m [repeated 209x across cluster][0m
⏭️  Round 25: Evaluation skipped (all n_val=0)
[36m(ClientAppActor pid=76866)[0m [Client 328] ✅ ci loaded from persistent state
[36m(ClientAppActor pid=76863)[0m [Client 28] Data split:[32m [repeated 201x across cluster][0m
[36m(ClientAppActor pid=76863)[0m    Train:      174 samples (client-local)[32m [repeated 201x across cluster][0m
[36m(ClientAppActor pid=76863)[0m    Validation: 24 samples (client-local)[32m [repeated 201x across cluster][0m
[36m(ClientAppActor pid=76862)[0m [Client 909] ✅ ci loaded from persistent state[32m [repeated 205x across cluster][0m
[36m(ClientAppActor pid=76861)[0m [Client 293] Data split:[32m [repeated 206x across cluster][0m
[36m(ClientAppActor pid=76861)[0m    Train:      174 samples (client-local)[32m [repeated 206x across cluster][0m
[36m(ClientAppActor pid=76861)[0m    Validation: 24 samples (client-local)[32m [repeated 206x across cluster][0m
[36m(ClientAppActor pid=76863)[0m [Client 947] ✅ ci loaded from persistent state[32m [repeated 210x across cluster][0m
[36m(ClientAppActor pid=76868)[0m [Client 469] Data split:[32m [repeated 206x across cluster][0m
[36m(ClientAppActor pid=76868)[0m    Train:      173 samples (client-local)[32m [repeated 206x across cluster][0m
[36m(ClientAppActor pid=76868)[0m    Validation: 24 samples (client-local)[32m [repeated 206x across cluster][0m
[36m(ClientAppActor pid=76863)[0m [Client 408] ✅ ci loaded from persistent state[32m [repeated 197x across cluster][0m
[36m(ClientAppActor pid=76866)[0m [Client 938] Data split:[32m [repeated 197x across cluster][0m
[36m(ClientAppActor pid=76866)[0m    Train:      173 samples (client-local)[32m [repeated 197x across cluster][0m
[36m(ClientAppActor pid=76866)[0m    Validation: 24 samples (client-local)[32m [repeated 197x across cluster][0m
   💾 Checkpoint saved: result/splits_iid_scaling/splits_iid_1024_clients.json/SCAFFOLD/all_rounds_run_1/model_round_26_run_1.pt
   💾 Checkpoint saved: result/splits_iid_scaling/splits_iid_1024_clients.json/SCAFFOLD/all_rounds_run_1/model_round_26_run_1.pt
🔧 Round 26: Updated c_global from 768 client Δc_i reports (N=1024)
[36m(ClientAppActor pid=76862)[0m [Client 970] ✅ ci loaded from persistent state[32m [repeated 155x across cluster][0m
[36m(ClientAppActor pid=76861)[0m [Client 640] Data split:[32m [repeated 165x across cluster][0m
[36m(ClientAppActor pid=76861)[0m    Train:      173 samples (client-local)[32m [repeated 165x across cluster][0m
[36m(ClientAppActor pid=76861)[0m    Validation: 24 samples (client-local)[32m [repeated 165x across cluster][0m
[36m(ClientAppActor pid=76863)[0m [Client 775] Data split:[32m [repeated 214x across cluster][0m
[36m(ClientAppActor pid=76863)[0m    Train:      173 samples (client-local)[32m [repeated 214x across cluster][0m
[36m(ClientAppActor pid=76863)[0m    Validation: 24 samples (client-local)[32m [repeated 214x across cluster][0m
[36m(ClientAppActor pid=76863)[0m [Client 826] Data split:[32m [repeated 215x across cluster][0m
[36m(ClientAppActor pid=76863)[0m    Train:      173 samples (client-local)[32m [repeated 215x across cluster][0m
[36m(ClientAppActor pid=76863)[0m    Validation: 24 samples (client-local)[32m [repeated 215x across cluster][0m
[36m(ClientAppActor pid=76863)[0m [Client 280] Data split:[32m [repeated 206x across cluster][0m
[36m(ClientAppActor pid=76863)[0m    Train:      174 samples (client-local)[32m [repeated 206x across cluster][0m
[36m(ClientAppActor pid=76863)[0m    Validation: 24 samples (client-local)[32m [repeated 206x across cluster][0m
[36m(ClientAppActor pid=76867)[0m [Client 1008] Data split:[32m [repeated 211x across cluster][0m
[36m(ClientAppActor pid=76867)[0m    Train:      173 samples (client-local)[32m [repeated 211x across cluster][0m
[36m(ClientAppActor pid=76867)[0m    Validation: 24 samples (client-local)[32m [repeated 211x across cluster][0m
⏭️  Round 26: Evaluation skipped (all n_val=0)
[36m(ClientAppActor pid=76867)[0m [Client 47] ✅ ci loaded from persistent state
[36m(ClientAppActor pid=76863)[0m [Client 667] Data split:[32m [repeated 206x across cluster][0m
[36m(ClientAppActor pid=76863)[0m    Train:      173 samples (client-local)[32m [repeated 206x across cluster][0m
[36m(ClientAppActor pid=76863)[0m    Validation: 24 samples (client-local)[32m [repeated 206x across cluster][0m
[36m(ClientAppActor pid=76863)[0m [Client 172] ✅ ci loaded from persistent state[32m [repeated 204x across cluster][0m
[36m(ClientAppActor pid=76863)[0m [Client 127] Data split:[32m [repeated 206x across cluster][0m
[36m(ClientAppActor pid=76863)[0m    Train:      174 samples (client-local)[32m [repeated 206x across cluster][0m[33m(raylet)[0m [2026-07-26 04:13:52,007 E 76850 9195222] (raylet) file_system_monitor.cc:116: /tmp/ray/session_2026-07-26_03-54-15_074098_76832 is over 95% full, available space: 10.03 GB; capacity: 452.981 GB. Object creation will fail if spilling is required.
[92mINFO [0m:      aggregate_fit: received 768 results and 0 failures
[33m(raylet)[0m [2026-07-26 04:14:02,106 E 76850 9195222] (raylet) file_system_monitor.cc:116: /tmp/ray/session_2026-07-26_03-54-15_074098_76832 is over 95% full, available space: 10.0123 GB; capacity: 452.981 GB. Object creation will fail if spilling is required.
[92mINFO [0m:      configure_evaluate: strategy sampled 1024 clients (out of 1024)
[33m(raylet)[0m [2026-07-26 04:14:12,174 E 76850 9195222] (raylet) file_system_monitor.cc:116: /tmp/ray/session_2026-07-26_03-54-15_074098_76832 is over 95% full, available space: 10.0111 GB; capacity: 452.981 GB. Object creation will fail if spilling is required.
[33m(raylet)[0m [2026-07-26 04:14:22,214 E 76850 9195222] (raylet) file_system_monitor.cc:116: /tmp/ray/session_2026-07-26_03-54-15_074098_76832 is over 95% full, available space: 10.0089 GB; capacity: 452.981 GB. Object creation will fail if spilling is required.
[92mINFO [0m:      aggregate_evaluate: received 1024 results and 0 failures
[92mINFO [0m:      
[92mINFO [0m:      [ROUND 28]
[92mINFO [0m:      configure_fit: strategy sampled 768 clients (out of 1024)
[33m(raylet)[0m [2026-07-26 04:14:32,235 E 76850 9195222] (raylet) file_system_monitor.cc:116: /tmp/ray/session_2026-07-26_03-54-15_074098_76832 is over 95% full, available space: 10.006 GB; capacity: 452.981 GB. Object creation will fail if spilling is required.
[33m(raylet)[0m [2026-07-26 04:14:42,266 E 76850 9195222] (raylet) file_system_monitor.cc:116: /tmp/ray/session_2026-07-26_03-54-15_074098_76832 is over 95% full, available space: 10.0046 GB; capacity: 452.981 GB. Object creation will fail if spilling is required.
[92mINFO [0m:      aggregate_fit: received 768 results and 0 failures
[92mINFO [0m:      configure_evaluate: strategy sampled 1024 clients (out of 1024)
[33m(raylet)[0m [2026-07-26 04:14:52,356 E 76850 9195222] (raylet) file_system_monitor.cc:116: /tmp/ray/session_2026-07-26_03-54-15_074098_76832 is over 95% full, available space: 10.0026 GB; capacity: 452.981 GB. Object creation will fail if spilling is required.
[33m(raylet)[0m [2026-07-26 04:15:02,372 E 76850 9195222] (raylet) file_system_monitor.cc:116: /tmp/ray/session_2026-07-26_03-54-15_074098_76832 is over 95% full, available space: 10.0051 GB; capacity: 452.981 GB. Object creation will fail if spilling is required.
[92mINFO [0m:      aggregate_evaluate: received 1024 results and 0 failures
[92mINFO [0m:      
[92mINFO [0m:      [ROUND 29]
[92mINFO [0m:      configure_fit: strategy sampled 768 clients (out of 1024)
[33m(raylet)[0m [2026-07-26 04:15:12,447 E 76850 9195222] (raylet) file_system_monitor.cc:116: /tmp/ray/session_2026-07-26_03-54-15_074098_76832 is over 95% full, available space: 10.003 GB; capacity: 452.981 GB. Object creation will fail if spilling is required.

[36m(ClientAppActor pid=76863)[0m    Validation: 24 samples (client-local)[32m [repeated 206x across cluster][0m
[36m(ClientAppActor pid=76863)[0m [Client 335] ✅ ci loaded from persistent state[32m [repeated 199x across cluster][0m
[36m(ClientAppActor pid=76865)[0m [Client 328] Data split:[32m [repeated 197x across cluster][0m
[36m(ClientAppActor pid=76865)[0m    Train:      174 samples (client-local)[32m [repeated 197x across cluster][0m
[36m(ClientAppActor pid=76865)[0m    Validation: 24 samples (client-local)[32m [repeated 197x across cluster][0m
[36m(ClientAppActor pid=76863)[0m [Client 918] ✅ ci loaded from persistent state[32m [repeated 201x across cluster][0m
[36m(ClientAppActor pid=76863)[0m [Client 321] Data split:[32m [repeated 204x across cluster][0m
[36m(ClientAppActor pid=76863)[0m    Train:      174 samples (client-local)[32m [repeated 204x across cluster][0m
[36m(ClientAppActor pid=76863)[0m    Validation: 24 samples (client-local)[32m [repeated 204x across cluster][0m
   💾 Checkpoint saved: result/splits_iid_scaling/splits_iid_1024_clients.json/SCAFFOLD/all_rounds_run_1/model_round_27_run_1.pt
   💾 Checkpoint saved: result/splits_iid_scaling/splits_iid_1024_clients.json/SCAFFOLD/all_rounds_run_1/model_round_27_run_1.pt
🔧 Round 27: Updated c_global from 768 client Δc_i reports (N=1024)
[36m(ClientAppActor pid=76862)[0m [Client 508] ✅ ci loaded from persistent state[32m [repeated 163x across cluster][0m
[36m(ClientAppActor pid=76863)[0m [Client 140] Data split:[32m [repeated 171x across cluster][0m
[36m(ClientAppActor pid=76863)[0m    Train:      174 samples (client-local)[32m [repeated 171x across cluster][0m
[36m(ClientAppActor pid=76863)[0m    Validation: 24 samples (client-local)[32m [repeated 171x across cluster][0m
[36m(ClientAppActor pid=76863)[0m [Client 727] Data split:[32m [repeated 213x across cluster][0m
[36m(ClientAppActor pid=76863)[0m    Train:      173 samples (client-local)[32m [repeated 213x across cluster][0m
[36m(ClientAppActor pid=76863)[0m    Validation: 24 samples (client-local)[32m [repeated 213x across cluster][0m
[36m(ClientAppActor pid=76863)[0m [Client 97] Data split:[32m [repeated 213x across cluster][0m
[36m(ClientAppActor pid=76863)[0m    Train:      174 samples (client-local)[32m [repeated 213x across cluster][0m
[36m(ClientAppActor pid=76863)[0m    Validation: 24 samples (client-local)[32m [repeated 213x across cluster][0m
[36m(ClientAppActor pid=76863)[0m [Client 187] Data split:[32m [repeated 210x across cluster][0m
[36m(ClientAppActor pid=76863)[0m    Train:      174 samples (client-local)[32m [repeated 210x across cluster][0m
[36m(ClientAppActor pid=76863)[0m    Validation: 24 samples (client-local)[32m [repeated 210x across cluster][0m
[36m(ClientAppActor pid=76865)[0m [Client 83] Data split:[32m [repeated 219x across cluster][0m
[36m(ClientAppActor pid=76865)[0m    Train:      174 samples (client-local)[32m [repeated 219x across cluster][0m
[36m(ClientAppActor pid=76865)[0m    Validation: 24 samples (client-local)[32m [repeated 219x across cluster][0m
⏭️  Round 27: Evaluation skipped (all n_val=0)
[36m(ClientAppActor pid=76862)[0m [Client 492] ✅ ci loaded from persistent state
[36m(ClientAppActor pid=76863)[0m [Client 687] Data split:[32m [repeated 207x across cluster][0m
[36m(ClientAppActor pid=76863)[0m    Train:      173 samples (client-local)[32m [repeated 207x across cluster][0m
[36m(ClientAppActor pid=76863)[0m    Validation: 24 samples (client-local)[32m [repeated 207x across cluster][0m
[36m(ClientAppActor pid=76863)[0m [Client 202] ✅ ci loaded from persistent state[32m [repeated 214x across cluster][0m
[36m(ClientAppActor pid=76863)[0m [Client 398] Data split:[32m [repeated 205x across cluster][0m
[36m(ClientAppActor pid=76863)[0m    Train:      174 samples (client-local)[32m [repeated 205x across cluster][0m
[36m(ClientAppActor pid=76863)[0m    Validation: 24 samples (client-local)[32m [repeated 205x across cluster][0m
[36m(ClientAppActor pid=76863)[0m [Client 515] ✅ ci loaded from persistent state[32m [repeated 206x across cluster][0m
[36m(ClientAppActor pid=76863)[0m [Client 423] Data split:[32m [repeated 203x across cluster][0m
[36m(ClientAppActor pid=76863)[0m    Train:      173 samples (client-local)[32m [repeated 203x across cluster][0m
[36m(ClientAppActor pid=76863)[0m    Validation: 24 samples (client-local)[32m [repeated 203x across cluster][0m
[36m(ClientAppActor pid=76863)[0m [Client 218] ✅ ci loaded from persistent state[32m [repeated 201x across cluster][0m
   💾 Checkpoint saved: result/splits_iid_scaling/splits_iid_1024_clients.json/SCAFFOLD/all_rounds_run_1/model_round_28_run_1.pt
   💾 Checkpoint saved: result/splits_iid_scaling/splits_iid_1024_clients.json/SCAFFOLD/all_rounds_run_1/model_round_28_run_1.pt
🔧 Round 28: Updated c_global from 768 client Δc_i reports (N=1024)
[36m(ClientAppActor pid=76863)[0m [Client 409] Data split:[32m [repeated 193x across cluster][0m
[36m(ClientAppActor pid=76863)[0m    Train:      174 samples (client-local)[32m [repeated 193x across cluster][0m
[36m(ClientAppActor pid=76863)[0m    Validation: 24 samples (client-local)[32m [repeated 193x across cluster][0m
[36m(ClientAppActor pid=76861)[0m [Client 923] ✅ ci loaded from persistent state[32m [repeated 146x across cluster][0m
[36m(ClientAppActor pid=76863)[0m [Client 308] Data split:[32m [repeated 204x across cluster][0m
[36m(ClientAppActor pid=76863)[0m    Train:      174 samples (client-local)[32m [repeated 204x across cluster][0m
[36m(ClientAppActor pid=76863)[0m    Validation: 24 samples (client-local)[32m [repeated 204x across cluster][0m
[36m(ClientAppActor pid=76863)[0m [Client 819] Data split:[32m [repeated 218x across cluster][0m
[36m(ClientAppActor pid=76863)[0m    Train:      173 samples (client-local)[32m [repeated 218x across cluster][0m
[36m(ClientAppActor pid=76863)[0m    Validation: 24 samples (client-local)[32m [repeated 218x across cluster][0m
[36m(ClientAppActor pid=76863)[0m [Client 888] Data split:[32m [repeated 210x across cluster][0m
[36m(ClientAppActor pid=76863)[0m    Train:      173 samples (client-local)[32m [repeated 210x across cluster][0m
[36m(ClientAppActor pid=76863)[0m    Validation: 24 samples (client-local)[32m [repeated 210x across cluster][0m
[36m(ClientAppActor pid=76864)[0m [Client 4] Data split:[32m [repeated 219x across cluster][0m
[36m(ClientAppActor pid=76864)[0m    Train:      174 samples (client-local)[32m [repeated 219x across cluster][0m
[36m(ClientAppActor pid=76864)[0m    Validation: 24 samples (client-local)[32m [repeated 219x across cluster][0m
⏭️  Round 28: Evaluation skipped (all n_val=0)
[36m(ClientAppActor pid=76864)[0m [Client 201] ✅ ci loaded from persistent state
[36m(ClientAppActor pid=76862)[0m [Client 398] Data split:[32m [repeated 197x across cluster][0m
[36m(ClientAppActor pid=76862)[0m    Train:      174 samples (client-local)[32m [repeated 197x across cluster][0m
[36m(ClientAppActor pid=76862)[0m    Validation: 24 samples (client-local)[32m [repeated 197x across cluster][0m
[36m(ClientAppActor pid=76867)[0m [Client 786] ✅ ci loaded from persistent state[32m [repeated 201x across cluster][0m
[36m(ClientAppActor pid=76865)[0m [Client 541] Data split:[32m [repeated 198x across cluster][0m
[36m(ClientAppActor pid=76865)[0m    Train:      173 samples (client-local)[32m [repeated 198x across cluster][0m
[36m(ClientAppActor pid=76865)[0m    Validation: 24 samples (client-local)[32m [repeated 198x across cluster][0m
[36m(ClientAppActor pid=76868)[0m 
[36m(ClientAppActor pid=76863)[0m [Client 554] ✅ ci loaded from persistent state[32m [repeated 196x across cluster][0m
[36m(ClientAppActor pid=76863)[0m [Client 654] Data split:[32m [repeated 206x across cluster][0m
[36m(ClientAppActor pid=76863)[0m    Train:      173 samples (client-local)[32m [repeated 206x across cluster][0m
[36m(ClientAppActor pid=76863)[0m    Validation: 24 samples (client-local)[32m [repeated 206x across cluster][0m[33m(raylet)[0m [2026-07-26 04:15:22,454 E 76850 9195222] (raylet) file_system_monitor.cc:116: /tmp/ray/session_2026-07-26_03-54-15_074098_76832 is over 95% full, available space: 10.0174 GB; capacity: 452.981 GB. Object creation will fail if spilling is required.
[92mINFO [0m:      aggregate_fit: received 768 results and 0 failures
[92mINFO [0m:      configure_evaluate: strategy sampled 1024 clients (out of 1024)
[33m(raylet)[0m [2026-07-26 04:15:32,508 E 76850 9195222] (raylet) file_system_monitor.cc:116: /tmp/ray/session_2026-07-26_03-54-15_074098_76832 is over 95% full, available space: 9.99982 GB; capacity: 452.981 GB. Object creation will fail if spilling is required.
[33m(raylet)[0m [2026-07-26 04:15:42,580 E 76850 9195222] (raylet) file_system_monitor.cc:116: /tmp/ray/session_2026-07-26_03-54-15_074098_76832 is over 95% full, available space: 9.99821 GB; capacity: 452.981 GB. Object creation will fail if spilling is required.
[33m(raylet)[0m [2026-07-26 04:15:52,659 E 76850 9195222] (raylet) file_system_monitor.cc:116: /tmp/ray/session_2026-07-26_03-54-15_074098_76832 is over 95% full, available space: 9.99695 GB; capacity: 452.981 GB. Object creation will fail if spilling is required.
[92mINFO [0m:      aggregate_evaluate: received 1024 results and 0 failures
[92mINFO [0m:      
[92mINFO [0m:      [ROUND 30]
[92mINFO [0m:      configure_fit: strategy sampled 768 clients (out of 1024)
[33m(raylet)[0m [2026-07-26 04:16:02,682 E 76850 9195222] (raylet) file_system_monitor.cc:116: /tmp/ray/session_2026-07-26_03-54-15_074098_76832 is over 95% full, available space: 9.99556 GB; capacity: 452.981 GB. Object creation will fail if spilling is required.
[33m(raylet)[0m [2026-07-26 04:16:12,792 E 76850 9195222] (raylet) file_system_monitor.cc:116: /tmp/ray/session_2026-07-26_03-54-15_074098_76832 is over 95% full, available space: 9.9937 GB; capacity: 452.981 GB. Object creation will fail if spilling is required.
[92mINFO [0m:      aggregate_fit: received 768 results and 0 failures
[92mINFO [0m:      configure_evaluate: strategy sampled 1024 clients (out of 1024)
[33m(raylet)[0m [2026-07-26 04:16:22,803 E 76850 9195222] (raylet) file_system_monitor.cc:116: /tmp/ray/session_2026-07-26_03-54-15_074098_76832 is over 95% full, available space: 9.99161 GB; capacity: 452.981 GB. Object creation will fail if spilling is required.
[33m(raylet)[0m [2026-07-26 04:16:32,892 E 76850 9195222] (raylet) file_system_monitor.cc:116: /tmp/ray/session_2026-07-26_03-54-15_074098_76832 is over 95% full, available space: 9.99018 GB; capacity: 452.981 GB. Object creation will fail if spilling is required.
[33m(raylet)[0m [2026-07-26 04:16:42,993 E 76850 9195222] (raylet) file_system_monitor.cc:116: /tmp/ray/session_2026-07-26_03-54-15_074098_76832 is over 95% full, available space: 9.9884 GB; capacity: 452.981 GB. Object creation will fail if spilling is required.
[92mINFO [0m:      aggregate_evaluate: received 1024 results and 0 failures
[92mINFO [0m:      
[92mINFO [0m:      [ROUND 31]
[92mINFO [0m:      configure_fit: strategy sampled 768 clients (out of 1024)
[33m(raylet)[0m [2026-07-26 04:16:53,080 E 76850 9195222] (raylet) file_system_monitor.cc:116: /tmp/ray/session_2026-07-26_03-54-15_074098_76832 is over 95% full, available space: 9.98688 GB; capacity: 452.981 GB. Object creation will fail if spilling is required.

[36m(ClientAppActor pid=76863)[0m [Client 638] ✅ ci loaded from persistent state[32m [repeated 204x across cluster][0m
[36m(ClientAppActor pid=76864)[0m [Client 193] Data split:[32m [repeated 201x across cluster][0m
[36m(ClientAppActor pid=76864)[0m    Train:      174 samples (client-local)[32m [repeated 201x across cluster][0m
[36m(ClientAppActor pid=76864)[0m    Validation: 24 samples (client-local)[32m [repeated 201x across cluster][0m
   💾 Checkpoint saved: result/splits_iid_scaling/splits_iid_1024_clients.json/SCAFFOLD/all_rounds_run_1/model_round_29_run_1.pt
   💾 Checkpoint saved: result/splits_iid_scaling/splits_iid_1024_clients.json/SCAFFOLD/all_rounds_run_1/model_round_29_run_1.pt
🔧 Round 29: Updated c_global from 768 client Δc_i reports (N=1024)
[36m(ClientAppActor pid=76866)[0m [Client 331] ✅ ci loaded from persistent state[32m [repeated 166x across cluster][0m
[36m(ClientAppActor pid=76863)[0m [Client 105] Data split:[32m [repeated 163x across cluster][0m
[36m(ClientAppActor pid=76863)[0m    Train:      174 samples (client-local)[32m [repeated 163x across cluster][0m
[36m(ClientAppActor pid=76863)[0m    Validation: 24 samples (client-local)[32m [repeated 163x across cluster][0m
[36m(ClientAppActor pid=76863)[0m [Client 144] Data split:[32m [repeated 204x across cluster][0m
[36m(ClientAppActor pid=76863)[0m    Train:      174 samples (client-local)[32m [repeated 204x across cluster][0m
[36m(ClientAppActor pid=76863)[0m    Validation: 24 samples (client-local)[32m [repeated 204x across cluster][0m
[36m(ClientAppActor pid=76863)[0m [Client 6] Data split:[32m [repeated 208x across cluster][0m
[36m(ClientAppActor pid=76863)[0m    Train:      174 samples (client-local)[32m [repeated 208x across cluster][0m
[36m(ClientAppActor pid=76863)[0m    Validation: 24 samples (client-local)[32m [repeated 208x across cluster][0m
[36m(ClientAppActor pid=76863)[0m [Client 948] Data split:[32m [repeated 195x across cluster][0m
[36m(ClientAppActor pid=76863)[0m    Train:      173 samples (client-local)[32m [repeated 195x across cluster][0m
[36m(ClientAppActor pid=76863)[0m    Validation: 24 samples (client-local)[32m [repeated 195x across cluster][0m
[36m(ClientAppActor pid=76863)[0m [Client 190] Data split:[32m [repeated 200x across cluster][0m
[36m(ClientAppActor pid=76863)[0m    Train:      174 samples (client-local)[32m [repeated 200x across cluster][0m
[36m(ClientAppActor pid=76863)[0m    Validation: 24 samples (client-local)[32m [repeated 200x across cluster][0m
⏭️  Round 29: Evaluation skipped (all n_val=0)
[36m(ClientAppActor pid=76864)[0m [Client 381] ✅ ci loaded from persistent state
[36m(ClientAppActor pid=76863)[0m [Client 982] Data split:[32m [repeated 201x across cluster][0m
[36m(ClientAppActor pid=76863)[0m    Train:      173 samples (client-local)[32m [repeated 201x across cluster][0m
[36m(ClientAppActor pid=76863)[0m    Validation: 24 samples (client-local)[32m [repeated 201x across cluster][0m
[36m(ClientAppActor pid=76867)[0m [Client 955] ✅ ci loaded from persistent state[32m [repeated 194x across cluster][0m
[36m(ClientAppActor pid=76863)[0m [Client 390] Data split:[32m [repeated 191x across cluster][0m
[36m(ClientAppActor pid=76863)[0m    Train:      174 samples (client-local)[32m [repeated 191x across cluster][0m
[36m(ClientAppActor pid=76863)[0m    Validation: 24 samples (client-local)[32m [repeated 191x across cluster][0m
[36m(ClientAppActor pid=76863)[0m [Client 498] ✅ ci loaded from persistent state[32m [repeated 193x across cluster][0m
[36m(ClientAppActor pid=76863)[0m [Client 625] Data split:[32m [repeated 199x across cluster][0m
[36m(ClientAppActor pid=76863)[0m    Train:      173 samples (client-local)[32m [repeated 199x across cluster][0m
[36m(ClientAppActor pid=76863)[0m    Validation: 24 samples (client-local)[32m [repeated 199x across cluster][0m
[36m(ClientAppActor pid=76863)[0m [Client 746] ✅ ci loaded from persistent state[32m [repeated 199x across cluster][0m
[36m(ClientAppActor pid=76863)[0m [Client 153] Data split:[32m [repeated 193x across cluster][0m
[36m(ClientAppActor pid=76863)[0m    Train:      174 samples (client-local)[32m [repeated 193x across cluster][0m
[36m(ClientAppActor pid=76863)[0m    Validation: 24 samples (client-local)[32m [repeated 193x across cluster][0m
   💾 Checkpoint saved: result/splits_iid_scaling/splits_iid_1024_clients.json/SCAFFOLD/all_rounds_run_1/model_round_30_run_1.pt
   💾 Checkpoint saved: result/splits_iid_scaling/splits_iid_1024_clients.json/SCAFFOLD/all_rounds_run_1/model_round_30_run_1.pt
🔧 Round 30: Updated c_global from 768 client Δc_i reports (N=1024)
[36m(ClientAppActor pid=76861)[0m [Client 843] ✅ ci loaded from persistent state[32m [repeated 181x across cluster][0m
[36m(ClientAppActor pid=76863)[0m [Client 647] Data split:[32m [repeated 177x across cluster][0m
[36m(ClientAppActor pid=76863)[0m    Train:      173 samples (client-local)[32m [repeated 177x across cluster][0m
[36m(ClientAppActor pid=76863)[0m    Validation: 24 samples (client-local)[32m [repeated 177x across cluster][0m
[36m(ClientAppActor pid=76863)[0m [Client 300] Data split:[32m [repeated 197x across cluster][0m
[36m(ClientAppActor pid=76863)[0m    Train:      174 samples (client-local)[32m [repeated 197x across cluster][0m
[36m(ClientAppActor pid=76863)[0m    Validation: 24 samples (client-local)[32m [repeated 197x across cluster][0m
[36m(ClientAppActor pid=76864)[0m [Client 808] Data split:[32m [repeated 206x across cluster][0m
[36m(ClientAppActor pid=76864)[0m    Train:      173 samples (client-local)[32m [repeated 206x across cluster][0m
[36m(ClientAppActor pid=76864)[0m    Validation: 24 samples (client-local)[32m [repeated 206x across cluster][0m
[36m(ClientAppActor pid=76863)[0m [Client 527] Data split:[32m [repeated 204x across cluster][0m
[36m(ClientAppActor pid=76863)[0m    Train:      173 samples (client-local)[32m [repeated 204x across cluster][0m
[36m(ClientAppActor pid=76863)[0m    Validation: 24 samples (client-local)[32m [repeated 204x across cluster][0m
[36m(ClientAppActor pid=76863)[0m [Client 198] Data split:[32m [repeated 209x across cluster][0m
[36m(ClientAppActor pid=76863)[0m    Train:      174 samples (client-local)[32m [repeated 209x across cluster][0m
[36m(ClientAppActor pid=76863)[0m    Validation: 24 samples (client-local)[32m [repeated 209x across cluster][0m
[36m(ClientAppActor pid=76863)[0m [Client 1017] Data split:[32m [repeated 202x across cluster][0m
[36m(ClientAppActor pid=76863)[0m    Train:      173 samples (client-local)[32m [repeated 202x across cluster][0m
[36m(ClientAppActor pid=76863)[0m    Validation: 24 samples (client-local)[32m [repeated 202x across cluster][0m

📊 Multi-Threshold Aggregation:
   Valid clients: 1024
   Evaluated 12 thresholds:
     Thr=0.15: Rec=1.000, Spec=0.010, F1=0.246
     Thr=0.20: Rec=0.998, Spec=0.057, F1=0.255
     Thr=0.25: Rec=0.995, Spec=0.151, F1=0.275
     ... (+ 9 more)

💾 Round 30: Saved round_30_run_1.json
[36m(ClientAppActor pid=76863)[0m [Client 483] ✅ ci loaded from persistent state
[36m(ClientAppActor pid=76862)[0m [Client 632] Data split:[32m [repeated 191x across cluster][0m
[36m(ClientAppActor pid=76862)[0m    Train:      173 samples (client-local)[32m [repeated 191x across cluster][0m
[36m(ClientAppActor pid=76862)[0m    Validation: 24 samples (client-local)[32m [repeated 191x across cluster][0m
[36m(ClientAppActor pid=76862)[0m [Client 360] ✅ ci loaded from persistent state[32m [repeated 199x across cluster][0m
[36m(ClientAppActor pid=76863)[0m [Client 233] Data split:[32m [repeated 203x across cluster][0m
[36m(ClientAppActor pid=76863)[0m    Train:      174 samples (client-local)[32m [repeated 203x across cluster][0m
[36m(ClientAppActor pid=76863)[0m    Validation: 24 samples (client-local)[32m [repeated 203x across cluster][0m
[36m(ClientAppActor pid=76862)[0m [Client 553] ✅ ci loaded from persistent state[32m [repeated 204x across cluster][0m[33m(raylet)[0m [2026-07-26 04:17:03,094 E 76850 9195222] (raylet) file_system_monitor.cc:116: /tmp/ray/session_2026-07-26_03-54-15_074098_76832 is over 95% full, available space: 9.98515 GB; capacity: 452.981 GB. Object creation will fail if spilling is required.
[92mINFO [0m:      aggregate_fit: received 768 results and 0 failures
[92mINFO [0m:      configure_evaluate: strategy sampled 1024 clients (out of 1024)
[33m(raylet)[0m [2026-07-26 04:17:13,178 E 76850 9195222] (raylet) file_system_monitor.cc:116: /tmp/ray/session_2026-07-26_03-54-15_074098_76832 is over 95% full, available space: 9.98186 GB; capacity: 452.981 GB. Object creation will fail if spilling is required.
[33m(raylet)[0m [2026-07-26 04:17:23,259 E 76850 9195222] (raylet) file_system_monitor.cc:116: /tmp/ray/session_2026-07-26_03-54-15_074098_76832 is over 95% full, available space: 9.99262 GB; capacity: 452.981 GB. Object creation will fail if spilling is required.
[92mINFO [0m:      aggregate_evaluate: received 1024 results and 0 failures
[92mINFO [0m:      
[92mINFO [0m:      [ROUND 32]
[92mINFO [0m:      configure_fit: strategy sampled 768 clients (out of 1024)
[33m(raylet)[0m [2026-07-26 04:17:33,323 E 76850 9195222] (raylet) file_system_monitor.cc:116: /tmp/ray/session_2026-07-26_03-54-15_074098_76832 is over 95% full, available space: 9.99887 GB; capacity: 452.981 GB. Object creation will fail if spilling is required.
[33m(raylet)[0m [2026-07-26 04:17:43,324 E 76850 9195222] (raylet) file_system_monitor.cc:116: /tmp/ray/session_2026-07-26_03-54-15_074098_76832 is over 95% full, available space: 9.98962 GB; capacity: 452.981 GB. Object creation will fail if spilling is required.
[33m(raylet)[0m [2026-07-26 04:17:53,342 E 76850 9195222] (raylet) file_system_monitor.cc:116: /tmp/ray/session_2026-07-26_03-54-15_074098_76832 is over 95% full, available space: 9.97904 GB; capacity: 452.981 GB. Object creation will fail if spilling is required.
[92mINFO [0m:      aggregate_fit: received 768 results and 0 failures
[92mINFO [0m:      configure_evaluate: strategy sampled 1024 clients (out of 1024)
[33m(raylet)[0m [2026-07-26 04:18:03,382 E 76850 9195222] (raylet) file_system_monitor.cc:116: /tmp/ray/session_2026-07-26_03-54-15_074098_76832 is over 95% full, available space: 9.98051 GB; capacity: 452.981 GB. Object creation will fail if spilling is required.
[33m(raylet)[0m [2026-07-26 04:18:13,484 E 76850 9195222] (raylet) file_system_monitor.cc:116: /tmp/ray/session_2026-07-26_03-54-15_074098_76832 is over 95% full, available space: 9.97967 GB; capacity: 452.981 GB. Object creation will fail if spilling is required.
[92mINFO [0m:      aggregate_evaluate: received 1024 results and 0 failures
[92mINFO [0m:      
[92mINFO [0m:      [ROUND 33]
[92mINFO [0m:      configure_fit: strategy sampled 768 clients (out of 1024)
[33m(raylet)[0m [2026-07-26 04:18:23,495 E 76850 9195222] (raylet) file_system_monitor.cc:116: /tmp/ray/session_2026-07-26_03-54-15_074098_76832 is over 95% full, available space: 9.98843 GB; capacity: 452.981 GB. Object creation will fail if spilling is required.

[36m(ClientAppActor pid=76863)[0m [Client 496] Data split:[32m [repeated 185x across cluster][0m
[36m(ClientAppActor pid=76863)[0m    Train:      173 samples (client-local)[32m [repeated 185x across cluster][0m
[36m(ClientAppActor pid=76863)[0m    Validation: 24 samples (client-local)[32m [repeated 185x across cluster][0m
[36m(ClientAppActor pid=76863)[0m [Client 867] ✅ ci loaded from persistent state[32m [repeated 190x across cluster][0m
   💾 Checkpoint saved: result/splits_iid_scaling/splits_iid_1024_clients.json/SCAFFOLD/all_rounds_run_1/model_round_31_run_1.pt
   💾 Checkpoint saved: result/splits_iid_scaling/splits_iid_1024_clients.json/SCAFFOLD/all_rounds_run_1/model_round_31_run_1.pt
🔧 Round 31: Updated c_global from 768 client Δc_i reports (N=1024)
[36m(ClientAppActor pid=76863)[0m [Client 545] Data split:[32m [repeated 195x across cluster][0m
[36m(ClientAppActor pid=76863)[0m    Train:      173 samples (client-local)[32m [repeated 195x across cluster][0m
[36m(ClientAppActor pid=76863)[0m    Validation: 24 samples (client-local)[32m [repeated 195x across cluster][0m
[36m(ClientAppActor pid=76862)[0m [Client 638] ✅ ci loaded from persistent state[32m [repeated 174x across cluster][0m
[36m(ClientAppActor pid=76861)[0m 
[36m(ClientAppActor pid=76867)[0m [Client 555] Data split:[32m [repeated 146x across cluster][0m
[36m(ClientAppActor pid=76867)[0m    Train:      173 samples (client-local)[32m [repeated 146x across cluster][0m
[36m(ClientAppActor pid=76867)[0m    Validation: 24 samples (client-local)[32m [repeated 146x across cluster][0m
[36m(ClientAppActor pid=76867)[0m [Client 929] Data split:[32m [repeated 172x across cluster][0m
[36m(ClientAppActor pid=76867)[0m    Train:      173 samples (client-local)[32m [repeated 172x across cluster][0m
[36m(ClientAppActor pid=76867)[0m    Validation: 24 samples (client-local)[32m [repeated 172x across cluster][0m
[36m(ClientAppActor pid=76863)[0m [Client 906] Data split:[32m [repeated 203x across cluster][0m
[36m(ClientAppActor pid=76863)[0m    Train:      173 samples (client-local)[32m [repeated 203x across cluster][0m
[36m(ClientAppActor pid=76863)[0m    Validation: 24 samples (client-local)[32m [repeated 203x across cluster][0m
[36m(ClientAppActor pid=76863)[0m [Client 955] Data split:[32m [repeated 205x across cluster][0m
[36m(ClientAppActor pid=76863)[0m    Train:      173 samples (client-local)[32m [repeated 205x across cluster][0m
[36m(ClientAppActor pid=76863)[0m    Validation: 24 samples (client-local)[32m [repeated 205x across cluster][0m
[36m(ClientAppActor pid=76863)[0m [Client 207] Data split:[32m [repeated 197x across cluster][0m
[36m(ClientAppActor pid=76863)[0m    Train:      174 samples (client-local)[32m [repeated 197x across cluster][0m
[36m(ClientAppActor pid=76863)[0m    Validation: 24 samples (client-local)[32m [repeated 197x across cluster][0m
⏭️  Round 31: Evaluation skipped (all n_val=0)
[36m(ClientAppActor pid=76865)[0m [Client 272] ✅ ci loaded from persistent state
[36m(ClientAppActor pid=76861)[0m 
[36m(ClientAppActor pid=76863)[0m [Client 769] Data split:[32m [repeated 187x across cluster][0m
[36m(ClientAppActor pid=76863)[0m    Train:      173 samples (client-local)[32m [repeated 187x across cluster][0m
[36m(ClientAppActor pid=76863)[0m    Validation: 24 samples (client-local)[32m [repeated 187x across cluster][0m
[36m(ClientAppActor pid=76863)[0m [Client 822] ✅ ci loaded from persistent state[32m [repeated 196x across cluster][0m
[36m(ClientAppActor pid=76863)[0m [Client 752] Data split:[32m [repeated 196x across cluster][0m
[36m(ClientAppActor pid=76862)[0m    Train:      174 samples (client-local)[32m [repeated 195x across cluster][0m
[36m(ClientAppActor pid=76862)[0m    Validation: 24 samples (client-local)[32m [repeated 195x across cluster][0m
[36m(ClientAppActor pid=76862)[0m [Client 737] ✅ ci loaded from persistent state[32m [repeated 188x across cluster][0m
[36m(ClientAppActor pid=76864)[0m [Client 933] Data split:[32m [repeated 190x across cluster][0m
[36m(ClientAppActor pid=76864)[0m    Train:      173 samples (client-local)[32m [repeated 191x across cluster][0m
[36m(ClientAppActor pid=76864)[0m    Validation: 24 samples (client-local)[32m [repeated 191x across cluster][0m
[36m(ClientAppActor pid=76864)[0m [Client 835] ✅ ci loaded from persistent state[32m [repeated 177x across cluster][0m
[36m(ClientAppActor pid=76862)[0m [Client 526] Data split:[32m [repeated 179x across cluster][0m
[36m(ClientAppActor pid=76862)[0m    Train:      173 samples (client-local)[32m [repeated 179x across cluster][0m
[36m(ClientAppActor pid=76862)[0m    Validation: 24 samples (client-local)[32m [repeated 179x across cluster][0m
[36m(ClientAppActor pid=76862)[0m [Client 185] ✅ ci loaded from persistent state[32m [repeated 184x across cluster][0m
   💾 Checkpoint saved: result/splits_iid_scaling/splits_iid_1024_clients.json/SCAFFOLD/all_rounds_run_1/model_round_32_run_1.pt
   💾 Checkpoint saved: result/splits_iid_scaling/splits_iid_1024_clients.json/SCAFFOLD/all_rounds_run_1/model_round_32_run_1.pt
🔧 Round 32: Updated c_global from 768 client Δc_i reports (N=1024)
[36m(ClientAppActor pid=76861)[0m [Client 986] Data split:[32m [repeated 151x across cluster][0m
[36m(ClientAppActor pid=76861)[0m    Train:      173 samples (client-local)[32m [repeated 151x across cluster][0m
[36m(ClientAppActor pid=76861)[0m    Validation: 24 samples (client-local)[32m [repeated 151x across cluster][0m
[36m(ClientAppActor pid=76862)[0m [Client 350] ✅ ci loaded from persistent state[32m [repeated 22x across cluster][0m
[36m(ClientAppActor pid=76863)[0m [Client 1006] Data split:[32m [repeated 195x across cluster][0m
[36m(ClientAppActor pid=76863)[0m    Train:      173 samples (client-local)[32m [repeated 195x across cluster][0m
[36m(ClientAppActor pid=76863)[0m    Validation: 24 samples (client-local)[32m [repeated 195x across cluster][0m
[36m(ClientAppActor pid=76864)[0m [Client 897] Data split:[32m [repeated 204x across cluster][0m
[36m(ClientAppActor pid=76864)[0m    Train:      173 samples (client-local)[32m [repeated 204x across cluster][0m
[36m(ClientAppActor pid=76864)[0m    Validation: 24 samples (client-local)[32m [repeated 204x across cluster][0m
[36m(ClientAppActor pid=76863)[0m [Client 162] Data split:[32m [repeated 198x across cluster][0m
[36m(ClientAppActor pid=76863)[0m    Train:      174 samples (client-local)[32m [repeated 198x across cluster][0m
[36m(ClientAppActor pid=76863)[0m    Validation: 24 samples (client-local)[32m [repeated 198x across cluster][0m
[36m(ClientAppActor pid=76864)[0m [Client 761] Data split:[32m [repeated 188x across cluster][0m
[36m(ClientAppActor pid=76864)[0m    Train:      173 samples (client-local)[32m [repeated 188x across cluster][0m
[36m(ClientAppActor pid=76864)[0m    Validation: 24 samples (client-local)[32m [repeated 188x across cluster][0m
[36m(ClientAppActor pid=76867)[0m [Client 922] Data split:[32m [repeated 199x across cluster][0m
[36m(ClientAppActor pid=76867)[0m    Train:      173 samples (client-local)[32m [repeated 199x across cluster][0m
[36m(ClientAppActor pid=76867)[0m    Validation: 24 samples (client-local)[32m [repeated 199x across cluster][0m
⏭️  Round 32: Evaluation skipped (all n_val=0)
[36m(ClientAppActor pid=76863)[0m [Client 453] ✅ ci loaded from persistent state
[36m(ClientAppActor pid=76863)[0m [Client 89] Data split:[32m [repeated 181x across cluster][0m
[36m(ClientAppActor pid=76863)[0m    Train:      174 samples (client-local)[32m [repeated 181x across cluster][0m
[36m(ClientAppActor pid=76863)[0m    Validation: 24 samples (client-local)[32m [repeated 181x across cluster][0m
[36m(ClientAppActor pid=76867)[0m [Client 267] ✅ ci loaded from persistent state[32m [repeated 191x across cluster][0m
[36m(ClientAppActor pid=76864)[0m [Client 563] Data split:[32m [repeated 119x across cluster][0m
[36m(ClientAppActor pid=76864)[0m    Train:      173 samples (client-local)[32m [repeated 119x across cluster][0m[33m(raylet)[0m [2026-07-26 04:18:33,509 E 76850 9195222] (raylet) file_system_monitor.cc:116: /tmp/ray/session_2026-07-26_03-54-15_074098_76832 is over 95% full, available space: 8.99444 GB; capacity: 452.981 GB. Object creation will fail if spilling is required.
[33m(raylet)[0m [2026-07-26 04:18:43,521 E 76850 9195222] (raylet) file_system_monitor.cc:116: /tmp/ray/session_2026-07-26_03-54-15_074098_76832 is over 95% full, available space: 8.99415 GB; capacity: 452.981 GB. Object creation will fail if spilling is required.
[92mINFO [0m:      aggregate_fit: received 768 results and 0 failures
[33m(raylet)[0m [2026-07-26 04:18:53,527 E 76850 9195222] (raylet) file_system_monitor.cc:116: /tmp/ray/session_2026-07-26_03-54-15_074098_76832 is over 95% full, available space: 8.99299 GB; capacity: 452.981 GB. Object creation will fail if spilling is required.
[92mINFO [0m:      configure_evaluate: strategy sampled 1024 clients (out of 1024)
[33m(raylet)[0m [2026-07-26 04:19:03,558 E 76850 9195222] (raylet) file_system_monitor.cc:116: /tmp/ray/session_2026-07-26_03-54-15_074098_76832 is over 95% full, available space: 8.99611 GB; capacity: 452.981 GB. Object creation will fail if spilling is required.
[33m(raylet)[0m [2026-07-26 04:19:13,650 E 76850 9195222] (raylet) file_system_monitor.cc:116: /tmp/ray/session_2026-07-26_03-54-15_074098_76832 is over 95% full, available space: 8.99466 GB; capacity: 452.981 GB. Object creation will fail if spilling is required.
[92mINFO [0m:      aggregate_evaluate: received 1024 results and 0 failures
[92mINFO [0m:      
[92mINFO [0m:      [ROUND 34]
[92mINFO [0m:      configure_fit: strategy sampled 768 clients (out of 1024)
[33m(raylet)[0m [2026-07-26 04:19:23,733 E 76850 9195222] (raylet) file_system_monitor.cc:116: /tmp/ray/session_2026-07-26_03-54-15_074098_76832 is over 95% full, available space: 8.99409 GB; capacity: 452.981 GB. Object creation will fail if spilling is required.
[33m(raylet)[0m [2026-07-26 04:19:33,807 E 76850 9195222] (raylet) file_system_monitor.cc:116: /tmp/ray/session_2026-07-26_03-54-15_074098_76832 is over 95% full, available space: 8.99046 GB; capacity: 452.981 GB. Object creation will fail if spilling is required.
[92mINFO [0m:      aggregate_fit: received 768 results and 0 failures
[92mINFO [0m:      configure_evaluate: strategy sampled 1024 clients (out of 1024)
[33m(raylet)[0m [2026-07-26 04:19:43,888 E 76850 9195222] (raylet) file_system_monitor.cc:116: /tmp/ray/session_2026-07-26_03-54-15_074098_76832 is over 95% full, available space: 8.99004 GB; capacity: 452.981 GB. Object creation will fail if spilling is required.
[33m(raylet)[0m [2026-07-26 04:19:53,990 E 76850 9195222] (raylet) file_system_monitor.cc:116: /tmp/ray/session_2026-07-26_03-54-15_074098_76832 is over 95% full, available space: 9.00022 GB; capacity: 452.981 GB. Object creation will fail if spilling is required.

[36m(ClientAppActor pid=76864)[0m    Validation: 24 samples (client-local)[32m [repeated 119x across cluster][0m
[36m(ClientAppActor pid=76864)[0m [Client 682] ✅ ci loaded from persistent state[32m [repeated 108x across cluster][0m
[36m(ClientAppActor pid=76863)[0m [Client 370] Data split:[32m [repeated 105x across cluster][0m
[36m(ClientAppActor pid=76863)[0m    Train:      174 samples (client-local)[32m [repeated 105x across cluster][0m
[36m(ClientAppActor pid=76863)[0m    Validation: 24 samples (client-local)[32m [repeated 105x across cluster][0m
[36m(ClientAppActor pid=76866)[0m [Client 990] ✅ ci loaded from persistent state[32m [repeated 109x across cluster][0m
[36m(ClientAppActor pid=76864)[0m [Client 19] Data split:[32m [repeated 101x across cluster][0m
[36m(ClientAppActor pid=76864)[0m    Train:      174 samples (client-local)[32m [repeated 101x across cluster][0m
[36m(ClientAppActor pid=76864)[0m    Validation: 24 samples (client-local)[32m [repeated 101x across cluster][0m
[36m(ClientAppActor pid=76866)[0m [Client 771] ✅ ci loaded from persistent state[32m [repeated 100x across cluster][0m
[36m(ClientAppActor pid=76865)[0m [Client 817] Data split:[32m [repeated 104x across cluster][0m
[36m(ClientAppActor pid=76865)[0m    Train:      173 samples (client-local)[32m [repeated 104x across cluster][0m
[36m(ClientAppActor pid=76865)[0m    Validation: 24 samples (client-local)[32m [repeated 104x across cluster][0m
[36m(ClientAppActor pid=76864)[0m [Client 881] ✅ ci loaded from persistent state[32m [repeated 100x across cluster][0m
[36m(ClientAppActor pid=76864)[0m [Client 368] Data split:[32m [repeated 97x across cluster][0m
[36m(ClientAppActor pid=76864)[0m    Train:      174 samples (client-local)[32m [repeated 97x across cluster][0m
[36m(ClientAppActor pid=76864)[0m    Validation: 24 samples (client-local)[32m [repeated 97x across cluster][0m
[36m(ClientAppActor pid=76866)[0m [Client 995] ✅ ci loaded from persistent state[32m [repeated 103x across cluster][0m
   💾 Checkpoint saved: result/splits_iid_scaling/splits_iid_1024_clients.json/SCAFFOLD/all_rounds_run_1/model_round_33_run_1.pt
   💾 Checkpoint saved: result/splits_iid_scaling/splits_iid_1024_clients.json/SCAFFOLD/all_rounds_run_1/model_round_33_run_1.pt
🔧 Round 33: Updated c_global from 768 client Δc_i reports (N=1024)
[36m(ClientAppActor pid=76867)[0m [Client 531] Data split:[32m [repeated 139x across cluster][0m
[36m(ClientAppActor pid=76867)[0m    Train:      173 samples (client-local)[32m [repeated 139x across cluster][0m
[36m(ClientAppActor pid=76867)[0m    Validation: 24 samples (client-local)[32m [repeated 139x across cluster][0m
[36m(ClientAppActor pid=76862)[0m [Client 341] ✅ ci loaded from persistent state[32m [repeated 56x across cluster][0m
[36m(ClientAppActor pid=76865)[0m 
[36m(ClientAppActor pid=76863)[0m [Client 124] Data split:[32m [repeated 199x across cluster][0m
[36m(ClientAppActor pid=76863)[0m    Train:      174 samples (client-local)[32m [repeated 199x across cluster][0m
[36m(ClientAppActor pid=76863)[0m    Validation: 24 samples (client-local)[32m [repeated 199x across cluster][0m
[36m(ClientAppActor pid=76864)[0m [Client 365] Data split:[32m [repeated 201x across cluster][0m
[36m(ClientAppActor pid=76864)[0m    Train:      174 samples (client-local)[32m [repeated 201x across cluster][0m
[36m(ClientAppActor pid=76864)[0m    Validation: 24 samples (client-local)[32m [repeated 201x across cluster][0m
[36m(ClientAppActor pid=76863)[0m [Client 623] Data split:[32m [repeated 204x across cluster][0m
[36m(ClientAppActor pid=76863)[0m    Train:      173 samples (client-local)[32m [repeated 204x across cluster][0m
[36m(ClientAppActor pid=76863)[0m    Validation: 24 samples (client-local)[32m [repeated 204x across cluster][0m
[36m(ClientAppActor pid=76864)[0m [Client 64] Data split:[32m [repeated 196x across cluster][0m
[36m(ClientAppActor pid=76864)[0m    Train:      174 samples (client-local)[32m [repeated 196x across cluster][0m
[36m(ClientAppActor pid=76864)[0m    Validation: 24 samples (client-local)[32m [repeated 196x across cluster][0m
⏭️  Round 33: Evaluation skipped (all n_val=0)
[36m(ClientAppActor pid=76863)[0m [Client 385] ✅ ci loaded from persistent state
[36m(ClientAppActor pid=76862)[0m [Client 650] Data split:[32m [repeated 189x across cluster][0m
[36m(ClientAppActor pid=76862)[0m    Train:      173 samples (client-local)[32m [repeated 189x across cluster][0m
[36m(ClientAppActor pid=76862)[0m    Validation: 24 samples (client-local)[32m [repeated 189x across cluster][0m
[36m(ClientAppActor pid=76863)[0m [Client 279] ✅ ci loaded from persistent state[32m [repeated 181x across cluster][0m
[36m(ClientAppActor pid=76863)[0m [Client 42] Data split:[32m [repeated 180x across cluster][0m
[36m(ClientAppActor pid=76863)[0m    Train:      174 samples (client-local)[32m [repeated 180x across cluster][0m
[36m(ClientAppActor pid=76863)[0m    Validation: 24 samples (client-local)[32m [repeated 180x across cluster][0m
[36m(ClientAppActor pid=76863)[0m [Client 592] ✅ ci loaded from persistent state[32m [repeated 183x across cluster][0m
[36m(ClientAppActor pid=76862)[0m [Client 177] Data split:[32m [repeated 183x across cluster][0m
[36m(ClientAppActor pid=76862)[0m    Train:      174 samples (client-local)[32m [repeated 183x across cluster][0m
[36m(ClientAppActor pid=76862)[0m    Validation: 24 samples (client-local)[32m [repeated 183x across cluster][0m
[36m(ClientAppActor pid=76866)[0m [Client 506] ✅ ci loaded from persistent state[32m [repeated 186x across cluster][0m
[36m(ClientAppActor pid=76863)[0m [Client 15] Data split:[32m [repeated 186x across cluster][0m
[36m(ClientAppActor pid=76863)[0m    Train:      174 samples (client-local)[32m [repeated 186x across cluster][0m
[36m(ClientAppActor pid=76863)[0m    Validation: 24 samples (client-local)[32m [repeated 186x across cluster][0m
[36m(ClientAppActor pid=76863)[0m [Client 886] ✅ ci loaded from persistent state[32m [repeated 175x across cluster][0m
[36m(ClientAppActor pid=76863)[0m [Client 178] Data split:[32m [repeated 176x across cluster][0m
[36m(ClientAppActor pid=76863)[0m    Train:      174 samples (client-local)[32m [repeated 176x across cluster][0m
[36m(ClientAppActor pid=76863)[0m    Validation: 24 samples (client-local)[32m [repeated 176x across cluster][0m
   💾 Checkpoint saved: result/splits_iid_scaling/splits_iid_1024_clients.json/SCAFFOLD/all_rounds_run_1/model_round_34_run_1.pt
   💾 Checkpoint saved: result/splits_iid_scaling/splits_iid_1024_clients.json/SCAFFOLD/all_rounds_run_1/model_round_34_run_1.pt
🔧 Round 34: Updated c_global from 768 client Δc_i reports (N=1024)
[36m(ClientAppActor pid=76861)[0m [Client 841] ✅ ci loaded from persistent state[32m [repeated 42x across cluster][0m
[36m(ClientAppActor pid=76862)[0m [Client 350] Data split:[32m [repeated 141x across cluster][0m
[36m(ClientAppActor pid=76862)[0m    Train:      174 samples (client-local)[32m [repeated 141x across cluster][0m
[36m(ClientAppActor pid=76862)[0m    Validation: 24 samples (client-local)[32m [repeated 141x across cluster][0m
[36m(ClientAppActor pid=76863)[0m [Client 316] Data split:[32m [repeated 196x across cluster][0m
[36m(ClientAppActor pid=76863)[0m    Train:      174 samples (client-local)[32m [repeated 196x across cluster][0m
[36m(ClientAppActor pid=76863)[0m    Validation: 24 samples (client-local)[32m [repeated 196x across cluster][0m
[36m(ClientAppActor pid=76863)[0m [Client 662] Data split:[32m [repeated 197x across cluster][0m
[36m(ClientAppActor pid=76863)[0m    Train:      173 samples (client-local)[32m [repeated 197x across cluster][0m
[36m(ClientAppActor pid=76863)[0m    Validation: 24 samples (client-local)[32m [repeated 197x across cluster][0m
[36m(ClientAppActor pid=76863)[0m [Client 189] Data split:[32m [repeated 203x across cluster][0m
[36m(ClientAppActor pid=76863)[0m    Train:      174 samples (client-local)[32m [repeated 203x across cluster][0m[33m(raylet)[0m [2026-07-26 04:20:04,063 E 76850 9195222] (raylet) file_system_monitor.cc:116: /tmp/ray/session_2026-07-26_03-54-15_074098_76832 is over 95% full, available space: 8.99887 GB; capacity: 452.981 GB. Object creation will fail if spilling is required.
[92mINFO [0m:      aggregate_evaluate: received 1024 results and 0 failures
[92mINFO [0m:      
[92mINFO [0m:      [ROUND 35]
[92mINFO [0m:      configure_fit: strategy sampled 768 clients (out of 1024)
[33m(raylet)[0m [2026-07-26 04:20:14,063 E 76850 9195222] (raylet) file_system_monitor.cc:116: /tmp/ray/session_2026-07-26_03-54-15_074098_76832 is over 95% full, available space: 8.99345 GB; capacity: 452.981 GB. Object creation will fail if spilling is required.
[33m(raylet)[0m [2026-07-26 04:20:24,101 E 76850 9195222] (raylet) file_system_monitor.cc:116: /tmp/ray/session_2026-07-26_03-54-15_074098_76832 is over 95% full, available space: 8.99196 GB; capacity: 452.981 GB. Object creation will fail if spilling is required.
[92mINFO [0m:      aggregate_fit: received 768 results and 0 failures
[92mINFO [0m:      configure_evaluate: strategy sampled 1024 clients (out of 1024)
[33m(raylet)[0m [2026-07-26 04:20:34,135 E 76850 9195222] (raylet) file_system_monitor.cc:116: /tmp/ray/session_2026-07-26_03-54-15_074098_76832 is over 95% full, available space: 8.98522 GB; capacity: 452.981 GB. Object creation will fail if spilling is required.
[33m(raylet)[0m [2026-07-26 04:20:44,179 E 76850 9195222] (raylet) file_system_monitor.cc:116: /tmp/ray/session_2026-07-26_03-54-15_074098_76832 is over 95% full, available space: 8.99291 GB; capacity: 452.981 GB. Object creation will fail if spilling is required.
[33m(raylet)[0m [2026-07-26 04:20:54,199 E 76850 9195222] (raylet) file_system_monitor.cc:116: /tmp/ray/session_2026-07-26_03-54-15_074098_76832 is over 95% full, available space: 8.9936 GB; capacity: 452.981 GB. Object creation will fail if spilling is required.
[92mINFO [0m:      aggregate_evaluate: received 1024 results and 0 failures
[92mINFO [0m:      
[92mINFO [0m:      [ROUND 36]
[92mINFO [0m:      configure_fit: strategy sampled 768 clients (out of 1024)
[33m(raylet)[0m [2026-07-26 04:21:04,220 E 76850 9195222] (raylet) file_system_monitor.cc:116: /tmp/ray/session_2026-07-26_03-54-15_074098_76832 is over 95% full, available space: 8.98495 GB; capacity: 452.981 GB. Object creation will fail if spilling is required.
[33m(raylet)[0m [2026-07-26 04:21:14,221 E 76850 9195222] (raylet) file_system_monitor.cc:116: /tmp/ray/session_2026-07-26_03-54-15_074098_76832 is over 95% full, available space: 8.98438 GB; capacity: 452.981 GB. Object creation will fail if spilling is required.
[92mINFO [0m:      aggregate_fit: received 768 results and 0 failures
[92mINFO [0m:      configure_evaluate: strategy sampled 1024 clients (out of 1024)
[33m(raylet)[0m [2026-07-26 04:21:24,343 E 76850 9195222] (raylet) file_system_monitor.cc:116: /tmp/ray/session_2026-07-26_03-54-15_074098_76832 is over 95% full, available space: 8.97941 GB; capacity: 452.981 GB. Object creation will fail if spilling is required.
[33m(raylet)[0m [2026-07-26 04:21:34,370 E 76850 9195222] (raylet) file_system_monitor.cc:116: /tmp/ray/session_2026-07-26_03-54-15_074098_76832 is over 95% full, available space: 8.97812 GB; capacity: 452.981 GB. Object creation will fail if spilling is required.

[36m(ClientAppActor pid=76863)[0m    Validation: 24 samples (client-local)[32m [repeated 203x across cluster][0m
[36m(ClientAppActor pid=76863)[0m [Client 824] Data split:[32m [repeated 203x across cluster][0m
[36m(ClientAppActor pid=76863)[0m    Train:      173 samples (client-local)[32m [repeated 203x across cluster][0m
[36m(ClientAppActor pid=76863)[0m    Validation: 24 samples (client-local)[32m [repeated 203x across cluster][0m
⏭️  Round 34: Evaluation skipped (all n_val=0)
[36m(ClientAppActor pid=76863)[0m [Client 439] ✅ ci loaded from persistent state
[36m(ClientAppActor pid=76862)[0m [Client 604] Data split:[32m [repeated 197x across cluster][0m
[36m(ClientAppActor pid=76862)[0m    Train:      173 samples (client-local)[32m [repeated 197x across cluster][0m
[36m(ClientAppActor pid=76862)[0m    Validation: 24 samples (client-local)[32m [repeated 197x across cluster][0m
[36m(ClientAppActor pid=76863)[0m [Client 294] ✅ ci loaded from persistent state[32m [repeated 200x across cluster][0m
[36m(ClientAppActor pid=76863)[0m [Client 246] Data split:[32m [repeated 193x across cluster][0m
[36m(ClientAppActor pid=76863)[0m    Train:      174 samples (client-local)[32m [repeated 193x across cluster][0m
[36m(ClientAppActor pid=76863)[0m    Validation: 24 samples (client-local)[32m [repeated 193x across cluster][0m
[36m(ClientAppActor pid=76863)[0m [Client 469] ✅ ci loaded from persistent state[32m [repeated 195x across cluster][0m
[36m(ClientAppActor pid=76863)[0m [Client 209] Data split:[32m [repeated 196x across cluster][0m
[36m(ClientAppActor pid=76863)[0m    Train:      174 samples (client-local)[32m [repeated 196x across cluster][0m
[36m(ClientAppActor pid=76863)[0m    Validation: 24 samples (client-local)[32m [repeated 196x across cluster][0m
[36m(ClientAppActor pid=76864)[0m [Client 494] ✅ ci loaded from persistent state[32m [repeated 193x across cluster][0m
[36m(ClientAppActor pid=76863)[0m [Client 840] Data split:[32m [repeated 196x across cluster][0m
[36m(ClientAppActor pid=76863)[0m    Train:      173 samples (client-local)[32m [repeated 196x across cluster][0m
[36m(ClientAppActor pid=76863)[0m    Validation: 24 samples (client-local)[32m [repeated 196x across cluster][0m
   💾 Checkpoint saved: result/splits_iid_scaling/splits_iid_1024_clients.json/SCAFFOLD/all_rounds_run_1/model_round_35_run_1.pt
   💾 Checkpoint saved: result/splits_iid_scaling/splits_iid_1024_clients.json/SCAFFOLD/all_rounds_run_1/model_round_35_run_1.pt
🔧 Round 35: Updated c_global from 768 client Δc_i reports (N=1024)
[36m(ClientAppActor pid=76864)[0m [Client 824] ✅ ci loaded from persistent state[32m [repeated 179x across cluster][0m
[36m(ClientAppActor pid=76867)[0m 
[36m(ClientAppActor pid=76867)[0m [Client 796] Data split:[32m [repeated 164x across cluster][0m
[36m(ClientAppActor pid=76867)[0m    Train:      173 samples (client-local)[32m [repeated 164x across cluster][0m
[36m(ClientAppActor pid=76867)[0m    Validation: 24 samples (client-local)[32m [repeated 164x across cluster][0m
[36m(ClientAppActor pid=76863)[0m [Client 116] Data split:[32m [repeated 204x across cluster][0m
[36m(ClientAppActor pid=76863)[0m    Train:      174 samples (client-local)[32m [repeated 204x across cluster][0m
[36m(ClientAppActor pid=76863)[0m    Validation: 24 samples (client-local)[32m [repeated 204x across cluster][0m
[36m(ClientAppActor pid=76863)[0m [Client 316] Data split:[32m [repeated 202x across cluster][0m
[36m(ClientAppActor pid=76863)[0m    Train:      174 samples (client-local)[32m [repeated 202x across cluster][0m
[36m(ClientAppActor pid=76863)[0m    Validation: 24 samples (client-local)[32m [repeated 202x across cluster][0m
[36m(ClientAppActor pid=76863)[0m [Client 328] Data split:[32m [repeated 205x across cluster][0m
[36m(ClientAppActor pid=76863)[0m    Train:      174 samples (client-local)[32m [repeated 205x across cluster][0m
[36m(ClientAppActor pid=76863)[0m    Validation: 24 samples (client-local)[32m [repeated 205x across cluster][0m
[36m(ClientAppActor pid=76865)[0m [Client 800] Data split:[32m [repeated 204x across cluster][0m
[36m(ClientAppActor pid=76865)[0m    Train:      173 samples (client-local)[32m [repeated 204x across cluster][0m
[36m(ClientAppActor pid=76865)[0m    Validation: 24 samples (client-local)[32m [repeated 204x across cluster][0m
⏭️  Round 35: Evaluation skipped (all n_val=0)
[36m(ClientAppActor pid=76866)[0m [Client 408] ✅ ci loaded from persistent state
[36m(ClientAppActor pid=76862)[0m [Client 858] Data split:[32m [repeated 188x across cluster][0m
[36m(ClientAppActor pid=76862)[0m    Train:      173 samples (client-local)[32m [repeated 188x across cluster][0m
[36m(ClientAppActor pid=76862)[0m    Validation: 24 samples (client-local)[32m [repeated 188x across cluster][0m
[36m(ClientAppActor pid=76868)[0m 
[36m(ClientAppActor pid=76863)[0m [Client 92] ✅ ci loaded from persistent state[32m [repeated 204x across cluster][0m
[36m(ClientAppActor pid=76863)[0m [Client 67] Data split:[32m [repeated 204x across cluster][0m
[36m(ClientAppActor pid=76863)[0m    Train:      174 samples (client-local)[32m [repeated 204x across cluster][0m
[36m(ClientAppActor pid=76863)[0m    Validation: 24 samples (client-local)[32m [repeated 204x across cluster][0m
[36m(ClientAppActor pid=76863)[0m [Client 448] ✅ ci loaded from persistent state[32m [repeated 209x across cluster][0m
[36m(ClientAppActor pid=76863)[0m [Client 459] Data split:[32m [repeated 203x across cluster][0m
[36m(ClientAppActor pid=76863)[0m    Train:      173 samples (client-local)[32m [repeated 203x across cluster][0m
[36m(ClientAppActor pid=76863)[0m    Validation: 24 samples (client-local)[32m [repeated 203x across cluster][0m
[36m(ClientAppActor pid=76862)[0m [Client 462] ✅ ci loaded from persistent state[32m [repeated 205x across cluster][0m
[36m(ClientAppActor pid=76868)[0m [Client 270] Data split:[32m [repeated 205x across cluster][0m
[36m(ClientAppActor pid=76868)[0m    Train:      174 samples (client-local)[32m [repeated 205x across cluster][0m
[36m(ClientAppActor pid=76868)[0m    Validation: 24 samples (client-local)[32m [repeated 205x across cluster][0m
   💾 Checkpoint saved: result/splits_iid_scaling/splits_iid_1024_clients.json/SCAFFOLD/all_rounds_run_1/model_round_36_run_1.pt
   💾 Checkpoint saved: result/splits_iid_scaling/splits_iid_1024_clients.json/SCAFFOLD/all_rounds_run_1/model_round_36_run_1.pt
🔧 Round 36: Updated c_global from 768 client Δc_i reports (N=1024)
[36m(ClientAppActor pid=76866)[0m [Client 310] ✅ ci loaded from persistent state[32m [repeated 149x across cluster][0m
[36m(ClientAppActor pid=76864)[0m [Client 754] Data split:[32m [repeated 170x across cluster][0m
[36m(ClientAppActor pid=76864)[0m    Train:      173 samples (client-local)[32m [repeated 170x across cluster][0m
[36m(ClientAppActor pid=76864)[0m    Validation: 24 samples (client-local)[32m [repeated 170x across cluster][0m
[36m(ClientAppActor pid=76863)[0m [Client 925] Data split:[32m [repeated 215x across cluster][0m
[36m(ClientAppActor pid=76863)[0m    Train:      173 samples (client-local)[32m [repeated 215x across cluster][0m
[36m(ClientAppActor pid=76863)[0m    Validation: 24 samples (client-local)[32m [repeated 215x across cluster][0m
[36m(ClientAppActor pid=76863)[0m [Client 228] Data split:[32m [repeated 207x across cluster][0m
[36m(ClientAppActor pid=76863)[0m    Train:      174 samples (client-local)[32m [repeated 207x across cluster][0m
[36m(ClientAppActor pid=76863)[0m    Validation: 24 samples (client-local)[32m [repeated 207x across cluster][0m
[36m(ClientAppActor pid=76864)[0m [Client 111] Data split:[32m [repeated 215x across cluster][0m
[36m(ClientAppActor pid=76864)[0m    Train:      174 samples (client-local)[32m [repeated 215x across cluster][0m
[36m(ClientAppActor pid=76864)[0m    Validation: 24 samples (client-local)[32m [repeated 215x across cluster][0m
[36m(ClientAppActor pid=76863)[0m [Client 162] Data split:[32m [repeated 218x across cluster][0m[92mINFO [0m:      aggregate_evaluate: received 1024 results and 0 failures
[92mINFO [0m:      
[92mINFO [0m:      [ROUND 37]
[92mINFO [0m:      configure_fit: strategy sampled 768 clients (out of 1024)
[33m(raylet)[0m [2026-07-26 04:21:44,392 E 76850 9195222] (raylet) file_system_monitor.cc:116: /tmp/ray/session_2026-07-26_03-54-15_074098_76832 is over 95% full, available space: 8.97286 GB; capacity: 452.981 GB. Object creation will fail if spilling is required.
[33m(raylet)[0m [2026-07-26 04:21:54,411 E 76850 9195222] (raylet) file_system_monitor.cc:116: /tmp/ray/session_2026-07-26_03-54-15_074098_76832 is over 95% full, available space: 8.97122 GB; capacity: 452.981 GB. Object creation will fail if spilling is required.
[92mINFO [0m:      aggregate_fit: received 768 results and 0 failures
[92mINFO [0m:      configure_evaluate: strategy sampled 1024 clients (out of 1024)
[33m(raylet)[0m [2026-07-26 04:22:04,433 E 76850 9195222] (raylet) file_system_monitor.cc:116: /tmp/ray/session_2026-07-26_03-54-15_074098_76832 is over 95% full, available space: 8.96989 GB; capacity: 452.981 GB. Object creation will fail if spilling is required.
[33m(raylet)[0m [2026-07-26 04:22:14,491 E 76850 9195222] (raylet) file_system_monitor.cc:116: /tmp/ray/session_2026-07-26_03-54-15_074098_76832 is over 95% full, available space: 8.96367 GB; capacity: 452.981 GB. Object creation will fail if spilling is required.
[33m(raylet)[0m [2026-07-26 04:22:24,513 E 76850 9195222] (raylet) file_system_monitor.cc:116: /tmp/ray/session_2026-07-26_03-54-15_074098_76832 is over 95% full, available space: 8.96157 GB; capacity: 452.981 GB. Object creation will fail if spilling is required.
[92mINFO [0m:      aggregate_evaluate: received 1024 results and 0 failures
[92mINFO [0m:      
[92mINFO [0m:      [ROUND 38]
[92mINFO [0m:      configure_fit: strategy sampled 768 clients (out of 1024)
[33m(raylet)[0m [2026-07-26 04:22:34,532 E 76850 9195222] (raylet) file_system_monitor.cc:116: /tmp/ray/session_2026-07-26_03-54-15_074098_76832 is over 95% full, available space: 8.95607 GB; capacity: 452.981 GB. Object creation will fail if spilling is required.
[33m(raylet)[0m [2026-07-26 04:22:44,565 E 76850 9195222] (raylet) file_system_monitor.cc:116: /tmp/ray/session_2026-07-26_03-54-15_074098_76832 is over 95% full, available space: 8.95488 GB; capacity: 452.981 GB. Object creation will fail if spilling is required.
[92mINFO [0m:      aggregate_fit: received 768 results and 0 failures
[92mINFO [0m:      configure_evaluate: strategy sampled 1024 clients (out of 1024)
[33m(raylet)[0m [2026-07-26 04:22:54,589 E 76850 9195222] (raylet) file_system_monitor.cc:116: /tmp/ray/session_2026-07-26_03-54-15_074098_76832 is over 95% full, available space: 8.95353 GB; capacity: 452.981 GB. Object creation will fail if spilling is required.
[33m(raylet)[0m [2026-07-26 04:23:04,627 E 76850 9195222] (raylet) file_system_monitor.cc:116: /tmp/ray/session_2026-07-26_03-54-15_074098_76832 is over 95% full, available space: 8.94888 GB; capacity: 452.981 GB. Object creation will fail if spilling is required.

[36m(ClientAppActor pid=76863)[0m    Train:      174 samples (client-local)[32m [repeated 218x across cluster][0m
[36m(ClientAppActor pid=76863)[0m    Validation: 24 samples (client-local)[32m [repeated 218x across cluster][0m
⏭️  Round 36: Evaluation skipped (all n_val=0)
[36m(ClientAppActor pid=76863)[0m [Client 574] ✅ ci loaded from persistent state
[36m(ClientAppActor pid=76862)[0m [Client 777] Data split:[32m [repeated 201x across cluster][0m
[36m(ClientAppActor pid=76862)[0m    Train:      173 samples (client-local)[32m [repeated 201x across cluster][0m
[36m(ClientAppActor pid=76862)[0m    Validation: 24 samples (client-local)[32m [repeated 201x across cluster][0m
[36m(ClientAppActor pid=76867)[0m [Client 295] ✅ ci loaded from persistent state[32m [repeated 203x across cluster][0m
[36m(ClientAppActor pid=76863)[0m [Client 19] Data split:[32m [repeated 190x across cluster][0m
[36m(ClientAppActor pid=76863)[0m    Train:      174 samples (client-local)[32m [repeated 190x across cluster][0m
[36m(ClientAppActor pid=76863)[0m    Validation: 24 samples (client-local)[32m [repeated 190x across cluster][0m
[36m(ClientAppActor pid=76865)[0m [Client 395] ✅ ci loaded from persistent state[32m [repeated 179x across cluster][0m
[36m(ClientAppActor pid=76868)[0m [Client 300] Data split:[32m [repeated 188x across cluster][0m
[36m(ClientAppActor pid=76868)[0m    Train:      174 samples (client-local)[32m [repeated 188x across cluster][0m
[36m(ClientAppActor pid=76868)[0m    Validation: 24 samples (client-local)[32m [repeated 188x across cluster][0m
[36m(ClientAppActor pid=76866)[0m [Client 431] ✅ ci loaded from persistent state[32m [repeated 203x across cluster][0m
[36m(ClientAppActor pid=76867)[0m [Client 408] Data split:[32m [repeated 194x across cluster][0m
[36m(ClientAppActor pid=76867)[0m    Train:      174 samples (client-local)[32m [repeated 194x across cluster][0m
[36m(ClientAppActor pid=76867)[0m    Validation: 24 samples (client-local)[32m [repeated 194x across cluster][0m
   💾 Checkpoint saved: result/splits_iid_scaling/splits_iid_1024_clients.json/SCAFFOLD/all_rounds_run_1/model_round_37_run_1.pt
   💾 Checkpoint saved: result/splits_iid_scaling/splits_iid_1024_clients.json/SCAFFOLD/all_rounds_run_1/model_round_37_run_1.pt
🔧 Round 37: Updated c_global from 768 client Δc_i reports (N=1024)
[36m(ClientAppActor pid=76862)[0m [Client 992] ✅ ci loaded from persistent state[32m [repeated 182x across cluster][0m
[36m(ClientAppActor pid=76864)[0m [Client 467] Data split:[32m [repeated 172x across cluster][0m
[36m(ClientAppActor pid=76864)[0m    Train:      173 samples (client-local)[32m [repeated 172x across cluster][0m
[36m(ClientAppActor pid=76864)[0m    Validation: 24 samples (client-local)[32m [repeated 172x across cluster][0m
[36m(ClientAppActor pid=76864)[0m [Client 546] Data split:[32m [repeated 199x across cluster][0m
[36m(ClientAppActor pid=76864)[0m    Train:      173 samples (client-local)[32m [repeated 199x across cluster][0m
[36m(ClientAppActor pid=76864)[0m    Validation: 24 samples (client-local)[32m [repeated 199x across cluster][0m
[36m(ClientAppActor pid=76864)[0m [Client 321] Data split:[32m [repeated 199x across cluster][0m
[36m(ClientAppActor pid=76864)[0m    Train:      174 samples (client-local)[32m [repeated 199x across cluster][0m
[36m(ClientAppActor pid=76864)[0m    Validation: 24 samples (client-local)[32m [repeated 199x across cluster][0m
[36m(ClientAppActor pid=76863)[0m [Client 6] Data split:[32m [repeated 203x across cluster][0m
[36m(ClientAppActor pid=76863)[0m    Train:      174 samples (client-local)[32m [repeated 203x across cluster][0m
[36m(ClientAppActor pid=76863)[0m    Validation: 24 samples (client-local)[32m [repeated 203x across cluster][0m
[36m(ClientAppActor pid=76868)[0m [Client 387] Data split:[32m [repeated 200x across cluster][0m
[36m(ClientAppActor pid=76868)[0m    Train:      174 samples (client-local)[32m [repeated 200x across cluster][0m
[36m(ClientAppActor pid=76868)[0m    Validation: 24 samples (client-local)[32m [repeated 200x across cluster][0m
⏭️  Round 37: Evaluation skipped (all n_val=0)
[36m(ClientAppActor pid=76863)[0m [Client 744] ✅ ci loaded from persistent state
[36m(ClientAppActor pid=76863)[0m [Client 56] Data split:[32m [repeated 190x across cluster][0m
[36m(ClientAppActor pid=76863)[0m    Train:      174 samples (client-local)[32m [repeated 190x across cluster][0m
[36m(ClientAppActor pid=76863)[0m    Validation: 24 samples (client-local)[32m [repeated 190x across cluster][0m
[36m(ClientAppActor pid=76863)[0m [Client 791] ✅ ci loaded from persistent state[32m [repeated 202x across cluster][0m
[36m(ClientAppActor pid=76863)[0m [Client 491] Data split:[32m [repeated 202x across cluster][0m
[36m(ClientAppActor pid=76863)[0m    Train:      173 samples (client-local)[32m [repeated 202x across cluster][0m
[36m(ClientAppActor pid=76863)[0m    Validation: 24 samples (client-local)[32m [repeated 202x across cluster][0m
[36m(ClientAppActor pid=76863)[0m [Client 732] ✅ ci loaded from persistent state[32m [repeated 206x across cluster][0m
[36m(ClientAppActor pid=76863)[0m [Client 460] Data split:[32m [repeated 214x across cluster][0m
[36m(ClientAppActor pid=76863)[0m    Train:      173 samples (client-local)[32m [repeated 214x across cluster][0m
[36m(ClientAppActor pid=76863)[0m    Validation: 24 samples (client-local)[32m [repeated 214x across cluster][0m
[36m(ClientAppActor pid=76863)[0m [Client 613] ✅ ci loaded from persistent state[32m [repeated 203x across cluster][0m
[36m(ClientAppActor pid=76863)[0m [Client 350] Data split:[32m [repeated 203x across cluster][0m
[36m(ClientAppActor pid=76863)[0m    Train:      174 samples (client-local)[32m [repeated 203x across cluster][0m
[36m(ClientAppActor pid=76863)[0m    Validation: 24 samples (client-local)[32m [repeated 203x across cluster][0m
   💾 Checkpoint saved: result/splits_iid_scaling/splits_iid_1024_clients.json/SCAFFOLD/all_rounds_run_1/model_round_38_run_1.pt
   💾 Checkpoint saved: result/splits_iid_scaling/splits_iid_1024_clients.json/SCAFFOLD/all_rounds_run_1/model_round_38_run_1.pt
🔧 Round 38: Updated c_global from 768 client Δc_i reports (N=1024)
[36m(ClientAppActor pid=76866)[0m [Client 607] ✅ ci loaded from persistent state[32m [repeated 156x across cluster][0m
[36m(ClientAppActor pid=76863)[0m [Client 274] Data split:[32m [repeated 165x across cluster][0m
[36m(ClientAppActor pid=76863)[0m    Train:      174 samples (client-local)[32m [repeated 165x across cluster][0m
[36m(ClientAppActor pid=76863)[0m    Validation: 24 samples (client-local)[32m [repeated 165x across cluster][0m
[36m(ClientAppActor pid=76863)[0m [Client 976] Data split:[32m [repeated 211x across cluster][0m
[36m(ClientAppActor pid=76863)[0m    Train:      173 samples (client-local)[32m [repeated 211x across cluster][0m
[36m(ClientAppActor pid=76863)[0m    Validation: 24 samples (client-local)[32m [repeated 211x across cluster][0m
[36m(ClientAppActor pid=76863)[0m [Client 775] Data split:[32m [repeated 215x across cluster][0m
[36m(ClientAppActor pid=76863)[0m    Train:      173 samples (client-local)[32m [repeated 215x across cluster][0m
[36m(ClientAppActor pid=76863)[0m    Validation: 24 samples (client-local)[32m [repeated 215x across cluster][0m
[36m(ClientAppActor pid=76867)[0m [Client 381] Data split:[32m [repeated 207x across cluster][0m
[36m(ClientAppActor pid=76867)[0m    Train:      174 samples (client-local)[32m [repeated 207x across cluster][0m
[36m(ClientAppActor pid=76867)[0m    Validation: 24 samples (client-local)[32m [repeated 207x across cluster][0m
[36m(ClientAppActor pid=76863)[0m [Client 346] Data split:[32m [repeated 207x across cluster][0m
[36m(ClientAppActor pid=76863)[0m    Train:      174 samples (client-local)[32m [repeated 207x across cluster][0m
[36m(ClientAppActor pid=76863)[0m    Validation: 24 samples (client-local)[32m [repeated 207x across cluster][0m[92mINFO [0m:      aggregate_evaluate: received 1024 results and 0 failures
[92mINFO [0m:      
[92mINFO [0m:      [ROUND 39]
[92mINFO [0m:      configure_fit: strategy sampled 768 clients (out of 1024)
[33m(raylet)[0m [2026-07-26 04:23:14,699 E 76850 9195222] (raylet) file_system_monitor.cc:116: /tmp/ray/session_2026-07-26_03-54-15_074098_76832 is over 95% full, available space: 8.9605 GB; capacity: 452.981 GB. Object creation will fail if spilling is required.
[33m(raylet)[0m [2026-07-26 04:23:24,763 E 76850 9195222] (raylet) file_system_monitor.cc:116: /tmp/ray/session_2026-07-26_03-54-15_074098_76832 is over 95% full, available space: 8.95399 GB; capacity: 452.981 GB. Object creation will fail if spilling is required.
[92mINFO [0m:      aggregate_fit: received 768 results and 0 failures
[92mINFO [0m:      configure_evaluate: strategy sampled 1024 clients (out of 1024)
[33m(raylet)[0m [2026-07-26 04:23:34,848 E 76850 9195222] (raylet) file_system_monitor.cc:116: /tmp/ray/session_2026-07-26_03-54-15_074098_76832 is over 95% full, available space: 8.95122 GB; capacity: 452.981 GB. Object creation will fail if spilling is required.
[33m(raylet)[0m [2026-07-26 04:23:44,860 E 76850 9195222] (raylet) file_system_monitor.cc:116: /tmp/ray/session_2026-07-26_03-54-15_074098_76832 is over 95% full, available space: 8.94517 GB; capacity: 452.981 GB. Object creation will fail if spilling is required.
[33m(raylet)[0m [2026-07-26 04:23:54,941 E 76850 9195222] (raylet) file_system_monitor.cc:116: /tmp/ray/session_2026-07-26_03-54-15_074098_76832 is over 95% full, available space: 8.94245 GB; capacity: 452.981 GB. Object creation will fail if spilling is required.
[92mINFO [0m:      aggregate_evaluate: received 1024 results and 0 failures
[92mINFO [0m:      
[92mINFO [0m:      [ROUND 40]
[92mINFO [0m:      configure_fit: strategy sampled 768 clients (out of 1024)
[33m(raylet)[0m [2026-07-26 04:24:05,057 E 76850 9195222] (raylet) file_system_monitor.cc:116: /tmp/ray/session_2026-07-26_03-54-15_074098_76832 is over 95% full, available space: 8.93552 GB; capacity: 452.981 GB. Object creation will fail if spilling is required.
[33m(raylet)[0m [2026-07-26 04:24:15,120 E 76850 9195222] (raylet) file_system_monitor.cc:116: /tmp/ray/session_2026-07-26_03-54-15_074098_76832 is over 95% full, available space: 8.94859 GB; capacity: 452.981 GB. Object creation will fail if spilling is required.
[92mINFO [0m:      aggregate_fit: received 768 results and 0 failures
[92mINFO [0m:      configure_evaluate: strategy sampled 1024 clients (out of 1024)
[33m(raylet)[0m [2026-07-26 04:24:25,193 E 76850 9195222] (raylet) file_system_monitor.cc:116: /tmp/ray/session_2026-07-26_03-54-15_074098_76832 is over 95% full, available space: 8.94488 GB; capacity: 452.981 GB. Object creation will fail if spilling is required.
[33m(raylet)[0m [2026-07-26 04:24:35,236 E 76850 9195222] (raylet) file_system_monitor.cc:116: /tmp/ray/session_2026-07-26_03-54-15_074098_76832 is over 95% full, available space: 8.93828 GB; capacity: 452.981 GB. Object creation will fail if spilling is required.
[92mINFO [0m:      aggregate_evaluate: received 1024 results and 0 failures

⏭️  Round 38: Evaluation skipped (all n_val=0)
[36m(ClientAppActor pid=76862)[0m [Client 675] ✅ ci loaded from persistent state
[36m(ClientAppActor pid=76863)[0m [Client 637] Data split:[32m [repeated 205x across cluster][0m
[36m(ClientAppActor pid=76863)[0m    Train:      173 samples (client-local)[32m [repeated 205x across cluster][0m
[36m(ClientAppActor pid=76863)[0m    Validation: 24 samples (client-local)[32m [repeated 205x across cluster][0m
[36m(ClientAppActor pid=76863)[0m [Client 168] ✅ ci loaded from persistent state[32m [repeated 201x across cluster][0m
[36m(ClientAppActor pid=76863)[0m [Client 568] Data split:[32m [repeated 201x across cluster][0m
[36m(ClientAppActor pid=76863)[0m    Train:      173 samples (client-local)[32m [repeated 201x across cluster][0m
[36m(ClientAppActor pid=76863)[0m    Validation: 24 samples (client-local)[32m [repeated 201x across cluster][0m
[36m(ClientAppActor pid=76863)[0m [Client 237] ✅ ci loaded from persistent state[32m [repeated 199x across cluster][0m
[36m(ClientAppActor pid=76863)[0m [Client 970] Data split:[32m [repeated 197x across cluster][0m
[36m(ClientAppActor pid=76863)[0m    Train:      173 samples (client-local)[32m [repeated 197x across cluster][0m
[36m(ClientAppActor pid=76863)[0m    Validation: 24 samples (client-local)[32m [repeated 197x across cluster][0m
[36m(ClientAppActor pid=76868)[0m [Client 840] ✅ ci loaded from persistent state[32m [repeated 204x across cluster][0m
[36m(ClientAppActor pid=76863)[0m [Client 599] Data split:[32m [repeated 208x across cluster][0m
[36m(ClientAppActor pid=76863)[0m    Train:      173 samples (client-local)[32m [repeated 208x across cluster][0m
[36m(ClientAppActor pid=76863)[0m    Validation: 24 samples (client-local)[32m [repeated 208x across cluster][0m
   💾 Checkpoint saved: result/splits_iid_scaling/splits_iid_1024_clients.json/SCAFFOLD/all_rounds_run_1/model_round_39_run_1.pt
   💾 Checkpoint saved: result/splits_iid_scaling/splits_iid_1024_clients.json/SCAFFOLD/all_rounds_run_1/model_round_39_run_1.pt
🔧 Round 39: Updated c_global from 768 client Δc_i reports (N=1024)
[36m(ClientAppActor pid=76867)[0m [Client 963] ✅ ci loaded from persistent state[32m [repeated 163x across cluster][0m
[36m(ClientAppActor pid=76868)[0m [Client 296] Data split:[32m [repeated 174x across cluster][0m
[36m(ClientAppActor pid=76868)[0m    Train:      174 samples (client-local)[32m [repeated 174x across cluster][0m
[36m(ClientAppActor pid=76868)[0m    Validation: 24 samples (client-local)[32m [repeated 174x across cluster][0m
[36m(ClientAppActor pid=76863)[0m [Client 759] Data split:[32m [repeated 200x across cluster][0m
[36m(ClientAppActor pid=76863)[0m    Train:      173 samples (client-local)[32m [repeated 200x across cluster][0m
[36m(ClientAppActor pid=76863)[0m    Validation: 24 samples (client-local)[32m [repeated 200x across cluster][0m
[36m(ClientAppActor pid=76863)[0m [Client 918] Data split:[32m [repeated 205x across cluster][0m
[36m(ClientAppActor pid=76863)[0m    Train:      173 samples (client-local)[32m [repeated 205x across cluster][0m
[36m(ClientAppActor pid=76863)[0m    Validation: 24 samples (client-local)[32m [repeated 205x across cluster][0m
[36m(ClientAppActor pid=76863)[0m [Client 341] Data split:[32m [repeated 209x across cluster][0m
[36m(ClientAppActor pid=76863)[0m    Train:      174 samples (client-local)[32m [repeated 209x across cluster][0m
[36m(ClientAppActor pid=76863)[0m    Validation: 24 samples (client-local)[32m [repeated 209x across cluster][0m
[36m(ClientAppActor pid=76867)[0m [Client 353] Data split:[32m [repeated 217x across cluster][0m
[36m(ClientAppActor pid=76867)[0m    Train:      174 samples (client-local)[32m [repeated 217x across cluster][0m
[36m(ClientAppActor pid=76867)[0m    Validation: 24 samples (client-local)[32m [repeated 217x across cluster][0m
⏭️  Round 39: Evaluation skipped (all n_val=0)
[36m(ClientAppActor pid=76862)[0m [Client 69] ✅ ci loaded from persistent state
[36m(ClientAppActor pid=76863)[0m [Client 313] Data split:[32m [repeated 202x across cluster][0m
[36m(ClientAppActor pid=76863)[0m    Train:      174 samples (client-local)[32m [repeated 202x across cluster][0m
[36m(ClientAppActor pid=76863)[0m    Validation: 24 samples (client-local)[32m [repeated 202x across cluster][0m
[36m(ClientAppActor pid=76862)[0m [Client 785] ✅ ci loaded from persistent state[32m [repeated 204x across cluster][0m
[36m(ClientAppActor pid=76862)[0m [Client 163] Data split:[32m [repeated 213x across cluster][0m
[36m(ClientAppActor pid=76862)[0m    Train:      174 samples (client-local)[32m [repeated 213x across cluster][0m
[36m(ClientAppActor pid=76862)[0m    Validation: 24 samples (client-local)[32m [repeated 213x across cluster][0m
[36m(ClientAppActor pid=76863)[0m [Client 33] ✅ ci loaded from persistent state[32m [repeated 211x across cluster][0m
[36m(ClientAppActor pid=76864)[0m [Client 164] Data split:[32m [repeated 197x across cluster][0m
[36m(ClientAppActor pid=76864)[0m    Train:      174 samples (client-local)[32m [repeated 197x across cluster][0m
[36m(ClientAppActor pid=76864)[0m    Validation: 24 samples (client-local)[32m [repeated 197x across cluster][0m
[36m(ClientAppActor pid=76863)[0m [Client 560] ✅ ci loaded from persistent state[32m [repeated 198x across cluster][0m
[36m(ClientAppActor pid=76863)[0m [Client 92] Data split:[32m [repeated 196x across cluster][0m
[36m(ClientAppActor pid=76863)[0m    Train:      174 samples (client-local)[32m [repeated 196x across cluster][0m
[36m(ClientAppActor pid=76863)[0m    Validation: 24 samples (client-local)[32m [repeated 196x across cluster][0m
   💾 Checkpoint saved: result/splits_iid_scaling/splits_iid_1024_clients.json/SCAFFOLD/all_rounds_run_1/model_round_40_run_1.pt
   💾 Checkpoint saved: result/splits_iid_scaling/splits_iid_1024_clients.json/SCAFFOLD/all_rounds_run_1/model_round_40_run_1.pt
🔧 Round 40: Updated c_global from 768 client Δc_i reports (N=1024)
[36m(ClientAppActor pid=76867)[0m [Client 471] ✅ ci loaded from persistent state[32m [repeated 154x across cluster][0m
[36m(ClientAppActor pid=76863)[0m [Client 381] Data split:[32m [repeated 182x across cluster][0m
[36m(ClientAppActor pid=76863)[0m    Train:      174 samples (client-local)[32m [repeated 182x across cluster][0m
[36m(ClientAppActor pid=76863)[0m    Validation: 24 samples (client-local)[32m [repeated 182x across cluster][0m
[36m(ClientAppActor pid=76864)[0m [Client 146] Data split:[32m [repeated 214x across cluster][0m
[36m(ClientAppActor pid=76864)[0m    Train:      174 samples (client-local)[32m [repeated 214x across cluster][0m
[36m(ClientAppActor pid=76864)[0m    Validation: 24 samples (client-local)[32m [repeated 214x across cluster][0m
[36m(ClientAppActor pid=76863)[0m [Client 460] Data split:[32m [repeated 213x across cluster][0m
[36m(ClientAppActor pid=76863)[0m    Train:      173 samples (client-local)[32m [repeated 213x across cluster][0m
[36m(ClientAppActor pid=76863)[0m    Validation: 24 samples (client-local)[32m [repeated 213x across cluster][0m
[36m(ClientAppActor pid=76863)[0m [Client 956] Data split:[32m [repeated 213x across cluster][0m
[36m(ClientAppActor pid=76863)[0m    Train:      173 samples (client-local)[32m [repeated 213x across cluster][0m
[36m(ClientAppActor pid=76863)[0m    Validation: 24 samples (client-local)[32m [repeated 213x across cluster][0m
[36m(ClientAppActor pid=76863)[0m [Client 363] Data split:[32m [repeated 207x across cluster][0m
[36m(ClientAppActor pid=76863)[0m    Train:      174 samples (client-local)[32m [repeated 207x across cluster][0m
[36m(ClientAppActor pid=76863)[0m    Validation: 24 samples (client-local)[32m [repeated 207x across cluster][0m

📊 Multi-Threshold Aggregation:
   Valid clients: 1024
   Evaluated 12 thresholds:
     Thr=0.15: Rec=0.999, Spec=0.037, F1=0.251
     Thr=0.20: Rec=0.996, Spec=0.120, F1=0.268
     Thr=0.25: Rec=0.989, Spec=0.220, F1=0.291[92mINFO [0m:      
[92mINFO [0m:      [ROUND 41]
[92mINFO [0m:      configure_fit: strategy sampled 768 clients (out of 1024)
[33m(raylet)[0m [2026-07-26 04:24:45,365 E 76850 9195222] (raylet) file_system_monitor.cc:116: /tmp/ray/session_2026-07-26_03-54-15_074098_76832 is over 95% full, available space: 8.93526 GB; capacity: 452.981 GB. Object creation will fail if spilling is required.
[33m(raylet)[0m [2026-07-26 04:24:55,434 E 76850 9195222] (raylet) file_system_monitor.cc:116: /tmp/ray/session_2026-07-26_03-54-15_074098_76832 is over 95% full, available space: 8.92847 GB; capacity: 452.981 GB. Object creation will fail if spilling is required.
[92mINFO [0m:      aggregate_fit: received 768 results and 0 failures
[92mINFO [0m:      configure_evaluate: strategy sampled 1024 clients (out of 1024)
[33m(raylet)[0m [2026-07-26 04:25:05,494 E 76850 9195222] (raylet) file_system_monitor.cc:116: /tmp/ray/session_2026-07-26_03-54-15_074098_76832 is over 95% full, available space: 8.92184 GB; capacity: 452.981 GB. Object creation will fail if spilling is required.
[33m(raylet)[0m [2026-07-26 04:25:15,531 E 76850 9195222] (raylet) file_system_monitor.cc:116: /tmp/ray/session_2026-07-26_03-54-15_074098_76832 is over 95% full, available space: 8.93468 GB; capacity: 452.981 GB. Object creation will fail if spilling is required.
[33m(raylet)[0m [2026-07-26 04:25:25,629 E 76850 9195222] (raylet) file_system_monitor.cc:116: /tmp/ray/session_2026-07-26_03-54-15_074098_76832 is over 95% full, available space: 8.93227 GB; capacity: 452.981 GB. Object creation will fail if spilling is required.
[92mINFO [0m:      aggregate_evaluate: received 1024 results and 0 failures
[92mINFO [0m:      
[92mINFO [0m:      [ROUND 42]
[92mINFO [0m:      configure_fit: strategy sampled 768 clients (out of 1024)
[33m(raylet)[0m [2026-07-26 04:25:35,690 E 76850 9195222] (raylet) file_system_monitor.cc:116: /tmp/ray/session_2026-07-26_03-54-15_074098_76832 is over 95% full, available space: 8.92546 GB; capacity: 452.981 GB. Object creation will fail if spilling is required.
[33m(raylet)[0m [2026-07-26 04:25:45,750 E 76850 9195222] (raylet) file_system_monitor.cc:116: /tmp/ray/session_2026-07-26_03-54-15_074098_76832 is over 95% full, available space: 8.91541 GB; capacity: 452.981 GB. Object creation will fail if spilling is required.
[92mINFO [0m:      aggregate_fit: received 768 results and 0 failures
[92mINFO [0m:      configure_evaluate: strategy sampled 1024 clients (out of 1024)
[33m(raylet)[0m [2026-07-26 04:25:55,833 E 76850 9195222] (raylet) file_system_monitor.cc:116: /tmp/ray/session_2026-07-26_03-54-15_074098_76832 is over 95% full, available space: 8.88891 GB; capacity: 452.981 GB. Object creation will fail if spilling is required.
[33m(raylet)[0m [2026-07-26 04:26:05,924 E 76850 9195222] (raylet) file_system_monitor.cc:116: /tmp/ray/session_2026-07-26_03-54-15_074098_76832 is over 95% full, available space: 8.86356 GB; capacity: 452.981 GB. Object creation will fail if spilling is required.
[92mINFO [0m:      aggregate_evaluate: received 1024 results and 0 failures
[92mINFO [0m:      
[92mINFO [0m:      [ROUND 43]
[92mINFO [0m:      configure_fit: strategy sampled 768 clients (out of 1024)
[33m(raylet)[0m [2026-07-26 04:26:15,927 E 76850 9195222] (raylet) file_system_monitor.cc:116: /tmp/ray/session_2026-07-26_03-54-15_074098_76832 is over 95% full, available space: 8.84103 GB; capacity: 452.981 GB. Object creation will fail if spilling is required.

     ... (+ 9 more)

💾 Round 40: Saved round_40_run_1.json
[36m(ClientAppActor pid=76863)[0m [Client 637] ✅ ci loaded from persistent state
[36m(ClientAppActor pid=76867)[0m [Client 506] Data split:[32m [repeated 194x across cluster][0m
[36m(ClientAppActor pid=76867)[0m    Train:      173 samples (client-local)[32m [repeated 194x across cluster][0m
[36m(ClientAppActor pid=76867)[0m    Validation: 24 samples (client-local)[32m [repeated 194x across cluster][0m
[36m(ClientAppActor pid=76862)[0m [Client 291] ✅ ci loaded from persistent state[32m [repeated 198x across cluster][0m
[36m(ClientAppActor pid=76863)[0m [Client 63] Data split:[32m [repeated 197x across cluster][0m
[36m(ClientAppActor pid=76863)[0m    Train:      174 samples (client-local)[32m [repeated 197x across cluster][0m
[36m(ClientAppActor pid=76863)[0m    Validation: 24 samples (client-local)[32m [repeated 197x across cluster][0m
[36m(ClientAppActor pid=76863)[0m [Client 247] ✅ ci loaded from persistent state[32m [repeated 198x across cluster][0m
[36m(ClientAppActor pid=76867)[0m [Client 505] Data split:[32m [repeated 203x across cluster][0m
[36m(ClientAppActor pid=76867)[0m    Train:      173 samples (client-local)[32m [repeated 203x across cluster][0m
[36m(ClientAppActor pid=76867)[0m    Validation: 24 samples (client-local)[32m [repeated 203x across cluster][0m
[36m(ClientAppActor pid=76863)[0m [Client 275] ✅ ci loaded from persistent state[32m [repeated 208x across cluster][0m
[36m(ClientAppActor pid=76863)[0m [Client 755] Data split:[32m [repeated 202x across cluster][0m
[36m(ClientAppActor pid=76863)[0m    Train:      173 samples (client-local)[32m [repeated 202x across cluster][0m
[36m(ClientAppActor pid=76863)[0m    Validation: 24 samples (client-local)[32m [repeated 202x across cluster][0m
   💾 Checkpoint saved: result/splits_iid_scaling/splits_iid_1024_clients.json/SCAFFOLD/all_rounds_run_1/model_round_41_run_1.pt
   💾 Checkpoint saved: result/splits_iid_scaling/splits_iid_1024_clients.json/SCAFFOLD/all_rounds_run_1/model_round_41_run_1.pt
🔧 Round 41: Updated c_global from 768 client Δc_i reports (N=1024)
[36m(ClientAppActor pid=76867)[0m [Client 180] ✅ ci loaded from persistent state[32m [repeated 163x across cluster][0m
[36m(ClientAppActor pid=76863)[0m [Client 299] Data split:[32m [repeated 181x across cluster][0m
[36m(ClientAppActor pid=76863)[0m    Train:      174 samples (client-local)[32m [repeated 181x across cluster][0m
[36m(ClientAppActor pid=76863)[0m    Validation: 24 samples (client-local)[32m [repeated 181x across cluster][0m
[36m(ClientAppActor pid=76863)[0m [Client 806] Data split:[32m [repeated 211x across cluster][0m
[36m(ClientAppActor pid=76863)[0m    Train:      173 samples (client-local)[32m [repeated 211x across cluster][0m
[36m(ClientAppActor pid=76863)[0m    Validation: 24 samples (client-local)[32m [repeated 211x across cluster][0m
[36m(ClientAppActor pid=76868)[0m [Client 572] Data split:[32m [repeated 213x across cluster][0m
[36m(ClientAppActor pid=76868)[0m    Train:      173 samples (client-local)[32m [repeated 213x across cluster][0m
[36m(ClientAppActor pid=76868)[0m    Validation: 24 samples (client-local)[32m [repeated 213x across cluster][0m
[36m(ClientAppActor pid=76863)[0m [Client 789] Data split:[32m [repeated 215x across cluster][0m
[36m(ClientAppActor pid=76863)[0m    Train:      173 samples (client-local)[32m [repeated 215x across cluster][0m
[36m(ClientAppActor pid=76863)[0m    Validation: 24 samples (client-local)[32m [repeated 215x across cluster][0m
[36m(ClientAppActor pid=76864)[0m [Client 859] Data split:[32m [repeated 207x across cluster][0m
[36m(ClientAppActor pid=76864)[0m    Train:      173 samples (client-local)[32m [repeated 207x across cluster][0m
[36m(ClientAppActor pid=76864)[0m    Validation: 24 samples (client-local)[32m [repeated 207x across cluster][0m
⏭️  Round 41: Evaluation skipped (all n_val=0)
[36m(ClientAppActor pid=76861)[0m [Client 338] ✅ ci loaded from persistent state
[36m(ClientAppActor pid=76864)[0m [Client 332] Data split:[32m [repeated 186x across cluster][0m
[36m(ClientAppActor pid=76864)[0m    Train:      174 samples (client-local)[32m [repeated 186x across cluster][0m
[36m(ClientAppActor pid=76864)[0m    Validation: 24 samples (client-local)[32m [repeated 186x across cluster][0m
[36m(ClientAppActor pid=76863)[0m [Client 208] ✅ ci loaded from persistent state[32m [repeated 200x across cluster][0m
[36m(ClientAppActor pid=76863)[0m [Client 5] Data split:[32m [repeated 206x across cluster][0m
[36m(ClientAppActor pid=76863)[0m    Train:      174 samples (client-local)[32m [repeated 206x across cluster][0m
[36m(ClientAppActor pid=76863)[0m    Validation: 24 samples (client-local)[32m [repeated 206x across cluster][0m
[36m(ClientAppActor pid=76862)[0m [Client 230] ✅ ci loaded from persistent state[32m [repeated 207x across cluster][0m
[36m(ClientAppActor pid=76868)[0m [Client 779] Data split:[32m [repeated 201x across cluster][0m
[36m(ClientAppActor pid=76868)[0m    Train:      173 samples (client-local)[32m [repeated 201x across cluster][0m
[36m(ClientAppActor pid=76868)[0m    Validation: 24 samples (client-local)[32m [repeated 201x across cluster][0m
[36m(ClientAppActor pid=76863)[0m [Client 255] ✅ ci loaded from persistent state[32m [repeated 198x across cluster][0m
   💾 Checkpoint saved: result/splits_iid_scaling/splits_iid_1024_clients.json/SCAFFOLD/all_rounds_run_1/model_round_42_run_1.pt
   💾 Checkpoint saved: result/splits_iid_scaling/splits_iid_1024_clients.json/SCAFFOLD/all_rounds_run_1/model_round_42_run_1.pt
🔧 Round 42: Updated c_global from 768 client Δc_i reports (N=1024)
[36m(ClientAppActor pid=76863)[0m [Client 610] Data split:[32m [repeated 187x across cluster][0m
[36m(ClientAppActor pid=76863)[0m    Train:      173 samples (client-local)[32m [repeated 187x across cluster][0m
[36m(ClientAppActor pid=76863)[0m    Validation: 24 samples (client-local)[32m [repeated 187x across cluster][0m
[36m(ClientAppActor pid=76866)[0m [Client 946] ✅ ci loaded from persistent state[32m [repeated 162x across cluster][0m
[36m(ClientAppActor pid=76863)[0m [Client 288] Data split:[32m [repeated 200x across cluster][0m
[36m(ClientAppActor pid=76863)[0m    Train:      174 samples (client-local)[32m [repeated 200x across cluster][0m
[36m(ClientAppActor pid=76863)[0m    Validation: 24 samples (client-local)[32m [repeated 200x across cluster][0m
[36m(ClientAppActor pid=76863)[0m [Client 211] Data split:[32m [repeated 218x across cluster][0m
[36m(ClientAppActor pid=76863)[0m    Train:      174 samples (client-local)[32m [repeated 218x across cluster][0m
[36m(ClientAppActor pid=76863)[0m    Validation: 24 samples (client-local)[32m [repeated 218x across cluster][0m
[36m(ClientAppActor pid=76863)[0m [Client 333] Data split:[32m [repeated 215x across cluster][0m
[36m(ClientAppActor pid=76863)[0m    Train:      174 samples (client-local)[32m [repeated 215x across cluster][0m
[36m(ClientAppActor pid=76863)[0m    Validation: 24 samples (client-local)[32m [repeated 215x across cluster][0m
[36m(ClientAppActor pid=76865)[0m [Client 248] Data split:[32m [repeated 214x across cluster][0m
[36m(ClientAppActor pid=76865)[0m    Train:      174 samples (client-local)[32m [repeated 214x across cluster][0m
[36m(ClientAppActor pid=76865)[0m    Validation: 24 samples (client-local)[32m [repeated 214x across cluster][0m
⏭️  Round 42: Evaluation skipped (all n_val=0)
[36m(ClientAppActor pid=76865)[0m [Client 411] ✅ ci loaded from persistent state
[36m(ClientAppActor pid=76863)[0m [Client 8] Data split:[32m [repeated 201x across cluster][0m
[36m(ClientAppActor pid=76863)[0m    Train:      174 samples (client-local)[32m [repeated 201x across cluster][0m
[36m(ClientAppActor pid=76863)[0m    Validation: 24 samples (client-local)[32m [repeated 201x across cluster][0m
[36m(ClientAppActor pid=76862)[0m [Client 350] ✅ ci loaded from persistent state[32m [repeated 211x across cluster][0m[33m(raylet)[0m [2026-07-26 04:26:25,987 E 76850 9195222] (raylet) file_system_monitor.cc:116: /tmp/ray/session_2026-07-26_03-54-15_074098_76832 is over 95% full, available space: 8.82386 GB; capacity: 452.981 GB. Object creation will fail if spilling is required.
[92mINFO [0m:      aggregate_fit: received 768 results and 0 failures
[92mINFO [0m:      configure_evaluate: strategy sampled 1024 clients (out of 1024)
[33m(raylet)[0m [2026-07-26 04:26:36,008 E 76850 9195222] (raylet) file_system_monitor.cc:116: /tmp/ray/session_2026-07-26_03-54-15_074098_76832 is over 95% full, available space: 8.8239 GB; capacity: 452.981 GB. Object creation will fail if spilling is required.
[33m(raylet)[0m [2026-07-26 04:26:46,070 E 76850 9195222] (raylet) file_system_monitor.cc:116: /tmp/ray/session_2026-07-26_03-54-15_074098_76832 is over 95% full, available space: 8.81612 GB; capacity: 452.981 GB. Object creation will fail if spilling is required.
[33m(raylet)[0m [2026-07-26 04:26:56,169 E 76850 9195222] (raylet) file_system_monitor.cc:116: /tmp/ray/session_2026-07-26_03-54-15_074098_76832 is over 95% full, available space: 8.81139 GB; capacity: 452.981 GB. Object creation will fail if spilling is required.
[92mINFO [0m:      aggregate_evaluate: received 1024 results and 0 failures
[92mINFO [0m:      
[92mINFO [0m:      [ROUND 44]
[92mINFO [0m:      configure_fit: strategy sampled 768 clients (out of 1024)
[33m(raylet)[0m [2026-07-26 04:27:06,202 E 76850 9195222] (raylet) file_system_monitor.cc:116: /tmp/ray/session_2026-07-26_03-54-15_074098_76832 is over 95% full, available space: 8.79873 GB; capacity: 452.981 GB. Object creation will fail if spilling is required.
[33m(raylet)[0m [2026-07-26 04:27:16,236 E 76850 9195222] (raylet) file_system_monitor.cc:116: /tmp/ray/session_2026-07-26_03-54-15_074098_76832 is over 95% full, available space: 8.78262 GB; capacity: 452.981 GB. Object creation will fail if spilling is required.
[92mINFO [0m:      aggregate_fit: received 768 results and 0 failures
[92mINFO [0m:      configure_evaluate: strategy sampled 1024 clients (out of 1024)
[33m(raylet)[0m [2026-07-26 04:27:26,329 E 76850 9195222] (raylet) file_system_monitor.cc:116: /tmp/ray/session_2026-07-26_03-54-15_074098_76832 is over 95% full, available space: 8.78183 GB; capacity: 452.981 GB. Object creation will fail if spilling is required.
[33m(raylet)[0m [2026-07-26 04:27:36,379 E 76850 9195222] (raylet) file_system_monitor.cc:116: /tmp/ray/session_2026-07-26_03-54-15_074098_76832 is over 95% full, available space: 8.7779 GB; capacity: 452.981 GB. Object creation will fail if spilling is required.
[33m(raylet)[0m [2026-07-26 04:27:46,409 E 76850 9195222] (raylet) file_system_monitor.cc:116: /tmp/ray/session_2026-07-26_03-54-15_074098_76832 is over 95% full, available space: 8.7741 GB; capacity: 452.981 GB. Object creation will fail if spilling is required.
[92mINFO [0m:      aggregate_evaluate: received 1024 results and 0 failures
[92mINFO [0m:      
[92mINFO [0m:      [ROUND 45]
[92mINFO [0m:      configure_fit: strategy sampled 768 clients (out of 1024)

[36m(ClientAppActor pid=76863)[0m [Client 874] Data split:[32m [repeated 212x across cluster][0m
[36m(ClientAppActor pid=76863)[0m    Train:      173 samples (client-local)[32m [repeated 212x across cluster][0m
[36m(ClientAppActor pid=76863)[0m    Validation: 24 samples (client-local)[32m [repeated 212x across cluster][0m
[36m(ClientAppActor pid=76863)[0m [Client 54] ✅ ci loaded from persistent state[32m [repeated 202x across cluster][0m
[36m(ClientAppActor pid=76863)[0m [Client 861] Data split:[32m [repeated 201x across cluster][0m
[36m(ClientAppActor pid=76863)[0m    Train:      173 samples (client-local)[32m [repeated 201x across cluster][0m
[36m(ClientAppActor pid=76863)[0m    Validation: 24 samples (client-local)[32m [repeated 201x across cluster][0m
[36m(ClientAppActor pid=76867)[0m [Client 838] ✅ ci loaded from persistent state[32m [repeated 195x across cluster][0m
[36m(ClientAppActor pid=76868)[0m [Client 36] Data split:[32m [repeated 198x across cluster][0m
[36m(ClientAppActor pid=76868)[0m    Train:      174 samples (client-local)[32m [repeated 198x across cluster][0m
[36m(ClientAppActor pid=76868)[0m    Validation: 24 samples (client-local)[32m [repeated 198x across cluster][0m
   💾 Checkpoint saved: result/splits_iid_scaling/splits_iid_1024_clients.json/SCAFFOLD/all_rounds_run_1/model_round_43_run_1.pt
   💾 Checkpoint saved: result/splits_iid_scaling/splits_iid_1024_clients.json/SCAFFOLD/all_rounds_run_1/model_round_43_run_1.pt
🔧 Round 43: Updated c_global from 768 client Δc_i reports (N=1024)
[36m(ClientAppActor pid=76863)[0m [Client 813] ✅ ci loaded from persistent state[32m [repeated 159x across cluster][0m
[36m(ClientAppActor pid=76863)[0m [Client 986] Data split:[32m [repeated 141x across cluster][0m
[36m(ClientAppActor pid=76863)[0m    Train:      173 samples (client-local)[32m [repeated 141x across cluster][0m
[36m(ClientAppActor pid=76863)[0m    Validation: 24 samples (client-local)[32m [repeated 141x across cluster][0m
[36m(ClientAppActor pid=76863)[0m [Client 945] Data split:[32m [repeated 193x across cluster][0m
[36m(ClientAppActor pid=76863)[0m    Train:      173 samples (client-local)[32m [repeated 193x across cluster][0m
[36m(ClientAppActor pid=76863)[0m    Validation: 24 samples (client-local)[32m [repeated 193x across cluster][0m
[36m(ClientAppActor pid=76867)[0m [Client 525] Data split:[32m [repeated 174x across cluster][0m
[36m(ClientAppActor pid=76867)[0m    Train:      173 samples (client-local)[32m [repeated 174x across cluster][0m
[36m(ClientAppActor pid=76867)[0m    Validation: 24 samples (client-local)[32m [repeated 174x across cluster][0m
[36m(ClientAppActor pid=76863)[0m [Client 385] Data split:[32m [repeated 199x across cluster][0m
[36m(ClientAppActor pid=76863)[0m    Train:      174 samples (client-local)[32m [repeated 199x across cluster][0m
[36m(ClientAppActor pid=76863)[0m    Validation: 24 samples (client-local)[32m [repeated 199x across cluster][0m
[36m(ClientAppActor pid=76864)[0m [Client 463] Data split:[32m [repeated 188x across cluster][0m
[36m(ClientAppActor pid=76864)[0m    Train:      173 samples (client-local)[32m [repeated 188x across cluster][0m
[36m(ClientAppActor pid=76864)[0m    Validation: 24 samples (client-local)[32m [repeated 188x across cluster][0m
[36m(ClientAppActor pid=76863)[0m [Client 316] Data split:[32m [repeated 193x across cluster][0m
[36m(ClientAppActor pid=76863)[0m    Train:      174 samples (client-local)[32m [repeated 193x across cluster][0m
[36m(ClientAppActor pid=76863)[0m    Validation: 24 samples (client-local)[32m [repeated 193x across cluster][0m
⏭️  Round 43: Evaluation skipped (all n_val=0)
[36m(ClientAppActor pid=76863)[0m [Client 121] ✅ ci loaded from persistent state
[36m(ClientAppActor pid=76863)[0m [Client 269] Data split:[32m [repeated 180x across cluster][0m
[36m(ClientAppActor pid=76863)[0m    Train:      174 samples (client-local)[32m [repeated 180x across cluster][0m
[36m(ClientAppActor pid=76863)[0m    Validation: 24 samples (client-local)[32m [repeated 180x across cluster][0m
[36m(ClientAppActor pid=76863)[0m [Client 644] ✅ ci loaded from persistent state[32m [repeated 180x across cluster][0m
[36m(ClientAppActor pid=76864)[0m [Client 553] Data split:[32m [repeated 184x across cluster][0m
[36m(ClientAppActor pid=76864)[0m    Train:      173 samples (client-local)[32m [repeated 184x across cluster][0m
[36m(ClientAppActor pid=76864)[0m    Validation: 24 samples (client-local)[32m [repeated 184x across cluster][0m
[36m(ClientAppActor pid=76868)[0m 
[36m(ClientAppActor pid=76864)[0m [Client 821] ✅ ci loaded from persistent state[32m [repeated 194x across cluster][0m
[36m(ClientAppActor pid=76866)[0m [Client 224] Data split:[32m [repeated 183x across cluster][0m
[36m(ClientAppActor pid=76866)[0m    Train:      174 samples (client-local)[32m [repeated 183x across cluster][0m
[36m(ClientAppActor pid=76866)[0m    Validation: 24 samples (client-local)[32m [repeated 183x across cluster][0m
[36m(ClientAppActor pid=76864)[0m [Client 675] ✅ ci loaded from persistent state[32m [repeated 177x across cluster][0m
[36m(ClientAppActor pid=76863)[0m [Client 800] Data split:[32m [repeated 185x across cluster][0m
[36m(ClientAppActor pid=76863)[0m    Train:      173 samples (client-local)[32m [repeated 185x across cluster][0m
[36m(ClientAppActor pid=76863)[0m    Validation: 24 samples (client-local)[32m [repeated 185x across cluster][0m
[36m(ClientAppActor pid=76863)[0m [Client 282] ✅ ci loaded from persistent state[32m [repeated 186x across cluster][0m
   💾 Checkpoint saved: result/splits_iid_scaling/splits_iid_1024_clients.json/SCAFFOLD/all_rounds_run_1/model_round_44_run_1.pt
   💾 Checkpoint saved: result/splits_iid_scaling/splits_iid_1024_clients.json/SCAFFOLD/all_rounds_run_1/model_round_44_run_1.pt
🔧 Round 44: Updated c_global from 768 client Δc_i reports (N=1024)
[36m(ClientAppActor pid=76864)[0m [Client 879] Data split:[32m [repeated 156x across cluster][0m
[36m(ClientAppActor pid=76864)[0m    Train:      173 samples (client-local)[32m [repeated 156x across cluster][0m
[36m(ClientAppActor pid=76864)[0m    Validation: 24 samples (client-local)[32m [repeated 156x across cluster][0m
[36m(ClientAppActor pid=76864)[0m [Client 451] ✅ ci loaded from persistent state[32m [repeated 30x across cluster][0m
[36m(ClientAppActor pid=76868)[0m [Client 694] Data split:[32m [repeated 203x across cluster][0m
[36m(ClientAppActor pid=76868)[0m    Train:      173 samples (client-local)[32m [repeated 203x across cluster][0m
[36m(ClientAppActor pid=76868)[0m    Validation: 24 samples (client-local)[32m [repeated 203x across cluster][0m
[36m(ClientAppActor pid=76864)[0m [Client 721] Data split:[32m [repeated 197x across cluster][0m
[36m(ClientAppActor pid=76864)[0m    Train:      173 samples (client-local)[32m [repeated 197x across cluster][0m
[36m(ClientAppActor pid=76864)[0m    Validation: 24 samples (client-local)[32m [repeated 197x across cluster][0m
[36m(ClientAppActor pid=76864)[0m [Client 732] Data split:[32m [repeated 196x across cluster][0m
[36m(ClientAppActor pid=76864)[0m    Train:      173 samples (client-local)[32m [repeated 196x across cluster][0m
[36m(ClientAppActor pid=76864)[0m    Validation: 24 samples (client-local)[32m [repeated 196x across cluster][0m
[36m(ClientAppActor pid=76863)[0m [Client 143] Data split:[32m [repeated 192x across cluster][0m
[36m(ClientAppActor pid=76863)[0m    Train:      174 samples (client-local)[32m [repeated 192x across cluster][0m
[36m(ClientAppActor pid=76863)[0m    Validation: 24 samples (client-local)[32m [repeated 192x across cluster][0m
⏭️  Round 44: Evaluation skipped (all n_val=0)
[36m(ClientAppActor pid=76864)[0m [Client 164] Data split:[32m [repeated 185x across cluster][0m
[36m(ClientAppActor pid=76864)[0m    Train:      174 samples (client-local)[32m [repeated 185x across cluster][0m
[36m(ClientAppActor pid=76864)[0m    Validation: 24 samples (client-local)[32m [repeated 185x across cluster][0m[33m(raylet)[0m [2026-07-26 04:27:56,419 E 76850 9195222] (raylet) file_system_monitor.cc:116: /tmp/ray/session_2026-07-26_03-54-15_074098_76832 is over 95% full, available space: 8.76172 GB; capacity: 452.981 GB. Object creation will fail if spilling is required.
[33m(raylet)[0m [2026-07-26 04:28:06,429 E 76850 9195222] (raylet) file_system_monitor.cc:116: /tmp/ray/session_2026-07-26_03-54-15_074098_76832 is over 95% full, available space: 8.75736 GB; capacity: 452.981 GB. Object creation will fail if spilling is required.
[92mINFO [0m:      aggregate_fit: received 768 results and 0 failures
[92mINFO [0m:      configure_evaluate: strategy sampled 1024 clients (out of 1024)
[33m(raylet)[0m [2026-07-26 04:28:16,443 E 76850 9195222] (raylet) file_system_monitor.cc:116: /tmp/ray/session_2026-07-26_03-54-15_074098_76832 is over 95% full, available space: 8.75143 GB; capacity: 452.981 GB. Object creation will fail if spilling is required.
[33m(raylet)[0m [2026-07-26 04:28:26,538 E 76850 9195222] (raylet) file_system_monitor.cc:116: /tmp/ray/session_2026-07-26_03-54-15_074098_76832 is over 95% full, available space: 8.73442 GB; capacity: 452.981 GB. Object creation will fail if spilling is required.
[92mINFO [0m:      aggregate_evaluate: received 1024 results and 0 failures
[92mINFO [0m:      
[92mINFO [0m:      [ROUND 46]
[92mINFO [0m:      configure_fit: strategy sampled 768 clients (out of 1024)
[33m(raylet)[0m [2026-07-26 04:28:36,655 E 76850 9195222] (raylet) file_system_monitor.cc:116: /tmp/ray/session_2026-07-26_03-54-15_074098_76832 is over 95% full, available space: 8.7217 GB; capacity: 452.981 GB. Object creation will fail if spilling is required.
[33m(raylet)[0m [2026-07-26 04:28:46,668 E 76850 9195222] (raylet) file_system_monitor.cc:116: /tmp/ray/session_2026-07-26_03-54-15_074098_76832 is over 95% full, available space: 8.69791 GB; capacity: 452.981 GB. Object creation will fail if spilling is required.
[92mINFO [0m:      aggregate_fit: received 768 results and 0 failures
[92mINFO [0m:      configure_evaluate: strategy sampled 1024 clients (out of 1024)
[33m(raylet)[0m [2026-07-26 04:28:56,683 E 76850 9195222] (raylet) file_system_monitor.cc:116: /tmp/ray/session_2026-07-26_03-54-15_074098_76832 is over 95% full, available space: 8.68199 GB; capacity: 452.981 GB. Object creation will fail if spilling is required.
[33m(raylet)[0m [2026-07-26 04:29:06,769 E 76850 9195222] (raylet) file_system_monitor.cc:116: /tmp/ray/session_2026-07-26_03-54-15_074098_76832 is over 95% full, available space: 8.66455 GB; capacity: 452.981 GB. Object creation will fail if spilling is required.
[33m(raylet)[0m [2026-07-26 04:29:16,782 E 76850 9195222] (raylet) file_system_monitor.cc:116: /tmp/ray/session_2026-07-26_03-54-15_074098_76832 is over 95% full, available space: 8.66539 GB; capacity: 452.981 GB. Object creation will fail if spilling is required.
[92mINFO [0m:      aggregate_evaluate: received 1024 results and 0 failures
[92mINFO [0m:      
[92mINFO [0m:      [ROUND 47]
[92mINFO [0m:      configure_fit: strategy sampled 768 clients (out of 1024)

[36m(ClientAppActor pid=76867)[0m [Client 70] ✅ ci loaded from persistent state
[36m(ClientAppActor pid=76866)[0m 
[36m(ClientAppActor pid=76863)[0m [Client 349] Data split:[32m [repeated 172x across cluster][0m
[36m(ClientAppActor pid=76863)[0m    Train:      174 samples (client-local)[32m [repeated 172x across cluster][0m
[36m(ClientAppActor pid=76863)[0m    Validation: 24 samples (client-local)[32m [repeated 172x across cluster][0m
[36m(ClientAppActor pid=76863)[0m [Client 74] ✅ ci loaded from persistent state[32m [repeated 164x across cluster][0m
[36m(ClientAppActor pid=76863)[0m [Client 686] Data split:[32m [repeated 183x across cluster][0m
[36m(ClientAppActor pid=76863)[0m    Train:      173 samples (client-local)[32m [repeated 183x across cluster][0m
[36m(ClientAppActor pid=76863)[0m    Validation: 24 samples (client-local)[32m [repeated 183x across cluster][0m
[36m(ClientAppActor pid=76863)[0m [Client 122] ✅ ci loaded from persistent state[32m [repeated 187x across cluster][0m
[36m(ClientAppActor pid=76861)[0m [Client 618] Data split:[32m [repeated 184x across cluster][0m
[36m(ClientAppActor pid=76861)[0m    Train:      173 samples (client-local)[32m [repeated 184x across cluster][0m
[36m(ClientAppActor pid=76861)[0m    Validation: 24 samples (client-local)[32m [repeated 184x across cluster][0m
[36m(ClientAppActor pid=76861)[0m [Client 618] ✅ ci loaded from persistent state[32m [repeated 183x across cluster][0m
[36m(ClientAppActor pid=76863)[0m [Client 139] Data split:[32m [repeated 207x across cluster][0m
[36m(ClientAppActor pid=76863)[0m    Train:      174 samples (client-local)[32m [repeated 207x across cluster][0m
[36m(ClientAppActor pid=76863)[0m    Validation: 24 samples (client-local)[32m [repeated 207x across cluster][0m
[36m(ClientAppActor pid=76863)[0m [Client 858] ✅ ci loaded from persistent state[32m [repeated 210x across cluster][0m
   💾 Checkpoint saved: result/splits_iid_scaling/splits_iid_1024_clients.json/SCAFFOLD/all_rounds_run_1/model_round_45_run_1.pt
   💾 Checkpoint saved: result/splits_iid_scaling/splits_iid_1024_clients.json/SCAFFOLD/all_rounds_run_1/model_round_45_run_1.pt
🔧 Round 45: Updated c_global from 768 client Δc_i reports (N=1024)
[36m(ClientAppActor pid=76863)[0m [Client 910] Data split:[32m [repeated 178x across cluster][0m
[36m(ClientAppActor pid=76863)[0m    Train:      173 samples (client-local)[32m [repeated 178x across cluster][0m
[36m(ClientAppActor pid=76863)[0m    Validation: 24 samples (client-local)[32m [repeated 178x across cluster][0m
[36m(ClientAppActor pid=76861)[0m [Client 957] ✅ ci loaded from persistent state[32m [repeated 23x across cluster][0m
[36m(ClientAppActor pid=76863)[0m [Client 826] Data split:[32m [repeated 216x across cluster][0m
[36m(ClientAppActor pid=76863)[0m    Train:      173 samples (client-local)[32m [repeated 216x across cluster][0m
[36m(ClientAppActor pid=76863)[0m    Validation: 24 samples (client-local)[32m [repeated 216x across cluster][0m
[36m(ClientAppActor pid=76864)[0m [Client 717] Data split:[32m [repeated 202x across cluster][0m
[36m(ClientAppActor pid=76864)[0m    Train:      173 samples (client-local)[32m [repeated 202x across cluster][0m
[36m(ClientAppActor pid=76864)[0m    Validation: 24 samples (client-local)[32m [repeated 202x across cluster][0m
[36m(ClientAppActor pid=76861)[0m 
[36m(ClientAppActor pid=76861)[0m 
[36m(ClientAppActor pid=76863)[0m [Client 790] Data split:[32m [repeated 215x across cluster][0m
[36m(ClientAppActor pid=76863)[0m    Train:      173 samples (client-local)[32m [repeated 215x across cluster][0m
[36m(ClientAppActor pid=76863)[0m    Validation: 24 samples (client-local)[32m [repeated 215x across cluster][0m
[36m(ClientAppActor pid=76863)[0m [Client 92] Data split:[32m [repeated 211x across cluster][0m
[36m(ClientAppActor pid=76863)[0m    Train:      174 samples (client-local)[32m [repeated 211x across cluster][0m
[36m(ClientAppActor pid=76863)[0m    Validation: 24 samples (client-local)[32m [repeated 211x across cluster][0m
⏭️  Round 45: Evaluation skipped (all n_val=0)
[36m(ClientAppActor pid=76868)[0m [Client 44] ✅ ci loaded from persistent state
[36m(ClientAppActor pid=76863)[0m [Client 3] Data split:[32m [repeated 200x across cluster][0m
[36m(ClientAppActor pid=76863)[0m    Train:      174 samples (client-local)[32m [repeated 200x across cluster][0m
[36m(ClientAppActor pid=76863)[0m    Validation: 24 samples (client-local)[32m [repeated 200x across cluster][0m
[36m(ClientAppActor pid=76863)[0m [Client 892] ✅ ci loaded from persistent state[32m [repeated 207x across cluster][0m
[36m(ClientAppActor pid=76864)[0m [Client 676] Data split:[32m [repeated 203x across cluster][0m
[36m(ClientAppActor pid=76864)[0m    Train:      173 samples (client-local)[32m [repeated 203x across cluster][0m
[36m(ClientAppActor pid=76864)[0m    Validation: 24 samples (client-local)[32m [repeated 203x across cluster][0m
[36m(ClientAppActor pid=76863)[0m [Client 868] ✅ ci loaded from persistent state[32m [repeated 198x across cluster][0m
[36m(ClientAppActor pid=76863)[0m [Client 565] Data split:[32m [repeated 200x across cluster][0m
[36m(ClientAppActor pid=76863)[0m    Train:      173 samples (client-local)[32m [repeated 200x across cluster][0m
[36m(ClientAppActor pid=76863)[0m    Validation: 24 samples (client-local)[32m [repeated 200x across cluster][0m
[36m(ClientAppActor pid=76865)[0m [Client 96] ✅ ci loaded from persistent state[32m [repeated 199x across cluster][0m
   💾 Checkpoint saved: result/splits_iid_scaling/splits_iid_1024_clients.json/SCAFFOLD/all_rounds_run_1/model_round_46_run_1.pt
   💾 Checkpoint saved: result/splits_iid_scaling/splits_iid_1024_clients.json/SCAFFOLD/all_rounds_run_1/model_round_46_run_1.pt
🔧 Round 46: Updated c_global from 768 client Δc_i reports (N=1024)
[36m(ClientAppActor pid=76863)[0m [Client 339] Data split:[32m [repeated 189x across cluster][0m
[36m(ClientAppActor pid=76863)[0m    Train:      174 samples (client-local)[32m [repeated 189x across cluster][0m
[36m(ClientAppActor pid=76863)[0m    Validation: 24 samples (client-local)[32m [repeated 189x across cluster][0m
[36m(ClientAppActor pid=76862)[0m [Client 630] ✅ ci loaded from persistent state[32m [repeated 163x across cluster][0m
[36m(ClientAppActor pid=76864)[0m [Client 9] Data split:[32m [repeated 211x across cluster][0m
[36m(ClientAppActor pid=76864)[0m    Train:      174 samples (client-local)[32m [repeated 211x across cluster][0m
[36m(ClientAppActor pid=76864)[0m    Validation: 24 samples (client-local)[32m [repeated 211x across cluster][0m
[36m(ClientAppActor pid=76863)[0m [Client 789] Data split:[32m [repeated 215x across cluster][0m
[36m(ClientAppActor pid=76863)[0m    Train:      173 samples (client-local)[32m [repeated 215x across cluster][0m
[36m(ClientAppActor pid=76863)[0m    Validation: 24 samples (client-local)[32m [repeated 215x across cluster][0m
[36m(ClientAppActor pid=76863)[0m [Client 107] Data split:[32m [repeated 196x across cluster][0m
[36m(ClientAppActor pid=76863)[0m    Train:      174 samples (client-local)[32m [repeated 196x across cluster][0m
[36m(ClientAppActor pid=76863)[0m    Validation: 24 samples (client-local)[32m [repeated 196x across cluster][0m
[36m(ClientAppActor pid=76863)[0m [Client 257] Data split:[32m [repeated 209x across cluster][0m
[36m(ClientAppActor pid=76863)[0m    Train:      174 samples (client-local)[32m [repeated 209x across cluster][0m
[36m(ClientAppActor pid=76863)[0m    Validation: 24 samples (client-local)[32m [repeated 209x across cluster][0m
⏭️  Round 46: Evaluation skipped (all n_val=0)
[36m(ClientAppActor pid=76864)[0m [Client 399] ✅ ci loaded from persistent state
[36m(ClientAppActor pid=76862)[0m [Client 533] Data split:[32m [repeated 204x across cluster][0m
[36m(ClientAppActor pid=76862)[0m    Train:      173 samples (client-local)[32m [repeated 204x across cluster][0m
[36m(ClientAppActor pid=76862)[0m    Validation: 24 samples (client-local)[32m [repeated 204x across cluster][0m[33m(raylet)[0m [2026-07-26 04:29:26,816 E 76850 9195222] (raylet) file_system_monitor.cc:116: /tmp/ray/session_2026-07-26_03-54-15_074098_76832 is over 95% full, available space: 8.66508 GB; capacity: 452.981 GB. Object creation will fail if spilling is required.
[33m(raylet)[0m [2026-07-26 04:29:36,916 E 76850 9195222] (raylet) file_system_monitor.cc:116: /tmp/ray/session_2026-07-26_03-54-15_074098_76832 is over 95% full, available space: 8.66497 GB; capacity: 452.981 GB. Object creation will fail if spilling is required.
[92mINFO [0m:      aggregate_fit: received 768 results and 0 failures
[92mINFO [0m:      configure_evaluate: strategy sampled 1024 clients (out of 1024)
[33m(raylet)[0m [2026-07-26 04:29:46,928 E 76850 9195222] (raylet) file_system_monitor.cc:116: /tmp/ray/session_2026-07-26_03-54-15_074098_76832 is over 95% full, available space: 8.6601 GB; capacity: 452.981 GB. Object creation will fail if spilling is required.
[33m(raylet)[0m [2026-07-26 04:29:57,033 E 76850 9195222] (raylet) file_system_monitor.cc:116: /tmp/ray/session_2026-07-26_03-54-15_074098_76832 is over 95% full, available space: 8.65432 GB; capacity: 452.981 GB. Object creation will fail if spilling is required.
[92mINFO [0m:      aggregate_evaluate: received 1024 results and 0 failures
[92mINFO [0m:      
[92mINFO [0m:      [ROUND 48]
[92mINFO [0m:      configure_fit: strategy sampled 768 clients (out of 1024)
[33m(raylet)[0m [2026-07-26 04:30:07,106 E 76850 9195222] (raylet) file_system_monitor.cc:116: /tmp/ray/session_2026-07-26_03-54-15_074098_76832 is over 95% full, available space: 8.66836 GB; capacity: 452.981 GB. Object creation will fail if spilling is required.
[33m(raylet)[0m [2026-07-26 04:30:17,142 E 76850 9195222] (raylet) file_system_monitor.cc:116: /tmp/ray/session_2026-07-26_03-54-15_074098_76832 is over 95% full, available space: 8.66261 GB; capacity: 452.981 GB. Object creation will fail if spilling is required.
[92mINFO [0m:      aggregate_fit: received 768 results and 0 failures
[92mINFO [0m:      configure_evaluate: strategy sampled 1024 clients (out of 1024)
[33m(raylet)[0m [2026-07-26 04:30:27,205 E 76850 9195222] (raylet) file_system_monitor.cc:116: /tmp/ray/session_2026-07-26_03-54-15_074098_76832 is over 95% full, available space: 8.65614 GB; capacity: 452.981 GB. Object creation will fail if spilling is required.
[33m(raylet)[0m [2026-07-26 04:30:37,215 E 76850 9195222] (raylet) file_system_monitor.cc:116: /tmp/ray/session_2026-07-26_03-54-15_074098_76832 is over 95% full, available space: 8.65407 GB; capacity: 452.981 GB. Object creation will fail if spilling is required.
[33m(raylet)[0m [2026-07-26 04:30:47,253 E 76850 9195222] (raylet) file_system_monitor.cc:116: /tmp/ray/session_2026-07-26_03-54-15_074098_76832 is over 95% full, available space: 8.6521 GB; capacity: 452.981 GB. Object creation will fail if spilling is required.
[92mINFO [0m:      aggregate_evaluate: received 1024 results and 0 failures
[92mINFO [0m:      
[92mINFO [0m:      [ROUND 49]
[92mINFO [0m:      configure_fit: strategy sampled 768 clients (out of 1024)

[36m(ClientAppActor pid=76863)[0m [Client 438] ✅ ci loaded from persistent state[32m [repeated 198x across cluster][0m
[36m(ClientAppActor pid=76862)[0m [Client 144] Data split:[32m [repeated 203x across cluster][0m
[36m(ClientAppActor pid=76862)[0m    Train:      174 samples (client-local)[32m [repeated 203x across cluster][0m
[36m(ClientAppActor pid=76862)[0m    Validation: 24 samples (client-local)[32m [repeated 203x across cluster][0m
[36m(ClientAppActor pid=76862)[0m [Client 47] ✅ ci loaded from persistent state[32m [repeated 202x across cluster][0m
[36m(ClientAppActor pid=76863)[0m [Client 100] Data split:[32m [repeated 199x across cluster][0m
[36m(ClientAppActor pid=76863)[0m    Train:      174 samples (client-local)[32m [repeated 199x across cluster][0m
[36m(ClientAppActor pid=76863)[0m    Validation: 24 samples (client-local)[32m [repeated 199x across cluster][0m
[36m(ClientAppActor pid=76862)[0m [Client 1011] ✅ ci loaded from persistent state[32m [repeated 199x across cluster][0m
[36m(ClientAppActor pid=76866)[0m [Client 676] Data split:[32m [repeated 201x across cluster][0m
[36m(ClientAppActor pid=76866)[0m    Train:      173 samples (client-local)[32m [repeated 201x across cluster][0m
[36m(ClientAppActor pid=76866)[0m    Validation: 24 samples (client-local)[32m [repeated 201x across cluster][0m
   💾 Checkpoint saved: result/splits_iid_scaling/splits_iid_1024_clients.json/SCAFFOLD/all_rounds_run_1/model_round_47_run_1.pt
   💾 Checkpoint saved: result/splits_iid_scaling/splits_iid_1024_clients.json/SCAFFOLD/all_rounds_run_1/model_round_47_run_1.pt
🔧 Round 47: Updated c_global from 768 client Δc_i reports (N=1024)
[36m(ClientAppActor pid=76863)[0m [Client 856] ✅ ci loaded from persistent state[32m [repeated 168x across cluster][0m
[36m(ClientAppActor pid=76863)[0m [Client 892] Data split:[32m [repeated 173x across cluster][0m
[36m(ClientAppActor pid=76863)[0m    Train:      173 samples (client-local)[32m [repeated 173x across cluster][0m
[36m(ClientAppActor pid=76863)[0m    Validation: 24 samples (client-local)[32m [repeated 173x across cluster][0m
[36m(ClientAppActor pid=76868)[0m [Client 948] Data split:[32m [repeated 204x across cluster][0m
[36m(ClientAppActor pid=76868)[0m    Train:      173 samples (client-local)[32m [repeated 204x across cluster][0m
[36m(ClientAppActor pid=76868)[0m    Validation: 24 samples (client-local)[32m [repeated 204x across cluster][0m
[36m(ClientAppActor pid=76863)[0m [Client 459] Data split:[32m [repeated 207x across cluster][0m
[36m(ClientAppActor pid=76863)[0m    Train:      173 samples (client-local)[32m [repeated 207x across cluster][0m
[36m(ClientAppActor pid=76863)[0m    Validation: 24 samples (client-local)[32m [repeated 207x across cluster][0m
[36m(ClientAppActor pid=76863)[0m [Client 807] Data split:[32m [repeated 201x across cluster][0m
[36m(ClientAppActor pid=76863)[0m    Train:      173 samples (client-local)[32m [repeated 201x across cluster][0m
[36m(ClientAppActor pid=76863)[0m    Validation: 24 samples (client-local)[32m [repeated 201x across cluster][0m
[36m(ClientAppActor pid=76863)[0m [Client 828] Data split:[32m [repeated 211x across cluster][0m
[36m(ClientAppActor pid=76863)[0m    Train:      173 samples (client-local)[32m [repeated 211x across cluster][0m
[36m(ClientAppActor pid=76863)[0m    Validation: 24 samples (client-local)[32m [repeated 211x across cluster][0m
⏭️  Round 47: Evaluation skipped (all n_val=0)
[36m(ClientAppActor pid=76863)[0m [Client 354] ✅ ci loaded from persistent state
[36m(ClientAppActor pid=76863)[0m [Client 546] Data split:[32m [repeated 207x across cluster][0m
[36m(ClientAppActor pid=76863)[0m    Train:      173 samples (client-local)[32m [repeated 207x across cluster][0m
[36m(ClientAppActor pid=76863)[0m    Validation: 24 samples (client-local)[32m [repeated 207x across cluster][0m
[36m(ClientAppActor pid=76863)[0m [Client 95] ✅ ci loaded from persistent state[32m [repeated 203x across cluster][0m
[36m(ClientAppActor pid=76863)[0m [Client 481] Data split:[32m [repeated 202x across cluster][0m
[36m(ClientAppActor pid=76863)[0m    Train:      173 samples (client-local)[32m [repeated 202x across cluster][0m
[36m(ClientAppActor pid=76863)[0m    Validation: 24 samples (client-local)[32m [repeated 202x across cluster][0m
[36m(ClientAppActor pid=76866)[0m [Client 808] ✅ ci loaded from persistent state[32m [repeated 204x across cluster][0m
[36m(ClientAppActor pid=76864)[0m [Client 993] Data split:[32m [repeated 204x across cluster][0m
[36m(ClientAppActor pid=76864)[0m    Train:      173 samples (client-local)[32m [repeated 204x across cluster][0m
[36m(ClientAppActor pid=76864)[0m    Validation: 24 samples (client-local)[32m [repeated 204x across cluster][0m
[36m(ClientAppActor pid=76863)[0m [Client 432] ✅ ci loaded from persistent state[32m [repeated 201x across cluster][0m
[36m(ClientAppActor pid=76861)[0m [Client 222] Data split:[32m [repeated 205x across cluster][0m
[36m(ClientAppActor pid=76861)[0m    Train:      174 samples (client-local)[32m [repeated 205x across cluster][0m
[36m(ClientAppActor pid=76861)[0m    Validation: 24 samples (client-local)[32m [repeated 205x across cluster][0m
   💾 Checkpoint saved: result/splits_iid_scaling/splits_iid_1024_clients.json/SCAFFOLD/all_rounds_run_1/model_round_48_run_1.pt
   💾 Checkpoint saved: result/splits_iid_scaling/splits_iid_1024_clients.json/SCAFFOLD/all_rounds_run_1/model_round_48_run_1.pt
🔧 Round 48: Updated c_global from 768 client Δc_i reports (N=1024)
[36m(ClientAppActor pid=76866)[0m [Client 391] ✅ ci loaded from persistent state[32m [repeated 159x across cluster][0m
[36m(ClientAppActor pid=76863)[0m [Client 427] Data split:[32m [repeated 169x across cluster][0m
[36m(ClientAppActor pid=76863)[0m    Train:      173 samples (client-local)[32m [repeated 169x across cluster][0m
[36m(ClientAppActor pid=76863)[0m    Validation: 24 samples (client-local)[32m [repeated 169x across cluster][0m
[36m(ClientAppActor pid=76863)[0m [Client 616] Data split:[32m [repeated 207x across cluster][0m
[36m(ClientAppActor pid=76863)[0m    Train:      173 samples (client-local)[32m [repeated 207x across cluster][0m
[36m(ClientAppActor pid=76863)[0m    Validation: 24 samples (client-local)[32m [repeated 207x across cluster][0m
[36m(ClientAppActor pid=76867)[0m [Client 42] Data split:[32m [repeated 217x across cluster][0m
[36m(ClientAppActor pid=76867)[0m    Train:      174 samples (client-local)[32m [repeated 217x across cluster][0m
[36m(ClientAppActor pid=76867)[0m    Validation: 24 samples (client-local)[32m [repeated 217x across cluster][0m
[36m(ClientAppActor pid=76863)[0m [Client 542] Data split:[32m [repeated 206x across cluster][0m
[36m(ClientAppActor pid=76863)[0m    Train:      173 samples (client-local)[32m [repeated 206x across cluster][0m
[36m(ClientAppActor pid=76863)[0m    Validation: 24 samples (client-local)[32m [repeated 206x across cluster][0m
[36m(ClientAppActor pid=76864)[0m [Client 18] Data split:[32m [repeated 212x across cluster][0m
[36m(ClientAppActor pid=76864)[0m    Train:      174 samples (client-local)[32m [repeated 212x across cluster][0m
[36m(ClientAppActor pid=76864)[0m    Validation: 24 samples (client-local)[32m [repeated 212x across cluster][0m
[36m(ClientAppActor pid=76862)[0m 
⏭️  Round 48: Evaluation skipped (all n_val=0)
[36m(ClientAppActor pid=76864)[0m [Client 473] ✅ ci loaded from persistent state
[36m(ClientAppActor pid=76865)[0m [Client 539] Data split:[32m [repeated 197x across cluster][0m
[36m(ClientAppActor pid=76865)[0m    Train:      173 samples (client-local)[32m [repeated 197x across cluster][0m
[36m(ClientAppActor pid=76865)[0m    Validation: 24 samples (client-local)[32m [repeated 197x across cluster][0m
[36m(ClientAppActor pid=76862)[0m [Client 420] ✅ ci loaded from persistent state[32m [repeated 203x across cluster][0m
[36m(ClientAppActor pid=76863)[0m [Client 774] Data split:[32m [repeated 203x across cluster][0m[33m(raylet)[0m [2026-07-26 04:30:57,300 E 76850 9195222] (raylet) file_system_monitor.cc:116: /tmp/ray/session_2026-07-26_03-54-15_074098_76832 is over 95% full, available space: 8.64592 GB; capacity: 452.981 GB. Object creation will fail if spilling is required.
[33m(raylet)[0m [2026-07-26 04:31:07,332 E 76850 9195222] (raylet) file_system_monitor.cc:116: /tmp/ray/session_2026-07-26_03-54-15_074098_76832 is over 95% full, available space: 8.64002 GB; capacity: 452.981 GB. Object creation will fail if spilling is required.
[92mINFO [0m:      aggregate_fit: received 768 results and 0 failures
[92mINFO [0m:      configure_evaluate: strategy sampled 1024 clients (out of 1024)
[33m(raylet)[0m [2026-07-26 04:31:17,415 E 76850 9195222] (raylet) file_system_monitor.cc:116: /tmp/ray/session_2026-07-26_03-54-15_074098_76832 is over 95% full, available space: 8.63729 GB; capacity: 452.981 GB. Object creation will fail if spilling is required.
[33m(raylet)[0m [2026-07-26 04:31:27,421 E 76850 9195222] (raylet) file_system_monitor.cc:116: /tmp/ray/session_2026-07-26_03-54-15_074098_76832 is over 95% full, available space: 8.63531 GB; capacity: 452.981 GB. Object creation will fail if spilling is required.
[92mINFO [0m:      aggregate_evaluate: received 1024 results and 0 failures
[92mINFO [0m:      
[92mINFO [0m:      [ROUND 50]
[92mINFO [0m:      configure_fit: strategy sampled 768 clients (out of 1024)
[33m(raylet)[0m [2026-07-26 04:31:37,424 E 76850 9195222] (raylet) file_system_monitor.cc:116: /tmp/ray/session_2026-07-26_03-54-15_074098_76832 is over 95% full, available space: 8.64928 GB; capacity: 452.981 GB. Object creation will fail if spilling is required.
[33m(raylet)[0m [2026-07-26 04:31:47,471 E 76850 9195222] (raylet) file_system_monitor.cc:116: /tmp/ray/session_2026-07-26_03-54-15_074098_76832 is over 95% full, available space: 8.64279 GB; capacity: 452.981 GB. Object creation will fail if spilling is required.
[92mINFO [0m:      aggregate_fit: received 768 results and 0 failures
[92mINFO [0m:      configure_evaluate: strategy sampled 1024 clients (out of 1024)
[33m(raylet)[0m [2026-07-26 04:31:57,545 E 76850 9195222] (raylet) file_system_monitor.cc:116: /tmp/ray/session_2026-07-26_03-54-15_074098_76832 is over 95% full, available space: 8.64013 GB; capacity: 452.981 GB. Object creation will fail if spilling is required.
[33m(raylet)[0m [2026-07-26 04:32:07,616 E 76850 9195222] (raylet) file_system_monitor.cc:116: /tmp/ray/session_2026-07-26_03-54-15_074098_76832 is over 95% full, available space: 8.57615 GB; capacity: 452.981 GB. Object creation will fail if spilling is required.
[33m(raylet)[0m [2026-07-26 04:32:17,678 E 76850 9195222] (raylet) file_system_monitor.cc:116: /tmp/ray/session_2026-07-26_03-54-15_074098_76832 is over 95% full, available space: 8.57413 GB; capacity: 452.981 GB. Object creation will fail if spilling is required.
[92mINFO [0m:      aggregate_evaluate: received 1024 results and 0 failures
[92mINFO [0m:      
[92mINFO [0m:      [ROUND 51]
[92mINFO [0m:      configure_fit: strategy sampled 768 clients (out of 1024)

[36m(ClientAppActor pid=76863)[0m    Train:      173 samples (client-local)[32m [repeated 203x across cluster][0m
[36m(ClientAppActor pid=76863)[0m    Validation: 24 samples (client-local)[32m [repeated 203x across cluster][0m
[36m(ClientAppActor pid=76866)[0m [Client 266] ✅ ci loaded from persistent state[32m [repeated 203x across cluster][0m
[36m(ClientAppActor pid=76863)[0m [Client 986] Data split:[32m [repeated 200x across cluster][0m
[36m(ClientAppActor pid=76863)[0m    Train:      173 samples (client-local)[32m [repeated 200x across cluster][0m
[36m(ClientAppActor pid=76863)[0m    Validation: 24 samples (client-local)[32m [repeated 200x across cluster][0m
[36m(ClientAppActor pid=76863)[0m [Client 372] ✅ ci loaded from persistent state[32m [repeated 201x across cluster][0m
[36m(ClientAppActor pid=76863)[0m [Client 80] Data split:[32m [repeated 200x across cluster][0m
[36m(ClientAppActor pid=76863)[0m    Train:      174 samples (client-local)[32m [repeated 200x across cluster][0m
[36m(ClientAppActor pid=76863)[0m    Validation: 24 samples (client-local)[32m [repeated 200x across cluster][0m
   💾 Checkpoint saved: result/splits_iid_scaling/splits_iid_1024_clients.json/SCAFFOLD/all_rounds_run_1/model_round_49_run_1.pt
   💾 Checkpoint saved: result/splits_iid_scaling/splits_iid_1024_clients.json/SCAFFOLD/all_rounds_run_1/model_round_49_run_1.pt
🔧 Round 49: Updated c_global from 768 client Δc_i reports (N=1024)
[36m(ClientAppActor pid=76862)[0m [Client 246] ✅ ci loaded from persistent state[32m [repeated 160x across cluster][0m
[36m(ClientAppActor pid=76863)[0m [Client 925] Data split:[32m [repeated 174x across cluster][0m
[36m(ClientAppActor pid=76863)[0m    Train:      173 samples (client-local)[32m [repeated 174x across cluster][0m
[36m(ClientAppActor pid=76863)[0m    Validation: 24 samples (client-local)[32m [repeated 174x across cluster][0m
[36m(ClientAppActor pid=76863)[0m [Client 578] Data split:[32m [repeated 213x across cluster][0m
[36m(ClientAppActor pid=76863)[0m    Train:      173 samples (client-local)[32m [repeated 213x across cluster][0m
[36m(ClientAppActor pid=76863)[0m    Validation: 24 samples (client-local)[32m [repeated 213x across cluster][0m
[36m(ClientAppActor pid=76865)[0m [Client 423] Data split:[32m [repeated 211x across cluster][0m
[36m(ClientAppActor pid=76865)[0m    Train:      173 samples (client-local)[32m [repeated 211x across cluster][0m
[36m(ClientAppActor pid=76865)[0m    Validation: 24 samples (client-local)[32m [repeated 211x across cluster][0m
[36m(ClientAppActor pid=76864)[0m [Client 507] Data split:[32m [repeated 205x across cluster][0m
[36m(ClientAppActor pid=76864)[0m    Train:      173 samples (client-local)[32m [repeated 205x across cluster][0m
[36m(ClientAppActor pid=76864)[0m    Validation: 24 samples (client-local)[32m [repeated 205x across cluster][0m
[36m(ClientAppActor pid=76863)[0m [Client 186] Data split:[32m [repeated 215x across cluster][0m
[36m(ClientAppActor pid=76863)[0m    Train:      174 samples (client-local)[32m [repeated 215x across cluster][0m
[36m(ClientAppActor pid=76863)[0m    Validation: 24 samples (client-local)[32m [repeated 215x across cluster][0m
⏭️  Round 49: Evaluation skipped (all n_val=0)
[36m(ClientAppActor pid=76863)[0m [Client 24] ✅ ci loaded from persistent state
[36m(ClientAppActor pid=76863)[0m [Client 506] Data split:[32m [repeated 200x across cluster][0m
[36m(ClientAppActor pid=76863)[0m    Train:      173 samples (client-local)[32m [repeated 200x across cluster][0m
[36m(ClientAppActor pid=76863)[0m    Validation: 24 samples (client-local)[32m [repeated 200x across cluster][0m
[36m(ClientAppActor pid=76863)[0m [Client 980] ✅ ci loaded from persistent state[32m [repeated 204x across cluster][0m
[36m(ClientAppActor pid=76862)[0m [Client 471] Data split:[32m [repeated 200x across cluster][0m
[36m(ClientAppActor pid=76862)[0m    Train:      173 samples (client-local)[32m [repeated 200x across cluster][0m
[36m(ClientAppActor pid=76862)[0m    Validation: 24 samples (client-local)[32m [repeated 200x across cluster][0m
[36m(ClientAppActor pid=76863)[0m [Client 655] ✅ ci loaded from persistent state[32m [repeated 204x across cluster][0m
[36m(ClientAppActor pid=76863)[0m [Client 915] Data split:[32m [repeated 202x across cluster][0m
[36m(ClientAppActor pid=76863)[0m    Train:      173 samples (client-local)[32m [repeated 202x across cluster][0m
[36m(ClientAppActor pid=76863)[0m    Validation: 24 samples (client-local)[32m [repeated 202x across cluster][0m
[36m(ClientAppActor pid=76864)[0m [Client 702] ✅ ci loaded from persistent state[32m [repeated 209x across cluster][0m
[36m(ClientAppActor pid=76864)[0m [Client 804] Data split:[32m [repeated 202x across cluster][0m
[36m(ClientAppActor pid=76864)[0m    Train:      173 samples (client-local)[32m [repeated 202x across cluster][0m
[36m(ClientAppActor pid=76864)[0m    Validation: 24 samples (client-local)[32m [repeated 202x across cluster][0m
   💾 Checkpoint saved: result/splits_iid_scaling/splits_iid_1024_clients.json/SCAFFOLD/all_rounds_run_1/model_round_50_run_1.pt
   💾 Checkpoint saved: result/splits_iid_scaling/splits_iid_1024_clients.json/SCAFFOLD/all_rounds_run_1/model_round_50_run_1.pt
🔧 Round 50: Updated c_global from 768 client Δc_i reports (N=1024)
[36m(ClientAppActor pid=76862)[0m [Client 157] ✅ ci loaded from persistent state[32m [repeated 150x across cluster][0m
[36m(ClientAppActor pid=76863)[0m [Client 47] Data split:[32m [repeated 176x across cluster][0m
[36m(ClientAppActor pid=76863)[0m    Train:      174 samples (client-local)[32m [repeated 176x across cluster][0m
[36m(ClientAppActor pid=76863)[0m    Validation: 24 samples (client-local)[32m [repeated 176x across cluster][0m
[36m(ClientAppActor pid=76863)[0m [Client 793] Data split:[32m [repeated 213x across cluster][0m
[36m(ClientAppActor pid=76863)[0m    Train:      173 samples (client-local)[32m [repeated 213x across cluster][0m
[36m(ClientAppActor pid=76863)[0m    Validation: 24 samples (client-local)[32m [repeated 213x across cluster][0m
[36m(ClientAppActor pid=76864)[0m 
[36m(ClientAppActor pid=76863)[0m [Client 732] Data split:[32m [repeated 219x across cluster][0m
[36m(ClientAppActor pid=76863)[0m    Train:      173 samples (client-local)[32m [repeated 219x across cluster][0m
[36m(ClientAppActor pid=76863)[0m    Validation: 24 samples (client-local)[32m [repeated 219x across cluster][0m
[36m(ClientAppActor pid=76863)[0m [Client 362] Data split:[32m [repeated 209x across cluster][0m
[36m(ClientAppActor pid=76863)[0m    Train:      174 samples (client-local)[32m [repeated 209x across cluster][0m
[36m(ClientAppActor pid=76863)[0m    Validation: 24 samples (client-local)[32m [repeated 209x across cluster][0m
[36m(ClientAppActor pid=76861)[0m [Client 131] Data split:[32m [repeated 212x across cluster][0m
[36m(ClientAppActor pid=76861)[0m    Train:      174 samples (client-local)[32m [repeated 212x across cluster][0m
[36m(ClientAppActor pid=76861)[0m    Validation: 24 samples (client-local)[32m [repeated 212x across cluster][0m

📊 Multi-Threshold Aggregation:
   Valid clients: 1024
   Evaluated 12 thresholds:
     Thr=0.15: Rec=0.998, Spec=0.071, F1=0.258
     Thr=0.20: Rec=0.993, Spec=0.166, F1=0.278
     Thr=0.25: Rec=0.986, Spec=0.262, F1=0.301
     ... (+ 9 more)

💾 Round 50: Saved round_50_run_1.json
[36m(ClientAppActor pid=76863)[0m [Client 104] ✅ ci loaded from persistent state
[36m(ClientAppActor pid=76863)[0m [Client 772] Data split:[32m [repeated 201x across cluster][0m
[36m(ClientAppActor pid=76863)[0m    Train:      173 samples (client-local)[32m [repeated 201x across cluster][0m
[36m(ClientAppActor pid=76863)[0m    Validation: 24 samples (client-local)[32m [repeated 201x across cluster][0m
[36m(ClientAppActor pid=76863)[0m [Client 462] ✅ ci loaded from persistent state[32m [repeated 208x across cluster][0m
[36m(ClientAppActor pid=76863)[0m [Client 517] Data split:[32m [repeated 209x across cluster][0m[33m(raylet)[0m [2026-07-26 04:32:27,713 E 76850 9195222] (raylet) file_system_monitor.cc:116: /tmp/ray/session_2026-07-26_03-54-15_074098_76832 is over 95% full, available space: 8.56816 GB; capacity: 452.981 GB. Object creation will fail if spilling is required.
[92mINFO [0m:      aggregate_fit: received 768 results and 0 failures
[33m(raylet)[0m [2026-07-26 04:32:37,811 E 76850 9195222] (raylet) file_system_monitor.cc:116: /tmp/ray/session_2026-07-26_03-54-15_074098_76832 is over 95% full, available space: 8.56611 GB; capacity: 452.981 GB. Object creation will fail if spilling is required.
[92mINFO [0m:      configure_evaluate: strategy sampled 1024 clients (out of 1024)
[33m(raylet)[0m [2026-07-26 04:32:47,904 E 76850 9195222] (raylet) file_system_monitor.cc:116: /tmp/ray/session_2026-07-26_03-54-15_074098_76832 is over 95% full, available space: 8.55999 GB; capacity: 452.981 GB. Object creation will fail if spilling is required.
[33m(raylet)[0m [2026-07-26 04:32:57,996 E 76850 9195222] (raylet) file_system_monitor.cc:116: /tmp/ray/session_2026-07-26_03-54-15_074098_76832 is over 95% full, available space: 8.55797 GB; capacity: 452.981 GB. Object creation will fail if spilling is required.
[92mINFO [0m:      aggregate_evaluate: received 1024 results and 0 failures
[92mINFO [0m:      
[92mINFO [0m:      [ROUND 52]
[92mINFO [0m:      configure_fit: strategy sampled 768 clients (out of 1024)
[33m(raylet)[0m [2026-07-26 04:33:08,051 E 76850 9195222] (raylet) file_system_monitor.cc:116: /tmp/ray/session_2026-07-26_03-54-15_074098_76832 is over 95% full, available space: 8.56797 GB; capacity: 452.981 GB. Object creation will fail if spilling is required.
[33m(raylet)[0m [2026-07-26 04:33:18,093 E 76850 9195222] (raylet) file_system_monitor.cc:116: /tmp/ray/session_2026-07-26_03-54-15_074098_76832 is over 95% full, available space: 8.56613 GB; capacity: 452.981 GB. Object creation will fail if spilling is required.
[92mINFO [0m:      aggregate_fit: received 768 results and 0 failures
[92mINFO [0m:      configure_evaluate: strategy sampled 1024 clients (out of 1024)
[33m(raylet)[0m [2026-07-26 04:33:28,158 E 76850 9195222] (raylet) file_system_monitor.cc:116: /tmp/ray/session_2026-07-26_03-54-15_074098_76832 is over 95% full, available space: 8.55955 GB; capacity: 452.981 GB. Object creation will fail if spilling is required.
[33m(raylet)[0m [2026-07-26 04:33:38,242 E 76850 9195222] (raylet) file_system_monitor.cc:116: /tmp/ray/session_2026-07-26_03-54-15_074098_76832 is over 95% full, available space: 8.50721 GB; capacity: 452.981 GB. Object creation will fail if spilling is required.
[92mINFO [0m:      aggregate_evaluate: received 1024 results and 0 failures
[92mINFO [0m:      
[92mINFO [0m:      [ROUND 53]
[92mINFO [0m:      configure_fit: strategy sampled 768 clients (out of 1024)
[33m(raylet)[0m [2026-07-26 04:33:48,347 E 76850 9195222] (raylet) file_system_monitor.cc:116: /tmp/ray/session_2026-07-26_03-54-15_074098_76832 is over 95% full, available space: 8.50178 GB; capacity: 452.981 GB. Object creation will fail if spilling is required.

[36m(ClientAppActor pid=76863)[0m    Train:      173 samples (client-local)[32m [repeated 209x across cluster][0m
[36m(ClientAppActor pid=76863)[0m    Validation: 24 samples (client-local)[32m [repeated 209x across cluster][0m
[36m(ClientAppActor pid=76863)[0m [Client 196] ✅ ci loaded from persistent state[32m [repeated 207x across cluster][0m
[36m(ClientAppActor pid=76863)[0m [Client 664] Data split:[32m [repeated 208x across cluster][0m
[36m(ClientAppActor pid=76863)[0m    Train:      173 samples (client-local)[32m [repeated 208x across cluster][0m
[36m(ClientAppActor pid=76863)[0m    Validation: 24 samples (client-local)[32m [repeated 208x across cluster][0m
[36m(ClientAppActor pid=76863)[0m [Client 1021] ✅ ci loaded from persistent state[32m [repeated 205x across cluster][0m
[36m(ClientAppActor pid=76863)[0m [Client 502] Data split:[32m [repeated 208x across cluster][0m
[36m(ClientAppActor pid=76863)[0m    Train:      173 samples (client-local)[32m [repeated 208x across cluster][0m
[36m(ClientAppActor pid=76863)[0m    Validation: 24 samples (client-local)[32m [repeated 208x across cluster][0m
   💾 Checkpoint saved: result/splits_iid_scaling/splits_iid_1024_clients.json/SCAFFOLD/all_rounds_run_1/model_round_51_run_1.pt
   💾 Checkpoint saved: result/splits_iid_scaling/splits_iid_1024_clients.json/SCAFFOLD/all_rounds_run_1/model_round_51_run_1.pt
🔧 Round 51: Updated c_global from 768 client Δc_i reports (N=1024)
[36m(ClientAppActor pid=76866)[0m [Client 791] ✅ ci loaded from persistent state[32m [repeated 147x across cluster][0m
[36m(ClientAppActor pid=76863)[0m [Client 436] Data split:[32m [repeated 164x across cluster][0m
[36m(ClientAppActor pid=76863)[0m    Train:      173 samples (client-local)[32m [repeated 164x across cluster][0m
[36m(ClientAppActor pid=76863)[0m    Validation: 24 samples (client-local)[32m [repeated 164x across cluster][0m
[36m(ClientAppActor pid=76865)[0m [Client 726] Data split:[32m [repeated 216x across cluster][0m
[36m(ClientAppActor pid=76865)[0m    Train:      173 samples (client-local)[32m [repeated 216x across cluster][0m
[36m(ClientAppActor pid=76865)[0m    Validation: 24 samples (client-local)[32m [repeated 216x across cluster][0m
[36m(ClientAppActor pid=76864)[0m [Client 43] Data split:[32m [repeated 213x across cluster][0m
[36m(ClientAppActor pid=76864)[0m    Train:      174 samples (client-local)[32m [repeated 213x across cluster][0m
[36m(ClientAppActor pid=76864)[0m    Validation: 24 samples (client-local)[32m [repeated 213x across cluster][0m
[36m(ClientAppActor pid=76863)[0m [Client 77] Data split:[32m [repeated 209x across cluster][0m
[36m(ClientAppActor pid=76863)[0m    Train:      174 samples (client-local)[32m [repeated 209x across cluster][0m
[36m(ClientAppActor pid=76863)[0m    Validation: 24 samples (client-local)[32m [repeated 209x across cluster][0m
[36m(ClientAppActor pid=76863)[0m [Client 666] Data split:[32m [repeated 220x across cluster][0m
[36m(ClientAppActor pid=76863)[0m    Train:      173 samples (client-local)[32m [repeated 220x across cluster][0m
[36m(ClientAppActor pid=76863)[0m    Validation: 24 samples (client-local)[32m [repeated 220x across cluster][0m
⏭️  Round 51: Evaluation skipped (all n_val=0)
[36m(ClientAppActor pid=76864)[0m [Client 429] ✅ ci loaded from persistent state
[36m(ClientAppActor pid=76867)[0m [Client 833] Data split:[32m [repeated 205x across cluster][0m
[36m(ClientAppActor pid=76867)[0m    Train:      173 samples (client-local)[32m [repeated 205x across cluster][0m
[36m(ClientAppActor pid=76867)[0m    Validation: 24 samples (client-local)[32m [repeated 205x across cluster][0m
[36m(ClientAppActor pid=76864)[0m [Client 675] ✅ ci loaded from persistent state[32m [repeated 209x across cluster][0m
[36m(ClientAppActor pid=76861)[0m [Client 449] Data split:[32m [repeated 201x across cluster][0m
[36m(ClientAppActor pid=76861)[0m    Train:      173 samples (client-local)[32m [repeated 201x across cluster][0m
[36m(ClientAppActor pid=76861)[0m    Validation: 24 samples (client-local)[32m [repeated 201x across cluster][0m
[36m(ClientAppActor pid=76863)[0m [Client 526] ✅ ci loaded from persistent state[32m [repeated 201x across cluster][0m
[36m(ClientAppActor pid=76863)[0m [Client 330] Data split:[32m [repeated 198x across cluster][0m
[36m(ClientAppActor pid=76863)[0m    Train:      174 samples (client-local)[32m [repeated 198x across cluster][0m
[36m(ClientAppActor pid=76863)[0m    Validation: 24 samples (client-local)[32m [repeated 198x across cluster][0m
[36m(ClientAppActor pid=76867)[0m [Client 945] ✅ ci loaded from persistent state[32m [repeated 208x across cluster][0m
   💾 Checkpoint saved: result/splits_iid_scaling/splits_iid_1024_clients.json/SCAFFOLD/all_rounds_run_1/model_round_52_run_1.pt
   💾 Checkpoint saved: result/splits_iid_scaling/splits_iid_1024_clients.json/SCAFFOLD/all_rounds_run_1/model_round_52_run_1.pt
🔧 Round 52: Updated c_global from 768 client Δc_i reports (N=1024)
[36m(ClientAppActor pid=76863)[0m [Client 50] Data split:[32m [repeated 186x across cluster][0m
[36m(ClientAppActor pid=76863)[0m    Train:      174 samples (client-local)[32m [repeated 186x across cluster][0m
[36m(ClientAppActor pid=76863)[0m    Validation: 24 samples (client-local)[32m [repeated 186x across cluster][0m
[36m(ClientAppActor pid=76868)[0m [Client 1011] ✅ ci loaded from persistent state[32m [repeated 149x across cluster][0m
[36m(ClientAppActor pid=76863)[0m [Client 52] Data split:[32m [repeated 209x across cluster][0m
[36m(ClientAppActor pid=76863)[0m    Train:      174 samples (client-local)[32m [repeated 209x across cluster][0m
[36m(ClientAppActor pid=76863)[0m    Validation: 24 samples (client-local)[32m [repeated 209x across cluster][0m
[36m(ClientAppActor pid=76863)[0m [Client 827] Data split:[32m [repeated 218x across cluster][0m
[36m(ClientAppActor pid=76863)[0m    Train:      173 samples (client-local)[32m [repeated 218x across cluster][0m
[36m(ClientAppActor pid=76863)[0m    Validation: 24 samples (client-local)[32m [repeated 218x across cluster][0m
[36m(ClientAppActor pid=76863)[0m [Client 308] Data split:[32m [repeated 216x across cluster][0m
[36m(ClientAppActor pid=76863)[0m    Train:      174 samples (client-local)[32m [repeated 216x across cluster][0m
[36m(ClientAppActor pid=76863)[0m    Validation: 24 samples (client-local)[32m [repeated 216x across cluster][0m
[36m(ClientAppActor pid=76861)[0m [Client 579] Data split:[32m [repeated 206x across cluster][0m
[36m(ClientAppActor pid=76861)[0m    Train:      173 samples (client-local)[32m [repeated 206x across cluster][0m
[36m(ClientAppActor pid=76861)[0m    Validation: 24 samples (client-local)[32m [repeated 206x across cluster][0m
⏭️  Round 52: Evaluation skipped (all n_val=0)
[36m(ClientAppActor pid=76863)[0m [Client 63] ✅ ci loaded from persistent state
[36m(ClientAppActor pid=76867)[0m [Client 476] Data split:[32m [repeated 195x across cluster][0m
[36m(ClientAppActor pid=76867)[0m    Train:      173 samples (client-local)[32m [repeated 195x across cluster][0m
[36m(ClientAppActor pid=76867)[0m    Validation: 24 samples (client-local)[32m [repeated 195x across cluster][0m
[36m(ClientAppActor pid=76863)[0m [Client 855] ✅ ci loaded from persistent state[32m [repeated 200x across cluster][0m
[36m(ClientAppActor pid=76863)[0m [Client 173] Data split:[32m [repeated 197x across cluster][0m
[36m(ClientAppActor pid=76863)[0m    Train:      174 samples (client-local)[32m [repeated 197x across cluster][0m
[36m(ClientAppActor pid=76863)[0m    Validation: 24 samples (client-local)[32m [repeated 197x across cluster][0m
[36m(ClientAppActor pid=76866)[0m [Client 903] ✅ ci loaded from persistent state[32m [repeated 205x across cluster][0m
[36m(ClientAppActor pid=76863)[0m [Client 405] Data split:[32m [repeated 201x across cluster][0m
[36m(ClientAppActor pid=76863)[0m    Train:      174 samples (client-local)[32m [repeated 201x across cluster][0m[33m(raylet)[0m [2026-07-26 04:33:58,439 E 76850 9195222] (raylet) file_system_monitor.cc:116: /tmp/ray/session_2026-07-26_03-54-15_074098_76832 is over 95% full, available space: 8.49589 GB; capacity: 452.981 GB. Object creation will fail if spilling is required.
[92mINFO [0m:      aggregate_fit: received 768 results and 0 failures
[92mINFO [0m:      configure_evaluate: strategy sampled 1024 clients (out of 1024)
[33m(raylet)[0m [2026-07-26 04:34:08,495 E 76850 9195222] (raylet) file_system_monitor.cc:116: /tmp/ray/session_2026-07-26_03-54-15_074098_76832 is over 95% full, available space: 8.49336 GB; capacity: 452.981 GB. Object creation will fail if spilling is required.
[33m(raylet)[0m [2026-07-26 04:34:18,586 E 76850 9195222] (raylet) file_system_monitor.cc:116: /tmp/ray/session_2026-07-26_03-54-15_074098_76832 is over 95% full, available space: 8.48772 GB; capacity: 452.981 GB. Object creation will fail if spilling is required.
[33m(raylet)[0m [2026-07-26 04:34:28,616 E 76850 9195222] (raylet) file_system_monitor.cc:116: /tmp/ray/session_2026-07-26_03-54-15_074098_76832 is over 95% full, available space: 8.48568 GB; capacity: 452.981 GB. Object creation will fail if spilling is required.
[92mINFO [0m:      aggregate_evaluate: received 1024 results and 0 failures
[92mINFO [0m:      
[92mINFO [0m:      [ROUND 54]
[92mINFO [0m:      configure_fit: strategy sampled 768 clients (out of 1024)
[33m(raylet)[0m [2026-07-26 04:34:38,698 E 76850 9195222] (raylet) file_system_monitor.cc:116: /tmp/ray/session_2026-07-26_03-54-15_074098_76832 is over 95% full, available space: 8.48009 GB; capacity: 452.981 GB. Object creation will fail if spilling is required.
[33m(raylet)[0m [2026-07-26 04:34:48,721 E 76850 9195222] (raylet) file_system_monitor.cc:116: /tmp/ray/session_2026-07-26_03-54-15_074098_76832 is over 95% full, available space: 8.48975 GB; capacity: 452.981 GB. Object creation will fail if spilling is required.
[92mINFO [0m:      aggregate_fit: received 768 results and 0 failures
[92mINFO [0m:      configure_evaluate: strategy sampled 1024 clients (out of 1024)
[33m(raylet)[0m [2026-07-26 04:34:58,833 E 76850 9195222] (raylet) file_system_monitor.cc:116: /tmp/ray/session_2026-07-26_03-54-15_074098_76832 is over 95% full, available space: 8.43631 GB; capacity: 452.981 GB. Object creation will fail if spilling is required.
[33m(raylet)[0m [2026-07-26 04:35:08,848 E 76850 9195222] (raylet) file_system_monitor.cc:116: /tmp/ray/session_2026-07-26_03-54-15_074098_76832 is over 95% full, available space: 8.43035 GB; capacity: 452.981 GB. Object creation will fail if spilling is required.
[92mINFO [0m:      aggregate_evaluate: received 1024 results and 0 failures
[92mINFO [0m:      
[92mINFO [0m:      [ROUND 55]
[92mINFO [0m:      configure_fit: strategy sampled 768 clients (out of 1024)
[33m(raylet)[0m [2026-07-26 04:35:18,924 E 76850 9195222] (raylet) file_system_monitor.cc:116: /tmp/ray/session_2026-07-26_03-54-15_074098_76832 is over 95% full, available space: 8.42836 GB; capacity: 452.981 GB. Object creation will fail if spilling is required.
[33m(raylet)[0m [2026-07-26 04:35:28,930 E 76850 9195222] (raylet) file_system_monitor.cc:116: /tmp/ray/session_2026-07-26_03-54-15_074098_76832 is over 95% full, available space: 8.42252 GB; capacity: 452.981 GB. Object creation will fail if spilling is required.

[36m(ClientAppActor pid=76863)[0m    Validation: 24 samples (client-local)[32m [repeated 201x across cluster][0m
[36m(ClientAppActor pid=76863)[0m [Client 942] ✅ ci loaded from persistent state[32m [repeated 199x across cluster][0m
[36m(ClientAppActor pid=76863)[0m [Client 22] Data split:[32m [repeated 200x across cluster][0m
[36m(ClientAppActor pid=76863)[0m    Train:      174 samples (client-local)[32m [repeated 200x across cluster][0m
[36m(ClientAppActor pid=76863)[0m    Validation: 24 samples (client-local)[32m [repeated 200x across cluster][0m
   💾 Checkpoint saved: result/splits_iid_scaling/splits_iid_1024_clients.json/SCAFFOLD/all_rounds_run_1/model_round_53_run_1.pt
   💾 Checkpoint saved: result/splits_iid_scaling/splits_iid_1024_clients.json/SCAFFOLD/all_rounds_run_1/model_round_53_run_1.pt
🔧 Round 53: Updated c_global from 768 client Δc_i reports (N=1024)
[36m(ClientAppActor pid=76866)[0m [Client 45] ✅ ci loaded from persistent state[32m [repeated 163x across cluster][0m
[36m(ClientAppActor pid=76863)[0m [Client 285] Data split:[32m [repeated 179x across cluster][0m
[36m(ClientAppActor pid=76863)[0m    Train:      174 samples (client-local)[32m [repeated 179x across cluster][0m
[36m(ClientAppActor pid=76863)[0m    Validation: 24 samples (client-local)[32m [repeated 179x across cluster][0m
[36m(ClientAppActor pid=76863)[0m [Client 1022] Data split:[32m [repeated 211x across cluster][0m
[36m(ClientAppActor pid=76863)[0m    Train:      173 samples (client-local)[32m [repeated 211x across cluster][0m
[36m(ClientAppActor pid=76863)[0m    Validation: 24 samples (client-local)[32m [repeated 211x across cluster][0m
[36m(ClientAppActor pid=76863)[0m [Client 939] Data split:[32m [repeated 216x across cluster][0m
[36m(ClientAppActor pid=76863)[0m    Train:      173 samples (client-local)[32m [repeated 216x across cluster][0m
[36m(ClientAppActor pid=76863)[0m    Validation: 24 samples (client-local)[32m [repeated 216x across cluster][0m
[36m(ClientAppActor pid=76865)[0m [Client 995] Data split:[32m [repeated 219x across cluster][0m
[36m(ClientAppActor pid=76865)[0m    Train:      173 samples (client-local)[32m [repeated 219x across cluster][0m
[36m(ClientAppActor pid=76865)[0m    Validation: 24 samples (client-local)[32m [repeated 219x across cluster][0m
[36m(ClientAppActor pid=76862)[0m [Client 13] Data split:[32m [repeated 216x across cluster][0m
[36m(ClientAppActor pid=76862)[0m    Train:      174 samples (client-local)[32m [repeated 216x across cluster][0m
[36m(ClientAppActor pid=76862)[0m    Validation: 24 samples (client-local)[32m [repeated 216x across cluster][0m
⏭️  Round 53: Evaluation skipped (all n_val=0)
[36m(ClientAppActor pid=76863)[0m [Client 733] ✅ ci loaded from persistent state
[36m(ClientAppActor pid=76862)[0m [Client 615] Data split:[32m [repeated 194x across cluster][0m
[36m(ClientAppActor pid=76862)[0m    Train:      173 samples (client-local)[32m [repeated 194x across cluster][0m
[36m(ClientAppActor pid=76862)[0m    Validation: 24 samples (client-local)[32m [repeated 194x across cluster][0m
[36m(ClientAppActor pid=76863)[0m [Client 471] ✅ ci loaded from persistent state[32m [repeated 204x across cluster][0m
[36m(ClientAppActor pid=76863)[0m [Client 116] Data split:[32m [repeated 209x across cluster][0m
[36m(ClientAppActor pid=76863)[0m    Train:      174 samples (client-local)[32m [repeated 209x across cluster][0m
[36m(ClientAppActor pid=76863)[0m    Validation: 24 samples (client-local)[32m [repeated 209x across cluster][0m
[36m(ClientAppActor pid=76862)[0m [Client 177] ✅ ci loaded from persistent state[32m [repeated 209x across cluster][0m
[36m(ClientAppActor pid=76867)[0m [Client 138] Data split:[32m [repeated 205x across cluster][0m
[36m(ClientAppActor pid=76867)[0m    Train:      174 samples (client-local)[32m [repeated 205x across cluster][0m
[36m(ClientAppActor pid=76867)[0m    Validation: 24 samples (client-local)[32m [repeated 205x across cluster][0m
[36m(ClientAppActor pid=76867)[0m [Client 952] ✅ ci loaded from persistent state[32m [repeated 199x across cluster][0m
[36m(ClientAppActor pid=76862)[0m [Client 742] Data split:[32m [repeated 197x across cluster][0m
[36m(ClientAppActor pid=76862)[0m    Train:      173 samples (client-local)[32m [repeated 197x across cluster][0m
[36m(ClientAppActor pid=76862)[0m    Validation: 24 samples (client-local)[32m [repeated 197x across cluster][0m
   💾 Checkpoint saved: result/splits_iid_scaling/splits_iid_1024_clients.json/SCAFFOLD/all_rounds_run_1/model_round_54_run_1.pt
   💾 Checkpoint saved: result/splits_iid_scaling/splits_iid_1024_clients.json/SCAFFOLD/all_rounds_run_1/model_round_54_run_1.pt
🔧 Round 54: Updated c_global from 768 client Δc_i reports (N=1024)
[36m(ClientAppActor pid=76862)[0m [Client 244] ✅ ci loaded from persistent state[32m [repeated 155x across cluster][0m
[36m(ClientAppActor pid=76863)[0m [Client 600] Data split:[32m [repeated 163x across cluster][0m
[36m(ClientAppActor pid=76863)[0m    Train:      173 samples (client-local)[32m [repeated 163x across cluster][0m
[36m(ClientAppActor pid=76863)[0m    Validation: 24 samples (client-local)[32m [repeated 163x across cluster][0m
[36m(ClientAppActor pid=76862)[0m [Client 816] Data split:[32m [repeated 218x across cluster][0m
[36m(ClientAppActor pid=76862)[0m    Train:      173 samples (client-local)[32m [repeated 218x across cluster][0m
[36m(ClientAppActor pid=76862)[0m    Validation: 24 samples (client-local)[32m [repeated 218x across cluster][0m
[36m(ClientAppActor pid=76863)[0m [Client 718] Data split:[32m [repeated 205x across cluster][0m
[36m(ClientAppActor pid=76863)[0m    Train:      173 samples (client-local)[32m [repeated 205x across cluster][0m
[36m(ClientAppActor pid=76863)[0m    Validation: 24 samples (client-local)[32m [repeated 205x across cluster][0m
[36m(ClientAppActor pid=76867)[0m [Client 990] Data split:[32m [repeated 209x across cluster][0m
[36m(ClientAppActor pid=76867)[0m    Train:      173 samples (client-local)[32m [repeated 209x across cluster][0m
[36m(ClientAppActor pid=76867)[0m    Validation: 24 samples (client-local)[32m [repeated 209x across cluster][0m
[36m(ClientAppActor pid=76864)[0m [Client 1015] Data split:[32m [repeated 213x across cluster][0m
[36m(ClientAppActor pid=76864)[0m    Train:      173 samples (client-local)[32m [repeated 213x across cluster][0m
[36m(ClientAppActor pid=76864)[0m    Validation: 24 samples (client-local)[32m [repeated 213x across cluster][0m
⏭️  Round 54: Evaluation skipped (all n_val=0)
[36m(ClientAppActor pid=76863)[0m [Client 705] ✅ ci loaded from persistent state
[36m(ClientAppActor pid=76863)[0m [Client 298] Data split:[32m [repeated 197x across cluster][0m
[36m(ClientAppActor pid=76863)[0m    Train:      174 samples (client-local)[32m [repeated 197x across cluster][0m
[36m(ClientAppActor pid=76863)[0m    Validation: 24 samples (client-local)[32m [repeated 197x across cluster][0m
[36m(ClientAppActor pid=76863)[0m [Client 909] ✅ ci loaded from persistent state[32m [repeated 202x across cluster][0m
[36m(ClientAppActor pid=76864)[0m [Client 145] Data split:[32m [repeated 208x across cluster][0m
[36m(ClientAppActor pid=76864)[0m    Train:      174 samples (client-local)[32m [repeated 208x across cluster][0m
[36m(ClientAppActor pid=76864)[0m    Validation: 24 samples (client-local)[32m [repeated 208x across cluster][0m
[36m(ClientAppActor pid=76863)[0m [Client 740] ✅ ci loaded from persistent state[32m [repeated 206x across cluster][0m
[36m(ClientAppActor pid=76862)[0m [Client 287] Data split:[32m [repeated 199x across cluster][0m
[36m(ClientAppActor pid=76862)[0m    Train:      174 samples (client-local)[32m [repeated 199x across cluster][0m
[36m(ClientAppActor pid=76862)[0m    Validation: 24 samples (client-local)[32m [repeated 199x across cluster][0m
[36m(ClientAppActor pid=76868)[0m [Client 213] ✅ ci loaded from persistent state[32m [repeated 199x across cluster][0m[92mINFO [0m:      aggregate_fit: received 768 results and 0 failures
[92mINFO [0m:      configure_evaluate: strategy sampled 1024 clients (out of 1024)
[33m(raylet)[0m [2026-07-26 04:35:39,001 E 76850 9195222] (raylet) file_system_monitor.cc:116: /tmp/ray/session_2026-07-26_03-54-15_074098_76832 is over 95% full, available space: 8.42064 GB; capacity: 452.981 GB. Object creation will fail if spilling is required.
[33m(raylet)[0m [2026-07-26 04:35:49,026 E 76850 9195222] (raylet) file_system_monitor.cc:116: /tmp/ray/session_2026-07-26_03-54-15_074098_76832 is over 95% full, available space: 8.41555 GB; capacity: 452.981 GB. Object creation will fail if spilling is required.
[33m(raylet)[0m [2026-07-26 04:35:59,077 E 76850 9195222] (raylet) file_system_monitor.cc:116: /tmp/ray/session_2026-07-26_03-54-15_074098_76832 is over 95% full, available space: 8.41362 GB; capacity: 452.981 GB. Object creation will fail if spilling is required.
[92mINFO [0m:      aggregate_evaluate: received 1024 results and 0 failures
[92mINFO [0m:      
[92mINFO [0m:      [ROUND 56]
[92mINFO [0m:      configure_fit: strategy sampled 768 clients (out of 1024)
[33m(raylet)[0m [2026-07-26 04:36:09,083 E 76850 9195222] (raylet) file_system_monitor.cc:116: /tmp/ray/session_2026-07-26_03-54-15_074098_76832 is over 95% full, available space: 8.41196 GB; capacity: 452.981 GB. Object creation will fail if spilling is required.
[33m(raylet)[0m [2026-07-26 04:36:19,113 E 76850 9195222] (raylet) file_system_monitor.cc:116: /tmp/ray/session_2026-07-26_03-54-15_074098_76832 is over 95% full, available space: 8.40999 GB; capacity: 452.981 GB. Object creation will fail if spilling is required.
[92mINFO [0m:      aggregate_fit: received 768 results and 0 failures
[92mINFO [0m:      configure_evaluate: strategy sampled 1024 clients (out of 1024)
[33m(raylet)[0m [2026-07-26 04:36:29,148 E 76850 9195222] (raylet) file_system_monitor.cc:116: /tmp/ray/session_2026-07-26_03-54-15_074098_76832 is over 95% full, available space: 8.40369 GB; capacity: 452.981 GB. Object creation will fail if spilling is required.
[33m(raylet)[0m [2026-07-26 04:36:39,209 E 76850 9195222] (raylet) file_system_monitor.cc:116: /tmp/ray/session_2026-07-26_03-54-15_074098_76832 is over 95% full, available space: 8.41706 GB; capacity: 452.981 GB. Object creation will fail if spilling is required.
[92mINFO [0m:      aggregate_evaluate: received 1024 results and 0 failures
[92mINFO [0m:      
[92mINFO [0m:      [ROUND 57]
[92mINFO [0m:      configure_fit: strategy sampled 768 clients (out of 1024)
[33m(raylet)[0m [2026-07-26 04:36:49,245 E 76850 9195222] (raylet) file_system_monitor.cc:116: /tmp/ray/session_2026-07-26_03-54-15_074098_76832 is over 95% full, available space: 8.41147 GB; capacity: 452.981 GB. Object creation will fail if spilling is required.
[33m(raylet)[0m [2026-07-26 04:36:59,305 E 76850 9195222] (raylet) file_system_monitor.cc:116: /tmp/ray/session_2026-07-26_03-54-15_074098_76832 is over 95% full, available space: 8.4058 GB; capacity: 452.981 GB. Object creation will fail if spilling is required.

[36m(ClientAppActor pid=76864)[0m [Client 78] Data split:[32m [repeated 198x across cluster][0m
[36m(ClientAppActor pid=76864)[0m    Train:      174 samples (client-local)[32m [repeated 198x across cluster][0m
[36m(ClientAppActor pid=76864)[0m    Validation: 24 samples (client-local)[32m [repeated 198x across cluster][0m
   💾 Checkpoint saved: result/splits_iid_scaling/splits_iid_1024_clients.json/SCAFFOLD/all_rounds_run_1/model_round_55_run_1.pt
   💾 Checkpoint saved: result/splits_iid_scaling/splits_iid_1024_clients.json/SCAFFOLD/all_rounds_run_1/model_round_55_run_1.pt
🔧 Round 55: Updated c_global from 768 client Δc_i reports (N=1024)
[36m(ClientAppActor pid=76866)[0m [Client 392] ✅ ci loaded from persistent state[32m [repeated 160x across cluster][0m
[36m(ClientAppActor pid=76864)[0m 
[36m(ClientAppActor pid=76863)[0m [Client 378] Data split:[32m [repeated 172x across cluster][0m
[36m(ClientAppActor pid=76863)[0m    Train:      174 samples (client-local)[32m [repeated 172x across cluster][0m
[36m(ClientAppActor pid=76863)[0m    Validation: 24 samples (client-local)[32m [repeated 172x across cluster][0m
[36m(ClientAppActor pid=76863)[0m [Client 454] Data split:[32m [repeated 204x across cluster][0m
[36m(ClientAppActor pid=76863)[0m    Train:      173 samples (client-local)[32m [repeated 204x across cluster][0m
[36m(ClientAppActor pid=76863)[0m    Validation: 24 samples (client-local)[32m [repeated 204x across cluster][0m
[36m(ClientAppActor pid=76864)[0m [Client 292] Data split:[32m [repeated 212x across cluster][0m
[36m(ClientAppActor pid=76864)[0m    Train:      174 samples (client-local)[32m [repeated 212x across cluster][0m
[36m(ClientAppActor pid=76864)[0m    Validation: 24 samples (client-local)[32m [repeated 212x across cluster][0m
[36m(ClientAppActor pid=76863)[0m [Client 713] Data split:[32m [repeated 205x across cluster][0m
[36m(ClientAppActor pid=76863)[0m    Train:      173 samples (client-local)[32m [repeated 205x across cluster][0m
[36m(ClientAppActor pid=76863)[0m    Validation: 24 samples (client-local)[32m [repeated 205x across cluster][0m
[36m(ClientAppActor pid=76864)[0m [Client 205] Data split:[32m [repeated 211x across cluster][0m
[36m(ClientAppActor pid=76864)[0m    Train:      174 samples (client-local)[32m [repeated 211x across cluster][0m
[36m(ClientAppActor pid=76864)[0m    Validation: 24 samples (client-local)[32m [repeated 211x across cluster][0m
⏭️  Round 55: Evaluation skipped (all n_val=0)
[36m(ClientAppActor pid=76863)[0m [Client 173] ✅ ci loaded from persistent state
[36m(ClientAppActor pid=76862)[0m [Client 658] Data split:[32m [repeated 198x across cluster][0m
[36m(ClientAppActor pid=76862)[0m    Train:      173 samples (client-local)[32m [repeated 198x across cluster][0m
[36m(ClientAppActor pid=76862)[0m    Validation: 24 samples (client-local)[32m [repeated 198x across cluster][0m
[36m(ClientAppActor pid=76863)[0m [Client 144] ✅ ci loaded from persistent state[32m [repeated 208x across cluster][0m
[36m(ClientAppActor pid=76863)[0m [Client 695] Data split:[32m [repeated 206x across cluster][0m
[36m(ClientAppActor pid=76863)[0m    Train:      173 samples (client-local)[32m [repeated 206x across cluster][0m
[36m(ClientAppActor pid=76863)[0m    Validation: 24 samples (client-local)[32m [repeated 206x across cluster][0m
[36m(ClientAppActor pid=76862)[0m [Client 881] ✅ ci loaded from persistent state[32m [repeated 205x across cluster][0m
[36m(ClientAppActor pid=76863)[0m [Client 649] Data split:[32m [repeated 198x across cluster][0m
[36m(ClientAppActor pid=76863)[0m    Train:      173 samples (client-local)[32m [repeated 198x across cluster][0m
[36m(ClientAppActor pid=76863)[0m    Validation: 24 samples (client-local)[32m [repeated 198x across cluster][0m
[36m(ClientAppActor pid=76867)[0m 
[36m(ClientAppActor pid=76863)[0m [Client 969] ✅ ci loaded from persistent state[32m [repeated 206x across cluster][0m
[36m(ClientAppActor pid=76863)[0m [Client 467] Data split:[32m [repeated 211x across cluster][0m
[36m(ClientAppActor pid=76863)[0m    Train:      173 samples (client-local)[32m [repeated 211x across cluster][0m
[36m(ClientAppActor pid=76863)[0m    Validation: 24 samples (client-local)[32m [repeated 211x across cluster][0m
   💾 Checkpoint saved: result/splits_iid_scaling/splits_iid_1024_clients.json/SCAFFOLD/all_rounds_run_1/model_round_56_run_1.pt
   💾 Checkpoint saved: result/splits_iid_scaling/splits_iid_1024_clients.json/SCAFFOLD/all_rounds_run_1/model_round_56_run_1.pt
🔧 Round 56: Updated c_global from 768 client Δc_i reports (N=1024)
[36m(ClientAppActor pid=76862)[0m [Client 965] ✅ ci loaded from persistent state[32m [repeated 148x across cluster][0m
[36m(ClientAppActor pid=76864)[0m [Client 805] Data split:[32m [repeated 165x across cluster][0m
[36m(ClientAppActor pid=76864)[0m    Train:      173 samples (client-local)[32m [repeated 165x across cluster][0m
[36m(ClientAppActor pid=76864)[0m    Validation: 24 samples (client-local)[32m [repeated 165x across cluster][0m
[36m(ClientAppActor pid=76867)[0m [Client 356] Data split:[32m [repeated 210x across cluster][0m
[36m(ClientAppActor pid=76867)[0m    Train:      174 samples (client-local)[32m [repeated 210x across cluster][0m
[36m(ClientAppActor pid=76867)[0m    Validation: 24 samples (client-local)[32m [repeated 210x across cluster][0m
[36m(ClientAppActor pid=76862)[0m [Client 299] Data split:[32m [repeated 215x across cluster][0m
[36m(ClientAppActor pid=76862)[0m    Train:      174 samples (client-local)[32m [repeated 215x across cluster][0m
[36m(ClientAppActor pid=76862)[0m    Validation: 24 samples (client-local)[32m [repeated 215x across cluster][0m
[36m(ClientAppActor pid=76868)[0m 
[36m(ClientAppActor pid=76867)[0m [Client 444] Data split:[32m [repeated 207x across cluster][0m
[36m(ClientAppActor pid=76867)[0m    Train:      173 samples (client-local)[32m [repeated 207x across cluster][0m
[36m(ClientAppActor pid=76867)[0m    Validation: 24 samples (client-local)[32m [repeated 207x across cluster][0m
[36m(ClientAppActor pid=76861)[0m [Client 782] Data split:[32m [repeated 215x across cluster][0m
[36m(ClientAppActor pid=76861)[0m    Train:      173 samples (client-local)[32m [repeated 215x across cluster][0m
[36m(ClientAppActor pid=76861)[0m    Validation: 24 samples (client-local)[32m [repeated 215x across cluster][0m
⏭️  Round 56: Evaluation skipped (all n_val=0)
[36m(ClientAppActor pid=76863)[0m [Client 641] ✅ ci loaded from persistent state
[36m(ClientAppActor pid=76863)[0m [Client 492] Data split:[32m [repeated 206x across cluster][0m
[36m(ClientAppActor pid=76863)[0m    Train:      173 samples (client-local)[32m [repeated 206x across cluster][0m
[36m(ClientAppActor pid=76863)[0m    Validation: 24 samples (client-local)[32m [repeated 206x across cluster][0m
[36m(ClientAppActor pid=76865)[0m [Client 703] ✅ ci loaded from persistent state[32m [repeated 211x across cluster][0m
[36m(ClientAppActor pid=76863)[0m [Client 595] Data split:[32m [repeated 204x across cluster][0m
[36m(ClientAppActor pid=76863)[0m    Train:      173 samples (client-local)[32m [repeated 204x across cluster][0m
[36m(ClientAppActor pid=76863)[0m    Validation: 24 samples (client-local)[32m [repeated 204x across cluster][0m
[36m(ClientAppActor pid=76862)[0m [Client 863] ✅ ci loaded from persistent state[32m [repeated 201x across cluster][0m
[36m(ClientAppActor pid=76862)[0m [Client 977] Data split:[32m [repeated 203x across cluster][0m
[36m(ClientAppActor pid=76862)[0m    Train:      173 samples (client-local)[32m [repeated 203x across cluster][0m
[36m(ClientAppActor pid=76862)[0m    Validation: 24 samples (client-local)[32m [repeated 203x across cluster][0m
[36m(ClientAppActor pid=76864)[0m [Client 523] ✅ ci loaded from persistent state[32m [repeated 206x across cluster][0m
[36m(ClientAppActor pid=76867)[0m [Client 1013] Data split:[32m [repeated 204x across cluster][0m[92mINFO [0m:      aggregate_fit: received 768 results and 0 failures
[92mINFO [0m:      configure_evaluate: strategy sampled 1024 clients (out of 1024)
[33m(raylet)[0m [2026-07-26 04:37:09,387 E 76850 9195222] (raylet) file_system_monitor.cc:116: /tmp/ray/session_2026-07-26_03-54-15_074098_76832 is over 95% full, available space: 8.4038 GB; capacity: 452.981 GB. Object creation will fail if spilling is required.
[33m(raylet)[0m [2026-07-26 04:37:19,449 E 76850 9195222] (raylet) file_system_monitor.cc:116: /tmp/ray/session_2026-07-26_03-54-15_074098_76832 is over 95% full, available space: 8.39783 GB; capacity: 452.981 GB. Object creation will fail if spilling is required.
[33m(raylet)[0m [2026-07-26 04:37:29,472 E 76850 9195222] (raylet) file_system_monitor.cc:116: /tmp/ray/session_2026-07-26_03-54-15_074098_76832 is over 95% full, available space: 8.39696 GB; capacity: 452.981 GB. Object creation will fail if spilling is required.
[92mINFO [0m:      aggregate_evaluate: received 1024 results and 0 failures
[92mINFO [0m:      
[92mINFO [0m:      [ROUND 58]
[92mINFO [0m:      configure_fit: strategy sampled 768 clients (out of 1024)
[33m(raylet)[0m [2026-07-26 04:37:39,542 E 76850 9195222] (raylet) file_system_monitor.cc:116: /tmp/ray/session_2026-07-26_03-54-15_074098_76832 is over 95% full, available space: 8.3968 GB; capacity: 452.981 GB. Object creation will fail if spilling is required.
[33m(raylet)[0m [2026-07-26 04:37:49,552 E 76850 9195222] (raylet) file_system_monitor.cc:116: /tmp/ray/session_2026-07-26_03-54-15_074098_76832 is over 95% full, available space: 8.39061 GB; capacity: 452.981 GB. Object creation will fail if spilling is required.
[92mINFO [0m:      aggregate_fit: received 768 results and 0 failures
[92mINFO [0m:      configure_evaluate: strategy sampled 1024 clients (out of 1024)
[33m(raylet)[0m [2026-07-26 04:37:59,651 E 76850 9195222] (raylet) file_system_monitor.cc:116: /tmp/ray/session_2026-07-26_03-54-15_074098_76832 is over 95% full, available space: 8.397 GB; capacity: 452.981 GB. Object creation will fail if spilling is required.
[33m(raylet)[0m [2026-07-26 04:38:09,687 E 76850 9195222] (raylet) file_system_monitor.cc:116: /tmp/ray/session_2026-07-26_03-54-15_074098_76832 is over 95% full, available space: 8.39025 GB; capacity: 452.981 GB. Object creation will fail if spilling is required.
[92mINFO [0m:      aggregate_evaluate: received 1024 results and 0 failures
[92mINFO [0m:      
[92mINFO [0m:      [ROUND 59]
[92mINFO [0m:      configure_fit: strategy sampled 768 clients (out of 1024)
[33m(raylet)[0m [2026-07-26 04:38:19,741 E 76850 9195222] (raylet) file_system_monitor.cc:116: /tmp/ray/session_2026-07-26_03-54-15_074098_76832 is over 95% full, available space: 8.40266 GB; capacity: 452.981 GB. Object creation will fail if spilling is required.
[33m(raylet)[0m [2026-07-26 04:38:29,751 E 76850 9195222] (raylet) file_system_monitor.cc:116: /tmp/ray/session_2026-07-26_03-54-15_074098_76832 is over 95% full, available space: 8.39541 GB; capacity: 452.981 GB. Object creation will fail if spilling is required.
[92mINFO [0m:      aggregate_fit: received 768 results and 0 failures

[36m(ClientAppActor pid=76867)[0m    Train:      173 samples (client-local)[32m [repeated 204x across cluster][0m
[36m(ClientAppActor pid=76867)[0m    Validation: 24 samples (client-local)[32m [repeated 204x across cluster][0m
   💾 Checkpoint saved: result/splits_iid_scaling/splits_iid_1024_clients.json/SCAFFOLD/all_rounds_run_1/model_round_57_run_1.pt
   💾 Checkpoint saved: result/splits_iid_scaling/splits_iid_1024_clients.json/SCAFFOLD/all_rounds_run_1/model_round_57_run_1.pt
🔧 Round 57: Updated c_global from 768 client Δc_i reports (N=1024)
[36m(ClientAppActor pid=76862)[0m [Client 210] ✅ ci loaded from persistent state[32m [repeated 149x across cluster][0m
[36m(ClientAppActor pid=76867)[0m [Client 193] Data split:[32m [repeated 181x across cluster][0m
[36m(ClientAppActor pid=76867)[0m    Train:      174 samples (client-local)[32m [repeated 181x across cluster][0m
[36m(ClientAppActor pid=76867)[0m    Validation: 24 samples (client-local)[32m [repeated 181x across cluster][0m
[36m(ClientAppActor pid=76864)[0m [Client 951] Data split:[32m [repeated 211x across cluster][0m
[36m(ClientAppActor pid=76864)[0m    Train:      173 samples (client-local)[32m [repeated 211x across cluster][0m
[36m(ClientAppActor pid=76864)[0m    Validation: 24 samples (client-local)[32m [repeated 211x across cluster][0m
[36m(ClientAppActor pid=76863)[0m [Client 878] Data split:[32m [repeated 210x across cluster][0m
[36m(ClientAppActor pid=76863)[0m    Train:      173 samples (client-local)[32m [repeated 210x across cluster][0m
[36m(ClientAppActor pid=76863)[0m    Validation: 24 samples (client-local)[32m [repeated 210x across cluster][0m
[36m(ClientAppActor pid=76863)[0m [Client 631] Data split:[32m [repeated 209x across cluster][0m
[36m(ClientAppActor pid=76863)[0m    Train:      173 samples (client-local)[32m [repeated 209x across cluster][0m
[36m(ClientAppActor pid=76863)[0m    Validation: 24 samples (client-local)[32m [repeated 209x across cluster][0m
[36m(ClientAppActor pid=76864)[0m [Client 457] Data split:[32m [repeated 215x across cluster][0m
[36m(ClientAppActor pid=76864)[0m    Train:      173 samples (client-local)[32m [repeated 215x across cluster][0m
[36m(ClientAppActor pid=76864)[0m    Validation: 24 samples (client-local)[32m [repeated 215x across cluster][0m
⏭️  Round 57: Evaluation skipped (all n_val=0)
[36m(ClientAppActor pid=76866)[0m [Client 380] ✅ ci loaded from persistent state
[36m(ClientAppActor pid=76862)[0m [Client 869] Data split:[32m [repeated 191x across cluster][0m
[36m(ClientAppActor pid=76862)[0m    Train:      173 samples (client-local)[32m [repeated 191x across cluster][0m
[36m(ClientAppActor pid=76862)[0m    Validation: 24 samples (client-local)[32m [repeated 191x across cluster][0m
[36m(ClientAppActor pid=76863)[0m [Client 723] ✅ ci loaded from persistent state[32m [repeated 200x across cluster][0m
[36m(ClientAppActor pid=76867)[0m 
[36m(ClientAppActor pid=76863)[0m [Client 640] Data split:[32m [repeated 193x across cluster][0m
[36m(ClientAppActor pid=76863)[0m    Train:      173 samples (client-local)[32m [repeated 193x across cluster][0m
[36m(ClientAppActor pid=76863)[0m    Validation: 24 samples (client-local)[32m [repeated 193x across cluster][0m
[36m(ClientAppActor pid=76863)[0m [Client 690] ✅ ci loaded from persistent state[32m [repeated 194x across cluster][0m
[36m(ClientAppActor pid=76863)[0m [Client 22] Data split:[32m [repeated 210x across cluster][0m
[36m(ClientAppActor pid=76863)[0m    Train:      174 samples (client-local)[32m [repeated 210x across cluster][0m
[36m(ClientAppActor pid=76863)[0m    Validation: 24 samples (client-local)[32m [repeated 210x across cluster][0m
[36m(ClientAppActor pid=76864)[0m [Client 564] ✅ ci loaded from persistent state[32m [repeated 204x across cluster][0m
   💾 Checkpoint saved: result/splits_iid_scaling/splits_iid_1024_clients.json/SCAFFOLD/all_rounds_run_1/model_round_58_run_1.pt
   💾 Checkpoint saved: result/splits_iid_scaling/splits_iid_1024_clients.json/SCAFFOLD/all_rounds_run_1/model_round_58_run_1.pt
🔧 Round 58: Updated c_global from 768 client Δc_i reports (N=1024)
[36m(ClientAppActor pid=76863)[0m [Client 212] Data split:[32m [repeated 188x across cluster][0m
[36m(ClientAppActor pid=76863)[0m    Train:      174 samples (client-local)[32m [repeated 188x across cluster][0m
[36m(ClientAppActor pid=76863)[0m    Validation: 24 samples (client-local)[32m [repeated 188x across cluster][0m
[36m(ClientAppActor pid=76861)[0m [Client 929] ✅ ci loaded from persistent state[32m [repeated 169x across cluster][0m
[36m(ClientAppActor pid=76863)[0m [Client 712] Data split:[32m [repeated 201x across cluster][0m
[36m(ClientAppActor pid=76863)[0m    Train:      173 samples (client-local)[32m [repeated 201x across cluster][0m
[36m(ClientAppActor pid=76863)[0m    Validation: 24 samples (client-local)[32m [repeated 201x across cluster][0m
[36m(ClientAppActor pid=76864)[0m [Client 664] Data split:[32m [repeated 220x across cluster][0m
[36m(ClientAppActor pid=76864)[0m    Train:      173 samples (client-local)[32m [repeated 220x across cluster][0m
[36m(ClientAppActor pid=76864)[0m    Validation: 24 samples (client-local)[32m [repeated 220x across cluster][0m
[36m(ClientAppActor pid=76865)[0m [Client 984] Data split:[32m [repeated 214x across cluster][0m
[36m(ClientAppActor pid=76865)[0m    Train:      173 samples (client-local)[32m [repeated 214x across cluster][0m
[36m(ClientAppActor pid=76865)[0m    Validation: 24 samples (client-local)[32m [repeated 214x across cluster][0m
[36m(ClientAppActor pid=76863)[0m [Client 578] Data split:[32m [repeated 210x across cluster][0m
[36m(ClientAppActor pid=76863)[0m    Train:      173 samples (client-local)[32m [repeated 210x across cluster][0m
[36m(ClientAppActor pid=76863)[0m    Validation: 24 samples (client-local)[32m [repeated 210x across cluster][0m
⏭️  Round 58: Evaluation skipped (all n_val=0)
[36m(ClientAppActor pid=76863)[0m [Client 396] ✅ ci loaded from persistent state
[36m(ClientAppActor pid=76863)[0m [Client 753] Data split:[32m [repeated 216x across cluster][0m
[36m(ClientAppActor pid=76863)[0m    Train:      173 samples (client-local)[32m [repeated 216x across cluster][0m
[36m(ClientAppActor pid=76863)[0m    Validation: 24 samples (client-local)[32m [repeated 216x across cluster][0m
[36m(ClientAppActor pid=76863)[0m [Client 626] ✅ ci loaded from persistent state[32m [repeated 205x across cluster][0m
[36m(ClientAppActor pid=76861)[0m [Client 455] Data split:[32m [repeated 205x across cluster][0m
[36m(ClientAppActor pid=76861)[0m    Train:      173 samples (client-local)[32m [repeated 205x across cluster][0m
[36m(ClientAppActor pid=76861)[0m    Validation: 24 samples (client-local)[32m [repeated 205x across cluster][0m
[36m(ClientAppActor pid=76864)[0m [Client 942] ✅ ci loaded from persistent state[32m [repeated 201x across cluster][0m
[36m(ClientAppActor pid=76866)[0m [Client 669] Data split:[32m [repeated 202x across cluster][0m
[36m(ClientAppActor pid=76866)[0m    Train:      173 samples (client-local)[32m [repeated 202x across cluster][0m
[36m(ClientAppActor pid=76866)[0m    Validation: 24 samples (client-local)[32m [repeated 202x across cluster][0m
[36m(ClientAppActor pid=76863)[0m [Client 1020] ✅ ci loaded from persistent state[32m [repeated 207x across cluster][0m
[36m(ClientAppActor pid=76864)[0m [Client 4] Data split:[32m [repeated 206x across cluster][0m
[36m(ClientAppActor pid=76864)[0m    Train:      174 samples (client-local)[32m [repeated 206x across cluster][0m
[36m(ClientAppActor pid=76864)[0m    Validation: 24 samples (client-local)[32m [repeated 206x across cluster][0m
   💾 Checkpoint saved: result/splits_iid_scaling/splits_iid_1024_clients.json/SCAFFOLD/all_rounds_run_1/model_round_59_run_1.pt
   💾 Checkpoint saved: result/splits_iid_scaling/splits_iid_1024_clients.json/SCAFFOLD/all_rounds_run_1/model_round_59_run_1.pt
🔧 Round 59: Updated c_global from 768 client Δc_i reports (N=1024)[92mINFO [0m:      configure_evaluate: strategy sampled 1024 clients (out of 1024)
[33m(raylet)[0m [2026-07-26 04:38:39,789 E 76850 9195222] (raylet) file_system_monitor.cc:116: /tmp/ray/session_2026-07-26_03-54-15_074098_76832 is over 95% full, available space: 8.39213 GB; capacity: 452.981 GB. Object creation will fail if spilling is required.
[33m(raylet)[0m [2026-07-26 04:38:49,875 E 76850 9195222] (raylet) file_system_monitor.cc:116: /tmp/ray/session_2026-07-26_03-54-15_074098_76832 is over 95% full, available space: 8.38927 GB; capacity: 452.981 GB. Object creation will fail if spilling is required.
[92mINFO [0m:      aggregate_evaluate: received 1024 results and 0 failures
[92mINFO [0m:      
[92mINFO [0m:      [ROUND 60]
[92mINFO [0m:      configure_fit: strategy sampled 768 clients (out of 1024)
[33m(raylet)[0m [2026-07-26 04:38:59,907 E 76850 9195222] (raylet) file_system_monitor.cc:116: /tmp/ray/session_2026-07-26_03-54-15_074098_76832 is over 95% full, available space: 8.38202 GB; capacity: 452.981 GB. Object creation will fail if spilling is required.
[33m(raylet)[0m [2026-07-26 04:39:09,959 E 76850 9195222] (raylet) file_system_monitor.cc:116: /tmp/ray/session_2026-07-26_03-54-15_074098_76832 is over 95% full, available space: 8.37952 GB; capacity: 452.981 GB. Object creation will fail if spilling is required.
[92mINFO [0m:      aggregate_fit: received 768 results and 0 failures
[92mINFO [0m:      configure_evaluate: strategy sampled 1024 clients (out of 1024)
[33m(raylet)[0m [2026-07-26 04:39:19,995 E 76850 9195222] (raylet) file_system_monitor.cc:116: /tmp/ray/session_2026-07-26_03-54-15_074098_76832 is over 95% full, available space: 8.38735 GB; capacity: 452.981 GB. Object creation will fail if spilling is required.
[33m(raylet)[0m [2026-07-26 04:39:30,036 E 76850 9195222] (raylet) file_system_monitor.cc:116: /tmp/ray/session_2026-07-26_03-54-15_074098_76832 is over 95% full, available space: 8.38493 GB; capacity: 452.981 GB. Object creation will fail if spilling is required.
[33m(raylet)[0m [2026-07-26 04:39:40,135 E 76850 9195222] (raylet) file_system_monitor.cc:116: /tmp/ray/session_2026-07-26_03-54-15_074098_76832 is over 95% full, available space: 8.38249 GB; capacity: 452.981 GB. Object creation will fail if spilling is required.
[92mINFO [0m:      aggregate_evaluate: received 1024 results and 0 failures
[92mINFO [0m:      
[92mINFO [0m:      [ROUND 61]
[92mINFO [0m:      configure_fit: strategy sampled 768 clients (out of 1024)
[33m(raylet)[0m [2026-07-26 04:39:50,230 E 76850 9195222] (raylet) file_system_monitor.cc:116: /tmp/ray/session_2026-07-26_03-54-15_074098_76832 is over 95% full, available space: 8.37566 GB; capacity: 452.981 GB. Object creation will fail if spilling is required.
[33m(raylet)[0m [2026-07-26 04:40:00,284 E 76850 9195222] (raylet) file_system_monitor.cc:116: /tmp/ray/session_2026-07-26_03-54-15_074098_76832 is over 95% full, available space: 8.37327 GB; capacity: 452.981 GB. Object creation will fail if spilling is required.
[92mINFO [0m:      aggregate_fit: received 768 results and 0 failures

[36m(ClientAppActor pid=76866)[0m [Client 949] ✅ ci loaded from persistent state[32m [repeated 154x across cluster][0m
[36m(ClientAppActor pid=76863)[0m [Client 144] Data split:[32m [repeated 167x across cluster][0m
[36m(ClientAppActor pid=76863)[0m    Train:      174 samples (client-local)[32m [repeated 167x across cluster][0m
[36m(ClientAppActor pid=76863)[0m    Validation: 24 samples (client-local)[32m [repeated 167x across cluster][0m
[36m(ClientAppActor pid=76863)[0m [Client 468] Data split:[32m [repeated 219x across cluster][0m
[36m(ClientAppActor pid=76863)[0m    Train:      173 samples (client-local)[32m [repeated 219x across cluster][0m
[36m(ClientAppActor pid=76863)[0m    Validation: 24 samples (client-local)[32m [repeated 219x across cluster][0m
[36m(ClientAppActor pid=76863)[0m [Client 371] Data split:[32m [repeated 206x across cluster][0m
[36m(ClientAppActor pid=76863)[0m    Train:      174 samples (client-local)[32m [repeated 206x across cluster][0m
[36m(ClientAppActor pid=76863)[0m    Validation: 24 samples (client-local)[32m [repeated 206x across cluster][0m
[36m(ClientAppActor pid=76863)[0m [Client 754] Data split:[32m [repeated 212x across cluster][0m
[36m(ClientAppActor pid=76863)[0m    Train:      173 samples (client-local)[32m [repeated 212x across cluster][0m
[36m(ClientAppActor pid=76863)[0m    Validation: 24 samples (client-local)[32m [repeated 212x across cluster][0m
[36m(ClientAppActor pid=76867)[0m [Client 693] Data split:[32m [repeated 216x across cluster][0m
[36m(ClientAppActor pid=76867)[0m    Train:      173 samples (client-local)[32m [repeated 216x across cluster][0m
[36m(ClientAppActor pid=76867)[0m    Validation: 24 samples (client-local)[32m [repeated 216x across cluster][0m
⏭️  Round 59: Evaluation skipped (all n_val=0)
[36m(ClientAppActor pid=76862)[0m [Client 171] ✅ ci loaded from persistent state
[36m(ClientAppActor pid=76863)[0m [Client 750] Data split:[32m [repeated 206x across cluster][0m
[36m(ClientAppActor pid=76863)[0m    Train:      173 samples (client-local)[32m [repeated 206x across cluster][0m
[36m(ClientAppActor pid=76863)[0m    Validation: 24 samples (client-local)[32m [repeated 206x across cluster][0m
[36m(ClientAppActor pid=76868)[0m [Client 442] ✅ ci loaded from persistent state[32m [repeated 195x across cluster][0m
[36m(ClientAppActor pid=76863)[0m [Client 643] Data split:[32m [repeated 201x across cluster][0m
[36m(ClientAppActor pid=76863)[0m    Train:      173 samples (client-local)[32m [repeated 201x across cluster][0m
[36m(ClientAppActor pid=76863)[0m    Validation: 24 samples (client-local)[32m [repeated 201x across cluster][0m
[36m(ClientAppActor pid=76863)[0m [Client 414] ✅ ci loaded from persistent state[32m [repeated 210x across cluster][0m
[36m(ClientAppActor pid=76864)[0m [Client 795] Data split:[32m [repeated 200x across cluster][0m
[36m(ClientAppActor pid=76864)[0m    Train:      173 samples (client-local)[32m [repeated 200x across cluster][0m
[36m(ClientAppActor pid=76864)[0m    Validation: 24 samples (client-local)[32m [repeated 200x across cluster][0m
[36m(ClientAppActor pid=76865)[0m [Client 301] ✅ ci loaded from persistent state[32m [repeated 197x across cluster][0m
[36m(ClientAppActor pid=76863)[0m [Client 231] Data split:[32m [repeated 205x across cluster][0m
[36m(ClientAppActor pid=76863)[0m    Train:      174 samples (client-local)[32m [repeated 205x across cluster][0m
[36m(ClientAppActor pid=76863)[0m    Validation: 24 samples (client-local)[32m [repeated 205x across cluster][0m
   💾 Checkpoint saved: result/splits_iid_scaling/splits_iid_1024_clients.json/SCAFFOLD/all_rounds_run_1/model_round_60_run_1.pt
   💾 Checkpoint saved: result/splits_iid_scaling/splits_iid_1024_clients.json/SCAFFOLD/all_rounds_run_1/model_round_60_run_1.pt
🔧 Round 60: Updated c_global from 768 client Δc_i reports (N=1024)
[36m(ClientAppActor pid=76861)[0m [Client 953] ✅ ci loaded from persistent state[32m [repeated 165x across cluster][0m
[36m(ClientAppActor pid=76863)[0m [Client 80] Data split:[32m [repeated 177x across cluster][0m
[36m(ClientAppActor pid=76863)[0m    Train:      174 samples (client-local)[32m [repeated 177x across cluster][0m
[36m(ClientAppActor pid=76863)[0m    Validation: 24 samples (client-local)[32m [repeated 177x across cluster][0m
[36m(ClientAppActor pid=76863)[0m [Client 971] Data split:[32m [repeated 214x across cluster][0m
[36m(ClientAppActor pid=76863)[0m    Train:      173 samples (client-local)[32m [repeated 214x across cluster][0m
[36m(ClientAppActor pid=76863)[0m    Validation: 24 samples (client-local)[32m [repeated 214x across cluster][0m
[36m(ClientAppActor pid=76863)[0m [Client 144] Data split:[32m [repeated 214x across cluster][0m
[36m(ClientAppActor pid=76863)[0m    Train:      174 samples (client-local)[32m [repeated 214x across cluster][0m
[36m(ClientAppActor pid=76863)[0m    Validation: 24 samples (client-local)[32m [repeated 214x across cluster][0m
[36m(ClientAppActor pid=76863)[0m [Client 573] Data split:[32m [repeated 216x across cluster][0m
[36m(ClientAppActor pid=76863)[0m    Train:      173 samples (client-local)[32m [repeated 216x across cluster][0m
[36m(ClientAppActor pid=76863)[0m    Validation: 24 samples (client-local)[32m [repeated 216x across cluster][0m
[36m(ClientAppActor pid=76863)[0m [Client 330] Data split:[32m [repeated 210x across cluster][0m
[36m(ClientAppActor pid=76863)[0m    Train:      174 samples (client-local)[32m [repeated 210x across cluster][0m
[36m(ClientAppActor pid=76863)[0m    Validation: 24 samples (client-local)[32m [repeated 210x across cluster][0m

📊 Multi-Threshold Aggregation:
   Valid clients: 1024
   Evaluated 12 thresholds:
     Thr=0.15: Rec=0.997, Spec=0.099, F1=0.264
     Thr=0.20: Rec=0.992, Spec=0.196, F1=0.285
     Thr=0.25: Rec=0.982, Spec=0.288, F1=0.308
     ... (+ 9 more)

💾 Round 60: Saved round_60_run_1.json
[36m(ClientAppActor pid=76863)[0m [Client 138] ✅ ci loaded from persistent state
[36m(ClientAppActor pid=76866)[0m 
[36m(ClientAppActor pid=76862)[0m [Client 171] Data split:[32m [repeated 204x across cluster][0m
[36m(ClientAppActor pid=76862)[0m    Train:      174 samples (client-local)[32m [repeated 204x across cluster][0m
[36m(ClientAppActor pid=76862)[0m    Validation: 24 samples (client-local)[32m [repeated 204x across cluster][0m
[36m(ClientAppActor pid=76863)[0m [Client 893] ✅ ci loaded from persistent state[32m [repeated 209x across cluster][0m
[36m(ClientAppActor pid=76863)[0m [Client 756] Data split:[32m [repeated 205x across cluster][0m
[36m(ClientAppActor pid=76863)[0m    Train:      173 samples (client-local)[32m [repeated 205x across cluster][0m
[36m(ClientAppActor pid=76863)[0m    Validation: 24 samples (client-local)[32m [repeated 205x across cluster][0m
[36m(ClientAppActor pid=76864)[0m [Client 329] ✅ ci loaded from persistent state[32m [repeated 206x across cluster][0m
[36m(ClientAppActor pid=76862)[0m [Client 128] Data split:[32m [repeated 207x across cluster][0m
[36m(ClientAppActor pid=76862)[0m    Train:      174 samples (client-local)[32m [repeated 207x across cluster][0m
[36m(ClientAppActor pid=76862)[0m    Validation: 24 samples (client-local)[32m [repeated 207x across cluster][0m
[36m(ClientAppActor pid=76867)[0m [Client 722] ✅ ci loaded from persistent state[32m [repeated 208x across cluster][0m
[36m(ClientAppActor pid=76862)[0m [Client 837] Data split:[32m [repeated 198x across cluster][0m
[36m(ClientAppActor pid=76862)[0m    Train:      173 samples (client-local)[32m [repeated 198x across cluster][0m
[36m(ClientAppActor pid=76862)[0m    Validation: 24 samples (client-local)[32m [repeated 198x across cluster][0m
   💾 Checkpoint saved: result/splits_iid_scaling/splits_iid_1024_clients.json/SCAFFOLD/all_rounds_run_1/model_round_61_run_1.pt
   💾 Checkpoint saved: result/splits_iid_scaling/splits_iid_1024_clients.json/SCAFFOLD/all_rounds_run_1/model_round_61_run_1.pt
🔧 Round 61: Updated c_global from 768 client Δc_i reports (N=1024)[92mINFO [0m:      configure_evaluate: strategy sampled 1024 clients (out of 1024)
[33m(raylet)[0m [2026-07-26 04:40:10,413 E 76850 9195222] (raylet) file_system_monitor.cc:116: /tmp/ray/session_2026-07-26_03-54-15_074098_76832 is over 95% full, available space: 8.36664 GB; capacity: 452.981 GB. Object creation will fail if spilling is required.
[33m(raylet)[0m [2026-07-26 04:40:20,428 E 76850 9195222] (raylet) file_system_monitor.cc:116: /tmp/ray/session_2026-07-26_03-54-15_074098_76832 is over 95% full, available space: 8.38634 GB; capacity: 452.981 GB. Object creation will fail if spilling is required.
[92mINFO [0m:      aggregate_evaluate: received 1024 results and 0 failures
[92mINFO [0m:      
[92mINFO [0m:      [ROUND 62]
[92mINFO [0m:      configure_fit: strategy sampled 768 clients (out of 1024)
[33m(raylet)[0m [2026-07-26 04:40:30,464 E 76850 9195222] (raylet) file_system_monitor.cc:116: /tmp/ray/session_2026-07-26_03-54-15_074098_76832 is over 95% full, available space: 8.3798 GB; capacity: 452.981 GB. Object creation will fail if spilling is required.
[33m(raylet)[0m [2026-07-26 04:40:40,489 E 76850 9195222] (raylet) file_system_monitor.cc:116: /tmp/ray/session_2026-07-26_03-54-15_074098_76832 is over 95% full, available space: 8.37738 GB; capacity: 452.981 GB. Object creation will fail if spilling is required.
[92mINFO [0m:      aggregate_fit: received 768 results and 0 failures
[92mINFO [0m:      configure_evaluate: strategy sampled 1024 clients (out of 1024)
[33m(raylet)[0m [2026-07-26 04:40:50,595 E 76850 9195222] (raylet) file_system_monitor.cc:116: /tmp/ray/session_2026-07-26_03-54-15_074098_76832 is over 95% full, available space: 8.37473 GB; capacity: 452.981 GB. Object creation will fail if spilling is required.
[33m(raylet)[0m [2026-07-26 04:41:00,605 E 76850 9195222] (raylet) file_system_monitor.cc:116: /tmp/ray/session_2026-07-26_03-54-15_074098_76832 is over 95% full, available space: 8.3705 GB; capacity: 452.981 GB. Object creation will fail if spilling is required.
[33m(raylet)[0m [2026-07-26 04:41:10,649 E 76850 9195222] (raylet) file_system_monitor.cc:116: /tmp/ray/session_2026-07-26_03-54-15_074098_76832 is over 95% full, available space: 8.36814 GB; capacity: 452.981 GB. Object creation will fail if spilling is required.
[92mINFO [0m:      aggregate_evaluate: received 1024 results and 0 failures
[92mINFO [0m:      
[92mINFO [0m:      [ROUND 63]
[92mINFO [0m:      configure_fit: strategy sampled 768 clients (out of 1024)
[33m(raylet)[0m [2026-07-26 04:41:20,730 E 76850 9195222] (raylet) file_system_monitor.cc:116: /tmp/ray/session_2026-07-26_03-54-15_074098_76832 is over 95% full, available space: 8.36236 GB; capacity: 452.981 GB. Object creation will fail if spilling is required.
[33m(raylet)[0m [2026-07-26 04:41:30,764 E 76850 9195222] (raylet) file_system_monitor.cc:116: /tmp/ray/session_2026-07-26_03-54-15_074098_76832 is over 95% full, available space: 8.35847 GB; capacity: 452.981 GB. Object creation will fail if spilling is required.
[92mINFO [0m:      aggregate_fit: received 768 results and 0 failures
[92mINFO [0m:      configure_evaluate: strategy sampled 1024 clients (out of 1024)

[36m(ClientAppActor pid=76862)[0m [Client 955] ✅ ci loaded from persistent state[32m [repeated 144x across cluster][0m
[36m(ClientAppActor pid=76863)[0m [Client 368] Data split:[32m [repeated 175x across cluster][0m
[36m(ClientAppActor pid=76863)[0m    Train:      174 samples (client-local)[32m [repeated 175x across cluster][0m
[36m(ClientAppActor pid=76863)[0m    Validation: 24 samples (client-local)[32m [repeated 175x across cluster][0m
[36m(ClientAppActor pid=76863)[0m [Client 910] Data split:[32m [repeated 207x across cluster][0m
[36m(ClientAppActor pid=76863)[0m    Train:      173 samples (client-local)[32m [repeated 207x across cluster][0m
[36m(ClientAppActor pid=76863)[0m    Validation: 24 samples (client-local)[32m [repeated 207x across cluster][0m
[36m(ClientAppActor pid=76864)[0m [Client 469] Data split:[32m [repeated 213x across cluster][0m
[36m(ClientAppActor pid=76864)[0m    Train:      173 samples (client-local)[32m [repeated 213x across cluster][0m
[36m(ClientAppActor pid=76864)[0m    Validation: 24 samples (client-local)[32m [repeated 213x across cluster][0m
[36m(ClientAppActor pid=76863)[0m [Client 399] Data split:[32m [repeated 214x across cluster][0m
[36m(ClientAppActor pid=76863)[0m    Train:      174 samples (client-local)[32m [repeated 214x across cluster][0m
[36m(ClientAppActor pid=76863)[0m    Validation: 24 samples (client-local)[32m [repeated 214x across cluster][0m
[36m(ClientAppActor pid=76864)[0m [Client 139] Data split:[32m [repeated 216x across cluster][0m
[36m(ClientAppActor pid=76864)[0m    Train:      174 samples (client-local)[32m [repeated 216x across cluster][0m
[36m(ClientAppActor pid=76864)[0m    Validation: 24 samples (client-local)[32m [repeated 216x across cluster][0m
⏭️  Round 61: Evaluation skipped (all n_val=0)
[36m(ClientAppActor pid=76861)[0m [Client 24] ✅ ci loaded from persistent state
[36m(ClientAppActor pid=76864)[0m [Client 600] Data split:[32m [repeated 201x across cluster][0m
[36m(ClientAppActor pid=76864)[0m    Train:      173 samples (client-local)[32m [repeated 201x across cluster][0m
[36m(ClientAppActor pid=76864)[0m    Validation: 24 samples (client-local)[32m [repeated 201x across cluster][0m
[36m(ClientAppActor pid=76861)[0m [Client 42] ✅ ci loaded from persistent state[32m [repeated 203x across cluster][0m
[36m(ClientAppActor pid=76863)[0m [Client 257] Data split:[32m [repeated 197x across cluster][0m
[36m(ClientAppActor pid=76863)[0m    Train:      174 samples (client-local)[32m [repeated 197x across cluster][0m
[36m(ClientAppActor pid=76863)[0m    Validation: 24 samples (client-local)[32m [repeated 197x across cluster][0m
[36m(ClientAppActor pid=76863)[0m [Client 98] ✅ ci loaded from persistent state[32m [repeated 200x across cluster][0m
[36m(ClientAppActor pid=76862)[0m [Client 900] Data split:[32m [repeated 206x across cluster][0m
[36m(ClientAppActor pid=76862)[0m    Train:      173 samples (client-local)[32m [repeated 206x across cluster][0m
[36m(ClientAppActor pid=76862)[0m    Validation: 24 samples (client-local)[32m [repeated 206x across cluster][0m
[36m(ClientAppActor pid=76865)[0m [Client 673] ✅ ci loaded from persistent state[32m [repeated 204x across cluster][0m
   💾 Checkpoint saved: result/splits_iid_scaling/splits_iid_1024_clients.json/SCAFFOLD/all_rounds_run_1/model_round_62_run_1.pt
   💾 Checkpoint saved: result/splits_iid_scaling/splits_iid_1024_clients.json/SCAFFOLD/all_rounds_run_1/model_round_62_run_1.pt
🔧 Round 62: Updated c_global from 768 client Δc_i reports (N=1024)
[36m(ClientAppActor pid=76863)[0m [Client 656] Data split:[32m [repeated 188x across cluster][0m
[36m(ClientAppActor pid=76863)[0m    Train:      173 samples (client-local)[32m [repeated 188x across cluster][0m
[36m(ClientAppActor pid=76863)[0m    Validation: 24 samples (client-local)[32m [repeated 188x across cluster][0m
[36m(ClientAppActor pid=76862)[0m [Client 89] ✅ ci loaded from persistent state[32m [repeated 160x across cluster][0m
[36m(ClientAppActor pid=76863)[0m [Client 835] Data split:[32m [repeated 196x across cluster][0m
[36m(ClientAppActor pid=76863)[0m    Train:      173 samples (client-local)[32m [repeated 196x across cluster][0m
[36m(ClientAppActor pid=76863)[0m    Validation: 24 samples (client-local)[32m [repeated 196x across cluster][0m
[36m(ClientAppActor pid=76864)[0m [Client 918] Data split:[32m [repeated 217x across cluster][0m
[36m(ClientAppActor pid=76864)[0m    Train:      173 samples (client-local)[32m [repeated 217x across cluster][0m
[36m(ClientAppActor pid=76864)[0m    Validation: 24 samples (client-local)[32m [repeated 217x across cluster][0m
[36m(ClientAppActor pid=76863)[0m [Client 520] Data split:[32m [repeated 222x across cluster][0m
[36m(ClientAppActor pid=76863)[0m    Train:      173 samples (client-local)[32m [repeated 222x across cluster][0m
[36m(ClientAppActor pid=76863)[0m    Validation: 24 samples (client-local)[32m [repeated 222x across cluster][0m
[36m(ClientAppActor pid=76864)[0m [Client 51] Data split:[32m [repeated 218x across cluster][0m
[36m(ClientAppActor pid=76864)[0m    Train:      174 samples (client-local)[32m [repeated 218x across cluster][0m
[36m(ClientAppActor pid=76864)[0m    Validation: 24 samples (client-local)[32m [repeated 218x across cluster][0m
⏭️  Round 62: Evaluation skipped (all n_val=0)
[36m(ClientAppActor pid=76861)[0m [Client 8] ✅ ci loaded from persistent state
[36m(ClientAppActor pid=76863)[0m [Client 188] Data split:[32m [repeated 203x across cluster][0m
[36m(ClientAppActor pid=76863)[0m    Train:      174 samples (client-local)[32m [repeated 203x across cluster][0m
[36m(ClientAppActor pid=76863)[0m    Validation: 24 samples (client-local)[32m [repeated 203x across cluster][0m
[36m(ClientAppActor pid=76865)[0m [Client 640] ✅ ci loaded from persistent state[32m [repeated 215x across cluster][0m
[36m(ClientAppActor pid=76862)[0m [Client 450] Data split:[32m [repeated 216x across cluster][0m
[36m(ClientAppActor pid=76862)[0m    Train:      173 samples (client-local)[32m [repeated 216x across cluster][0m
[36m(ClientAppActor pid=76862)[0m    Validation: 24 samples (client-local)[32m [repeated 216x across cluster][0m
[36m(ClientAppActor pid=76862)[0m [Client 494] ✅ ci loaded from persistent state[32m [repeated 203x across cluster][0m
[36m(ClientAppActor pid=76863)[0m [Client 487] Data split:[32m [repeated 207x across cluster][0m
[36m(ClientAppActor pid=76863)[0m    Train:      173 samples (client-local)[32m [repeated 207x across cluster][0m
[36m(ClientAppActor pid=76863)[0m    Validation: 24 samples (client-local)[32m [repeated 207x across cluster][0m
[36m(ClientAppActor pid=76863)[0m [Client 255] ✅ ci loaded from persistent state[32m [repeated 213x across cluster][0m
[36m(ClientAppActor pid=76863)[0m [Client 580] Data split:[32m [repeated 213x across cluster][0m
[36m(ClientAppActor pid=76863)[0m    Train:      173 samples (client-local)[32m [repeated 213x across cluster][0m
[36m(ClientAppActor pid=76863)[0m    Validation: 24 samples (client-local)[32m [repeated 213x across cluster][0m
   💾 Checkpoint saved: result/splits_iid_scaling/splits_iid_1024_clients.json/SCAFFOLD/all_rounds_run_1/model_round_63_run_1.pt
   💾 Checkpoint saved: result/splits_iid_scaling/splits_iid_1024_clients.json/SCAFFOLD/all_rounds_run_1/model_round_63_run_1.pt
🔧 Round 63: Updated c_global from 768 client Δc_i reports (N=1024)
[36m(ClientAppActor pid=76862)[0m [Client 614] ✅ ci loaded from persistent state[32m [repeated 136x across cluster][0m
[36m(ClientAppActor pid=76863)[0m [Client 691] Data split:[32m [repeated 174x across cluster][0m
[36m(ClientAppActor pid=76863)[0m    Train:      173 samples (client-local)[32m [repeated 174x across cluster][0m
[36m(ClientAppActor pid=76863)[0m    Validation: 24 samples (client-local)[32m [repeated 174x across cluster][0m
[36m(ClientAppActor pid=76863)[0m [Client 261] Data split:[32m [repeated 219x across cluster][0m[33m(raylet)[0m [2026-07-26 04:41:40,808 E 76850 9195222] (raylet) file_system_monitor.cc:116: /tmp/ray/session_2026-07-26_03-54-15_074098_76832 is over 95% full, available space: 8.35414 GB; capacity: 452.981 GB. Object creation will fail if spilling is required.
[33m(raylet)[0m [2026-07-26 04:41:50,810 E 76850 9195222] (raylet) file_system_monitor.cc:116: /tmp/ray/session_2026-07-26_03-54-15_074098_76832 is over 95% full, available space: 8.36756 GB; capacity: 452.981 GB. Object creation will fail if spilling is required.
[92mINFO [0m:      aggregate_evaluate: received 1024 results and 0 failures
[92mINFO [0m:      
[92mINFO [0m:      [ROUND 64]
[92mINFO [0m:      configure_fit: strategy sampled 768 clients (out of 1024)
[33m(raylet)[0m [2026-07-26 04:42:00,826 E 76850 9195222] (raylet) file_system_monitor.cc:116: /tmp/ray/session_2026-07-26_03-54-15_074098_76832 is over 95% full, available space: 8.37025 GB; capacity: 452.981 GB. Object creation will fail if spilling is required.
[33m(raylet)[0m [2026-07-26 04:42:10,833 E 76850 9195222] (raylet) file_system_monitor.cc:116: /tmp/ray/session_2026-07-26_03-54-15_074098_76832 is over 95% full, available space: 8.36374 GB; capacity: 452.981 GB. Object creation will fail if spilling is required.
[92mINFO [0m:      aggregate_fit: received 768 results and 0 failures
[92mINFO [0m:      configure_evaluate: strategy sampled 1024 clients (out of 1024)
[33m(raylet)[0m [2026-07-26 04:42:20,852 E 76850 9195222] (raylet) file_system_monitor.cc:116: /tmp/ray/session_2026-07-26_03-54-15_074098_76832 is over 95% full, available space: 8.35721 GB; capacity: 452.981 GB. Object creation will fail if spilling is required.
[33m(raylet)[0m [2026-07-26 04:42:30,909 E 76850 9195222] (raylet) file_system_monitor.cc:116: /tmp/ray/session_2026-07-26_03-54-15_074098_76832 is over 95% full, available space: 8.3546 GB; capacity: 452.981 GB. Object creation will fail if spilling is required.
[33m(raylet)[0m [2026-07-26 04:42:40,914 E 76850 9195222] (raylet) file_system_monitor.cc:116: /tmp/ray/session_2026-07-26_03-54-15_074098_76832 is over 95% full, available space: 8.35262 GB; capacity: 452.981 GB. Object creation will fail if spilling is required.
[92mINFO [0m:      aggregate_evaluate: received 1024 results and 0 failures
[92mINFO [0m:      
[92mINFO [0m:      [ROUND 65]
[92mINFO [0m:      configure_fit: strategy sampled 768 clients (out of 1024)
[33m(raylet)[0m [2026-07-26 04:42:50,934 E 76850 9195222] (raylet) file_system_monitor.cc:116: /tmp/ray/session_2026-07-26_03-54-15_074098_76832 is over 95% full, available space: 8.33799 GB; capacity: 452.981 GB. Object creation will fail if spilling is required.
[92mINFO [0m:      aggregate_fit: received 768 results and 0 failures
[33m(raylet)[0m [2026-07-26 04:43:01,032 E 76850 9195222] (raylet) file_system_monitor.cc:116: /tmp/ray/session_2026-07-26_03-54-15_074098_76832 is over 95% full, available space: 8.33178 GB; capacity: 452.981 GB. Object creation will fail if spilling is required.
[92mINFO [0m:      configure_evaluate: strategy sampled 1024 clients (out of 1024)

[36m(ClientAppActor pid=76863)[0m    Train:      174 samples (client-local)[32m [repeated 219x across cluster][0m
[36m(ClientAppActor pid=76863)[0m    Validation: 24 samples (client-local)[32m [repeated 219x across cluster][0m
[36m(ClientAppActor pid=76863)[0m [Client 29] Data split:[32m [repeated 214x across cluster][0m
[36m(ClientAppActor pid=76863)[0m    Train:      174 samples (client-local)[32m [repeated 214x across cluster][0m
[36m(ClientAppActor pid=76863)[0m    Validation: 24 samples (client-local)[32m [repeated 214x across cluster][0m
[36m(ClientAppActor pid=76865)[0m 
[36m(ClientAppActor pid=76863)[0m [Client 987] Data split:[32m [repeated 211x across cluster][0m
[36m(ClientAppActor pid=76863)[0m    Train:      173 samples (client-local)[32m [repeated 211x across cluster][0m
[36m(ClientAppActor pid=76863)[0m    Validation: 24 samples (client-local)[32m [repeated 211x across cluster][0m
[36m(ClientAppActor pid=76863)[0m [Client 143] Data split:[32m [repeated 207x across cluster][0m
[36m(ClientAppActor pid=76863)[0m    Train:      174 samples (client-local)[32m [repeated 207x across cluster][0m
[36m(ClientAppActor pid=76863)[0m    Validation: 24 samples (client-local)[32m [repeated 207x across cluster][0m
⏭️  Round 63: Evaluation skipped (all n_val=0)
[36m(ClientAppActor pid=76863)[0m [Client 144] ✅ ci loaded from persistent state
[36m(ClientAppActor pid=76863)[0m [Client 172] Data split:[32m [repeated 199x across cluster][0m
[36m(ClientAppActor pid=76863)[0m    Train:      174 samples (client-local)[32m [repeated 199x across cluster][0m
[36m(ClientAppActor pid=76863)[0m    Validation: 24 samples (client-local)[32m [repeated 199x across cluster][0m
[36m(ClientAppActor pid=76863)[0m [Client 21] ✅ ci loaded from persistent state[32m [repeated 200x across cluster][0m
[36m(ClientAppActor pid=76863)[0m [Client 64] Data split:[32m [repeated 197x across cluster][0m
[36m(ClientAppActor pid=76863)[0m    Train:      174 samples (client-local)[32m [repeated 197x across cluster][0m
[36m(ClientAppActor pid=76863)[0m    Validation: 24 samples (client-local)[32m [repeated 197x across cluster][0m
[36m(ClientAppActor pid=76863)[0m [Client 961] ✅ ci loaded from persistent state[32m [repeated 200x across cluster][0m
[36m(ClientAppActor pid=76863)[0m [Client 182] Data split:[32m [repeated 201x across cluster][0m
[36m(ClientAppActor pid=76863)[0m    Train:      174 samples (client-local)[32m [repeated 201x across cluster][0m
[36m(ClientAppActor pid=76863)[0m    Validation: 24 samples (client-local)[32m [repeated 201x across cluster][0m
[36m(ClientAppActor pid=76863)[0m [Client 987] ✅ ci loaded from persistent state[32m [repeated 205x across cluster][0m
[36m(ClientAppActor pid=76863)[0m [Client 221] Data split:[32m [repeated 210x across cluster][0m
[36m(ClientAppActor pid=76863)[0m    Train:      174 samples (client-local)[32m [repeated 210x across cluster][0m
[36m(ClientAppActor pid=76863)[0m    Validation: 24 samples (client-local)[32m [repeated 210x across cluster][0m
   💾 Checkpoint saved: result/splits_iid_scaling/splits_iid_1024_clients.json/SCAFFOLD/all_rounds_run_1/model_round_64_run_1.pt
   💾 Checkpoint saved: result/splits_iid_scaling/splits_iid_1024_clients.json/SCAFFOLD/all_rounds_run_1/model_round_64_run_1.pt
🔧 Round 64: Updated c_global from 768 client Δc_i reports (N=1024)
[36m(ClientAppActor pid=76866)[0m [Client 775] ✅ ci loaded from persistent state[32m [repeated 162x across cluster][0m
[36m(ClientAppActor pid=76863)[0m [Client 713] Data split:[32m [repeated 168x across cluster][0m
[36m(ClientAppActor pid=76863)[0m    Train:      173 samples (client-local)[32m [repeated 168x across cluster][0m
[36m(ClientAppActor pid=76863)[0m    Validation: 24 samples (client-local)[32m [repeated 168x across cluster][0m
[36m(ClientAppActor pid=76864)[0m [Client 928] Data split:[32m [repeated 219x across cluster][0m
[36m(ClientAppActor pid=76864)[0m    Train:      173 samples (client-local)[32m [repeated 219x across cluster][0m
[36m(ClientAppActor pid=76864)[0m    Validation: 24 samples (client-local)[32m [repeated 219x across cluster][0m
[36m(ClientAppActor pid=76863)[0m [Client 203] Data split:[32m [repeated 208x across cluster][0m
[36m(ClientAppActor pid=76863)[0m    Train:      174 samples (client-local)[32m [repeated 208x across cluster][0m
[36m(ClientAppActor pid=76863)[0m    Validation: 24 samples (client-local)[32m [repeated 208x across cluster][0m
[36m(ClientAppActor pid=76864)[0m [Client 382] Data split:[32m [repeated 218x across cluster][0m
[36m(ClientAppActor pid=76864)[0m    Train:      174 samples (client-local)[32m [repeated 218x across cluster][0m
[36m(ClientAppActor pid=76864)[0m    Validation: 24 samples (client-local)[32m [repeated 218x across cluster][0m
[36m(ClientAppActor pid=76864)[0m [Client 697] Data split:[32m [repeated 211x across cluster][0m
[36m(ClientAppActor pid=76864)[0m    Train:      173 samples (client-local)[32m [repeated 211x across cluster][0m
[36m(ClientAppActor pid=76864)[0m    Validation: 24 samples (client-local)[32m [repeated 211x across cluster][0m
⏭️  Round 64: Evaluation skipped (all n_val=0)
[36m(ClientAppActor pid=76861)[0m [Client 432] ✅ ci loaded from persistent state
[36m(ClientAppActor pid=76863)[0m [Client 916] Data split:[32m [repeated 204x across cluster][0m
[36m(ClientAppActor pid=76863)[0m    Train:      173 samples (client-local)[32m [repeated 204x across cluster][0m
[36m(ClientAppActor pid=76863)[0m    Validation: 24 samples (client-local)[32m [repeated 204x across cluster][0m
[36m(ClientAppActor pid=76862)[0m [Client 876] ✅ ci loaded from persistent state[32m [repeated 207x across cluster][0m
[36m(ClientAppActor pid=76862)[0m [Client 985] Data split:[32m [repeated 196x across cluster][0m
[36m(ClientAppActor pid=76862)[0m    Train:      173 samples (client-local)[32m [repeated 196x across cluster][0m
[36m(ClientAppActor pid=76862)[0m    Validation: 24 samples (client-local)[32m [repeated 196x across cluster][0m
[36m(ClientAppActor pid=76863)[0m [Client 637] ✅ ci loaded from persistent state[32m [repeated 193x across cluster][0m
[36m(ClientAppActor pid=76863)[0m [Client 906] Data split:[32m [repeated 204x across cluster][0m
[36m(ClientAppActor pid=76863)[0m    Train:      173 samples (client-local)[32m [repeated 204x across cluster][0m
[36m(ClientAppActor pid=76863)[0m    Validation: 24 samples (client-local)[32m [repeated 204x across cluster][0m
[36m(ClientAppActor pid=76867)[0m [Client 810] ✅ ci loaded from persistent state[32m [repeated 195x across cluster][0m
[36m(ClientAppActor pid=76862)[0m [Client 274] Data split:[32m [repeated 184x across cluster][0m
[36m(ClientAppActor pid=76862)[0m    Train:      174 samples (client-local)[32m [repeated 184x across cluster][0m
[36m(ClientAppActor pid=76862)[0m    Validation: 24 samples (client-local)[32m [repeated 184x across cluster][0m
   💾 Checkpoint saved: result/splits_iid_scaling/splits_iid_1024_clients.json/SCAFFOLD/all_rounds_run_1/model_round_65_run_1.pt
   💾 Checkpoint saved: result/splits_iid_scaling/splits_iid_1024_clients.json/SCAFFOLD/all_rounds_run_1/model_round_65_run_1.pt
🔧 Round 65: Updated c_global from 768 client Δc_i reports (N=1024)
[36m(ClientAppActor pid=76862)[0m [Client 593] ✅ ci loaded from persistent state[32m [repeated 172x across cluster][0m
[36m(ClientAppActor pid=76862)[0m [Client 718] Data split:[32m [repeated 165x across cluster][0m
[36m(ClientAppActor pid=76862)[0m    Train:      173 samples (client-local)[32m [repeated 165x across cluster][0m
[36m(ClientAppActor pid=76862)[0m    Validation: 24 samples (client-local)[32m [repeated 165x across cluster][0m
[36m(ClientAppActor pid=76863)[0m [Client 519] Data split:[32m [repeated 210x across cluster][0m
[36m(ClientAppActor pid=76863)[0m    Train:      173 samples (client-local)[32m [repeated 210x across cluster][0m
[36m(ClientAppActor pid=76863)[0m    Validation: 24 samples (client-local)[32m [repeated 210x across cluster][0m[33m(raylet)[0m [2026-07-26 04:43:11,089 E 76850 9195222] (raylet) file_system_monitor.cc:116: /tmp/ray/session_2026-07-26_03-54-15_074098_76832 is over 95% full, available space: 8.3455 GB; capacity: 452.981 GB. Object creation will fail if spilling is required.
[33m(raylet)[0m [2026-07-26 04:43:21,132 E 76850 9195222] (raylet) file_system_monitor.cc:116: /tmp/ray/session_2026-07-26_03-54-15_074098_76832 is over 95% full, available space: 8.33918 GB; capacity: 452.981 GB. Object creation will fail if spilling is required.
[92mINFO [0m:      aggregate_evaluate: received 1024 results and 0 failures
[92mINFO [0m:      
[92mINFO [0m:      [ROUND 66]
[92mINFO [0m:      configure_fit: strategy sampled 768 clients (out of 1024)
[33m(raylet)[0m [2026-07-26 04:43:31,206 E 76850 9195222] (raylet) file_system_monitor.cc:116: /tmp/ray/session_2026-07-26_03-54-15_074098_76832 is over 95% full, available space: 8.33661 GB; capacity: 452.981 GB. Object creation will fail if spilling is required.
[33m(raylet)[0m [2026-07-26 04:43:41,209 E 76850 9195222] (raylet) file_system_monitor.cc:116: /tmp/ray/session_2026-07-26_03-54-15_074098_76832 is over 95% full, available space: 8.33518 GB; capacity: 452.981 GB. Object creation will fail if spilling is required.
[92mINFO [0m:      aggregate_fit: received 768 results and 0 failures
[92mINFO [0m:      configure_evaluate: strategy sampled 1024 clients (out of 1024)
[33m(raylet)[0m [2026-07-26 04:43:51,266 E 76850 9195222] (raylet) file_system_monitor.cc:116: /tmp/ray/session_2026-07-26_03-54-15_074098_76832 is over 95% full, available space: 8.32901 GB; capacity: 452.981 GB. Object creation will fail if spilling is required.
[33m(raylet)[0m [2026-07-26 04:44:01,332 E 76850 9195222] (raylet) file_system_monitor.cc:116: /tmp/ray/session_2026-07-26_03-54-15_074098_76832 is over 95% full, available space: 8.32685 GB; capacity: 452.981 GB. Object creation will fail if spilling is required.
[33m(raylet)[0m [2026-07-26 04:44:11,433 E 76850 9195222] (raylet) file_system_monitor.cc:116: /tmp/ray/session_2026-07-26_03-54-15_074098_76832 is over 95% full, available space: 8.32101 GB; capacity: 452.981 GB. Object creation will fail if spilling is required.
[92mINFO [0m:      aggregate_evaluate: received 1024 results and 0 failures
[92mINFO [0m:      
[92mINFO [0m:      [ROUND 67]
[92mINFO [0m:      configure_fit: strategy sampled 768 clients (out of 1024)
[33m(raylet)[0m [2026-07-26 04:44:21,507 E 76850 9195222] (raylet) file_system_monitor.cc:116: /tmp/ray/session_2026-07-26_03-54-15_074098_76832 is over 95% full, available space: 8.31807 GB; capacity: 452.981 GB. Object creation will fail if spilling is required.
[92mINFO [0m:      aggregate_fit: received 768 results and 0 failures
[33m(raylet)[0m [2026-07-26 04:44:31,552 E 76850 9195222] (raylet) file_system_monitor.cc:116: /tmp/ray/session_2026-07-26_03-54-15_074098_76832 is over 95% full, available space: 8.31168 GB; capacity: 452.981 GB. Object creation will fail if spilling is required.
[92mINFO [0m:      configure_evaluate: strategy sampled 1024 clients (out of 1024)
[33m(raylet)[0m [2026-07-26 04:44:41,660 E 76850 9195222] (raylet) file_system_monitor.cc:116: /tmp/ray/session_2026-07-26_03-54-15_074098_76832 is over 95% full, available space: 8.32549 GB; capacity: 452.981 GB. Object creation will fail if spilling is required.

[36m(ClientAppActor pid=76863)[0m [Client 204] Data split:[32m [repeated 204x across cluster][0m
[36m(ClientAppActor pid=76863)[0m    Train:      174 samples (client-local)[32m [repeated 204x across cluster][0m
[36m(ClientAppActor pid=76863)[0m    Validation: 24 samples (client-local)[32m [repeated 204x across cluster][0m
[36m(ClientAppActor pid=76867)[0m [Client 963] Data split:[32m [repeated 214x across cluster][0m
[36m(ClientAppActor pid=76867)[0m    Train:      173 samples (client-local)[32m [repeated 214x across cluster][0m
[36m(ClientAppActor pid=76867)[0m    Validation: 24 samples (client-local)[32m [repeated 214x across cluster][0m
[36m(ClientAppActor pid=76863)[0m [Client 911] Data split:[32m [repeated 209x across cluster][0m
[36m(ClientAppActor pid=76863)[0m    Train:      173 samples (client-local)[32m [repeated 209x across cluster][0m
[36m(ClientAppActor pid=76863)[0m    Validation: 24 samples (client-local)[32m [repeated 209x across cluster][0m
⏭️  Round 65: Evaluation skipped (all n_val=0)
[36m(ClientAppActor pid=76863)[0m [Client 327] ✅ ci loaded from persistent state
[36m(ClientAppActor pid=76866)[0m 
[36m(ClientAppActor pid=76862)[0m [Client 358] Data split:[32m [repeated 197x across cluster][0m
[36m(ClientAppActor pid=76862)[0m    Train:      174 samples (client-local)[32m [repeated 197x across cluster][0m
[36m(ClientAppActor pid=76862)[0m    Validation: 24 samples (client-local)[32m [repeated 197x across cluster][0m
[36m(ClientAppActor pid=76863)[0m [Client 24] ✅ ci loaded from persistent state[32m [repeated 200x across cluster][0m
[36m(ClientAppActor pid=76864)[0m [Client 372] Data split:[32m [repeated 201x across cluster][0m
[36m(ClientAppActor pid=76864)[0m    Train:      174 samples (client-local)[32m [repeated 201x across cluster][0m
[36m(ClientAppActor pid=76864)[0m    Validation: 24 samples (client-local)[32m [repeated 201x across cluster][0m
[36m(ClientAppActor pid=76863)[0m [Client 494] ✅ ci loaded from persistent state[32m [repeated 203x across cluster][0m
[36m(ClientAppActor pid=76863)[0m [Client 87] Data split:[32m [repeated 196x across cluster][0m
[36m(ClientAppActor pid=76863)[0m    Train:      174 samples (client-local)[32m [repeated 196x across cluster][0m
[36m(ClientAppActor pid=76863)[0m    Validation: 24 samples (client-local)[32m [repeated 196x across cluster][0m
[36m(ClientAppActor pid=76862)[0m [Client 979] ✅ ci loaded from persistent state[32m [repeated 200x across cluster][0m
[36m(ClientAppActor pid=76861)[0m [Client 381] Data split:[32m [repeated 196x across cluster][0m
[36m(ClientAppActor pid=76861)[0m    Train:      174 samples (client-local)[32m [repeated 196x across cluster][0m
[36m(ClientAppActor pid=76861)[0m    Validation: 24 samples (client-local)[32m [repeated 196x across cluster][0m
   💾 Checkpoint saved: result/splits_iid_scaling/splits_iid_1024_clients.json/SCAFFOLD/all_rounds_run_1/model_round_66_run_1.pt
   💾 Checkpoint saved: result/splits_iid_scaling/splits_iid_1024_clients.json/SCAFFOLD/all_rounds_run_1/model_round_66_run_1.pt
🔧 Round 66: Updated c_global from 768 client Δc_i reports (N=1024)
[36m(ClientAppActor pid=76861)[0m [Client 858] ✅ ci loaded from persistent state[32m [repeated 164x across cluster][0m
[36m(ClientAppActor pid=76863)[0m [Client 777] Data split:[32m [repeated 161x across cluster][0m
[36m(ClientAppActor pid=76863)[0m    Train:      173 samples (client-local)[32m [repeated 161x across cluster][0m
[36m(ClientAppActor pid=76863)[0m    Validation: 24 samples (client-local)[32m [repeated 161x across cluster][0m
[36m(ClientAppActor pid=76868)[0m [Client 511] Data split:[32m [repeated 203x across cluster][0m
[36m(ClientAppActor pid=76868)[0m    Train:      173 samples (client-local)[32m [repeated 203x across cluster][0m
[36m(ClientAppActor pid=76868)[0m    Validation: 24 samples (client-local)[32m [repeated 203x across cluster][0m
[36m(ClientAppActor pid=76863)[0m [Client 443] Data split:[32m [repeated 214x across cluster][0m
[36m(ClientAppActor pid=76863)[0m    Train:      173 samples (client-local)[32m [repeated 214x across cluster][0m
[36m(ClientAppActor pid=76863)[0m    Validation: 24 samples (client-local)[32m [repeated 214x across cluster][0m
[36m(ClientAppActor pid=76863)[0m [Client 135] Data split:[32m [repeated 209x across cluster][0m
[36m(ClientAppActor pid=76863)[0m    Train:      174 samples (client-local)[32m [repeated 209x across cluster][0m
[36m(ClientAppActor pid=76863)[0m    Validation: 24 samples (client-local)[32m [repeated 209x across cluster][0m
[36m(ClientAppActor pid=76863)[0m [Client 613] Data split:[32m [repeated 209x across cluster][0m
[36m(ClientAppActor pid=76863)[0m    Train:      173 samples (client-local)[32m [repeated 209x across cluster][0m
[36m(ClientAppActor pid=76863)[0m    Validation: 24 samples (client-local)[32m [repeated 209x across cluster][0m
⏭️  Round 66: Evaluation skipped (all n_val=0)
[36m(ClientAppActor pid=76863)[0m [Client 183] ✅ ci loaded from persistent state
[36m(ClientAppActor pid=76862)[0m [Client 489] Data split:[32m [repeated 198x across cluster][0m
[36m(ClientAppActor pid=76862)[0m    Train:      173 samples (client-local)[32m [repeated 198x across cluster][0m
[36m(ClientAppActor pid=76862)[0m    Validation: 24 samples (client-local)[32m [repeated 198x across cluster][0m
[36m(ClientAppActor pid=76863)[0m [Client 298] ✅ ci loaded from persistent state[32m [repeated 196x across cluster][0m
[36m(ClientAppActor pid=76863)[0m [Client 451] Data split:[32m [repeated 203x across cluster][0m
[36m(ClientAppActor pid=76863)[0m    Train:      173 samples (client-local)[32m [repeated 203x across cluster][0m
[36m(ClientAppActor pid=76863)[0m    Validation: 24 samples (client-local)[32m [repeated 203x across cluster][0m
[36m(ClientAppActor pid=76863)[0m [Client 860] ✅ ci loaded from persistent state[32m [repeated 205x across cluster][0m
[36m(ClientAppActor pid=76862)[0m [Client 114] Data split:[32m [repeated 213x across cluster][0m
[36m(ClientAppActor pid=76862)[0m    Train:      174 samples (client-local)[32m [repeated 213x across cluster][0m
[36m(ClientAppActor pid=76862)[0m    Validation: 24 samples (client-local)[32m [repeated 213x across cluster][0m
[36m(ClientAppActor pid=76868)[0m [Client 313] ✅ ci loaded from persistent state[32m [repeated 210x across cluster][0m
[36m(ClientAppActor pid=76862)[0m [Client 511] Data split:[32m [repeated 196x across cluster][0m
[36m(ClientAppActor pid=76862)[0m    Train:      173 samples (client-local)[32m [repeated 196x across cluster][0m
[36m(ClientAppActor pid=76862)[0m    Validation: 24 samples (client-local)[32m [repeated 196x across cluster][0m
   💾 Checkpoint saved: result/splits_iid_scaling/splits_iid_1024_clients.json/SCAFFOLD/all_rounds_run_1/model_round_67_run_1.pt
   💾 Checkpoint saved: result/splits_iid_scaling/splits_iid_1024_clients.json/SCAFFOLD/all_rounds_run_1/model_round_67_run_1.pt
🔧 Round 67: Updated c_global from 768 client Δc_i reports (N=1024)
[36m(ClientAppActor pid=76862)[0m [Client 470] ✅ ci loaded from persistent state[32m [repeated 156x across cluster][0m
[36m(ClientAppActor pid=76863)[0m [Client 367] Data split:[32m [repeated 169x across cluster][0m
[36m(ClientAppActor pid=76863)[0m    Train:      174 samples (client-local)[32m [repeated 169x across cluster][0m
[36m(ClientAppActor pid=76863)[0m    Validation: 24 samples (client-local)[32m [repeated 169x across cluster][0m
[36m(ClientAppActor pid=76863)[0m [Client 881] Data split:[32m [repeated 215x across cluster][0m
[36m(ClientAppActor pid=76863)[0m    Train:      173 samples (client-local)[32m [repeated 215x across cluster][0m
[36m(ClientAppActor pid=76863)[0m    Validation: 24 samples (client-local)[32m [repeated 215x across cluster][0m
[36m(ClientAppActor pid=76864)[0m [Client 464] Data split:[32m [repeated 209x across cluster][0m
[36m(ClientAppActor pid=76864)[0m    Train:      173 samples (client-local)[32m [repeated 209x across cluster][0m[33m(raylet)[0m [2026-07-26 04:44:51,663 E 76850 9195222] (raylet) file_system_monitor.cc:116: /tmp/ray/session_2026-07-26_03-54-15_074098_76832 is over 95% full, available space: 8.32309 GB; capacity: 452.981 GB. Object creation will fail if spilling is required.
[92mINFO [0m:      aggregate_evaluate: received 1024 results and 0 failures
[92mINFO [0m:      
[92mINFO [0m:      [ROUND 68]
[92mINFO [0m:      configure_fit: strategy sampled 768 clients (out of 1024)
[33m(raylet)[0m [2026-07-26 04:45:01,715 E 76850 9195222] (raylet) file_system_monitor.cc:116: /tmp/ray/session_2026-07-26_03-54-15_074098_76832 is over 95% full, available space: 8.31779 GB; capacity: 452.981 GB. Object creation will fail if spilling is required.
[33m(raylet)[0m [2026-07-26 04:45:11,762 E 76850 9195222] (raylet) file_system_monitor.cc:116: /tmp/ray/session_2026-07-26_03-54-15_074098_76832 is over 95% full, available space: 8.3168 GB; capacity: 452.981 GB. Object creation will fail if spilling is required.
[92mINFO [0m:      aggregate_fit: received 768 results and 0 failures
[92mINFO [0m:      configure_evaluate: strategy sampled 1024 clients (out of 1024)
[33m(raylet)[0m [2026-07-26 04:45:21,834 E 76850 9195222] (raylet) file_system_monitor.cc:116: /tmp/ray/session_2026-07-26_03-54-15_074098_76832 is over 95% full, available space: 8.31218 GB; capacity: 452.981 GB. Object creation will fail if spilling is required.
[33m(raylet)[0m [2026-07-26 04:45:31,885 E 76850 9195222] (raylet) file_system_monitor.cc:116: /tmp/ray/session_2026-07-26_03-54-15_074098_76832 is over 95% full, available space: 8.31137 GB; capacity: 452.981 GB. Object creation will fail if spilling is required.
[92mINFO [0m:      aggregate_evaluate: received 1024 results and 0 failures
[92mINFO [0m:      
[92mINFO [0m:      [ROUND 69]
[92mINFO [0m:      configure_fit: strategy sampled 768 clients (out of 1024)
[33m(raylet)[0m [2026-07-26 04:45:41,924 E 76850 9195222] (raylet) file_system_monitor.cc:116: /tmp/ray/session_2026-07-26_03-54-15_074098_76832 is over 95% full, available space: 8.30582 GB; capacity: 452.981 GB. Object creation will fail if spilling is required.
[33m(raylet)[0m [2026-07-26 04:45:52,007 E 76850 9195222] (raylet) file_system_monitor.cc:116: /tmp/ray/session_2026-07-26_03-54-15_074098_76832 is over 95% full, available space: 8.3039 GB; capacity: 452.981 GB. Object creation will fail if spilling is required.
[92mINFO [0m:      aggregate_fit: received 768 results and 0 failures
[92mINFO [0m:      configure_evaluate: strategy sampled 1024 clients (out of 1024)
[33m(raylet)[0m [2026-07-26 04:46:02,017 E 76850 9195222] (raylet) file_system_monitor.cc:116: /tmp/ray/session_2026-07-26_03-54-15_074098_76832 is over 95% full, available space: 8.30179 GB; capacity: 452.981 GB. Object creation will fail if spilling is required.
[33m(raylet)[0m [2026-07-26 04:46:12,053 E 76850 9195222] (raylet) file_system_monitor.cc:116: /tmp/ray/session_2026-07-26_03-54-15_074098_76832 is over 95% full, available space: 8.29566 GB; capacity: 452.981 GB. Object creation will fail if spilling is required.
[33m(raylet)[0m [2026-07-26 04:46:22,096 E 76850 9195222] (raylet) file_system_monitor.cc:116: /tmp/ray/session_2026-07-26_03-54-15_074098_76832 is over 95% full, available space: 8.29351 GB; capacity: 452.981 GB. Object creation will fail if spilling is required.

[36m(ClientAppActor pid=76864)[0m    Validation: 24 samples (client-local)[32m [repeated 209x across cluster][0m
[36m(ClientAppActor pid=76862)[0m [Client 630] Data split:[32m [repeated 207x across cluster][0m
[36m(ClientAppActor pid=76862)[0m    Train:      173 samples (client-local)[32m [repeated 207x across cluster][0m
[36m(ClientAppActor pid=76862)[0m    Validation: 24 samples (client-local)[32m [repeated 207x across cluster][0m
[36m(ClientAppActor pid=76865)[0m [Client 111] Data split:[32m [repeated 200x across cluster][0m
[36m(ClientAppActor pid=76865)[0m    Train:      174 samples (client-local)[32m [repeated 200x across cluster][0m
[36m(ClientAppActor pid=76865)[0m    Validation: 24 samples (client-local)[32m [repeated 200x across cluster][0m
⏭️  Round 67: Evaluation skipped (all n_val=0)
[36m(ClientAppActor pid=76863)[0m [Client 586] ✅ ci loaded from persistent state
[36m(ClientAppActor pid=76863)[0m [Client 246] Data split:[32m [repeated 198x across cluster][0m
[36m(ClientAppActor pid=76863)[0m    Train:      174 samples (client-local)[32m [repeated 198x across cluster][0m
[36m(ClientAppActor pid=76863)[0m    Validation: 24 samples (client-local)[32m [repeated 198x across cluster][0m
[36m(ClientAppActor pid=76867)[0m [Client 169] ✅ ci loaded from persistent state[32m [repeated 205x across cluster][0m
[36m(ClientAppActor pid=76863)[0m [Client 623] Data split:[32m [repeated 201x across cluster][0m
[36m(ClientAppActor pid=76863)[0m    Train:      173 samples (client-local)[32m [repeated 201x across cluster][0m
[36m(ClientAppActor pid=76863)[0m    Validation: 24 samples (client-local)[32m [repeated 201x across cluster][0m
[36m(ClientAppActor pid=76864)[0m [Client 596] ✅ ci loaded from persistent state[32m [repeated 209x across cluster][0m
[36m(ClientAppActor pid=76863)[0m [Client 541] Data split:[32m [repeated 206x across cluster][0m
[36m(ClientAppActor pid=76863)[0m    Train:      173 samples (client-local)[32m [repeated 206x across cluster][0m
[36m(ClientAppActor pid=76863)[0m    Validation: 24 samples (client-local)[32m [repeated 206x across cluster][0m
[36m(ClientAppActor pid=76863)[0m [Client 68] ✅ ci loaded from persistent state[32m [repeated 203x across cluster][0m
   💾 Checkpoint saved: result/splits_iid_scaling/splits_iid_1024_clients.json/SCAFFOLD/all_rounds_run_1/model_round_68_run_1.pt
   💾 Checkpoint saved: result/splits_iid_scaling/splits_iid_1024_clients.json/SCAFFOLD/all_rounds_run_1/model_round_68_run_1.pt
🔧 Round 68: Updated c_global from 768 client Δc_i reports (N=1024)
[36m(ClientAppActor pid=76863)[0m [Client 17] Data split:[32m [repeated 213x across cluster][0m
[36m(ClientAppActor pid=76863)[0m    Train:      174 samples (client-local)[32m [repeated 213x across cluster][0m
[36m(ClientAppActor pid=76863)[0m    Validation: 24 samples (client-local)[32m [repeated 213x across cluster][0m
[36m(ClientAppActor pid=76862)[0m [Client 449] ✅ ci loaded from persistent state[32m [repeated 150x across cluster][0m
[36m(ClientAppActor pid=76865)[0m [Client 60] Data split:[32m [repeated 207x across cluster][0m
[36m(ClientAppActor pid=76865)[0m    Train:      174 samples (client-local)[32m [repeated 207x across cluster][0m
[36m(ClientAppActor pid=76865)[0m    Validation: 24 samples (client-local)[32m [repeated 207x across cluster][0m
[36m(ClientAppActor pid=76864)[0m [Client 298] Data split:[32m [repeated 213x across cluster][0m
[36m(ClientAppActor pid=76864)[0m    Train:      174 samples (client-local)[32m [repeated 213x across cluster][0m
[36m(ClientAppActor pid=76864)[0m    Validation: 24 samples (client-local)[32m [repeated 213x across cluster][0m
[36m(ClientAppActor pid=76863)[0m [Client 1007] Data split:[32m [repeated 211x across cluster][0m
[36m(ClientAppActor pid=76863)[0m    Train:      173 samples (client-local)[32m [repeated 211x across cluster][0m
[36m(ClientAppActor pid=76863)[0m    Validation: 24 samples (client-local)[32m [repeated 211x across cluster][0m
[36m(ClientAppActor pid=76863)[0m [Client 224] Data split:[32m [repeated 207x across cluster][0m
[36m(ClientAppActor pid=76863)[0m    Train:      174 samples (client-local)[32m [repeated 207x across cluster][0m
[36m(ClientAppActor pid=76863)[0m    Validation: 24 samples (client-local)[32m [repeated 207x across cluster][0m
⏭️  Round 68: Evaluation skipped (all n_val=0)
[36m(ClientAppActor pid=76863)[0m [Client 549] ✅ ci loaded from persistent state
[36m(ClientAppActor pid=76863)[0m [Client 854] Data split:[32m [repeated 198x across cluster][0m
[36m(ClientAppActor pid=76863)[0m    Train:      173 samples (client-local)[32m [repeated 198x across cluster][0m
[36m(ClientAppActor pid=76863)[0m    Validation: 24 samples (client-local)[32m [repeated 198x across cluster][0m
[36m(ClientAppActor pid=76863)[0m [Client 219] ✅ ci loaded from persistent state[32m [repeated 205x across cluster][0m
[36m(ClientAppActor pid=76863)[0m [Client 32] Data split:[32m [repeated 205x across cluster][0m
[36m(ClientAppActor pid=76863)[0m    Train:      174 samples (client-local)[32m [repeated 205x across cluster][0m
[36m(ClientAppActor pid=76863)[0m    Validation: 24 samples (client-local)[32m [repeated 205x across cluster][0m
[36m(ClientAppActor pid=76863)[0m [Client 85] ✅ ci loaded from persistent state[32m [repeated 207x across cluster][0m
[36m(ClientAppActor pid=76863)[0m [Client 354] Data split:[32m [repeated 213x across cluster][0m
[36m(ClientAppActor pid=76863)[0m    Train:      174 samples (client-local)[32m [repeated 213x across cluster][0m
[36m(ClientAppActor pid=76863)[0m    Validation: 24 samples (client-local)[32m [repeated 213x across cluster][0m
[36m(ClientAppActor pid=76865)[0m [Client 272] ✅ ci loaded from persistent state[32m [repeated 210x across cluster][0m
[36m(ClientAppActor pid=76863)[0m [Client 881] Data split:[32m [repeated 206x across cluster][0m
[36m(ClientAppActor pid=76863)[0m    Train:      173 samples (client-local)[32m [repeated 206x across cluster][0m
[36m(ClientAppActor pid=76863)[0m    Validation: 24 samples (client-local)[32m [repeated 206x across cluster][0m
   💾 Checkpoint saved: result/splits_iid_scaling/splits_iid_1024_clients.json/SCAFFOLD/all_rounds_run_1/model_round_69_run_1.pt
   💾 Checkpoint saved: result/splits_iid_scaling/splits_iid_1024_clients.json/SCAFFOLD/all_rounds_run_1/model_round_69_run_1.pt
🔧 Round 69: Updated c_global from 768 client Δc_i reports (N=1024)
[36m(ClientAppActor pid=76862)[0m [Client 1021] ✅ ci loaded from persistent state[32m [repeated 145x across cluster][0m
[36m(ClientAppActor pid=76863)[0m [Client 679] Data split:[32m [repeated 171x across cluster][0m
[36m(ClientAppActor pid=76863)[0m    Train:      173 samples (client-local)[32m [repeated 171x across cluster][0m
[36m(ClientAppActor pid=76863)[0m    Validation: 24 samples (client-local)[32m [repeated 171x across cluster][0m
[36m(ClientAppActor pid=76863)[0m [Client 155] Data split:[32m [repeated 195x across cluster][0m
[36m(ClientAppActor pid=76863)[0m    Train:      174 samples (client-local)[32m [repeated 195x across cluster][0m
[36m(ClientAppActor pid=76863)[0m    Validation: 24 samples (client-local)[32m [repeated 195x across cluster][0m
[36m(ClientAppActor pid=76863)[0m [Client 305] Data split:[32m [repeated 215x across cluster][0m
[36m(ClientAppActor pid=76863)[0m    Train:      174 samples (client-local)[32m [repeated 215x across cluster][0m
[36m(ClientAppActor pid=76863)[0m    Validation: 24 samples (client-local)[32m [repeated 215x across cluster][0m
[36m(ClientAppActor pid=76863)[0m [Client 594] Data split:[32m [repeated 222x across cluster][0m
[36m(ClientAppActor pid=76863)[0m    Train:      173 samples (client-local)[32m [repeated 222x across cluster][0m
[36m(ClientAppActor pid=76863)[0m    Validation: 24 samples (client-local)[32m [repeated 222x across cluster][0m
[36m(ClientAppActor pid=76863)[0m [Client 146] Data split:[32m [repeated 215x across cluster][0m[92mINFO [0m:      aggregate_evaluate: received 1024 results and 0 failures
[92mINFO [0m:      
[92mINFO [0m:      [ROUND 70]
[92mINFO [0m:      configure_fit: strategy sampled 768 clients (out of 1024)
[33m(raylet)[0m [2026-07-26 04:46:32,182 E 76850 9195222] (raylet) file_system_monitor.cc:116: /tmp/ray/session_2026-07-26_03-54-15_074098_76832 is over 95% full, available space: 8.30361 GB; capacity: 452.981 GB. Object creation will fail if spilling is required.
[33m(raylet)[0m [2026-07-26 04:46:42,218 E 76850 9195222] (raylet) file_system_monitor.cc:116: /tmp/ray/session_2026-07-26_03-54-15_074098_76832 is over 95% full, available space: 8.30132 GB; capacity: 452.981 GB. Object creation will fail if spilling is required.
[92mINFO [0m:      aggregate_fit: received 768 results and 0 failures
[92mINFO [0m:      configure_evaluate: strategy sampled 1024 clients (out of 1024)
[33m(raylet)[0m [2026-07-26 04:46:52,287 E 76850 9195222] (raylet) file_system_monitor.cc:116: /tmp/ray/session_2026-07-26_03-54-15_074098_76832 is over 95% full, available space: 8.29495 GB; capacity: 452.981 GB. Object creation will fail if spilling is required.
[33m(raylet)[0m [2026-07-26 04:47:02,317 E 76850 9195222] (raylet) file_system_monitor.cc:116: /tmp/ray/session_2026-07-26_03-54-15_074098_76832 is over 95% full, available space: 8.29263 GB; capacity: 452.981 GB. Object creation will fail if spilling is required.
[92mINFO [0m:      aggregate_evaluate: received 1024 results and 0 failures
[92mINFO [0m:      
[92mINFO [0m:      [ROUND 71]
[92mINFO [0m:      configure_fit: strategy sampled 768 clients (out of 1024)
[33m(raylet)[0m [2026-07-26 04:47:12,363 E 76850 9195222] (raylet) file_system_monitor.cc:116: /tmp/ray/session_2026-07-26_03-54-15_074098_76832 is over 95% full, available space: 8.29029 GB; capacity: 452.981 GB. Object creation will fail if spilling is required.
[33m(raylet)[0m [2026-07-26 04:47:22,453 E 76850 9195222] (raylet) file_system_monitor.cc:116: /tmp/ray/session_2026-07-26_03-54-15_074098_76832 is over 95% full, available space: 8.28402 GB; capacity: 452.981 GB. Object creation will fail if spilling is required.
[92mINFO [0m:      aggregate_fit: received 768 results and 0 failures
[92mINFO [0m:      configure_evaluate: strategy sampled 1024 clients (out of 1024)
[33m(raylet)[0m [2026-07-26 04:47:32,486 E 76850 9195222] (raylet) file_system_monitor.cc:116: /tmp/ray/session_2026-07-26_03-54-15_074098_76832 is over 95% full, available space: 8.28191 GB; capacity: 452.981 GB. Object creation will fail if spilling is required.
[33m(raylet)[0m [2026-07-26 04:47:42,500 E 76850 9195222] (raylet) file_system_monitor.cc:116: /tmp/ray/session_2026-07-26_03-54-15_074098_76832 is over 95% full, available space: 8.27583 GB; capacity: 452.981 GB. Object creation will fail if spilling is required.

[36m(ClientAppActor pid=76863)[0m    Train:      174 samples (client-local)[32m [repeated 215x across cluster][0m
[36m(ClientAppActor pid=76863)[0m    Validation: 24 samples (client-local)[32m [repeated 215x across cluster][0m
⏭️  Round 69: Evaluation skipped (all n_val=0)
[36m(ClientAppActor pid=76868)[0m [Client 124] ✅ ci loaded from persistent state
[36m(ClientAppActor pid=76863)[0m [Client 684] Data split:[32m [repeated 199x across cluster][0m
[36m(ClientAppActor pid=76863)[0m    Train:      173 samples (client-local)[32m [repeated 199x across cluster][0m
[36m(ClientAppActor pid=76863)[0m    Validation: 24 samples (client-local)[32m [repeated 199x across cluster][0m
[36m(ClientAppActor pid=76868)[0m [Client 774] ✅ ci loaded from persistent state[32m [repeated 207x across cluster][0m
[36m(ClientAppActor pid=76867)[0m [Client 817] Data split:[32m [repeated 203x across cluster][0m
[36m(ClientAppActor pid=76867)[0m    Train:      173 samples (client-local)[32m [repeated 203x across cluster][0m
[36m(ClientAppActor pid=76867)[0m    Validation: 24 samples (client-local)[32m [repeated 203x across cluster][0m
[36m(ClientAppActor pid=76862)[0m [Client 253] ✅ ci loaded from persistent state[32m [repeated 201x across cluster][0m
[36m(ClientAppActor pid=76863)[0m [Client 597] Data split:[32m [repeated 197x across cluster][0m
[36m(ClientAppActor pid=76863)[0m    Train:      173 samples (client-local)[32m [repeated 197x across cluster][0m
[36m(ClientAppActor pid=76863)[0m    Validation: 24 samples (client-local)[32m [repeated 197x across cluster][0m
[36m(ClientAppActor pid=76865)[0m [Client 949] ✅ ci loaded from persistent state[32m [repeated 207x across cluster][0m
[36m(ClientAppActor pid=76864)[0m [Client 556] Data split:[32m [repeated 202x across cluster][0m
[36m(ClientAppActor pid=76864)[0m    Train:      173 samples (client-local)[32m [repeated 202x across cluster][0m
[36m(ClientAppActor pid=76864)[0m    Validation: 24 samples (client-local)[32m [repeated 202x across cluster][0m
   💾 Checkpoint saved: result/splits_iid_scaling/splits_iid_1024_clients.json/SCAFFOLD/all_rounds_run_1/model_round_70_run_1.pt
   💾 Checkpoint saved: result/splits_iid_scaling/splits_iid_1024_clients.json/SCAFFOLD/all_rounds_run_1/model_round_70_run_1.pt
🔧 Round 70: Updated c_global from 768 client Δc_i reports (N=1024)
[36m(ClientAppActor pid=76868)[0m [Client 139] ✅ ci loaded from persistent state[32m [repeated 152x across cluster][0m
[36m(ClientAppActor pid=76865)[0m [Client 66] Data split:[32m [repeated 173x across cluster][0m
[36m(ClientAppActor pid=76865)[0m    Train:      174 samples (client-local)[32m [repeated 173x across cluster][0m
[36m(ClientAppActor pid=76865)[0m    Validation: 24 samples (client-local)[32m [repeated 173x across cluster][0m
[36m(ClientAppActor pid=76863)[0m [Client 377] Data split:[32m [repeated 204x across cluster][0m
[36m(ClientAppActor pid=76863)[0m    Train:      174 samples (client-local)[32m [repeated 204x across cluster][0m
[36m(ClientAppActor pid=76863)[0m    Validation: 24 samples (client-local)[32m [repeated 204x across cluster][0m
[36m(ClientAppActor pid=76863)[0m [Client 68] Data split:[32m [repeated 205x across cluster][0m
[36m(ClientAppActor pid=76863)[0m    Train:      174 samples (client-local)[32m [repeated 205x across cluster][0m
[36m(ClientAppActor pid=76863)[0m    Validation: 24 samples (client-local)[32m [repeated 205x across cluster][0m
[36m(ClientAppActor pid=76863)[0m [Client 277] Data split:[32m [repeated 206x across cluster][0m
[36m(ClientAppActor pid=76863)[0m    Train:      174 samples (client-local)[32m [repeated 206x across cluster][0m
[36m(ClientAppActor pid=76863)[0m    Validation: 24 samples (client-local)[32m [repeated 206x across cluster][0m
[36m(ClientAppActor pid=76861)[0m [Client 60] Data split:[32m [repeated 215x across cluster][0m
[36m(ClientAppActor pid=76861)[0m    Train:      174 samples (client-local)[32m [repeated 215x across cluster][0m
[36m(ClientAppActor pid=76861)[0m    Validation: 24 samples (client-local)[32m [repeated 215x across cluster][0m

📊 Multi-Threshold Aggregation:
   Valid clients: 1024
   Evaluated 12 thresholds:
     Thr=0.15: Rec=0.997, Spec=0.119, F1=0.268
     Thr=0.20: Rec=0.990, Spec=0.217, F1=0.290
     Thr=0.25: Rec=0.980, Spec=0.307, F1=0.313
     ... (+ 9 more)

💾 Round 70: Saved round_70_run_1.json
[36m(ClientAppActor pid=76863)[0m [Client 199] ✅ ci loaded from persistent state
[36m(ClientAppActor pid=76865)[0m [Client 536] Data split:[32m [repeated 194x across cluster][0m
[36m(ClientAppActor pid=76865)[0m    Train:      173 samples (client-local)[32m [repeated 194x across cluster][0m
[36m(ClientAppActor pid=76865)[0m    Validation: 24 samples (client-local)[32m [repeated 194x across cluster][0m
[36m(ClientAppActor pid=76868)[0m 
[36m(ClientAppActor pid=76866)[0m [Client 514] ✅ ci loaded from persistent state[32m [repeated 202x across cluster][0m
[36m(ClientAppActor pid=76863)[0m [Client 155] Data split:[32m [repeated 201x across cluster][0m
[36m(ClientAppActor pid=76863)[0m    Train:      174 samples (client-local)[32m [repeated 201x across cluster][0m
[36m(ClientAppActor pid=76863)[0m    Validation: 24 samples (client-local)[32m [repeated 201x across cluster][0m
[36m(ClientAppActor pid=76864)[0m [Client 113] ✅ ci loaded from persistent state[32m [repeated 203x across cluster][0m
[36m(ClientAppActor pid=76863)[0m [Client 618] Data split:[32m [repeated 208x across cluster][0m
[36m(ClientAppActor pid=76863)[0m    Train:      173 samples (client-local)[32m [repeated 208x across cluster][0m
[36m(ClientAppActor pid=76863)[0m    Validation: 24 samples (client-local)[32m [repeated 208x across cluster][0m
[36m(ClientAppActor pid=76863)[0m [Client 131] ✅ ci loaded from persistent state[32m [repeated 205x across cluster][0m
[36m(ClientAppActor pid=76863)[0m [Client 384] Data split:[32m [repeated 210x across cluster][0m
[36m(ClientAppActor pid=76863)[0m    Train:      174 samples (client-local)[32m [repeated 210x across cluster][0m
[36m(ClientAppActor pid=76863)[0m    Validation: 24 samples (client-local)[32m [repeated 210x across cluster][0m
[36m(ClientAppActor pid=76861)[0m 
   💾 Checkpoint saved: result/splits_iid_scaling/splits_iid_1024_clients.json/SCAFFOLD/all_rounds_run_1/model_round_71_run_1.pt
   💾 Checkpoint saved: result/splits_iid_scaling/splits_iid_1024_clients.json/SCAFFOLD/all_rounds_run_1/model_round_71_run_1.pt
🔧 Round 71: Updated c_global from 768 client Δc_i reports (N=1024)
[36m(ClientAppActor pid=76862)[0m [Client 886] ✅ ci loaded from persistent state[32m [repeated 157x across cluster][0m
[36m(ClientAppActor pid=76867)[0m [Client 918] Data split:[32m [repeated 180x across cluster][0m
[36m(ClientAppActor pid=76867)[0m    Train:      173 samples (client-local)[32m [repeated 180x across cluster][0m
[36m(ClientAppActor pid=76867)[0m    Validation: 24 samples (client-local)[32m [repeated 180x across cluster][0m
[36m(ClientAppActor pid=76862)[0m [Client 414] Data split:[32m [repeated 208x across cluster][0m
[36m(ClientAppActor pid=76862)[0m    Train:      174 samples (client-local)[32m [repeated 208x across cluster][0m
[36m(ClientAppActor pid=76862)[0m    Validation: 24 samples (client-local)[32m [repeated 208x across cluster][0m
[36m(ClientAppActor pid=76864)[0m [Client 926] Data split:[32m [repeated 207x across cluster][0m
[36m(ClientAppActor pid=76864)[0m    Train:      173 samples (client-local)[32m [repeated 207x across cluster][0m
[36m(ClientAppActor pid=76864)[0m    Validation: 24 samples (client-local)[32m [repeated 207x across cluster][0m
[36m(ClientAppActor pid=76867)[0m [Client 97] Data split:[32m [repeated 213x across cluster][0m
[36m(ClientAppActor pid=76867)[0m    Train:      174 samples (client-local)[32m [repeated 213x across cluster][0m
[36m(ClientAppActor pid=76867)[0m    Validation: 24 samples (client-local)[32m [repeated 213x across cluster][0m[33m(raylet)[0m [2026-07-26 04:47:52,506 E 76850 9195222] (raylet) file_system_monitor.cc:116: /tmp/ray/session_2026-07-26_03-54-15_074098_76832 is over 95% full, available space: 8.27386 GB; capacity: 452.981 GB. Object creation will fail if spilling is required.
[92mINFO [0m:      aggregate_evaluate: received 1024 results and 0 failures
[92mINFO [0m:      
[92mINFO [0m:      [ROUND 72]
[92mINFO [0m:      configure_fit: strategy sampled 768 clients (out of 1024)
[33m(raylet)[0m [2026-07-26 04:48:02,545 E 76850 9195222] (raylet) file_system_monitor.cc:116: /tmp/ray/session_2026-07-26_03-54-15_074098_76832 is over 95% full, available space: 8.28701 GB; capacity: 452.981 GB. Object creation will fail if spilling is required.
[33m(raylet)[0m [2026-07-26 04:48:12,577 E 76850 9195222] (raylet) file_system_monitor.cc:116: /tmp/ray/session_2026-07-26_03-54-15_074098_76832 is over 95% full, available space: 8.2812 GB; capacity: 452.981 GB. Object creation will fail if spilling is required.
[92mINFO [0m:      aggregate_fit: received 768 results and 0 failures
[92mINFO [0m:      configure_evaluate: strategy sampled 1024 clients (out of 1024)
[33m(raylet)[0m [2026-07-26 04:48:22,591 E 76850 9195222] (raylet) file_system_monitor.cc:116: /tmp/ray/session_2026-07-26_03-54-15_074098_76832 is over 95% full, available space: 8.2782 GB; capacity: 452.981 GB. Object creation will fail if spilling is required.
[33m(raylet)[0m [2026-07-26 04:48:32,610 E 76850 9195222] (raylet) file_system_monitor.cc:116: /tmp/ray/session_2026-07-26_03-54-15_074098_76832 is over 95% full, available space: 8.27219 GB; capacity: 452.981 GB. Object creation will fail if spilling is required.
[92mINFO [0m:      aggregate_evaluate: received 1024 results and 0 failures
[92mINFO [0m:      
[92mINFO [0m:      [ROUND 73]
[92mINFO [0m:      configure_fit: strategy sampled 768 clients (out of 1024)
[33m(raylet)[0m [2026-07-26 04:48:42,672 E 76850 9195222] (raylet) file_system_monitor.cc:116: /tmp/ray/session_2026-07-26_03-54-15_074098_76832 is over 95% full, available space: 8.26999 GB; capacity: 452.981 GB. Object creation will fail if spilling is required.
[33m(raylet)[0m [2026-07-26 04:48:52,689 E 76850 9195222] (raylet) file_system_monitor.cc:116: /tmp/ray/session_2026-07-26_03-54-15_074098_76832 is over 95% full, available space: 8.26387 GB; capacity: 452.981 GB. Object creation will fail if spilling is required.
[92mINFO [0m:      aggregate_fit: received 768 results and 0 failures
[92mINFO [0m:      configure_evaluate: strategy sampled 1024 clients (out of 1024)
[33m(raylet)[0m [2026-07-26 04:49:02,740 E 76850 9195222] (raylet) file_system_monitor.cc:116: /tmp/ray/session_2026-07-26_03-54-15_074098_76832 is over 95% full, available space: 8.26199 GB; capacity: 452.981 GB. Object creation will fail if spilling is required.
[33m(raylet)[0m [2026-07-26 04:49:12,752 E 76850 9195222] (raylet) file_system_monitor.cc:116: /tmp/ray/session_2026-07-26_03-54-15_074098_76832 is over 95% full, available space: 8.25538 GB; capacity: 452.981 GB. Object creation will fail if spilling is required.

[36m(ClientAppActor pid=76864)[0m [Client 720] Data split:[32m [repeated 197x across cluster][0m
[36m(ClientAppActor pid=76864)[0m    Train:      173 samples (client-local)[32m [repeated 197x across cluster][0m
[36m(ClientAppActor pid=76864)[0m    Validation: 24 samples (client-local)[32m [repeated 197x across cluster][0m

📊 Multi-Threshold Aggregation:
   Valid clients: 1024
   Evaluated 12 thresholds:
     Thr=0.15: Rec=0.997, Spec=0.121, F1=0.268
     Thr=0.20: Rec=0.990, Spec=0.218, F1=0.290
     Thr=0.25: Rec=0.980, Spec=0.308, F1=0.313
     ... (+ 9 more)

💾 Round 71: Saved round_71_run_1.json
[36m(ClientAppActor pid=76862)[0m [Client 153] ✅ ci loaded from persistent state
[36m(ClientAppActor pid=76863)[0m [Client 421] Data split:[32m [repeated 198x across cluster][0m
[36m(ClientAppActor pid=76863)[0m    Train:      174 samples (client-local)[32m [repeated 198x across cluster][0m
[36m(ClientAppActor pid=76863)[0m    Validation: 24 samples (client-local)[32m [repeated 198x across cluster][0m
[36m(ClientAppActor pid=76862)[0m [Client 710] ✅ ci loaded from persistent state[32m [repeated 204x across cluster][0m
[36m(ClientAppActor pid=76863)[0m [Client 115] Data split:[32m [repeated 204x across cluster][0m
[36m(ClientAppActor pid=76863)[0m    Train:      174 samples (client-local)[32m [repeated 204x across cluster][0m
[36m(ClientAppActor pid=76863)[0m    Validation: 24 samples (client-local)[32m [repeated 204x across cluster][0m
[36m(ClientAppActor pid=76862)[0m [Client 567] ✅ ci loaded from persistent state[32m [repeated 199x across cluster][0m
[36m(ClientAppActor pid=76863)[0m [Client 41] Data split:[32m [repeated 206x across cluster][0m
[36m(ClientAppActor pid=76863)[0m    Train:      174 samples (client-local)[32m [repeated 206x across cluster][0m
[36m(ClientAppActor pid=76863)[0m    Validation: 24 samples (client-local)[32m [repeated 206x across cluster][0m
[36m(ClientAppActor pid=76863)[0m [Client 202] ✅ ci loaded from persistent state[32m [repeated 203x across cluster][0m
[36m(ClientAppActor pid=76863)[0m [Client 700] Data split:[32m [repeated 207x across cluster][0m
[36m(ClientAppActor pid=76863)[0m    Train:      173 samples (client-local)[32m [repeated 207x across cluster][0m
[36m(ClientAppActor pid=76863)[0m    Validation: 24 samples (client-local)[32m [repeated 207x across cluster][0m
   💾 Checkpoint saved: result/splits_iid_scaling/splits_iid_1024_clients.json/SCAFFOLD/all_rounds_run_1/model_round_72_run_1.pt
   💾 Checkpoint saved: result/splits_iid_scaling/splits_iid_1024_clients.json/SCAFFOLD/all_rounds_run_1/model_round_72_run_1.pt
🔧 Round 72: Updated c_global from 768 client Δc_i reports (N=1024)
[36m(ClientAppActor pid=76868)[0m [Client 339] ✅ ci loaded from persistent state[32m [repeated 161x across cluster][0m
[36m(ClientAppActor pid=76865)[0m [Client 582] Data split:[32m [repeated 171x across cluster][0m
[36m(ClientAppActor pid=76865)[0m    Train:      173 samples (client-local)[32m [repeated 171x across cluster][0m
[36m(ClientAppActor pid=76865)[0m    Validation: 24 samples (client-local)[32m [repeated 171x across cluster][0m
[36m(ClientAppActor pid=76863)[0m [Client 856] Data split:[32m [repeated 204x across cluster][0m
[36m(ClientAppActor pid=76863)[0m    Train:      173 samples (client-local)[32m [repeated 204x across cluster][0m
[36m(ClientAppActor pid=76863)[0m    Validation: 24 samples (client-local)[32m [repeated 204x across cluster][0m
[36m(ClientAppActor pid=76863)[0m [Client 746] Data split:[32m [repeated 215x across cluster][0m
[36m(ClientAppActor pid=76863)[0m    Train:      173 samples (client-local)[32m [repeated 215x across cluster][0m
[36m(ClientAppActor pid=76863)[0m    Validation: 24 samples (client-local)[32m [repeated 215x across cluster][0m
[36m(ClientAppActor pid=76863)[0m [Client 130] Data split:[32m [repeated 216x across cluster][0m
[36m(ClientAppActor pid=76863)[0m    Train:      174 samples (client-local)[32m [repeated 216x across cluster][0m
[36m(ClientAppActor pid=76863)[0m    Validation: 24 samples (client-local)[32m [repeated 216x across cluster][0m
[36m(ClientAppActor pid=76861)[0m [Client 261] Data split:[32m [repeated 214x across cluster][0m
[36m(ClientAppActor pid=76861)[0m    Train:      174 samples (client-local)[32m [repeated 214x across cluster][0m
[36m(ClientAppActor pid=76861)[0m    Validation: 24 samples (client-local)[32m [repeated 214x across cluster][0m

📊 Multi-Threshold Aggregation:
   Valid clients: 1024
   Evaluated 12 thresholds:
     Thr=0.15: Rec=0.996, Spec=0.123, F1=0.269
     Thr=0.20: Rec=0.990, Spec=0.219, F1=0.291
     Thr=0.25: Rec=0.980, Spec=0.310, F1=0.314
     ... (+ 9 more)

💾 Round 72: Saved round_72_run_1.json
[36m(ClientAppActor pid=76863)[0m [Client 203] ✅ ci loaded from persistent state
[36m(ClientAppActor pid=76863)[0m [Client 645] Data split:[32m [repeated 182x across cluster][0m
[36m(ClientAppActor pid=76863)[0m    Train:      173 samples (client-local)[32m [repeated 182x across cluster][0m
[36m(ClientAppActor pid=76863)[0m    Validation: 24 samples (client-local)[32m [repeated 182x across cluster][0m
[36m(ClientAppActor pid=76862)[0m [Client 779] ✅ ci loaded from persistent state[32m [repeated 197x across cluster][0m
[36m(ClientAppActor pid=76863)[0m [Client 639] Data split:[32m [repeated 211x across cluster][0m
[36m(ClientAppActor pid=76863)[0m    Train:      173 samples (client-local)[32m [repeated 211x across cluster][0m
[36m(ClientAppActor pid=76863)[0m    Validation: 24 samples (client-local)[32m [repeated 211x across cluster][0m
[36m(ClientAppActor pid=76862)[0m [Client 924] ✅ ci loaded from persistent state[32m [repeated 211x across cluster][0m
[36m(ClientAppActor pid=76864)[0m [Client 768] Data split:[32m [repeated 205x across cluster][0m
[36m(ClientAppActor pid=76864)[0m    Train:      173 samples (client-local)[32m [repeated 205x across cluster][0m
[36m(ClientAppActor pid=76864)[0m    Validation: 24 samples (client-local)[32m [repeated 205x across cluster][0m
[36m(ClientAppActor pid=76862)[0m [Client 788] ✅ ci loaded from persistent state[32m [repeated 201x across cluster][0m
[36m(ClientAppActor pid=76863)[0m [Client 603] Data split:[32m [repeated 189x across cluster][0m
[36m(ClientAppActor pid=76863)[0m    Train:      173 samples (client-local)[32m [repeated 189x across cluster][0m
[36m(ClientAppActor pid=76863)[0m    Validation: 24 samples (client-local)[32m [repeated 189x across cluster][0m
   💾 Checkpoint saved: result/splits_iid_scaling/splits_iid_1024_clients.json/SCAFFOLD/all_rounds_run_1/model_round_73_run_1.pt
   💾 Checkpoint saved: result/splits_iid_scaling/splits_iid_1024_clients.json/SCAFFOLD/all_rounds_run_1/model_round_73_run_1.pt
🔧 Round 73: Updated c_global from 768 client Δc_i reports (N=1024)
[36m(ClientAppActor pid=76868)[0m [Client 758] ✅ ci loaded from persistent state[32m [repeated 158x across cluster][0m
[36m(ClientAppActor pid=76863)[0m [Client 701] Data split:[32m [repeated 163x across cluster][0m
[36m(ClientAppActor pid=76863)[0m    Train:      173 samples (client-local)[32m [repeated 163x across cluster][0m
[36m(ClientAppActor pid=76863)[0m    Validation: 24 samples (client-local)[32m [repeated 163x across cluster][0m
[36m(ClientAppActor pid=76863)[0m [Client 275] Data split:[32m [repeated 204x across cluster][0m
[36m(ClientAppActor pid=76863)[0m    Train:      174 samples (client-local)[32m [repeated 204x across cluster][0m
[36m(ClientAppActor pid=76863)[0m    Validation: 24 samples (client-local)[32m [repeated 204x across cluster][0m
[36m(ClientAppActor pid=76863)[0m [Client 81] Data split:[32m [repeated 205x across cluster][0m
[36m(ClientAppActor pid=76863)[0m    Train:      174 samples (client-local)[32m [repeated 205x across cluster][0m
[36m(ClientAppActor pid=76863)[0m    Validation: 24 samples (client-local)[32m [repeated 205x across cluster][0m
[36m(ClientAppActor pid=76866)[0m [Client 70] Data split:[32m [repeated 211x across cluster][0m[33m(raylet)[0m [2026-07-26 04:49:22,807 E 76850 9195222] (raylet) file_system_monitor.cc:116: /tmp/ray/session_2026-07-26_03-54-15_074098_76832 is over 95% full, available space: 8.25342 GB; capacity: 452.981 GB. Object creation will fail if spilling is required.
[92mINFO [0m:      aggregate_evaluate: received 1024 results and 0 failures
[92mINFO [0m:      
[92mINFO [0m:      [ROUND 74]
[92mINFO [0m:      configure_fit: strategy sampled 768 clients (out of 1024)
[33m(raylet)[0m [2026-07-26 04:49:32,829 E 76850 9195222] (raylet) file_system_monitor.cc:116: /tmp/ray/session_2026-07-26_03-54-15_074098_76832 is over 95% full, available space: 8.26838 GB; capacity: 452.981 GB. Object creation will fail if spilling is required.
[33m(raylet)[0m [2026-07-26 04:49:42,877 E 76850 9195222] (raylet) file_system_monitor.cc:116: /tmp/ray/session_2026-07-26_03-54-15_074098_76832 is over 95% full, available space: 8.26329 GB; capacity: 452.981 GB. Object creation will fail if spilling is required.
[92mINFO [0m:      aggregate_fit: received 768 results and 0 failures
[92mINFO [0m:      configure_evaluate: strategy sampled 1024 clients (out of 1024)
[33m(raylet)[0m [2026-07-26 04:49:52,902 E 76850 9195222] (raylet) file_system_monitor.cc:116: /tmp/ray/session_2026-07-26_03-54-15_074098_76832 is over 95% full, available space: 8.26191 GB; capacity: 452.981 GB. Object creation will fail if spilling is required.
[33m(raylet)[0m [2026-07-26 04:50:02,951 E 76850 9195222] (raylet) file_system_monitor.cc:116: /tmp/ray/session_2026-07-26_03-54-15_074098_76832 is over 95% full, available space: 8.25731 GB; capacity: 452.981 GB. Object creation will fail if spilling is required.
[92mINFO [0m:      aggregate_evaluate: received 1024 results and 0 failures
[92mINFO [0m:      
[92mINFO [0m:      [ROUND 75]
[92mINFO [0m:      configure_fit: strategy sampled 768 clients (out of 1024)
[33m(raylet)[0m [2026-07-26 04:50:13,018 E 76850 9195222] (raylet) file_system_monitor.cc:116: /tmp/ray/session_2026-07-26_03-54-15_074098_76832 is over 95% full, available space: 8.25682 GB; capacity: 452.981 GB. Object creation will fail if spilling is required.
[33m(raylet)[0m [2026-07-26 04:50:23,099 E 76850 9195222] (raylet) file_system_monitor.cc:116: /tmp/ray/session_2026-07-26_03-54-15_074098_76832 is over 95% full, available space: 8.25065 GB; capacity: 452.981 GB. Object creation will fail if spilling is required.
[92mINFO [0m:      aggregate_fit: received 768 results and 0 failures
[92mINFO [0m:      configure_evaluate: strategy sampled 1024 clients (out of 1024)
[33m(raylet)[0m [2026-07-26 04:50:33,107 E 76850 9195222] (raylet) file_system_monitor.cc:116: /tmp/ray/session_2026-07-26_03-54-15_074098_76832 is over 95% full, available space: 8.24836 GB; capacity: 452.981 GB. Object creation will fail if spilling is required.
[33m(raylet)[0m [2026-07-26 04:50:43,186 E 76850 9195222] (raylet) file_system_monitor.cc:116: /tmp/ray/session_2026-07-26_03-54-15_074098_76832 is over 95% full, available space: 8.24667 GB; capacity: 452.981 GB. Object creation will fail if spilling is required.

[36m(ClientAppActor pid=76866)[0m    Train:      174 samples (client-local)[32m [repeated 211x across cluster][0m
[36m(ClientAppActor pid=76866)[0m    Validation: 24 samples (client-local)[32m [repeated 211x across cluster][0m
[36m(ClientAppActor pid=76865)[0m [Client 981] Data split:[32m [repeated 203x across cluster][0m
[36m(ClientAppActor pid=76865)[0m    Train:      173 samples (client-local)[32m [repeated 203x across cluster][0m
[36m(ClientAppActor pid=76865)[0m    Validation: 24 samples (client-local)[32m [repeated 203x across cluster][0m

📊 Multi-Threshold Aggregation:
   Valid clients: 1024
   Evaluated 12 thresholds:
     Thr=0.15: Rec=0.996, Spec=0.125, F1=0.269
     Thr=0.20: Rec=0.990, Spec=0.221, F1=0.291
     Thr=0.25: Rec=0.979, Spec=0.311, F1=0.314
     ... (+ 9 more)

💾 Round 73: Saved round_73_run_1.json
[36m(ClientAppActor pid=76867)[0m [Client 357] ✅ ci loaded from persistent state
[36m(ClientAppActor pid=76863)[0m [Client 981] Data split:[32m [repeated 202x across cluster][0m
[36m(ClientAppActor pid=76863)[0m    Train:      173 samples (client-local)[32m [repeated 202x across cluster][0m
[36m(ClientAppActor pid=76863)[0m    Validation: 24 samples (client-local)[32m [repeated 202x across cluster][0m
[36m(ClientAppActor pid=76863)[0m [Client 52] ✅ ci loaded from persistent state[32m [repeated 200x across cluster][0m
[36m(ClientAppActor pid=76863)[0m [Client 8] Data split:[32m [repeated 200x across cluster][0m
[36m(ClientAppActor pid=76863)[0m    Train:      174 samples (client-local)[32m [repeated 200x across cluster][0m
[36m(ClientAppActor pid=76863)[0m    Validation: 24 samples (client-local)[32m [repeated 200x across cluster][0m
[36m(ClientAppActor pid=76863)[0m [Client 940] ✅ ci loaded from persistent state[32m [repeated 191x across cluster][0m
[36m(ClientAppActor pid=76862)[0m [Client 486] Data split:[32m [repeated 198x across cluster][0m
[36m(ClientAppActor pid=76862)[0m    Train:      173 samples (client-local)[32m [repeated 198x across cluster][0m
[36m(ClientAppActor pid=76862)[0m    Validation: 24 samples (client-local)[32m [repeated 198x across cluster][0m
[36m(ClientAppActor pid=76864)[0m [Client 266] ✅ ci loaded from persistent state[32m [repeated 203x across cluster][0m
[36m(ClientAppActor pid=76863)[0m [Client 933] Data split:[32m [repeated 208x across cluster][0m
[36m(ClientAppActor pid=76863)[0m    Train:      173 samples (client-local)[32m [repeated 208x across cluster][0m
[36m(ClientAppActor pid=76863)[0m    Validation: 24 samples (client-local)[32m [repeated 208x across cluster][0m
[36m(ClientAppActor pid=76865)[0m 
   💾 Checkpoint saved: result/splits_iid_scaling/splits_iid_1024_clients.json/SCAFFOLD/all_rounds_run_1/model_round_74_run_1.pt
   💾 Checkpoint saved: result/splits_iid_scaling/splits_iid_1024_clients.json/SCAFFOLD/all_rounds_run_1/model_round_74_run_1.pt
🔧 Round 74: Updated c_global from 768 client Δc_i reports (N=1024)
[36m(ClientAppActor pid=76862)[0m [Client 262] ✅ ci loaded from persistent state[32m [repeated 173x across cluster][0m
[36m(ClientAppActor pid=76864)[0m [Client 37] Data split:[32m [repeated 175x across cluster][0m
[36m(ClientAppActor pid=76864)[0m    Train:      174 samples (client-local)[32m [repeated 175x across cluster][0m
[36m(ClientAppActor pid=76864)[0m    Validation: 24 samples (client-local)[32m [repeated 175x across cluster][0m
[36m(ClientAppActor pid=76868)[0m [Client 209] Data split:[32m [repeated 207x across cluster][0m
[36m(ClientAppActor pid=76868)[0m    Train:      174 samples (client-local)[32m [repeated 207x across cluster][0m
[36m(ClientAppActor pid=76868)[0m    Validation: 24 samples (client-local)[32m [repeated 207x across cluster][0m
[36m(ClientAppActor pid=76865)[0m [Client 227] Data split:[32m [repeated 211x across cluster][0m
[36m(ClientAppActor pid=76865)[0m    Train:      174 samples (client-local)[32m [repeated 211x across cluster][0m
[36m(ClientAppActor pid=76865)[0m    Validation: 24 samples (client-local)[32m [repeated 211x across cluster][0m
[36m(ClientAppActor pid=76864)[0m [Client 710] Data split:[32m [repeated 208x across cluster][0m
[36m(ClientAppActor pid=76864)[0m    Train:      173 samples (client-local)[32m [repeated 208x across cluster][0m
[36m(ClientAppActor pid=76864)[0m    Validation: 24 samples (client-local)[32m [repeated 208x across cluster][0m
[36m(ClientAppActor pid=76866)[0m [Client 428] Data split:[32m [repeated 208x across cluster][0m
[36m(ClientAppActor pid=76866)[0m    Train:      173 samples (client-local)[32m [repeated 208x across cluster][0m
[36m(ClientAppActor pid=76866)[0m    Validation: 24 samples (client-local)[32m [repeated 208x across cluster][0m

📊 Multi-Threshold Aggregation:
   Valid clients: 1024
   Evaluated 12 thresholds:
     Thr=0.15: Rec=0.996, Spec=0.126, F1=0.269
     Thr=0.20: Rec=0.990, Spec=0.223, F1=0.291
     Thr=0.25: Rec=0.979, Spec=0.312, F1=0.314
     ... (+ 9 more)

💾 Round 74: Saved round_74_run_1.json
[36m(ClientAppActor pid=76863)[0m [Client 290] ✅ ci loaded from persistent state
[36m(ClientAppActor pid=76863)[0m [Client 860] Data split:[32m [repeated 200x across cluster][0m
[36m(ClientAppActor pid=76863)[0m    Train:      173 samples (client-local)[32m [repeated 200x across cluster][0m
[36m(ClientAppActor pid=76863)[0m    Validation: 24 samples (client-local)[32m [repeated 200x across cluster][0m
[36m(ClientAppActor pid=76863)[0m [Client 447] ✅ ci loaded from persistent state[32m [repeated 205x across cluster][0m
[36m(ClientAppActor pid=76863)[0m [Client 200] Data split:[32m [repeated 210x across cluster][0m
[36m(ClientAppActor pid=76863)[0m    Train:      174 samples (client-local)[32m [repeated 210x across cluster][0m
[36m(ClientAppActor pid=76863)[0m    Validation: 24 samples (client-local)[32m [repeated 210x across cluster][0m
[36m(ClientAppActor pid=76864)[0m [Client 574] ✅ ci loaded from persistent state[32m [repeated 212x across cluster][0m
[36m(ClientAppActor pid=76863)[0m 
[36m(ClientAppActor pid=76862)[0m [Client 840] Data split:[32m [repeated 202x across cluster][0m
[36m(ClientAppActor pid=76862)[0m    Train:      173 samples (client-local)[32m [repeated 202x across cluster][0m
[36m(ClientAppActor pid=76862)[0m    Validation: 24 samples (client-local)[32m [repeated 202x across cluster][0m
[36m(ClientAppActor pid=76862)[0m [Client 828] ✅ ci loaded from persistent state[32m [repeated 198x across cluster][0m
[36m(ClientAppActor pid=76866)[0m [Client 921] Data split:[32m [repeated 206x across cluster][0m
[36m(ClientAppActor pid=76866)[0m    Train:      173 samples (client-local)[32m [repeated 206x across cluster][0m
[36m(ClientAppActor pid=76866)[0m    Validation: 24 samples (client-local)[32m [repeated 206x across cluster][0m
   💾 Checkpoint saved: result/splits_iid_scaling/splits_iid_1024_clients.json/SCAFFOLD/all_rounds_run_1/model_round_75_run_1.pt
   💾 Checkpoint saved: result/splits_iid_scaling/splits_iid_1024_clients.json/SCAFFOLD/all_rounds_run_1/model_round_75_run_1.pt
🔧 Round 75: Updated c_global from 768 client Δc_i reports (N=1024)
[36m(ClientAppActor pid=76866)[0m [Client 921] ✅ ci loaded from persistent state[32m [repeated 152x across cluster][0m
[36m(ClientAppActor pid=76863)[0m [Client 587] Data split:[32m [repeated 164x across cluster][0m
[36m(ClientAppActor pid=76863)[0m    Train:      173 samples (client-local)[32m [repeated 164x across cluster][0m
[36m(ClientAppActor pid=76863)[0m    Validation: 24 samples (client-local)[32m [repeated 164x across cluster][0m
[36m(ClientAppActor pid=76863)[0m 
[36m(ClientAppActor pid=76863)[0m [Client 943] Data split:[32m [repeated 212x across cluster][0m
[36m(ClientAppActor pid=76863)[0m    Train:      173 samples (client-local)[32m [repeated 212x across cluster][0m
[36m(ClientAppActor pid=76863)[0m    Validation: 24 samples (client-local)[32m [repeated 212x across cluster][0m
[36m(ClientAppActor pid=76866)[0m [Client 856] Data split:[32m [repeated 210x across cluster][0m[33m(raylet)[0m [2026-07-26 04:50:53,241 E 76850 9195222] (raylet) file_system_monitor.cc:116: /tmp/ray/session_2026-07-26_03-54-15_074098_76832 is over 95% full, available space: 8.24115 GB; capacity: 452.981 GB. Object creation will fail if spilling is required.
[92mINFO [0m:      aggregate_evaluate: received 1024 results and 0 failures
[92mINFO [0m:      
[92mINFO [0m:      [ROUND 76]
[92mINFO [0m:      configure_fit: strategy sampled 768 clients (out of 1024)
[33m(raylet)[0m [2026-07-26 04:51:03,254 E 76850 9195222] (raylet) file_system_monitor.cc:116: /tmp/ray/session_2026-07-26_03-54-15_074098_76832 is over 95% full, available space: 8.24009 GB; capacity: 452.981 GB. Object creation will fail if spilling is required.
[33m(raylet)[0m [2026-07-26 04:51:13,343 E 76850 9195222] (raylet) file_system_monitor.cc:116: /tmp/ray/session_2026-07-26_03-54-15_074098_76832 is over 95% full, available space: 8.23391 GB; capacity: 452.981 GB. Object creation will fail if spilling is required.
[92mINFO [0m:      aggregate_fit: received 768 results and 0 failures
[92mINFO [0m:      configure_evaluate: strategy sampled 1024 clients (out of 1024)
[33m(raylet)[0m [2026-07-26 04:51:23,378 E 76850 9195222] (raylet) file_system_monitor.cc:116: /tmp/ray/session_2026-07-26_03-54-15_074098_76832 is over 95% full, available space: 8.23161 GB; capacity: 452.981 GB. Object creation will fail if spilling is required.
[33m(raylet)[0m [2026-07-26 04:51:33,400 E 76850 9195222] (raylet) file_system_monitor.cc:116: /tmp/ray/session_2026-07-26_03-54-15_074098_76832 is over 95% full, available space: 8.2257 GB; capacity: 452.981 GB. Object creation will fail if spilling is required.
[92mINFO [0m:      aggregate_evaluate: received 1024 results and 0 failures
[92mINFO [0m:      
[92mINFO [0m:      [ROUND 77]
[92mINFO [0m:      configure_fit: strategy sampled 768 clients (out of 1024)
[33m(raylet)[0m [2026-07-26 04:51:43,438 E 76850 9195222] (raylet) file_system_monitor.cc:116: /tmp/ray/session_2026-07-26_03-54-15_074098_76832 is over 95% full, available space: 8.23909 GB; capacity: 452.981 GB. Object creation will fail if spilling is required.
[33m(raylet)[0m [2026-07-26 04:51:53,504 E 76850 9195222] (raylet) file_system_monitor.cc:116: /tmp/ray/session_2026-07-26_03-54-15_074098_76832 is over 95% full, available space: 8.23669 GB; capacity: 452.981 GB. Object creation will fail if spilling is required.
[92mINFO [0m:      aggregate_fit: received 768 results and 0 failures
[92mINFO [0m:      configure_evaluate: strategy sampled 1024 clients (out of 1024)
[33m(raylet)[0m [2026-07-26 04:52:03,561 E 76850 9195222] (raylet) file_system_monitor.cc:116: /tmp/ray/session_2026-07-26_03-54-15_074098_76832 is over 95% full, available space: 8.23039 GB; capacity: 452.981 GB. Object creation will fail if spilling is required.

[36m(ClientAppActor pid=76866)[0m    Train:      173 samples (client-local)[32m [repeated 210x across cluster][0m
[36m(ClientAppActor pid=76866)[0m    Validation: 24 samples (client-local)[32m [repeated 210x across cluster][0m
[36m(ClientAppActor pid=76863)[0m [Client 195] Data split:[32m [repeated 215x across cluster][0m
[36m(ClientAppActor pid=76863)[0m    Train:      174 samples (client-local)[32m [repeated 215x across cluster][0m
[36m(ClientAppActor pid=76863)[0m    Validation: 24 samples (client-local)[32m [repeated 215x across cluster][0m
[36m(ClientAppActor pid=76863)[0m [Client 968] Data split:[32m [repeated 212x across cluster][0m
[36m(ClientAppActor pid=76863)[0m    Train:      173 samples (client-local)[32m [repeated 212x across cluster][0m
[36m(ClientAppActor pid=76863)[0m    Validation: 24 samples (client-local)[32m [repeated 212x across cluster][0m

📊 Multi-Threshold Aggregation:
   Valid clients: 1024
   Evaluated 12 thresholds:
     Thr=0.15: Rec=0.995, Spec=0.128, F1=0.270
     Thr=0.20: Rec=0.990, Spec=0.224, F1=0.292
     Thr=0.25: Rec=0.979, Spec=0.313, F1=0.315
     ... (+ 9 more)

💾 Round 75: Saved round_75_run_1.json
[36m(ClientAppActor pid=76863)[0m [Client 555] ✅ ci loaded from persistent state
[36m(ClientAppActor pid=76866)[0m [Client 492] Data split:[32m [repeated 199x across cluster][0m
[36m(ClientAppActor pid=76866)[0m    Train:      173 samples (client-local)[32m [repeated 199x across cluster][0m
[36m(ClientAppActor pid=76866)[0m    Validation: 24 samples (client-local)[32m [repeated 199x across cluster][0m
[36m(ClientAppActor pid=76863)[0m [Client 486] ✅ ci loaded from persistent state[32m [repeated 208x across cluster][0m
[36m(ClientAppActor pid=76868)[0m [Client 588] Data split:[32m [repeated 210x across cluster][0m
[36m(ClientAppActor pid=76868)[0m    Train:      173 samples (client-local)[32m [repeated 210x across cluster][0m
[36m(ClientAppActor pid=76868)[0m    Validation: 24 samples (client-local)[32m [repeated 210x across cluster][0m
[36m(ClientAppActor pid=76863)[0m [Client 509] ✅ ci loaded from persistent state[32m [repeated 204x across cluster][0m
[36m(ClientAppActor pid=76863)[0m [Client 329] Data split:[32m [repeated 206x across cluster][0m
[36m(ClientAppActor pid=76863)[0m    Train:      174 samples (client-local)[32m [repeated 206x across cluster][0m
[36m(ClientAppActor pid=76863)[0m    Validation: 24 samples (client-local)[32m [repeated 206x across cluster][0m
[36m(ClientAppActor pid=76863)[0m [Client 731] ✅ ci loaded from persistent state[32m [repeated 213x across cluster][0m
   💾 Checkpoint saved: result/splits_iid_scaling/splits_iid_1024_clients.json/SCAFFOLD/all_rounds_run_1/model_round_76_run_1.pt
   💾 Checkpoint saved: result/splits_iid_scaling/splits_iid_1024_clients.json/SCAFFOLD/all_rounds_run_1/model_round_76_run_1.pt
🔧 Round 76: Updated c_global from 768 client Δc_i reports (N=1024)
[36m(ClientAppActor pid=76863)[0m [Client 766] Data split:[32m [repeated 172x across cluster][0m
[36m(ClientAppActor pid=76863)[0m    Train:      173 samples (client-local)[32m [repeated 172x across cluster][0m
[36m(ClientAppActor pid=76863)[0m    Validation: 24 samples (client-local)[32m [repeated 172x across cluster][0m
[36m(ClientAppActor pid=76862)[0m [Client 52] ✅ ci loaded from persistent state[32m [repeated 142x across cluster][0m
[36m(ClientAppActor pid=76863)[0m [Client 683] Data split:[32m [repeated 201x across cluster][0m
[36m(ClientAppActor pid=76863)[0m    Train:      173 samples (client-local)[32m [repeated 201x across cluster][0m
[36m(ClientAppActor pid=76863)[0m    Validation: 24 samples (client-local)[32m [repeated 201x across cluster][0m
[36m(ClientAppActor pid=76863)[0m [Client 385] Data split:[32m [repeated 212x across cluster][0m
[36m(ClientAppActor pid=76863)[0m    Train:      174 samples (client-local)[32m [repeated 212x across cluster][0m
[36m(ClientAppActor pid=76863)[0m    Validation: 24 samples (client-local)[32m [repeated 212x across cluster][0m
[36m(ClientAppActor pid=76865)[0m [Client 961] Data split:[32m [repeated 211x across cluster][0m
[36m(ClientAppActor pid=76865)[0m    Train:      173 samples (client-local)[32m [repeated 211x across cluster][0m
[36m(ClientAppActor pid=76865)[0m    Validation: 24 samples (client-local)[32m [repeated 211x across cluster][0m
[36m(ClientAppActor pid=76867)[0m [Client 543] Data split:[32m [repeated 213x across cluster][0m
[36m(ClientAppActor pid=76867)[0m    Train:      173 samples (client-local)[32m [repeated 213x across cluster][0m
[36m(ClientAppActor pid=76867)[0m    Validation: 24 samples (client-local)[32m [repeated 213x across cluster][0m

📊 Multi-Threshold Aggregation:
   Valid clients: 1024
   Evaluated 12 thresholds:
     Thr=0.15: Rec=0.995, Spec=0.130, F1=0.270
     Thr=0.20: Rec=0.990, Spec=0.225, F1=0.292
     Thr=0.25: Rec=0.979, Spec=0.314, F1=0.315
     ... (+ 9 more)

💾 Round 76: Saved round_76_run_1.json
[36m(ClientAppActor pid=76864)[0m [Client 830] ✅ ci loaded from persistent state
[36m(ClientAppActor pid=76863)[0m [Client 177] Data split:[32m [repeated 204x across cluster][0m
[36m(ClientAppActor pid=76863)[0m    Train:      174 samples (client-local)[32m [repeated 204x across cluster][0m
[36m(ClientAppActor pid=76863)[0m    Validation: 24 samples (client-local)[32m [repeated 204x across cluster][0m
[36m(ClientAppActor pid=76866)[0m [Client 103] ✅ ci loaded from persistent state[32m [repeated 197x across cluster][0m
[36m(ClientAppActor pid=76863)[0m [Client 219] Data split:[32m [repeated 198x across cluster][0m
[36m(ClientAppActor pid=76863)[0m    Train:      174 samples (client-local)[32m [repeated 198x across cluster][0m
[36m(ClientAppActor pid=76863)[0m    Validation: 24 samples (client-local)[32m [repeated 198x across cluster][0m
[36m(ClientAppActor pid=76867)[0m [Client 590] ✅ ci loaded from persistent state[32m [repeated 206x across cluster][0m
[36m(ClientAppActor pid=76862)[0m [Client 134] Data split:[32m [repeated 204x across cluster][0m
[36m(ClientAppActor pid=76862)[0m    Train:      174 samples (client-local)[32m [repeated 204x across cluster][0m
[36m(ClientAppActor pid=76862)[0m    Validation: 24 samples (client-local)[32m [repeated 204x across cluster][0m
[36m(ClientAppActor pid=76862)[0m [Client 329] ✅ ci loaded from persistent state[32m [repeated 202x across cluster][0m
[36m(ClientAppActor pid=76863)[0m [Client 659] Data split:[32m [repeated 204x across cluster][0m
[36m(ClientAppActor pid=76863)[0m    Train:      173 samples (client-local)[32m [repeated 204x across cluster][0m
[36m(ClientAppActor pid=76863)[0m    Validation: 24 samples (client-local)[32m [repeated 204x across cluster][0m
   💾 Checkpoint saved: result/splits_iid_scaling/splits_iid_1024_clients.json/SCAFFOLD/all_rounds_run_1/model_round_77_run_1.pt
   💾 Checkpoint saved: result/splits_iid_scaling/splits_iid_1024_clients.json/SCAFFOLD/all_rounds_run_1/model_round_77_run_1.pt
🔧 Round 77: Updated c_global from 768 client Δc_i reports (N=1024)
[36m(ClientAppActor pid=76866)[0m [Client 104] ✅ ci loaded from persistent state[32m [repeated 162x across cluster][0m
[36m(ClientAppActor pid=76863)[0m [Client 668] Data split:[32m [repeated 162x across cluster][0m
[36m(ClientAppActor pid=76863)[0m    Train:      173 samples (client-local)[32m [repeated 162x across cluster][0m
[36m(ClientAppActor pid=76863)[0m    Validation: 24 samples (client-local)[32m [repeated 162x across cluster][0m
[36m(ClientAppActor pid=76864)[0m [Client 254] Data split:[32m [repeated 198x across cluster][0m
[36m(ClientAppActor pid=76864)[0m    Train:      174 samples (client-local)[32m [repeated 198x across cluster][0m
[36m(ClientAppActor pid=76864)[0m    Validation: 24 samples (client-local)[32m [repeated 198x across cluster][0m
[36m(ClientAppActor pid=76864)[0m [Client 427] Data split:[32m [repeated 212x across cluster][0m
[36m(ClientAppActor pid=76864)[0m    Train:      173 samples (client-local)[32m [repeated 212x across cluster][0m[33m(raylet)[0m [2026-07-26 04:52:13,628 E 76850 9195222] (raylet) file_system_monitor.cc:116: /tmp/ray/session_2026-07-26_03-54-15_074098_76832 is over 95% full, available space: 8.22929 GB; capacity: 452.981 GB. Object creation will fail if spilling is required.
[33m(raylet)[0m [2026-07-26 04:52:23,640 E 76850 9195222] (raylet) file_system_monitor.cc:116: /tmp/ray/session_2026-07-26_03-54-15_074098_76832 is over 95% full, available space: 8.22365 GB; capacity: 452.981 GB. Object creation will fail if spilling is required.
[92mINFO [0m:      aggregate_evaluate: received 1024 results and 0 failures
[92mINFO [0m:      
[92mINFO [0m:      [ROUND 78]
[92mINFO [0m:      configure_fit: strategy sampled 768 clients (out of 1024)
[33m(raylet)[0m [2026-07-26 04:52:33,657 E 76850 9195222] (raylet) file_system_monitor.cc:116: /tmp/ray/session_2026-07-26_03-54-15_074098_76832 is over 95% full, available space: 8.22174 GB; capacity: 452.981 GB. Object creation will fail if spilling is required.
[33m(raylet)[0m [2026-07-26 04:52:43,704 E 76850 9195222] (raylet) file_system_monitor.cc:116: /tmp/ray/session_2026-07-26_03-54-15_074098_76832 is over 95% full, available space: 8.21943 GB; capacity: 452.981 GB. Object creation will fail if spilling is required.
[92mINFO [0m:      aggregate_fit: received 768 results and 0 failures
[92mINFO [0m:      configure_evaluate: strategy sampled 1024 clients (out of 1024)
[33m(raylet)[0m [2026-07-26 04:52:53,780 E 76850 9195222] (raylet) file_system_monitor.cc:116: /tmp/ray/session_2026-07-26_03-54-15_074098_76832 is over 95% full, available space: 8.21323 GB; capacity: 452.981 GB. Object creation will fail if spilling is required.
[33m(raylet)[0m [2026-07-26 04:53:03,853 E 76850 9195222] (raylet) file_system_monitor.cc:116: /tmp/ray/session_2026-07-26_03-54-15_074098_76832 is over 95% full, available space: 8.21129 GB; capacity: 452.981 GB. Object creation will fail if spilling is required.
[92mINFO [0m:      aggregate_evaluate: received 1024 results and 0 failures
[92mINFO [0m:      
[92mINFO [0m:      [ROUND 79]
[92mINFO [0m:      configure_fit: strategy sampled 768 clients (out of 1024)
[33m(raylet)[0m [2026-07-26 04:53:13,898 E 76850 9195222] (raylet) file_system_monitor.cc:116: /tmp/ray/session_2026-07-26_03-54-15_074098_76832 is over 95% full, available space: 8.22059 GB; capacity: 452.981 GB. Object creation will fail if spilling is required.
[33m(raylet)[0m [2026-07-26 04:53:23,992 E 76850 9195222] (raylet) file_system_monitor.cc:116: /tmp/ray/session_2026-07-26_03-54-15_074098_76832 is over 95% full, available space: 8.21844 GB; capacity: 452.981 GB. Object creation will fail if spilling is required.
[92mINFO [0m:      aggregate_fit: received 768 results and 0 failures
[92mINFO [0m:      configure_evaluate: strategy sampled 1024 clients (out of 1024)
[33m(raylet)[0m [2026-07-26 04:53:34,020 E 76850 9195222] (raylet) file_system_monitor.cc:116: /tmp/ray/session_2026-07-26_03-54-15_074098_76832 is over 95% full, available space: 8.21218 GB; capacity: 452.981 GB. Object creation will fail if spilling is required.

[36m(ClientAppActor pid=76864)[0m    Validation: 24 samples (client-local)[32m [repeated 212x across cluster][0m
[36m(ClientAppActor pid=76864)[0m [Client 408] Data split:[32m [repeated 210x across cluster][0m
[36m(ClientAppActor pid=76864)[0m    Train:      174 samples (client-local)[32m [repeated 210x across cluster][0m
[36m(ClientAppActor pid=76864)[0m    Validation: 24 samples (client-local)[32m [repeated 210x across cluster][0m
[36m(ClientAppActor pid=76863)[0m [Client 177] Data split:[32m [repeated 212x across cluster][0m
[36m(ClientAppActor pid=76863)[0m    Train:      174 samples (client-local)[32m [repeated 212x across cluster][0m
[36m(ClientAppActor pid=76863)[0m    Validation: 24 samples (client-local)[32m [repeated 212x across cluster][0m

📊 Multi-Threshold Aggregation:
   Valid clients: 1024
   Evaluated 12 thresholds:
     Thr=0.15: Rec=0.995, Spec=0.132, F1=0.271
     Thr=0.20: Rec=0.990, Spec=0.227, F1=0.293
     Thr=0.25: Rec=0.978, Spec=0.316, F1=0.315
     ... (+ 9 more)

💾 Round 77: Saved round_77_run_1.json
[36m(ClientAppActor pid=76863)[0m [Client 443] ✅ ci loaded from persistent state
[36m(ClientAppActor pid=76863)[0m [Client 213] Data split:[32m [repeated 205x across cluster][0m
[36m(ClientAppActor pid=76863)[0m    Train:      174 samples (client-local)[32m [repeated 205x across cluster][0m
[36m(ClientAppActor pid=76863)[0m    Validation: 24 samples (client-local)[32m [repeated 205x across cluster][0m
[36m(ClientAppActor pid=76863)[0m [Client 786] ✅ ci loaded from persistent state[32m [repeated 203x across cluster][0m
[36m(ClientAppActor pid=76862)[0m [Client 511] Data split:[32m [repeated 203x across cluster][0m
[36m(ClientAppActor pid=76862)[0m    Train:      173 samples (client-local)[32m [repeated 203x across cluster][0m
[36m(ClientAppActor pid=76862)[0m    Validation: 24 samples (client-local)[32m [repeated 203x across cluster][0m
[36m(ClientAppActor pid=76863)[0m [Client 312] ✅ ci loaded from persistent state[32m [repeated 206x across cluster][0m
[36m(ClientAppActor pid=76862)[0m [Client 334] Data split:[32m [repeated 204x across cluster][0m
[36m(ClientAppActor pid=76862)[0m    Train:      174 samples (client-local)[32m [repeated 204x across cluster][0m
[36m(ClientAppActor pid=76862)[0m    Validation: 24 samples (client-local)[32m [repeated 204x across cluster][0m
[36m(ClientAppActor pid=76863)[0m [Client 224] ✅ ci loaded from persistent state[32m [repeated 207x across cluster][0m
[36m(ClientAppActor pid=76863)[0m [Client 579] Data split:[32m [repeated 201x across cluster][0m
[36m(ClientAppActor pid=76863)[0m    Train:      173 samples (client-local)[32m [repeated 201x across cluster][0m
[36m(ClientAppActor pid=76863)[0m    Validation: 24 samples (client-local)[32m [repeated 201x across cluster][0m
   💾 Checkpoint saved: result/splits_iid_scaling/splits_iid_1024_clients.json/SCAFFOLD/all_rounds_run_1/model_round_78_run_1.pt
   💾 Checkpoint saved: result/splits_iid_scaling/splits_iid_1024_clients.json/SCAFFOLD/all_rounds_run_1/model_round_78_run_1.pt
🔧 Round 78: Updated c_global from 768 client Δc_i reports (N=1024)
[36m(ClientAppActor pid=76865)[0m [Client 710] ✅ ci loaded from persistent state[32m [repeated 151x across cluster][0m
[36m(ClientAppActor pid=76863)[0m [Client 659] Data split:[32m [repeated 169x across cluster][0m
[36m(ClientAppActor pid=76863)[0m    Train:      173 samples (client-local)[32m [repeated 169x across cluster][0m
[36m(ClientAppActor pid=76863)[0m    Validation: 24 samples (client-local)[32m [repeated 169x across cluster][0m
[36m(ClientAppActor pid=76865)[0m [Client 831] Data split:[32m [repeated 212x across cluster][0m
[36m(ClientAppActor pid=76865)[0m    Train:      173 samples (client-local)[32m [repeated 212x across cluster][0m
[36m(ClientAppActor pid=76865)[0m    Validation: 24 samples (client-local)[32m [repeated 212x across cluster][0m
[36m(ClientAppActor pid=76862)[0m [Client 741] Data split:[32m [repeated 212x across cluster][0m
[36m(ClientAppActor pid=76862)[0m    Train:      173 samples (client-local)[32m [repeated 212x across cluster][0m
[36m(ClientAppActor pid=76862)[0m    Validation: 24 samples (client-local)[32m [repeated 212x across cluster][0m
[36m(ClientAppActor pid=76863)[0m [Client 430] Data split:[32m [repeated 208x across cluster][0m
[36m(ClientAppActor pid=76863)[0m    Train:      173 samples (client-local)[32m [repeated 208x across cluster][0m
[36m(ClientAppActor pid=76863)[0m    Validation: 24 samples (client-local)[32m [repeated 208x across cluster][0m
[36m(ClientAppActor pid=76863)[0m [Client 819] Data split:[32m [repeated 213x across cluster][0m
[36m(ClientAppActor pid=76863)[0m    Train:      173 samples (client-local)[32m [repeated 213x across cluster][0m
[36m(ClientAppActor pid=76863)[0m    Validation: 24 samples (client-local)[32m [repeated 213x across cluster][0m

📊 Multi-Threshold Aggregation:
   Valid clients: 1024
   Evaluated 12 thresholds:
     Thr=0.15: Rec=0.995, Spec=0.134, F1=0.271
     Thr=0.20: Rec=0.990, Spec=0.228, F1=0.293
     Thr=0.25: Rec=0.978, Spec=0.317, F1=0.316
     ... (+ 9 more)

💾 Round 78: Saved round_78_run_1.json
[36m(ClientAppActor pid=76865)[0m [Client 56] ✅ ci loaded from persistent state
[36m(ClientAppActor pid=76864)[0m [Client 960] Data split:[32m [repeated 190x across cluster][0m
[36m(ClientAppActor pid=76864)[0m    Train:      173 samples (client-local)[32m [repeated 190x across cluster][0m
[36m(ClientAppActor pid=76864)[0m    Validation: 24 samples (client-local)[32m [repeated 190x across cluster][0m
[36m(ClientAppActor pid=76863)[0m [Client 856] ✅ ci loaded from persistent state[32m [repeated 210x across cluster][0m
[36m(ClientAppActor pid=76863)[0m [Client 577] Data split:[32m [repeated 208x across cluster][0m
[36m(ClientAppActor pid=76863)[0m    Train:      173 samples (client-local)[32m [repeated 208x across cluster][0m
[36m(ClientAppActor pid=76863)[0m    Validation: 24 samples (client-local)[32m [repeated 208x across cluster][0m
[36m(ClientAppActor pid=76863)[0m [Client 486] ✅ ci loaded from persistent state[32m [repeated 215x across cluster][0m
[36m(ClientAppActor pid=76866)[0m [Client 236] Data split:[32m [repeated 215x across cluster][0m
[36m(ClientAppActor pid=76866)[0m    Train:      174 samples (client-local)[32m [repeated 215x across cluster][0m
[36m(ClientAppActor pid=76866)[0m    Validation: 24 samples (client-local)[32m [repeated 215x across cluster][0m
[36m(ClientAppActor pid=76863)[0m [Client 345] ✅ ci loaded from persistent state[32m [repeated 206x across cluster][0m
[36m(ClientAppActor pid=76862)[0m [Client 78] Data split:[32m [repeated 204x across cluster][0m
[36m(ClientAppActor pid=76862)[0m    Train:      174 samples (client-local)[32m [repeated 204x across cluster][0m
[36m(ClientAppActor pid=76862)[0m    Validation: 24 samples (client-local)[32m [repeated 204x across cluster][0m
   💾 Checkpoint saved: result/splits_iid_scaling/splits_iid_1024_clients.json/SCAFFOLD/all_rounds_run_1/model_round_79_run_1.pt
   💾 Checkpoint saved: result/splits_iid_scaling/splits_iid_1024_clients.json/SCAFFOLD/all_rounds_run_1/model_round_79_run_1.pt
🔧 Round 79: Updated c_global from 768 client Δc_i reports (N=1024)
[36m(ClientAppActor pid=76865)[0m [Client 62] ✅ ci loaded from persistent state[32m [repeated 136x across cluster][0m
[36m(ClientAppActor pid=76865)[0m [Client 221] Data split:[32m [repeated 173x across cluster][0m
[36m(ClientAppActor pid=76865)[0m    Train:      174 samples (client-local)[32m [repeated 173x across cluster][0m
[36m(ClientAppActor pid=76865)[0m    Validation: 24 samples (client-local)[32m [repeated 173x across cluster][0m
[36m(ClientAppActor pid=76865)[0m [Client 329] Data split:[32m [repeated 207x across cluster][0m
[36m(ClientAppActor pid=76865)[0m    Train:      174 samples (client-local)[32m [repeated 207x across cluster][0m
[36m(ClientAppActor pid=76865)[0m    Validation: 24 samples (client-local)[32m [repeated 207x across cluster][0m[33m(raylet)[0m [2026-07-26 04:53:44,033 E 76850 9195222] (raylet) file_system_monitor.cc:116: /tmp/ray/session_2026-07-26_03-54-15_074098_76832 is over 95% full, available space: 8.20994 GB; capacity: 452.981 GB. Object creation will fail if spilling is required.
[92mINFO [0m:      aggregate_evaluate: received 1024 results and 0 failures
[92mINFO [0m:      
[92mINFO [0m:      [ROUND 80]
[92mINFO [0m:      configure_fit: strategy sampled 768 clients (out of 1024)
[33m(raylet)[0m [2026-07-26 04:53:54,101 E 76850 9195222] (raylet) file_system_monitor.cc:116: /tmp/ray/session_2026-07-26_03-54-15_074098_76832 is over 95% full, available space: 8.20481 GB; capacity: 452.981 GB. Object creation will fail if spilling is required.
[33m(raylet)[0m [2026-07-26 04:54:04,147 E 76850 9195222] (raylet) file_system_monitor.cc:116: /tmp/ray/session_2026-07-26_03-54-15_074098_76832 is over 95% full, available space: 8.20272 GB; capacity: 452.981 GB. Object creation will fail if spilling is required.
[92mINFO [0m:      aggregate_fit: received 768 results and 0 failures
[92mINFO [0m:      configure_evaluate: strategy sampled 1024 clients (out of 1024)
[33m(raylet)[0m [2026-07-26 04:54:14,247 E 76850 9195222] (raylet) file_system_monitor.cc:116: /tmp/ray/session_2026-07-26_03-54-15_074098_76832 is over 95% full, available space: 8.20042 GB; capacity: 452.981 GB. Object creation will fail if spilling is required.
[33m(raylet)[0m [2026-07-26 04:54:24,300 E 76850 9195222] (raylet) file_system_monitor.cc:116: /tmp/ray/session_2026-07-26_03-54-15_074098_76832 is over 95% full, available space: 8.15521 GB; capacity: 452.981 GB. Object creation will fail if spilling is required.
[33m(raylet)[0m [2026-07-26 04:54:34,337 E 76850 9195222] (raylet) file_system_monitor.cc:116: /tmp/ray/session_2026-07-26_03-54-15_074098_76832 is over 95% full, available space: 8.15343 GB; capacity: 452.981 GB. Object creation will fail if spilling is required.
[92mINFO [0m:      aggregate_evaluate: received 1024 results and 0 failures
[92mINFO [0m:      
[92mINFO [0m:      [ROUND 81]
[92mINFO [0m:      configure_fit: strategy sampled 768 clients (out of 1024)
[33m(raylet)[0m [2026-07-26 04:54:44,428 E 76850 9195222] (raylet) file_system_monitor.cc:116: /tmp/ray/session_2026-07-26_03-54-15_074098_76832 is over 95% full, available space: 8.14817 GB; capacity: 452.981 GB. Object creation will fail if spilling is required.
[33m(raylet)[0m [2026-07-26 04:54:54,490 E 76850 9195222] (raylet) file_system_monitor.cc:116: /tmp/ray/session_2026-07-26_03-54-15_074098_76832 is over 95% full, available space: 8.15782 GB; capacity: 452.981 GB. Object creation will fail if spilling is required.
[92mINFO [0m:      aggregate_fit: received 768 results and 0 failures
[92mINFO [0m:      configure_evaluate: strategy sampled 1024 clients (out of 1024)
[33m(raylet)[0m [2026-07-26 04:55:04,506 E 76850 9195222] (raylet) file_system_monitor.cc:116: /tmp/ray/session_2026-07-26_03-54-15_074098_76832 is over 95% full, available space: 8.15191 GB; capacity: 452.981 GB. Object creation will fail if spilling is required.

[36m(ClientAppActor pid=76863)[0m [Client 541] Data split:[32m [repeated 209x across cluster][0m
[36m(ClientAppActor pid=76863)[0m    Train:      173 samples (client-local)[32m [repeated 209x across cluster][0m
[36m(ClientAppActor pid=76863)[0m    Validation: 24 samples (client-local)[32m [repeated 209x across cluster][0m
[36m(ClientAppActor pid=76863)[0m [Client 437] Data split:[32m [repeated 211x across cluster][0m
[36m(ClientAppActor pid=76863)[0m    Train:      173 samples (client-local)[32m [repeated 211x across cluster][0m
[36m(ClientAppActor pid=76863)[0m    Validation: 24 samples (client-local)[32m [repeated 211x across cluster][0m
[36m(ClientAppActor pid=76863)[0m [Client 654] Data split:[32m [repeated 213x across cluster][0m
[36m(ClientAppActor pid=76863)[0m    Train:      173 samples (client-local)[32m [repeated 213x across cluster][0m
[36m(ClientAppActor pid=76863)[0m    Validation: 24 samples (client-local)[32m [repeated 213x across cluster][0m

📊 Multi-Threshold Aggregation:
   Valid clients: 1024
   Evaluated 12 thresholds:
     Thr=0.15: Rec=0.995, Spec=0.135, F1=0.271
     Thr=0.20: Rec=0.990, Spec=0.230, F1=0.293
     Thr=0.25: Rec=0.977, Spec=0.318, F1=0.316
     ... (+ 9 more)

💾 Round 79: Saved round_79_run_1.json
[36m(ClientAppActor pid=76863)[0m [Client 379] ✅ ci loaded from persistent state
[36m(ClientAppActor pid=76863)[0m [Client 648] Data split:[32m [repeated 196x across cluster][0m
[36m(ClientAppActor pid=76863)[0m    Train:      173 samples (client-local)[32m [repeated 196x across cluster][0m
[36m(ClientAppActor pid=76863)[0m    Validation: 24 samples (client-local)[32m [repeated 196x across cluster][0m
[36m(ClientAppActor pid=76863)[0m [Client 703] ✅ ci loaded from persistent state[32m [repeated 208x across cluster][0m
[36m(ClientAppActor pid=76867)[0m [Client 622] Data split:[32m [repeated 206x across cluster][0m
[36m(ClientAppActor pid=76867)[0m    Train:      173 samples (client-local)[32m [repeated 206x across cluster][0m
[36m(ClientAppActor pid=76867)[0m    Validation: 24 samples (client-local)[32m [repeated 206x across cluster][0m
[36m(ClientAppActor pid=76864)[0m [Client 634] ✅ ci loaded from persistent state[32m [repeated 208x across cluster][0m
[36m(ClientAppActor pid=76864)[0m [Client 234] Data split:[32m [repeated 199x across cluster][0m
[36m(ClientAppActor pid=76864)[0m    Train:      174 samples (client-local)[32m [repeated 199x across cluster][0m
[36m(ClientAppActor pid=76864)[0m    Validation: 24 samples (client-local)[32m [repeated 199x across cluster][0m
[36m(ClientAppActor pid=76864)[0m [Client 688] ✅ ci loaded from persistent state[32m [repeated 196x across cluster][0m
[36m(ClientAppActor pid=76862)[0m [Client 9] Data split:[32m [repeated 196x across cluster][0m
[36m(ClientAppActor pid=76862)[0m    Train:      174 samples (client-local)[32m [repeated 196x across cluster][0m
[36m(ClientAppActor pid=76862)[0m    Validation: 24 samples (client-local)[32m [repeated 196x across cluster][0m
   💾 Checkpoint saved: result/splits_iid_scaling/splits_iid_1024_clients.json/SCAFFOLD/all_rounds_run_1/model_round_80_run_1.pt
   💾 Checkpoint saved: result/splits_iid_scaling/splits_iid_1024_clients.json/SCAFFOLD/all_rounds_run_1/model_round_80_run_1.pt
🔧 Round 80: Updated c_global from 768 client Δc_i reports (N=1024)
[36m(ClientAppActor pid=76862)[0m [Client 843] ✅ ci loaded from persistent state[32m [repeated 155x across cluster][0m
[36m(ClientAppActor pid=76863)[0m [Client 78] Data split:[32m [repeated 150x across cluster][0m
[36m(ClientAppActor pid=76863)[0m    Train:      174 samples (client-local)[32m [repeated 150x across cluster][0m
[36m(ClientAppActor pid=76863)[0m    Validation: 24 samples (client-local)[32m [repeated 150x across cluster][0m
[36m(ClientAppActor pid=76863)[0m [Client 559] Data split:[32m [repeated 206x across cluster][0m
[36m(ClientAppActor pid=76863)[0m    Train:      173 samples (client-local)[32m [repeated 206x across cluster][0m
[36m(ClientAppActor pid=76863)[0m    Validation: 24 samples (client-local)[32m [repeated 206x across cluster][0m
[36m(ClientAppActor pid=76864)[0m [Client 909] Data split:[32m [repeated 215x across cluster][0m
[36m(ClientAppActor pid=76864)[0m    Train:      173 samples (client-local)[32m [repeated 215x across cluster][0m
[36m(ClientAppActor pid=76864)[0m    Validation: 24 samples (client-local)[32m [repeated 215x across cluster][0m
[36m(ClientAppActor pid=76865)[0m [Client 875] Data split:[32m [repeated 215x across cluster][0m
[36m(ClientAppActor pid=76865)[0m    Train:      173 samples (client-local)[32m [repeated 215x across cluster][0m
[36m(ClientAppActor pid=76865)[0m    Validation: 24 samples (client-local)[32m [repeated 215x across cluster][0m
[36m(ClientAppActor pid=76863)[0m [Client 811] Data split:[32m [repeated 215x across cluster][0m
[36m(ClientAppActor pid=76863)[0m    Train:      173 samples (client-local)[32m [repeated 215x across cluster][0m
[36m(ClientAppActor pid=76863)[0m    Validation: 24 samples (client-local)[32m [repeated 215x across cluster][0m

📊 Multi-Threshold Aggregation:
   Valid clients: 1024
   Evaluated 12 thresholds:
     Thr=0.15: Rec=0.995, Spec=0.137, F1=0.272
     Thr=0.20: Rec=0.989, Spec=0.231, F1=0.294
     Thr=0.25: Rec=0.977, Spec=0.319, F1=0.316
     ... (+ 9 more)

💾 Round 80: Saved round_80_run_1.json
[36m(ClientAppActor pid=76863)[0m [Client 546] ✅ ci loaded from persistent state
[36m(ClientAppActor pid=76862)[0m [Client 840] Data split:[32m [repeated 207x across cluster][0m
[36m(ClientAppActor pid=76862)[0m    Train:      173 samples (client-local)[32m [repeated 207x across cluster][0m
[36m(ClientAppActor pid=76862)[0m    Validation: 24 samples (client-local)[32m [repeated 207x across cluster][0m
[36m(ClientAppActor pid=76864)[0m [Client 523] ✅ ci loaded from persistent state[32m [repeated 211x across cluster][0m
[36m(ClientAppActor pid=76863)[0m [Client 404] Data split:[32m [repeated 207x across cluster][0m
[36m(ClientAppActor pid=76863)[0m    Train:      174 samples (client-local)[32m [repeated 207x across cluster][0m
[36m(ClientAppActor pid=76863)[0m    Validation: 24 samples (client-local)[32m [repeated 207x across cluster][0m
[36m(ClientAppActor pid=76868)[0m [Client 926] ✅ ci loaded from persistent state[32m [repeated 199x across cluster][0m
[36m(ClientAppActor pid=76865)[0m [Client 743] Data split:[32m [repeated 205x across cluster][0m
[36m(ClientAppActor pid=76865)[0m    Train:      173 samples (client-local)[32m [repeated 205x across cluster][0m
[36m(ClientAppActor pid=76865)[0m    Validation: 24 samples (client-local)[32m [repeated 205x across cluster][0m
[36m(ClientAppActor pid=76863)[0m [Client 684] ✅ ci loaded from persistent state[32m [repeated 199x across cluster][0m
[36m(ClientAppActor pid=76868)[0m [Client 655] Data split:[32m [repeated 203x across cluster][0m
[36m(ClientAppActor pid=76868)[0m    Train:      173 samples (client-local)[32m [repeated 203x across cluster][0m
[36m(ClientAppActor pid=76868)[0m    Validation: 24 samples (client-local)[32m [repeated 203x across cluster][0m
   💾 Checkpoint saved: result/splits_iid_scaling/splits_iid_1024_clients.json/SCAFFOLD/all_rounds_run_1/model_round_81_run_1.pt
   💾 Checkpoint saved: result/splits_iid_scaling/splits_iid_1024_clients.json/SCAFFOLD/all_rounds_run_1/model_round_81_run_1.pt
🔧 Round 81: Updated c_global from 768 client Δc_i reports (N=1024)
[36m(ClientAppActor pid=76867)[0m [Client 399] ✅ ci loaded from persistent state[32m [repeated 158x across cluster][0m
[36m(ClientAppActor pid=76863)[0m [Client 782] Data split:[32m [repeated 174x across cluster][0m
[36m(ClientAppActor pid=76863)[0m    Train:      173 samples (client-local)[32m [repeated 174x across cluster][0m
[36m(ClientAppActor pid=76863)[0m    Validation: 24 samples (client-local)[32m [repeated 174x across cluster][0m
[36m(ClientAppActor pid=76863)[0m [Client 358] Data split:[32m [repeated 212x across cluster][0m[33m(raylet)[0m [2026-07-26 04:55:14,595 E 76850 9195222] (raylet) file_system_monitor.cc:116: /tmp/ray/session_2026-07-26_03-54-15_074098_76832 is over 95% full, available space: 8.14585 GB; capacity: 452.981 GB. Object creation will fail if spilling is required.
[92mINFO [0m:      aggregate_evaluate: received 1024 results and 0 failures
[92mINFO [0m:      
[92mINFO [0m:      [SUMMARY]
[92mINFO [0m:      Run finished 81 round(s) in 3662.84s
[92mINFO [0m:      	History (loss, distributed):
[92mINFO [0m:      		round 1: 0.6706307770062305
[92mINFO [0m:      		round 10: 0.5920904861267942
[92mINFO [0m:      		round 20: 0.5586864208994661
[92mINFO [0m:      		round 30: 0.5438328357721796
[92mINFO [0m:      		round 40: 0.5358418906028246
[92mINFO [0m:      		round 50: 0.5308796226724545
[92mINFO [0m:      		round 60: 0.5274569943984274
[92mINFO [0m:      		round 70: 0.5249158111290765
[92mINFO [0m:      		round 71: 0.5246951577087112
[92mINFO [0m:      		round 72: 0.5244810365514024
[92mINFO [0m:      		round 73: 0.524271359605505
[92mINFO [0m:      		round 74: 0.5240662626308885
[92mINFO [0m:      		round 75: 0.5238659471809131
[92mINFO [0m:      		round 76: 0.5236698300943357
[92mINFO [0m:      		round 77: 0.523477963786026
[92mINFO [0m:      		round 78: 0.5232900143543728
[92mINFO [0m:      		round 79: 0.5231060922258625
[92mINFO [0m:      		round 80: 0.5229262944906528
[92mINFO [0m:      		round 81: 0.5227498568615602
[92mINFO [0m:      	History (metrics, distributed, fit):
[92mINFO [0m:      	{'fit_accuracy': [(1, 0.21972546987752772),
[92mINFO [0m:      	                  (2, 0.13938358735640813),
[92mINFO [0m:      	                  (3, 0.1406871799492424),
[92mINFO [0m:      	                  (4, 0.15260383818362014),
[92mINFO [0m:      	                  (5, 0.21867960231880576),
[92mINFO [0m:      	                  (6, 0.31363206271965394),
[92mINFO [0m:      	                  (7, 0.3912783930917965),
[92mINFO [0m:      	                  (8, 0.4399813767675175),
[92mINFO [0m:      	                  (9, 0.4753125351954049),
[92mINFO [0m:      	                  (10, 0.5007883770694898),
[92mINFO [0m:      	                  (11, 0.5227786413161827),
[92mINFO [0m:      	                  (12, 0.5383907856107761),
[92mINFO [0m:      	                  (13, 0.5515485978150693),
[92mINFO [0m:      	                  (14, 0.5643446530869667),
[92mINFO [0m:      	                  (15, 0.5742587267143705),
[92mINFO [0m:      	                  (16, 0.5813079551000488),
[92mINFO [0m:      	                  (17, 0.5882516369315792),
[92mINFO [0m:      	                  (18, 0.5941430448657781),
[92mINFO [0m:      	                  (19, 0.599296425058381),
[92mINFO [0m:      	                  (20, 0.605069335475588),
[92mINFO [0m:      	                  (21, 0.608595756183268),
[92mINFO [0m:      	                  (22, 0.6143575880453556),
[92mINFO [0m:      	                  (23, 0.6162012809057941),
[92mINFO [0m:      	                  (24, 0.6187290718801147),
[92mINFO [0m:      	                  (25, 0.6223431012605957),
[92mINFO [0m:      	                  (26, 0.6241957159910806),
[92mINFO [0m:      	                  (27, 0.6275863363363363),
[92mINFO [0m:      	                  (28, 0.627600705785186),
[92mINFO [0m:      	                  (29, 0.6312204792406642),
[92mINFO [0m:      	                  (30, 0.6318148712673539),
[92mINFO [0m:      	                  (31, 0.6352619644707401),
[92mINFO [0m:      	                  (32, 0.636201187785778),
[92mINFO [0m:      	                  (33, 0.6378006847052464),
[92mINFO [0m:      	                  (34, 0.6380153187654877),
[92mINFO [0m:      	                  (35, 0.6397619762727136),
[92mINFO [0m:      	                  (36, 0.6418327889777378),
[92mINFO [0m:      	                  (37, 0.6425514341492716),
[92mINFO [0m:      	                  (38, 0.6440451429300855),
[92mINFO [0m:      	                  (39, 0.6443981377187055),
[92mINFO [0m:      	                  (40, 0.646337067852101),
[92mINFO [0m:      	                  (41, 0.6461441431971588),
[92mINFO [0m:      	                  (42, 0.6459897585295531),
[92mINFO [0m:      	                  (43, 0.647768825883572),
[92mINFO [0m:      	                  (44, 0.6491568562676437),
[92mINFO [0m:      	                  (45, 0.6503848319879857),
[92mINFO [0m:      	                  (46, 0.6500116381219825),
[92mINFO [0m:      	                  (47, 0.6496602470248151),
[92mINFO [0m:      	                  (48, 0.6498483232966406),
[92mINFO [0m:      	                  (49, 0.6514457550888627),
[92mINFO [0m:      	                  (50, 0.6527021648857484),
[92mINFO [0m:      	                  (51, 0.65287257927658),
[92mINFO [0m:      	                  (52, 0.6521396337205373),
[92mINFO [0m:      	                  (53, 0.6527391911576987),
[92mINFO [0m:      	                  (54, 0.6531244368354658),
[92mINFO [0m:      	                  (55, 0.6542969776609724),
[92mINFO [0m:      	                  (56, 0.6528397230857023),
[92mINFO [0m:      	                  (57, 0.6542236071482205),
[92mINFO [0m:      	                  (58, 0.6550307854032137),
[92mINFO [0m:      	                  (59, 0.6557349352355922),
[92mINFO [0m:      	                  (60, 0.6565484772030996),
[92mINFO [0m:      	                  (61, 0.6568813676394405),
[92mINFO [0m:      	                  (62, 0.6564837062622015),
[92mINFO [0m:      	                  (63, 0.6568089324062533),
[92mINFO [0m:      	                  (64, 0.6573488005406014),
[92mINFO [0m:      	                  (65, 0.6574019147737938),
[92mINFO [0m:      	                  (66, 0.6563837455512006),
[92mINFO [0m:      	                  (67, 0.6564893521160604),
[92mINFO [0m:      	                  (68, 0.6587199086936281),
[92mINFO [0m:      	                  (69, 0.6583825748759263),
[92mINFO [0m:      	                  (70, 0.6590960282303476),
[92mINFO [0m:      	                  (71, 0.6598181572466815),
[92mINFO [0m:      	                  (72, 0.6585185463282776),
[92mINFO [0m:      	                  (73, 0.6579273374327094),
[92mINFO [0m:      	                  (74, 0.658496020423487),
[92mINFO [0m:      	                  (75, 0.657988196780394),
[92mINFO [0m:      	                  (76, 0.6581132727149861),
[92mINFO [0m:      	                  (77, 0.6588231318569916),
[92mINFO [0m:      	                  (78, 0.659596194709535),
[92mINFO [0m:      	                  (79, 0.6601537572167542),
[92mINFO [0m:      	                  (80, 0.6606969881282242),
[92mINFO [0m:      	                  (81, 0.6607798526794765)],
[92mINFO [0m:      	 'fit_loss': [(1, 0.6846872914652732),
[92mINFO [0m:      	              (2, 0.6524723792724562),
[92mINFO [0m:      	              (3, 0.6383482096936477),
[92mINFO [0m:      	              (4, 0.6273523839075086),
[92mINFO [0m:      	              (5, 0.6185784237870793),
[92mINFO [0m:      	              (6, 0.6092160018264168),
[92mINFO [0m:      	              (7, 0.6017891262639233),
[92mINFO [0m:      	              (8, 0.5954742511694908),
[92mINFO [0m:      	              (9, 0.5878364709085336),
[92mINFO [0m:      	              (10, 0.5839573601618737),
[92mINFO [0m:      	              (11, 0.5773402682492323),
[92mINFO [0m:      	              (12, 0.5735081450935267),
[92mINFO [0m:      	              (13, 0.5696812266427332),
[92mINFO [0m:      	              (14, 0.5657865485503035),
[92mINFO [0m:      	              (15, 0.5623984284574827),
[92mINFO [0m:      	              (16, 0.5592046233625989),
[92mINFO [0m:      	              (17, 0.5566840968871009),
[92mINFO [0m:      	              (18, 0.5539092149902558),
[92mINFO [0m:      	              (19, 0.5520248530292845),
[92mINFO [0m:      	              (20, 0.5491505069581875),
[92mINFO [0m:      	              (21, 0.5477362998843934),
[92mINFO [0m:      	              (22, 0.54367804059066),
[92mINFO [0m:      	              (23, 0.5430307879048126),
[92mINFO [0m:      	              (24, 0.5433937515862355),
[92mINFO [0m:      	              (25, 0.5407040208333544),
[92mINFO [0m:      	              (26, 0.540238640306711),
[92mINFO [0m:      	              (27, 0.5375476429440282),
[92mINFO [0m:      	              (28, 0.5380959459871761),
[92mINFO [0m:      	              (29, 0.5347303271652605),
[92mINFO [0m:      	              (30, 0.5351119070802577),
[92mINFO [0m:      	              (31, 0.5322313007933578),
[92mINFO [0m:      	              (32, 0.531788557142348),
[92mINFO [0m:      	              (33, 0.5310848773098805),
[92mINFO [0m:      	              (34, 0.5309553476010633),
[92mINFO [0m:      	              (35, 0.5302067078672376),
[92mINFO [0m:      	              (36, 0.5284302127052724),
[92mINFO [0m:      	              (37, 0.5270758772847629),
[92mINFO [0m:      	              (38, 0.5273261878503821),
[92mINFO [0m:      	              (39, 0.5272455509186122),
[92mINFO [0m:      	              (40, 0.5260911788655467),
[92mINFO [0m:      	              (41, 0.5251416760976368),
[92mINFO [0m:      	              (42, 0.5265182657463808),
[92mINFO [0m:      	              (43, 0.5240236994248669),
[92mINFO [0m:      	              (44, 0.5241469560951018),
[92mINFO [0m:      	              (45, 0.5224947258243199),
[92mINFO [0m:      	              (46, 0.5223697326726015),
[92mINFO [0m:      	              (47, 0.5223997122590399),
[92mINFO [0m:      	              (48, 0.5233620934562188),
[92mINFO [0m:      	              (49, 0.5220030743241088),
[92mINFO [0m:      	              (50, 0.5216060465479109),
[92mINFO [0m:      	              (51, 0.520014543374947),
[92mINFO [0m:      	              (52, 0.5207204895053519),
[92mINFO [0m:      	              (53, 0.519914224288007),
[92mINFO [0m:      	              (54, 0.5200310050589704),
[92mINFO [0m:      	              (55, 0.5190429539705769),
[92mINFO [0m:      	              (56, 0.5214178587392294),
[92mINFO [0m:      	              (57, 0.5191559514723117),
[92mINFO [0m:      	              (58, 0.5182318944359241),
[92mINFO [0m:      	              (59, 0.517662848159545),
[92mINFO [0m:      	              (60, 0.5173150615413853),
[92mINFO [0m:      	              (61, 0.5179559620507292),
[92mINFO [0m:      	              (62, 0.5185354708156162),
[92mINFO [0m:      	              (63, 0.5170084186225355),
[92mINFO [0m:      	              (64, 0.5171482012677748),
[92mINFO [0m:      	              (65, 0.5157186487162115),
[92mINFO [0m:      	              (66, 0.5176035585310005),
[92mINFO [0m:      	              (67, 0.5172700797992674),
[92mINFO [0m:      	              (68, 0.5140172254046491),
[92mINFO [0m:      	              (69, 0.5145470845369439),
[92mINFO [0m:      	              (70, 0.5145077721979429),
[92mINFO [0m:      	              (71, 0.5128253410143008),
[92mINFO [0m:      	              (72, 0.5142503658227062),
[92mINFO [0m:      	              (73, 0.514335554910588),
[92mINFO [0m:      	              (74, 0.5158136237923457),
[92mINFO [0m:      	              (75, 0.5152157730459165),
[92mINFO [0m:      	              (76, 0.5152271683300966),
[92mINFO [0m:      	              (77, 0.5132549382043554),
[92mINFO [0m:      	              (78, 0.5126644962479288),
[92mINFO [0m:      	              (79, 0.512193277592888),
[92mINFO [0m:      	              (80, 0.5131216450933661),
[92mINFO [0m:      	              (81, 0.5118513921004644)]}
[92mINFO [0m:      	History (metrics, distributed, evaluate):
[92mINFO [0m:      	{'all_thresholds': [(1,
[92mINFO [0m:      	                     [{'alerts_per_1000': 1000.0,
[92mINFO [0m:      	                       'balanced_accuracy': 0.5,
[92mINFO [0m:      	                       'f1': 0.24461128602567206,
[92mINFO [0m:      	                       'fn': 0,
[92mINFO [0m:      	                       'fp': 21833,
[92mINFO [0m:      	                       'fpr': 1.0,
[92mINFO [0m:      	                       'npv': 0.0,
[92mINFO [0m:      	                       'ppv': 0.13934878587196467,
[92mINFO [0m:      	                       'precision': 0.13934878587196467,
[92mINFO [0m:      	                       'prevalence': 0.13934878587196467,
[92mINFO [0m:      	                       'recall': 1.0,
[92mINFO [0m:      	                       'spec': 0.0,
[92mINFO [0m:      	                       'threshold': 0.15,
[92mINFO [0m:      	                       'tn': 0,
[92mINFO [0m:      	                       'tp': 3535,
[92mINFO [0m:      	                       'tpr': 1.0,
[92mINFO [0m:      	                       'youden': 0.0},
[92mINFO [0m:      	                      {'alerts_per_1000': 1000.0,
[92mINFO [0m:      	                       'balanced_accuracy': 0.5,
[92mINFO [0m:      	                       'f1': 0.24461128602567206,
[92mINFO [0m:      	                       'fn': 0,
[92mINFO [0m:      	                       'fp': 21833,
[92mINFO [0m:      	                       'fpr': 1.0,
[92mINFO [0m:      	                       'npv': 0.0,
[92mINFO [0m:      	                       'ppv': 0.13934878587196467,
[92mINFO [0m:      	                       'precision': 0.13934878587196467,
[92mINFO [0m:      	                       'prevalence': 0.13934878587196467,
[92mINFO [0m:      	                       'recall': 1.0,
[92mINFO [0m:      	                       'spec': 0.0,
[92mINFO [0m:      	                       'threshold': 0.2,
[92mINFO [0m:      	                       'tn': 0,
[92mINFO [0m:      	                       'tp': 3535,
[92mINFO [0m:      	                       'tpr': 1.0,
[92mINFO [0m:      	                       'youden': 0.0},
[92mINFO [0m:      	                      {'alerts_per_1000': 1000.0,
[92mINFO [0m:      	                       'balanced_accuracy': 0.5,
[92mINFO [0m:      	                       'f1': 0.24461128602567206,
[92mINFO [0m:      	                       'fn': 0,
[92mINFO [0m:      	                       'fp': 21833,
[92mINFO [0m:      	                       'fpr': 1.0,
[92mINFO [0m:      	                       'npv': 0.0,
[92mINFO [0m:      	                       'ppv': 0.13934878587196467,
[92mINFO [0m:      	                       'precision': 0.13934878587196467,
[92mINFO [0m:      	                       'prevalence': 0.13934878587196467,
[92mINFO [0m:      	                       'recall': 1.0,
[92mINFO [0m:      	                       'spec': 0.0,
[92mINFO [0m:      	                       'threshold': 0.25,
[92mINFO [0m:      	                       'tn': 0,
[92mINFO [0m:      	                       'tp': 3535,
[92mINFO [0m:      	                       'tpr': 1.0,
[92mINFO [0m:      	                       'youden': 0.0},
[92mINFO [0m:      	                      {'alerts_per_1000': 1000.0,
[92mINFO [0m:      	                       'balanced_accuracy': 0.5,
[92mINFO [0m:      	                       'f1': 0.24461128602567206,
[92mINFO [0m:      	                       'fn': 0,
[92mINFO [0m:      	                       'fp': 21833,
[92mINFO [0m:      	                       'fpr': 1.0,
[92mINFO [0m:      	                       'npv': 0.0,
[92mINFO [0m:      	                       'ppv': 0.13934878587196467,
[92mINFO [0m:      	                       'precision': 0.13934878587196467,
[92mINFO [0m:      	                       'prevalence': 0.13934878587196467,
[92mINFO [0m:      	                       'recall': 1.0,
[92mINFO [0m:      	                       'spec': 0.0,
[92mINFO [0m:      	                       'threshold': 0.3,
[92mINFO [0m:      	                       'tn': 0,
[92mINFO [0m:      	                       'tp': 3535,
[92mINFO [0m:      	                       'tpr': 1.0,
[92mINFO [0m:      	                       'youden': 0.0},
[92mINFO [0m:      	                      {'alerts_per_1000': 1000.0,
[92mINFO [0m:      	                       'balanced_accuracy': 0.5,
[92mINFO [0m:      	                       'f1': 0.24461128602567206,
[92mINFO [0m:      	                       'fn': 0,
[92mINFO [0m:      	                       'fp': 21833,
[92mINFO [0m:      	                       'fpr': 1.0,
[92mINFO [0m:      	                       'npv': 0.0,
[92mINFO [0m:      	                       'ppv': 0.13934878587196467,
[92mINFO [0m:      	                       'precision': 0.13934878587196467,
[92mINFO [0m:      	                       'prevalence': 0.13934878587196467,
[92mINFO [0m:      	                       'recall': 1.0,
[92mINFO [0m:      	                       'spec': 0.0,
[92mINFO [0m:      	                       'threshold': 0.35,
[92mINFO [0m:      	                       'tn': 0,
[92mINFO [0m:      	                       'tp': 3535,
[92mINFO [0m:      	                       'tpr': 1.0,
[92mINFO [0m:      	                       'youden': 0.0},
[92mINFO [0m:      	                      {'alerts_per_1000': 1000.0,
[92mINFO [0m:      	                       'balanced_accuracy': 0.5,
[92mINFO [0m:      	                       'f1': 0.24461128602567206,
[92mINFO [0m:      	                       'fn': 0,
[92mINFO [0m:      	                       'fp': 21833,
[92mINFO [0m:      	                       'fpr': 1.0,
[92mINFO [0m:      	                       'npv': 0.0,
[92mINFO [0m:      	                       'ppv': 0.13934878587196467,
[92mINFO [0m:      	                       'precision': 0.13934878587196467,
[92mINFO [0m:      	                       'prevalence': 0.13934878587196467,
[92mINFO [0m:      	                       'recall': 1.0,
[92mINFO [0m:      	                       'spec': 0.0,
[92mINFO [0m:      	                       'threshold': 0.4,
[92mINFO [0m:      	                       'tn': 0,
[92mINFO [0m:      	                       'tp': 3535,
[92mINFO [0m:      	                       'tpr': 1.0,
[92mINFO [0m:      	                       'youden': 0.0},
[92mINFO [0m:      	                      {'alerts_per_1000': 1000.0,
[92mINFO [0m:      	                       'balanced_accuracy': 0.5,
[92mINFO [0m:      	                       'f1': 0.24461128602567206,
[92mINFO [0m:      	                       'fn': 0,
[92mINFO [0m:      	                       'fp': 21833,
[92mINFO [0m:      	                       'fpr': 1.0,
[92mINFO [0m:      	                       'npv': 0.0,
[92mINFO [0m:      	                       'ppv': 0.13934878587196467,
[92mINFO [0m:      	                       'precision': 0.13934878587196467,
[92mINFO [0m:      	                       'prevalence': 0.13934878587196467,
[92mINFO [0m:      	                       'recall': 1.0,
[92mINFO [0m:      	                       'spec': 0.0,
[92mINFO [0m:      	                       'threshold': 0.45,
[92mINFO [0m:      	                       'tn': 0,
[92mINFO [0m:      	                       'tp': 3535,
[92mINFO [0m:      	                       'tpr': 1.0,
[92mINFO [0m:      	                       'youden': 0.0},
[92mINFO [0m:      	                      {'alerts_per_1000': 999.8817407757805,
[92mINFO [0m:      	                       'balanced_accuracy': 0.5000687033389823,
[92mINFO [0m:      	                       'f1': 0.24463667820069204,
[92mINFO [0m:      	                       'fn': 0,
[92mINFO [0m:      	                       'fp': 21830,
[92mINFO [0m:      	                       'fpr': 0.9998625933220354,
[92mINFO [0m:      	                       'npv': 1.0,
[92mINFO [0m:      	                       'ppv': 0.13936526710033512,
[92mINFO [0m:      	                       'precision': 0.13936526710033512,
[92mINFO [0m:      	                       'prevalence': 0.13934878587196467,
[92mINFO [0m:      	                       'recall': 1.0,
[92mINFO [0m:      	                       'spec': 0.00013740667796457995,
[92mINFO [0m:      	                       'threshold': 0.5,
[92mINFO [0m:      	                       'tn': 3,
[92mINFO [0m:      	                       'tp': 3535,
[92mINFO [0m:      	                       'tpr': 1.0,
[92mINFO [0m:      	                       'youden': 0.00013740667796469097},
[92mINFO [0m:      	                      {'alerts_per_1000': 801.7581204667298,
[92mINFO [0m:      	                       'balanced_accuracy': 0.5463096330244026,
[92mINFO [0m:      	                       'f1': 0.26103711150205244,
[92mINFO [0m:      	                       'fn': 419,
[92mINFO [0m:      	                       'fp': 17223,
[92mINFO [0m:      	                       'fpr': 0.7888517381944763,
[92mINFO [0m:      	                       'npv': 0.9166832372241002,
[92mINFO [0m:      	                       'ppv': 0.15320320566399528,
[92mINFO [0m:      	                       'precision': 0.15320320566399528,
[92mINFO [0m:      	                       'prevalence': 0.13934878587196467,
[92mINFO [0m:      	                       'recall': 0.8814710042432815,
[92mINFO [0m:      	                       'spec': 0.2111482618055237,
[92mINFO [0m:      	                       'threshold': 0.55,
[92mINFO [0m:      	                       'tn': 4610,
[92mINFO [0m:      	                       'tp': 3116,
[92mINFO [0m:      	                       'tpr': 0.8814710042432815,
[92mINFO [0m:      	                       'youden': 0.09261926604880522},
[92mINFO [0m:      	                      {'alerts_per_1000': 216.65089877010408,
[92mINFO [0m:      	                       'balanced_accuracy': 0.5986291529807952,
[92mINFO [0m:      	                       'f1': 0.30251356438932564,
[92mINFO [0m:      	                       'fn': 2169,
[92mINFO [0m:      	                       'fp': 4130,
[92mINFO [0m:      	                       'fpr': 0.18916319333119588,
[92mINFO [0m:      	                       'npv': 0.8908514492753623,
[92mINFO [0m:      	                       'ppv': 0.24854439592430858,
[92mINFO [0m:      	                       'precision': 0.24854439592430858,
[92mINFO [0m:      	                       'prevalence': 0.13934878587196467,
[92mINFO [0m:      	                       'recall': 0.3864214992927864,
[92mINFO [0m:      	                       'spec': 0.8108368066688041,
[92mINFO [0m:      	                       'threshold': 0.6,
[92mINFO [0m:      	                       'tn': 17703,
[92mINFO [0m:      	                       'tp': 1366,
[92mINFO [0m:      	                       'tpr': 0.3864214992927864,
[92mINFO [0m:      	                       'youden': 0.19725830596159044},
[92mINFO [0m:      	                      {'alerts_per_1000': 49.11699779249448,
[92mINFO [0m:      	                       'balanced_accuracy': 0.5401609336035513,
[92mINFO [0m:      	                       'f1': 0.17485881614724952,
[92mINFO [0m:      	                       'fn': 3117,
[92mINFO [0m:      	                       'fp': 828,
[92mINFO [0m:      	                       'fpr': 0.037924243118215545,
[92mINFO [0m:      	                       'npv': 0.8707818588840063,
[92mINFO [0m:      	                       'ppv': 0.33547351524879615,
[92mINFO [0m:      	                       'precision': 0.33547351524879615,
[92mINFO [0m:      	                       'prevalence': 0.13934878587196467,
[92mINFO [0m:      	                       'recall': 0.11824611032531825,
[92mINFO [0m:      	                       'spec': 0.9620757568817845,
[92mINFO [0m:      	                       'threshold': 0.65,
[92mINFO [0m:      	                       'tn': 21005,
[92mINFO [0m:      	                       'tp': 418,
[92mINFO [0m:      	                       'tpr': 0.11824611032531825,
[92mINFO [0m:      	                       'youden': 0.08032186720710266},
[92mINFO [0m:      	                      {'alerts_per_1000': 4.5332702617470835,
[92mINFO [0m:      	                       'balanced_accuracy': 0.5055835634403911,
[92mINFO [0m:      	                       'f1': 0.0273972602739726,
[92mINFO [0m:      	                       'fn': 3485,
[92mINFO [0m:      	                       'fp': 65,
[92mINFO [0m:      	                       'fpr': 0.0029771446892318965,
[92mINFO [0m:      	                       'npv': 0.8619965944640241,
[92mINFO [0m:      	                       'ppv': 0.43478260869565216,
[92mINFO [0m:      	                       'precision': 0.43478260869565216,
[92mINFO [0m:      	                       'prevalence': 0.13934878587196467,
[92mINFO [0m:      	                       'recall': 0.014144271570014143,
[92mINFO [0m:      	                       'spec': 0.9970228553107681,
[92mINFO [0m:      	                       'threshold': 0.7,
[92mINFO [0m:      	                       'tn': 21768,
[92mINFO [0m:      	                       'tp': 50,
[92mINFO [0m:      	                       'tpr': 0.014144271570014143,
[92mINFO [0m:      	                       'youden': 0.011167126880782252}]),
[92mINFO [0m:      	                    (10,
[92mINFO [0m:      	                     [{'alerts_per_1000': 1000.0,
[92mINFO [0m:      	                       'balanced_accuracy': 0.5,
[92mINFO [0m:      	                       'f1': 0.24461128602567206,
[92mINFO [0m:      	                       'fn': 0,
[92mINFO [0m:      	                       'fp': 21833,
[92mINFO [0m:      	                       'fpr': 1.0,
[92mINFO [0m:      	                       'npv': 0.0,
[92mINFO [0m:      	                       'ppv': 0.13934878587196467,
[92mINFO [0m:      	                       'precision': 0.13934878587196467,
[92mINFO [0m:      	                       'prevalence': 0.13934878587196467,
[92mINFO [0m:      	                       'recall': 1.0,
[92mINFO [0m:      	                       'spec': 0.0,
[92mINFO [0m:      	                       'threshold': 0.15,
[92mINFO [0m:      	                       'tn': 0,
[92mINFO [0m:      	                       'tp': 3535,
[92mINFO [0m:      	                       'tpr': 1.0,
[92mINFO [0m:      	                       'youden': 0.0},
[92mINFO [0m:      	                      {'alerts_per_1000': 1000.0,
[92mINFO [0m:      	                       'balanced_accuracy': 0.5,
[92mINFO [0m:      	                       'f1': 0.24461128602567206,
[92mINFO [0m:      	                       'fn': 0,
[92mINFO [0m:      	                       'fp': 21833,
[92mINFO [0m:      	                       'fpr': 1.0,
[92mINFO [0m:      	                       'npv': 0.0,
[92mINFO [0m:      	                       'ppv': 0.13934878587196467,
[92mINFO [0m:      	                       'precision': 0.13934878587196467,
[92mINFO [0m:      	                       'prevalence': 0.13934878587196467,
[92mINFO [0m:      	                       'recall': 1.0,
[92mINFO [0m:      	                       'spec': 0.0,
[92mINFO [0m:      	                       'threshold': 0.2,
[92mINFO [0m:      	                       'tn': 0,
[92mINFO [0m:      	                       'tp': 3535,
[92mINFO [0m:      	                       'tpr': 1.0,
[92mINFO [0m:      	                       'youden': 0.0},
[92mINFO [0m:      	                      {'alerts_per_1000': 1000.0,
[92mINFO [0m:      	                       'balanced_accuracy': 0.5,
[92mINFO [0m:      	                       'f1': 0.24461128602567206,
[92mINFO [0m:      	                       'fn': 0,
[92mINFO [0m:      	                       'fp': 21833,
[92mINFO [0m:      	                       'fpr': 1.0,
[92mINFO [0m:      	                       'npv': 0.0,
[92mINFO [0m:      	                       'ppv': 0.13934878587196467,
[92mINFO [0m:      	                       'precision': 0.13934878587196467,
[92mINFO [0m:      	                       'prevalence': 0.13934878587196467,
[92mINFO [0m:      	                       'recall': 1.0,
[92mINFO [0m:      	                       'spec': 0.0,
[92mINFO [0m:      	                       'threshold': 0.25,
[92mINFO [0m:      	                       'tn': 0,
[92mINFO [0m:      	                       'tp': 3535,
[92mINFO [0m:      	                       'tpr': 1.0,
[92mINFO [0m:      	                       'youden': 0.0},
[92mINFO [0m:      	                      {'alerts_per_1000': 1000.0,
[92mINFO [0m:      	                       'balanced_accuracy': 0.5,
[92mINFO [0m:      	                       'f1': 0.24461128602567206,
[92mINFO [0m:      	                       'fn': 0,
[92mINFO [0m:      	                       'fp': 21833,
[92mINFO [0m:      	                       'fpr': 1.0,
[92mINFO [0m:      	                       'npv': 0.0,
[92mINFO [0m:      	                       'ppv': 0.13934878587196467,
[92mINFO [0m:      	                       'precision': 0.13934878587196467,
[92mINFO [0m:      	                       'prevalence': 0.13934878587196467,
[92mINFO [0m:      	                       'recall': 1.0,
[92mINFO [0m:      	                       'spec': 0.0,
[92mINFO [0m:      	                       'threshold': 0.3,
[92mINFO [0m:      	                       'tn': 0,
[92mINFO [0m:      	                       'tp': 3535,
[92mINFO [0m:      	                       'tpr': 1.0,
[92mINFO [0m:      	                       'youden': 0.0},
[92mINFO [0m:      	                      {'alerts_per_1000': 989.435509303059,
[92mINFO [0m:      	                       'balanced_accuracy': 0.5059731544537223,
[92mINFO [0m:      	                       'f1': 0.2468308014667365,
[92mINFO [0m:      	                       'fn': 1,
[92mINFO [0m:      	                       'fp': 21566,
[92mINFO [0m:      	                       'fpr': 0.9877708056611552,
[92mINFO [0m:      	                       'npv': 0.996268656716418,
[92mINFO [0m:      	                       'ppv': 0.140796812749004,
[92mINFO [0m:      	                       'precision': 0.140796812749004,
[92mINFO [0m:      	                       'prevalence': 0.13934878587196467,
[92mINFO [0m:      	                       'recall': 0.9997171145685997,
[92mINFO [0m:      	                       'spec': 0.01222919433884484,
[92mINFO [0m:      	                       'threshold': 0.35,
[92mINFO [0m:      	                       'tn': 267,
[92mINFO [0m:      	                       'tp': 3534,
[92mINFO [0m:      	                       'tpr': 0.9997171145685997,
[92mINFO [0m:      	                       'youden': 0.011946308907444525},
[92mINFO [0m:      	                      {'alerts_per_1000': 906.3386944181647,
[92mINFO [0m:      	                       'balanced_accuracy': 0.551290511728771,
[92mINFO [0m:      	                       'f1': 0.2650884004976062,
[92mINFO [0m:      	                       'fn': 19,
[92mINFO [0m:      	                       'fp': 19476,
[92mINFO [0m:      	                       'fpr': 0.8920441533458526,
[92mINFO [0m:      	                       'npv': 0.992003367003367,
[92mINFO [0m:      	                       'ppv': 0.15292275574112735,
[92mINFO [0m:      	                       'precision': 0.15292275574112735,
[92mINFO [0m:      	                       'prevalence': 0.13934878587196467,
[92mINFO [0m:      	                       'recall': 0.9946251768033946,
[92mINFO [0m:      	                       'spec': 0.10795584665414737,
[92mINFO [0m:      	                       'threshold': 0.4,
[92mINFO [0m:      	                       'tn': 2357,
[92mINFO [0m:      	                       'tp': 3516,
[92mINFO [0m:      	                       'tpr': 0.9946251768033946,
[92mINFO [0m:      	                       'youden': 0.10258102345754194},
[92mINFO [0m:      	                      {'alerts_per_1000': 747.2011983601387,
[92mINFO [0m:      	                       'balanced_accuracy': 0.6297730794469086,
[92mINFO [0m:      	                       'f1': 0.3051133837261005,
[92mINFO [0m:      	                       'fn': 104,
[92mINFO [0m:      	                       'fp': 15524,
[92mINFO [0m:      	                       'fpr': 0.7110337562405533,
[92mINFO [0m:      	                       'npv': 0.9837829409012943,
[92mINFO [0m:      	                       'ppv': 0.18100764969664995,
[92mINFO [0m:      	                       'precision': 0.18100764969664995,
[92mINFO [0m:      	                       'prevalence': 0.13934878587196467,
[92mINFO [0m:      	                       'recall': 0.9705799151343706,
[92mINFO [0m:      	                       'spec': 0.2889662437594467,
[92mINFO [0m:      	                       'threshold': 0.45,
[92mINFO [0m:      	                       'tn': 6309,
[92mINFO [0m:      	                       'tp': 3431,
[92mINFO [0m:      	                       'tpr': 0.9705799151343706,
[92mINFO [0m:      	                       'youden': 0.25954615889381727},
[92mINFO [0m:      	                      {'alerts_per_1000': 597.6426994638915,
[92mINFO [0m:      	                       'balanced_accuracy': 0.6839554802363395,
[92mINFO [0m:      	                       'f1': 0.345742404792469,
[92mINFO [0m:      	                       'fn': 303,
[92mINFO [0m:      	                       'fp': 11929,
[92mINFO [0m:      	                       'fpr': 0.5463747538130354,
[92mINFO [0m:      	                       'npv': 0.970314490055844,
[92mINFO [0m:      	                       'ppv': 0.21317855022755755,
[92mINFO [0m:      	                       'precision': 0.21317855022755755,
[92mINFO [0m:      	                       'prevalence': 0.13934878587196467,
[92mINFO [0m:      	                       'recall': 0.9142857142857143,
[92mINFO [0m:      	                       'spec': 0.45362524618696465,
[92mINFO [0m:      	                       'threshold': 0.5,
[92mINFO [0m:      	                       'tn': 9904,
[92mINFO [0m:      	                       'tp': 3232,
[92mINFO [0m:      	                       'tpr': 0.9142857142857143,
[92mINFO [0m:      	                       'youden': 0.3679109604726789},
[92mINFO [0m:      	                      {'alerts_per_1000': 462.74834437086093,
[92mINFO [0m:      	                       'balanced_accuracy': 0.7097330637199661,
[92mINFO [0m:      	                       'f1': 0.38130155820348305,
[92mINFO [0m:      	                       'fn': 623,
[92mINFO [0m:      	                       'fp': 8827,
[92mINFO [0m:      	                       'fpr': 0.40429624879769155,
[92mINFO [0m:      	                       'npv': 0.9542886492039034,
[92mINFO [0m:      	                       'ppv': 0.24806201550387597,
[92mINFO [0m:      	                       'precision': 0.24806201550387597,
[92mINFO [0m:      	                       'prevalence': 0.13934878587196467,
[92mINFO [0m:      	                       'recall': 0.8237623762376237,
[92mINFO [0m:      	                       'spec': 0.5957037512023085,
[92mINFO [0m:      	                       'threshold': 0.55,
[92mINFO [0m:      	                       'tn': 13006,
[92mINFO [0m:      	                       'tp': 2912,
[92mINFO [0m:      	                       'tpr': 0.8237623762376237,
[92mINFO [0m:      	                       'youden': 0.4194661274399323},
[92mINFO [0m:      	                      {'alerts_per_1000': 335.7379375591296,
[92mINFO [0m:      	                       'balanced_accuracy': 0.7100587583606068,
[92mINFO [0m:      	                       'f1': 0.4090607368071689,
[92mINFO [0m:      	                       'fn': 1070,
[92mINFO [0m:      	                       'fp': 6052,
[92mINFO [0m:      	                       'fpr': 0.2771950716804837,
[92mINFO [0m:      	                       'npv': 0.9365022847308765,
[92mINFO [0m:      	                       'ppv': 0.2894211576846307,
[92mINFO [0m:      	                       'precision': 0.2894211576846307,
[92mINFO [0m:      	                       'prevalence': 0.13934878587196467,
[92mINFO [0m:      	                       'recall': 0.6973125884016973,
[92mINFO [0m:      	                       'spec': 0.7228049283195164,
[92mINFO [0m:      	                       'threshold': 0.6,
[92mINFO [0m:      	                       'tn': 15781,
[92mINFO [0m:      	                       'tp': 2465,
[92mINFO [0m:      	                       'tpr': 0.6973125884016973,
[92mINFO [0m:      	                       'youden': 0.42011751672121367},
[92mINFO [0m:      	                      {'alerts_per_1000': 229.4623147272154,
[92mINFO [0m:      	                       'balanced_accuracy': 0.6884778378447014,
[92mINFO [0m:      	                       'f1': 0.4185549380076956,
[92mINFO [0m:      	                       'fn': 1577,
[92mINFO [0m:      	                       'fp': 3863,
[92mINFO [0m:      	                       'fpr': 0.17693399899235102,
[92mINFO [0m:      	                       'npv': 0.9193226582084207,
[92mINFO [0m:      	                       'ppv': 0.3363683215942278,
[92mINFO [0m:      	                       'precision': 0.3363683215942278,
[92mINFO [0m:      	                       'prevalence': 0.13934878587196467,
[92mINFO [0m:      	                       'recall': 0.5538896746817539,
[92mINFO [0m:      	                       'spec': 0.8230660010076489,
[92mINFO [0m:      	                       'threshold': 0.65,
[92mINFO [0m:      	                       'tn': 17970,
[92mINFO [0m:      	                       'tp': 1958,
[92mINFO [0m:      	                       'tpr': 0.5538896746817539,
[92mINFO [0m:      	                       'youden': 0.3769556756894028},
[92mINFO [0m:      	                      {'alerts_per_1000': 140.2160201829076,
[92mINFO [0m:      	                       'balanced_accuracy': 0.644020474048504,
[92mINFO [0m:      	                       'f1': 0.38691483361534124,
[92mINFO [0m:      	                       'fn': 2163,
[92mINFO [0m:      	                       'fp': 2185,
[92mINFO [0m:      	                       'fpr': 0.1000778637841799,
[92mINFO [0m:      	                       'npv': 0.9008298564944294,
[92mINFO [0m:      	                       'ppv': 0.3857183019398369,
[92mINFO [0m:      	                       'precision': 0.3857183019398369,
[92mINFO [0m:      	                       'prevalence': 0.13934878587196467,
[92mINFO [0m:      	                       'recall': 0.38811881188118813,
[92mINFO [0m:      	                       'spec': 0.8999221362158201,
[92mINFO [0m:      	                       'threshold': 0.7,
[92mINFO [0m:      	                       'tn': 19648,
[92mINFO [0m:      	                       'tp': 1372,
[92mINFO [0m:      	                       'tpr': 0.38811881188118813,
[92mINFO [0m:      	                       'youden': 0.2880409480970081}]),
[92mINFO [0m:      	                    (20,
[92mINFO [0m:      	                     [{'alerts_per_1000': 1000.0,
[92mINFO [0m:      	                       'balanced_accuracy': 0.5,
[92mINFO [0m:      	                       'f1': 0.24461128602567206,
[92mINFO [0m:      	                       'fn': 0,
[92mINFO [0m:      	                       'fp': 21833,
[92mINFO [0m:      	                       'fpr': 1.0,
[92mINFO [0m:      	                       'npv': 0.0,
[92mINFO [0m:      	                       'ppv': 0.13934878587196467,
[92mINFO [0m:      	                       'precision': 0.13934878587196467,
[92mINFO [0m:      	                       'prevalence': 0.13934878587196467,
[92mINFO [0m:      	                       'recall': 1.0,
[92mINFO [0m:      	                       'spec': 0.0,
[92mINFO [0m:      	                       'threshold': 0.15,
[92mINFO [0m:      	                       'tn': 0,
[92mINFO [0m:      	                       'tp': 3535,
[92mINFO [0m:      	                       'tpr': 1.0,
[92mINFO [0m:      	                       'youden': 0.0},
[92mINFO [0m:      	                      {'alerts_per_1000': 997.2406181015454,
[92mINFO [0m:      	                       'balanced_accuracy': 0.5016030779095864,
[92mINFO [0m:      	                       'f1': 0.24520514688031073,
[92mINFO [0m:      	                       'fn': 0,
[92mINFO [0m:      	                       'fp': 21763,
[92mINFO [0m:      	                       'fpr': 0.9967938441808272,
[92mINFO [0m:      	                       'npv': 1.0,
[92mINFO [0m:      	                       'ppv': 0.13973436635307138,
[92mINFO [0m:      	                       'precision': 0.13973436635307138,
[92mINFO [0m:      	                       'prevalence': 0.13934878587196467,
[92mINFO [0m:      	                       'recall': 1.0,
[92mINFO [0m:      	                       'spec': 0.003206155819172829,
[92mINFO [0m:      	                       'threshold': 0.2,
[92mINFO [0m:      	                       'tn': 70,
[92mINFO [0m:      	                       'tp': 3535,
[92mINFO [0m:      	                       'tpr': 1.0,
[92mINFO [0m:      	                       'youden': 0.003206155819172718},
[92mINFO [0m:      	                      {'alerts_per_1000': 965.4288867865026,
[92mINFO [0m:      	                       'balanced_accuracy': 0.519262556952347,
[92mINFO [0m:      	                       'f1': 0.2519089416969957,
[92mINFO [0m:      	                       'fn': 5,
[92mINFO [0m:      	                       'fp': 20961,
[92mINFO [0m:      	                       'fpr': 0.9600604589383044,
[92mINFO [0m:      	                       'npv': 0.9942987457240593,
[92mINFO [0m:      	                       'ppv': 0.14413458004981422,
[92mINFO [0m:      	                       'precision': 0.14413458004981422,
[92mINFO [0m:      	                       'prevalence': 0.13934878587196467,
[92mINFO [0m:      	                       'recall': 0.9985855728429985,
[92mINFO [0m:      	                       'spec': 0.039939541061695616,
[92mINFO [0m:      	                       'threshold': 0.25,
[92mINFO [0m:      	                       'tn': 872,
[92mINFO [0m:      	                       'tp': 3530,
[92mINFO [0m:      	                       'tpr': 0.9985855728429985,
[92mINFO [0m:      	                       'youden': 0.03852511390469404},
[92mINFO [0m:      	                      {'alerts_per_1000': 885.6039104383475,
[92mINFO [0m:      	                       'balanced_accuracy': 0.5635008409923574,
[92mINFO [0m:      	                       'f1': 0.2705280566132071,
[92mINFO [0m:      	                       'fn': 18,
[92mINFO [0m:      	                       'fp': 18949,
[92mINFO [0m:      	                       'fpr': 0.8679063802500802,
[92mINFO [0m:      	                       'npv': 0.9937973811164714,
[92mINFO [0m:      	                       'ppv': 0.15654767203774592,
[92mINFO [0m:      	                       'precision': 0.15654767203774592,
[92mINFO [0m:      	                       'prevalence': 0.13934878587196467,
[92mINFO [0m:      	                       'recall': 0.9949080622347949,
[92mINFO [0m:      	                       'spec': 0.13209361974991984,
[92mINFO [0m:      	                       'threshold': 0.3,
[92mINFO [0m:      	                       'tn': 2884,
[92mINFO [0m:      	                       'tp': 3517,
[92mINFO [0m:      	                       'tpr': 0.9949080622347949,
[92mINFO [0m:      	                       'youden': 0.12700168198471484},
[92mINFO [0m:      	                      {'alerts_per_1000': 778.3033743298644,
[92mINFO [0m:      	                       'balanced_accuracy': 0.618442198271034,
[92mINFO [0m:      	                       'f1': 0.29829460028351734,
[92mINFO [0m:      	                       'fn': 63,
[92mINFO [0m:      	                       'fp': 16272,
[92mINFO [0m:      	                       'fpr': 0.7452938212797142,
[92mINFO [0m:      	                       'npv': 0.9887980085348507,
[92mINFO [0m:      	                       'ppv': 0.17585089141004862,
[92mINFO [0m:      	                       'precision': 0.17585089141004862,
[92mINFO [0m:      	                       'prevalence': 0.13934878587196467,
[92mINFO [0m:      	                       'recall': 0.9821782178217822,
[92mINFO [0m:      	                       'spec': 0.2547061787202858,
[92mINFO [0m:      	                       'threshold': 0.35,
[92mINFO [0m:      	                       'tn': 5561,
[92mINFO [0m:      	                       'tp': 3472,
[92mINFO [0m:      	                       'tpr': 0.9821782178217822,
[92mINFO [0m:      	                       'youden': 0.23688439654206794},
[92mINFO [0m:      	                      {'alerts_per_1000': 673.762220119836,
[92mINFO [0m:      	                       'balanced_accuracy': 0.6643850053488838,
[92mINFO [0m:      	                       'f1': 0.32791971687593924,
[92mINFO [0m:      	                       'fn': 153,
[92mINFO [0m:      	                       'fp': 13710,
[92mINFO [0m:      	                       'fpr': 0.6279485182979893,
[92mINFO [0m:      	                       'npv': 0.9815128081198646,
[92mINFO [0m:      	                       'ppv': 0.19787034870114673,
[92mINFO [0m:      	                       'precision': 0.19787034870114673,
[92mINFO [0m:      	                       'prevalence': 0.13934878587196467,
[92mINFO [0m:      	                       'recall': 0.9567185289957567,
[92mINFO [0m:      	                       'spec': 0.37205148170201074,
[92mINFO [0m:      	                       'threshold': 0.4,
[92mINFO [0m:      	                       'tn': 8123,
[92mINFO [0m:      	                       'tp': 3382,
[92mINFO [0m:      	                       'tpr': 0.9567185289957567,
[92mINFO [0m:      	                       'youden': 0.32877001069776757},
[92mINFO [0m:      	                      {'alerts_per_1000': 580.3768527278461,
[92mINFO [0m:      	                       'balanced_accuracy': 0.6951365745286111,
[92mINFO [0m:      	                       'f1': 0.3548033738635119,
[92mINFO [0m:      	                       'fn': 296,
[92mINFO [0m:      	                       'fp': 11484,
[92mINFO [0m:      	                       'fpr': 0.5259927632482939,
[92mINFO [0m:      	                       'npv': 0.9721935180836073,
[92mINFO [0m:      	                       'ppv': 0.21999592474359844,
[92mINFO [0m:      	                       'precision': 0.21999592474359844,
[92mINFO [0m:      	                       'prevalence': 0.13934878587196467,
[92mINFO [0m:      	                       'recall': 0.9162659123055162,
[92mINFO [0m:      	                       'spec': 0.4740072367517061,
[92mINFO [0m:      	                       'threshold': 0.45,
[92mINFO [0m:      	                       'tn': 10349,
[92mINFO [0m:      	                       'tp': 3239,
[92mINFO [0m:      	                       'tpr': 0.9162659123055162,
[92mINFO [0m:      	                       'youden': 0.3902731490572222},
[92mINFO [0m:      	                      {'alerts_per_1000': 491.2093976663513,
[92mINFO [0m:      	                       'balanced_accuracy': 0.7142344702110939,
[92mINFO [0m:      	                       'f1': 0.380095023755939,
[92mINFO [0m:      	                       'fn': 495,
[92mINFO [0m:      	                       'fp': 9421,
[92mINFO [0m:      	                       'fpr': 0.43150277103467227,
[92mINFO [0m:      	                       'npv': 0.9616487177500581,
[92mINFO [0m:      	                       'ppv': 0.24396115881550437,
[92mINFO [0m:      	                       'precision': 0.24396115881550437,
[92mINFO [0m:      	                       'prevalence': 0.13934878587196467,
[92mINFO [0m:      	                       'recall': 0.85997171145686,
[92mINFO [0m:      	                       'spec': 0.5684972289653277,
[92mINFO [0m:      	                       'threshold': 0.5,
[92mINFO [0m:      	                       'tn': 12412,
[92mINFO [0m:      	                       'tp': 3040,
[92mINFO [0m:      	                       'tpr': 0.85997171145686,
[92mINFO [0m:      	                       'youden': 0.42846894042218775},
[92mINFO [0m:      	                      {'alerts_per_1000': 408.30968148848945,
[92mINFO [0m:      	                       'balanced_accuracy': 0.7222956166362755,
[92mINFO [0m:      	                       'f1': 0.4025048585618657,
[92mINFO [0m:      	                       'fn': 739,
[92mINFO [0m:      	                       'fp': 7562,
[92mINFO [0m:      	                       'fpr': 0.34635643292264007,
[92mINFO [0m:      	                       'npv': 0.9507661558960693,
[92mINFO [0m:      	                       'ppv': 0.26993628113535434,
[92mINFO [0m:      	                       'precision': 0.26993628113535434,
[92mINFO [0m:      	                       'prevalence': 0.13934878587196467,
[92mINFO [0m:      	                       'recall': 0.790947666195191,
[92mINFO [0m:      	                       'spec': 0.6536435670773599,
[92mINFO [0m:      	                       'threshold': 0.55,
[92mINFO [0m:      	                       'tn': 14271,
[92mINFO [0m:      	                       'tp': 2796,
[92mINFO [0m:      	                       'tpr': 0.790947666195191,
[92mINFO [0m:      	                       'youden': 0.444591233272551},
[92mINFO [0m:      	                      {'alerts_per_1000': 325.4888047934406,
[92mINFO [0m:      	                       'balanced_accuracy': 0.7194642681416494,
[92mINFO [0m:      	                       'f1': 0.42164179104477617,
[92mINFO [0m:      	                       'fn': 1049,
[92mINFO [0m:      	                       'fp': 5771,
[92mINFO [0m:      	                       'fpr': 0.26432464617780427,
[92mINFO [0m:      	                       'npv': 0.9386944071065396,
[92mINFO [0m:      	                       'ppv': 0.3010778733196076,
[92mINFO [0m:      	                       'precision': 0.3010778733196076,
[92mINFO [0m:      	                       'prevalence': 0.13934878587196467,
[92mINFO [0m:      	                       'recall': 0.7032531824611032,
[92mINFO [0m:      	                       'spec': 0.7356753538221957,
[92mINFO [0m:      	                       'threshold': 0.6,
[92mINFO [0m:      	                       'tn': 16062,
[92mINFO [0m:      	                       'tp': 2486,
[92mINFO [0m:      	                       'tpr': 0.7032531824611032,
[92mINFO [0m:      	                       'youden': 0.43892853628329886},
[92mINFO [0m:      	                      {'alerts_per_1000': 250.70955534531691,
[92mINFO [0m:      	                       'balanced_accuracy': 0.7060447147632365,
[92mINFO [0m:      	                       'f1': 0.4325416877210712,
[92mINFO [0m:      	                       'fn': 1395,
[92mINFO [0m:      	                       'fp': 4220,
[92mINFO [0m:      	                       'fpr': 0.19328539367013237,
[92mINFO [0m:      	                       'npv': 0.9266098484848485,
[92mINFO [0m:      	                       'ppv': 0.33647798742138363,
[92mINFO [0m:      	                       'precision': 0.33647798742138363,
[92mINFO [0m:      	                       'prevalence': 0.13934878587196467,
[92mINFO [0m:      	                       'recall': 0.6053748231966054,
[92mINFO [0m:      	                       'spec': 0.8067146063298676,
[92mINFO [0m:      	                       'threshold': 0.65,
[92mINFO [0m:      	                       'tn': 17613,
[92mINFO [0m:      	                       'tp': 2140,
[92mINFO [0m:      	                       'tpr': 0.6053748231966054,
[92mINFO [0m:      	                       'youden': 0.412089429526473},
[92mINFO [0m:      	                      {'alerts_per_1000': 183.49889624724062,
[92mINFO [0m:      	                       'balanced_accuracy': 0.6775457988248328,
[92mINFO [0m:      	                       'f1': 0.4222222222222222,
[92mINFO [0m:      	                       'fn': 1806,
[92mINFO [0m:      	                       'fp': 2926,
[92mINFO [0m:      	                       'fpr': 0.13401731324142355,
[92mINFO [0m:      	                       'npv': 0.9128083812098682,
[92mINFO [0m:      	                       'ppv': 0.37142857142857144,
[92mINFO [0m:      	                       'precision': 0.37142857142857144,
[92mINFO [0m:      	                       'prevalence': 0.13934878587196467,
[92mINFO [0m:      	                       'recall': 0.4891089108910891,
[92mINFO [0m:      	                       'spec': 0.8659826867585765,
[92mINFO [0m:      	                       'threshold': 0.7,
[92mINFO [0m:      	                       'tn': 18907,
[92mINFO [0m:      	                       'tp': 1729,
[92mINFO [0m:      	                       'tpr': 0.4891089108910891,
[92mINFO [0m:      	                       'youden': 0.3550915976496656}]),
[92mINFO [0m:      	                    (30,
[92mINFO [0m:      	                     [{'alerts_per_1000': 991.8006937874487,
[92mINFO [0m:      	                       'balanced_accuracy': 0.504763431502771,
[92mINFO [0m:      	                       'f1': 0.2463843875239589,
[92mINFO [0m:      	                       'fn': 0,
[92mINFO [0m:      	                       'fp': 21625,
[92mINFO [0m:      	                       'fpr': 0.9904731369944579,
[92mINFO [0m:      	                       'npv': 1.0,
[92mINFO [0m:      	                       'ppv': 0.14050079491255962,
[92mINFO [0m:      	                       'precision': 0.14050079491255962,
[92mINFO [0m:      	                       'prevalence': 0.13934878587196467,
[92mINFO [0m:      	                       'recall': 1.0,
[92mINFO [0m:      	                       'spec': 0.009526863005542063,
[92mINFO [0m:      	                       'threshold': 0.15,
[92mINFO [0m:      	                       'tn': 208,
[92mINFO [0m:      	                       'tp': 3535,
[92mINFO [0m:      	                       'tpr': 1.0,
[92mINFO [0m:      	                       'youden': 0.009526863005542063},
[92mINFO [0m:      	                      {'alerts_per_1000': 950.5282245348471,
[92mINFO [0m:      	                       'balanced_accuracy': 0.5277548338354194,
[92mINFO [0m:      	                       'f1': 0.25528067129629634,
[92mINFO [0m:      	                       'fn': 6,
[92mINFO [0m:      	                       'fp': 20584,
[92mINFO [0m:      	                       'fpr': 0.9427930197407594,
[92mINFO [0m:      	                       'npv': 0.9952191235059761,
[92mINFO [0m:      	                       'ppv': 0.14635258988927136,
[92mINFO [0m:      	                       'precision': 0.14635258988927136,
[92mINFO [0m:      	                       'prevalence': 0.13934878587196467,
[92mINFO [0m:      	                       'recall': 0.9983026874115983,
[92mINFO [0m:      	                       'spec': 0.05720698025924065,
[92mINFO [0m:      	                       'threshold': 0.2,
[92mINFO [0m:      	                       'tn': 1249,
[92mINFO [0m:      	                       'tp': 3529,
[92mINFO [0m:      	                       'tpr': 0.9983026874115983,
[92mINFO [0m:      	                       'youden': 0.05550966767083887},
[92mINFO [0m:      	                      {'alerts_per_1000': 869.3235572374646,
[92mINFO [0m:      	                       'balanced_accuracy': 0.5727946568302229,
[92mINFO [0m:      	                       'f1': 0.2748163201500703,
[92mINFO [0m:      	                       'fn': 19,
[92mINFO [0m:      	                       'fp': 18537,
[92mINFO [0m:      	                       'fpr': 0.8490358631429488,
[92mINFO [0m:      	                       'npv': 0.9942684766214178,
[92mINFO [0m:      	                       'ppv': 0.15943409059991837,
[92mINFO [0m:      	                       'precision': 0.15943409059991837,
[92mINFO [0m:      	                       'prevalence': 0.13934878587196467,
[92mINFO [0m:      	                       'recall': 0.9946251768033946,
[92mINFO [0m:      	                       'spec': 0.15096413685705123,
[92mINFO [0m:      	                       'threshold': 0.25,
[92mINFO [0m:      	                       'tn': 3296,
[92mINFO [0m:      	                       'tp': 3516,
[92mINFO [0m:      	                       'tpr': 0.9946251768033946,
[92mINFO [0m:      	                       'youden': 0.1455893136604458},
[92mINFO [0m:      	                      {'alerts_per_1000': 774.2037212235888,
[92mINFO [0m:      	                       'balanced_accuracy': 0.6219743208232791,
[92mINFO [0m:      	                       'f1': 0.30023732470334413,
[92mINFO [0m:      	                       'fn': 56,
[92mINFO [0m:      	                       'fp': 16161,
[92mINFO [0m:      	                       'fpr': 0.7402097741950259,
[92mINFO [0m:      	                       'npv': 0.9902234636871509,
[92mINFO [0m:      	                       'ppv': 0.17713849287169042,
[92mINFO [0m:      	                       'precision': 0.17713849287169042,
[92mINFO [0m:      	                       'prevalence': 0.13934878587196467,
[92mINFO [0m:      	                       'recall': 0.9841584158415841,
[92mINFO [0m:      	                       'spec': 0.25979022580497413,
[92mINFO [0m:      	                       'threshold': 0.3,
[92mINFO [0m:      	                       'tn': 5672,
[92mINFO [0m:      	                       'tp': 3479,
[92mINFO [0m:      	                       'tpr': 0.9841584158415841,
[92mINFO [0m:      	                       'youden': 0.24394864164655816},
[92mINFO [0m:      	                      {'alerts_per_1000': 686.1005991800694,
[92mINFO [0m:      	                       'balanced_accuracy': 0.6596821144121465,
[92mINFO [0m:      	                       'f1': 0.32445081184336194,
[92mINFO [0m:      	                       'fn': 138,
[92mINFO [0m:      	                       'fp': 14008,
[92mINFO [0m:      	                       'fpr': 0.6415975816424678,
[92mINFO [0m:      	                       'npv': 0.9826698480472184,
[92mINFO [0m:      	                       'ppv': 0.1951738006320023,
[92mINFO [0m:      	                       'precision': 0.1951738006320023,
[92mINFO [0m:      	                       'prevalence': 0.13934878587196467,
[92mINFO [0m:      	                       'recall': 0.960961810466761,
[92mINFO [0m:      	                       'spec': 0.35840241835753217,
[92mINFO [0m:      	                       'threshold': 0.35,
[92mINFO [0m:      	                       'tn': 7825,
[92mINFO [0m:      	                       'tp': 3397,
[92mINFO [0m:      	                       'tpr': 0.960961810466761,
[92mINFO [0m:      	                       'youden': 0.31936422882429305},
[92mINFO [0m:      	                      {'alerts_per_1000': 605.3295490381582,
[92mINFO [0m:      	                       'balanced_accuracy': 0.6886930176093686,
[92mINFO [0m:      	                       'f1': 0.3481022709226616,
[92mINFO [0m:      	                       'fn': 247,
[92mINFO [0m:      	                       'fp': 12068,
[92mINFO [0m:      	                       'fpr': 0.5527412632253927,
[92mINFO [0m:      	                       'npv': 0.9753296044746305,
[92mINFO [0m:      	                       'ppv': 0.21411825996353218,
[92mINFO [0m:      	                       'precision': 0.21411825996353218,
[92mINFO [0m:      	                       'prevalence': 0.13934878587196467,
[92mINFO [0m:      	                       'recall': 0.9301272984441301,
[92mINFO [0m:      	                       'spec': 0.44725873677460726,
[92mINFO [0m:      	                       'threshold': 0.4,
[92mINFO [0m:      	                       'tn': 9765,
[92mINFO [0m:      	                       'tp': 3288,
[92mINFO [0m:      	                       'tpr': 0.9301272984441301,
[92mINFO [0m:      	                       'youden': 0.37738603521873726},
[92mINFO [0m:      	                      {'alerts_per_1000': 530.2349416587828,
[92mINFO [0m:      	                       'balanced_accuracy': 0.7102975648180858,
[92mINFO [0m:      	                       'f1': 0.3713646532438479,
[92mINFO [0m:      	                       'fn': 381,
[92mINFO [0m:      	                       'fp': 10297,
[92mINFO [0m:      	                       'fpr': 0.4716255210003206,
[92mINFO [0m:      	                       'npv': 0.9680288663254175,
[92mINFO [0m:      	                       'ppv': 0.23448070775407032,
[92mINFO [0m:      	                       'precision': 0.23448070775407032,
[92mINFO [0m:      	                       'prevalence': 0.13934878587196467,
[92mINFO [0m:      	                       'recall': 0.8922206506364923,
[92mINFO [0m:      	                       'spec': 0.5283744789996794,
[92mINFO [0m:      	                       'threshold': 0.45,
[92mINFO [0m:      	                       'tn': 11536,
[92mINFO [0m:      	                       'tp': 3154,
[92mINFO [0m:      	                       'tpr': 0.8922206506364923,
[92mINFO [0m:      	                       'youden': 0.4205951296361716},
[92mINFO [0m:      	                      {'alerts_per_1000': 461.40807316304006,
[92mINFO [0m:      	                       'balanced_accuracy': 0.7225088010564442,
[92mINFO [0m:      	                       'f1': 0.39173228346456695,
[92mINFO [0m:      	                       'fn': 550,
[92mINFO [0m:      	                       'fp': 8720,
[92mINFO [0m:      	                       'fpr': 0.399395410616956,
[92mINFO [0m:      	                       'npv': 0.9597452975188465,
[92mINFO [0m:      	                       'ppv': 0.2550192225544639,
[92mINFO [0m:      	                       'precision': 0.2550192225544639,
[92mINFO [0m:      	                       'prevalence': 0.13934878587196467,
[92mINFO [0m:      	                       'recall': 0.8444130127298444,
[92mINFO [0m:      	                       'spec': 0.6006045893830441,
[92mINFO [0m:      	                       'threshold': 0.5,
[92mINFO [0m:      	                       'tn': 13113,
[92mINFO [0m:      	                       'tp': 2985,
[92mINFO [0m:      	                       'tpr': 0.8444130127298444,
[92mINFO [0m:      	                       'youden': 0.44501760211288843},
[92mINFO [0m:      	                      {'alerts_per_1000': 392.97540208136235,
[92mINFO [0m:      	                       'balanced_accuracy': 0.7264381785588443,
[92mINFO [0m:      	                       'f1': 0.40980450236966826,
[92mINFO [0m:      	                       'fn': 768,
[92mINFO [0m:      	                       'fp': 7202,
[92mINFO [0m:      	                       'fpr': 0.32986763156689414,
[92mINFO [0m:      	                       'npv': 0.9501266315994545,
[92mINFO [0m:      	                       'ppv': 0.277560437355803,
[92mINFO [0m:      	                       'precision': 0.277560437355803,
[92mINFO [0m:      	                       'prevalence': 0.13934878587196467,
[92mINFO [0m:      	                       'recall': 0.7827439886845827,
[92mINFO [0m:      	                       'spec': 0.6701323684331059,
[92mINFO [0m:      	                       'threshold': 0.55,
[92mINFO [0m:      	                       'tn': 14631,
[92mINFO [0m:      	                       'tp': 2767,
[92mINFO [0m:      	                       'tpr': 0.7827439886845827,
[92mINFO [0m:      	                       'youden': 0.4528763571176886},
[92mINFO [0m:      	                      {'alerts_per_1000': 325.1340271207821,
[92mINFO [0m:      	                       'balanced_accuracy': 0.7241076615333406,
[92mINFO [0m:      	                       'f1': 0.4265467198506323,
[92mINFO [0m:      	                       'fn': 1022,
[92mINFO [0m:      	                       'fp': 5735,
[92mINFO [0m:      	                       'fpr': 0.26267576604222964,
[92mINFO [0m:      	                       'npv': 0.940303738317757,
[92mINFO [0m:      	                       'ppv': 0.3046799224054316,
[92mINFO [0m:      	                       'precision': 0.3046799224054316,
[92mINFO [0m:      	                       'prevalence': 0.13934878587196467,
[92mINFO [0m:      	                       'recall': 0.7108910891089109,
[92mINFO [0m:      	                       'spec': 0.7373242339577704,
[92mINFO [0m:      	                       'threshold': 0.6,
[92mINFO [0m:      	                       'tn': 16098,
[92mINFO [0m:      	                       'tp': 2513,
[92mINFO [0m:      	                       'tpr': 0.7108910891089109,
[92mINFO [0m:      	                       'youden': 0.4482153230666812},
[92mINFO [0m:      	                      {'alerts_per_1000': 261.7076631977294,
[92mINFO [0m:      	                       'balanced_accuracy': 0.7137888735055891,
[92mINFO [0m:      	                       'f1': 0.4375860035384313,
[92mINFO [0m:      	                       'fn': 1309,
[92mINFO [0m:      	                       'fp': 4413,
[92mINFO [0m:      	                       'fpr': 0.2021252232858517,
[92mINFO [0m:      	                       'npv': 0.9301083880612954,
[92mINFO [0m:      	                       'ppv': 0.3352914595571622,
[92mINFO [0m:      	                       'precision': 0.3352914595571622,
[92mINFO [0m:      	                       'prevalence': 0.13934878587196467,
[92mINFO [0m:      	                       'recall': 0.6297029702970297,
[92mINFO [0m:      	                       'spec': 0.7978747767141483,
[92mINFO [0m:      	                       'threshold': 0.65,
[92mINFO [0m:      	                       'tn': 17420,
[92mINFO [0m:      	                       'tp': 2226,
[92mINFO [0m:      	                       'tpr': 0.6297029702970297,
[92mINFO [0m:      	                       'youden': 0.4275777470111781},
[92mINFO [0m:      	                      {'alerts_per_1000': 202.89340901923683,
[92mINFO [0m:      	                       'balanced_accuracy': 0.6922447761654287,
[92mINFO [0m:      	                       'f1': 0.4346924671734623,
[92mINFO [0m:      	                       'fn': 1648,
[92mINFO [0m:      	                       'fp': 3260,
[92mINFO [0m:      	                       'fpr': 0.14931525672147666,
[92mINFO [0m:      	                       'npv': 0.9185005687156916,
[92mINFO [0m:      	                       'ppv': 0.3666213328152322,
[92mINFO [0m:      	                       'precision': 0.3666213328152322,
[92mINFO [0m:      	                       'prevalence': 0.13934878587196467,
[92mINFO [0m:      	                       'recall': 0.5338048090523339,
[92mINFO [0m:      	                       'spec': 0.8506847432785234,
[92mINFO [0m:      	                       'threshold': 0.7,
[92mINFO [0m:      	                       'tn': 18573,
[92mINFO [0m:      	                       'tp': 1887,
[92mINFO [0m:      	                       'tpr': 0.5338048090523339,
[92mINFO [0m:      	                       'youden': 0.38448955233085735}]),
[92mINFO [0m:      	                    (40,
[92mINFO [0m:      	                     [{'alerts_per_1000': 967.675812046673,
[92mINFO [0m:      	                       'balanced_accuracy': 0.518121537340378,
[92mINFO [0m:      	                       'f1': 0.2514688601645123,
[92mINFO [0m:      	                       'fn': 4,
[92mINFO [0m:      	                       'fp': 21017,
[92mINFO [0m:      	                       'fpr': 0.9626253835936427,
[92mINFO [0m:      	                       'npv': 0.9951219512195122,
[92mINFO [0m:      	                       'ppv': 0.14384063874857422,
[92mINFO [0m:      	                       'precision': 0.14384063874857422,
[92mINFO [0m:      	                       'prevalence': 0.13934878587196467,
[92mINFO [0m:      	                       'recall': 0.9988684582743989,
[92mINFO [0m:      	                       'spec': 0.03737461640635731,
[92mINFO [0m:      	                       'threshold': 0.15,
[92mINFO [0m:      	                       'tn': 816,
[92mINFO [0m:      	                       'tp': 3531,
[92mINFO [0m:      	                       'tpr': 0.9988684582743989,
[92mINFO [0m:      	                       'youden': 0.03624307468075605},
[92mINFO [0m:      	                      {'alerts_per_1000': 895.8136234626301,
[92mINFO [0m:      	                       'balanced_accuracy': 0.5580624842129703,
[92mINFO [0m:      	                       'f1': 0.2680883472962681,
[92mINFO [0m:      	                       'fn': 15,
[92mINFO [0m:      	                       'fp': 19205,
[92mINFO [0m:      	                       'fpr': 0.879631750103055,
[92mINFO [0m:      	                       'npv': 0.9943246311010215,
[92mINFO [0m:      	                       'ppv': 0.1548954895489549,
[92mINFO [0m:      	                       'precision': 0.1548954895489549,
[92mINFO [0m:      	                       'prevalence': 0.13934878587196467,
[92mINFO [0m:      	                       'recall': 0.9957567185289957,
[92mINFO [0m:      	                       'spec': 0.12036824989694495,
[92mINFO [0m:      	                       'threshold': 0.2,
[92mINFO [0m:      	                       'tn': 2628,
[92mINFO [0m:      	                       'tp': 3520,
[92mINFO [0m:      	                       'tpr': 0.9957567185289957,
[92mINFO [0m:      	                       'youden': 0.11612496842594067},
[92mINFO [0m:      	                      {'alerts_per_1000': 809.1690318511511,
[92mINFO [0m:      	                       'balanced_accuracy': 0.6044548786853219,
[92mINFO [0m:      	                       'f1': 0.2905826614579004,
[92mINFO [0m:      	                       'fn': 39,
[92mINFO [0m:      	                       'fp': 17031,
[92mINFO [0m:      	                       'fpr': 0.7800577108047451,
[92mINFO [0m:      	                       'npv': 0.9919438132617228,
[92mINFO [0m:      	                       'ppv': 0.17031227164222731,
[92mINFO [0m:      	                       'precision': 0.17031227164222731,
[92mINFO [0m:      	                       'prevalence': 0.13934878587196467,
[92mINFO [0m:      	                       'recall': 0.9889674681753889,
[92mINFO [0m:      	                       'spec': 0.21994228919525494,
[92mINFO [0m:      	                       'threshold': 0.25,
[92mINFO [0m:      	                       'tn': 4802,
[92mINFO [0m:      	                       'tp': 3496,
[92mINFO [0m:      	                       'tpr': 0.9889674681753889,
[92mINFO [0m:      	                       'youden': 0.20890975737064377},
[92mINFO [0m:      	                      {'alerts_per_1000': 723.6281929990539,
[92mINFO [0m:      	                       'balanced_accuracy': 0.6457687586190947,
[92mINFO [0m:      	                       'f1': 0.3147268408551069,
[92mINFO [0m:      	                       'fn': 90,
[92mINFO [0m:      	                       'fp': 14912,
[92mINFO [0m:      	                       'fpr': 0.6830027939357852,
[92mINFO [0m:      	                       'npv': 0.9871630295250321,
[92mINFO [0m:      	                       'ppv': 0.18766683009206298,
[92mINFO [0m:      	                       'precision': 0.18766683009206298,
[92mINFO [0m:      	                       'prevalence': 0.13934878587196467,
[92mINFO [0m:      	                       'recall': 0.9745403111739745,
[92mINFO [0m:      	                       'spec': 0.3169972060642148,
[92mINFO [0m:      	                       'threshold': 0.3,
[92mINFO [0m:      	                       'tn': 6921,
[92mINFO [0m:      	                       'tp': 3445,
[92mINFO [0m:      	                       'tpr': 0.9745403111739745,
[92mINFO [0m:      	                       'youden': 0.2915375172381893},
[92mINFO [0m:      	                      {'alerts_per_1000': 644.5127719962157,
[92mINFO [0m:      	                       'balanced_accuracy': 0.6777620669592265,
[92mINFO [0m:      	                       'f1': 0.33794317324616546,
[92mINFO [0m:      	                       'fn': 175,
[92mINFO [0m:      	                       'fp': 12990,
[92mINFO [0m:      	                       'fpr': 0.5949709155864975,
[92mINFO [0m:      	                       'npv': 0.9805943668219117,
[92mINFO [0m:      	                       'ppv': 0.20550458715596331,
[92mINFO [0m:      	                       'precision': 0.20550458715596331,
[92mINFO [0m:      	                       'prevalence': 0.13934878587196467,
[92mINFO [0m:      	                       'recall': 0.9504950495049505,
[92mINFO [0m:      	                       'spec': 0.4050290844135025,
[92mINFO [0m:      	                       'threshold': 0.35,
[92mINFO [0m:      	                       'tn': 8843,
[92mINFO [0m:      	                       'tp': 3360,
[92mINFO [0m:      	                       'tpr': 0.9504950495049505,
[92mINFO [0m:      	                       'youden': 0.35552413391845294},
[92mINFO [0m:      	                      {'alerts_per_1000': 572.7294228949859,
[92mINFO [0m:      	                       'balanced_accuracy': 0.6997437342781592,
[92mINFO [0m:      	                       'f1': 0.3587245349867139,
[92mINFO [0m:      	                       'fn': 295,
[92mINFO [0m:      	                       'fp': 11289,
[92mINFO [0m:      	                       'fpr': 0.5170613291805982,
[92mINFO [0m:      	                       'npv': 0.9727834671095119,
[92mINFO [0m:      	                       'ppv': 0.2230022713194301,
[92mINFO [0m:      	                       'precision': 0.2230022713194301,
[92mINFO [0m:      	                       'prevalence': 0.13934878587196467,
[92mINFO [0m:      	                       'recall': 0.9165487977369166,
[92mINFO [0m:      	                       'spec': 0.4829386708194018,
[92mINFO [0m:      	                       'threshold': 0.4,
[92mINFO [0m:      	                       'tn': 10544,
[92mINFO [0m:      	                       'tp': 3240,
[92mINFO [0m:      	                       'tpr': 0.9165487977369166,
[92mINFO [0m:      	                       'youden': 0.39948746855631834},
[92mINFO [0m:      	                      {'alerts_per_1000': 509.8943550930306,
[92mINFO [0m:      	                       'balanced_accuracy': 0.7153764421465735,
[92mINFO [0m:      	                       'f1': 0.37802064359441406,
[92mINFO [0m:      	                       'fn': 422,
[92mINFO [0m:      	                       'fp': 9822,
[92mINFO [0m:      	                       'fpr': 0.44986946365593367,
[92mINFO [0m:      	                       'npv': 0.9660580712619641,
[92mINFO [0m:      	                       'ppv': 0.24066486277541554,
[92mINFO [0m:      	                       'precision': 0.24066486277541554,
[92mINFO [0m:      	                       'prevalence': 0.13934878587196467,
[92mINFO [0m:      	                       'recall': 0.8806223479490807,
[92mINFO [0m:      	                       'spec': 0.5501305363440663,
[92mINFO [0m:      	                       'threshold': 0.45,
[92mINFO [0m:      	                       'tn': 12011,
[92mINFO [0m:      	                       'tp': 3113,
[92mINFO [0m:      	                       'tpr': 0.8806223479490807,
[92mINFO [0m:      	                       'youden': 0.43075288429314695},
[92mINFO [0m:      	                      {'alerts_per_1000': 448.08420056764425,
[92mINFO [0m:      	                       'balanced_accuracy': 0.7263051253597855,
[92mINFO [0m:      	                       'f1': 0.3973963226412562,
[92mINFO [0m:      	                       'fn': 574,
[92mINFO [0m:      	                       'fp': 8406,
[92mINFO [0m:      	                       'fpr': 0.38501351165666653,
[92mINFO [0m:      	                       'npv': 0.9590029283622599,
[92mINFO [0m:      	                       'ppv': 0.2604908946951702,
[92mINFO [0m:      	                       'precision': 0.2604908946951702,
[92mINFO [0m:      	                       'prevalence': 0.13934878587196467,
[92mINFO [0m:      	                       'recall': 0.8376237623762376,
[92mINFO [0m:      	                       'spec': 0.6149864883433335,
[92mINFO [0m:      	                       'threshold': 0.5,
[92mINFO [0m:      	                       'tn': 13427,
[92mINFO [0m:      	                       'tp': 2961,
[92mINFO [0m:      	                       'tpr': 0.8376237623762376,
[92mINFO [0m:      	                       'youden': 0.45261025071957106},
[92mINFO [0m:      	                      {'alerts_per_1000': 387.1018606117944,
[92mINFO [0m:      	                       'balanced_accuracy': 0.7306721635384351,
[92mINFO [0m:      	                       'f1': 0.41512542119056534,
[92mINFO [0m:      	                       'fn': 763,
[92mINFO [0m:      	                       'fp': 7048,
[92mINFO [0m:      	                       'fpr': 0.32281408876471396,
[92mINFO [0m:      	                       'npv': 0.9509261641368665,
[92mINFO [0m:      	                       'ppv': 0.28228105906313644,
[92mINFO [0m:      	                       'precision': 0.28228105906313644,
[92mINFO [0m:      	                       'prevalence': 0.13934878587196467,
[92mINFO [0m:      	                       'recall': 0.7841584158415842,
[92mINFO [0m:      	                       'spec': 0.677185911235286,
[92mINFO [0m:      	                       'threshold': 0.55,
[92mINFO [0m:      	                       'tn': 14785,
[92mINFO [0m:      	                       'tp': 2772,
[92mINFO [0m:      	                       'tpr': 0.7841584158415842,
[92mINFO [0m:      	                       'youden': 0.46134432707687023},
[92mINFO [0m:      	                      {'alerts_per_1000': 326.31661936297695,
[92mINFO [0m:      	                       'balanced_accuracy': 0.7283509430043449,
[92mINFO [0m:      	                       'f1': 0.4305426225344959,
[92mINFO [0m:      	                       'fn': 992,
[92mINFO [0m:      	                       'fp': 5735,
[92mINFO [0m:      	                       'fpr': 0.26267576604222964,
[92mINFO [0m:      	                       'npv': 0.9419543592744295,
[92mINFO [0m:      	                       'ppv': 0.3071998067165982,
[92mINFO [0m:      	                       'precision': 0.3071998067165982,
[92mINFO [0m:      	                       'prevalence': 0.13934878587196467,
[92mINFO [0m:      	                       'recall': 0.7193776520509194,
[92mINFO [0m:      	                       'spec': 0.7373242339577704,
[92mINFO [0m:      	                       'threshold': 0.6,
[92mINFO [0m:      	                       'tn': 16098,
[92mINFO [0m:      	                       'tp': 2543,
[92mINFO [0m:      	                       'tpr': 0.7193776520509194,
[92mINFO [0m:      	                       'youden': 0.4567018860086898},
[92mINFO [0m:      	                      {'alerts_per_1000': 267.34468621885844,
[92mINFO [0m:      	                       'balanced_accuracy': 0.719717268754311,
[92mINFO [0m:      	                       'f1': 0.44237665988174857,
[92mINFO [0m:      	                       'fn': 1253,
[92mINFO [0m:      	                       'fp': 4500,
[92mINFO [0m:      	                       'fpr': 0.20611001694682363,
[92mINFO [0m:      	                       'npv': 0.9325836651242871,
[92mINFO [0m:      	                       'ppv': 0.33647891477440284,
[92mINFO [0m:      	                       'precision': 0.33647891477440284,
[92mINFO [0m:      	                       'prevalence': 0.13934878587196467,
[92mINFO [0m:      	                       'recall': 0.6455445544554456,
[92mINFO [0m:      	                       'spec': 0.7938899830531764,
[92mINFO [0m:      	                       'threshold': 0.65,
[92mINFO [0m:      	                       'tn': 17333,
[92mINFO [0m:      	                       'tp': 2282,
[92mINFO [0m:      	                       'tpr': 0.6455445544554456,
[92mINFO [0m:      	                       'youden': 0.43943453750862194},
[92mINFO [0m:      	                      {'alerts_per_1000': 213.06370230211292,
[92mINFO [0m:      	                       'balanced_accuracy': 0.6993194514797973,
[92mINFO [0m:      	                       'f1': 0.4398210290827741,
[92mINFO [0m:      	                       'fn': 1569,
[92mINFO [0m:      	                       'fp': 3439,
[92mINFO [0m:      	                       'fpr': 0.15751385517336142,
[92mINFO [0m:      	                       'npv': 0.9214045985072384,
[92mINFO [0m:      	                       'ppv': 0.3637372802960222,
[92mINFO [0m:      	                       'precision': 0.3637372802960222,
[92mINFO [0m:      	                       'prevalence': 0.13934878587196467,
[92mINFO [0m:      	                       'recall': 0.5561527581329562,
[92mINFO [0m:      	                       'spec': 0.8424861448266385,
[92mINFO [0m:      	                       'threshold': 0.7,
[92mINFO [0m:      	                       'tn': 18394,
[92mINFO [0m:      	                       'tp': 1966,
[92mINFO [0m:      	                       'tpr': 0.5561527581329562,
[92mINFO [0m:      	                       'youden': 0.3986389029595947}]),
[92mINFO [0m:      	                    (50,
[92mINFO [0m:      	                     [{'alerts_per_1000': 938.5840428886787,
[92mINFO [0m:      	                       'balanced_accuracy': 0.5346938710726292,
[92mINFO [0m:      	                       'f1': 0.25810934357286525,
[92mINFO [0m:      	                       'fn': 6,
[92mINFO [0m:      	                       'fp': 20281,
[92mINFO [0m:      	                       'fpr': 0.92891494526634,
[92mINFO [0m:      	                       'npv': 0.9961489088575096,
[92mINFO [0m:      	                       'ppv': 0.148215035699286,
[92mINFO [0m:      	                       'precision': 0.148215035699286,
[92mINFO [0m:      	                       'prevalence': 0.13934878587196467,
[92mINFO [0m:      	                       'recall': 0.9983026874115983,
[92mINFO [0m:      	                       'spec': 0.07108505473366,
[92mINFO [0m:      	                       'threshold': 0.15,
[92mINFO [0m:      	                       'tn': 1552,
[92mINFO [0m:      	                       'tp': 3529,
[92mINFO [0m:      	                       'tpr': 0.9983026874115983,
[92mINFO [0m:      	                       'youden': 0.06938774214525845},
[92mINFO [0m:      	                      {'alerts_per_1000': 856.0391043834752,
[92mINFO [0m:      	                       'balanced_accuracy': 0.5798549565944549,
[92mINFO [0m:      	                       'f1': 0.27816720129895844,
[92mINFO [0m:      	                       'fn': 23,
[92mINFO [0m:      	                       'fp': 18204,
[92mINFO [0m:      	                       'fpr': 0.8337837218888838,
[92mINFO [0m:      	                       'npv': 0.9937020810514786,
[92mINFO [0m:      	                       'ppv': 0.16172407441517775,
[92mINFO [0m:      	                       'precision': 0.16172407441517775,
[92mINFO [0m:      	                       'prevalence': 0.13934878587196467,
[92mINFO [0m:      	                       'recall': 0.9934936350777935,
[92mINFO [0m:      	                       'spec': 0.16621627811111617,
[92mINFO [0m:      	                       'threshold': 0.2,
[92mINFO [0m:      	                       'tn': 3629,
[92mINFO [0m:      	                       'tp': 3512,
[92mINFO [0m:      	                       'tpr': 0.9934936350777935,
[92mINFO [0m:      	                       'youden': 0.1597099131889097},
[92mINFO [0m:      	                      {'alerts_per_1000': 772.4298328602964,
[92mINFO [0m:      	                       'balanced_accuracy': 0.6238265900514844,
[92mINFO [0m:      	                       'f1': 0.3012537829658452,
[92mINFO [0m:      	                       'fn': 51,
[92mINFO [0m:      	                       'fp': 16111,
[92mINFO [0m:      	                       'fpr': 0.7379196628956167,
[92mINFO [0m:      	                       'npv': 0.9911657716958254,
[92mINFO [0m:      	                       'ppv': 0.17780045930084204,
[92mINFO [0m:      	                       'precision': 0.17780045930084204,
[92mINFO [0m:      	                       'prevalence': 0.13934878587196467,
[92mINFO [0m:      	                       'recall': 0.9855728429985856,
[92mINFO [0m:      	                       'spec': 0.2620803371043833,
[92mINFO [0m:      	                       'threshold': 0.25,
[92mINFO [0m:      	                       'tn': 5722,
[92mINFO [0m:      	                       'tp': 3484,
[92mINFO [0m:      	                       'tpr': 0.9855728429985856,
[92mINFO [0m:      	                       'youden': 0.24765318010296888},
[92mINFO [0m:      	                      {'alerts_per_1000': 694.2210659098076,
[92mINFO [0m:      	                       'balanced_accuracy': 0.6589087370240253,
[92mINFO [0m:      	                       'f1': 0.3235600113496642,
[92mINFO [0m:      	                       'fn': 114,
[92mINFO [0m:      	                       'fp': 14190,
[92mINFO [0m:      	                       'fpr': 0.6499335867723172,
[92mINFO [0m:      	                       'npv': 0.9853035967513214,
[92mINFO [0m:      	                       'ppv': 0.1942535915053092,
[92mINFO [0m:      	                       'precision': 0.1942535915053092,
[92mINFO [0m:      	                       'prevalence': 0.13934878587196467,
[92mINFO [0m:      	                       'recall': 0.9677510608203678,
[92mINFO [0m:      	                       'spec': 0.35006641322768284,
[92mINFO [0m:      	                       'threshold': 0.3,
[92mINFO [0m:      	                       'tn': 7643,
[92mINFO [0m:      	                       'tp': 3421,
[92mINFO [0m:      	                       'tpr': 0.9677510608203678,
[92mINFO [0m:      	                       'youden': 0.3178174740480506},
[92mINFO [0m:      	                      {'alerts_per_1000': 622.3194575843582,
[92mINFO [0m:      	                       'balanced_accuracy': 0.6860537663714614,
[92mINFO [0m:      	                       'f1': 0.344891833143567,
[92mINFO [0m:      	                       'fn': 203,
[92mINFO [0m:      	                       'fp': 12455,
[92mINFO [0m:      	                       'fpr': 0.5704667246828196,
[92mINFO [0m:      	                       'npv': 0.9788122325435759,
[92mINFO [0m:      	                       'ppv': 0.211059732691455,
[92mINFO [0m:      	                       'precision': 0.211059732691455,
[92mINFO [0m:      	                       'prevalence': 0.13934878587196467,
[92mINFO [0m:      	                       'recall': 0.9425742574257425,
[92mINFO [0m:      	                       'spec': 0.42953327531718044,
[92mINFO [0m:      	                       'threshold': 0.35,
[92mINFO [0m:      	                       'tn': 9378,
[92mINFO [0m:      	                       'tp': 3332,
[92mINFO [0m:      	                       'tpr': 0.9425742574257425,
[92mINFO [0m:      	                       'youden': 0.37210753274292285},
[92mINFO [0m:      	                      {'alerts_per_1000': 557.2374645222328,
[92mINFO [0m:      	                       'balanced_accuracy': 0.7052926512822583,
[92mINFO [0m:      	                       'f1': 0.36432573142436764,
[92mINFO [0m:      	                       'fn': 316,
[92mINFO [0m:      	                       'fp': 10917,
[92mINFO [0m:      	                       'fpr': 0.5000229011129941,
[92mINFO [0m:      	                       'npv': 0.9718660968660968,
[92mINFO [0m:      	                       'ppv': 0.22771646859083192,
[92mINFO [0m:      	                       'precision': 0.22771646859083192,
[92mINFO [0m:      	                       'prevalence': 0.13934878587196467,
[92mINFO [0m:      	                       'recall': 0.9106082036775106,
[92mINFO [0m:      	                       'spec': 0.4999770988870059,
[92mINFO [0m:      	                       'threshold': 0.4,
[92mINFO [0m:      	                       'tn': 10916,
[92mINFO [0m:      	                       'tp': 3219,
[92mINFO [0m:      	                       'tpr': 0.9106082036775106,
[92mINFO [0m:      	                       'youden': 0.41058530256451653},
[92mINFO [0m:      	                      {'alerts_per_1000': 497.9501734468622,
[92mINFO [0m:      	                       'balanced_accuracy': 0.720014665782064,
[92mINFO [0m:      	                       'f1': 0.3833735386899239,
[92mINFO [0m:      	                       'fn': 436,
[92mINFO [0m:      	                       'fp': 9533,
[92mINFO [0m:      	                       'fpr': 0.4366326203453488,
[92mINFO [0m:      	                       'npv': 0.9657663316582915,
[92mINFO [0m:      	                       'ppv': 0.24532932235592148,
[92mINFO [0m:      	                       'precision': 0.24532932235592148,
[92mINFO [0m:      	                       'prevalence': 0.13934878587196467,
[92mINFO [0m:      	                       'recall': 0.8766619519094767,
[92mINFO [0m:      	                       'spec': 0.5633673796546512,
[92mINFO [0m:      	                       'threshold': 0.45,
[92mINFO [0m:      	                       'tn': 12300,
[92mINFO [0m:      	                       'tp': 3099,
[92mINFO [0m:      	                       'tpr': 0.8766619519094767,
[92mINFO [0m:      	                       'youden': 0.44002933156412793},
[92mINFO [0m:      	                      {'alerts_per_1000': 441.77704194260485,
[92mINFO [0m:      	                       'balanced_accuracy': 0.729804959610146,
[92mINFO [0m:      	                       'f1': 0.40157373490706827,
[92mINFO [0m:      	                       'fn': 575,
[92mINFO [0m:      	                       'fp': 8247,
[92mINFO [0m:      	                       'fpr': 0.3777309577245454,
[92mINFO [0m:      	                       'npv': 0.9593955229150484,
[92mINFO [0m:      	                       'ppv': 0.2641206388864103,
[92mINFO [0m:      	                       'precision': 0.2641206388864103,
[92mINFO [0m:      	                       'prevalence': 0.13934878587196467,
[92mINFO [0m:      	                       'recall': 0.8373408769448374,
[92mINFO [0m:      	                       'spec': 0.6222690422754547,
[92mINFO [0m:      	                       'threshold': 0.5,
[92mINFO [0m:      	                       'tn': 13586,
[92mINFO [0m:      	                       'tp': 2960,
[92mINFO [0m:      	                       'tpr': 0.8373408769448374,
[92mINFO [0m:      	                       'youden': 0.45960991922029204},
[92mINFO [0m:      	                      {'alerts_per_1000': 385.3279722485021,
[92mINFO [0m:      	                       'balanced_accuracy': 0.7325244327666404,
[92mINFO [0m:      	                       'f1': 0.4172802404207363,
[92mINFO [0m:      	                       'fn': 758,
[92mINFO [0m:      	                       'fp': 6998,
[92mINFO [0m:      	                       'fpr': 0.3205239774653048,
[92mINFO [0m:      	                       'npv': 0.9513884435323543,
[92mINFO [0m:      	                       'ppv': 0.2840920716112532,
[92mINFO [0m:      	                       'precision': 0.2840920716112532,
[92mINFO [0m:      	                       'prevalence': 0.13934878587196467,
[92mINFO [0m:      	                       'recall': 0.7855728429985855,
[92mINFO [0m:      	                       'spec': 0.6794760225346952,
[92mINFO [0m:      	                       'threshold': 0.55,
[92mINFO [0m:      	                       'tn': 14835,
[92mINFO [0m:      	                       'tp': 2777,
[92mINFO [0m:      	                       'tpr': 0.7855728429985855,
[92mINFO [0m:      	                       'youden': 0.46504886553328073},
[92mINFO [0m:      	                      {'alerts_per_1000': 329.4307789340902,
[92mINFO [0m:      	                       'balanced_accuracy': 0.7321294452534155,
[92mINFO [0m:      	                       'f1': 0.4334006054490414,
[92mINFO [0m:      	                       'fn': 958,
[92mINFO [0m:      	                       'fp': 5780,
[92mINFO [0m:      	                       'fpr': 0.2647368662116979,
[92mINFO [0m:      	                       'npv': 0.9436834989124684,
[92mINFO [0m:      	                       'ppv': 0.30836424554265884,
[92mINFO [0m:      	                       'precision': 0.30836424554265884,
[92mINFO [0m:      	                       'prevalence': 0.13934878587196467,
[92mINFO [0m:      	                       'recall': 0.728995756718529,
[92mINFO [0m:      	                       'spec': 0.7352631337883021,
[92mINFO [0m:      	                       'threshold': 0.6,
[92mINFO [0m:      	                       'tn': 16053,
[92mINFO [0m:      	                       'tp': 2577,
[92mINFO [0m:      	                       'tpr': 0.728995756718529,
[92mINFO [0m:      	                       'youden': 0.464258890506831},
[92mINFO [0m:      	                      {'alerts_per_1000': 272.7846105329549,
[92mINFO [0m:      	                       'balanced_accuracy': 0.7211585423645649,
[92mINFO [0m:      	                       'f1': 0.4418938307030129,
[92mINFO [0m:      	                       'fn': 1225,
[92mINFO [0m:      	                       'fp': 4610,
[92mINFO [0m:      	                       'fpr': 0.21114826180552373,
[92mINFO [0m:      	                       'npv': 0.9335971379011275,
[92mINFO [0m:      	                       'ppv': 0.3338150289017341,
[92mINFO [0m:      	                       'precision': 0.3338150289017341,
[92mINFO [0m:      	                       'prevalence': 0.13934878587196467,
[92mINFO [0m:      	                       'recall': 0.6534653465346535,
[92mINFO [0m:      	                       'spec': 0.7888517381944763,
[92mINFO [0m:      	                       'threshold': 0.65,
[92mINFO [0m:      	                       'tn': 17223,
[92mINFO [0m:      	                       'tp': 2310,
[92mINFO [0m:      	                       'tpr': 0.6534653465346535,
[92mINFO [0m:      	                       'youden': 0.4423170847291298},
[92mINFO [0m:      	                      {'alerts_per_1000': 221.26300851466416,
[92mINFO [0m:      	                       'balanced_accuracy': 0.7052383688421515,
[92mINFO [0m:      	                       'f1': 0.4440314822912112,
[92mINFO [0m:      	                       'fn': 1504,
[92mINFO [0m:      	                       'fp': 3582,
[92mINFO [0m:      	                       'fpr': 0.1640635734896716,
[92mINFO [0m:      	                       'npv': 0.9238673753480131,
[92mINFO [0m:      	                       'ppv': 0.361838588989845,
[92mINFO [0m:      	                       'precision': 0.361838588989845,
[92mINFO [0m:      	                       'prevalence': 0.13934878587196467,
[92mINFO [0m:      	                       'recall': 0.5745403111739745,
[92mINFO [0m:      	                       'spec': 0.8359364265103284,
[92mINFO [0m:      	                       'threshold': 0.7,
[92mINFO [0m:      	                       'tn': 18251,
[92mINFO [0m:      	                       'tp': 2031,
[92mINFO [0m:      	                       'tpr': 0.5745403111739745,
[92mINFO [0m:      	                       'youden': 0.41047673768430304}]),
[92mINFO [0m:      	                    (60,
[92mINFO [0m:      	                     [{'alerts_per_1000': 914.1438032166509,
[92mINFO [0m:      	                       'balanced_accuracy': 0.5483995296428832,
[92mINFO [0m:      	                       'f1': 0.26387277829747435,
[92mINFO [0m:      	                       'fn': 9,
[92mINFO [0m:      	                       'fp': 19664,
[92mINFO [0m:      	                       'fpr': 0.900654971831631,
[92mINFO [0m:      	                       'npv': 0.9958677685950413,
[92mINFO [0m:      	                       'ppv': 0.1520482966796033,
[92mINFO [0m:      	                       'precision': 0.1520482966796033,
[92mINFO [0m:      	                       'prevalence': 0.13934878587196467,
[92mINFO [0m:      	                       'recall': 0.9974540311173975,
[92mINFO [0m:      	                       'spec': 0.09934502816836899,
[92mINFO [0m:      	                       'threshold': 0.15,
[92mINFO [0m:      	                       'tn': 2169,
[92mINFO [0m:      	                       'tp': 3526,
[92mINFO [0m:      	                       'tpr': 0.9974540311173975,
[92mINFO [0m:      	                       'youden': 0.09679905928576638},
[92mINFO [0m:      	                      {'alerts_per_1000': 830.1403342794072,
[92mINFO [0m:      	                       'balanced_accuracy': 0.5939149248594076,
[92mINFO [0m:      	                       'f1': 0.2851101894771082,
[92mINFO [0m:      	                       'fn': 29,
[92mINFO [0m:      	                       'fp': 17553,
[92mINFO [0m:      	                       'fpr': 0.8039664727705766,
[92mINFO [0m:      	                       'npv': 0.9932699002088652,
[92mINFO [0m:      	                       'ppv': 0.16648463839688493,
[92mINFO [0m:      	                       'precision': 0.16648463839688493,
[92mINFO [0m:      	                       'prevalence': 0.13934878587196467,
[92mINFO [0m:      	                       'recall': 0.9917963224893918,
[92mINFO [0m:      	                       'spec': 0.19603352722942335,
[92mINFO [0m:      	                       'threshold': 0.2,
[92mINFO [0m:      	                       'tn': 4280,
[92mINFO [0m:      	                       'tp': 3506,
[92mINFO [0m:      	                       'tpr': 0.9917963224893918,
[92mINFO [0m:      	                       'youden': 0.1878298497188151},
[92mINFO [0m:      	                      {'alerts_per_1000': 749.369284137496,
[92mINFO [0m:      	                       'balanced_accuracy': 0.6352516152086971,
[92mINFO [0m:      	                       'f1': 0.30800620980261695,
[92mINFO [0m:      	                       'fn': 63,
[92mINFO [0m:      	                       'fp': 15538,
[92mINFO [0m:      	                       'fpr': 0.7116749874043878,
[92mINFO [0m:      	                       'npv': 0.9900912236552375,
[92mINFO [0m:      	                       'ppv': 0.18264071541294055,
[92mINFO [0m:      	                       'precision': 0.18264071541294055,
[92mINFO [0m:      	                       'prevalence': 0.13934878587196467,
[92mINFO [0m:      	                       'recall': 0.9821782178217822,
[92mINFO [0m:      	                       'spec': 0.28832501259561216,
[92mINFO [0m:      	                       'threshold': 0.25,
[92mINFO [0m:      	                       'tn': 6295,
[92mINFO [0m:      	                       'tp': 3472,
[92mINFO [0m:      	                       'tpr': 0.9821782178217822,
[92mINFO [0m:      	                       'youden': 0.2705032304173942},
[92mINFO [0m:      	                      {'alerts_per_1000': 675.8514664143803,
[92mINFO [0m:      	                       'balanced_accuracy': 0.6664581229340816,
[92mINFO [0m:      	                       'f1': 0.32901353965183755,
[92mINFO [0m:      	                       'fn': 133,
[92mINFO [0m:      	                       'fp': 13743,
[92mINFO [0m:      	                       'fpr': 0.6294599917555993,
[92mINFO [0m:      	                       'npv': 0.9838258543110787,
[92mINFO [0m:      	                       'ppv': 0.1984251968503937,
[92mINFO [0m:      	                       'precision': 0.1984251968503937,
[92mINFO [0m:      	                       'prevalence': 0.13934878587196467,
[92mINFO [0m:      	                       'recall': 0.9623762376237623,
[92mINFO [0m:      	                       'spec': 0.3705400082444007,
[92mINFO [0m:      	                       'threshold': 0.3,
[92mINFO [0m:      	                       'tn': 8090,
[92mINFO [0m:      	                       'tp': 3402,
[92mINFO [0m:      	                       'tpr': 0.9623762376237623,
[92mINFO [0m:      	                       'youden': 0.33291624586816315},
[92mINFO [0m:      	                      {'alerts_per_1000': 608.404288867865,
[92mINFO [0m:      	                       'balanced_accuracy': 0.6905222950271026,
[92mINFO [0m:      	                       'f1': 0.34899045811587326,
[92mINFO [0m:      	                       'fn': 225,
[92mINFO [0m:      	                       'fp': 12124,
[92mINFO [0m:      	                       'fpr': 0.555306187880731,
[92mINFO [0m:      	                       'npv': 0.9773505133883632,
[92mINFO [0m:      	                       'ppv': 0.2144615783335493,
[92mINFO [0m:      	                       'precision': 0.2144615783335493,
[92mINFO [0m:      	                       'prevalence': 0.13934878587196467,
[92mINFO [0m:      	                       'recall': 0.9363507779349364,
[92mINFO [0m:      	                       'spec': 0.44469381211926895,
[92mINFO [0m:      	                       'threshold': 0.35,
[92mINFO [0m:      	                       'tn': 9709,
[92mINFO [0m:      	                       'tp': 3310,
[92mINFO [0m:      	                       'tpr': 0.9363507779349364,
[92mINFO [0m:      	                       'youden': 0.3810445900542052},
[92mINFO [0m:      	                      {'alerts_per_1000': 547.0671712393566,
[92mINFO [0m:      	                       'balanced_accuracy': 0.709229012490403,
[92mINFO [0m:      	                       'f1': 0.3683454890024694,
[92mINFO [0m:      	                       'fn': 328,
[92mINFO [0m:      	                       'fp': 10671,
[92mINFO [0m:      	                       'fpr': 0.4887555535199011,
[92mINFO [0m:      	                       'npv': 0.9714534377719757,
[92mINFO [0m:      	                       'ppv': 0.23108517077388674,
[92mINFO [0m:      	                       'precision': 0.23108517077388674,
[92mINFO [0m:      	                       'prevalence': 0.13934878587196467,
[92mINFO [0m:      	                       'recall': 0.9072135785007072,
[92mINFO [0m:      	                       'spec': 0.5112444464800989,
[92mINFO [0m:      	                       'threshold': 0.4,
[92mINFO [0m:      	                       'tn': 11162,
[92mINFO [0m:      	                       'tp': 3207,
[92mINFO [0m:      	                       'tpr': 0.9072135785007072,
[92mINFO [0m:      	                       'youden': 0.4184580249808061},
[92mINFO [0m:      	                      {'alerts_per_1000': 491.7612740460423,
[92mINFO [0m:      	                       'balanced_accuracy': 0.7221310460638882,
[92mINFO [0m:      	                       'f1': 0.3860087445346659,
[92mINFO [0m:      	                       'fn': 445,
[92mINFO [0m:      	                       'fp': 9385,
[92mINFO [0m:      	                       'fpr': 0.4298538908990977,
[92mINFO [0m:      	                       'npv': 0.9654851469789808,
[92mINFO [0m:      	                       'ppv': 0.24769539078156314,
[92mINFO [0m:      	                       'precision': 0.24769539078156314,
[92mINFO [0m:      	                       'prevalence': 0.13934878587196467,
[92mINFO [0m:      	                       'recall': 0.8741159830268741,
[92mINFO [0m:      	                       'spec': 0.5701461091009024,
[92mINFO [0m:      	                       'threshold': 0.45,
[92mINFO [0m:      	                       'tn': 12448,
[92mINFO [0m:      	                       'tp': 3090,
[92mINFO [0m:      	                       'tpr': 0.8741159830268741,
[92mINFO [0m:      	                       'youden': 0.44426209212777645},
[92mINFO [0m:      	                      {'alerts_per_1000': 437.4014506464838,
[92mINFO [0m:      	                       'balanced_accuracy': 0.7321826393237959,
[92mINFO [0m:      	                       'f1': 0.4044836306472558,
[92mINFO [0m:      	                       'fn': 576,
[92mINFO [0m:      	                       'fp': 8137,
[92mINFO [0m:      	                       'fpr': 0.37269271286584527,
[92mINFO [0m:      	                       'npv': 0.9596412556053812,
[92mINFO [0m:      	                       'ppv': 0.2666726748377794,
[92mINFO [0m:      	                       'precision': 0.2666726748377794,
[92mINFO [0m:      	                       'prevalence': 0.13934878587196467,
[92mINFO [0m:      	                       'recall': 0.8370579915134371,
[92mINFO [0m:      	                       'spec': 0.6273072871341547,
[92mINFO [0m:      	                       'threshold': 0.5,
[92mINFO [0m:      	                       'tn': 13696,
[92mINFO [0m:      	                       'tp': 2959,
[92mINFO [0m:      	                       'tpr': 0.8370579915134371,
[92mINFO [0m:      	                       'youden': 0.4643652786475918},
[92mINFO [0m:      	                      {'alerts_per_1000': 384.2636392305266,
[92mINFO [0m:      	                       'balanced_accuracy': 0.735279232590506,
[92mINFO [0m:      	                       'f1': 0.42008582398554545,
[92mINFO [0m:      	                       'fn': 745,
[92mINFO [0m:      	                       'fp': 6958,
[92mINFO [0m:      	                       'fpr': 0.3186918884257775,
[92mINFO [0m:      	                       'npv': 0.9523047375160051,
[92mINFO [0m:      	                       'ppv': 0.28621255642183013,
[92mINFO [0m:      	                       'precision': 0.28621255642183013,
[92mINFO [0m:      	                       'prevalence': 0.13934878587196467,
[92mINFO [0m:      	                       'recall': 0.7892503536067893,
[92mINFO [0m:      	                       'spec': 0.6813081115742226,
[92mINFO [0m:      	                       'threshold': 0.55,
[92mINFO [0m:      	                       'tn': 14875,
[92mINFO [0m:      	                       'tp': 2790,
[92mINFO [0m:      	                       'tpr': 0.7892503536067893,
[92mINFO [0m:      	                       'youden': 0.47055846518101196},
[92mINFO [0m:      	                      {'alerts_per_1000': 331.5988647114475,
[92mINFO [0m:      	                       'balanced_accuracy': 0.7331706976404597,
[92mINFO [0m:      	                       'f1': 0.4337490583410061,
[92mINFO [0m:      	                       'fn': 944,
[92mINFO [0m:      	                       'fp': 5821,
[92mINFO [0m:      	                       'fpr': 0.2666147574772134,
[92mINFO [0m:      	                       'npv': 0.9443264920971928,
[92mINFO [0m:      	                       'ppv': 0.3080123632905373,
[92mINFO [0m:      	                       'precision': 0.3080123632905373,
[92mINFO [0m:      	                       'prevalence': 0.13934878587196467,
[92mINFO [0m:      	                       'recall': 0.732956152758133,
[92mINFO [0m:      	                       'spec': 0.7333852425227866,
[92mINFO [0m:      	                       'threshold': 0.6,
[92mINFO [0m:      	                       'tn': 16012,
[92mINFO [0m:      	                       'tp': 2591,
[92mINFO [0m:      	                       'tpr': 0.732956152758133,
[92mINFO [0m:      	                       'youden': 0.46634139528091945},
[92mINFO [0m:      	                      {'alerts_per_1000': 276.64774519079157,
[92mINFO [0m:      	                       'balanced_accuracy': 0.7217080783789458,
[92mINFO [0m:      	                       'f1': 0.4410120344925613,
[92mINFO [0m:      	                       'fn': 1208,
[92mINFO [0m:      	                       'fp': 4691,
[92mINFO [0m:      	                       'fpr': 0.21485824211056656,
[92mINFO [0m:      	                       'npv': 0.9341689373297003,
[92mINFO [0m:      	                       'ppv': 0.33157594756340836,
[92mINFO [0m:      	                       'precision': 0.33157594756340836,
[92mINFO [0m:      	                       'prevalence': 0.13934878587196467,
[92mINFO [0m:      	                       'recall': 0.6582743988684583,
[92mINFO [0m:      	                       'spec': 0.7851417578894334,
[92mINFO [0m:      	                       'threshold': 0.65,
[92mINFO [0m:      	                       'tn': 17142,
[92mINFO [0m:      	                       'tp': 2327,
[92mINFO [0m:      	                       'tpr': 0.6582743988684583,
[92mINFO [0m:      	                       'youden': 0.4434161567578916},
[92mINFO [0m:      	                      {'alerts_per_1000': 226.3481551561022,
[92mINFO [0m:      	                       'balanced_accuracy': 0.7077074716128233,
[92mINFO [0m:      	                       'f1': 0.4449714347310553,
[92mINFO [0m:      	                       'fn': 1471,
[92mINFO [0m:      	                       'fp': 3678,
[92mINFO [0m:      	                       'fpr': 0.16846058718453716,
[92mINFO [0m:      	                       'npv': 0.9250484051768063,
[92mINFO [0m:      	                       'ppv': 0.3594566353187043,
[92mINFO [0m:      	                       'precision': 0.3594566353187043,
[92mINFO [0m:      	                       'prevalence': 0.13934878587196467,
[92mINFO [0m:      	                       'recall': 0.5838755304101839,
[92mINFO [0m:      	                       'spec': 0.8315394128154628,
[92mINFO [0m:      	                       'threshold': 0.7,
[92mINFO [0m:      	                       'tn': 18155,
[92mINFO [0m:      	                       'tp': 2064,
[92mINFO [0m:      	                       'tpr': 0.5838755304101839,
[92mINFO [0m:      	                       'youden': 0.41541494322564665}]),
[92mINFO [0m:      	                    (70,
[92mINFO [0m:      	                     [{'alerts_per_1000': 896.917376222012,
[92mINFO [0m:      	                       'balanced_accuracy': 0.5579142845352185,
[92mINFO [0m:      	                       'f1': 0.2680310407790627,
[92mINFO [0m:      	                       'fn': 12,
[92mINFO [0m:      	                       'fp': 19230,
[92mINFO [0m:      	                       'fpr': 0.8807768057527596,
[92mINFO [0m:      	                       'npv': 0.9954110898661568,
[92mINFO [0m:      	                       'ppv': 0.15483672482749528,
[92mINFO [0m:      	                       'precision': 0.15483672482749528,
[92mINFO [0m:      	                       'prevalence': 0.13934878587196467,
[92mINFO [0m:      	                       'recall': 0.9966053748231966,
[92mINFO [0m:      	                       'spec': 0.11922319424724037,
[92mINFO [0m:      	                       'threshold': 0.15,
[92mINFO [0m:      	                       'tn': 2603,
[92mINFO [0m:      	                       'tp': 3523,
[92mINFO [0m:      	                       'tpr': 0.9966053748231966,
[92mINFO [0m:      	                       'youden': 0.11582856907043704},
[92mINFO [0m:      	                      {'alerts_per_1000': 812.2831914222643,
[92mINFO [0m:      	                       'balanced_accuracy': 0.6033030660735657,
[92mINFO [0m:      	                       'f1': 0.2899631332587714,
[92mINFO [0m:      	                       'fn': 35,
[92mINFO [0m:      	                       'fp': 17106,
[92mINFO [0m:      	                       'fpr': 0.7834928777538588,
[92mINFO [0m:      	                       'npv': 0.9926501469970601,
[92mINFO [0m:      	                       'ppv': 0.16985344074541395,
[92mINFO [0m:      	                       'precision': 0.16985344074541395,
[92mINFO [0m:      	                       'prevalence': 0.13934878587196467,
[92mINFO [0m:      	                       'recall': 0.9900990099009901,
[92mINFO [0m:      	                       'spec': 0.21650712224614121,
[92mINFO [0m:      	                       'threshold': 0.2,
[92mINFO [0m:      	                       'tn': 4727,
[92mINFO [0m:      	                       'tp': 3500,
[92mINFO [0m:      	                       'tpr': 0.9900990099009901,
[92mINFO [0m:      	                       'youden': 0.2066061321471313},
[92mINFO [0m:      	                      {'alerts_per_1000': 733.2860296436455,
[92mINFO [0m:      	                       'balanced_accuracy': 0.6434448625094269,
[92mINFO [0m:      	                       'f1': 0.31305054885485833,
[92mINFO [0m:      	                       'fn': 70,
[92mINFO [0m:      	                       'fp': 15137,
[92mINFO [0m:      	                       'fpr': 0.6933082947831265,
[92mINFO [0m:      	                       'npv': 0.9896541531185339,
[92mINFO [0m:      	                       'ppv': 0.18627029351682614,
[92mINFO [0m:      	                       'precision': 0.18627029351682614,
[92mINFO [0m:      	                       'prevalence': 0.13934878587196467,
[92mINFO [0m:      	                       'recall': 0.9801980198019802,
[92mINFO [0m:      	                       'spec': 0.3066917052168735,
[92mINFO [0m:      	                       'threshold': 0.25,
[92mINFO [0m:      	                       'tn': 6696,
[92mINFO [0m:      	                       'tp': 3465,
[92mINFO [0m:      	                       'tpr': 0.9801980198019802,
[92mINFO [0m:      	                       'youden': 0.2868897250188538},
[92mINFO [0m:      	                      {'alerts_per_1000': 663.7890255439925,
[92mINFO [0m:      	                       'balanced_accuracy': 0.6711650499085542,
[92mINFO [0m:      	                       'f1': 0.3325807401590262,
[92mINFO [0m:      	                       'fn': 147,
[92mINFO [0m:      	                       'fp': 13451,
[92mINFO [0m:      	                       'fpr': 0.6160857417670499,
[92mINFO [0m:      	                       'npv': 0.9827646851916989,
[92mINFO [0m:      	                       'ppv': 0.20119959617554486,
[92mINFO [0m:      	                       'precision': 0.20119959617554486,
[92mINFO [0m:      	                       'prevalence': 0.13934878587196467,
[92mINFO [0m:      	                       'recall': 0.9584158415841584,
[92mINFO [0m:      	                       'spec': 0.3839142582329501,
[92mINFO [0m:      	                       'threshold': 0.3,
[92mINFO [0m:      	                       'tn': 8382,
[92mINFO [0m:      	                       'tp': 3388,
[92mINFO [0m:      	                       'tpr': 0.9584158415841584,
[92mINFO [0m:      	                       'youden': 0.3423300998171084},
[92mINFO [0m:      	                      {'alerts_per_1000': 599.8502049826553,
[92mINFO [0m:      	                       'balanced_accuracy': 0.6943414297459609,
[92mINFO [0m:      	                       'f1': 0.35228242320819114,
[92mINFO [0m:      	                       'fn': 232,
[92mINFO [0m:      	                       'fp': 11914,
[92mINFO [0m:      	                       'fpr': 0.5456877204232126,
[92mINFO [0m:      	                       'npv': 0.9771451088562704,
[92mINFO [0m:      	                       'ppv': 0.2170598672537294,
[92mINFO [0m:      	                       'precision': 0.2170598672537294,
[92mINFO [0m:      	                       'prevalence': 0.13934878587196467,
[92mINFO [0m:      	                       'recall': 0.9343705799151344,
[92mINFO [0m:      	                       'spec': 0.45431227957678744,
[92mINFO [0m:      	                       'threshold': 0.35,
[92mINFO [0m:      	                       'tn': 9919,
[92mINFO [0m:      	                       'tp': 3303,
[92mINFO [0m:      	                       'tpr': 0.9343705799151344,
[92mINFO [0m:      	                       'youden': 0.38868285949192183},
[92mINFO [0m:      	                      {'alerts_per_1000': 540.5629139072847,
[92mINFO [0m:      	                       'balanced_accuracy': 0.7118572893335685,
[92mINFO [0m:      	                       'f1': 0.3710575139146568,
[92mINFO [0m:      	                       'fn': 335,
[92mINFO [0m:      	                       'fp': 10513,
[92mINFO [0m:      	                       'fpr': 0.48151880181376816,
[92mINFO [0m:      	                       'npv': 0.9712569712569713,
[92mINFO [0m:      	                       'ppv': 0.23335521038430687,
[92mINFO [0m:      	                       'precision': 0.23335521038430687,
[92mINFO [0m:      	                       'prevalence': 0.13934878587196467,
[92mINFO [0m:      	                       'recall': 0.9052333804809052,
[92mINFO [0m:      	                       'spec': 0.5184811981862318,
[92mINFO [0m:      	                       'threshold': 0.4,
[92mINFO [0m:      	                       'tn': 11320,
[92mINFO [0m:      	                       'tp': 3200,
[92mINFO [0m:      	                       'tpr': 0.9052333804809052,
[92mINFO [0m:      	                       'youden': 0.423714578667137},
[92mINFO [0m:      	                      {'alerts_per_1000': 487.74046042257964,
[92mINFO [0m:      	                       'balanced_accuracy': 0.7239739281032029,
[92mINFO [0m:      	                       'f1': 0.38810661302489313,
[92mINFO [0m:      	                       'fn': 448,
[92mINFO [0m:      	                       'fp': 9286,
[92mINFO [0m:      	                       'fpr': 0.42531947052626756,
[92mINFO [0m:      	                       'npv': 0.9655252020007695,
[92mINFO [0m:      	                       'ppv': 0.2494948678574315,
[92mINFO [0m:      	                       'precision': 0.2494948678574315,
[92mINFO [0m:      	                       'prevalence': 0.13934878587196467,
[92mINFO [0m:      	                       'recall': 0.8732673267326733,
[92mINFO [0m:      	                       'spec': 0.5746805294737325,
[92mINFO [0m:      	                       'threshold': 0.45,
[92mINFO [0m:      	                       'tn': 12547,
[92mINFO [0m:      	                       'tp': 3087,
[92mINFO [0m:      	                       'tpr': 0.8732673267326733,
[92mINFO [0m:      	                       'youden': 0.44794785620640587},
[92mINFO [0m:      	                      {'alerts_per_1000': 435.4698833175654,
[92mINFO [0m:      	                       'balanced_accuracy': 0.7339621691752833,
[92mINFO [0m:      	                       'f1': 0.40639144150322315,
[92mINFO [0m:      	                       'fn': 572,
[92mINFO [0m:      	                       'fp': 8084,
[92mINFO [0m:      	                       'fpr': 0.3702651948884716,
[92mINFO [0m:      	                       'npv': 0.9600586551218491,
[92mINFO [0m:      	                       'ppv': 0.2682176156422558,
[92mINFO [0m:      	                       'precision': 0.2682176156422558,
[92mINFO [0m:      	                       'prevalence': 0.13934878587196467,
[92mINFO [0m:      	                       'recall': 0.8381895332390382,
[92mINFO [0m:      	                       'spec': 0.6297348051115284,
[92mINFO [0m:      	                       'threshold': 0.5,
[92mINFO [0m:      	                       'tn': 13749,
[92mINFO [0m:      	                       'tp': 2963,
[92mINFO [0m:      	                       'tpr': 0.8381895332390382,
[92mINFO [0m:      	                       'youden': 0.4679243383505667},
[92mINFO [0m:      	                      {'alerts_per_1000': 384.2636392305266,
[92mINFO [0m:      	                       'balanced_accuracy': 0.7377443900209193,
[92mINFO [0m:      	                       'f1': 0.42234434992095155,
[92mINFO [0m:      	                       'fn': 730,
[92mINFO [0m:      	                       'fp': 6943,
[92mINFO [0m:      	                       'fpr': 0.31800485503595477,
[92mINFO [0m:      	                       'npv': 0.9532650448143406,
[92mINFO [0m:      	                       'ppv': 0.2877513336068937,
[92mINFO [0m:      	                       'precision': 0.2877513336068937,
[92mINFO [0m:      	                       'prevalence': 0.13934878587196467,
[92mINFO [0m:      	                       'recall': 0.7934936350777935,
[92mINFO [0m:      	                       'spec': 0.6819951449640452,
[92mINFO [0m:      	                       'threshold': 0.55,
[92mINFO [0m:      	                       'tn': 14890,
[92mINFO [0m:      	                       'tp': 2805,
[92mINFO [0m:      	                       'tpr': 0.7934936350777935,
[92mINFO [0m:      	                       'youden': 0.4754887800418386},
[92mINFO [0m:      	                      {'alerts_per_1000': 332.7026174708294,
[92mINFO [0m:      	                       'balanced_accuracy': 0.7338442171061791,
[92mINFO [0m:      	                       'f1': 0.43407098121085597,
[92mINFO [0m:      	                       'fn': 936,
[92mINFO [0m:      	                       'fp': 5841,
[92mINFO [0m:      	                       'fpr': 0.26753080199697704,
[92mINFO [0m:      	                       'npv': 0.9447069943289225,
[92mINFO [0m:      	                       'ppv': 0.3079383886255924,
[92mINFO [0m:      	                       'precision': 0.3079383886255924,
[92mINFO [0m:      	                       'prevalence': 0.13934878587196467,
[92mINFO [0m:      	                       'recall': 0.7352192362093353,
[92mINFO [0m:      	                       'spec': 0.7324691980030229,
[92mINFO [0m:      	                       'threshold': 0.6,
[92mINFO [0m:      	                       'tn': 15992,
[92mINFO [0m:      	                       'tp': 2599,
[92mINFO [0m:      	                       'tpr': 0.7352192362093353,
[92mINFO [0m:      	                       'youden': 0.4676884342123582},
[92mINFO [0m:      	                      {'alerts_per_1000': 279.3282876064333,
[92mINFO [0m:      	                       'balanced_accuracy': 0.7240950545840092,
[92mINFO [0m:      	                       'f1': 0.44270784295264104,
[92mINFO [0m:      	                       'fn': 1184,
[92mINFO [0m:      	                       'fp': 4735,
[92mINFO [0m:      	                       'fpr': 0.21687354005404663,
[92mINFO [0m:      	                       'npv': 0.9352368449841374,
[92mINFO [0m:      	                       'ppv': 0.3317809765735253,
[92mINFO [0m:      	                       'precision': 0.3317809765735253,
[92mINFO [0m:      	                       'prevalence': 0.13934878587196467,
[92mINFO [0m:      	                       'recall': 0.6650636492220651,
[92mINFO [0m:      	                       'spec': 0.7831264599459533,
[92mINFO [0m:      	                       'threshold': 0.65,
[92mINFO [0m:      	                       'tn': 17098,
[92mINFO [0m:      	                       'tp': 2351,
[92mINFO [0m:      	                       'tpr': 0.6650636492220651,
[92mINFO [0m:      	                       'youden': 0.4481901091680185},
[92mINFO [0m:      	                      {'alerts_per_1000': 229.93535162409333,
[92mINFO [0m:      	                       'balanced_accuracy': 0.7105537851911881,
[92mINFO [0m:      	                       'f1': 0.4470538001707942,
[92mINFO [0m:      	                       'fn': 1441,
[92mINFO [0m:      	                       'fp': 3739,
[92mINFO [0m:      	                       'fpr': 0.17125452296981633,
[92mINFO [0m:      	                       'npv': 0.9262349628871257,
[92mINFO [0m:      	                       'ppv': 0.3589919423967084,
[92mINFO [0m:      	                       'precision': 0.3589919423967084,
[92mINFO [0m:      	                       'prevalence': 0.13934878587196467,
[92mINFO [0m:      	                       'recall': 0.5923620933521924,
[92mINFO [0m:      	                       'spec': 0.8287454770301836,
[92mINFO [0m:      	                       'threshold': 0.7,
[92mINFO [0m:      	                       'tn': 18094,
[92mINFO [0m:      	                       'tp': 2094,
[92mINFO [0m:      	                       'tpr': 0.5923620933521924,
[92mINFO [0m:      	                       'youden': 0.4211075703823761}]),
[92mINFO [0m:      	                    (71,
[92mINFO [0m:      	                     [{'alerts_per_1000': 895.4982655313781,
[92mINFO [0m:      	                       'balanced_accuracy': 0.5587387246030058,
[92mINFO [0m:      	                       'f1': 0.2683985982020418,
[92mINFO [0m:      	                       'fn': 12,
[92mINFO [0m:      	                       'fp': 19194,
[92mINFO [0m:      	                       'fpr': 0.879127925617185,
[92mINFO [0m:      	                       'npv': 0.995473406261788,
[92mINFO [0m:      	                       'ppv': 0.15508209710789278,
[92mINFO [0m:      	                       'precision': 0.15508209710789278,
[92mINFO [0m:      	                       'prevalence': 0.13934878587196467,
[92mINFO [0m:      	                       'recall': 0.9966053748231966,
[92mINFO [0m:      	                       'spec': 0.120872074382815,
[92mINFO [0m:      	                       'threshold': 0.15,
[92mINFO [0m:      	                       'tn': 2639,
[92mINFO [0m:      	                       'tp': 3523,
[92mINFO [0m:      	                       'tpr': 0.9966053748231966,
[92mINFO [0m:      	                       'youden': 0.11747744920601155},
[92mINFO [0m:      	                      {'alerts_per_1000': 810.7064017660044,
[92mINFO [0m:      	                       'balanced_accuracy': 0.604054766764635,
[92mINFO [0m:      	                       'f1': 0.29036139579270576,
[92mINFO [0m:      	                       'fn': 36,
[92mINFO [0m:      	                       'fp': 17067,
[92mINFO [0m:      	                       'fpr': 0.7817065909403197,
[92mINFO [0m:      	                       'npv': 0.9925031236984589,
[92mINFO [0m:      	                       'ppv': 0.17013517455995333,
[92mINFO [0m:      	                       'precision': 0.17013517455995333,
[92mINFO [0m:      	                       'prevalence': 0.13934878587196467,
[92mINFO [0m:      	                       'recall': 0.9898161244695898,
[92mINFO [0m:      	                       'spec': 0.2182934090596803,
[92mINFO [0m:      	                       'threshold': 0.2,
[92mINFO [0m:      	                       'tn': 4766,
[92mINFO [0m:      	                       'tp': 3499,
[92mINFO [0m:      	                       'tpr': 0.9898161244695898,
[92mINFO [0m:      	                       'youden': 0.20810953352926997},
[92mINFO [0m:      	                      {'alerts_per_1000': 731.8669189530117,
[92mINFO [0m:      	                       'balanced_accuracy': 0.6441049587485199,
[92mINFO [0m:      	                       'f1': 0.31346997873399396,
[92mINFO [0m:      	                       'fn': 71,
[92mINFO [0m:      	                       'fp': 15102,
[92mINFO [0m:      	                       'fpr': 0.69170521687354,
[92mINFO [0m:      	                       'npv': 0.9895618935607174,
[92mINFO [0m:      	                       'ppv': 0.18657761499515244,
[92mINFO [0m:      	                       'precision': 0.18657761499515244,
[92mINFO [0m:      	                       'prevalence': 0.13934878587196467,
[92mINFO [0m:      	                       'recall': 0.9799151343705799,
[92mINFO [0m:      	                       'spec': 0.30829478312645997,
[92mINFO [0m:      	                       'threshold': 0.25,
[92mINFO [0m:      	                       'tn': 6731,
[92mINFO [0m:      	                       'tp': 3464,
[92mINFO [0m:      	                       'tpr': 0.9799151343705799,
[92mINFO [0m:      	                       'youden': 0.28820991749703984},
[92mINFO [0m:      	                      {'alerts_per_1000': 662.882371491643,
[92mINFO [0m:      	                       'balanced_accuracy': 0.6716917755074183,
[92mINFO [0m:      	                       'f1': 0.3329566114687239,
[92mINFO [0m:      	                       'fn': 147,
[92mINFO [0m:      	                       'fp': 13428,
[92mINFO [0m:      	                       'fpr': 0.6150322905693216,
[92mINFO [0m:      	                       'npv': 0.9828110383536015,
[92mINFO [0m:      	                       'ppv': 0.20147478591817317,
[92mINFO [0m:      	                       'precision': 0.20147478591817317,
[92mINFO [0m:      	                       'prevalence': 0.13934878587196467,
[92mINFO [0m:      	                       'recall': 0.9584158415841584,
[92mINFO [0m:      	                       'spec': 0.3849677094306784,
[92mINFO [0m:      	                       'threshold': 0.3,
[92mINFO [0m:      	                       'tn': 8405,
[92mINFO [0m:      	                       'tp': 3388,
[92mINFO [0m:      	                       'tpr': 0.9584158415841584,
[92mINFO [0m:      	                       'youden': 0.34338355101483664},
[92mINFO [0m:      	                      {'alerts_per_1000': 599.1406496373384,
[92mINFO [0m:      	                       'balanced_accuracy': 0.6944249621224661,
[92mINFO [0m:      	                       'f1': 0.3524073876374506,
[92mINFO [0m:      	                       'fn': 234,
[92mINFO [0m:      	                       'fp': 11898,
[92mINFO [0m:      	                       'fpr': 0.5449548848074016,
[92mINFO [0m:      	                       'npv': 0.9769888877962435,
[92mINFO [0m:      	                       'ppv': 0.21718534114086452,
[92mINFO [0m:      	                       'precision': 0.21718534114086452,
[92mINFO [0m:      	                       'prevalence': 0.13934878587196467,
[92mINFO [0m:      	                       'recall': 0.9338048090523338,
[92mINFO [0m:      	                       'spec': 0.4550451151925984,
[92mINFO [0m:      	                       'threshold': 0.35,
[92mINFO [0m:      	                       'tn': 9935,
[92mINFO [0m:      	                       'tp': 3301,
[92mINFO [0m:      	                       'tpr': 0.9338048090523338,
[92mINFO [0m:      	                       'youden': 0.38884992424493214},
[92mINFO [0m:      	                      {'alerts_per_1000': 539.8927783033744,
[92mINFO [0m:      	                       'balanced_accuracy': 0.7120822644257738,
[92mINFO [0m:      	                       'f1': 0.371307527131333,
[92mINFO [0m:      	                       'fn': 336,
[92mINFO [0m:      	                       'fp': 10497,
[92mINFO [0m:      	                       'fpr': 0.4807859661979572,
[92mINFO [0m:      	                       'npv': 0.9712131596984236,
[92mINFO [0m:      	                       'ppv': 0.23357184579439252,
[92mINFO [0m:      	                       'precision': 0.23357184579439252,
[92mINFO [0m:      	                       'prevalence': 0.13934878587196467,
[92mINFO [0m:      	                       'recall': 0.904950495049505,
[92mINFO [0m:      	                       'spec': 0.5192140338020428,
[92mINFO [0m:      	                       'threshold': 0.4,
[92mINFO [0m:      	                       'tn': 11336,
[92mINFO [0m:      	                       'tp': 3199,
[92mINFO [0m:      	                       'tpr': 0.904950495049505,
[92mINFO [0m:      	                       'youden': 0.42416452885154765},
[92mINFO [0m:      	                      {'alerts_per_1000': 487.5039419741407,
[92mINFO [0m:      	                       'balanced_accuracy': 0.7239469909524732,
[92mINFO [0m:      	                       'f1': 0.3881272795874733,
[92mINFO [0m:      	                       'fn': 449,
[92mINFO [0m:      	                       'fp': 9281,
[92mINFO [0m:      	                       'fpr': 0.42509045939632667,
[92mINFO [0m:      	                       'npv': 0.9654641950619183,
[92mINFO [0m:      	                       'ppv': 0.24953505296353198,
[92mINFO [0m:      	                       'precision': 0.24953505296353198,
[92mINFO [0m:      	                       'prevalence': 0.13934878587196467,
[92mINFO [0m:      	                       'recall': 0.872984441301273,
[92mINFO [0m:      	                       'spec': 0.5749095406036733,
[92mINFO [0m:      	                       'threshold': 0.45,
[92mINFO [0m:      	                       'tn': 12552,
[92mINFO [0m:      	                       'tp': 3086,
[92mINFO [0m:      	                       'tpr': 0.872984441301273,
[92mINFO [0m:      	                       'youden': 0.44789398190494634},
[92mINFO [0m:      	                      {'alerts_per_1000': 435.31220435193944,
[92mINFO [0m:      	                       'balanced_accuracy': 0.7340537736272597,
[92mINFO [0m:      	                       'f1': 0.40650294965015776,
[92mINFO [0m:      	                       'fn': 572,
[92mINFO [0m:      	                       'fp': 8080,
[92mINFO [0m:      	                       'fpr': 0.37008198598451886,
[92mINFO [0m:      	                       'npv': 0.9600698080279232,
[92mINFO [0m:      	                       'ppv': 0.2683147695372634,
[92mINFO [0m:      	                       'precision': 0.2683147695372634,
[92mINFO [0m:      	                       'prevalence': 0.13934878587196467,
[92mINFO [0m:      	                       'recall': 0.8381895332390382,
[92mINFO [0m:      	                       'spec': 0.6299180140154812,
[92mINFO [0m:      	                       'threshold': 0.5,
[92mINFO [0m:      	                       'tn': 13753,
[92mINFO [0m:      	                       'tp': 2963,
[92mINFO [0m:      	                       'tpr': 0.8381895332390382,
[92mINFO [0m:      	                       'youden': 0.4681075472545193},
[92mINFO [0m:      	                      {'alerts_per_1000': 384.2242194891202,
[92mINFO [0m:      	                       'balanced_accuracy': 0.7379316349626077,
[92mINFO [0m:      	                       'f1': 0.42252672790242435,
[92mINFO [0m:      	                       'fn': 729,
[92mINFO [0m:      	                       'fp': 6941,
[92mINFO [0m:      	                       'fpr': 0.3179132505839784,
[92mINFO [0m:      	                       'npv': 0.9533320530055694,
[92mINFO [0m:      	                       'ppv': 0.28788345131835436,
[92mINFO [0m:      	                       'precision': 0.28788345131835436,
[92mINFO [0m:      	                       'prevalence': 0.13934878587196467,
[92mINFO [0m:      	                       'recall': 0.7937765205091938,
[92mINFO [0m:      	                       'spec': 0.6820867494160217,
[92mINFO [0m:      	                       'threshold': 0.55,
[92mINFO [0m:      	                       'tn': 14892,
[92mINFO [0m:      	                       'tp': 2806,
[92mINFO [0m:      	                       'tpr': 0.7937765205091938,
[92mINFO [0m:      	                       'youden': 0.47586326992521544},
[92mINFO [0m:      	                      {'alerts_per_1000': 332.50551876379694,
[92mINFO [0m:      	                       'balanced_accuracy': 0.7337943788424554,
[92mINFO [0m:      	                       'f1': 0.43408521303258146,
[92mINFO [0m:      	                       'fn': 937,
[92mINFO [0m:      	                       'fp': 5837,
[92mINFO [0m:      	                       'fpr': 0.2673475930930243,
[92mINFO [0m:      	                       'npv': 0.9446642650445874,
[92mINFO [0m:      	                       'ppv': 0.3080023710729105,
[92mINFO [0m:      	                       'precision': 0.3080023710729105,
[92mINFO [0m:      	                       'prevalence': 0.13934878587196467,
[92mINFO [0m:      	                       'recall': 0.734936350777935,
[92mINFO [0m:      	                       'spec': 0.7326524069069758,
[92mINFO [0m:      	                       'threshold': 0.6,
[92mINFO [0m:      	                       'tn': 15996,
[92mINFO [0m:      	                       'tp': 2598,
[92mINFO [0m:      	                       'tpr': 0.734936350777935,
[92mINFO [0m:      	                       'youden': 0.4675887576849107},
[92mINFO [0m:      	                      {'alerts_per_1000': 279.76190476190476,
[92mINFO [0m:      	                       'balanced_accuracy': 0.7245005176558512,
[92mINFO [0m:      	                       'f1': 0.4430022573363431,
[92mINFO [0m:      	                       'fn': 1180,
[92mINFO [0m:      	                       'fp': 4742,
[92mINFO [0m:      	                       'fpr': 0.21719415563596392,
[92mINFO [0m:      	                       'npv': 0.9354167806907121,
[92mINFO [0m:      	                       'ppv': 0.33183035085247287,
[92mINFO [0m:      	                       'precision': 0.33183035085247287,
[92mINFO [0m:      	                       'prevalence': 0.13934878587196467,
[92mINFO [0m:      	                       'recall': 0.6661951909476662,
[92mINFO [0m:      	                       'spec': 0.7828058443640361,
[92mINFO [0m:      	                       'threshold': 0.65,
[92mINFO [0m:      	                       'tn': 17091,
[92mINFO [0m:      	                       'tp': 2355,
[92mINFO [0m:      	                       'tpr': 0.6661951909476662,
[92mINFO [0m:      	                       'youden': 0.44900103531170243},
[92mINFO [0m:      	                      {'alerts_per_1000': 230.48722800378428,
[92mINFO [0m:      	                       'balanced_accuracy': 0.7108905449240477,
[92mINFO [0m:      	                       'f1': 0.44723939458537626,
[92mINFO [0m:      	                       'fn': 1437,
[92mINFO [0m:      	                       'fp': 3749,
[92mINFO [0m:      	                       'fpr': 0.17171254522969817,
[92mINFO [0m:      	                       'npv': 0.9263869678807438,
[92mINFO [0m:      	                       'ppv': 0.3588164870873952,
[92mINFO [0m:      	                       'precision': 0.3588164870873952,
[92mINFO [0m:      	                       'prevalence': 0.13934878587196467,
[92mINFO [0m:      	                       'recall': 0.5934936350777935,
[92mINFO [0m:      	                       'spec': 0.8282874547703019,
[92mINFO [0m:      	                       'threshold': 0.7,
[92mINFO [0m:      	                       'tn': 18084,
[92mINFO [0m:      	                       'tp': 2098,
[92mINFO [0m:      	                       'tpr': 0.5934936350777935,
[92mINFO [0m:      	                       'youden': 0.42178108984809537}]),
[92mINFO [0m:      	                    (72,
[92mINFO [0m:      	                     [{'alerts_per_1000': 893.9214758751183,
[92mINFO [0m:      	                       'balanced_accuracy': 0.559326081465381,
[92mINFO [0m:      	                       'f1': 0.2686555775980467,
[92mINFO [0m:      	                       'fn': 14,
[92mINFO [0m:      	                       'fp': 19156,
[92mINFO [0m:      	                       'fpr': 0.8773874410296341,
[92mINFO [0m:      	                       'npv': 0.9947974730583427,
[92mINFO [0m:      	                       'ppv': 0.15526745160294572,
[92mINFO [0m:      	                       'precision': 0.15526745160294572,
[92mINFO [0m:      	                       'prevalence': 0.13934878587196467,
[92mINFO [0m:      	                       'recall': 0.996039603960396,
[92mINFO [0m:      	                       'spec': 0.12261255897036594,
[92mINFO [0m:      	                       'threshold': 0.15,
[92mINFO [0m:      	                       'tn': 2677,
[92mINFO [0m:      	                       'tp': 3521,
[92mINFO [0m:      	                       'tpr': 0.996039603960396,
[92mINFO [0m:      	                       'youden': 0.11865216293076197},
[92mINFO [0m:      	                      {'alerts_per_1000': 809.7603279722485,
[92mINFO [0m:      	                       'balanced_accuracy': 0.6044400496477991,
[92mINFO [0m:      	                       'f1': 0.2905677617643394,
[92mINFO [0m:      	                       'fn': 37,
[92mINFO [0m:      	                       'fp': 17044,
[92mINFO [0m:      	                       'fpr': 0.7806531397425915,
[92mINFO [0m:      	                       'npv': 0.9923331951927061,
[92mINFO [0m:      	                       'ppv': 0.17028526920455653,
[92mINFO [0m:      	                       'precision': 0.17028526920455653,
[92mINFO [0m:      	                       'prevalence': 0.13934878587196467,
[92mINFO [0m:      	                       'recall': 0.9895332390381896,
[92mINFO [0m:      	                       'spec': 0.21934686025740846,
[92mINFO [0m:      	                       'threshold': 0.2,
[92mINFO [0m:      	                       'tn': 4789,
[92mINFO [0m:      	                       'tp': 3498,
[92mINFO [0m:      	                       'tpr': 0.9895332390381896,
[92mINFO [0m:      	                       'youden': 0.20888009929559814},
[92mINFO [0m:      	                      {'alerts_per_1000': 730.7237464522233,
[92mINFO [0m:      	                       'balanced_accuracy': 0.6446047471966544,
[92mINFO [0m:      	                       'f1': 0.31379122870605286,
[92mINFO [0m:      	                       'fn': 72,
[92mINFO [0m:      	                       'fp': 15074,
[92mINFO [0m:      	                       'fpr': 0.6904227545458709,
[92mINFO [0m:      	                       'npv': 0.9894598155467721,
[92mINFO [0m:      	                       'ppv': 0.1868155580730431,
[92mINFO [0m:      	                       'precision': 0.1868155580730431,
[92mINFO [0m:      	                       'prevalence': 0.13934878587196467,
[92mINFO [0m:      	                       'recall': 0.9796322489391797,
[92mINFO [0m:      	                       'spec': 0.3095772454541291,
[92mINFO [0m:      	                       'threshold': 0.25,
[92mINFO [0m:      	                       'tn': 6759,
[92mINFO [0m:      	                       'tp': 3463,
[92mINFO [0m:      	                       'tpr': 0.9796322489391797,
[92mINFO [0m:      	                       'youden': 0.2892094943933088},
[92mINFO [0m:      	                      {'alerts_per_1000': 662.0545569221066,
[92mINFO [0m:      	                       'balanced_accuracy': 0.6716796673942116,
[92mINFO [0m:      	                       'f1': 0.33300541072306933,
[92mINFO [0m:      	                       'fn': 150,
[92mINFO [0m:      	                       'fp': 13410,
[92mINFO [0m:      	                       'fpr': 0.6142078505015344,
[92mINFO [0m:      	                       'npv': 0.9825032077452467,
[92mINFO [0m:      	                       'ppv': 0.20154807978565048,
[92mINFO [0m:      	                       'precision': 0.20154807978565048,
[92mINFO [0m:      	                       'prevalence': 0.13934878587196467,
[92mINFO [0m:      	                       'recall': 0.9575671852899575,
[92mINFO [0m:      	                       'spec': 0.38579214949846563,
[92mINFO [0m:      	                       'threshold': 0.3,
[92mINFO [0m:      	                       'tn': 8423,
[92mINFO [0m:      	                       'tp': 3385,
[92mINFO [0m:      	                       'tpr': 0.9575671852899575,
[92mINFO [0m:      	                       'youden': 0.3433593347884232},
[92mINFO [0m:      	                      {'alerts_per_1000': 598.5099337748344,
[92mINFO [0m:      	                       'balanced_accuracy': 0.6947913799303715,
[92mINFO [0m:      	                       'f1': 0.35270862271610215,
[92mINFO [0m:      	                       'fn': 234,
[92mINFO [0m:      	                       'fp': 11882,
[92mINFO [0m:      	                       'fpr': 0.5442220491915907,
[92mINFO [0m:      	                       'npv': 0.9770250368188512,
[92mINFO [0m:      	                       'ppv': 0.21741421326483568,
[92mINFO [0m:      	                       'precision': 0.21741421326483568,
[92mINFO [0m:      	                       'prevalence': 0.13934878587196467,
[92mINFO [0m:      	                       'recall': 0.9338048090523338,
[92mINFO [0m:      	                       'spec': 0.4557779508084093,
[92mINFO [0m:      	                       'threshold': 0.35,
[92mINFO [0m:      	                       'tn': 9951,
[92mINFO [0m:      	                       'tp': 3301,
[92mINFO [0m:      	                       'tpr': 0.9338048090523338,
[92mINFO [0m:      	                       'youden': 0.3895827598607431},
[92mINFO [0m:      	                      {'alerts_per_1000': 539.3014821822769,
[92mINFO [0m:      	                       'balanced_accuracy': 0.7125901249493795,
[92mINFO [0m:      	                       'f1': 0.3717472118959108,
[92mINFO [0m:      	                       'fn': 335,
[92mINFO [0m:      	                       'fp': 10481,
[92mINFO [0m:      	                       'fpr': 0.48005313058214627,
[92mINFO [0m:      	                       'npv': 0.971335672114315,
[92mINFO [0m:      	                       'ppv': 0.2339010306264162,
[92mINFO [0m:      	                       'precision': 0.2339010306264162,
[92mINFO [0m:      	                       'prevalence': 0.13934878587196467,
[92mINFO [0m:      	                       'recall': 0.9052333804809052,
[92mINFO [0m:      	                       'spec': 0.5199468694178537,
[92mINFO [0m:      	                       'threshold': 0.4,
[92mINFO [0m:      	                       'tn': 11352,
[92mINFO [0m:      	                       'tp': 3200,
[92mINFO [0m:      	                       'tpr': 0.9052333804809052,
[92mINFO [0m:      	                       'youden': 0.4251802498987589},
[92mINFO [0m:      	                      {'alerts_per_1000': 486.9520655944497,
[92mINFO [0m:      	                       'balanced_accuracy': 0.7242676065343905,
[92mINFO [0m:      	                       'f1': 0.3884692849949647,
[92mINFO [0m:      	                       'fn': 449,
[92mINFO [0m:      	                       'fp': 9267,
[92mINFO [0m:      	                       'fpr': 0.4244492282324921,
[92mINFO [0m:      	                       'npv': 0.9655013446023819,
[92mINFO [0m:      	                       'ppv': 0.24981785801019996,
[92mINFO [0m:      	                       'precision': 0.24981785801019996,
[92mINFO [0m:      	                       'prevalence': 0.13934878587196467,
[92mINFO [0m:      	                       'recall': 0.872984441301273,
[92mINFO [0m:      	                       'spec': 0.5755507717675079,
[92mINFO [0m:      	                       'threshold': 0.45,
[92mINFO [0m:      	                       'tn': 12566,
[92mINFO [0m:      	                       'tp': 3086,
[92mINFO [0m:      	                       'tpr': 0.872984441301273,
[92mINFO [0m:      	                       'youden': 0.44853521306878097},
[92mINFO [0m:      	                      {'alerts_per_1000': 435.07568590350047,
[92mINFO [0m:      	                       'balanced_accuracy': 0.7345198679626127,
[92mINFO [0m:      	                       'f1': 0.4069448256931101,
[92mINFO [0m:      	                       'fn': 570,
[92mINFO [0m:      	                       'fp': 8072,
[92mINFO [0m:      	                       'fpr': 0.3697155681766134,
[92mINFO [0m:      	                       'npv': 0.9602260833158887,
[92mINFO [0m:      	                       'ppv': 0.2686418410800036,
[92mINFO [0m:      	                       'precision': 0.2686418410800036,
[92mINFO [0m:      	                       'prevalence': 0.13934878587196467,
[92mINFO [0m:      	                       'recall': 0.8387553041018387,
[92mINFO [0m:      	                       'spec': 0.6302844318233867,
[92mINFO [0m:      	                       'threshold': 0.5,
[92mINFO [0m:      	                       'tn': 13761,
[92mINFO [0m:      	                       'tp': 2965,
[92mINFO [0m:      	                       'tpr': 0.8387553041018387,
[92mINFO [0m:      	                       'youden': 0.4690397359252254},
[92mINFO [0m:      	                      {'alerts_per_1000': 384.14538000630716,
[92mINFO [0m:      	                       'balanced_accuracy': 0.7379774371885959,
[92mINFO [0m:      	                       'f1': 0.4225903614457831,
[92mINFO [0m:      	                       'fn': 729,
[92mINFO [0m:      	                       'fp': 6939,
[92mINFO [0m:      	                       'fpr': 0.31782164613200203,
[92mINFO [0m:      	                       'npv': 0.9533380272674903,
[92mINFO [0m:      	                       'ppv': 0.2879425346331452,
[92mINFO [0m:      	                       'precision': 0.2879425346331452,
[92mINFO [0m:      	                       'prevalence': 0.13934878587196467,
[92mINFO [0m:      	                       'recall': 0.7937765205091938,
[92mINFO [0m:      	                       'spec': 0.682178353867998,
[92mINFO [0m:      	                       'threshold': 0.55,
[92mINFO [0m:      	                       'tn': 14894,
[92mINFO [0m:      	                       'tp': 2806,
[92mINFO [0m:      	                       'tpr': 0.7937765205091938,
[92mINFO [0m:      	                       'youden': 0.47595487437719175},
[92mINFO [0m:      	                      {'alerts_per_1000': 332.86029643645537,
[92mINFO [0m:      	                       'balanced_accuracy': 0.7340813003115911,
[92mINFO [0m:      	                       'f1': 0.4342599549211119,
[92mINFO [0m:      	                       'fn': 934,
[92mINFO [0m:      	                       'fp': 5843,
[92mINFO [0m:      	                       'fpr': 0.2676224064489534,
[92mINFO [0m:      	                       'npv': 0.9448121011581186,
[92mINFO [0m:      	                       'ppv': 0.3080293699668404,
[92mINFO [0m:      	                       'precision': 0.3080293699668404,
[92mINFO [0m:      	                       'prevalence': 0.13934878587196467,
[92mINFO [0m:      	                       'recall': 0.7357850070721358,
[92mINFO [0m:      	                       'spec': 0.7323775935510466,
[92mINFO [0m:      	                       'threshold': 0.6,
[92mINFO [0m:      	                       'tn': 15990,
[92mINFO [0m:      	                       'tp': 2601,
[92mINFO [0m:      	                       'tpr': 0.7357850070721358,
[92mINFO [0m:      	                       'youden': 0.46816260062318227},
[92mINFO [0m:      	                      {'alerts_per_1000': 280.07726269315674,
[92mINFO [0m:      	                       'balanced_accuracy': 0.7248103402379811,
[92mINFO [0m:      	                       'f1': 0.4432330827067669,
[92mINFO [0m:      	                       'fn': 1177,
[92mINFO [0m:      	                       'fp': 4747,
[92mINFO [0m:      	                       'fpr': 0.2174231667659048,
[92mINFO [0m:      	                       'npv': 0.9355527569402617,
[92mINFO [0m:      	                       'ppv': 0.3318789584799437,
[92mINFO [0m:      	                       'precision': 0.3318789584799437,
[92mINFO [0m:      	                       'prevalence': 0.13934878587196467,
[92mINFO [0m:      	                       'recall': 0.667043847241867,
[92mINFO [0m:      	                       'spec': 0.7825768332340952,
[92mINFO [0m:      	                       'threshold': 0.65,
[92mINFO [0m:      	                       'tn': 17086,
[92mINFO [0m:      	                       'tp': 2358,
[92mINFO [0m:      	                       'tpr': 0.667043847241867,
[92mINFO [0m:      	                       'youden': 0.44962068047596215},
[92mINFO [0m:      	                      {'alerts_per_1000': 230.76316619362976,
[92mINFO [0m:      	                       'balanced_accuracy': 0.711387612447866,
[92mINFO [0m:      	                       'f1': 0.44775801469805093,
[92mINFO [0m:      	                       'fn': 1433,
[92mINFO [0m:      	                       'fp': 3752,
[92mINFO [0m:      	                       'fpr': 0.17184995190766272,
[92mINFO [0m:      	                       'npv': 0.9265655426873014,
[92mINFO [0m:      	                       'ppv': 0.35907072087461567,
[92mINFO [0m:      	                       'precision': 0.35907072087461567,
[92mINFO [0m:      	                       'prevalence': 0.13934878587196467,
[92mINFO [0m:      	                       'recall': 0.5946251768033947,
[92mINFO [0m:      	                       'spec': 0.8281500480923373,
[92mINFO [0m:      	                       'threshold': 0.7,
[92mINFO [0m:      	                       'tn': 18081,
[92mINFO [0m:      	                       'tp': 2102,
[92mINFO [0m:      	                       'tpr': 0.5946251768033947,
[92mINFO [0m:      	                       'youden': 0.42277522489573194}]),
[92mINFO [0m:      	                    (73,
[92mINFO [0m:      	                     [{'alerts_per_1000': 892.1081677704194,
[92mINFO [0m:      	                       'balanced_accuracy': 0.5603795326631091,
[92mINFO [0m:      	                       'f1': 0.2691278758694489,
[92mINFO [0m:      	                       'fn': 14,
[92mINFO [0m:      	                       'fp': 19110,
[92mINFO [0m:      	                       'fpr': 0.8752805386341777,
[92mINFO [0m:      	                       'npv': 0.9948849104859335,
[92mINFO [0m:      	                       'ppv': 0.15558304979894835,
[92mINFO [0m:      	                       'precision': 0.15558304979894835,
[92mINFO [0m:      	                       'prevalence': 0.13934878587196467,
[92mINFO [0m:      	                       'recall': 0.996039603960396,
[92mINFO [0m:      	                       'spec': 0.12471946136582235,
[92mINFO [0m:      	                       'threshold': 0.15,
[92mINFO [0m:      	                       'tn': 2723,
[92mINFO [0m:      	                       'tp': 3521,
[92mINFO [0m:      	                       'tpr': 0.996039603960396,
[92mINFO [0m:      	                       'youden': 0.12075906532621827},
[92mINFO [0m:      	                      {'alerts_per_1000': 808.4200567644276,
[92mINFO [0m:      	                       'balanced_accuracy': 0.6052186874895982,
[92mINFO [0m:      	                       'f1': 0.29097866322838245,
[92mINFO [0m:      	                       'fn': 37,
[92mINFO [0m:      	                       'fp': 17010,
[92mINFO [0m:      	                       'fpr': 0.7790958640589932,
[92mINFO [0m:      	                       'npv': 0.9923868312757201,
[92mINFO [0m:      	                       'ppv': 0.1705675833820948,
[92mINFO [0m:      	                       'precision': 0.1705675833820948,
[92mINFO [0m:      	                       'prevalence': 0.13934878587196467,
[92mINFO [0m:      	                       'recall': 0.9895332390381896,
[92mINFO [0m:      	                       'spec': 0.22090413594100677,
[92mINFO [0m:      	                       'threshold': 0.2,
[92mINFO [0m:      	                       'tn': 4823,
[92mINFO [0m:      	                       'tp': 3498,
[92mINFO [0m:      	                       'tpr': 0.9895332390381896,
[92mINFO [0m:      	                       'youden': 0.21043737497919635},
[92mINFO [0m:      	                      {'alerts_per_1000': 729.6199936928414,
[92mINFO [0m:      	                       'balanced_accuracy': 0.6450816345317947,
[92mINFO [0m:      	                       'f1': 0.31409907457811653,
[92mINFO [0m:      	                       'fn': 73,
[92mINFO [0m:      	                       'fp': 15047,
[92mINFO [0m:      	                       'fpr': 0.68918609444419,
[92mINFO [0m:      	                       'npv': 0.9893570491325266,
[92mINFO [0m:      	                       'ppv': 0.1870441406883138,
[92mINFO [0m:      	                       'precision': 0.1870441406883138,
[92mINFO [0m:      	                       'prevalence': 0.13934878587196467,
[92mINFO [0m:      	                       'recall': 0.9793493635077793,
[92mINFO [0m:      	                       'spec': 0.31081390555581,
[92mINFO [0m:      	                       'threshold': 0.25,
[92mINFO [0m:      	                       'tn': 6786,
[92mINFO [0m:      	                       'tp': 3462,
[92mINFO [0m:      	                       'tpr': 0.9793493635077793,
[92mINFO [0m:      	                       'youden': 0.29016326906358936},
[92mINFO [0m:      	                      {'alerts_per_1000': 661.0690633869442,
[92mINFO [0m:      	                       'balanced_accuracy': 0.6720878513903696,
[92mINFO [0m:      	                       'f1': 0.3333169170155134,
[92mINFO [0m:      	                       'fn': 151,
[92mINFO [0m:      	                       'fp': 13386,
[92mINFO [0m:      	                       'fpr': 0.613108597077818,
[92mINFO [0m:      	                       'npv': 0.9824377762270295,
[92mINFO [0m:      	                       'ppv': 0.20178890876565295,
[92mINFO [0m:      	                       'precision': 0.20178890876565295,
[92mINFO [0m:      	                       'prevalence': 0.13934878587196467,
[92mINFO [0m:      	                       'recall': 0.9572842998585572,
[92mINFO [0m:      	                       'spec': 0.38689140292218205,
[92mINFO [0m:      	                       'threshold': 0.3,
[92mINFO [0m:      	                       'tn': 8447,
[92mINFO [0m:      	                       'tp': 3384,
[92mINFO [0m:      	                       'tpr': 0.9572842998585572,
[92mINFO [0m:      	                       'youden': 0.3441757027807393},
[92mINFO [0m:      	                      {'alerts_per_1000': 597.9580573951436,
[92mINFO [0m:      	                       'balanced_accuracy': 0.6949476516835946,
[92mINFO [0m:      	                       'f1': 0.35286569717707444,
[92mINFO [0m:      	                       'fn': 235,
[92mINFO [0m:      	                       'fp': 11869,
[92mINFO [0m:      	                       'fpr': 0.5436266202537443,
[92mINFO [0m:      	                       'npv': 0.9769585253456221,
[92mINFO [0m:      	                       'ppv': 0.21754894851341552,
[92mINFO [0m:      	                       'precision': 0.21754894851341552,
[92mINFO [0m:      	                       'prevalence': 0.13934878587196467,
[92mINFO [0m:      	                       'recall': 0.9335219236209336,
[92mINFO [0m:      	                       'spec': 0.4563733797462557,
[92mINFO [0m:      	                       'threshold': 0.35,
[92mINFO [0m:      	                       'tn': 9964,
[92mINFO [0m:      	                       'tp': 3300,
[92mINFO [0m:      	                       'tpr': 0.9335219236209336,
[92mINFO [0m:      	                       'youden': 0.38989530336718925},
[92mINFO [0m:      	                      {'alerts_per_1000': 538.6313465783664,
[92mINFO [0m:      	                       'balanced_accuracy': 0.712979443870279,
[92mINFO [0m:      	                       'f1': 0.37211465782894354,
[92mINFO [0m:      	                       'fn': 335,
[92mINFO [0m:      	                       'fp': 10464,
[92mINFO [0m:      	                       'fpr': 0.47927449274034717,
[92mINFO [0m:      	                       'npv': 0.9713773069036227,
[92mINFO [0m:      	                       'ppv': 0.234192037470726,
[92mINFO [0m:      	                       'precision': 0.234192037470726,
[92mINFO [0m:      	                       'prevalence': 0.13934878587196467,
[92mINFO [0m:      	                       'recall': 0.9052333804809052,
[92mINFO [0m:      	                       'spec': 0.5207255072596528,
[92mINFO [0m:      	                       'threshold': 0.4,
[92mINFO [0m:      	                       'tn': 11369,
[92mINFO [0m:      	                       'tp': 3200,
[92mINFO [0m:      	                       'tpr': 0.9052333804809052,
[92mINFO [0m:      	                       'youden': 0.425958887740558},
[92mINFO [0m:      	                      {'alerts_per_1000': 486.71554714601075,
[92mINFO [0m:      	                       'balanced_accuracy': 0.724405013212355,
[92mINFO [0m:      	                       'f1': 0.38861604331948113,
[92mINFO [0m:      	                       'fn': 449,
[92mINFO [0m:      	                       'fp': 9261,
[92mINFO [0m:      	                       'fpr': 0.424174414876563,
[92mINFO [0m:      	                       'npv': 0.9655172413793104,
[92mINFO [0m:      	                       'ppv': 0.24993925649955454,
[92mINFO [0m:      	                       'precision': 0.24993925649955454,
[92mINFO [0m:      	                       'prevalence': 0.13934878587196467,
[92mINFO [0m:      	                       'recall': 0.872984441301273,
[92mINFO [0m:      	                       'spec': 0.5758255851234371,
[92mINFO [0m:      	                       'threshold': 0.45,
[92mINFO [0m:      	                       'tn': 12572,
[92mINFO [0m:      	                       'tp': 3086,
[92mINFO [0m:      	                       'tpr': 0.872984441301273,
[92mINFO [0m:      	                       'youden': 0.4488100264247099},
[92mINFO [0m:      	                      {'alerts_per_1000': 434.99684642068746,
[92mINFO [0m:      	                       'balanced_accuracy': 0.7345656701886009,
[92mINFO [0m:      	                       'f1': 0.40700068634179826,
[92mINFO [0m:      	                       'fn': 570,
[92mINFO [0m:      	                       'fp': 8070,
[92mINFO [0m:      	                       'fpr': 0.369623963724637,
[92mINFO [0m:      	                       'npv': 0.9602316332937976,
[92mINFO [0m:      	                       'ppv': 0.2686905301314001,
[92mINFO [0m:      	                       'precision': 0.2686905301314001,
[92mINFO [0m:      	                       'prevalence': 0.13934878587196467,
[92mINFO [0m:      	                       'recall': 0.8387553041018387,
[92mINFO [0m:      	                       'spec': 0.630376036275363,
[92mINFO [0m:      	                       'threshold': 0.5,
[92mINFO [0m:      	                       'tn': 13763,
[92mINFO [0m:      	                       'tp': 2965,
[92mINFO [0m:      	                       'tpr': 0.8387553041018387,
[92mINFO [0m:      	                       'youden': 0.4691313403772017},
[92mINFO [0m:      	                      {'alerts_per_1000': 383.8300220750552,
[92mINFO [0m:      	                       'balanced_accuracy': 0.738489333749937,
[92mINFO [0m:      	                       'f1': 0.4231464737793852,
[92mINFO [0m:      	                       'fn': 727,
[92mINFO [0m:      	                       'fp': 6929,
[92mINFO [0m:      	                       'fpr': 0.3173636238721202,
[92mINFO [0m:      	                       'npv': 0.9534898598938008,
[92mINFO [0m:      	                       'ppv': 0.2883845126835781,
[92mINFO [0m:      	                       'precision': 0.2883845126835781,
[92mINFO [0m:      	                       'prevalence': 0.13934878587196467,
[92mINFO [0m:      	                       'recall': 0.7943422913719943,
[92mINFO [0m:      	                       'spec': 0.6826363761278798,
[92mINFO [0m:      	                       'threshold': 0.55,
[92mINFO [0m:      	                       'tn': 14904,
[92mINFO [0m:      	                       'tp': 2808,
[92mINFO [0m:      	                       'tpr': 0.7943422913719943,
[92mINFO [0m:      	                       'youden': 0.47697866749987394},
[92mINFO [0m:      	                      {'alerts_per_1000': 333.25449385052036,
[92mINFO [0m:      	                       'balanced_accuracy': 0.7345096644964272,
[92mINFO [0m:      	                       'f1': 0.4345650179331053,
[92mINFO [0m:      	                       'fn': 930,
[92mINFO [0m:      	                       'fp': 5849,
[92mINFO [0m:      	                       'fpr': 0.2678972198048825,
[92mINFO [0m:      	                       'npv': 0.9450159631074849,
[92mINFO [0m:      	                       'ppv': 0.30813815945114736,
[92mINFO [0m:      	                       'precision': 0.30813815945114736,
[92mINFO [0m:      	                       'prevalence': 0.13934878587196467,
[92mINFO [0m:      	                       'recall': 0.7369165487977369,
[92mINFO [0m:      	                       'spec': 0.7321027801951174,
[92mINFO [0m:      	                       'threshold': 0.6,
[92mINFO [0m:      	                       'tn': 15984,
[92mINFO [0m:      	                       'tp': 2605,
[92mINFO [0m:      	                       'tpr': 0.7369165487977369,
[92mINFO [0m:      	                       'youden': 0.46901932899285437},
[92mINFO [0m:      	                      {'alerts_per_1000': 280.3137811415957,
[92mINFO [0m:      	                       'balanced_accuracy': 0.725658996532182,
[92mINFO [0m:      	                       'f1': 0.4441104640240466,
[92mINFO [0m:      	                       'fn': 1171,
[92mINFO [0m:      	                       'fp': 4747,
[92mINFO [0m:      	                       'fpr': 0.2174231667659048,
[92mINFO [0m:      	                       'npv': 0.9358602179985759,
[92mINFO [0m:      	                       'ppv': 0.3324426944171003,
[92mINFO [0m:      	                       'precision': 0.3324426944171003,
[92mINFO [0m:      	                       'prevalence': 0.13934878587196467,
[92mINFO [0m:      	                       'recall': 0.6687411598302687,
[92mINFO [0m:      	                       'spec': 0.7825768332340952,
[92mINFO [0m:      	                       'threshold': 0.65,
[92mINFO [0m:      	                       'tn': 17086,
[92mINFO [0m:      	                       'tp': 2364,
[92mINFO [0m:      	                       'tpr': 0.6687411598302687,
[92mINFO [0m:      	                       'youden': 0.45131799306436404},
[92mINFO [0m:      	                      {'alerts_per_1000': 230.88142541784924,
[92mINFO [0m:      	                       'balanced_accuracy': 0.7114832529375779,
[92mINFO [0m:      	                       'f1': 0.4478279386712095,
[92mINFO [0m:      	                       'fn': 1432,
[92mINFO [0m:      	                       'fp': 3754,
[92mINFO [0m:      	                       'fpr': 0.1719415563596391,
[92mINFO [0m:      	                       'npv': 0.926605504587156,
[92mINFO [0m:      	                       'ppv': 0.3590575379887314,
[92mINFO [0m:      	                       'precision': 0.3590575379887314,
[92mINFO [0m:      	                       'prevalence': 0.13934878587196467,
[92mINFO [0m:      	                       'recall': 0.5949080622347949,
[92mINFO [0m:      	                       'spec': 0.8280584436403609,
[92mINFO [0m:      	                       'threshold': 0.7,
[92mINFO [0m:      	                       'tn': 18079,
[92mINFO [0m:      	                       'tp': 2103,
[92mINFO [0m:      	                       'tpr': 0.5949080622347949,
[92mINFO [0m:      	                       'youden': 0.4229665058751557}]),
[92mINFO [0m:      	                    (74,
[92mINFO [0m:      	                     [{'alerts_per_1000': 890.6102175969726,
[92mINFO [0m:      	                       'balanced_accuracy': 0.5610854311281904,
[92mINFO [0m:      	                       'f1': 0.2694427434170239,
[92mINFO [0m:      	                       'fn': 15,
[92mINFO [0m:      	                       'fp': 19073,
[92mINFO [0m:      	                       'fpr': 0.8735858562726149,
[92mINFO [0m:      	                       'npv': 0.9945945945945946,
[92mINFO [0m:      	                       'ppv': 0.1558004691718674,
[92mINFO [0m:      	                       'precision': 0.1558004691718674,
[92mINFO [0m:      	                       'prevalence': 0.13934878587196467,
[92mINFO [0m:      	                       'recall': 0.9957567185289957,
[92mINFO [0m:      	                       'spec': 0.12641414372738513,
[92mINFO [0m:      	                       'threshold': 0.15,
[92mINFO [0m:      	                       'tn': 2760,
[92mINFO [0m:      	                       'tp': 3520,
[92mINFO [0m:      	                       'tpr': 0.9957567185289957,
[92mINFO [0m:      	                       'youden': 0.12217086225638085},
[92mINFO [0m:      	                      {'alerts_per_1000': 807.0009460737938,
[92mINFO [0m:      	                       'balanced_accuracy': 0.6060431275573854,
[92mINFO [0m:      	                       'f1': 0.2914150039571791,
[92mINFO [0m:      	                       'fn': 37,
[92mINFO [0m:      	                       'fp': 16974,
[92mINFO [0m:      	                       'fpr': 0.7774469839234187,
[92mINFO [0m:      	                       'npv': 0.9924428104575164,
[92mINFO [0m:      	                       'ppv': 0.1708675263774912,
[92mINFO [0m:      	                       'precision': 0.1708675263774912,
[92mINFO [0m:      	                       'prevalence': 0.13934878587196467,
[92mINFO [0m:      	                       'recall': 0.9895332390381896,
[92mINFO [0m:      	                       'spec': 0.2225530160765813,
[92mINFO [0m:      	                       'threshold': 0.2,
[92mINFO [0m:      	                       'tn': 4859,
[92mINFO [0m:      	                       'tp': 3498,
[92mINFO [0m:      	                       'tpr': 0.9895332390381896,
[92mINFO [0m:      	                       'youden': 0.21208625511477086},
[92mINFO [0m:      	                      {'alerts_per_1000': 728.634500157679,
[92mINFO [0m:      	                       'balanced_accuracy': 0.645654162356647,
[92mINFO [0m:      	                       'f1': 0.3144556973522867,
[92mINFO [0m:      	                       'fn': 73,
[92mINFO [0m:      	                       'fp': 15022,
[92mINFO [0m:      	                       'fpr': 0.6880410387944854,
[92mINFO [0m:      	                       'npv': 0.9893957001743172,
[92mINFO [0m:      	                       'ppv': 0.18729712183510064,
[92mINFO [0m:      	                       'precision': 0.18729712183510064,
[92mINFO [0m:      	                       'prevalence': 0.13934878587196467,
[92mINFO [0m:      	                       'recall': 0.9793493635077793,
[92mINFO [0m:      	                       'spec': 0.3119589612055146,
[92mINFO [0m:      	                       'threshold': 0.25,
[92mINFO [0m:      	                       'tn': 6811,
[92mINFO [0m:      	                       'tp': 3462,
[92mINFO [0m:      	                       'tpr': 0.9793493635077793,
[92mINFO [0m:      	                       'youden': 0.29130832471329393},
[92mINFO [0m:      	                      {'alerts_per_1000': 660.1229895931883,
[92mINFO [0m:      	                       'balanced_accuracy': 0.6726374781022278,
[92mINFO [0m:      	                       'f1': 0.33371135545584535,
[92mINFO [0m:      	                       'fn': 151,
[92mINFO [0m:      	                       'fp': 13362,
[92mINFO [0m:      	                       'fpr': 0.6120093436541015,
[92mINFO [0m:      	                       'npv': 0.9824866620273719,
[92mINFO [0m:      	                       'ppv': 0.20207810820494446,
[92mINFO [0m:      	                       'precision': 0.20207810820494446,
[92mINFO [0m:      	                       'prevalence': 0.13934878587196467,
[92mINFO [0m:      	                       'recall': 0.9572842998585572,
[92mINFO [0m:      	                       'spec': 0.38799065634589847,
[92mINFO [0m:      	                       'threshold': 0.3,
[92mINFO [0m:      	                       'tn': 8471,
[92mINFO [0m:      	                       'tp': 3384,
[92mINFO [0m:      	                       'tpr': 0.9572842998585572,
[92mINFO [0m:      	                       'youden': 0.3452749562044557},
[92mINFO [0m:      	                      {'alerts_per_1000': 597.2090823084201,
[92mINFO [0m:      	                       'balanced_accuracy': 0.6950540851730939,
[92mINFO [0m:      	                       'f1': 0.35301043617875294,
[92mINFO [0m:      	                       'fn': 237,
[92mINFO [0m:      	                       'fp': 11852,
[92mINFO [0m:      	                       'fpr': 0.5428479824119452,
[92mINFO [0m:      	                       'npv': 0.9768056371109807,
[92mINFO [0m:      	                       'ppv': 0.21768976897689768,
[92mINFO [0m:      	                       'precision': 0.21768976897689768,
[92mINFO [0m:      	                       'prevalence': 0.13934878587196467,
[92mINFO [0m:      	                       'recall': 0.9329561527581329,
[92mINFO [0m:      	                       'spec': 0.4571520175880548,
[92mINFO [0m:      	                       'threshold': 0.35,
[92mINFO [0m:      	                       'tn': 9981,
[92mINFO [0m:      	                       'tp': 3298,
[92mINFO [0m:      	                       'tpr': 0.9329561527581329,
[92mINFO [0m:      	                       'youden': 0.3901081703461877},
[92mINFO [0m:      	                      {'alerts_per_1000': 538.434247871334,
[92mINFO [0m:      	                       'balanced_accuracy': 0.7130939494352495,
[92mINFO [0m:      	                       'f1': 0.3722228684424799,
[92mINFO [0m:      	                       'fn': 335,
[92mINFO [0m:      	                       'fp': 10459,
[92mINFO [0m:      	                       'fpr': 0.4790454816104063,
[92mINFO [0m:      	                       'npv': 0.9713895294218123,
[92mINFO [0m:      	                       'ppv': 0.23427776557581081,
[92mINFO [0m:      	                       'precision': 0.23427776557581081,
[92mINFO [0m:      	                       'prevalence': 0.13934878587196467,
[92mINFO [0m:      	                       'recall': 0.9052333804809052,
[92mINFO [0m:      	                       'spec': 0.5209545183895937,
[92mINFO [0m:      	                       'threshold': 0.4,
[92mINFO [0m:      	                       'tn': 11374,
[92mINFO [0m:      	                       'tp': 3200,
[92mINFO [0m:      	                       'tpr': 0.9052333804809052,
[92mINFO [0m:      	                       'youden': 0.426187898870499},
[92mINFO [0m:      	                      {'alerts_per_1000': 486.28192999053925,
[92mINFO [0m:      	                       'balanced_accuracy': 0.7241638939692073,
[92mINFO [0m:      	                       'f1': 0.3885073404322349,
[92mINFO [0m:      	                       'fn': 452,
[92mINFO [0m:      	                       'fp': 9253,
[92mINFO [0m:      	                       'fpr': 0.4238079970686575,
[92mINFO [0m:      	                       'npv': 0.965316144874156,
[92mINFO [0m:      	                       'ppv': 0.2499189364461738,
[92mINFO [0m:      	                       'precision': 0.2499189364461738,
[92mINFO [0m:      	                       'prevalence': 0.13934878587196467,
[92mINFO [0m:      	                       'recall': 0.8721357850070721,
[92mINFO [0m:      	                       'spec': 0.5761920029313425,
[92mINFO [0m:      	                       'threshold': 0.45,
[92mINFO [0m:      	                       'tn': 12580,
[92mINFO [0m:      	                       'tp': 3083,
[92mINFO [0m:      	                       'tpr': 0.8721357850070721,
[92mINFO [0m:      	                       'youden': 0.44832778793841466},
[92mINFO [0m:      	                      {'alerts_per_1000': 435.07568590350047,
[92mINFO [0m:      	                       'balanced_accuracy': 0.7348485556200012,
[92mINFO [0m:      	                       'f1': 0.4072193247323635,
[92mINFO [0m:      	                       'fn': 568,
[92mINFO [0m:      	                       'fp': 8070,
[92mINFO [0m:      	                       'fpr': 0.369623963724637,
[92mINFO [0m:      	                       'npv': 0.960365640918289,
[92mINFO [0m:      	                       'ppv': 0.2688230497417777,
[92mINFO [0m:      	                       'precision': 0.2688230497417777,
[92mINFO [0m:      	                       'prevalence': 0.13934878587196467,
[92mINFO [0m:      	                       'recall': 0.8393210749646394,
[92mINFO [0m:      	                       'spec': 0.630376036275363,
[92mINFO [0m:      	                       'threshold': 0.5,
[92mINFO [0m:      	                       'tn': 13763,
[92mINFO [0m:      	                       'tp': 2967,
[92mINFO [0m:      	                       'tpr': 0.8393210749646394,
[92mINFO [0m:      	                       'youden': 0.46969711124000235},
[92mINFO [0m:      	                      {'alerts_per_1000': 383.8300220750552,
[92mINFO [0m:      	                       'balanced_accuracy': 0.738489333749937,
[92mINFO [0m:      	                       'f1': 0.4231464737793852,
[92mINFO [0m:      	                       'fn': 727,
[92mINFO [0m:      	                       'fp': 6929,
[92mINFO [0m:      	                       'fpr': 0.3173636238721202,
[92mINFO [0m:      	                       'npv': 0.9534898598938008,
[92mINFO [0m:      	                       'ppv': 0.2883845126835781,
[92mINFO [0m:      	                       'precision': 0.2883845126835781,
[92mINFO [0m:      	                       'prevalence': 0.13934878587196467,
[92mINFO [0m:      	                       'recall': 0.7943422913719943,
[92mINFO [0m:      	                       'spec': 0.6826363761278798,
[92mINFO [0m:      	                       'threshold': 0.55,
[92mINFO [0m:      	                       'tn': 14904,
[92mINFO [0m:      	                       'tp': 2808,
[92mINFO [0m:      	                       'tpr': 0.7943422913719943,
[92mINFO [0m:      	                       'youden': 0.47697866749987394},
[92mINFO [0m:      	                      {'alerts_per_1000': 333.45159255755283,
[92mINFO [0m:      	                       'balanced_accuracy': 0.7348881904175395,
[92mINFO [0m:      	                       'f1': 0.43488410872102723,
[92mINFO [0m:      	                       'fn': 927,
[92mINFO [0m:      	                       'fp': 5851,
[92mINFO [0m:      	                       'fpr': 0.2679888242568589,
[92mINFO [0m:      	                       'npv': 0.9451771246081968,
[92mINFO [0m:      	                       'ppv': 0.30831067502068804,
[92mINFO [0m:      	                       'precision': 0.30831067502068804,
[92mINFO [0m:      	                       'prevalence': 0.13934878587196467,
[92mINFO [0m:      	                       'recall': 0.7377652050919378,
[92mINFO [0m:      	                       'spec': 0.7320111757431411,
[92mINFO [0m:      	                       'threshold': 0.6,
[92mINFO [0m:      	                       'tn': 15982,
[92mINFO [0m:      	                       'tp': 2608,
[92mINFO [0m:      	                       'tpr': 0.7377652050919378,
[92mINFO [0m:      	                       'youden': 0.469776380835079},
[92mINFO [0m:      	                      {'alerts_per_1000': 280.4714601072217,
[92mINFO [0m:      	                       'balanced_accuracy': 0.7254030482515114,
[92mINFO [0m:      	                       'f1': 0.4437558685446009,
[92mINFO [0m:      	                       'fn': 1172,
[92mINFO [0m:      	                       'fp': 4752,
[92mINFO [0m:      	                       'fpr': 0.21765217789584573,
[92mINFO [0m:      	                       'npv': 0.9357913767599847,
[92mINFO [0m:      	                       'ppv': 0.33211524947294446,
[92mINFO [0m:      	                       'precision': 0.33211524947294446,
[92mINFO [0m:      	                       'prevalence': 0.13934878587196467,
[92mINFO [0m:      	                       'recall': 0.6684582743988685,
[92mINFO [0m:      	                       'spec': 0.7823478221041542,
[92mINFO [0m:      	                       'threshold': 0.65,
[92mINFO [0m:      	                       'tn': 17081,
[92mINFO [0m:      	                       'tp': 2363,
[92mINFO [0m:      	                       'tpr': 0.6684582743988685,
[92mINFO [0m:      	                       'youden': 0.4508060965030227},
[92mINFO [0m:      	                      {'alerts_per_1000': 231.2362030905077,
[92mINFO [0m:      	                       'balanced_accuracy': 0.711277142920631,
[92mINFO [0m:      	                       'f1': 0.4473992128496968,
[92mINFO [0m:      	                       'fn': 1432,
[92mINFO [0m:      	                       'fp': 3763,
[92mINFO [0m:      	                       'fpr': 0.17235377639353272,
[92mINFO [0m:      	                       'npv': 0.9265716336785971,
[92mINFO [0m:      	                       'ppv': 0.35850664848278213,
[92mINFO [0m:      	                       'precision': 0.35850664848278213,
[92mINFO [0m:      	                       'prevalence': 0.13934878587196467,
[92mINFO [0m:      	                       'recall': 0.5949080622347949,
[92mINFO [0m:      	                       'spec': 0.8276462236064672,
[92mINFO [0m:      	                       'threshold': 0.7,
[92mINFO [0m:      	                       'tn': 18070,
[92mINFO [0m:      	                       'tp': 2103,
[92mINFO [0m:      	                       'tpr': 0.5949080622347949,
[92mINFO [0m:      	                       'youden': 0.4225542858412621}]),
[92mINFO [0m:      	                    (75,
[92mINFO [0m:      	                     [{'alerts_per_1000': 888.9940081993062,
[92mINFO [0m:      	                       'balanced_accuracy': 0.5618600329322541,
[92mINFO [0m:      	                       'f1': 0.2697895503507495,
[92mINFO [0m:      	                       'fn': 16,
[92mINFO [0m:      	                       'fp': 19033,
[92mINFO [0m:      	                       'fpr': 0.8717537672330875,
[92mINFO [0m:      	                       'npv': 0.9943181818181818,
[92mINFO [0m:      	                       'ppv': 0.1560393756651295,
[92mINFO [0m:      	                       'precision': 0.1560393756651295,
[92mINFO [0m:      	                       'prevalence': 0.13934878587196467,
[92mINFO [0m:      	                       'recall': 0.9954738330975955,
[92mINFO [0m:      	                       'spec': 0.1282462327669125,
[92mINFO [0m:      	                       'threshold': 0.15,
[92mINFO [0m:      	                       'tn': 2800,
[92mINFO [0m:      	                       'tp': 3519,
[92mINFO [0m:      	                       'tpr': 0.9954738330975955,
[92mINFO [0m:      	                       'youden': 0.12372006586450812},
[92mINFO [0m:      	                      {'alerts_per_1000': 805.7395143487859,
[92mINFO [0m:      	                       'balanced_accuracy': 0.6067759631731964,
[92mINFO [0m:      	                       'f1': 0.29180396246089674,
[92mINFO [0m:      	                       'fn': 37,
[92mINFO [0m:      	                       'fp': 16942,
[92mINFO [0m:      	                       'fpr': 0.7759813126917968,
[92mINFO [0m:      	                       'npv': 0.9924918831168831,
[92mINFO [0m:      	                       'ppv': 0.17113502935420744,
[92mINFO [0m:      	                       'precision': 0.17113502935420744,
[92mINFO [0m:      	                       'prevalence': 0.13934878587196467,
[92mINFO [0m:      	                       'recall': 0.9895332390381896,
[92mINFO [0m:      	                       'spec': 0.22401868730820318,
[92mINFO [0m:      	                       'threshold': 0.2,
[92mINFO [0m:      	                       'tn': 4891,
[92mINFO [0m:      	                       'tp': 3498,
[92mINFO [0m:      	                       'tpr': 0.9895332390381896,
[92mINFO [0m:      	                       'youden': 0.21355192634639275},
[92mINFO [0m:      	                      {'alerts_per_1000': 727.5701671397036,
[92mINFO [0m:      	                       'balanced_accuracy': 0.6459438047500989,
[92mINFO [0m:      	                       'f1': 0.3146598763186613,
[92mINFO [0m:      	                       'fn': 75,
[92mINFO [0m:      	                       'fp': 14997,
[92mINFO [0m:      	                       'fpr': 0.6868959831447808,
[92mINFO [0m:      	                       'npv': 0.9891477354941398,
[92mINFO [0m:      	                       'ppv': 0.18746275125968467,
[92mINFO [0m:      	                       'precision': 0.18746275125968467,
[92mINFO [0m:      	                       'prevalence': 0.13934878587196467,
[92mINFO [0m:      	                       'recall': 0.9787835926449788,
[92mINFO [0m:      	                       'spec': 0.31310401685521916,
[92mINFO [0m:      	                       'threshold': 0.25,
[92mINFO [0m:      	                       'tn': 6836,
[92mINFO [0m:      	                       'tp': 3460,
[92mINFO [0m:      	                       'tpr': 0.9787835926449788,
[92mINFO [0m:      	                       'youden': 0.2918876095001979},
[92mINFO [0m:      	                      {'alerts_per_1000': 659.2951750236518,
[92mINFO [0m:      	                       'balanced_accuracy': 0.672625369989021,
[92mINFO [0m:      	                       'f1': 0.33376110562685096,
[92mINFO [0m:      	                       'fn': 154,
[92mINFO [0m:      	                       'fp': 13344,
[92mINFO [0m:      	                       'fpr': 0.6111849035863143,
[92mINFO [0m:      	                       'npv': 0.9821821126923522,
[92mINFO [0m:      	                       'ppv': 0.202152466367713,
[92mINFO [0m:      	                       'precision': 0.202152466367713,
[92mINFO [0m:      	                       'prevalence': 0.13934878587196467,
[92mINFO [0m:      	                       'recall': 0.9564356435643564,
[92mINFO [0m:      	                       'spec': 0.3888150964136857,
[92mINFO [0m:      	                       'threshold': 0.3,
[92mINFO [0m:      	                       'tn': 8489,
[92mINFO [0m:      	                       'tp': 3381,
[92mINFO [0m:      	                       'tpr': 0.9564356435643564,
[92mINFO [0m:      	                       'youden': 0.345250739978042},
[92mINFO [0m:      	                      {'alerts_per_1000': 596.6177861873226,
[92mINFO [0m:      	                       'balanced_accuracy': 0.6950689142106168,
[92mINFO [0m:      	                       'f1': 0.35307980717728976,
[92mINFO [0m:      	                       'fn': 239,
[92mINFO [0m:      	                       'fp': 11839,
[92mINFO [0m:      	                       'fpr': 0.5422525534740988,
[92mINFO [0m:      	                       'npv': 0.976644190364507,
[92mINFO [0m:      	                       'ppv': 0.21777337297654442,
[92mINFO [0m:      	                       'precision': 0.21777337297654442,
[92mINFO [0m:      	                       'prevalence': 0.13934878587196467,
[92mINFO [0m:      	                       'recall': 0.9323903818953324,
[92mINFO [0m:      	                       'spec': 0.45774744652590116,
[92mINFO [0m:      	                       'threshold': 0.35,
[92mINFO [0m:      	                       'tn': 9994,
[92mINFO [0m:      	                       'tp': 3296,
[92mINFO [0m:      	                       'tpr': 0.9323903818953324,
[92mINFO [0m:      	                       'youden': 0.39013782842123357},
[92mINFO [0m:      	                      {'alerts_per_1000': 538.3159886471145,
[92mINFO [0m:      	                       'balanced_accuracy': 0.713326996602926,
[92mINFO [0m:      	                       'f1': 0.3724041649700425,
[92mINFO [0m:      	                       'fn': 334,
[92mINFO [0m:      	                       'fp': 10455,
[92mINFO [0m:      	                       'fpr': 0.47886227270645354,
[92mINFO [0m:      	                       'npv': 0.9714822404371585,
[92mINFO [0m:      	                       'ppv': 0.234402460456942,
[92mINFO [0m:      	                       'precision': 0.234402460456942,
[92mINFO [0m:      	                       'prevalence': 0.13934878587196467,
[92mINFO [0m:      	                       'recall': 0.9055162659123055,
[92mINFO [0m:      	                       'spec': 0.5211377272935465,
[92mINFO [0m:      	                       'threshold': 0.4,
[92mINFO [0m:      	                       'tn': 11378,
[92mINFO [0m:      	                       'tp': 3201,
[92mINFO [0m:      	                       'tpr': 0.9055162659123055,
[92mINFO [0m:      	                       'youden': 0.42665399320585196},
[92mINFO [0m:      	                      {'alerts_per_1000': 486.0848312835068,
[92mINFO [0m:      	                       'balanced_accuracy': 0.7241140557054835,
[92mINFO [0m:      	                       'f1': 0.38850371864364047,
[92mINFO [0m:      	                       'fn': 453,
[92mINFO [0m:      	                       'fp': 9249,
[92mINFO [0m:      	                       'fpr': 0.4236247881647048,
[92mINFO [0m:      	                       'npv': 0.9652527421952903,
[92mINFO [0m:      	                       'ppv': 0.2499391776822642,
[92mINFO [0m:      	                       'precision': 0.2499391776822642,
[92mINFO [0m:      	                       'prevalence': 0.13934878587196467,
[92mINFO [0m:      	                       'recall': 0.8718528995756718,
[92mINFO [0m:      	                       'spec': 0.5763752118352952,
[92mINFO [0m:      	                       'threshold': 0.45,
[92mINFO [0m:      	                       'tn': 12584,
[92mINFO [0m:      	                       'tp': 3082,
[92mINFO [0m:      	                       'tpr': 0.8718528995756718,
[92mINFO [0m:      	                       'youden': 0.44822811141096697},
[92mINFO [0m:      	                      {'alerts_per_1000': 435.19394512772,
[92mINFO [0m:      	                       'balanced_accuracy': 0.7347798522810189,
[92mINFO [0m:      	                       'f1': 0.4071355060034305,
[92mINFO [0m:      	                       'fn': 568,
[92mINFO [0m:      	                       'fp': 8073,
[92mINFO [0m:      	                       'fpr': 0.36976137040260154,
[92mINFO [0m:      	                       'npv': 0.96035734226689,
[92mINFO [0m:      	                       'ppv': 0.26875,
[92mINFO [0m:      	                       'precision': 0.26875,
[92mINFO [0m:      	                       'prevalence': 0.13934878587196467,
[92mINFO [0m:      	                       'recall': 0.8393210749646394,
[92mINFO [0m:      	                       'spec': 0.6302386295973985,
[92mINFO [0m:      	                       'threshold': 0.5,
[92mINFO [0m:      	                       'tn': 13760,
[92mINFO [0m:      	                       'tp': 2967,
[92mINFO [0m:      	                       'tpr': 0.8393210749646394,
[92mINFO [0m:      	                       'youden': 0.4695597045620379},
[92mINFO [0m:      	                      {'alerts_per_1000': 383.9877010406812,
[92mINFO [0m:      	                       'balanced_accuracy': 0.7383977292979607,
[92mINFO [0m:      	                       'f1': 0.4230189816209702,
[92mINFO [0m:      	                       'fn': 727,
[92mINFO [0m:      	                       'fp': 6933,
[92mINFO [0m:      	                       'fpr': 0.31754683277607293,
[92mINFO [0m:      	                       'npv': 0.9534779548217828,
[92mINFO [0m:      	                       'ppv': 0.28826609177702495,
[92mINFO [0m:      	                       'precision': 0.28826609177702495,
[92mINFO [0m:      	                       'prevalence': 0.13934878587196467,
[92mINFO [0m:      	                       'recall': 0.7943422913719943,
[92mINFO [0m:      	                       'spec': 0.6824531672239271,
[92mINFO [0m:      	                       'threshold': 0.55,
[92mINFO [0m:      	                       'tn': 14900,
[92mINFO [0m:      	                       'tp': 2808,
[92mINFO [0m:      	                       'tpr': 0.7943422913719943,
[92mINFO [0m:      	                       'youden': 0.4767954585959213},
[92mINFO [0m:      	                      {'alerts_per_1000': 333.4121728161463,
[92mINFO [0m:      	                       'balanced_accuracy': 0.7349110915305335,
[92mINFO [0m:      	                       'f1': 0.4349203702159593,
[92mINFO [0m:      	                       'fn': 927,
[92mINFO [0m:      	                       'fp': 5850,
[92mINFO [0m:      	                       'fpr': 0.2679430220308707,
[92mINFO [0m:      	                       'npv': 0.9451803666469545,
[92mINFO [0m:      	                       'ppv': 0.3083471269803736,
[92mINFO [0m:      	                       'precision': 0.3083471269803736,
[92mINFO [0m:      	                       'prevalence': 0.13934878587196467,
[92mINFO [0m:      	                       'recall': 0.7377652050919378,
[92mINFO [0m:      	                       'spec': 0.7320569779691293,
[92mINFO [0m:      	                       'threshold': 0.6,
[92mINFO [0m:      	                       'tn': 15983,
[92mINFO [0m:      	                       'tp': 2608,
[92mINFO [0m:      	                       'tpr': 0.7377652050919378,
[92mINFO [0m:      	                       'youden': 0.46982218306106693},
[92mINFO [0m:      	                      {'alerts_per_1000': 280.86565752128666,
[92mINFO [0m:      	                       'balanced_accuracy': 0.7256670686076532,
[92mINFO [0m:      	                       'f1': 0.44390243902439025,
[92mINFO [0m:      	                       'fn': 1169,
[92mINFO [0m:      	                       'fp': 4759,
[92mINFO [0m:      	                       'fpr': 0.21797279347776302,
[92mINFO [0m:      	                       'npv': 0.9359206270898427,
[92mINFO [0m:      	                       'ppv': 0.3320701754385965,
[92mINFO [0m:      	                       'precision': 0.3320701754385965,
[92mINFO [0m:      	                       'prevalence': 0.13934878587196467,
[92mINFO [0m:      	                       'recall': 0.6693069306930693,
[92mINFO [0m:      	                       'spec': 0.782027206522237,
[92mINFO [0m:      	                       'threshold': 0.65,
[92mINFO [0m:      	                       'tn': 17074,
[92mINFO [0m:      	                       'tp': 2366,
[92mINFO [0m:      	                       'tpr': 0.6693069306930693,
[92mINFO [0m:      	                       'youden': 0.45133413721530635},
[92mINFO [0m:      	                      {'alerts_per_1000': 231.70923998738567,
[92mINFO [0m:      	                       'balanced_accuracy': 0.7116597048794788,
[92mINFO [0m:      	                       'f1': 0.44767874216509085,
[92mINFO [0m:      	                       'fn': 1428,
[92mINFO [0m:      	                       'fp': 3771,
[92mINFO [0m:      	                       'fpr': 0.1727201942014382,
[92mINFO [0m:      	                       'npv': 0.9267316572601334,
[92mINFO [0m:      	                       'ppv': 0.35845525689009866,
[92mINFO [0m:      	                       'precision': 0.35845525689009866,
[92mINFO [0m:      	                       'prevalence': 0.13934878587196467,
[92mINFO [0m:      	                       'recall': 0.596039603960396,
[92mINFO [0m:      	                       'spec': 0.8272798057985618,
[92mINFO [0m:      	                       'threshold': 0.7,
[92mINFO [0m:      	                       'tn': 18062,
[92mINFO [0m:      	                       'tp': 2107,
[92mINFO [0m:      	                       'tpr': 0.596039603960396,
[92mINFO [0m:      	                       'youden': 0.42331940975895765}]),
[92mINFO [0m:      	                    (76,
[92mINFO [0m:      	                     [{'alerts_per_1000': 887.1018606117945,
[92mINFO [0m:      	                       'balanced_accuracy': 0.5629592863559704,
[92mINFO [0m:      	                       'f1': 0.27028687737624335,
[92mINFO [0m:      	                       'fn': 16,
[92mINFO [0m:      	                       'fp': 18985,
[92mINFO [0m:      	                       'fpr': 0.8695552603856548,
[92mINFO [0m:      	                       'npv': 0.994413407821229,
[92mINFO [0m:      	                       'ppv': 0.1563722004976893,
[92mINFO [0m:      	                       'precision': 0.1563722004976893,
[92mINFO [0m:      	                       'prevalence': 0.13934878587196467,
[92mINFO [0m:      	                       'recall': 0.9954738330975955,
[92mINFO [0m:      	                       'spec': 0.13044473961434522,
[92mINFO [0m:      	                       'threshold': 0.15,
[92mINFO [0m:      	                       'tn': 2848,
[92mINFO [0m:      	                       'tp': 3519,
[92mINFO [0m:      	                       'tpr': 0.9954738330975955,
[92mINFO [0m:      	                       'youden': 0.12591857271194073},
[92mINFO [0m:      	                      {'alerts_per_1000': 804.5175023651844,
[92mINFO [0m:      	                       'balanced_accuracy': 0.6074858976760131,
[92mINFO [0m:      	                       'f1': 0.2921817574340127,
[92mINFO [0m:      	                       'fn': 37,
[92mINFO [0m:      	                       'fp': 16911,
[92mINFO [0m:      	                       'fpr': 0.7745614436861632,
[92mINFO [0m:      	                       'npv': 0.9925388183101431,
[92mINFO [0m:      	                       'ppv': 0.17139497280611496,
[92mINFO [0m:      	                       'precision': 0.17139497280611496,
[92mINFO [0m:      	                       'prevalence': 0.13934878587196467,
[92mINFO [0m:      	                       'recall': 0.9895332390381896,
[92mINFO [0m:      	                       'spec': 0.2254385563138368,
[92mINFO [0m:      	                       'threshold': 0.2,
[92mINFO [0m:      	                       'tn': 4922,
[92mINFO [0m:      	                       'tp': 3498,
[92mINFO [0m:      	                       'tpr': 0.9895332390381896,
[92mINFO [0m:      	                       'youden': 0.21497179535202626},
[92mINFO [0m:      	                      {'alerts_per_1000': 726.7423525701672,
[92mINFO [0m:      	                       'balanced_accuracy': 0.6464247281229749,
[92mINFO [0m:      	                       'f1': 0.3149606299212599,
[92mINFO [0m:      	                       'fn': 75,
[92mINFO [0m:      	                       'fp': 14976,
[92mINFO [0m:      	                       'fpr': 0.685934136399029,
[92mINFO [0m:      	                       'npv': 0.9891806116560877,
[92mINFO [0m:      	                       'ppv': 0.18767628552831417,
[92mINFO [0m:      	                       'precision': 0.18767628552831417,
[92mINFO [0m:      	                       'prevalence': 0.13934878587196467,
[92mINFO [0m:      	                       'recall': 0.9787835926449788,
[92mINFO [0m:      	                       'spec': 0.314065863600971,
[92mINFO [0m:      	                       'threshold': 0.25,
[92mINFO [0m:      	                       'tn': 6857,
[92mINFO [0m:      	                       'tp': 3460,
[92mINFO [0m:      	                       'tpr': 0.9787835926449788,
[92mINFO [0m:      	                       'youden': 0.2928494562459498},
[92mINFO [0m:      	                      {'alerts_per_1000': 658.0731630400505,
[92mINFO [0m:      	                       'balanced_accuracy': 0.672677929177061,
[92mINFO [0m:      	                       'f1': 0.3338771071234367,
[92mINFO [0m:      	                       'fn': 158,
[92mINFO [0m:      	                       'fp': 13317,
[92mINFO [0m:      	                       'fpr': 0.6099482434846334,
[92mINFO [0m:      	                       'npv': 0.9817846437629698,
[92mINFO [0m:      	                       'ppv': 0.20228824727446987,
[92mINFO [0m:      	                       'precision': 0.20228824727446987,
[92mINFO [0m:      	                       'prevalence': 0.13934878587196467,
[92mINFO [0m:      	                       'recall': 0.9553041018387554,
[92mINFO [0m:      	                       'spec': 0.3900517565153666,
[92mINFO [0m:      	                       'threshold': 0.3,
[92mINFO [0m:      	                       'tn': 8516,
[92mINFO [0m:      	                       'tp': 3377,
[92mINFO [0m:      	                       'tpr': 0.9553041018387554,
[92mINFO [0m:      	                       'youden': 0.3453558583541221},
[92mINFO [0m:      	                      {'alerts_per_1000': 596.1053295490382,
[92mINFO [0m:      	                       'balanced_accuracy': 0.6953666286795399,
[92mINFO [0m:      	                       'f1': 0.3533258294473924,
[92mINFO [0m:      	                       'fn': 239,
[92mINFO [0m:      	                       'fp': 11826,
[92mINFO [0m:      	                       'fpr': 0.5416571245362525,
[92mINFO [0m:      	                       'npv': 0.9766738239312902,
[92mINFO [0m:      	                       'ppv': 0.21796058722391218,
[92mINFO [0m:      	                       'precision': 0.21796058722391218,
[92mINFO [0m:      	                       'prevalence': 0.13934878587196467,
[92mINFO [0m:      	                       'recall': 0.9323903818953324,
[92mINFO [0m:      	                       'spec': 0.4583428754637475,
[92mINFO [0m:      	                       'threshold': 0.35,
[92mINFO [0m:      	                       'tn': 10007,
[92mINFO [0m:      	                       'tp': 3296,
[92mINFO [0m:      	                       'tpr': 0.9323903818953324,
[92mINFO [0m:      	                       'youden': 0.3907332573590798},
[92mINFO [0m:      	                      {'alerts_per_1000': 538.0006307158625,
[92mINFO [0m:      	                       'balanced_accuracy': 0.7133458616781845,
[92mINFO [0m:      	                       'f1': 0.37246115346563463,
[92mINFO [0m:      	                       'fn': 335,
[92mINFO [0m:      	                       'fp': 10448,
[92mINFO [0m:      	                       'fpr': 0.4785416571245363,
[92mINFO [0m:      	                       'npv': 0.9714163822525598,
[92mINFO [0m:      	                       'ppv': 0.23446658851113716,
[92mINFO [0m:      	                       'precision': 0.23446658851113716,
[92mINFO [0m:      	                       'prevalence': 0.13934878587196467,
[92mINFO [0m:      	                       'recall': 0.9052333804809052,
[92mINFO [0m:      	                       'spec': 0.5214583428754638,
[92mINFO [0m:      	                       'threshold': 0.4,
[92mINFO [0m:      	                       'tn': 11385,
[92mINFO [0m:      	                       'tp': 3200,
[92mINFO [0m:      	                       'tpr': 0.9052333804809052,
[92mINFO [0m:      	                       'youden': 0.42669172335636896},
[92mINFO [0m:      	                      {'alerts_per_1000': 486.0454115421003,
[92mINFO [0m:      	                       'balanced_accuracy': 0.7241369568184776,
[92mINFO [0m:      	                       'f1': 0.38852820674440597,
[92mINFO [0m:      	                       'fn': 453,
[92mINFO [0m:      	                       'fp': 9248,
[92mINFO [0m:      	                       'fpr': 0.4235789859387166,
[92mINFO [0m:      	                       'npv': 0.9652554072710539,
[92mINFO [0m:      	                       'ppv': 0.24995944849959448,
[92mINFO [0m:      	                       'precision': 0.24995944849959448,
[92mINFO [0m:      	                       'prevalence': 0.13934878587196467,
[92mINFO [0m:      	                       'recall': 0.8718528995756718,
[92mINFO [0m:      	                       'spec': 0.5764210140612833,
[92mINFO [0m:      	                       'threshold': 0.45,
[92mINFO [0m:      	                       'tn': 12585,
[92mINFO [0m:      	                       'tp': 3082,
[92mINFO [0m:      	                       'tpr': 0.8718528995756718,
[92mINFO [0m:      	                       'youden': 0.4482739136369551},
[92mINFO [0m:      	                      {'alerts_per_1000': 435.07568590350047,
[92mINFO [0m:      	                       'balanced_accuracy': 0.7348485556200012,
[92mINFO [0m:      	                       'f1': 0.4072193247323635,
[92mINFO [0m:      	                       'fn': 568,
[92mINFO [0m:      	                       'fp': 8070,
[92mINFO [0m:      	                       'fpr': 0.369623963724637,
[92mINFO [0m:      	                       'npv': 0.960365640918289,
[92mINFO [0m:      	                       'ppv': 0.2688230497417777,
[92mINFO [0m:      	                       'precision': 0.2688230497417777,
[92mINFO [0m:      	                       'prevalence': 0.13934878587196467,
[92mINFO [0m:      	                       'recall': 0.8393210749646394,
[92mINFO [0m:      	                       'spec': 0.630376036275363,
[92mINFO [0m:      	                       'threshold': 0.5,
[92mINFO [0m:      	                       'tn': 13763,
[92mINFO [0m:      	                       'tp': 2967,
[92mINFO [0m:      	                       'tpr': 0.8393210749646394,
[92mINFO [0m:      	                       'youden': 0.46969711124000235},
[92mINFO [0m:      	                      {'alerts_per_1000': 384.02712078208765,
[92mINFO [0m:      	                       'balanced_accuracy': 0.7385391720136609,
[92mINFO [0m:      	                       'f1': 0.423137757023424,
[92mINFO [0m:      	                       'fn': 726,
[92mINFO [0m:      	                       'fp': 6933,
[92mINFO [0m:      	                       'fpr': 0.31754683277607293,
[92mINFO [0m:      	                       'npv': 0.9535389735056956,
[92mINFO [0m:      	                       'ppv': 0.28833915007185384,
[92mINFO [0m:      	                       'precision': 0.28833915007185384,
[92mINFO [0m:      	                       'prevalence': 0.13934878587196467,
[92mINFO [0m:      	                       'recall': 0.7946251768033946,
[92mINFO [0m:      	                       'spec': 0.6824531672239271,
[92mINFO [0m:      	                       'threshold': 0.55,
[92mINFO [0m:      	                       'tn': 14900,
[92mINFO [0m:      	                       'tp': 2809,
[92mINFO [0m:      	                       'tpr': 0.7946251768033946,
[92mINFO [0m:      	                       'youden': 0.47707834402732185},
[92mINFO [0m:      	                      {'alerts_per_1000': 333.45159255755283,
[92mINFO [0m:      	                       'balanced_accuracy': 0.7350525342462337,
[92mINFO [0m:      	                       'f1': 0.4350508587627147,
[92mINFO [0m:      	                       'fn': 926,
[92mINFO [0m:      	                       'fp': 5850,
[92mINFO [0m:      	                       'fpr': 0.2679430220308707,
[92mINFO [0m:      	                       'npv': 0.9452362647111006,
[92mINFO [0m:      	                       'ppv': 0.30842889230405485,
[92mINFO [0m:      	                       'precision': 0.30842889230405485,
[92mINFO [0m:      	                       'prevalence': 0.13934878587196467,
[92mINFO [0m:      	                       'recall': 0.7380480905233381,
[92mINFO [0m:      	                       'spec': 0.7320569779691293,
[92mINFO [0m:      	                       'threshold': 0.6,
[92mINFO [0m:      	                       'tn': 15983,
[92mINFO [0m:      	                       'tp': 2609,
[92mINFO [0m:      	                       'tpr': 0.7380480905233381,
[92mINFO [0m:      	                       'youden': 0.47010506849246747},
[92mINFO [0m:      	                      {'alerts_per_1000': 281.0233364869126,
[92mINFO [0m:      	                       'balanced_accuracy': 0.7259041518130652,
[92mINFO [0m:      	                       'f1': 0.4441110277569393,
[92mINFO [0m:      	                       'fn': 1167,
[92mINFO [0m:      	                       'fp': 4761,
[92mINFO [0m:      	                       'fpr': 0.2180643979297394,
[92mINFO [0m:      	                       'npv': 0.9360162289599211,
[92mINFO [0m:      	                       'ppv': 0.33216439893393185,
[92mINFO [0m:      	                       'precision': 0.33216439893393185,
[92mINFO [0m:      	                       'prevalence': 0.13934878587196467,
[92mINFO [0m:      	                       'recall': 0.6698727015558699,
[92mINFO [0m:      	                       'spec': 0.7819356020702606,
[92mINFO [0m:      	                       'threshold': 0.65,
[92mINFO [0m:      	                       'tn': 17072,
[92mINFO [0m:      	                       'tp': 2368,
[92mINFO [0m:      	                       'tpr': 0.6698727015558699,
[92mINFO [0m:      	                       'youden': 0.45180830362613045},
[92mINFO [0m:      	                      {'alerts_per_1000': 231.98517817723115,
[92mINFO [0m:      	                       'balanced_accuracy': 0.7118280847459088,
[92mINFO [0m:      	                       'f1': 0.4477707006369427,
[92mINFO [0m:      	                       'fn': 1426,
[92mINFO [0m:      	                       'fp': 3776,
[92mINFO [0m:      	                       'fpr': 0.1729492053313791,
[92mINFO [0m:      	                       'npv': 0.9268079864497254,
[92mINFO [0m:      	                       'ppv': 0.3583687340696686,
[92mINFO [0m:      	                       'precision': 0.3583687340696686,
[92mINFO [0m:      	                       'prevalence': 0.13934878587196467,
[92mINFO [0m:      	                       'recall': 0.5966053748231966,
[92mINFO [0m:      	                       'spec': 0.8270507946686209,
[92mINFO [0m:      	                       'threshold': 0.7,
[92mINFO [0m:      	                       'tn': 18057,
[92mINFO [0m:      	                       'tp': 2109,
[92mINFO [0m:      	                       'tpr': 0.5966053748231966,
[92mINFO [0m:      	                       'youden': 0.4236561694918175}]),
[92mINFO [0m:      	                    (77,
[92mINFO [0m:      	                     [{'alerts_per_1000': 885.7615894039735,
[92mINFO [0m:      	                       'balanced_accuracy': 0.5637379241977696,
[92mINFO [0m:      	                       'f1': 0.2706402614881753,
[92mINFO [0m:      	                       'fn': 16,
[92mINFO [0m:      	                       'fp': 18951,
[92mINFO [0m:      	                       'fpr': 0.8679979847020565,
[92mINFO [0m:      	                       'npv': 0.9944789510006902,
[92mINFO [0m:      	                       'ppv': 0.15660881174899866,
[92mINFO [0m:      	                       'precision': 0.15660881174899866,
[92mINFO [0m:      	                       'prevalence': 0.13934878587196467,
[92mINFO [0m:      	                       'recall': 0.9954738330975955,
[92mINFO [0m:      	                       'spec': 0.13200201529794353,
[92mINFO [0m:      	                       'threshold': 0.15,
[92mINFO [0m:      	                       'tn': 2882,
[92mINFO [0m:      	                       'tp': 3519,
[92mINFO [0m:      	                       'tpr': 0.9954738330975955,
[92mINFO [0m:      	                       'youden': 0.12747584839553916},
[92mINFO [0m:      	                      {'alerts_per_1000': 803.3349101229896,
[92mINFO [0m:      	                       'balanced_accuracy': 0.6081729310658359,
[92mINFO [0m:      	                       'f1': 0.2925482980680773,
[92mINFO [0m:      	                       'fn': 37,
[92mINFO [0m:      	                       'fp': 16881,
[92mINFO [0m:      	                       'fpr': 0.7731873769065176,
[92mINFO [0m:      	                       'npv': 0.9925836841050311,
[92mINFO [0m:      	                       'ppv': 0.1716472839687914,
[92mINFO [0m:      	                       'precision': 0.1716472839687914,
[92mINFO [0m:      	                       'prevalence': 0.13934878587196467,
[92mINFO [0m:      	                       'recall': 0.9895332390381896,
[92mINFO [0m:      	                       'spec': 0.22681262309348238,
[92mINFO [0m:      	                       'threshold': 0.2,
[92mINFO [0m:      	                       'tn': 4952,
[92mINFO [0m:      	                       'tp': 3498,
[92mINFO [0m:      	                       'tpr': 0.9895332390381896,
[92mINFO [0m:      	                       'youden': 0.21634586213167184},
[92mINFO [0m:      	                      {'alerts_per_1000': 725.1261431725007,
[92mINFO [0m:      	                       'balanced_accuracy': 0.6470349860983442,
[92mINFO [0m:      	                       'f1': 0.3153670770633835,
[92mINFO [0m:      	                       'fn': 77,
[92mINFO [0m:      	                       'fp': 14937,
[92mINFO [0m:      	                       'fpr': 0.6841478495854899,
[92mINFO [0m:      	                       'npv': 0.9889574071418328,
[92mINFO [0m:      	                       'ppv': 0.1879858657243816,
[92mINFO [0m:      	                       'precision': 0.1879858657243816,
[92mINFO [0m:      	                       'prevalence': 0.13934878587196467,
[92mINFO [0m:      	                       'recall': 0.9782178217821782,
[92mINFO [0m:      	                       'spec': 0.3158521504145101,
[92mINFO [0m:      	                       'threshold': 0.25,
[92mINFO [0m:      	                       'tn': 6896,
[92mINFO [0m:      	                       'tp': 3458,
[92mINFO [0m:      	                       'tpr': 0.9782178217821782,
[92mINFO [0m:      	                       'youden': 0.2940699721966884},
[92mINFO [0m:      	                      {'alerts_per_1000': 657.5212866603595,
[92mINFO [0m:      	                       'balanced_accuracy': 0.6726698571015898,
[92mINFO [0m:      	                       'f1': 0.33391046252782586,
[92mINFO [0m:      	                       'fn': 160,
[92mINFO [0m:      	                       'fp': 13305,
[92mINFO [0m:      	                       'fpr': 0.6093986167727752,
[92mINFO [0m:      	                       'npv': 0.9815837937384899,
[92mINFO [0m:      	                       'ppv': 0.20233812949640287,
[92mINFO [0m:      	                       'precision': 0.20233812949640287,
[92mINFO [0m:      	                       'prevalence': 0.13934878587196467,
[92mINFO [0m:      	                       'recall': 0.9547383309759547,
[92mINFO [0m:      	                       'spec': 0.3906013832272248,
[92mINFO [0m:      	                       'threshold': 0.3,
[92mINFO [0m:      	                       'tn': 8528,
[92mINFO [0m:      	                       'tp': 3375,
[92mINFO [0m:      	                       'tpr': 0.9547383309759547,
[92mINFO [0m:      	                       'youden': 0.34533971420317955},
[92mINFO [0m:      	                      {'alerts_per_1000': 595.3957742037212,
[92mINFO [0m:      	                       'balanced_accuracy': 0.6954501610560451,
[92mINFO [0m:      	                       'f1': 0.35345243843553836,
[92mINFO [0m:      	                       'fn': 241,
[92mINFO [0m:      	                       'fp': 11810,
[92mINFO [0m:      	                       'fpr': 0.5409242889204415,
[92mINFO [0m:      	                       'npv': 0.9765198752922837,
[92mINFO [0m:      	                       'ppv': 0.21808792372881355,
[92mINFO [0m:      	                       'precision': 0.21808792372881355,
[92mINFO [0m:      	                       'prevalence': 0.13934878587196467,
[92mINFO [0m:      	                       'recall': 0.9318246110325318,
[92mINFO [0m:      	                       'spec': 0.45907571107955847,
[92mINFO [0m:      	                       'threshold': 0.35,
[92mINFO [0m:      	                       'tn': 10023,
[92mINFO [0m:      	                       'tp': 3294,
[92mINFO [0m:      	                       'tpr': 0.9318246110325318,
[92mINFO [0m:      	                       'youden': 0.39090032211209014},
[92mINFO [0m:      	                      {'alerts_per_1000': 537.3699148533586,
[92mINFO [0m:      	                       'balanced_accuracy': 0.71371227948609,
[92mINFO [0m:      	                       'f1': 0.37280829498456336,
[92mINFO [0m:      	                       'fn': 335,
[92mINFO [0m:      	                       'fp': 10432,
[92mINFO [0m:      	                       'fpr': 0.47780882150872533,
[92mINFO [0m:      	                       'npv': 0.9714553510565781,
[92mINFO [0m:      	                       'ppv': 0.2347417840375587,
[92mINFO [0m:      	                       'precision': 0.2347417840375587,
[92mINFO [0m:      	                       'prevalence': 0.13934878587196467,
[92mINFO [0m:      	                       'recall': 0.9052333804809052,
[92mINFO [0m:      	                       'spec': 0.5221911784912747,
[92mINFO [0m:      	                       'threshold': 0.4,
[92mINFO [0m:      	                       'tn': 11401,
[92mINFO [0m:      	                       'tp': 3200,
[92mINFO [0m:      	                       'tpr': 0.9052333804809052,
[92mINFO [0m:      	                       'youden': 0.4274245589721799},
[92mINFO [0m:      	                      {'alerts_per_1000': 485.9271523178808,
[92mINFO [0m:      	                       'balanced_accuracy': 0.7242056601574598,
[92mINFO [0m:      	                       'f1': 0.38860168957256336,
[92mINFO [0m:      	                       'fn': 453,
[92mINFO [0m:      	                       'fp': 9245,
[92mINFO [0m:      	                       'fpr': 0.4234415792607521,
[92mINFO [0m:      	                       'npv': 0.9652634000460087,
[92mINFO [0m:      	                       'ppv': 0.2500202806846759,
[92mINFO [0m:      	                       'precision': 0.2500202806846759,
[92mINFO [0m:      	                       'prevalence': 0.13934878587196467,
[92mINFO [0m:      	                       'recall': 0.8718528995756718,
[92mINFO [0m:      	                       'spec': 0.5765584207392479,
[92mINFO [0m:      	                       'threshold': 0.45,
[92mINFO [0m:      	                       'tn': 12588,
[92mINFO [0m:      	                       'tp': 3082,
[92mINFO [0m:      	                       'tpr': 0.8718528995756718,
[92mINFO [0m:      	                       'youden': 0.4484113203149196},
[92mINFO [0m:      	                      {'alerts_per_1000': 434.91800693787445,
[92mINFO [0m:      	                       'balanced_accuracy': 0.7347758162432833,
[92mINFO [0m:      	                       'f1': 0.4071938495332235,
[92mINFO [0m:      	                       'fn': 569,
[92mINFO [0m:      	                       'fp': 8067,
[92mINFO [0m:      	                       'fpr': 0.3694865570466725,
[92mINFO [0m:      	                       'npv': 0.9603069410533659,
[92mINFO [0m:      	                       'ppv': 0.2688298740143207,
[92mINFO [0m:      	                       'precision': 0.2688298740143207,
[92mINFO [0m:      	                       'prevalence': 0.13934878587196467,
[92mINFO [0m:      	                       'recall': 0.839038189533239,
[92mINFO [0m:      	                       'spec': 0.6305134429533275,
[92mINFO [0m:      	                       'threshold': 0.5,
[92mINFO [0m:      	                       'tn': 13766,
[92mINFO [0m:      	                       'tp': 2966,
[92mINFO [0m:      	                       'tpr': 0.839038189533239,
[92mINFO [0m:      	                       'youden': 0.4695516324865665},
[92mINFO [0m:      	                      {'alerts_per_1000': 383.7511825922422,
[92mINFO [0m:      	                       'balanced_accuracy': 0.7388638236333138,
[92mINFO [0m:      	                       'f1': 0.4235116804822908,
[92mINFO [0m:      	                       'fn': 725,
[92mINFO [0m:      	                       'fp': 6925,
[92mINFO [0m:      	                       'fpr': 0.31718041496816746,
[92mINFO [0m:      	                       'npv': 0.9536237446427429,
[92mINFO [0m:      	                       'ppv': 0.2886492039034412,
[92mINFO [0m:      	                       'precision': 0.2886492039034412,
[92mINFO [0m:      	                       'prevalence': 0.13934878587196467,
[92mINFO [0m:      	                       'recall': 0.7949080622347949,
[92mINFO [0m:      	                       'spec': 0.6828195850318326,
[92mINFO [0m:      	                       'threshold': 0.55,
[92mINFO [0m:      	                       'tn': 14908,
[92mINFO [0m:      	                       'tp': 2810,
[92mINFO [0m:      	                       'tpr': 0.7949080622347949,
[92mINFO [0m:      	                       'youden': 0.47772764726662764},
[92mINFO [0m:      	                      {'alerts_per_1000': 333.9246294544308,
[92mINFO [0m:      	                       'balanced_accuracy': 0.735106408547693,
[92mINFO [0m:      	                       'f1': 0.4349491920706313,
[92mINFO [0m:      	                       'fn': 924,
[92mINFO [0m:      	                       'fp': 5860,
[92mINFO [0m:      	                       'fpr': 0.2684010442907525,
[92mINFO [0m:      	                       'npv': 0.945315736521276,
[92mINFO [0m:      	                       'ppv': 0.308228072246488,
[92mINFO [0m:      	                       'precision': 0.308228072246488,
[92mINFO [0m:      	                       'prevalence': 0.13934878587196467,
[92mINFO [0m:      	                       'recall': 0.7386138613861386,
[92mINFO [0m:      	                       'spec': 0.7315989557092475,
[92mINFO [0m:      	                       'threshold': 0.6,
[92mINFO [0m:      	                       'tn': 15973,
[92mINFO [0m:      	                       'tp': 2611,
[92mINFO [0m:      	                       'tpr': 0.7386138613861386,
[92mINFO [0m:      	                       'youden': 0.4702128170953861},
[92mINFO [0m:      	                      {'alerts_per_1000': 281.18101545253865,
[92mINFO [0m:      	                       'balanced_accuracy': 0.7261412350184773,
[92mINFO [0m:      	                       'f1': 0.44431946006749157,
[92mINFO [0m:      	                       'fn': 1165,
[92mINFO [0m:      	                       'fp': 4763,
[92mINFO [0m:      	                       'fpr': 0.21815600238171576,
[92mINFO [0m:      	                       'npv': 0.9361118727721415,
[92mINFO [0m:      	                       'ppv': 0.3322585167531193,
[92mINFO [0m:      	                       'precision': 0.3322585167531193,
[92mINFO [0m:      	                       'prevalence': 0.13934878587196467,
[92mINFO [0m:      	                       'recall': 0.6704384724186704,
[92mINFO [0m:      	                       'spec': 0.7818439976182843,
[92mINFO [0m:      	                       'threshold': 0.65,
[92mINFO [0m:      	                       'tn': 17070,
[92mINFO [0m:      	                       'tp': 2370,
[92mINFO [0m:      	                       'tpr': 0.6704384724186704,
[92mINFO [0m:      	                       'youden': 0.45228247003695454},
[92mINFO [0m:      	                      {'alerts_per_1000': 232.18227688426362,
[92mINFO [0m:      	                       'balanced_accuracy': 0.7118779230096325,
[92mINFO [0m:      	                       'f1': 0.4477453580901857,
[92mINFO [0m:      	                       'fn': 1425,
[92mINFO [0m:      	                       'fp': 3780,
[92mINFO [0m:      	                       'fpr': 0.17313241423533185,
[92mINFO [0m:      	                       'npv': 0.9268405380429202,
[92mINFO [0m:      	                       'ppv': 0.35823429541595925,
[92mINFO [0m:      	                       'precision': 0.35823429541595925,
[92mINFO [0m:      	                       'prevalence': 0.13934878587196467,
[92mINFO [0m:      	                       'recall': 0.5968882602545968,
[92mINFO [0m:      	                       'spec': 0.8268675857646681,
[92mINFO [0m:      	                       'threshold': 0.7,
[92mINFO [0m:      	                       'tn': 18053,
[92mINFO [0m:      	                       'tp': 2110,
[92mINFO [0m:      	                       'tpr': 0.5968882602545968,
[92mINFO [0m:      	                       'youden': 0.42375584601926497}]),
[92mINFO [0m:      	                    (78,
[92mINFO [0m:      	                     [{'alerts_per_1000': 884.4607379375591,
[92mINFO [0m:      	                       'balanced_accuracy': 0.5644936609265745,
[92mINFO [0m:      	                       'f1': 0.27098413676266747,
[92mINFO [0m:      	                       'fn': 16,
[92mINFO [0m:      	                       'fp': 18918,
[92mINFO [0m:      	                       'fpr': 0.8664865112444465,
[92mINFO [0m:      	                       'npv': 0.9945411122483794,
[92mINFO [0m:      	                       'ppv': 0.156839149618933,
[92mINFO [0m:      	                       'precision': 0.156839149618933,
[92mINFO [0m:      	                       'prevalence': 0.13934878587196467,
[92mINFO [0m:      	                       'recall': 0.9954738330975955,
[92mINFO [0m:      	                       'spec': 0.13351348875555347,
[92mINFO [0m:      	                       'threshold': 0.15,
[92mINFO [0m:      	                       'tn': 2915,
[92mINFO [0m:      	                       'tp': 3519,
[92mINFO [0m:      	                       'tpr': 0.9954738330975955,
[92mINFO [0m:      	                       'youden': 0.12898732185314898},
[92mINFO [0m:      	                      {'alerts_per_1000': 802.0340586565752,
[92mINFO [0m:      	                       'balanced_accuracy': 0.608928667794641,
[92mINFO [0m:      	                       'f1': 0.2929525564256103,
[92mINFO [0m:      	                       'fn': 37,
[92mINFO [0m:      	                       'fp': 16848,
[92mINFO [0m:      	                       'fpr': 0.7716759034489076,
[92mINFO [0m:      	                       'npv': 0.9926324173636002,
[92mINFO [0m:      	                       'ppv': 0.17192568563845473,
[92mINFO [0m:      	                       'precision': 0.17192568563845473,
[92mINFO [0m:      	                       'prevalence': 0.13934878587196467,
[92mINFO [0m:      	                       'recall': 0.9895332390381896,
[92mINFO [0m:      	                       'spec': 0.22832409655109243,
[92mINFO [0m:      	                       'threshold': 0.2,
[92mINFO [0m:      	                       'tn': 4985,
[92mINFO [0m:      	                       'tp': 3498,
[92mINFO [0m:      	                       'tpr': 0.9895332390381896,
[92mINFO [0m:      	                       'youden': 0.2178573355892821},
[92mINFO [0m:      	                      {'alerts_per_1000': 723.9829706717123,
[92mINFO [0m:      	                       'balanced_accuracy': 0.6473704307177843,
[92mINFO [0m:      	                       'f1': 0.3156020273046893,
[92mINFO [0m:      	                       'fn': 79,
[92mINFO [0m:      	                       'fp': 14910,
[92mINFO [0m:      	                       'fpr': 0.6829111894838089,
[92mINFO [0m:      	                       'npv': 0.988717509283062,
[92mINFO [0m:      	                       'ppv': 0.1881737994119569,
[92mINFO [0m:      	                       'precision': 0.1881737994119569,
[92mINFO [0m:      	                       'prevalence': 0.13934878587196467,
[92mINFO [0m:      	                       'recall': 0.9776520509193777,
[92mINFO [0m:      	                       'spec': 0.3170888105161911,
[92mINFO [0m:      	                       'threshold': 0.25,
[92mINFO [0m:      	                       'tn': 6923,
[92mINFO [0m:      	                       'tp': 3456,
[92mINFO [0m:      	                       'tpr': 0.9776520509193777,
[92mINFO [0m:      	                       'youden': 0.29474086143556866},
[92mINFO [0m:      	                      {'alerts_per_1000': 656.929990539262,
[92mINFO [0m:      	                       'balanced_accuracy': 0.6728490299678069,
[92mINFO [0m:      	                       'f1': 0.334059405940594,
[92mINFO [0m:      	                       'fn': 161,
[92mINFO [0m:      	                       'fp': 13291,
[92mINFO [0m:      	                       'fpr': 0.6087573856089405,
[92mINFO [0m:      	                       'npv': 0.9815006319659887,
[92mINFO [0m:      	                       'ppv': 0.20246024602460247,
[92mINFO [0m:      	                       'precision': 0.20246024602460247,
[92mINFO [0m:      	                       'prevalence': 0.13934878587196467,
[92mINFO [0m:      	                       'recall': 0.9544554455445544,
[92mINFO [0m:      	                       'spec': 0.39124261439105945,
[92mINFO [0m:      	                       'threshold': 0.3,
[92mINFO [0m:      	                       'tn': 8542,
[92mINFO [0m:      	                       'tp': 3374,
[92mINFO [0m:      	                       'tpr': 0.9544554455445544,
[92mINFO [0m:      	                       'youden': 0.34569805993561387},
[92mINFO [0m:      	                      {'alerts_per_1000': 595.0804162724692,
[92mINFO [0m:      	                       'balanced_accuracy': 0.6956333699599979,
[92mINFO [0m:      	                       'f1': 0.3536042080403628,
[92mINFO [0m:      	                       'fn': 241,
[92mINFO [0m:      	                       'fp': 11802,
[92mINFO [0m:      	                       'fpr': 0.5405578711125361,
[92mINFO [0m:      	                       'npv': 0.9765381619937694,
[92mINFO [0m:      	                       'ppv': 0.2182034976152623,
[92mINFO [0m:      	                       'precision': 0.2182034976152623,
[92mINFO [0m:      	                       'prevalence': 0.13934878587196467,
[92mINFO [0m:      	                       'recall': 0.9318246110325318,
[92mINFO [0m:      	                       'spec': 0.45944212888746394,
[92mINFO [0m:      	                       'threshold': 0.35,
[92mINFO [0m:      	                       'tn': 10031,
[92mINFO [0m:      	                       'tp': 3294,
[92mINFO [0m:      	                       'tpr': 0.9318246110325318,
[92mINFO [0m:      	                       'youden': 0.39126673991999583},
[92mINFO [0m:      	                      {'alerts_per_1000': 536.9362976978871,
[92mINFO [0m:      	                       'balanced_accuracy': 0.7139641917290249,
[92mINFO [0m:      	                       'f1': 0.37304733038004195,
[92mINFO [0m:      	                       'fn': 335,
[92mINFO [0m:      	                       'fp': 10421,
[92mINFO [0m:      	                       'fpr': 0.47730499702285534,
[92mINFO [0m:      	                       'npv': 0.9714820805311994,
[92mINFO [0m:      	                       'ppv': 0.2349313559944204,
[92mINFO [0m:      	                       'precision': 0.2349313559944204,
[92mINFO [0m:      	                       'prevalence': 0.13934878587196467,
[92mINFO [0m:      	                       'recall': 0.9052333804809052,
[92mINFO [0m:      	                       'spec': 0.5226950029771447,
[92mINFO [0m:      	                       'threshold': 0.4,
[92mINFO [0m:      	                       'tn': 11412,
[92mINFO [0m:      	                       'tp': 3200,
[92mINFO [0m:      	                       'tpr': 0.9052333804809052,
[92mINFO [0m:      	                       'youden': 0.42792838345804984},
[92mINFO [0m:      	                      {'alerts_per_1000': 485.61179438662884,
[92mINFO [0m:      	                       'balanced_accuracy': 0.7242245252327184,
[92mINFO [0m:      	                       'f1': 0.3886716286110761,
[92mINFO [0m:      	                       'fn': 454,
[92mINFO [0m:      	                       'fp': 9238,
[92mINFO [0m:      	                       'fpr': 0.4231209636788348,
[92mINFO [0m:      	                       'npv': 0.9652080619204537,
[92mINFO [0m:      	                       'ppv': 0.2501014692751035,
[92mINFO [0m:      	                       'precision': 0.2501014692751035,
[92mINFO [0m:      	                       'prevalence': 0.13934878587196467,
[92mINFO [0m:      	                       'recall': 0.8715700141442716,
[92mINFO [0m:      	                       'spec': 0.5768790363211652,
[92mINFO [0m:      	                       'threshold': 0.45,
[92mINFO [0m:      	                       'tn': 12595,
[92mINFO [0m:      	                       'tp': 3081,
[92mINFO [0m:      	                       'tpr': 0.8715700141442716,
[92mINFO [0m:      	                       'youden': 0.4484490504654368},
[92mINFO [0m:      	                      {'alerts_per_1000': 434.64206874802903,
[92mINFO [0m:      	                       'balanced_accuracy': 0.7349361240342419,
[92mINFO [0m:      	                       'f1': 0.4073896023624751,
[92mINFO [0m:      	                       'fn': 569,
[92mINFO [0m:      	                       'fp': 8060,
[92mINFO [0m:      	                       'fpr': 0.3691659414647552,
[92mINFO [0m:      	                       'npv': 0.960326314321573,
[92mINFO [0m:      	                       'ppv': 0.2690005441683294,
[92mINFO [0m:      	                       'precision': 0.2690005441683294,
[92mINFO [0m:      	                       'prevalence': 0.13934878587196467,
[92mINFO [0m:      	                       'recall': 0.839038189533239,
[92mINFO [0m:      	                       'spec': 0.6308340585352448,
[92mINFO [0m:      	                       'threshold': 0.5,
[92mINFO [0m:      	                       'tn': 13773,
[92mINFO [0m:      	                       'tp': 2966,
[92mINFO [0m:      	                       'tpr': 0.839038189533239,
[92mINFO [0m:      	                       'youden': 0.4698722480684838},
[92mINFO [0m:      	                      {'alerts_per_1000': 383.8694418164617,
[92mINFO [0m:      	                       'balanced_accuracy': 0.7389594641230257,
[92mINFO [0m:      	                       'f1': 0.42356663904166353,
[92mINFO [0m:      	                       'fn': 724,
[92mINFO [0m:      	                       'fp': 6927,
[92mINFO [0m:      	                       'fpr': 0.3172720194201438,
[92mINFO [0m:      	                       'npv': 0.9536788227767115,
[92mINFO [0m:      	                       'ppv': 0.2886629698089957,
[92mINFO [0m:      	                       'precision': 0.2886629698089957,
[92mINFO [0m:      	                       'prevalence': 0.13934878587196467,
[92mINFO [0m:      	                       'recall': 0.7951909476661951,
[92mINFO [0m:      	                       'spec': 0.6827279805798562,
[92mINFO [0m:      	                       'threshold': 0.55,
[92mINFO [0m:      	                       'tn': 14906,
[92mINFO [0m:      	                       'tp': 2811,
[92mINFO [0m:      	                       'tpr': 0.7951909476661951,
[92mINFO [0m:      	                       'youden': 0.4779189282460514},
[92mINFO [0m:      	                      {'alerts_per_1000': 334.16114790286974,
[92mINFO [0m:      	                       'balanced_accuracy': 0.7354620333558112,
[92mINFO [0m:      	                       'f1': 0.43523143523143526,
[92mINFO [0m:      	                       'fn': 921,
[92mINFO [0m:      	                       'fp': 5863,
[92mINFO [0m:      	                       'fpr': 0.2685384509687171,
[92mINFO [0m:      	                       'npv': 0.94547392102303,
[92mINFO [0m:      	                       'ppv': 0.30836380795092605,
[92mINFO [0m:      	                       'precision': 0.30836380795092605,
[92mINFO [0m:      	                       'prevalence': 0.13934878587196467,
[92mINFO [0m:      	                       'recall': 0.7394625176803394,
[92mINFO [0m:      	                       'spec': 0.7314615490312829,
[92mINFO [0m:      	                       'threshold': 0.6,
[92mINFO [0m:      	                       'tn': 15970,
[92mINFO [0m:      	                       'tp': 2614,
[92mINFO [0m:      	                       'tpr': 0.7394625176803394,
[92mINFO [0m:      	                       'youden': 0.47092406671162235},
[92mINFO [0m:      	                      {'alerts_per_1000': 281.6540523494166,
[92mINFO [0m:      	                       'balanced_accuracy': 0.7261951093199368,
[92mINFO [0m:      	                       'f1': 0.4441947565543071,
[92mINFO [0m:      	                       'fn': 1163,
[92mINFO [0m:      	                       'fp': 4773,
[92mINFO [0m:      	                       'fpr': 0.21861402464159757,
[92mINFO [0m:      	                       'npv': 0.9361795533117488,
[92mINFO [0m:      	                       'ppv': 0.3319804058782365,
[92mINFO [0m:      	                       'precision': 0.3319804058782365,
[92mINFO [0m:      	                       'prevalence': 0.13934878587196467,
[92mINFO [0m:      	                       'recall': 0.671004243281471,
[92mINFO [0m:      	                       'spec': 0.7813859753584025,
[92mINFO [0m:      	                       'threshold': 0.65,
[92mINFO [0m:      	                       'tn': 17060,
[92mINFO [0m:      	                       'tp': 2372,
[92mINFO [0m:      	                       'tpr': 0.671004243281471,
[92mINFO [0m:      	                       'youden': 0.4523902186398736},
[92mINFO [0m:      	                      {'alerts_per_1000': 232.3793755912961,
[92mINFO [0m:      	                       'balanced_accuracy': 0.7119277612733563,
[92mINFO [0m:      	                       'f1': 0.44772004241781543,
[92mINFO [0m:      	                       'fn': 1424,
[92mINFO [0m:      	                       'fp': 3784,
[92mINFO [0m:      	                       'fpr': 0.17331562313928456,
[92mINFO [0m:      	                       'npv': 0.9268731063523854,
[92mINFO [0m:      	                       'ppv': 0.35810008481764205,
[92mINFO [0m:      	                       'precision': 0.35810008481764205,
[92mINFO [0m:      	                       'prevalence': 0.13934878587196467,
[92mINFO [0m:      	                       'recall': 0.5971711456859972,
[92mINFO [0m:      	                       'spec': 0.8266843768607155,
[92mINFO [0m:      	                       'threshold': 0.7,
[92mINFO [0m:      	                       'tn': 18049,
[92mINFO [0m:      	                       'tp': 2111,
[92mINFO [0m:      	                       'tpr': 0.5971711456859972,
[92mINFO [0m:      	                       'youden': 0.42385552254671266}]),
[92mINFO [0m:      	                    (79,
[92mINFO [0m:      	                     [{'alerts_per_1000': 883.1993062125513,
[92mINFO [0m:      	                       'balanced_accuracy': 0.5652264965423854,
[92mINFO [0m:      	                       'f1': 0.2713184271395528,
[92mINFO [0m:      	                       'fn': 16,
[92mINFO [0m:      	                       'fp': 18886,
[92mINFO [0m:      	                       'fpr': 0.8650208400128246,
[92mINFO [0m:      	                       'npv': 0.9946000674991563,
[92mINFO [0m:      	                       'ppv': 0.15706315554563713,
[92mINFO [0m:      	                       'precision': 0.15706315554563713,
[92mINFO [0m:      	                       'prevalence': 0.13934878587196467,
[92mINFO [0m:      	                       'recall': 0.9954738330975955,
[92mINFO [0m:      	                       'spec': 0.13497915998717536,
[92mINFO [0m:      	                       'threshold': 0.15,
[92mINFO [0m:      	                       'tn': 2947,
[92mINFO [0m:      	                       'tp': 3519,
[92mINFO [0m:      	                       'tpr': 0.9954738330975955,
[92mINFO [0m:      	                       'youden': 0.13045299308477087},
[92mINFO [0m:      	                      {'alerts_per_1000': 800.9303058971933,
[92mINFO [0m:      	                       'balanced_accuracy': 0.6095698989584755,
[92mINFO [0m:      	                       'f1': 0.2932964406992831,
[92mINFO [0m:      	                       'fn': 37,
[92mINFO [0m:      	                       'fp': 16820,
[92mINFO [0m:      	                       'fpr': 0.7703934411212385,
[92mINFO [0m:      	                       'npv': 0.9926732673267327,
[92mINFO [0m:      	                       'ppv': 0.1721626144305542,
[92mINFO [0m:      	                       'precision': 0.1721626144305542,
[92mINFO [0m:      	                       'prevalence': 0.13934878587196467,
[92mINFO [0m:      	                       'recall': 0.9895332390381896,
[92mINFO [0m:      	                       'spec': 0.22960655887876147,
[92mINFO [0m:      	                       'threshold': 0.2,
[92mINFO [0m:      	                       'tn': 5013,
[92mINFO [0m:      	                       'tp': 3498,
[92mINFO [0m:      	                       'tpr': 0.9895332390381896,
[92mINFO [0m:      	                       'youden': 0.21913979791695093},
[92mINFO [0m:      	                      {'alerts_per_1000': 722.9186376537369,
[92mINFO [0m:      	                       'balanced_accuracy': 0.6474957292825422,
[92mINFO [0m:      	                       'f1': 0.3157172899332541,
[92mINFO [0m:      	                       'fn': 82,
[92mINFO [0m:      	                       'fp': 14886,
[92mINFO [0m:      	                       'fpr': 0.6818119360600925,
[92mINFO [0m:      	                       'npv': 0.9883340446720729,
[92mINFO [0m:      	                       'ppv': 0.1882872566661214,
[92mINFO [0m:      	                       'precision': 0.1882872566661214,
[92mINFO [0m:      	                       'prevalence': 0.13934878587196467,
[92mINFO [0m:      	                       'recall': 0.9768033946251768,
[92mINFO [0m:      	                       'spec': 0.3181880639399075,
[92mINFO [0m:      	                       'threshold': 0.25,
[92mINFO [0m:      	                       'tn': 6947,
[92mINFO [0m:      	                       'tp': 3453,
[92mINFO [0m:      	                       'tpr': 0.9768033946251768,
[92mINFO [0m:      	                       'youden': 0.29499145856508435},
[92mINFO [0m:      	                      {'alerts_per_1000': 656.3781141595712,
[92mINFO [0m:      	                       'balanced_accuracy': 0.6731696455497242,
[92mINFO [0m:      	                       'f1': 0.33429109283661945,
[92mINFO [0m:      	                       'fn': 161,
[92mINFO [0m:      	                       'fp': 13277,
[92mINFO [0m:      	                       'fpr': 0.608116154445106,
[92mINFO [0m:      	                       'npv': 0.9815303430079155,
[92mINFO [0m:      	                       'ppv': 0.20263047264428563,
[92mINFO [0m:      	                       'precision': 0.20263047264428563,
[92mINFO [0m:      	                       'prevalence': 0.13934878587196467,
[92mINFO [0m:      	                       'recall': 0.9544554455445544,
[92mINFO [0m:      	                       'spec': 0.391883845554894,
[92mINFO [0m:      	                       'threshold': 0.3,
[92mINFO [0m:      	                       'tn': 8556,
[92mINFO [0m:      	                       'tp': 3374,
[92mINFO [0m:      	                       'tpr': 0.9544554455445544,
[92mINFO [0m:      	                       'youden': 0.3463392910994485},
[92mINFO [0m:      	                      {'alerts_per_1000': 594.1737622201199,
[92mINFO [0m:      	                       'balanced_accuracy': 0.6963244393875563,
[92mINFO [0m:      	                       'f1': 0.3541487532244196,
[92mINFO [0m:      	                       'fn': 240,
[92mINFO [0m:      	                       'fp': 11778,
[92mINFO [0m:      	                       'fpr': 0.5394586176888196,
[92mINFO [0m:      	                       'npv': 0.9766877124817873,
[92mINFO [0m:      	                       'ppv': 0.2186027997080873,
[92mINFO [0m:      	                       'precision': 0.2186027997080873,
[92mINFO [0m:      	                       'prevalence': 0.13934878587196467,
[92mINFO [0m:      	                       'recall': 0.9321074964639321,
[92mINFO [0m:      	                       'spec': 0.46054138231118036,
[92mINFO [0m:      	                       'threshold': 0.35,
[92mINFO [0m:      	                       'tn': 10055,
[92mINFO [0m:      	                       'tp': 3295,
[92mINFO [0m:      	                       'tpr': 0.9321074964639321,
[92mINFO [0m:      	                       'youden': 0.39264887877511256},
[92mINFO [0m:      	                      {'alerts_per_1000': 536.4632608010091,
[92mINFO [0m:      	                       'balanced_accuracy': 0.7142390050849541,
[92mINFO [0m:      	                       'f1': 0.3733084461035931,
[92mINFO [0m:      	                       'fn': 335,
[92mINFO [0m:      	                       'fp': 10409,
[92mINFO [0m:      	                       'fpr': 0.47675537031099713,
[92mINFO [0m:      	                       'npv': 0.971511182923718,
[92mINFO [0m:      	                       'ppv': 0.23513851127930047,
[92mINFO [0m:      	                       'precision': 0.23513851127930047,
[92mINFO [0m:      	                       'prevalence': 0.13934878587196467,
[92mINFO [0m:      	                       'recall': 0.9052333804809052,
[92mINFO [0m:      	                       'spec': 0.5232446296890029,
[92mINFO [0m:      	                       'threshold': 0.4,
[92mINFO [0m:      	                       'tn': 11424,
[92mINFO [0m:      	                       'tp': 3200,
[92mINFO [0m:      	                       'tpr': 0.9052333804809052,
[92mINFO [0m:      	                       'youden': 0.42847801016990816},
[92mINFO [0m:      	                      {'alerts_per_1000': 485.1387574897509,
[92mINFO [0m:      	                       'balanced_accuracy': 0.7244993385886476,
[92mINFO [0m:      	                       'f1': 0.38896603964145937,
[92mINFO [0m:      	                       'fn': 454,
[92mINFO [0m:      	                       'fp': 9226,
[92mINFO [0m:      	                       'fpr': 0.4225713369669766,
[92mINFO [0m:      	                       'npv': 0.9652400275629738,
[92mINFO [0m:      	                       'ppv': 0.25034533192492076,
[92mINFO [0m:      	                       'precision': 0.25034533192492076,
[92mINFO [0m:      	                       'prevalence': 0.13934878587196467,
[92mINFO [0m:      	                       'recall': 0.8715700141442716,
[92mINFO [0m:      	                       'spec': 0.5774286630330234,
[92mINFO [0m:      	                       'threshold': 0.45,
[92mINFO [0m:      	                       'tn': 12607,
[92mINFO [0m:      	                       'tp': 3081,
[92mINFO [0m:      	                       'tpr': 0.8715700141442716,
[92mINFO [0m:      	                       'youden': 0.44899867717729514},
[92mINFO [0m:      	                      {'alerts_per_1000': 434.799747713655,
[92mINFO [0m:      	                       'balanced_accuracy': 0.7348445195822656,
[92mINFO [0m:      	                       'f1': 0.40727772056299355,
[92mINFO [0m:      	                       'fn': 569,
[92mINFO [0m:      	                       'fp': 8064,
[92mINFO [0m:      	                       'fpr': 0.3693491503687079,
[92mINFO [0m:      	                       'npv': 0.960315246198912,
[92mINFO [0m:      	                       'ppv': 0.2689029918404352,
[92mINFO [0m:      	                       'precision': 0.2689029918404352,
[92mINFO [0m:      	                       'prevalence': 0.13934878587196467,
[92mINFO [0m:      	                       'recall': 0.839038189533239,
[92mINFO [0m:      	                       'spec': 0.6306508496312921,
[92mINFO [0m:      	                       'threshold': 0.5,
[92mINFO [0m:      	                       'tn': 13769,
[92mINFO [0m:      	                       'tp': 2966,
[92mINFO [0m:      	                       'tpr': 0.839038189533239,
[92mINFO [0m:      	                       'youden': 0.4696890391645312},
[92mINFO [0m:      	                      {'alerts_per_1000': 383.63292336802266,
[92mINFO [0m:      	                       'balanced_accuracy': 0.7390968708009902,
[92mINFO [0m:      	                       'f1': 0.4237581970302254,
[92mINFO [0m:      	                       'fn': 724,
[92mINFO [0m:      	                       'fp': 6921,
[92mINFO [0m:      	                       'fpr': 0.3169972060642147,
[92mINFO [0m:      	                       'npv': 0.9536965975952929,
[92mINFO [0m:      	                       'ppv': 0.28884093711467324,
[92mINFO [0m:      	                       'precision': 0.28884093711467324,
[92mINFO [0m:      	                       'prevalence': 0.13934878587196467,
[92mINFO [0m:      	                       'recall': 0.7951909476661951,
[92mINFO [0m:      	                       'spec': 0.6830027939357852,
[92mINFO [0m:      	                       'threshold': 0.55,
[92mINFO [0m:      	                       'tn': 14912,
[92mINFO [0m:      	                       'tp': 2811,
[92mINFO [0m:      	                       'tpr': 0.7951909476661951,
[92mINFO [0m:      	                       'youden': 0.47819374160198036},
[92mINFO [0m:      	                      {'alerts_per_1000': 334.12172816146324,
[92mINFO [0m:      	                       'balanced_accuracy': 0.735320590640111,
[92mINFO [0m:      	                       'f1': 0.4351011572725002,
[92mINFO [0m:      	                       'fn': 922,
[92mINFO [0m:      	                       'fp': 5863,
[92mINFO [0m:      	                       'fpr': 0.2685384509687171,
[92mINFO [0m:      	                       'npv': 0.9454179493251244,
[92mINFO [0m:      	                       'ppv': 0.30828220858895705,
[92mINFO [0m:      	                       'precision': 0.30828220858895705,
[92mINFO [0m:      	                       'prevalence': 0.13934878587196467,
[92mINFO [0m:      	                       'recall': 0.7391796322489392,
[92mINFO [0m:      	                       'spec': 0.7314615490312829,
[92mINFO [0m:      	                       'threshold': 0.6,
[92mINFO [0m:      	                       'tn': 15970,
[92mINFO [0m:      	                       'tp': 2613,
[92mINFO [0m:      	                       'tpr': 0.7391796322489392,
[92mINFO [0m:      	                       'youden': 0.47064118128022203},
[92mINFO [0m:      	                      {'alerts_per_1000': 281.5752128666036,
[92mINFO [0m:      	                       'balanced_accuracy': 0.7265695992033133,
[92mINFO [0m:      	                       'f1': 0.4446525566585502,
[92mINFO [0m:      	                       'fn': 1161,
[92mINFO [0m:      	                       'fp': 4769,
[92mINFO [0m:      	                       'fpr': 0.21843081573764486,
[92mINFO [0m:      	                       'npv': 0.9362962962962963,
[92mINFO [0m:      	                       'ppv': 0.3323533529329413,
[92mINFO [0m:      	                       'precision': 0.3323533529329413,
[92mINFO [0m:      	                       'prevalence': 0.13934878587196467,
[92mINFO [0m:      	                       'recall': 0.6715700141442715,
[92mINFO [0m:      	                       'spec': 0.7815691842623551,
[92mINFO [0m:      	                       'threshold': 0.65,
[92mINFO [0m:      	                       'tn': 17064,
[92mINFO [0m:      	                       'tp': 2374,
[92mINFO [0m:      	                       'tpr': 0.6715700141442715,
[92mINFO [0m:      	                       'youden': 0.45313919840662664},
[92mINFO [0m:      	                      {'alerts_per_1000': 232.6553137811416,
[92mINFO [0m:      	                       'balanced_accuracy': 0.7119317973110919,
[92mINFO [0m:      	                       'f1': 0.44759987284094527,
[92mINFO [0m:      	                       'fn': 1423,
[92mINFO [0m:      	                       'fp': 3790,
[92mINFO [0m:      	                       'fpr': 0.17359043649521366,
[92mINFO [0m:      	                       'npv': 0.92689818144457,
[92mINFO [0m:      	                       'ppv': 0.35784479837343275,
[92mINFO [0m:      	                       'precision': 0.35784479837343275,
[92mINFO [0m:      	                       'prevalence': 0.13934878587196467,
[92mINFO [0m:      	                       'recall': 0.5974540311173975,
[92mINFO [0m:      	                       'spec': 0.8264095635047863,
[92mINFO [0m:      	                       'threshold': 0.7,
[92mINFO [0m:      	                       'tn': 18043,
[92mINFO [0m:      	                       'tp': 2112,
[92mINFO [0m:      	                       'tpr': 0.5974540311173975,
[92mINFO [0m:      	                       'youden': 0.4238635946221838}]),
[92mINFO [0m:      	                    (80,
[92mINFO [0m:      	                     [{'alerts_per_1000': 881.5830968148849,
[92mINFO [0m:      	                       'balanced_accuracy': 0.566001098346449,
[92mINFO [0m:      	                       'f1': 0.2716707208772539,
[92mINFO [0m:      	                       'fn': 17,
[92mINFO [0m:      	                       'fp': 18846,
[92mINFO [0m:      	                       'fpr': 0.8631887509732973,
[92mINFO [0m:      	                       'npv': 0.9943408788282291,
[92mINFO [0m:      	                       'ppv': 0.15730638526202825,
[92mINFO [0m:      	                       'precision': 0.15730638526202825,
[92mINFO [0m:      	                       'prevalence': 0.13934878587196467,
[92mINFO [0m:      	                       'recall': 0.9951909476661952,
[92mINFO [0m:      	                       'spec': 0.13681124902670272,
[92mINFO [0m:      	                       'threshold': 0.15,
[92mINFO [0m:      	                       'tn': 2987,
[92mINFO [0m:      	                       'tp': 3518,
[92mINFO [0m:      	                       'tpr': 0.9951909476661952,
[92mINFO [0m:      	                       'youden': 0.13200219669289792},
[92mINFO [0m:      	                      {'alerts_per_1000': 799.8659728792179,
[92mINFO [0m:      	                       'balanced_accuracy': 0.6100238851806218,
[92mINFO [0m:      	                       'f1': 0.29354486695206916,
[92mINFO [0m:      	                       'fn': 38,
[92mINFO [0m:      	                       'fp': 16794,
[92mINFO [0m:      	                       'fpr': 0.7692025832455457,
[92mINFO [0m:      	                       'npv': 0.9925152649202285,
[92mINFO [0m:      	                       'ppv': 0.1723424178207087,
[92mINFO [0m:      	                       'precision': 0.1723424178207087,
[92mINFO [0m:      	                       'prevalence': 0.13934878587196467,
[92mINFO [0m:      	                       'recall': 0.9892503536067893,
[92mINFO [0m:      	                       'spec': 0.2307974167544543,
[92mINFO [0m:      	                       'threshold': 0.2,
[92mINFO [0m:      	                       'tn': 5039,
[92mINFO [0m:      	                       'tp': 3497,
[92mINFO [0m:      	                       'tpr': 0.9892503536067893,
[92mINFO [0m:      	                       'youden': 0.22004777036124357},
[92mINFO [0m:      	                      {'alerts_per_1000': 721.9331441185745,
[92mINFO [0m:      	                       'balanced_accuracy': 0.6479039132787002,
[92mINFO [0m:      	                       'f1': 0.3159870016934413,
[92mINFO [0m:      	                       'fn': 83,
[92mINFO [0m:      	                       'fp': 14862,
[92mINFO [0m:      	                       'fpr': 0.6807126826363761,
[92mINFO [0m:      	                       'npv': 0.9882336263113127,
[92mINFO [0m:      	                       'ppv': 0.18848968002620944,
[92mINFO [0m:      	                       'precision': 0.18848968002620944,
[92mINFO [0m:      	                       'prevalence': 0.13934878587196467,
[92mINFO [0m:      	                       'recall': 0.9765205091937765,
[92mINFO [0m:      	                       'spec': 0.3192873173636239,
[92mINFO [0m:      	                       'threshold': 0.25,
[92mINFO [0m:      	                       'tn': 6971,
[92mINFO [0m:      	                       'tp': 3452,
[92mINFO [0m:      	                       'tpr': 0.9765205091937765,
[92mINFO [0m:      	                       'youden': 0.29580782655740046},
[92mINFO [0m:      	                      {'alerts_per_1000': 655.5897193314412,
[92mINFO [0m:      	                       'balanced_accuracy': 0.6734633239809118,
[92mINFO [0m:      	                       'f1': 0.3345234553208371,
[92mINFO [0m:      	                       'fn': 162,
[92mINFO [0m:      	                       'fp': 13258,
[92mINFO [0m:      	                       'fpr': 0.6072459121513305,
[92mINFO [0m:      	                       'npv': 0.9814581664186792,
[92mINFO [0m:      	                       'ppv': 0.2028140220070952,
[92mINFO [0m:      	                       'precision': 0.2028140220070952,
[92mINFO [0m:      	                       'prevalence': 0.13934878587196467,
[92mINFO [0m:      	                       'recall': 0.9541725601131542,
[92mINFO [0m:      	                       'spec': 0.3927540878486695,
[92mINFO [0m:      	                       'threshold': 0.3,
[92mINFO [0m:      	                       'tn': 8575,
[92mINFO [0m:      	                       'tp': 3373,
[92mINFO [0m:      	                       'tpr': 0.9541725601131542,
[92mINFO [0m:      	                       'youden': 0.3469266479618236},
[92mINFO [0m:      	                      {'alerts_per_1000': 593.7401450646483,
[92mINFO [0m:      	                       'balanced_accuracy': 0.6965763516304913,
[92mINFO [0m:      	                       'f1': 0.35435822982201426,
[92mINFO [0m:      	                       'fn': 240,
[92mINFO [0m:      	                       'fp': 11767,
[92mINFO [0m:      	                       'fpr': 0.5389547932029497,
[92mINFO [0m:      	                       'npv': 0.9767125946050844,
[92mINFO [0m:      	                       'ppv': 0.21876244854600982,
[92mINFO [0m:      	                       'precision': 0.21876244854600982,
[92mINFO [0m:      	                       'prevalence': 0.13934878587196467,
[92mINFO [0m:      	                       'recall': 0.9321074964639321,
[92mINFO [0m:      	                       'spec': 0.4610452067970503,
[92mINFO [0m:      	                       'threshold': 0.35,
[92mINFO [0m:      	                       'tn': 10066,
[92mINFO [0m:      	                       'tp': 3295,
[92mINFO [0m:      	                       'tpr': 0.9321074964639321,
[92mINFO [0m:      	                       'youden': 0.3931527032609825},
[92mINFO [0m:      	                      {'alerts_per_1000': 536.2267423525702,
[92mINFO [0m:      	                       'balanced_accuracy': 0.7143764117629186,
[92mINFO [0m:      	                       'f1': 0.3734391410899755,
[92mINFO [0m:      	                       'fn': 335,
[92mINFO [0m:      	                       'fp': 10403,
[92mINFO [0m:      	                       'fpr': 0.476480556955068,
[92mINFO [0m:      	                       'npv': 0.9715257118572036,
[92mINFO [0m:      	                       'ppv': 0.23524222597956332,
[92mINFO [0m:      	                       'precision': 0.23524222597956332,
[92mINFO [0m:      	                       'prevalence': 0.13934878587196467,
[92mINFO [0m:      	                       'recall': 0.9052333804809052,
[92mINFO [0m:      	                       'spec': 0.5235194430449319,
[92mINFO [0m:      	                       'threshold': 0.4,
[92mINFO [0m:      	                       'tn': 11430,
[92mINFO [0m:      	                       'tp': 3200,
[92mINFO [0m:      	                       'tpr': 0.9052333804809052,
[92mINFO [0m:      	                       'youden': 0.4287528235258371},
[92mINFO [0m:      	                      {'alerts_per_1000': 485.09933774834434,
[92mINFO [0m:      	                       'balanced_accuracy': 0.7243578958729473,
[92mINFO [0m:      	                       'f1': 0.38886433937251436,
[92mINFO [0m:      	                       'fn': 455,
[92mINFO [0m:      	                       'fp': 9226,
[92mINFO [0m:      	                       'fpr': 0.4225713369669766,
[92mINFO [0m:      	                       'npv': 0.9651661307609861,
[92mINFO [0m:      	                       'ppv': 0.2502844141069397,
[92mINFO [0m:      	                       'precision': 0.2502844141069397,
[92mINFO [0m:      	                       'prevalence': 0.13934878587196467,
[92mINFO [0m:      	                       'recall': 0.8712871287128713,
[92mINFO [0m:      	                       'spec': 0.5774286630330234,
[92mINFO [0m:      	                       'threshold': 0.45,
[92mINFO [0m:      	                       'tn': 12607,
[92mINFO [0m:      	                       'tp': 3080,
[92mINFO [0m:      	                       'tpr': 0.8712871287128713,
[92mINFO [0m:      	                       'youden': 0.4487157917458946},
[92mINFO [0m:      	                      {'alerts_per_1000': 434.91800693787445,
[92mINFO [0m:      	                       'balanced_accuracy': 0.7349401600719776,
[92mINFO [0m:      	                       'f1': 0.40733113673805604,
[92mINFO [0m:      	                       'fn': 568,
[92mINFO [0m:      	                       'fp': 8066,
[92mINFO [0m:      	                       'fpr': 0.3694407548206843,
[92mINFO [0m:      	                       'npv': 0.9603767003836763,
[92mINFO [0m:      	                       'ppv': 0.26892051119369165,
[92mINFO [0m:      	                       'precision': 0.26892051119369165,
[92mINFO [0m:      	                       'prevalence': 0.13934878587196467,
[92mINFO [0m:      	                       'recall': 0.8393210749646394,
[92mINFO [0m:      	                       'spec': 0.6305592451793157,
[92mINFO [0m:      	                       'threshold': 0.5,
[92mINFO [0m:      	                       'tn': 13767,
[92mINFO [0m:      	                       'tp': 2967,
[92mINFO [0m:      	                       'tpr': 0.8393210749646394,
[92mINFO [0m:      	                       'youden': 0.4698803201439552},
[92mINFO [0m:      	                      {'alerts_per_1000': 383.6723431094292,
[92mINFO [0m:      	                       'balanced_accuracy': 0.7390739696879961,
[92mINFO [0m:      	                       'f1': 0.42372625866747066,
[92mINFO [0m:      	                       'fn': 724,
[92mINFO [0m:      	                       'fp': 6922,
[92mINFO [0m:      	                       'fpr': 0.3170430082902029,
[92mINFO [0m:      	                       'npv': 0.9536936360729134,
[92mINFO [0m:      	                       'ppv': 0.28881126065961166,
[92mINFO [0m:      	                       'precision': 0.28881126065961166,
[92mINFO [0m:      	                       'prevalence': 0.13934878587196467,
[92mINFO [0m:      	                       'recall': 0.7951909476661951,
[92mINFO [0m:      	                       'spec': 0.6829569917097971,
[92mINFO [0m:      	                       'threshold': 0.55,
[92mINFO [0m:      	                       'tn': 14911,
[92mINFO [0m:      	                       'tp': 2811,
[92mINFO [0m:      	                       'tpr': 0.7951909476661951,
[92mINFO [0m:      	                       'youden': 0.4781479393759922},
[92mINFO [0m:      	                      {'alerts_per_1000': 334.23998738568275,
[92mINFO [0m:      	                       'balanced_accuracy': 0.7354162311298229,
[92mINFO [0m:      	                       'f1': 0.43515898118861324,
[92mINFO [0m:      	                       'fn': 921,
[92mINFO [0m:      	                       'fp': 5865,
[92mINFO [0m:      	                       'fpr': 0.26863005542069346,
[92mINFO [0m:      	                       'npv': 0.9454674640298419,
[92mINFO [0m:      	                       'ppv': 0.3082910720603845,
[92mINFO [0m:      	                       'precision': 0.3082910720603845,
[92mINFO [0m:      	                       'prevalence': 0.13934878587196467,
[92mINFO [0m:      	                       'recall': 0.7394625176803394,
[92mINFO [0m:      	                       'spec': 0.7313699445793065,
[92mINFO [0m:      	                       'threshold': 0.6,
[92mINFO [0m:      	                       'tn': 15968,
[92mINFO [0m:      	                       'tp': 2614,
[92mINFO [0m:      	                       'tpr': 0.7394625176803394,
[92mINFO [0m:      	                       'youden': 0.4708324622596458},
[92mINFO [0m:      	                      {'alerts_per_1000': 281.81173131504255,
[92mINFO [0m:      	                       'balanced_accuracy': 0.7270895678401257,
[92mINFO [0m:      	                       'f1': 0.4451516286035193,
[92mINFO [0m:      	                       'fn': 1157,
[92mINFO [0m:      	                       'fp': 4771,
[92mINFO [0m:      	                       'fpr': 0.2185224201896212,
[92mINFO [0m:      	                       'npv': 0.9364948679949503,
[92mINFO [0m:      	                       'ppv': 0.3326339348160582,
[92mINFO [0m:      	                       'precision': 0.3326339348160582,
[92mINFO [0m:      	                       'prevalence': 0.13934878587196467,
[92mINFO [0m:      	                       'recall': 0.6727015558698727,
[92mINFO [0m:      	                       'spec': 0.7814775798103788,
[92mINFO [0m:      	                       'threshold': 0.65,
[92mINFO [0m:      	                       'tn': 17062,
[92mINFO [0m:      	                       'tp': 2378,
[92mINFO [0m:      	                       'tpr': 0.6727015558698727,
[92mINFO [0m:      	                       'youden': 0.45417913568025137},
[92mINFO [0m:      	                      {'alerts_per_1000': 232.85241248817405,
[92mINFO [0m:      	                       'balanced_accuracy': 0.7119816355748156,
[92mINFO [0m:      	                       'f1': 0.44757466638424065,
[92mINFO [0m:      	                       'fn': 1422,
[92mINFO [0m:      	                       'fp': 3794,
[92mINFO [0m:      	                       'fpr': 0.1737736453991664,
[92mINFO [0m:      	                       'npv': 0.9269307846462155,
[92mINFO [0m:      	                       'ppv': 0.3577111901134247,
[92mINFO [0m:      	                       'precision': 0.3577111901134247,
[92mINFO [0m:      	                       'prevalence': 0.13934878587196467,
[92mINFO [0m:      	                       'recall': 0.5977369165487978,
[92mINFO [0m:      	                       'spec': 0.8262263546008336,
[92mINFO [0m:      	                       'threshold': 0.7,
[92mINFO [0m:      	                       'tn': 18039,
[92mINFO [0m:      	                       'tp': 2113,
[92mINFO [0m:      	                       'tpr': 0.5977369165487978,
[92mINFO [0m:      	                       'youden': 0.4239632711496313}]),
[92mINFO [0m:      	                    (81,
[92mINFO [0m:      	                     [{'alerts_per_1000': 880.2822453484705,
[92mINFO [0m:      	                       'balanced_accuracy': 0.566756835075254,
[92mINFO [0m:      	                       'f1': 0.27201732003402146,
[92mINFO [0m:      	                       'fn': 17,
[92mINFO [0m:      	                       'fp': 18813,
[92mINFO [0m:      	                       'fpr': 0.8616772775156872,
[92mINFO [0m:      	                       'npv': 0.994402370760619,
[92mINFO [0m:      	                       'ppv': 0.15753884734225965,
[92mINFO [0m:      	                       'precision': 0.15753884734225965,
[92mINFO [0m:      	                       'prevalence': 0.13934878587196467,
[92mINFO [0m:      	                       'recall': 0.9951909476661952,
[92mINFO [0m:      	                       'spec': 0.13832272248431277,
[92mINFO [0m:      	                       'threshold': 0.15,
[92mINFO [0m:      	                       'tn': 3020,
[92mINFO [0m:      	                       'tp': 3518,
[92mINFO [0m:      	                       'tpr': 0.9951909476661952,
[92mINFO [0m:      	                       'youden': 0.13351367015050797},
[92mINFO [0m:      	                      {'alerts_per_1000': 798.919899085462,
[92mINFO [0m:      	                       'balanced_accuracy': 0.61057351189248,
[92mINFO [0m:      	                       'f1': 0.29384085370977225,
[92mINFO [0m:      	                       'fn': 38,
[92mINFO [0m:      	                       'fp': 16770,
[92mINFO [0m:      	                       'fpr': 0.7681033298218294,
[92mINFO [0m:      	                       'npv': 0.9925504802979808,
[92mINFO [0m:      	                       'ppv': 0.1725465041693393,
[92mINFO [0m:      	                       'precision': 0.1725465041693393,
[92mINFO [0m:      	                       'prevalence': 0.13934878587196467,
[92mINFO [0m:      	                       'recall': 0.9892503536067893,
[92mINFO [0m:      	                       'spec': 0.23189667017817062,
[92mINFO [0m:      	                       'threshold': 0.2,
[92mINFO [0m:      	                       'tn': 5063,
[92mINFO [0m:      	                       'tp': 3497,
[92mINFO [0m:      	                       'tpr': 0.9892503536067893,
[92mINFO [0m:      	                       'youden': 0.22114702378495998},
[92mINFO [0m:      	                      {'alerts_per_1000': 721.1841690318511,
[92mINFO [0m:      	                       'balanced_accuracy': 0.6483390344255879,
[92mINFO [0m:      	                       'f1': 0.31626202473660103,
[92mINFO [0m:      	                       'fn': 83,
[92mINFO [0m:      	                       'fp': 14843,
[92mINFO [0m:      	                       'fpr': 0.6798424403426007,
[92mINFO [0m:      	                       'npv': 0.9882652339884066,
[92mINFO [0m:      	                       'ppv': 0.18868543317846406,
[92mINFO [0m:      	                       'precision': 0.18868543317846406,
[92mINFO [0m:      	                       'prevalence': 0.13934878587196467,
[92mINFO [0m:      	                       'recall': 0.9765205091937765,
[92mINFO [0m:      	                       'spec': 0.32015755965739934,
[92mINFO [0m:      	                       'threshold': 0.25,
[92mINFO [0m:      	                       'tn': 6990,
[92mINFO [0m:      	                       'tp': 3452,
[92mINFO [0m:      	                       'tpr': 0.9765205091937765,
[92mINFO [0m:      	                       'youden': 0.29667806885117587},
[92mINFO [0m:      	                      {'alerts_per_1000': 655.0378429517502,
[92mINFO [0m:      	                       'balanced_accuracy': 0.6737839395628291,
[92mINFO [0m:      	                       'f1': 0.3347558554982135,
[92mINFO [0m:      	                       'fn': 162,
[92mINFO [0m:      	                       'fp': 13244,
[92mINFO [0m:      	                       'fpr': 0.606604680987496,
[92mINFO [0m:      	                       'npv': 0.98148782996229,
[92mINFO [0m:      	                       'ppv': 0.20298489498706143,
[92mINFO [0m:      	                       'precision': 0.20298489498706143,
[92mINFO [0m:      	                       'prevalence': 0.13934878587196467,
[92mINFO [0m:      	                       'recall': 0.9541725601131542,
[92mINFO [0m:      	                       'spec': 0.393395319012504,
[92mINFO [0m:      	                       'threshold': 0.3,
[92mINFO [0m:      	                       'tn': 8589,
[92mINFO [0m:      	                       'tp': 3373,
[92mINFO [0m:      	                       'tpr': 0.9541725601131542,
[92mINFO [0m:      	                       'youden': 0.34756787912565823},
[92mINFO [0m:      	                      {'alerts_per_1000': 593.4642068748029,
[92mINFO [0m:      	                       'balanced_accuracy': 0.6967366594214499,
[92mINFO [0m:      	                       'f1': 0.3544916621839699,
[92mINFO [0m:      	                       'fn': 240,
[92mINFO [0m:      	                       'fp': 11760,
[92mINFO [0m:      	                       'fpr': 0.5386341776210324,
[92mINFO [0m:      	                       'npv': 0.9767284010472219,
[92mINFO [0m:      	                       'ppv': 0.2188641647293258,
[92mINFO [0m:      	                       'precision': 0.2188641647293258,
[92mINFO [0m:      	                       'prevalence': 0.13934878587196467,
[92mINFO [0m:      	                       'recall': 0.9321074964639321,
[92mINFO [0m:      	                       'spec': 0.4613658223789676,
[92mINFO [0m:      	                       'threshold': 0.35,
[92mINFO [0m:      	                       'tn': 10073,
[92mINFO [0m:      	                       'tp': 3295,
[92mINFO [0m:      	                       'tpr': 0.9321074964639321,
[92mINFO [0m:      	                       'youden': 0.3934733188428998},
[92mINFO [0m:      	                      {'alerts_per_1000': 535.8325449385052,
[92mINFO [0m:      	                       'balanced_accuracy': 0.7147697667215538,
[92mINFO [0m:      	                       'f1': 0.3737739374124241,
[92mINFO [0m:      	                       'fn': 334,
[92mINFO [0m:      	                       'fp': 10392,
[92mINFO [0m:      	                       'fpr': 0.475976732469198,
[92mINFO [0m:      	                       'npv': 0.9716348195329088,
[92mINFO [0m:      	                       'ppv': 0.23548885455749283,
[92mINFO [0m:      	                       'precision': 0.23548885455749283,
[92mINFO [0m:      	                       'prevalence': 0.13934878587196467,
[92mINFO [0m:      	                       'recall': 0.9055162659123055,
[92mINFO [0m:      	                       'spec': 0.524023267530802,
[92mINFO [0m:      	                       'threshold': 0.4,
[92mINFO [0m:      	                       'tn': 11441,
[92mINFO [0m:      	                       'tp': 3201,
[92mINFO [0m:      	                       'tpr': 0.9055162659123055,
[92mINFO [0m:      	                       'youden': 0.4295395334431076},
[92mINFO [0m:      	                      {'alerts_per_1000': 484.9416587827184,
[92mINFO [0m:      	                       'balanced_accuracy': 0.7244495003249237,
[92mINFO [0m:      	                       'f1': 0.38896255603965396,
[92mINFO [0m:      	                       'fn': 455,
[92mINFO [0m:      	                       'fp': 9222,
[92mINFO [0m:      	                       'fpr': 0.42238812806302384,
[92mINFO [0m:      	                       'npv': 0.9651767947344252,
[92mINFO [0m:      	                       'ppv': 0.25036579417980814,
[92mINFO [0m:      	                       'precision': 0.25036579417980814,
[92mINFO [0m:      	                       'prevalence': 0.13934878587196467,
[92mINFO [0m:      	                       'recall': 0.8712871287128713,
[92mINFO [0m:      	                       'spec': 0.5776118719369762,
[92mINFO [0m:      	                       'threshold': 0.45,
[92mINFO [0m:      	                       'tn': 12611,
[92mINFO [0m:      	                       'tp': 3080,
[92mINFO [0m:      	                       'tpr': 0.8712871287128713,
[92mINFO [0m:      	                       'youden': 0.44889900064984745},
[92mINFO [0m:      	                      {'alerts_per_1000': 434.8391674550615,
[92mINFO [0m:      	                       'balanced_accuracy': 0.7349859622979658,
[92mINFO [0m:      	                       'f1': 0.4073870657696005,
[92mINFO [0m:      	                       'fn': 568,
[92mINFO [0m:      	                       'fp': 8064,
[92mINFO [0m:      	                       'fpr': 0.3693491503687079,
[92mINFO [0m:      	                       'npv': 0.9603822278021902,
[92mINFO [0m:      	                       'ppv': 0.26896926842534674,
[92mINFO [0m:      	                       'precision': 0.26896926842534674,
[92mINFO [0m:      	                       'prevalence': 0.13934878587196467,
[92mINFO [0m:      	                       'recall': 0.8393210749646394,
[92mINFO [0m:      	                       'spec': 0.6306508496312921,
[92mINFO [0m:      	                       'threshold': 0.5,
[92mINFO [0m:      	                       'tn': 13769,
[92mINFO [0m:      	                       'tp': 2967,
[92mINFO [0m:      	                       'tpr': 0.8393210749646394,
[92mINFO [0m:      	                       'youden': 0.4699719245959315},
[92mINFO [0m:      	                      {'alerts_per_1000': 383.7906023336487,
[92mINFO [0m:      	                       'balanced_accuracy': 0.7388409225203196,
[92mINFO [0m:      	                       'f1': 0.4234797679150026,
[92mINFO [0m:      	                       'fn': 725,
[92mINFO [0m:      	                       'fp': 6926,
[92mINFO [0m:      	                       'fpr': 0.3172262171941556,
[92mINFO [0m:      	                       'npv': 0.9536207778915046,
[92mINFO [0m:      	                       'ppv': 0.28861955628594904,
[92mINFO [0m:      	                       'precision': 0.28861955628594904,
[92mINFO [0m:      	                       'prevalence': 0.13934878587196467,
[92mINFO [0m:      	                       'recall': 0.7949080622347949,
[92mINFO [0m:      	                       'spec': 0.6827737828058444,
[92mINFO [0m:      	                       'threshold': 0.55,
[92mINFO [0m:      	                       'tn': 14907,
[92mINFO [0m:      	                       'tp': 2810,
[92mINFO [0m:      	                       'tpr': 0.7949080622347949,
[92mINFO [0m:      	                       'youden': 0.47768184504063926},
[92mINFO [0m:      	                      {'alerts_per_1000': 334.20056764427625,
[92mINFO [0m:      	                       'balanced_accuracy': 0.7351104445854286,
[92mINFO [0m:      	                       'f1': 0.43486223258137013,
[92mINFO [0m:      	                       'fn': 923,
[92mINFO [0m:      	                       'fp': 5866,
[92mINFO [0m:      	                       'fpr': 0.2686758576466816,
[92mINFO [0m:      	                       'npv': 0.945352279455299,
[92mINFO [0m:      	                       'ppv': 0.3080915310214673,
[92mINFO [0m:      	                       'precision': 0.3080915310214673,
[92mINFO [0m:      	                       'prevalence': 0.13934878587196467,
[92mINFO [0m:      	                       'recall': 0.7388967468175389,
[92mINFO [0m:      	                       'spec': 0.7313241423533183,
[92mINFO [0m:      	                       'threshold': 0.6,
[92mINFO [0m:      	                       'tn': 15967,
[92mINFO [0m:      	                       'tp': 2612,
[92mINFO [0m:      	                       'tpr': 0.7388967468175389,
[92mINFO [0m:      	                       'youden': 0.47022088917085725},
[92mINFO [0m:      	                      {'alerts_per_1000': 281.96941028066857,
[92mINFO [0m:      	                       'balanced_accuracy': 0.7268336195594551,
[92mINFO [0m:      	                       'f1': 0.44479790419161674,
[92mINFO [0m:      	                       'fn': 1158,
[92mINFO [0m:      	                       'fp': 4776,
[92mINFO [0m:      	                       'fpr': 0.21875143131956212,
[92mINFO [0m:      	                       'npv': 0.9364260225089213,
[92mINFO [0m:      	                       'ppv': 0.33230812246609814,
[92mINFO [0m:      	                       'precision': 0.33230812246609814,
[92mINFO [0m:      	                       'prevalence': 0.13934878587196467,
[92mINFO [0m:      	                       'recall': 0.6724186704384724,
[92mINFO [0m:      	                       'spec': 0.7812485686804379,
[92mINFO [0m:      	                       'threshold': 0.65,
[92mINFO [0m:      	                       'tn': 17057,
[92mINFO [0m:      	                       'tp': 2377,
[92mINFO [0m:      	                       'tpr': 0.6724186704384724,
[92mINFO [0m:      	                       'youden': 0.45366723911891027},
[92mINFO [0m:      	                      {'alerts_per_1000': 233.01009145380004,
[92mINFO [0m:      	                       'balanced_accuracy': 0.712383062608922,
[92mINFO [0m:      	                       'f1': 0.44802032606394243,
[92mINFO [0m:      	                       'fn': 1419,
[92mINFO [0m:      	                       'fp': 3795,
[92mINFO [0m:      	                       'fpr': 0.17381944762515458,
[92mINFO [0m:      	                       'npv': 0.9270699491185691,
[92mINFO [0m:      	                       'ppv': 0.35797665369649806,
[92mINFO [0m:      	                       'precision': 0.35797665369649806,
[92mINFO [0m:      	                       'prevalence': 0.13934878587196467,
[92mINFO [0m:      	                       'recall': 0.5985855728429986,
[92mINFO [0m:      	                       'spec': 0.8261805523748454,
[92mINFO [0m:      	                       'threshold': 0.7,
[92mINFO [0m:      	                       'tn': 18038,
[92mINFO [0m:      	                       'tp': 2116,
[92mINFO [0m:      	                       'tpr': 0.5985855728429986,
[92mINFO [0m:      	                       'youden': 0.42476612521784407}])],
[92mINFO [0m:      	 'auc': [(1, 0.0),
[92mINFO [0m:      	         (10, 0.0),
[92mINFO [0m:      	         (20, 0.0),
[92mINFO [0m:      	         (30, 0.0),
[92mINFO [0m:      	         (40, 0.0),
[92mINFO [0m:      	         (50, 0.0),
[92mINFO [0m:      	         (60, 0.0),
[92mINFO [0m:      	         (70, 0.0),
[92mINFO [0m:      	         (71, 0.0),
[92mINFO [0m:      	         (72, 0.0),
[92mINFO [0m:      	         (73, 0.0),
[92mINFO [0m:      	         (74, 0.0),
[92mINFO [0m:      	         (75, 0.0),
[92mINFO [0m:      	         (76, 0.0),
[92mINFO [0m:      	         (77, 0.0),
[92mINFO [0m:      	         (78, 0.0),
[92mINFO [0m:      	         (79, 0.0),
[92mINFO [0m:      	         (80, 0.0),
[92mINFO [0m:      	         (81, 0.0)]}
[92mINFO [0m:      
[36m(ClientAppActor pid=76863)[0m [93mWARNING [0m:   Manually terminating ClientAppActor
[36m(ClientAppActor pid=76862)[0m [93mWARNING [0m:   Manually terminating ClientAppActor[32m [repeated 7x across cluster][0m

[36m(ClientAppActor pid=76863)[0m    Train:      174 samples (client-local)[32m [repeated 212x across cluster][0m
[36m(ClientAppActor pid=76863)[0m    Validation: 24 samples (client-local)[32m [repeated 212x across cluster][0m
[36m(ClientAppActor pid=76863)[0m [Client 831] Data split:[32m [repeated 209x across cluster][0m
[36m(ClientAppActor pid=76863)[0m    Train:      173 samples (client-local)[32m [repeated 209x across cluster][0m
[36m(ClientAppActor pid=76863)[0m    Validation: 24 samples (client-local)[32m [repeated 209x across cluster][0m
[36m(ClientAppActor pid=76863)[0m [Client 366] Data split:[32m [repeated 211x across cluster][0m
[36m(ClientAppActor pid=76863)[0m    Train:      174 samples (client-local)[32m [repeated 211x across cluster][0m
[36m(ClientAppActor pid=76863)[0m    Validation: 24 samples (client-local)[32m [repeated 211x across cluster][0m
[36m(ClientAppActor pid=76862)[0m [Client 872] Data split:[32m [repeated 216x across cluster][0m
[36m(ClientAppActor pid=76862)[0m    Train:      173 samples (client-local)[32m [repeated 216x across cluster][0m
[36m(ClientAppActor pid=76862)[0m    Validation: 24 samples (client-local)[32m [repeated 216x across cluster][0m

📊 Multi-Threshold Aggregation:
   Valid clients: 1024
   Evaluated 12 thresholds:
     Thr=0.15: Rec=0.995, Spec=0.138, F1=0.272
     Thr=0.20: Rec=0.989, Spec=0.232, F1=0.294
     Thr=0.25: Rec=0.977, Spec=0.320, F1=0.316
     ... (+ 9 more)

💾 Round 81: Saved round_81_run_1.json
[36m(ClientAppActor pid=76866)[0m [Client 133] Data split:[32m [repeated 36x across cluster][0m
[36m(ClientAppActor pid=76866)[0m    Train:      174 samples (client-local)[32m [repeated 36x across cluster][0m
[36m(ClientAppActor pid=76866)[0m    Validation: 24 samples (client-local)[32m [repeated 36x across cluster][0m
