Loading project configuration... 
Success
[92mINFO [0m:      Starting Flower ServerApp, config: num_rounds=50, no round_timeout
[92mINFO [0m:      
[92mINFO [0m:      [INIT]
[92mINFO [0m:      Requesting initial parameters from one random client
/home/bax9142/federated-edge-learning/.venv/lib64/python3.13/site-packages/ray/_private/worker.py:2051: FutureWarning: Tip: In future versions of Ray, Ray will no longer override accelerator visible devices env var if num_gpus=0 or num_gpus=None (default). To enable this behavior and turn off this error message, set RAY_ACCEL_ENV_VAR_OVERRIDE_ON_ZERO=0
  warnings.warn(
[92mINFO [0m:      Received initial parameters from one random client
[92mINFO [0m:      Starting evaluation of initial global parameters
[92mINFO [0m:      Evaluation returned no results (`None`)
[92mINFO [0m:      
[92mINFO [0m:      [ROUND 1]
[92mINFO [0m:      configure_fit: strategy sampled 819 clients (out of 1024)
[92mINFO [0m:      aggregate_fit: received 819 results and 0 failures
[92mINFO [0m:      configure_evaluate: strategy sampled 1024 clients (out of 1024)
[36m(ClientAppActor pid=1183496)[0m /home/bax9142/federated-edge-learning/.venv/lib64/python3.13/site-packages/sklearn/metrics/_ranking.py:424: UndefinedMetricWarning: Only one class is present in y_true. ROC AUC score is not defined in that case.
[36m(ClientAppActor pid=1183496)[0m   warnings.warn(
[36m(pid=gcs_server)[0m [2025-12-03 16:48:40,777 E 1174839 1174839] (gcs_server) gcs_server.cc:302: Failed to establish connection to the event+metrics exporter agent. Events and metrics will not be exported. Exporter agent status: RpcError: Running out of retries to initialize the metrics agent. rpc_code: 14
[33m(raylet)[0m [2025-12-03 16:48:42,508 E 1175098 1175098] (raylet) main.cc:975: Failed to establish connection to the metrics exporter agent. Metrics will not be exported. Exporter agent status: RpcError: Running out of retries to initialize the metrics agent. rpc_code: 14
[2025-12-03 16:48:43,987 E 1174675 1175256] core_worker_process.cc:825: Failed to establish connection to the metrics exporter agent. Metrics will not be exported. Exporter agent status: RpcError: Running out of retries to initialize the metrics agent. rpc_code: 14
[36m(ClientAppActor pid=1181866)[0m [2025-12-03 16:48:44,795 E 1181866 1185139] core_worker_process.cc:825: Failed to establish connection to the metrics exporter agent. Metrics will not be exported. Exporter agent status: RpcError: Running out of retries to initialize the metrics agent. rpc_code: 14
[36m(ClientAppActor pid=1183525)[0m /home/bax9142/federated-edge-learning/.venv/lib64/python3.13/site-packages/sklearn/metrics/_ranking.py:424: UndefinedMetricWarning: Only one class is present in y_true. ROC AUC score is not defined in that case.[32m [repeated 8x across cluster][0m
[36m(ClientAppActor pid=1183525)[0m   warnings.warn([32m [repeated 8x across cluster][0m
[36m(ClientAppActor pid=1183524)[0m [2025-12-03 16:48:45,392 E 1183524 1189282] core_worker_process.cc:825: Failed to establish connection to the metrics exporter agent. Metrics will not be exported. Exporter agent status: RpcError: Running out of retries to initialize the metrics agent. rpc_code: 14[32m [repeated 55x across cluster][0m
[36m(ClientAppActor pid=1183525)[0m /home/bax9142/federated-edge-learning/.venv/lib64/python3.13/site-packages/sklearn/metrics/_ranking.py:424: UndefinedMetricWarning: Only one class is present in y_true. ROC AUC score is not defined in that case.[32m [repeated 10x across cluster][0m
[36m(ClientAppActor pid=1183525)[0m   warnings.warn([32m [repeated 10x across cluster][0m
[36m(ClientAppActor pid=1183529)[0m /home/bax9142/federated-edge-learning/.venv/lib64/python3.13/site-packages/sklearn/metrics/_ranking.py:424: UndefinedMetricWarning: Only one class is present in y_true. ROC AUC score is not defined in that case.[32m [repeated 11x across cluster][0m
[36m(ClientAppActor pid=1183529)[0m   warnings.warn([32m [repeated 11x across cluster][0m
[92mINFO [0m:      aggregate_evaluate: received 1024 results and 0 failures
[92mINFO [0m:      
[92mINFO [0m:      [ROUND 2]
[92mINFO [0m:      configure_fit: strategy sampled 819 clients (out of 1024)
[92mINFO [0m:      aggregate_fit: received 819 results and 0 failures
[92mINFO [0m:      configure_evaluate: strategy sampled 1024 clients (out of 1024)
[36m(ClientAppActor pid=1181915)[0m /home/bax9142/federated-edge-learning/.venv/lib64/python3.13/site-packages/sklearn/metrics/_ranking.py:424: UndefinedMetricWarning: Only one class is present in y_true. ROC AUC score is not defined in that case.[32m [repeated 2x across cluster][0m
[36m(ClientAppActor pid=1181915)[0m   warnings.warn([32m [repeated 2x across cluster][0m
[36m(ClientAppActor pid=1181915)[0m /home/bax9142/federated-edge-learning/.venv/lib64/python3.13/site-packages/sklearn/metrics/_ranking.py:424: UndefinedMetricWarning: Only one class is present in y_true. ROC AUC score is not defined in that case.[32m [repeated 8x across cluster][0m
[36m(ClientAppActor pid=1181915)[0m   warnings.warn([32m [repeated 8x across cluster][0m
[36m(ClientAppActor pid=1183524)[0m [Client 732] Data split:
[36m(ClientAppActor pid=1183524)[0m    Train:      173 samples (client-local)
[36m(ClientAppActor pid=1183524)[0m    Validation: 24 samples (client-local)
[36m(ClientAppActor pid=1183524)[0m    Test:       50737 samples (global, shared)
[36m(ClientAppActor pid=1183524)[0m [Client 51] Data split:
[36m(ClientAppActor pid=1183524)[0m    Train:      174 samples (client-local)
[36m(ClientAppActor pid=1183524)[0m    Validation: 24 samples (client-local)
[36m(ClientAppActor pid=1183524)[0m    Test:       50737 samples (global, shared)
[36m(ClientAppActor pid=1183524)[0m [Client 626] Data split:
[36m(ClientAppActor pid=1183524)[0m    Train:      173 samples (client-local)
[36m(ClientAppActor pid=1183524)[0m    Validation: 24 samples (client-local)
[36m(ClientAppActor pid=1183524)[0m    Test:       50737 samples (global, shared)
[36m(ClientAppActor pid=1183524)[0m [Client 422] Data split:
[36m(ClientAppActor pid=1183524)[0m    Train:      174 samples (client-local)
[36m(ClientAppActor pid=1183524)[0m    Validation: 24 samples (client-local)
[36m(ClientAppActor pid=1183524)[0m    Test:       50737 samples (global, shared)
[36m(ClientAppActor pid=1181912)[0m [Client 201] Data split:[32m [repeated 61x across cluster] (Ray deduplicates logs by default. Set RAY_DEDUP_LOGS=0 to disable log deduplication, or see https://docs.ray.io/en/master/ray-observability/user-guides/configure-logging.html#log-deduplication for more options.)[0m
[36m(ClientAppActor pid=1181912)[0m    Train:      174 samples (client-local)[32m [repeated 61x across cluster][0m
[36m(ClientAppActor pid=1181912)[0m    Validation: 24 samples (client-local)[32m [repeated 61x across cluster][0m
[36m(ClientAppActor pid=1181912)[0m    Test:       50737 samples (global, shared)[32m [repeated 61x across cluster][0m
[36m(ClientAppActor pid=1181918)[0m [Client 651] Data split:[32m [repeated 265x across cluster][0m
[36m(ClientAppActor pid=1181918)[0m    Train:      173 samples (client-local)[32m [repeated 265x across cluster][0m
[36m(ClientAppActor pid=1181918)[0m    Validation: 24 samples (client-local)[32m [repeated 265x across cluster][0m
[36m(ClientAppActor pid=1181918)[0m    Test:       50737 samples (global, shared)[32m [repeated 265x across cluster][0m
[36m(ClientAppActor pid=1181908)[0m [Client 756] Data split:[32m [repeated 287x across cluster][0m
[36m(ClientAppActor pid=1181908)[0m    Train:      173 samples (client-local)[32m [repeated 287x across cluster][0m
[36m(ClientAppActor pid=1181908)[0m    Validation: 24 samples (client-local)[32m [repeated 287x across cluster][0m
[36m(ClientAppActor pid=1181908)[0m    Test:       50737 samples (global, shared)[32m [repeated 287x across cluster][0m
[36m(ClientAppActor pid=1183526)[0m [Client 965] Data split:[32m [repeated 236x across cluster][0m
[36m(ClientAppActor pid=1183526)[0m    Train:      173 samples (client-local)[32m [repeated 236x across cluster][0m
[36m(ClientAppActor pid=1183526)[0m    Validation: 24 samples (client-local)[32m [repeated 236x across cluster][0m
[36m(ClientAppActor pid=1183526)[0m    Test:       50737 samples (global, shared)[32m [repeated 236x across cluster][0m
[36m(ClientAppActor pid=1181908)[0m [Client 149] Data split:[32m [repeated 268x across cluster][0m
[36m(ClientAppActor pid=1181908)[0m    Train:      174 samples (client-local)[32m [repeated 268x across cluster][0m
[36m(ClientAppActor pid=1181908)[0m    Validation: 24 samples (client-local)[32m [repeated 268x across cluster][0m
[36m(ClientAppActor pid=1181908)[0m    Test:       50737 samples (global, shared)[32m [repeated 268x across cluster][0m
[36m(ClientAppActor pid=1183537)[0m [Client 43] Data split:[32m [repeated 299x across cluster][0m
[36m(ClientAppActor pid=1183537)[0m    Train:      174 samples (client-local)[32m [repeated 299x across cluster][0m
[36m(ClientAppActor pid=1183537)[0m    Validation: 24 samples (client-local)[32m [repeated 299x across cluster][0m
[36m(ClientAppActor pid=1183537)[0m    Test:       50737 samples (global, shared)[32m [repeated 299x across cluster][0m
[36m(ClientAppActor pid=1181923)[0m [Client 999] Data split:[32m [repeated 294x across cluster][0m
[36m(ClientAppActor pid=1181923)[0m    Train:      173 samples (client-local)[32m [repeated 294x across cluster][0m
[36m(ClientAppActor pid=1181923)[0m    Validation: 24 samples (client-local)[32m [repeated 294x across cluster][0m
[36m(ClientAppActor pid=1181923)[0m    Test:       50737 samples (global, shared)[32m [repeated 294x across cluster][0m

🎯 Multi-Threshold Aggregation:
   ═══════════════════════════════════════════════
   Evaluated 10 thresholds:
     • Thr=0.30: Recall=0.910, Spec=0.159, F1=0.256
     • Thr=0.35: Recall=0.891, Spec=0.200, F1=0.261
     • Thr=0.40: Recall=0.867, Spec=0.248, F1=0.266
   ...

   BEST Threshold: 0.55
     • Recall:      0.762
     • Specificity: 0.414
     • F1-Score:    0.283
     • Score:       0.571
   ═══════════════════════════════════════════════

⚠️  No rounds meet spec≥0.7, using recall filter only
 1 Pareto-optimal rounds (not dominated in recall & spec)

🎯 SELECTED ROUND 1:
   Recall:     0.762
   Specificity: 0.414
   F1-Score:    0.283
   Stability:   1.000
   Alerts/1000: 610.9
   Composite:   0.586


✅ Round 1 is NEW BEST - Saving checkpoint...
   💾 Checkpoint saved: result/splits_iid_scaling/splits_iid_1024_clients.json/multi_thr/model_round_1.pt
⚠️  No rounds meet spec≥0.7, using recall filter only
 1 Pareto-optimal rounds (not dominated in recall & spec)

🎯 SELECTED ROUND 1:
   Recall:     0.762
   Specificity: 0.414
   F1-Score:    0.283
   Stability:   1.000
   Alerts/1000: 610.9
   Composite:   0.586

   💾 Best model saved: result/splits_iid_scaling/splits_iid_1024_clients.json/multi_thr/model_round_1.pt
   📊 Metrics saved: result/splits_iid_scaling/splits_iid_1024_clients.json/multi_thr/run_1.json
[36m(ClientAppActor pid=1183497)[0m [Client 370] Data split:[32m [repeated 261x across cluster][0m
[36m(ClientAppActor pid=1183497)[0m    Train:      174 samples (client-local)[32m [repeated 261x across cluster][0m
[36m(ClientAppActor pid=1183497)[0m    Validation: 24 samples (client-local)[32m [repeated 261x across cluster][0m
[36m(ClientAppActor pid=1183497)[0m    Test:       50737 samples (global, shared)[32m [repeated 261x across cluster][0m
[36m(ClientAppActor pid=1181918)[0m [Client 196] Data split:[32m [repeated 269x across cluster][0m
[36m(ClientAppActor pid=1181918)[0m    Train:      174 samples (client-local)[32m [repeated 269x across cluster][0m
[36m(ClientAppActor pid=1181918)[0m    Validation: 24 samples (client-local)[32m [repeated 269x across cluster][0m
[36m(ClientAppActor pid=1181918)[0m    Test:       50737 samples (global, shared)[32m [repeated 269x across cluster][0m
[36m(ClientAppActor pid=1181930)[0m [Client 898] Data split:[32m [repeated 282x across cluster][0m
[36m(ClientAppActor pid=1181930)[0m    Train:      173 samples (client-local)[32m [repeated 282x across cluster][0m
[36m(ClientAppActor pid=1181930)[0m    Validation: 24 samples (client-local)[32m [repeated 282x across cluster][0m
[36m(ClientAppActor pid=1181930)[0m    Test:       50737 samples (global, shared)[32m [repeated 282x across cluster][0m
[36m(ClientAppActor pid=1181918)[0m [Client 223] Data split:[32m [repeated 235x across cluster][0m
[36m(ClientAppActor pid=1181918)[0m    Train:      174 samples (client-local)[32m [repeated 235x across cluster][0m
[36m(ClientAppActor pid=1181918)[0m    Validation: 24 samples (client-local)[32m [repeated 235x across cluster][0m
[36m(ClientAppActor pid=1181918)[0m    Test:       50737 samples (global, shared)[32m [repeated 235x across cluster][0m
[36m(ClientAppActor pid=1181915)[0m [Client 281] Data split:[32m [repeated 279x across cluster][0m[36m(ClientAppActor pid=1181931)[0m /home/bax9142/federated-edge-learning/.venv/lib64/python3.13/site-packages/sklearn/metrics/_ranking.py:424: UndefinedMetricWarning: Only one class is present in y_true. ROC AUC score is not defined in that case.[32m [repeated 13x across cluster][0m
[36m(ClientAppActor pid=1181931)[0m   warnings.warn([32m [repeated 13x across cluster][0m
[36m(ClientAppActor pid=1181915)[0m /home/bax9142/federated-edge-learning/.venv/lib64/python3.13/site-packages/sklearn/metrics/_ranking.py:424: UndefinedMetricWarning: Only one class is present in y_true. ROC AUC score is not defined in that case.[32m [repeated 6x across cluster][0m
[36m(ClientAppActor pid=1181915)[0m   warnings.warn([32m [repeated 6x across cluster][0m
[92mINFO [0m:      aggregate_evaluate: received 1024 results and 0 failures
[92mINFO [0m:      
[92mINFO [0m:      [ROUND 3]
[92mINFO [0m:      configure_fit: strategy sampled 819 clients (out of 1024)
[92mINFO [0m:      aggregate_fit: received 819 results and 0 failures
[92mINFO [0m:      configure_evaluate: strategy sampled 1024 clients (out of 1024)
[36m(ClientAppActor pid=1183490)[0m /home/bax9142/federated-edge-learning/.venv/lib64/python3.13/site-packages/sklearn/metrics/_ranking.py:424: UndefinedMetricWarning: Only one class is present in y_true. ROC AUC score is not defined in that case.[32m [repeated 4x across cluster][0m
[36m(ClientAppActor pid=1183490)[0m   warnings.warn([32m [repeated 4x across cluster][0m
[36m(ClientAppActor pid=1181931)[0m /home/bax9142/federated-edge-learning/.venv/lib64/python3.13/site-packages/sklearn/metrics/_ranking.py:424: UndefinedMetricWarning: Only one class is present in y_true. ROC AUC score is not defined in that case.[32m [repeated 8x across cluster][0m
[36m(ClientAppActor pid=1181931)[0m   warnings.warn([32m [repeated 8x across cluster][0m
[36m(ClientAppActor pid=1183496)[0m /home/bax9142/federated-edge-learning/.venv/lib64/python3.13/site-packages/sklearn/metrics/_ranking.py:424: UndefinedMetricWarning: Only one class is present in y_true. ROC AUC score is not defined in that case.[32m [repeated 9x across cluster][0m
[36m(ClientAppActor pid=1183496)[0m   warnings.warn([32m [repeated 9x across cluster][0m
[36m(ClientAppActor pid=1181926)[0m /home/bax9142/federated-edge-learning/.venv/lib64/python3.13/site-packages/sklearn/metrics/_ranking.py:424: UndefinedMetricWarning: Only one class is present in y_true. ROC AUC score is not defined in that case.[32m [repeated 12x across cluster][0m
[36m(ClientAppActor pid=1181926)[0m   warnings.warn([32m [repeated 12x across cluster][0m
[92mINFO [0m:      aggregate_evaluate: received 1024 results and 0 failures
[92mINFO [0m:      
[92mINFO [0m:      [ROUND 4]
[92mINFO [0m:      configure_fit: strategy sampled 819 clients (out of 1024)

[36m(ClientAppActor pid=1181915)[0m    Train:      174 samples (client-local)[32m [repeated 279x across cluster][0m
[36m(ClientAppActor pid=1181915)[0m    Validation: 24 samples (client-local)[32m [repeated 279x across cluster][0m
[36m(ClientAppActor pid=1181915)[0m    Test:       50737 samples (global, shared)[32m [repeated 279x across cluster][0m
[36m(ClientAppActor pid=1181923)[0m [Client 388] Data split:[32m [repeated 280x across cluster][0m
[36m(ClientAppActor pid=1181923)[0m    Train:      174 samples (client-local)[32m [repeated 280x across cluster][0m
[36m(ClientAppActor pid=1181923)[0m    Validation: 24 samples (client-local)[32m [repeated 280x across cluster][0m
[36m(ClientAppActor pid=1181923)[0m    Test:       50737 samples (global, shared)[32m [repeated 280x across cluster][0m
[36m(ClientAppActor pid=1183490)[0m [Client 831] Data split:[32m [repeated 281x across cluster][0m
[36m(ClientAppActor pid=1183490)[0m    Train:      173 samples (client-local)[32m [repeated 281x across cluster][0m
[36m(ClientAppActor pid=1183490)[0m    Validation: 24 samples (client-local)[32m [repeated 281x across cluster][0m
[36m(ClientAppActor pid=1183490)[0m    Test:       50737 samples (global, shared)[32m [repeated 281x across cluster][0m

🎯 Multi-Threshold Aggregation:
   ═══════════════════════════════════════════════
   Evaluated 10 thresholds:
     • Thr=0.30: Recall=0.930, Spec=0.195, F1=0.269
     • Thr=0.35: Recall=0.904, Spec=0.247, F1=0.276
     • Thr=0.40: Recall=0.883, Spec=0.299, F1=0.284
   ...

   BEST Threshold: 0.55
     • Recall:      0.780
     • Specificity: 0.470
     • F1-Score:    0.309
     • Score:       0.603
   ═══════════════════════════════════════════════

⚠️  No rounds meet spec≥0.7, using recall filter only
 1 Pareto-optimal rounds (not dominated in recall & spec)

🎯 SELECTED ROUND 2:
   Recall:     0.780
   Specificity: 0.470
   F1-Score:    0.309
   Stability:   0.991
   Alerts/1000: 564.6
   Composite:   0.614


✅ Round 2 is NEW BEST - Saving checkpoint...
   💾 Checkpoint saved: result/splits_iid_scaling/splits_iid_1024_clients.json/multi_thr/model_round_2.pt
⚠️  No rounds meet spec≥0.7, using recall filter only
 1 Pareto-optimal rounds (not dominated in recall & spec)

🎯 SELECTED ROUND 2:
   Recall:     0.780
   Specificity: 0.470
   F1-Score:    0.309
   Stability:   0.991
   Alerts/1000: 564.6
   Composite:   0.614

   💾 Best model saved: result/splits_iid_scaling/splits_iid_1024_clients.json/multi_thr/model_round_2.pt
   📊 Metrics saved: result/splits_iid_scaling/splits_iid_1024_clients.json/multi_thr/run_1.json
[36m(ClientAppActor pid=1183489)[0m [Client 251] Data split:[32m [repeated 253x across cluster][0m
[36m(ClientAppActor pid=1183489)[0m    Train:      174 samples (client-local)[32m [repeated 253x across cluster][0m
[36m(ClientAppActor pid=1183489)[0m    Validation: 24 samples (client-local)[32m [repeated 253x across cluster][0m
[36m(ClientAppActor pid=1183489)[0m    Test:       50737 samples (global, shared)[32m [repeated 253x across cluster][0m
[36m(ClientAppActor pid=1181925)[0m [Client 314] Data split:[32m [repeated 276x across cluster][0m
[36m(ClientAppActor pid=1181925)[0m    Train:      174 samples (client-local)[32m [repeated 276x across cluster][0m
[36m(ClientAppActor pid=1181925)[0m    Validation: 24 samples (client-local)[32m [repeated 276x across cluster][0m
[36m(ClientAppActor pid=1181925)[0m    Test:       50737 samples (global, shared)[32m [repeated 276x across cluster][0m
[36m(ClientAppActor pid=1183375)[0m [Client 406] Data split:[32m [repeated 286x across cluster][0m
[36m(ClientAppActor pid=1183375)[0m    Train:      174 samples (client-local)[32m [repeated 286x across cluster][0m
[36m(ClientAppActor pid=1183375)[0m    Validation: 24 samples (client-local)[32m [repeated 286x across cluster][0m
[36m(ClientAppActor pid=1183375)[0m    Test:       50737 samples (global, shared)[32m [repeated 286x across cluster][0m
[36m(ClientAppActor pid=1181918)[0m [Client 736] Data split:[32m [repeated 242x across cluster][0m
[36m(ClientAppActor pid=1181918)[0m    Train:      173 samples (client-local)[32m [repeated 242x across cluster][0m
[36m(ClientAppActor pid=1181918)[0m    Validation: 24 samples (client-local)[32m [repeated 242x across cluster][0m
[36m(ClientAppActor pid=1181918)[0m    Test:       50737 samples (global, shared)[32m [repeated 242x across cluster][0m
[36m(ClientAppActor pid=1181926)[0m [Client 595] Data split:[32m [repeated 286x across cluster][0m
[36m(ClientAppActor pid=1181926)[0m    Train:      173 samples (client-local)[32m [repeated 286x across cluster][0m
[36m(ClientAppActor pid=1181926)[0m    Validation: 24 samples (client-local)[32m [repeated 286x across cluster][0m
[36m(ClientAppActor pid=1181926)[0m    Test:       50737 samples (global, shared)[32m [repeated 286x across cluster][0m
[36m(ClientAppActor pid=1181931)[0m [Client 607] Data split:[32m [repeated 283x across cluster][0m
[36m(ClientAppActor pid=1181931)[0m    Train:      173 samples (client-local)[32m [repeated 283x across cluster][0m
[36m(ClientAppActor pid=1181931)[0m    Validation: 24 samples (client-local)[32m [repeated 283x across cluster][0m
[36m(ClientAppActor pid=1181931)[0m    Test:       50737 samples (global, shared)[32m [repeated 283x across cluster][0m
[36m(ClientAppActor pid=1183490)[0m [Client 435] Data split:[32m [repeated 290x across cluster][0m
[36m(ClientAppActor pid=1183490)[0m    Train:      173 samples (client-local)[32m [repeated 290x across cluster][0m
[36m(ClientAppActor pid=1183490)[0m    Validation: 24 samples (client-local)[32m [repeated 290x across cluster][0m
[36m(ClientAppActor pid=1183490)[0m    Test:       50737 samples (global, shared)[32m [repeated 290x across cluster][0m

🎯 Multi-Threshold Aggregation:
   ═══════════════════════════════════════════════
   Evaluated 10 thresholds:
     • Thr=0.30: Recall=0.935, Spec=0.218, F1=0.276
     • Thr=0.35: Recall=0.908, Spec=0.270, F1=0.283
     • Thr=0.40: Recall=0.883, Spec=0.325, F1=0.292
   ...

   BEST Threshold: 0.55
     • Recall:      0.782
     • Specificity: 0.494
     • F1-Score:    0.319
     • Score:       0.614
   ═══════════════════════════════════════════════

⚠️  No rounds meet spec≥0.7, using recall filter only
 1 Pareto-optimal rounds (not dominated in recall & spec)

🎯 SELECTED ROUND 3:
   Recall:     0.782
   Specificity: 0.494
   F1-Score:    0.319
   Stability:   0.988
   Alerts/1000: 544.0
   Composite:   0.624


✅ Round 3 is NEW BEST - Saving checkpoint...
   💾 Checkpoint saved: result/splits_iid_scaling/splits_iid_1024_clients.json/multi_thr/model_round_3.pt
⚠️  No rounds meet spec≥0.7, using recall filter only
 1 Pareto-optimal rounds (not dominated in recall & spec)

🎯 SELECTED ROUND 3:
   Recall:     0.782
   Specificity: 0.494
   F1-Score:    0.319
   Stability:   0.988
   Alerts/1000: 544.0
   Composite:   0.624

   💾 Best model saved: result/splits_iid_scaling/splits_iid_1024_clients.json/multi_thr/model_round_3.pt
   📊 Metrics saved: result/splits_iid_scaling/splits_iid_1024_clients.json/multi_thr/run_1.json
[36m(ClientAppActor pid=1183527)[0m [Client 118] Data split:[32m [repeated 245x across cluster][0m
[36m(ClientAppActor pid=1183527)[0m    Train:      174 samples (client-local)[32m [repeated 245x across cluster][0m
[36m(ClientAppActor pid=1183527)[0m    Validation: 24 samples (client-local)[32m [repeated 245x across cluster][0m
[36m(ClientAppActor pid=1183527)[0m    Test:       50737 samples (global, shared)[32m [repeated 245x across cluster][0m
[36m(ClientAppActor pid=1181918)[0m [Client 936] Data split:[32m [repeated 290x across cluster][0m[92mINFO [0m:      aggregate_fit: received 819 results and 0 failures
[92mINFO [0m:      configure_evaluate: strategy sampled 1024 clients (out of 1024)
[36m(ClientAppActor pid=1183526)[0m /home/bax9142/federated-edge-learning/.venv/lib64/python3.13/site-packages/sklearn/metrics/_ranking.py:424: UndefinedMetricWarning: Only one class is present in y_true. ROC AUC score is not defined in that case.[32m [repeated 2x across cluster][0m
[36m(ClientAppActor pid=1183526)[0m   warnings.warn([32m [repeated 2x across cluster][0m
[36m(ClientAppActor pid=1183525)[0m /home/bax9142/federated-edge-learning/.venv/lib64/python3.13/site-packages/sklearn/metrics/_ranking.py:424: UndefinedMetricWarning: Only one class is present in y_true. ROC AUC score is not defined in that case.[32m [repeated 11x across cluster][0m
[36m(ClientAppActor pid=1183525)[0m   warnings.warn([32m [repeated 11x across cluster][0m
[36m(ClientAppActor pid=1183526)[0m /home/bax9142/federated-edge-learning/.venv/lib64/python3.13/site-packages/sklearn/metrics/_ranking.py:424: UndefinedMetricWarning: Only one class is present in y_true. ROC AUC score is not defined in that case.[32m [repeated 9x across cluster][0m
[36m(ClientAppActor pid=1183526)[0m   warnings.warn([32m [repeated 9x across cluster][0m
[36m(ClientAppActor pid=1183496)[0m /home/bax9142/federated-edge-learning/.venv/lib64/python3.13/site-packages/sklearn/metrics/_ranking.py:424: UndefinedMetricWarning: Only one class is present in y_true. ROC AUC score is not defined in that case.[32m [repeated 8x across cluster][0m
[36m(ClientAppActor pid=1183496)[0m   warnings.warn([32m [repeated 8x across cluster][0m
[92mINFO [0m:      aggregate_evaluate: received 1024 results and 0 failures
[92mINFO [0m:      
[92mINFO [0m:      [ROUND 5]
[92mINFO [0m:      configure_fit: strategy sampled 819 clients (out of 1024)
[92mINFO [0m:      aggregate_fit: received 819 results and 0 failures
[92mINFO [0m:      configure_evaluate: strategy sampled 1024 clients (out of 1024)
[36m(ClientAppActor pid=1183375)[0m /home/bax9142/federated-edge-learning/.venv/lib64/python3.13/site-packages/sklearn/metrics/_ranking.py:424: UndefinedMetricWarning: Only one class is present in y_true. ROC AUC score is not defined in that case.[32m [repeated 3x across cluster][0m
[36m(ClientAppActor pid=1183375)[0m   warnings.warn([32m [repeated 3x across cluster][0m
[36m(ClientAppActor pid=1183537)[0m /home/bax9142/federated-edge-learning/.venv/lib64/python3.13/site-packages/sklearn/metrics/_ranking.py:424: UndefinedMetricWarning: Only one class is present in y_true. ROC AUC score is not defined in that case.[32m [repeated 7x across cluster][0m
[36m(ClientAppActor pid=1183537)[0m   warnings.warn([32m [repeated 7x across cluster][0m
[36m(ClientAppActor pid=1181915)[0m /home/bax9142/federated-edge-learning/.venv/lib64/python3.13/site-packages/sklearn/metrics/_ranking.py:424: UndefinedMetricWarning: Only one class is present in y_true. ROC AUC score is not defined in that case.[32m [repeated 12x across cluster][0m
[36m(ClientAppActor pid=1181915)[0m   warnings.warn([32m [repeated 12x across cluster][0m
[36m(ClientAppActor pid=1183524)[0m /home/bax9142/federated-edge-learning/.venv/lib64/python3.13/site-packages/sklearn/metrics/_ranking.py:424: UndefinedMetricWarning: Only one class is present in y_true. ROC AUC score is not defined in that case.[32m [repeated 7x across cluster][0m
[36m(ClientAppActor pid=1183524)[0m   warnings.warn([32m [repeated 7x across cluster][0m
[92mINFO [0m:      aggregate_evaluate: received 1024 results and 0 failures

[36m(ClientAppActor pid=1181918)[0m    Train:      173 samples (client-local)[32m [repeated 290x across cluster][0m
[36m(ClientAppActor pid=1181918)[0m    Validation: 24 samples (client-local)[32m [repeated 290x across cluster][0m
[36m(ClientAppActor pid=1181918)[0m    Test:       50737 samples (global, shared)[32m [repeated 290x across cluster][0m
[36m(ClientAppActor pid=1181926)[0m [Client 507] Data split:[32m [repeated 294x across cluster][0m
[36m(ClientAppActor pid=1181926)[0m    Train:      173 samples (client-local)[32m [repeated 294x across cluster][0m
[36m(ClientAppActor pid=1181926)[0m    Validation: 24 samples (client-local)[32m [repeated 294x across cluster][0m
[36m(ClientAppActor pid=1181926)[0m    Test:       50737 samples (global, shared)[32m [repeated 294x across cluster][0m
[36m(ClientAppActor pid=1181918)[0m [Client 225] Data split:[32m [repeated 232x across cluster][0m
[36m(ClientAppActor pid=1181918)[0m    Train:      174 samples (client-local)[32m [repeated 232x across cluster][0m
[36m(ClientAppActor pid=1181918)[0m    Validation: 24 samples (client-local)[32m [repeated 232x across cluster][0m
[36m(ClientAppActor pid=1181918)[0m    Test:       50737 samples (global, shared)[32m [repeated 232x across cluster][0m
[36m(ClientAppActor pid=1181923)[0m [Client 111] Data split:[32m [repeated 286x across cluster][0m
[36m(ClientAppActor pid=1181923)[0m    Train:      174 samples (client-local)[32m [repeated 286x across cluster][0m
[36m(ClientAppActor pid=1181923)[0m    Validation: 24 samples (client-local)[32m [repeated 286x across cluster][0m
[36m(ClientAppActor pid=1181923)[0m    Test:       50737 samples (global, shared)[32m [repeated 286x across cluster][0m
[36m(ClientAppActor pid=1181923)[0m [Client 554] Data split:[32m [repeated 296x across cluster][0m
[36m(ClientAppActor pid=1181923)[0m    Train:      173 samples (client-local)[32m [repeated 296x across cluster][0m
[36m(ClientAppActor pid=1181923)[0m    Validation: 24 samples (client-local)[32m [repeated 296x across cluster][0m
[36m(ClientAppActor pid=1181923)[0m    Test:       50737 samples (global, shared)[32m [repeated 296x across cluster][0m

🎯 Multi-Threshold Aggregation:
   ═══════════════════════════════════════════════
   Evaluated 10 thresholds:
     • Thr=0.30: Recall=0.935, Spec=0.238, F1=0.282
     • Thr=0.35: Recall=0.914, Spec=0.291, F1=0.291
     • Thr=0.40: Recall=0.885, Spec=0.348, F1=0.299
   ...

   BEST Threshold: 0.55
     • Recall:      0.782
     • Specificity: 0.516
     • F1-Score:    0.328
     • Score:       0.624
   ═══════════════════════════════════════════════

⚠️  No rounds meet spec≥0.7, using recall filter only
 1 Pareto-optimal rounds (not dominated in recall & spec)

🎯 SELECTED ROUND 4:
   Recall:     0.782
   Specificity: 0.516
   F1-Score:    0.328
   Stability:   0.985
   Alerts/1000: 525.7
   Composite:   0.631


✅ Round 4 is NEW BEST - Saving checkpoint...
   💾 Checkpoint saved: result/splits_iid_scaling/splits_iid_1024_clients.json/multi_thr/model_round_4.pt
⚠️  No rounds meet spec≥0.7, using recall filter only
 1 Pareto-optimal rounds (not dominated in recall & spec)

🎯 SELECTED ROUND 4:
   Recall:     0.782
   Specificity: 0.516
   F1-Score:    0.328
   Stability:   0.985
   Alerts/1000: 525.7
   Composite:   0.631

   💾 Best model saved: result/splits_iid_scaling/splits_iid_1024_clients.json/multi_thr/model_round_4.pt
   📊 Metrics saved: result/splits_iid_scaling/splits_iid_1024_clients.json/multi_thr/run_1.json
[36m(ClientAppActor pid=1181918)[0m [Client 711] Data split:[32m [repeated 266x across cluster][0m
[36m(ClientAppActor pid=1181918)[0m    Train:      173 samples (client-local)[32m [repeated 266x across cluster][0m
[36m(ClientAppActor pid=1181918)[0m    Validation: 24 samples (client-local)[32m [repeated 266x across cluster][0m
[36m(ClientAppActor pid=1181918)[0m    Test:       50737 samples (global, shared)[32m [repeated 266x across cluster][0m
[36m(ClientAppActor pid=1181918)[0m [Client 986] Data split:[32m [repeated 283x across cluster][0m
[36m(ClientAppActor pid=1181918)[0m    Train:      173 samples (client-local)[32m [repeated 283x across cluster][0m
[36m(ClientAppActor pid=1181918)[0m    Validation: 24 samples (client-local)[32m [repeated 283x across cluster][0m
[36m(ClientAppActor pid=1181918)[0m    Test:       50737 samples (global, shared)[32m [repeated 283x across cluster][0m
[36m(ClientAppActor pid=1181926)[0m [Client 350] Data split:[32m [repeated 278x across cluster][0m
[36m(ClientAppActor pid=1181926)[0m    Train:      174 samples (client-local)[32m [repeated 278x across cluster][0m
[36m(ClientAppActor pid=1181926)[0m    Validation: 24 samples (client-local)[32m [repeated 278x across cluster][0m
[36m(ClientAppActor pid=1181926)[0m    Test:       50737 samples (global, shared)[32m [repeated 278x across cluster][0m
[36m(ClientAppActor pid=1181918)[0m [Client 911] Data split:[32m [repeated 244x across cluster][0m
[36m(ClientAppActor pid=1181918)[0m    Train:      173 samples (client-local)[32m [repeated 244x across cluster][0m
[36m(ClientAppActor pid=1181918)[0m    Validation: 24 samples (client-local)[32m [repeated 244x across cluster][0m
[36m(ClientAppActor pid=1181918)[0m    Test:       50737 samples (global, shared)[32m [repeated 244x across cluster][0m
[36m(ClientAppActor pid=1181926)[0m [Client 838] Data split:[32m [repeated 291x across cluster][0m
[36m(ClientAppActor pid=1181926)[0m    Train:      173 samples (client-local)[32m [repeated 291x across cluster][0m
[36m(ClientAppActor pid=1181926)[0m    Validation: 24 samples (client-local)[32m [repeated 291x across cluster][0m
[36m(ClientAppActor pid=1181926)[0m    Test:       50737 samples (global, shared)[32m [repeated 291x across cluster][0m
[36m(ClientAppActor pid=1181923)[0m [Client 887] Data split:[32m [repeated 284x across cluster][0m
[36m(ClientAppActor pid=1181923)[0m    Train:      173 samples (client-local)[32m [repeated 284x across cluster][0m
[36m(ClientAppActor pid=1181923)[0m    Validation: 24 samples (client-local)[32m [repeated 284x across cluster][0m
[36m(ClientAppActor pid=1181923)[0m    Test:       50737 samples (global, shared)[32m [repeated 284x across cluster][0m
[36m(ClientAppActor pid=1181915)[0m [Client 208] Data split:[32m [repeated 286x across cluster][0m
[36m(ClientAppActor pid=1181915)[0m    Train:      174 samples (client-local)[32m [repeated 286x across cluster][0m
[36m(ClientAppActor pid=1181915)[0m    Validation: 24 samples (client-local)[32m [repeated 286x across cluster][0m
[36m(ClientAppActor pid=1181915)[0m    Test:       50737 samples (global, shared)[32m [repeated 286x across cluster][0m

🎯 Multi-Threshold Aggregation:
   ═══════════════════════════════════════════════
   Evaluated 10 thresholds:
     • Thr=0.30: Recall=0.935, Spec=0.257, F1=0.286
     • Thr=0.35: Recall=0.913, Spec=0.313, F1=0.297
     • Thr=0.40: Recall=0.887, Spec=0.371, F1=0.307
   ...

   BEST Threshold: 0.55
     • Recall:      0.780
     • Specificity: 0.537
     • F1-Score:    0.336
     • Score:       0.632
   ═══════════════════════════════════════════════

⚠️  No rounds meet spec≥0.7, using recall filter only
 2 Pareto-optimal rounds (not dominated in recall & spec)

🎯 SELECTED ROUND 5:
   Recall:     0.780
   Specificity: 0.537
   F1-Score:    0.336
   Stability:   0.994
   Alerts/1000: 507.3
   Composite:   0.640


✅ Round 5 is NEW BEST - Saving checkpoint...
   💾 Checkpoint saved: result/splits_iid_scaling/splits_iid_1024_clients.json/multi_thr/model_round_5.pt
⚠️  No rounds meet spec≥0.7, using recall filter only[92mINFO [0m:      
[92mINFO [0m:      [ROUND 6]
[92mINFO [0m:      configure_fit: strategy sampled 819 clients (out of 1024)
[92mINFO [0m:      aggregate_fit: received 819 results and 0 failures
[92mINFO [0m:      configure_evaluate: strategy sampled 1024 clients (out of 1024)
[36m(ClientAppActor pid=1183489)[0m /home/bax9142/federated-edge-learning/.venv/lib64/python3.13/site-packages/sklearn/metrics/_ranking.py:424: UndefinedMetricWarning: Only one class is present in y_true. ROC AUC score is not defined in that case.[32m [repeated 5x across cluster][0m
[36m(ClientAppActor pid=1183489)[0m   warnings.warn([32m [repeated 5x across cluster][0m
[36m(ClientAppActor pid=1183520)[0m /home/bax9142/federated-edge-learning/.venv/lib64/python3.13/site-packages/sklearn/metrics/_ranking.py:424: UndefinedMetricWarning: Only one class is present in y_true. ROC AUC score is not defined in that case.[32m [repeated 11x across cluster][0m
[36m(ClientAppActor pid=1183520)[0m   warnings.warn([32m [repeated 11x across cluster][0m
[36m(ClientAppActor pid=1183528)[0m /home/bax9142/federated-edge-learning/.venv/lib64/python3.13/site-packages/sklearn/metrics/_ranking.py:424: UndefinedMetricWarning: Only one class is present in y_true. ROC AUC score is not defined in that case.[32m [repeated 13x across cluster][0m
[36m(ClientAppActor pid=1183528)[0m   warnings.warn([32m [repeated 13x across cluster][0m
[92mINFO [0m:      aggregate_evaluate: received 1024 results and 0 failures
[92mINFO [0m:      
[92mINFO [0m:      [ROUND 7]
[92mINFO [0m:      configure_fit: strategy sampled 819 clients (out of 1024)
[92mINFO [0m:      aggregate_fit: received 819 results and 0 failures
[92mINFO [0m:      configure_evaluate: strategy sampled 1024 clients (out of 1024)
[36m(ClientAppActor pid=1183375)[0m /home/bax9142/federated-edge-learning/.venv/lib64/python3.13/site-packages/sklearn/metrics/_ranking.py:424: UndefinedMetricWarning: Only one class is present in y_true. ROC AUC score is not defined in that case.[32m [repeated 7x across cluster][0m
[36m(ClientAppActor pid=1183375)[0m   warnings.warn([32m [repeated 7x across cluster][0m
[36m(ClientAppActor pid=1183375)[0m /home/bax9142/federated-edge-learning/.venv/lib64/python3.13/site-packages/sklearn/metrics/_ranking.py:424: UndefinedMetricWarning: Only one class is present in y_true. ROC AUC score is not defined in that case.[32m [repeated 8x across cluster][0m
[36m(ClientAppActor pid=1183375)[0m   warnings.warn([32m [repeated 8x across cluster][0m
[36m(ClientAppActor pid=1183489)[0m /home/bax9142/federated-edge-learning/.venv/lib64/python3.13/site-packages/sklearn/metrics/_ranking.py:424: UndefinedMetricWarning: Only one class is present in y_true. ROC AUC score is not defined in that case.[32m [repeated 13x across cluster][0m
[36m(ClientAppActor pid=1183489)[0m   warnings.warn([32m [repeated 13x across cluster][0m
[36m(ClientAppActor pid=1183525)[0m /home/bax9142/federated-edge-learning/.venv/lib64/python3.13/site-packages/sklearn/metrics/_ranking.py:424: UndefinedMetricWarning: Only one class is present in y_true. ROC AUC score is not defined in that case.[32m [repeated 8x across cluster][0m
[36m(ClientAppActor pid=1183525)[0m   warnings.warn([32m [repeated 8x across cluster][0m

 2 Pareto-optimal rounds (not dominated in recall & spec)

🎯 SELECTED ROUND 5:
   Recall:     0.780
   Specificity: 0.537
   F1-Score:    0.336
   Stability:   0.994
   Alerts/1000: 507.3
   Composite:   0.640

   💾 Best model saved: result/splits_iid_scaling/splits_iid_1024_clients.json/multi_thr/model_round_5.pt
   📊 Metrics saved: result/splits_iid_scaling/splits_iid_1024_clients.json/multi_thr/run_1.json
[36m(ClientAppActor pid=1181918)[0m [Client 777] Data split:[32m [repeated 251x across cluster][0m
[36m(ClientAppActor pid=1181918)[0m    Train:      173 samples (client-local)[32m [repeated 251x across cluster][0m
[36m(ClientAppActor pid=1181918)[0m    Validation: 24 samples (client-local)[32m [repeated 251x across cluster][0m
[36m(ClientAppActor pid=1181918)[0m    Test:       50737 samples (global, shared)[32m [repeated 251x across cluster][0m
[36m(ClientAppActor pid=1181925)[0m [Client 195] Data split:[32m [repeated 281x across cluster][0m
[36m(ClientAppActor pid=1181925)[0m    Train:      174 samples (client-local)[32m [repeated 281x across cluster][0m
[36m(ClientAppActor pid=1181925)[0m    Validation: 24 samples (client-local)[32m [repeated 281x across cluster][0m
[36m(ClientAppActor pid=1181925)[0m    Test:       50737 samples (global, shared)[32m [repeated 281x across cluster][0m
[36m(ClientAppActor pid=1181925)[0m [Client 752] Data split:[32m [repeated 280x across cluster][0m
[36m(ClientAppActor pid=1181925)[0m    Train:      173 samples (client-local)[32m [repeated 280x across cluster][0m
[36m(ClientAppActor pid=1181925)[0m    Validation: 24 samples (client-local)[32m [repeated 280x across cluster][0m
[36m(ClientAppActor pid=1181925)[0m    Test:       50737 samples (global, shared)[32m [repeated 280x across cluster][0m
[36m(ClientAppActor pid=1181923)[0m [Client 124] Data split:[32m [repeated 230x across cluster][0m
[36m(ClientAppActor pid=1181923)[0m    Train:      174 samples (client-local)[32m [repeated 230x across cluster][0m
[36m(ClientAppActor pid=1181923)[0m    Validation: 24 samples (client-local)[32m [repeated 230x across cluster][0m
[36m(ClientAppActor pid=1181923)[0m    Test:       50737 samples (global, shared)[32m [repeated 230x across cluster][0m
[36m(ClientAppActor pid=1181923)[0m [Client 474] Data split:[32m [repeated 279x across cluster][0m
[36m(ClientAppActor pid=1181923)[0m    Train:      173 samples (client-local)[32m [repeated 279x across cluster][0m
[36m(ClientAppActor pid=1181923)[0m    Validation: 24 samples (client-local)[32m [repeated 279x across cluster][0m
[36m(ClientAppActor pid=1181923)[0m    Test:       50737 samples (global, shared)[32m [repeated 279x across cluster][0m
[36m(ClientAppActor pid=1183497)[0m [Client 77] Data split:[32m [repeated 294x across cluster][0m
[36m(ClientAppActor pid=1183497)[0m    Train:      174 samples (client-local)[32m [repeated 294x across cluster][0m
[36m(ClientAppActor pid=1183497)[0m    Validation: 24 samples (client-local)[32m [repeated 294x across cluster][0m
[36m(ClientAppActor pid=1183497)[0m    Test:       50737 samples (global, shared)[32m [repeated 294x across cluster][0m
[36m(ClientAppActor pid=1183527)[0m 
[36m(ClientAppActor pid=1183375)[0m [Client 813] Data split:[32m [repeated 287x across cluster][0m
[36m(ClientAppActor pid=1183375)[0m    Train:      173 samples (client-local)[32m [repeated 287x across cluster][0m
[36m(ClientAppActor pid=1183375)[0m    Validation: 24 samples (client-local)[32m [repeated 287x across cluster][0m
[36m(ClientAppActor pid=1183375)[0m    Test:       50737 samples (global, shared)[32m [repeated 287x across cluster][0m

🎯 Multi-Threshold Aggregation:
   ═══════════════════════════════════════════════
   Evaluated 10 thresholds:
     • Thr=0.30: Recall=0.935, Spec=0.274, F1=0.291
     • Thr=0.35: Recall=0.915, Spec=0.330, F1=0.302
     • Thr=0.40: Recall=0.887, Spec=0.387, F1=0.313
   ...

   BEST Threshold: 0.55
     • Recall:      0.778
     • Specificity: 0.551
     • F1-Score:    0.342
     • Score:       0.637
   ═══════════════════════════════════════════════

⚠️  No rounds meet spec≥0.7, using recall filter only
 3 Pareto-optimal rounds (not dominated in recall & spec)

🎯 SELECTED ROUND 6:
   Recall:     0.778
   Specificity: 0.551
   F1-Score:    0.342
   Stability:   0.995
   Alerts/1000: 494.7
   Composite:   0.644


✅ Round 6 is NEW BEST - Saving checkpoint...
   💾 Checkpoint saved: result/splits_iid_scaling/splits_iid_1024_clients.json/multi_thr/model_round_6.pt
⚠️  No rounds meet spec≥0.7, using recall filter only
 3 Pareto-optimal rounds (not dominated in recall & spec)

🎯 SELECTED ROUND 6:
   Recall:     0.778
   Specificity: 0.551
   F1-Score:    0.342
   Stability:   0.995
   Alerts/1000: 494.7
   Composite:   0.644

   💾 Best model saved: result/splits_iid_scaling/splits_iid_1024_clients.json/multi_thr/model_round_6.pt
   📊 Metrics saved: result/splits_iid_scaling/splits_iid_1024_clients.json/multi_thr/run_1.json
[36m(ClientAppActor pid=1181925)[0m [Client 683] Data split:[32m [repeated 244x across cluster][0m
[36m(ClientAppActor pid=1181925)[0m    Train:      173 samples (client-local)[32m [repeated 244x across cluster][0m
[36m(ClientAppActor pid=1181925)[0m    Validation: 24 samples (client-local)[32m [repeated 244x across cluster][0m
[36m(ClientAppActor pid=1181925)[0m    Test:       50737 samples (global, shared)[32m [repeated 244x across cluster][0m
[36m(ClientAppActor pid=1183520)[0m [Client 679] Data split:[32m [repeated 289x across cluster][0m
[36m(ClientAppActor pid=1183520)[0m    Train:      173 samples (client-local)[32m [repeated 289x across cluster][0m
[36m(ClientAppActor pid=1183520)[0m    Validation: 24 samples (client-local)[32m [repeated 289x across cluster][0m
[36m(ClientAppActor pid=1183520)[0m    Test:       50737 samples (global, shared)[32m [repeated 289x across cluster][0m
[36m(ClientAppActor pid=1181925)[0m [Client 68] Data split:[32m [repeated 276x across cluster][0m
[36m(ClientAppActor pid=1181925)[0m    Train:      174 samples (client-local)[32m [repeated 276x across cluster][0m
[36m(ClientAppActor pid=1181925)[0m    Validation: 24 samples (client-local)[32m [repeated 276x across cluster][0m
[36m(ClientAppActor pid=1181925)[0m    Test:       50737 samples (global, shared)[32m [repeated 276x across cluster][0m
[36m(ClientAppActor pid=1183528)[0m [Client 967] Data split:[32m [repeated 246x across cluster][0m
[36m(ClientAppActor pid=1183528)[0m    Train:      173 samples (client-local)[32m [repeated 246x across cluster][0m
[36m(ClientAppActor pid=1183528)[0m    Validation: 24 samples (client-local)[32m [repeated 246x across cluster][0m
[36m(ClientAppActor pid=1183528)[0m    Test:       50737 samples (global, shared)[32m [repeated 246x across cluster][0m
[36m(ClientAppActor pid=1181918)[0m [Client 652] Data split:[32m [repeated 281x across cluster][0m
[36m(ClientAppActor pid=1181918)[0m    Train:      173 samples (client-local)[32m [repeated 281x across cluster][0m
[36m(ClientAppActor pid=1181918)[0m    Validation: 24 samples (client-local)[32m [repeated 281x across cluster][0m
[36m(ClientAppActor pid=1181918)[0m    Test:       50737 samples (global, shared)[32m [repeated 281x across cluster][0m
[36m(ClientAppActor pid=1181926)[0m [Client 738] Data split:[32m [repeated 286x across cluster][0m
[36m(ClientAppActor pid=1181926)[0m    Train:      173 samples (client-local)[32m [repeated 286x across cluster][0m
[36m(ClientAppActor pid=1181926)[0m    Validation: 24 samples (client-local)[32m [repeated 286x across cluster][0m
[36m(ClientAppActor pid=1181926)[0m    Test:       50737 samples (global, shared)[32m [repeated 286x across cluster][0m
[36m(ClientAppActor pid=1181908)[0m [Client 479] Data split:[32m [repeated 271x across cluster][0m
[36m(ClientAppActor pid=1181908)[0m    Train:      173 samples (client-local)[32m [repeated 271x across cluster][0m[92mINFO [0m:      aggregate_evaluate: received 1024 results and 0 failures
[92mINFO [0m:      
[92mINFO [0m:      [ROUND 8]
[92mINFO [0m:      configure_fit: strategy sampled 819 clients (out of 1024)
[92mINFO [0m:      aggregate_fit: received 819 results and 0 failures
[92mINFO [0m:      configure_evaluate: strategy sampled 1024 clients (out of 1024)
[36m(ClientAppActor pid=1183505)[0m /home/bax9142/federated-edge-learning/.venv/lib64/python3.13/site-packages/sklearn/metrics/_ranking.py:424: UndefinedMetricWarning: Only one class is present in y_true. ROC AUC score is not defined in that case.[32m [repeated 2x across cluster][0m
[36m(ClientAppActor pid=1183505)[0m   warnings.warn([32m [repeated 2x across cluster][0m
[36m(ClientAppActor pid=1183525)[0m /home/bax9142/federated-edge-learning/.venv/lib64/python3.13/site-packages/sklearn/metrics/_ranking.py:424: UndefinedMetricWarning: Only one class is present in y_true. ROC AUC score is not defined in that case.[32m [repeated 9x across cluster][0m
[36m(ClientAppActor pid=1183525)[0m   warnings.warn([32m [repeated 9x across cluster][0m
[36m(ClientAppActor pid=1181925)[0m /home/bax9142/federated-edge-learning/.venv/lib64/python3.13/site-packages/sklearn/metrics/_ranking.py:424: UndefinedMetricWarning: Only one class is present in y_true. ROC AUC score is not defined in that case.[32m [repeated 8x across cluster][0m
[36m(ClientAppActor pid=1181925)[0m   warnings.warn([32m [repeated 8x across cluster][0m
[36m(ClientAppActor pid=1183525)[0m /home/bax9142/federated-edge-learning/.venv/lib64/python3.13/site-packages/sklearn/metrics/_ranking.py:424: UndefinedMetricWarning: Only one class is present in y_true. ROC AUC score is not defined in that case.[32m [repeated 10x across cluster][0m
[36m(ClientAppActor pid=1183525)[0m   warnings.warn([32m [repeated 10x across cluster][0m
[92mINFO [0m:      aggregate_evaluate: received 1024 results and 0 failures
[92mINFO [0m:      
[92mINFO [0m:      [ROUND 9]
[92mINFO [0m:      configure_fit: strategy sampled 819 clients (out of 1024)
[92mINFO [0m:      aggregate_fit: received 819 results and 0 failures
[92mINFO [0m:      configure_evaluate: strategy sampled 1024 clients (out of 1024)
[36m(ClientAppActor pid=1183492)[0m /home/bax9142/federated-edge-learning/.venv/lib64/python3.13/site-packages/sklearn/metrics/_ranking.py:424: UndefinedMetricWarning: Only one class is present in y_true. ROC AUC score is not defined in that case.[32m [repeated 4x across cluster][0m
[36m(ClientAppActor pid=1183492)[0m   warnings.warn([32m [repeated 4x across cluster][0m

[36m(ClientAppActor pid=1181908)[0m    Validation: 24 samples (client-local)[32m [repeated 271x across cluster][0m
[36m(ClientAppActor pid=1181908)[0m    Test:       50737 samples (global, shared)[32m [repeated 271x across cluster][0m

🎯 Multi-Threshold Aggregation:
   ═══════════════════════════════════════════════
   Evaluated 10 thresholds:
     • Thr=0.30: Recall=0.936, Spec=0.288, F1=0.296
     • Thr=0.35: Recall=0.916, Spec=0.345, F1=0.307
     • Thr=0.40: Recall=0.887, Spec=0.402, F1=0.318
   ...

   BEST Threshold: 0.55
     • Recall:      0.779
     • Specificity: 0.565
     • F1-Score:    0.349
     • Score:       0.644
   ═══════════════════════════════════════════════

⚠️  No rounds meet spec≥0.7, using recall filter only
 3 Pareto-optimal rounds (not dominated in recall & spec)

🎯 SELECTED ROUND 7:
   Recall:     0.779
   Specificity: 0.565
   F1-Score:    0.349
   Stability:   0.997
   Alerts/1000: 482.7
   Composite:   0.650


✅ Round 7 is NEW BEST - Saving checkpoint...
   💾 Checkpoint saved: result/splits_iid_scaling/splits_iid_1024_clients.json/multi_thr/model_round_7.pt
⚠️  No rounds meet spec≥0.7, using recall filter only
 3 Pareto-optimal rounds (not dominated in recall & spec)

🎯 SELECTED ROUND 7:
   Recall:     0.779
   Specificity: 0.565
   F1-Score:    0.349
   Stability:   0.997
   Alerts/1000: 482.7
   Composite:   0.650

   💾 Best model saved: result/splits_iid_scaling/splits_iid_1024_clients.json/multi_thr/model_round_7.pt
   📊 Metrics saved: result/splits_iid_scaling/splits_iid_1024_clients.json/multi_thr/run_1.json
[36m(ClientAppActor pid=1183488)[0m [Client 724] Data split:[32m [repeated 260x across cluster][0m
[36m(ClientAppActor pid=1183488)[0m    Train:      173 samples (client-local)[32m [repeated 260x across cluster][0m
[36m(ClientAppActor pid=1183488)[0m    Validation: 24 samples (client-local)[32m [repeated 260x across cluster][0m
[36m(ClientAppActor pid=1183488)[0m    Test:       50737 samples (global, shared)[32m [repeated 260x across cluster][0m
[36m(ClientAppActor pid=1181925)[0m [Client 26] Data split:[32m [repeated 281x across cluster][0m
[36m(ClientAppActor pid=1181925)[0m    Train:      174 samples (client-local)[32m [repeated 281x across cluster][0m
[36m(ClientAppActor pid=1181925)[0m    Validation: 24 samples (client-local)[32m [repeated 281x across cluster][0m
[36m(ClientAppActor pid=1181925)[0m    Test:       50737 samples (global, shared)[32m [repeated 281x across cluster][0m
[36m(ClientAppActor pid=1181926)[0m [Client 915] Data split:[32m [repeated 287x across cluster][0m
[36m(ClientAppActor pid=1181926)[0m    Train:      173 samples (client-local)[32m [repeated 287x across cluster][0m
[36m(ClientAppActor pid=1181926)[0m    Validation: 24 samples (client-local)[32m [repeated 287x across cluster][0m
[36m(ClientAppActor pid=1181926)[0m    Test:       50737 samples (global, shared)[32m [repeated 287x across cluster][0m
[36m(ClientAppActor pid=1181925)[0m [Client 64] Data split:[32m [repeated 240x across cluster][0m
[36m(ClientAppActor pid=1181925)[0m    Train:      174 samples (client-local)[32m [repeated 240x across cluster][0m
[36m(ClientAppActor pid=1181925)[0m    Validation: 24 samples (client-local)[32m [repeated 240x across cluster][0m
[36m(ClientAppActor pid=1181925)[0m    Test:       50737 samples (global, shared)[32m [repeated 240x across cluster][0m
[36m(ClientAppActor pid=1181923)[0m [Client 148] Data split:[32m [repeated 292x across cluster][0m
[36m(ClientAppActor pid=1181923)[0m    Train:      174 samples (client-local)[32m [repeated 292x across cluster][0m
[36m(ClientAppActor pid=1181923)[0m    Validation: 24 samples (client-local)[32m [repeated 292x across cluster][0m
[36m(ClientAppActor pid=1181923)[0m    Test:       50737 samples (global, shared)[32m [repeated 292x across cluster][0m
[36m(ClientAppActor pid=1181918)[0m [Client 473] Data split:[32m [repeated 287x across cluster][0m
[36m(ClientAppActor pid=1181918)[0m    Train:      173 samples (client-local)[32m [repeated 287x across cluster][0m
[36m(ClientAppActor pid=1181918)[0m    Validation: 24 samples (client-local)[32m [repeated 287x across cluster][0m
[36m(ClientAppActor pid=1181918)[0m    Test:       50737 samples (global, shared)[32m [repeated 287x across cluster][0m

🎯 Multi-Threshold Aggregation:
   ═══════════════════════════════════════════════
   Evaluated 10 thresholds:
     • Thr=0.30: Recall=0.936, Spec=0.302, F1=0.300
     • Thr=0.35: Recall=0.917, Spec=0.358, F1=0.312
     • Thr=0.40: Recall=0.889, Spec=0.414, F1=0.323
   ...

   BEST Threshold: 0.55
     • Recall:      0.777
     • Specificity: 0.577
     • F1-Score:    0.354
     • Score:       0.648
   ═══════════════════════════════════════════════

⚠️  No rounds meet spec≥0.7, using recall filter only
 4 Pareto-optimal rounds (not dominated in recall & spec)

🎯 SELECTED ROUND 8:
   Recall:     0.777
   Specificity: 0.577
   F1-Score:    0.354
   Stability:   0.998
   Alerts/1000: 472.6
   Composite:   0.654


✅ Round 8 is NEW BEST - Saving checkpoint...
   💾 Checkpoint saved: result/splits_iid_scaling/splits_iid_1024_clients.json/multi_thr/model_round_8.pt
⚠️  No rounds meet spec≥0.7, using recall filter only
 4 Pareto-optimal rounds (not dominated in recall & spec)

🎯 SELECTED ROUND 8:
   Recall:     0.777
   Specificity: 0.577
   F1-Score:    0.354
   Stability:   0.998
   Alerts/1000: 472.6
   Composite:   0.654

   💾 Best model saved: result/splits_iid_scaling/splits_iid_1024_clients.json/multi_thr/model_round_8.pt
   📊 Metrics saved: result/splits_iid_scaling/splits_iid_1024_clients.json/multi_thr/run_1.json
[36m(ClientAppActor pid=1183497)[0m [Client 12] Data split:[32m [repeated 268x across cluster][0m
[36m(ClientAppActor pid=1183497)[0m    Train:      174 samples (client-local)[32m [repeated 268x across cluster][0m
[36m(ClientAppActor pid=1183497)[0m    Validation: 24 samples (client-local)[32m [repeated 268x across cluster][0m
[36m(ClientAppActor pid=1183497)[0m    Test:       50737 samples (global, shared)[32m [repeated 268x across cluster][0m
[36m(ClientAppActor pid=1183488)[0m 
[36m(ClientAppActor pid=1183488)[0m 
[36m(ClientAppActor pid=1181918)[0m [Client 72] Data split:[32m [repeated 272x across cluster][0m
[36m(ClientAppActor pid=1181918)[0m    Train:      174 samples (client-local)[32m [repeated 272x across cluster][0m
[36m(ClientAppActor pid=1181918)[0m    Validation: 24 samples (client-local)[32m [repeated 272x across cluster][0m
[36m(ClientAppActor pid=1181918)[0m    Test:       50737 samples (global, shared)[32m [repeated 272x across cluster][0m
[36m(ClientAppActor pid=1181930)[0m [Client 452] Data split:[32m [repeated 286x across cluster][0m
[36m(ClientAppActor pid=1181930)[0m    Train:      173 samples (client-local)[32m [repeated 286x across cluster][0m
[36m(ClientAppActor pid=1181930)[0m    Validation: 24 samples (client-local)[32m [repeated 286x across cluster][0m
[36m(ClientAppActor pid=1181930)[0m    Test:       50737 samples (global, shared)[32m [repeated 286x across cluster][0m
[36m(ClientAppActor pid=1183375)[0m [Client 878] Data split:[32m [repeated 263x across cluster][0m
[36m(ClientAppActor pid=1183375)[0m    Train:      173 samples (client-local)[32m [repeated 263x across cluster][0m
[36m(ClientAppActor pid=1183375)[0m    Validation: 24 samples (client-local)[32m [repeated 263x across cluster][0m
[36m(ClientAppActor pid=1183375)[0m    Test:       50737 samples (global, shared)[32m [repeated 263x across cluster][0m
[36m(ClientAppActor pid=1181912)[0m [Client 246] Data split:[32m [repeated 289x across cluster][0m[36m(ClientAppActor pid=1181912)[0m /home/bax9142/federated-edge-learning/.venv/lib64/python3.13/site-packages/sklearn/metrics/_ranking.py:424: UndefinedMetricWarning: Only one class is present in y_true. ROC AUC score is not defined in that case.[32m [repeated 6x across cluster][0m
[36m(ClientAppActor pid=1181912)[0m   warnings.warn([32m [repeated 6x across cluster][0m
[36m(ClientAppActor pid=1181925)[0m /home/bax9142/federated-edge-learning/.venv/lib64/python3.13/site-packages/sklearn/metrics/_ranking.py:424: UndefinedMetricWarning: Only one class is present in y_true. ROC AUC score is not defined in that case.[32m [repeated 9x across cluster][0m
[36m(ClientAppActor pid=1181925)[0m   warnings.warn([32m [repeated 9x across cluster][0m
[36m(ClientAppActor pid=1183488)[0m /home/bax9142/federated-edge-learning/.venv/lib64/python3.13/site-packages/sklearn/metrics/_ranking.py:424: UndefinedMetricWarning: Only one class is present in y_true. ROC AUC score is not defined in that case.[32m [repeated 11x across cluster][0m
[36m(ClientAppActor pid=1183488)[0m   warnings.warn([32m [repeated 11x across cluster][0m
[92mINFO [0m:      aggregate_evaluate: received 1024 results and 0 failures
[92mINFO [0m:      
[92mINFO [0m:      [ROUND 10]
[92mINFO [0m:      configure_fit: strategy sampled 819 clients (out of 1024)
[92mINFO [0m:      aggregate_fit: received 819 results and 0 failures
[92mINFO [0m:      configure_evaluate: strategy sampled 1024 clients (out of 1024)
[36m(ClientAppActor pid=1181915)[0m /home/bax9142/federated-edge-learning/.venv/lib64/python3.13/site-packages/sklearn/metrics/_ranking.py:424: UndefinedMetricWarning: Only one class is present in y_true. ROC AUC score is not defined in that case.[32m [repeated 5x across cluster][0m
[36m(ClientAppActor pid=1181915)[0m   warnings.warn([32m [repeated 5x across cluster][0m
[36m(ClientAppActor pid=1183489)[0m /home/bax9142/federated-edge-learning/.venv/lib64/python3.13/site-packages/sklearn/metrics/_ranking.py:424: UndefinedMetricWarning: Only one class is present in y_true. ROC AUC score is not defined in that case.[32m [repeated 10x across cluster][0m
[36m(ClientAppActor pid=1183489)[0m   warnings.warn([32m [repeated 10x across cluster][0m
[36m(ClientAppActor pid=1181915)[0m /home/bax9142/federated-edge-learning/.venv/lib64/python3.13/site-packages/sklearn/metrics/_ranking.py:424: UndefinedMetricWarning: Only one class is present in y_true. ROC AUC score is not defined in that case.[32m [repeated 13x across cluster][0m
[36m(ClientAppActor pid=1181915)[0m   warnings.warn([32m [repeated 13x across cluster][0m
[92mINFO [0m:      aggregate_evaluate: received 1024 results and 0 failures
[92mINFO [0m:      
[92mINFO [0m:      [ROUND 11]
[92mINFO [0m:      configure_fit: strategy sampled 819 clients (out of 1024)

[36m(ClientAppActor pid=1181912)[0m    Train:      174 samples (client-local)[32m [repeated 289x across cluster][0m
[36m(ClientAppActor pid=1181912)[0m    Validation: 24 samples (client-local)[32m [repeated 289x across cluster][0m
[36m(ClientAppActor pid=1181912)[0m    Test:       50737 samples (global, shared)[32m [repeated 289x across cluster][0m
[36m(ClientAppActor pid=1181918)[0m [Client 877] Data split:[32m [repeated 281x across cluster][0m
[36m(ClientAppActor pid=1181918)[0m    Train:      173 samples (client-local)[32m [repeated 281x across cluster][0m
[36m(ClientAppActor pid=1181918)[0m    Validation: 24 samples (client-local)[32m [repeated 281x across cluster][0m
[36m(ClientAppActor pid=1181918)[0m    Test:       50737 samples (global, shared)[32m [repeated 281x across cluster][0m
[36m(ClientAppActor pid=1181931)[0m [Client 808] Data split:[32m [repeated 279x across cluster][0m
[36m(ClientAppActor pid=1181931)[0m    Train:      173 samples (client-local)[32m [repeated 279x across cluster][0m
[36m(ClientAppActor pid=1181931)[0m    Validation: 24 samples (client-local)[32m [repeated 279x across cluster][0m
[36m(ClientAppActor pid=1181931)[0m    Test:       50737 samples (global, shared)[32m [repeated 279x across cluster][0m

🎯 Multi-Threshold Aggregation:
   ═══════════════════════════════════════════════
   Evaluated 10 thresholds:
     • Thr=0.30: Recall=0.937, Spec=0.316, F1=0.304
     • Thr=0.35: Recall=0.916, Spec=0.371, F1=0.316
     • Thr=0.40: Recall=0.888, Spec=0.426, F1=0.327
   ...

   BEST Threshold: 0.55
     • Recall:      0.777
     • Specificity: 0.589
     • F1-Score:    0.360
     • Score:       0.654
   ═══════════════════════════════════════════════

⚠️  No rounds meet spec≥0.7, using recall filter only
 5 Pareto-optimal rounds (not dominated in recall & spec)

🎯 SELECTED ROUND 9:
   Recall:     0.777
   Specificity: 0.589
   F1-Score:    0.360
   Stability:   0.998
   Alerts/1000: 462.4
   Composite:   0.659


✅ Round 9 is NEW BEST - Saving checkpoint...
   💾 Checkpoint saved: result/splits_iid_scaling/splits_iid_1024_clients.json/multi_thr/model_round_9.pt
⚠️  No rounds meet spec≥0.7, using recall filter only
 5 Pareto-optimal rounds (not dominated in recall & spec)

🎯 SELECTED ROUND 9:
   Recall:     0.777
   Specificity: 0.589
   F1-Score:    0.360
   Stability:   0.998
   Alerts/1000: 462.4
   Composite:   0.659

   💾 Best model saved: result/splits_iid_scaling/splits_iid_1024_clients.json/multi_thr/model_round_9.pt
   📊 Metrics saved: result/splits_iid_scaling/splits_iid_1024_clients.json/multi_thr/run_1.json
[36m(ClientAppActor pid=1181926)[0m [Client 249] Data split:[32m [repeated 269x across cluster][0m
[36m(ClientAppActor pid=1181926)[0m    Train:      174 samples (client-local)[32m [repeated 269x across cluster][0m
[36m(ClientAppActor pid=1181926)[0m    Validation: 24 samples (client-local)[32m [repeated 269x across cluster][0m
[36m(ClientAppActor pid=1181926)[0m    Test:       50737 samples (global, shared)[32m [repeated 269x across cluster][0m
[36m(ClientAppActor pid=1181918)[0m [Client 141] Data split:[32m [repeated 279x across cluster][0m
[36m(ClientAppActor pid=1181918)[0m    Train:      174 samples (client-local)[32m [repeated 279x across cluster][0m
[36m(ClientAppActor pid=1181918)[0m    Validation: 24 samples (client-local)[32m [repeated 279x across cluster][0m
[36m(ClientAppActor pid=1181918)[0m    Test:       50737 samples (global, shared)[32m [repeated 279x across cluster][0m
[36m(ClientAppActor pid=1181923)[0m [Client 889] Data split:[32m [repeated 292x across cluster][0m
[36m(ClientAppActor pid=1181923)[0m    Train:      173 samples (client-local)[32m [repeated 292x across cluster][0m
[36m(ClientAppActor pid=1181923)[0m    Validation: 24 samples (client-local)[32m [repeated 292x across cluster][0m
[36m(ClientAppActor pid=1181923)[0m    Test:       50737 samples (global, shared)[32m [repeated 292x across cluster][0m
[36m(ClientAppActor pid=1181918)[0m [Client 366] Data split:[32m [repeated 236x across cluster][0m
[36m(ClientAppActor pid=1181918)[0m    Train:      174 samples (client-local)[32m [repeated 236x across cluster][0m
[36m(ClientAppActor pid=1181918)[0m    Validation: 24 samples (client-local)[32m [repeated 236x across cluster][0m
[36m(ClientAppActor pid=1181918)[0m    Test:       50737 samples (global, shared)[32m [repeated 236x across cluster][0m
[36m(ClientAppActor pid=1181925)[0m [Client 127] Data split:[32m [repeated 288x across cluster][0m
[36m(ClientAppActor pid=1181925)[0m    Train:      174 samples (client-local)[32m [repeated 288x across cluster][0m
[36m(ClientAppActor pid=1181925)[0m    Validation: 24 samples (client-local)[32m [repeated 288x across cluster][0m
[36m(ClientAppActor pid=1181925)[0m    Test:       50737 samples (global, shared)[32m [repeated 288x across cluster][0m
[36m(ClientAppActor pid=1181912)[0m [Client 257] Data split:[32m [repeated 282x across cluster][0m
[36m(ClientAppActor pid=1181912)[0m    Train:      174 samples (client-local)[32m [repeated 282x across cluster][0m
[36m(ClientAppActor pid=1181912)[0m    Validation: 24 samples (client-local)[32m [repeated 282x across cluster][0m
[36m(ClientAppActor pid=1181912)[0m    Test:       50737 samples (global, shared)[32m [repeated 282x across cluster][0m
[36m(ClientAppActor pid=1181926)[0m [Client 765] Data split:[32m [repeated 284x across cluster][0m
[36m(ClientAppActor pid=1181926)[0m    Train:      173 samples (client-local)[32m [repeated 284x across cluster][0m
[36m(ClientAppActor pid=1181926)[0m    Validation: 24 samples (client-local)[32m [repeated 284x across cluster][0m
[36m(ClientAppActor pid=1181926)[0m    Test:       50737 samples (global, shared)[32m [repeated 284x across cluster][0m

🎯 Multi-Threshold Aggregation:
   ═══════════════════════════════════════════════
   Evaluated 10 thresholds:
     • Thr=0.30: Recall=0.938, Spec=0.326, F1=0.308
     • Thr=0.35: Recall=0.915, Spec=0.381, F1=0.319
     • Thr=0.40: Recall=0.890, Spec=0.436, F1=0.331
   ...

   BEST Threshold: 0.55
     • Recall:      0.779
     • Specificity: 0.597
     • F1-Score:    0.365
     • Score:       0.659
   ═══════════════════════════════════════════════

⚠️  No rounds meet spec≥0.7, using recall filter only
 3 Pareto-optimal rounds (not dominated in recall & spec)

🎯 SELECTED ROUND 10:
   Recall:     0.779
   Specificity: 0.597
   F1-Score:    0.365
   Stability:   0.999
   Alerts/1000: 455.5
   Composite:   0.664


✅ Round 10 is NEW BEST - Saving checkpoint...
   💾 Checkpoint saved: result/splits_iid_scaling/splits_iid_1024_clients.json/multi_thr/model_round_10.pt
⚠️  No rounds meet spec≥0.7, using recall filter only
 3 Pareto-optimal rounds (not dominated in recall & spec)

🎯 SELECTED ROUND 10:
   Recall:     0.779
   Specificity: 0.597
   F1-Score:    0.365
   Stability:   0.999
   Alerts/1000: 455.5
   Composite:   0.664

   💾 Best model saved: result/splits_iid_scaling/splits_iid_1024_clients.json/multi_thr/model_round_10.pt
   📊 Metrics saved: result/splits_iid_scaling/splits_iid_1024_clients.json/multi_thr/run_1.json
[36m(ClientAppActor pid=1181918)[0m [Client 99] Data split:[32m [repeated 256x across cluster][0m
[36m(ClientAppActor pid=1181918)[0m    Train:      174 samples (client-local)[32m [repeated 256x across cluster][0m
[36m(ClientAppActor pid=1181918)[0m    Validation: 24 samples (client-local)[32m [repeated 256x across cluster][0m
[36m(ClientAppActor pid=1181918)[0m    Test:       50737 samples (global, shared)[32m [repeated 256x across cluster][0m
[36m(ClientAppActor pid=1181912)[0m [Client 489] Data split:[32m [repeated 281x across cluster][0m[92mINFO [0m:      aggregate_fit: received 819 results and 0 failures
[92mINFO [0m:      configure_evaluate: strategy sampled 1024 clients (out of 1024)
[36m(ClientAppActor pid=1181918)[0m /home/bax9142/federated-edge-learning/.venv/lib64/python3.13/site-packages/sklearn/metrics/_ranking.py:424: UndefinedMetricWarning: Only one class is present in y_true. ROC AUC score is not defined in that case.[32m [repeated 8x across cluster][0m
[36m(ClientAppActor pid=1181918)[0m   warnings.warn([32m [repeated 8x across cluster][0m
[36m(ClientAppActor pid=1181926)[0m /home/bax9142/federated-edge-learning/.venv/lib64/python3.13/site-packages/sklearn/metrics/_ranking.py:424: UndefinedMetricWarning: Only one class is present in y_true. ROC AUC score is not defined in that case.[32m [repeated 8x across cluster][0m
[36m(ClientAppActor pid=1181926)[0m   warnings.warn([32m [repeated 8x across cluster][0m
[36m(ClientAppActor pid=1181929)[0m /home/bax9142/federated-edge-learning/.venv/lib64/python3.13/site-packages/sklearn/metrics/_ranking.py:424: UndefinedMetricWarning: Only one class is present in y_true. ROC AUC score is not defined in that case.[32m [repeated 9x across cluster][0m
[36m(ClientAppActor pid=1181929)[0m   warnings.warn([32m [repeated 9x across cluster][0m
[36m(ClientAppActor pid=1181908)[0m /home/bax9142/federated-edge-learning/.venv/lib64/python3.13/site-packages/sklearn/metrics/_ranking.py:424: UndefinedMetricWarning: Only one class is present in y_true. ROC AUC score is not defined in that case.[32m [repeated 8x across cluster][0m
[36m(ClientAppActor pid=1181908)[0m   warnings.warn([32m [repeated 8x across cluster][0m
[92mINFO [0m:      aggregate_evaluate: received 1024 results and 0 failures
[92mINFO [0m:      
[92mINFO [0m:      [ROUND 12]
[92mINFO [0m:      configure_fit: strategy sampled 819 clients (out of 1024)
[92mINFO [0m:      aggregate_fit: received 819 results and 0 failures
[92mINFO [0m:      configure_evaluate: strategy sampled 1024 clients (out of 1024)
[36m(ClientAppActor pid=1181925)[0m /home/bax9142/federated-edge-learning/.venv/lib64/python3.13/site-packages/sklearn/metrics/_ranking.py:424: UndefinedMetricWarning: Only one class is present in y_true. ROC AUC score is not defined in that case.[32m [repeated 6x across cluster][0m
[36m(ClientAppActor pid=1181925)[0m   warnings.warn([32m [repeated 6x across cluster][0m
[36m(ClientAppActor pid=1181923)[0m /home/bax9142/federated-edge-learning/.venv/lib64/python3.13/site-packages/sklearn/metrics/_ranking.py:424: UndefinedMetricWarning: Only one class is present in y_true. ROC AUC score is not defined in that case.[32m [repeated 5x across cluster][0m
[36m(ClientAppActor pid=1181923)[0m   warnings.warn([32m [repeated 5x across cluster][0m
[36m(ClientAppActor pid=1181928)[0m /home/bax9142/federated-edge-learning/.venv/lib64/python3.13/site-packages/sklearn/metrics/_ranking.py:424: UndefinedMetricWarning: Only one class is present in y_true. ROC AUC score is not defined in that case.[32m [repeated 13x across cluster][0m
[36m(ClientAppActor pid=1181928)[0m   warnings.warn([32m [repeated 13x across cluster][0m
[36m(ClientAppActor pid=1183528)[0m /home/bax9142/federated-edge-learning/.venv/lib64/python3.13/site-packages/sklearn/metrics/_ranking.py:424: UndefinedMetricWarning: Only one class is present in y_true. ROC AUC score is not defined in that case.[32m [repeated 9x across cluster][0m
[36m(ClientAppActor pid=1183528)[0m   warnings.warn([32m [repeated 9x across cluster][0m
[92mINFO [0m:      aggregate_evaluate: received 1024 results and 0 failures

[36m(ClientAppActor pid=1181912)[0m    Train:      173 samples (client-local)[32m [repeated 281x across cluster][0m
[36m(ClientAppActor pid=1181912)[0m    Validation: 24 samples (client-local)[32m [repeated 281x across cluster][0m
[36m(ClientAppActor pid=1181912)[0m    Test:       50737 samples (global, shared)[32m [repeated 281x across cluster][0m
[36m(ClientAppActor pid=1181915)[0m [Client 7] Data split:[32m [repeated 283x across cluster][0m
[36m(ClientAppActor pid=1181915)[0m    Train:      174 samples (client-local)[32m [repeated 283x across cluster][0m
[36m(ClientAppActor pid=1181915)[0m    Validation: 24 samples (client-local)[32m [repeated 283x across cluster][0m
[36m(ClientAppActor pid=1181915)[0m    Test:       50737 samples (global, shared)[32m [repeated 283x across cluster][0m
[36m(ClientAppActor pid=1183497)[0m [Client 1019] Data split:[32m [repeated 235x across cluster][0m
[36m(ClientAppActor pid=1183497)[0m    Train:      173 samples (client-local)[32m [repeated 235x across cluster][0m
[36m(ClientAppActor pid=1183497)[0m    Validation: 24 samples (client-local)[32m [repeated 235x across cluster][0m
[36m(ClientAppActor pid=1183497)[0m    Test:       50737 samples (global, shared)[32m [repeated 235x across cluster][0m
[36m(ClientAppActor pid=1181918)[0m [Client 109] Data split:[32m [repeated 288x across cluster][0m
[36m(ClientAppActor pid=1181918)[0m    Train:      174 samples (client-local)[32m [repeated 288x across cluster][0m
[36m(ClientAppActor pid=1181918)[0m    Validation: 24 samples (client-local)[32m [repeated 288x across cluster][0m
[36m(ClientAppActor pid=1181918)[0m    Test:       50737 samples (global, shared)[32m [repeated 288x across cluster][0m
[36m(ClientAppActor pid=1181918)[0m [Client 352] Data split:[32m [repeated 286x across cluster][0m
[36m(ClientAppActor pid=1181918)[0m    Train:      174 samples (client-local)[32m [repeated 286x across cluster][0m
[36m(ClientAppActor pid=1181918)[0m    Validation: 24 samples (client-local)[32m [repeated 286x across cluster][0m
[36m(ClientAppActor pid=1181918)[0m    Test:       50737 samples (global, shared)[32m [repeated 286x across cluster][0m

🎯 Multi-Threshold Aggregation:
   ═══════════════════════════════════════════════
   Evaluated 10 thresholds:
     • Thr=0.30: Recall=0.937, Spec=0.334, F1=0.310
     • Thr=0.35: Recall=0.916, Spec=0.389, F1=0.322
     • Thr=0.40: Recall=0.888, Spec=0.445, F1=0.334
   ...

   BEST Threshold: 0.55
     • Recall:      0.780
     • Specificity: 0.604
     • F1-Score:    0.369
     • Score:       0.662
   ═══════════════════════════════════════════════

⚠️  No rounds meet spec≥0.7, using recall filter only
 2 Pareto-optimal rounds (not dominated in recall & spec)

🎯 SELECTED ROUND 11:
   Recall:     0.780
   Specificity: 0.604
   F1-Score:    0.369
   Stability:   0.999
   Alerts/1000: 449.9
   Composite:   0.667


✅ Round 11 is NEW BEST - Saving checkpoint...
   💾 Checkpoint saved: result/splits_iid_scaling/splits_iid_1024_clients.json/multi_thr/model_round_11.pt
⚠️  No rounds meet spec≥0.7, using recall filter only
 2 Pareto-optimal rounds (not dominated in recall & spec)

🎯 SELECTED ROUND 11:
   Recall:     0.780
   Specificity: 0.604
   F1-Score:    0.369
   Stability:   0.999
   Alerts/1000: 449.9
   Composite:   0.667

   💾 Best model saved: result/splits_iid_scaling/splits_iid_1024_clients.json/multi_thr/model_round_11.pt
   📊 Metrics saved: result/splits_iid_scaling/splits_iid_1024_clients.json/multi_thr/run_1.json
[36m(ClientAppActor pid=1183525)[0m [Client 742] Data split:[32m [repeated 266x across cluster][0m
[36m(ClientAppActor pid=1183525)[0m    Train:      173 samples (client-local)[32m [repeated 266x across cluster][0m
[36m(ClientAppActor pid=1183525)[0m    Validation: 24 samples (client-local)[32m [repeated 266x across cluster][0m
[36m(ClientAppActor pid=1183525)[0m    Test:       50737 samples (global, shared)[32m [repeated 266x across cluster][0m
[36m(ClientAppActor pid=1183488)[0m [Client 51] Data split:[32m [repeated 272x across cluster][0m
[36m(ClientAppActor pid=1183488)[0m    Train:      174 samples (client-local)[32m [repeated 272x across cluster][0m
[36m(ClientAppActor pid=1183488)[0m    Validation: 24 samples (client-local)[32m [repeated 272x across cluster][0m
[36m(ClientAppActor pid=1183488)[0m    Test:       50737 samples (global, shared)[32m [repeated 272x across cluster][0m
[36m(ClientAppActor pid=1181915)[0m [Client 109] Data split:[32m [repeated 278x across cluster][0m
[36m(ClientAppActor pid=1181915)[0m    Train:      174 samples (client-local)[32m [repeated 278x across cluster][0m
[36m(ClientAppActor pid=1181915)[0m    Validation: 24 samples (client-local)[32m [repeated 278x across cluster][0m
[36m(ClientAppActor pid=1181915)[0m    Test:       50737 samples (global, shared)[32m [repeated 278x across cluster][0m
[36m(ClientAppActor pid=1183537)[0m [Client 99] Data split:[32m [repeated 247x across cluster][0m
[36m(ClientAppActor pid=1183537)[0m    Train:      174 samples (client-local)[32m [repeated 247x across cluster][0m
[36m(ClientAppActor pid=1183537)[0m    Validation: 24 samples (client-local)[32m [repeated 247x across cluster][0m
[36m(ClientAppActor pid=1183537)[0m    Test:       50737 samples (global, shared)[32m [repeated 247x across cluster][0m
[36m(ClientAppActor pid=1181918)[0m [Client 368] Data split:[32m [repeated 273x across cluster][0m
[36m(ClientAppActor pid=1181918)[0m    Train:      174 samples (client-local)[32m [repeated 273x across cluster][0m
[36m(ClientAppActor pid=1181918)[0m    Validation: 24 samples (client-local)[32m [repeated 273x across cluster][0m
[36m(ClientAppActor pid=1181918)[0m    Test:       50737 samples (global, shared)[32m [repeated 273x across cluster][0m
[36m(ClientAppActor pid=1181923)[0m [Client 271] Data split:[32m [repeated 291x across cluster][0m
[36m(ClientAppActor pid=1181923)[0m    Train:      174 samples (client-local)[32m [repeated 291x across cluster][0m
[36m(ClientAppActor pid=1181923)[0m    Validation: 24 samples (client-local)[32m [repeated 291x across cluster][0m
[36m(ClientAppActor pid=1181923)[0m    Test:       50737 samples (global, shared)[32m [repeated 291x across cluster][0m
[36m(ClientAppActor pid=1181925)[0m [Client 504] Data split:[32m [repeated 285x across cluster][0m
[36m(ClientAppActor pid=1181925)[0m    Train:      173 samples (client-local)[32m [repeated 285x across cluster][0m
[36m(ClientAppActor pid=1181925)[0m    Validation: 24 samples (client-local)[32m [repeated 285x across cluster][0m
[36m(ClientAppActor pid=1181925)[0m    Test:       50737 samples (global, shared)[32m [repeated 285x across cluster][0m

🎯 Multi-Threshold Aggregation:
   ═══════════════════════════════════════════════
   Evaluated 10 thresholds:
     • Thr=0.30: Recall=0.939, Spec=0.341, F1=0.312
     • Thr=0.35: Recall=0.916, Spec=0.396, F1=0.324
     • Thr=0.40: Recall=0.889, Spec=0.453, F1=0.337
   ...

   BEST Threshold: 0.55
     • Recall:      0.782
     • Specificity: 0.609
     • F1-Score:    0.373
     • Score:       0.665
   ═══════════════════════════════════════════════

⚠️  No rounds meet spec≥0.7, using recall filter only
 1 Pareto-optimal rounds (not dominated in recall & spec)

🎯 SELECTED ROUND 12:
   Recall:     0.782
   Specificity: 0.609
   F1-Score:    0.373
   Stability:   0.999
   Alerts/1000: 445.3
   Composite:   0.670


✅ Round 12 is NEW BEST - Saving checkpoint...
   💾 Checkpoint saved: result/splits_iid_scaling/splits_iid_1024_clients.json/multi_thr/model_round_12.pt
⚠️  No rounds meet spec≥0.7, using recall filter only[92mINFO [0m:      
[92mINFO [0m:      [ROUND 13]
[92mINFO [0m:      configure_fit: strategy sampled 819 clients (out of 1024)
[92mINFO [0m:      aggregate_fit: received 819 results and 0 failures
[92mINFO [0m:      configure_evaluate: strategy sampled 1024 clients (out of 1024)
[36m(ClientAppActor pid=1181929)[0m /home/bax9142/federated-edge-learning/.venv/lib64/python3.13/site-packages/sklearn/metrics/_ranking.py:424: UndefinedMetricWarning: Only one class is present in y_true. ROC AUC score is not defined in that case.[32m [repeated 4x across cluster][0m
[36m(ClientAppActor pid=1181929)[0m   warnings.warn([32m [repeated 4x across cluster][0m
[36m(ClientAppActor pid=1183492)[0m /home/bax9142/federated-edge-learning/.venv/lib64/python3.13/site-packages/sklearn/metrics/_ranking.py:424: UndefinedMetricWarning: Only one class is present in y_true. ROC AUC score is not defined in that case.[32m [repeated 11x across cluster][0m
[36m(ClientAppActor pid=1183492)[0m   warnings.warn([32m [repeated 11x across cluster][0m
[36m(ClientAppActor pid=1183505)[0m /home/bax9142/federated-edge-learning/.venv/lib64/python3.13/site-packages/sklearn/metrics/_ranking.py:424: UndefinedMetricWarning: Only one class is present in y_true. ROC AUC score is not defined in that case.[32m [repeated 6x across cluster][0m
[36m(ClientAppActor pid=1183505)[0m   warnings.warn([32m [repeated 6x across cluster][0m
[36m(ClientAppActor pid=1183526)[0m /home/bax9142/federated-edge-learning/.venv/lib64/python3.13/site-packages/sklearn/metrics/_ranking.py:424: UndefinedMetricWarning: Only one class is present in y_true. ROC AUC score is not defined in that case.[32m [repeated 10x across cluster][0m
[36m(ClientAppActor pid=1183526)[0m   warnings.warn([32m [repeated 10x across cluster][0m
[92mINFO [0m:      aggregate_evaluate: received 1024 results and 0 failures
[92mINFO [0m:      
[92mINFO [0m:      [ROUND 14]
[92mINFO [0m:      configure_fit: strategy sampled 819 clients (out of 1024)
[92mINFO [0m:      aggregate_fit: received 819 results and 0 failures
[92mINFO [0m:      configure_evaluate: strategy sampled 1024 clients (out of 1024)
[36m(ClientAppActor pid=1183498)[0m /home/bax9142/federated-edge-learning/.venv/lib64/python3.13/site-packages/sklearn/metrics/_ranking.py:424: UndefinedMetricWarning: Only one class is present in y_true. ROC AUC score is not defined in that case.[32m [repeated 4x across cluster][0m
[36m(ClientAppActor pid=1183498)[0m   warnings.warn([32m [repeated 4x across cluster][0m
[36m(ClientAppActor pid=1183375)[0m /home/bax9142/federated-edge-learning/.venv/lib64/python3.13/site-packages/sklearn/metrics/_ranking.py:424: UndefinedMetricWarning: Only one class is present in y_true. ROC AUC score is not defined in that case.[32m [repeated 9x across cluster][0m
[36m(ClientAppActor pid=1183375)[0m   warnings.warn([32m [repeated 9x across cluster][0m
[36m(ClientAppActor pid=1183527)[0m /home/bax9142/federated-edge-learning/.venv/lib64/python3.13/site-packages/sklearn/metrics/_ranking.py:424: UndefinedMetricWarning: Only one class is present in y_true. ROC AUC score is not defined in that case.[32m [repeated 8x across cluster][0m
[36m(ClientAppActor pid=1183527)[0m   warnings.warn([32m [repeated 8x across cluster][0m

 1 Pareto-optimal rounds (not dominated in recall & spec)

🎯 SELECTED ROUND 12:
   Recall:     0.782
   Specificity: 0.609
   F1-Score:    0.373
   Stability:   0.999
   Alerts/1000: 445.3
   Composite:   0.670

   💾 Best model saved: result/splits_iid_scaling/splits_iid_1024_clients.json/multi_thr/model_round_12.pt
   📊 Metrics saved: result/splits_iid_scaling/splits_iid_1024_clients.json/multi_thr/run_1.json
[36m(ClientAppActor pid=1181915)[0m [Client 7] Data split:[32m [repeated 257x across cluster][0m
[36m(ClientAppActor pid=1181915)[0m    Train:      174 samples (client-local)[32m [repeated 257x across cluster][0m
[36m(ClientAppActor pid=1181915)[0m    Validation: 24 samples (client-local)[32m [repeated 257x across cluster][0m
[36m(ClientAppActor pid=1181915)[0m    Test:       50737 samples (global, shared)[32m [repeated 257x across cluster][0m
[36m(ClientAppActor pid=1181915)[0m [Client 678] Data split:[32m [repeated 280x across cluster][0m
[36m(ClientAppActor pid=1181915)[0m    Train:      173 samples (client-local)[32m [repeated 280x across cluster][0m
[36m(ClientAppActor pid=1181915)[0m    Validation: 24 samples (client-local)[32m [repeated 280x across cluster][0m
[36m(ClientAppActor pid=1181915)[0m    Test:       50737 samples (global, shared)[32m [repeated 280x across cluster][0m
[36m(ClientAppActor pid=1183528)[0m [Client 937] Data split:[32m [repeated 292x across cluster][0m
[36m(ClientAppActor pid=1183528)[0m    Train:      173 samples (client-local)[32m [repeated 292x across cluster][0m
[36m(ClientAppActor pid=1183528)[0m    Validation: 24 samples (client-local)[32m [repeated 292x across cluster][0m
[36m(ClientAppActor pid=1183528)[0m    Test:       50737 samples (global, shared)[32m [repeated 292x across cluster][0m
[36m(ClientAppActor pid=1181915)[0m [Client 197] Data split:[32m [repeated 199x across cluster][0m
[36m(ClientAppActor pid=1181915)[0m    Train:      174 samples (client-local)[32m [repeated 199x across cluster][0m
[36m(ClientAppActor pid=1181915)[0m    Validation: 24 samples (client-local)[32m [repeated 199x across cluster][0m
[36m(ClientAppActor pid=1181915)[0m    Test:       50737 samples (global, shared)[32m [repeated 199x across cluster][0m
[36m(ClientAppActor pid=1181915)[0m [Client 198] Data split:[32m [repeated 300x across cluster][0m
[36m(ClientAppActor pid=1181915)[0m    Train:      174 samples (client-local)[32m [repeated 300x across cluster][0m
[36m(ClientAppActor pid=1181915)[0m    Validation: 24 samples (client-local)[32m [repeated 300x across cluster][0m
[36m(ClientAppActor pid=1181915)[0m    Test:       50737 samples (global, shared)[32m [repeated 300x across cluster][0m
[36m(ClientAppActor pid=1181912)[0m [Client 359] Data split:[32m [repeated 276x across cluster][0m
[36m(ClientAppActor pid=1181912)[0m    Train:      174 samples (client-local)[32m [repeated 276x across cluster][0m
[36m(ClientAppActor pid=1181912)[0m    Validation: 24 samples (client-local)[32m [repeated 276x across cluster][0m
[36m(ClientAppActor pid=1181912)[0m    Test:       50737 samples (global, shared)[32m [repeated 276x across cluster][0m
[36m(ClientAppActor pid=1181912)[0m [Client 287] Data split:[32m [repeated 283x across cluster][0m
[36m(ClientAppActor pid=1181912)[0m    Train:      174 samples (client-local)[32m [repeated 283x across cluster][0m
[36m(ClientAppActor pid=1181912)[0m    Validation: 24 samples (client-local)[32m [repeated 283x across cluster][0m
[36m(ClientAppActor pid=1181912)[0m    Test:       50737 samples (global, shared)[32m [repeated 283x across cluster][0m

🎯 Multi-Threshold Aggregation:
   ═══════════════════════════════════════════════
   Evaluated 10 thresholds:
     • Thr=0.30: Recall=0.940, Spec=0.347, F1=0.315
     • Thr=0.35: Recall=0.916, Spec=0.404, F1=0.327
     • Thr=0.40: Recall=0.889, Spec=0.459, F1=0.340
   ...

   BEST Threshold: 0.55
     • Recall:      0.781
     • Specificity: 0.615
     • F1-Score:    0.376
     • Score:       0.668
   ═══════════════════════════════════════════════

⚠️  No rounds meet spec≥0.7, using recall filter only
 2 Pareto-optimal rounds (not dominated in recall & spec)

🎯 SELECTED ROUND 13:
   Recall:     0.781
   Specificity: 0.615
   F1-Score:    0.376
   Stability:   1.000
   Alerts/1000: 439.9
   Composite:   0.672


✅ Round 13 is NEW BEST - Saving checkpoint...
   💾 Checkpoint saved: result/splits_iid_scaling/splits_iid_1024_clients.json/multi_thr/model_round_13.pt
⚠️  No rounds meet spec≥0.7, using recall filter only
 2 Pareto-optimal rounds (not dominated in recall & spec)

🎯 SELECTED ROUND 13:
   Recall:     0.781
   Specificity: 0.615
   F1-Score:    0.376
   Stability:   1.000
   Alerts/1000: 439.9
   Composite:   0.672

   💾 Best model saved: result/splits_iid_scaling/splits_iid_1024_clients.json/multi_thr/model_round_13.pt
   📊 Metrics saved: result/splits_iid_scaling/splits_iid_1024_clients.json/multi_thr/run_1.json
[36m(ClientAppActor pid=1183530)[0m [Client 49] Data split:[32m [repeated 266x across cluster][0m
[36m(ClientAppActor pid=1183530)[0m    Train:      174 samples (client-local)[32m [repeated 266x across cluster][0m
[36m(ClientAppActor pid=1183530)[0m    Validation: 24 samples (client-local)[32m [repeated 266x across cluster][0m
[36m(ClientAppActor pid=1183530)[0m    Test:       50737 samples (global, shared)[32m [repeated 266x across cluster][0m
[36m(ClientAppActor pid=1181915)[0m [Client 302] Data split:[32m [repeated 273x across cluster][0m
[36m(ClientAppActor pid=1181915)[0m    Train:      174 samples (client-local)[32m [repeated 273x across cluster][0m
[36m(ClientAppActor pid=1181915)[0m    Validation: 24 samples (client-local)[32m [repeated 273x across cluster][0m
[36m(ClientAppActor pid=1181915)[0m    Test:       50737 samples (global, shared)[32m [repeated 273x across cluster][0m
[36m(ClientAppActor pid=1183488)[0m [Client 824] Data split:[32m [repeated 284x across cluster][0m
[36m(ClientAppActor pid=1183488)[0m    Train:      173 samples (client-local)[32m [repeated 284x across cluster][0m
[36m(ClientAppActor pid=1183488)[0m    Validation: 24 samples (client-local)[32m [repeated 284x across cluster][0m
[36m(ClientAppActor pid=1183488)[0m    Test:       50737 samples (global, shared)[32m [repeated 284x across cluster][0m
[36m(ClientAppActor pid=1181925)[0m [Client 381] Data split:[32m [repeated 233x across cluster][0m
[36m(ClientAppActor pid=1181925)[0m    Train:      174 samples (client-local)[32m [repeated 233x across cluster][0m
[36m(ClientAppActor pid=1181925)[0m    Validation: 24 samples (client-local)[32m [repeated 233x across cluster][0m
[36m(ClientAppActor pid=1181925)[0m    Test:       50737 samples (global, shared)[32m [repeated 233x across cluster][0m
[36m(ClientAppActor pid=1181931)[0m [Client 589] Data split:[32m [repeated 289x across cluster][0m
[36m(ClientAppActor pid=1181931)[0m    Train:      173 samples (client-local)[32m [repeated 289x across cluster][0m
[36m(ClientAppActor pid=1181931)[0m    Validation: 24 samples (client-local)[32m [repeated 289x across cluster][0m
[36m(ClientAppActor pid=1181931)[0m    Test:       50737 samples (global, shared)[32m [repeated 289x across cluster][0m
[36m(ClientAppActor pid=1181923)[0m [Client 88] Data split:[32m [repeated 284x across cluster][0m
[36m(ClientAppActor pid=1181923)[0m    Train:      174 samples (client-local)[32m [repeated 284x across cluster][0m
[36m(ClientAppActor pid=1181923)[0m    Validation: 24 samples (client-local)[32m [repeated 284x across cluster][0m
[36m(ClientAppActor pid=1181923)[0m    Test:       50737 samples (global, shared)[32m [repeated 284x across cluster][0m
[36m(ClientAppActor pid=1181930)[0m [Client 0] Data split:[32m [repeated 286x across cluster][0m
[36m(ClientAppActor pid=1181930)[0m    Train:      174 samples (client-local)[32m [repeated 286x across cluster][0m[36m(ClientAppActor pid=1183525)[0m /home/bax9142/federated-edge-learning/.venv/lib64/python3.13/site-packages/sklearn/metrics/_ranking.py:424: UndefinedMetricWarning: Only one class is present in y_true. ROC AUC score is not defined in that case.[32m [repeated 11x across cluster][0m
[36m(ClientAppActor pid=1183525)[0m   warnings.warn([32m [repeated 11x across cluster][0m
[92mINFO [0m:      aggregate_evaluate: received 1024 results and 0 failures
[92mINFO [0m:      
[92mINFO [0m:      [ROUND 15]
[92mINFO [0m:      configure_fit: strategy sampled 819 clients (out of 1024)
[92mINFO [0m:      aggregate_fit: received 819 results and 0 failures
[92mINFO [0m:      configure_evaluate: strategy sampled 1024 clients (out of 1024)
[36m(ClientAppActor pid=1181912)[0m /home/bax9142/federated-edge-learning/.venv/lib64/python3.13/site-packages/sklearn/metrics/_ranking.py:424: UndefinedMetricWarning: Only one class is present in y_true. ROC AUC score is not defined in that case.[32m [repeated 3x across cluster][0m
[36m(ClientAppActor pid=1181912)[0m   warnings.warn([32m [repeated 3x across cluster][0m
[36m(ClientAppActor pid=1181930)[0m /home/bax9142/federated-edge-learning/.venv/lib64/python3.13/site-packages/sklearn/metrics/_ranking.py:424: UndefinedMetricWarning: Only one class is present in y_true. ROC AUC score is not defined in that case.[32m [repeated 6x across cluster][0m
[36m(ClientAppActor pid=1181930)[0m   warnings.warn([32m [repeated 6x across cluster][0m
[36m(ClientAppActor pid=1181928)[0m /home/bax9142/federated-edge-learning/.venv/lib64/python3.13/site-packages/sklearn/metrics/_ranking.py:424: UndefinedMetricWarning: Only one class is present in y_true. ROC AUC score is not defined in that case.[32m [repeated 13x across cluster][0m
[36m(ClientAppActor pid=1181928)[0m   warnings.warn([32m [repeated 13x across cluster][0m
[36m(ClientAppActor pid=1181923)[0m /home/bax9142/federated-edge-learning/.venv/lib64/python3.13/site-packages/sklearn/metrics/_ranking.py:424: UndefinedMetricWarning: Only one class is present in y_true. ROC AUC score is not defined in that case.[32m [repeated 10x across cluster][0m
[36m(ClientAppActor pid=1181923)[0m   warnings.warn([32m [repeated 10x across cluster][0m
[92mINFO [0m:      aggregate_evaluate: received 1024 results and 0 failures
[92mINFO [0m:      
[92mINFO [0m:      [ROUND 16]
[92mINFO [0m:      configure_fit: strategy sampled 819 clients (out of 1024)
[92mINFO [0m:      aggregate_fit: received 819 results and 0 failures
[92mINFO [0m:      configure_evaluate: strategy sampled 1024 clients (out of 1024)
[36m(ClientAppActor pid=1183488)[0m /home/bax9142/federated-edge-learning/.venv/lib64/python3.13/site-packages/sklearn/metrics/_ranking.py:424: UndefinedMetricWarning: Only one class is present in y_true. ROC AUC score is not defined in that case.[32m [repeated 2x across cluster][0m
[36m(ClientAppActor pid=1183488)[0m   warnings.warn([32m [repeated 2x across cluster][0m

[36m(ClientAppActor pid=1181930)[0m    Validation: 24 samples (client-local)[32m [repeated 286x across cluster][0m
[36m(ClientAppActor pid=1181930)[0m    Test:       50737 samples (global, shared)[32m [repeated 286x across cluster][0m

🎯 Multi-Threshold Aggregation:
   ═══════════════════════════════════════════════
   Evaluated 10 thresholds:
     • Thr=0.30: Recall=0.940, Spec=0.354, F1=0.317
     • Thr=0.35: Recall=0.916, Spec=0.412, F1=0.330
     • Thr=0.40: Recall=0.887, Spec=0.466, F1=0.342
   ...

   BEST Threshold: 0.55
     • Recall:      0.779
     • Specificity: 0.621
     • F1-Score:    0.378
     • Score:       0.670
   ═══════════════════════════════════════════════

⚠️  No rounds meet spec≥0.7, using recall filter only
 3 Pareto-optimal rounds (not dominated in recall & spec)

🎯 SELECTED ROUND 14:
   Recall:     0.779
   Specificity: 0.621
   F1-Score:    0.378
   Stability:   1.000
   Alerts/1000: 435.0
   Composite:   0.674


✅ Round 14 is NEW BEST - Saving checkpoint...
   💾 Checkpoint saved: result/splits_iid_scaling/splits_iid_1024_clients.json/multi_thr/model_round_14.pt
⚠️  No rounds meet spec≥0.7, using recall filter only
 3 Pareto-optimal rounds (not dominated in recall & spec)

🎯 SELECTED ROUND 14:
   Recall:     0.779
   Specificity: 0.621
   F1-Score:    0.378
   Stability:   1.000
   Alerts/1000: 435.0
   Composite:   0.674

   💾 Best model saved: result/splits_iid_scaling/splits_iid_1024_clients.json/multi_thr/model_round_14.pt
   📊 Metrics saved: result/splits_iid_scaling/splits_iid_1024_clients.json/multi_thr/run_1.json
[36m(ClientAppActor pid=1183530)[0m [Client 463] Data split:[32m [repeated 252x across cluster][0m
[36m(ClientAppActor pid=1183530)[0m    Train:      173 samples (client-local)[32m [repeated 252x across cluster][0m
[36m(ClientAppActor pid=1183530)[0m    Validation: 24 samples (client-local)[32m [repeated 252x across cluster][0m
[36m(ClientAppActor pid=1183530)[0m    Test:       50737 samples (global, shared)[32m [repeated 252x across cluster][0m
[36m(ClientAppActor pid=1183488)[0m [Client 25] Data split:[32m [repeated 261x across cluster][0m
[36m(ClientAppActor pid=1183488)[0m    Train:      174 samples (client-local)[32m [repeated 261x across cluster][0m
[36m(ClientAppActor pid=1183488)[0m    Validation: 24 samples (client-local)[32m [repeated 261x across cluster][0m
[36m(ClientAppActor pid=1183488)[0m    Test:       50737 samples (global, shared)[32m [repeated 261x across cluster][0m
[36m(ClientAppActor pid=1181931)[0m [Client 158] Data split:[32m [repeated 275x across cluster][0m
[36m(ClientAppActor pid=1181931)[0m    Train:      174 samples (client-local)[32m [repeated 275x across cluster][0m
[36m(ClientAppActor pid=1181931)[0m    Validation: 24 samples (client-local)[32m [repeated 275x across cluster][0m
[36m(ClientAppActor pid=1181931)[0m    Test:       50737 samples (global, shared)[32m [repeated 275x across cluster][0m
[36m(ClientAppActor pid=1183516)[0m [Client 31] Data split:[32m [repeated 248x across cluster][0m
[36m(ClientAppActor pid=1183516)[0m    Train:      174 samples (client-local)[32m [repeated 248x across cluster][0m
[36m(ClientAppActor pid=1183516)[0m    Validation: 24 samples (client-local)[32m [repeated 248x across cluster][0m
[36m(ClientAppActor pid=1183516)[0m    Test:       50737 samples (global, shared)[32m [repeated 248x across cluster][0m
[36m(ClientAppActor pid=1183498)[0m 
[36m(ClientAppActor pid=1181918)[0m [Client 80] Data split:[32m [repeated 281x across cluster][0m
[36m(ClientAppActor pid=1181918)[0m    Train:      174 samples (client-local)[32m [repeated 281x across cluster][0m
[36m(ClientAppActor pid=1181918)[0m    Validation: 24 samples (client-local)[32m [repeated 281x across cluster][0m
[36m(ClientAppActor pid=1181918)[0m    Test:       50737 samples (global, shared)[32m [repeated 281x across cluster][0m
[36m(ClientAppActor pid=1181923)[0m [Client 4] Data split:[32m [repeated 289x across cluster][0m
[36m(ClientAppActor pid=1181923)[0m    Train:      174 samples (client-local)[32m [repeated 289x across cluster][0m
[36m(ClientAppActor pid=1181923)[0m    Validation: 24 samples (client-local)[32m [repeated 289x across cluster][0m
[36m(ClientAppActor pid=1181923)[0m    Test:       50737 samples (global, shared)[32m [repeated 289x across cluster][0m
[36m(ClientAppActor pid=1181923)[0m [Client 814] Data split:[32m [repeated 283x across cluster][0m
[36m(ClientAppActor pid=1181923)[0m    Train:      173 samples (client-local)[32m [repeated 283x across cluster][0m
[36m(ClientAppActor pid=1181923)[0m    Validation: 24 samples (client-local)[32m [repeated 283x across cluster][0m
[36m(ClientAppActor pid=1181923)[0m    Test:       50737 samples (global, shared)[32m [repeated 283x across cluster][0m

🎯 Multi-Threshold Aggregation:
   ═══════════════════════════════════════════════
   Evaluated 10 thresholds:
     • Thr=0.30: Recall=0.940, Spec=0.359, F1=0.319
     • Thr=0.35: Recall=0.916, Spec=0.417, F1=0.332
     • Thr=0.40: Recall=0.887, Spec=0.472, F1=0.345
   ...

   BEST Threshold: 0.55
     • Recall:      0.778
     • Specificity: 0.626
     • F1-Score:    0.381
     • Score:       0.671
   ═══════════════════════════════════════════════

⚠️  No rounds meet spec≥0.7, using recall filter only
 4 Pareto-optimal rounds (not dominated in recall & spec)

🎯 SELECTED ROUND 15:
   Recall:     0.778
   Specificity: 0.626
   F1-Score:    0.381
   Stability:   1.000
   Alerts/1000: 430.6
   Composite:   0.675


✅ Round 15 is NEW BEST - Saving checkpoint...
   💾 Checkpoint saved: result/splits_iid_scaling/splits_iid_1024_clients.json/multi_thr/model_round_15.pt
⚠️  No rounds meet spec≥0.7, using recall filter only
 4 Pareto-optimal rounds (not dominated in recall & spec)

🎯 SELECTED ROUND 15:
   Recall:     0.778
   Specificity: 0.626
   F1-Score:    0.381
   Stability:   1.000
   Alerts/1000: 430.6
   Composite:   0.675

   💾 Best model saved: result/splits_iid_scaling/splits_iid_1024_clients.json/multi_thr/model_round_15.pt
   📊 Metrics saved: result/splits_iid_scaling/splits_iid_1024_clients.json/multi_thr/run_1.json
[36m(ClientAppActor pid=1181923)[0m [Client 977] Data split:[32m [repeated 254x across cluster][0m
[36m(ClientAppActor pid=1181923)[0m    Train:      173 samples (client-local)[32m [repeated 254x across cluster][0m
[36m(ClientAppActor pid=1181923)[0m    Validation: 24 samples (client-local)[32m [repeated 254x across cluster][0m
[36m(ClientAppActor pid=1181923)[0m    Test:       50737 samples (global, shared)[32m [repeated 254x across cluster][0m
[36m(ClientAppActor pid=1183488)[0m [Client 989] Data split:[32m [repeated 283x across cluster][0m
[36m(ClientAppActor pid=1183488)[0m    Train:      173 samples (client-local)[32m [repeated 283x across cluster][0m
[36m(ClientAppActor pid=1183488)[0m    Validation: 24 samples (client-local)[32m [repeated 283x across cluster][0m
[36m(ClientAppActor pid=1183488)[0m    Test:       50737 samples (global, shared)[32m [repeated 283x across cluster][0m
[36m(ClientAppActor pid=1183497)[0m 
[36m(ClientAppActor pid=1181925)[0m [Client 627] Data split:[32m [repeated 283x across cluster][0m
[36m(ClientAppActor pid=1181925)[0m    Train:      173 samples (client-local)[32m [repeated 283x across cluster][0m
[36m(ClientAppActor pid=1181925)[0m    Validation: 24 samples (client-local)[32m [repeated 283x across cluster][0m
[36m(ClientAppActor pid=1181925)[0m    Test:       50737 samples (global, shared)[32m [repeated 283x across cluster][0m
[36m(ClientAppActor pid=1181925)[0m [Client 206] Data split:[32m [repeated 239x across cluster][0m[36m(ClientAppActor pid=1183491)[0m /home/bax9142/federated-edge-learning/.venv/lib64/python3.13/site-packages/sklearn/metrics/_ranking.py:424: UndefinedMetricWarning: Only one class is present in y_true. ROC AUC score is not defined in that case.[32m [repeated 15x across cluster][0m
[36m(ClientAppActor pid=1183491)[0m   warnings.warn([32m [repeated 15x across cluster][0m
[36m(ClientAppActor pid=1183496)[0m /home/bax9142/federated-edge-learning/.venv/lib64/python3.13/site-packages/sklearn/metrics/_ranking.py:424: UndefinedMetricWarning: Only one class is present in y_true. ROC AUC score is not defined in that case.[32m [repeated 9x across cluster][0m
[36m(ClientAppActor pid=1183496)[0m   warnings.warn([32m [repeated 9x across cluster][0m
[92mINFO [0m:      aggregate_evaluate: received 1024 results and 0 failures
[92mINFO [0m:      
[92mINFO [0m:      [ROUND 17]
[92mINFO [0m:      configure_fit: strategy sampled 819 clients (out of 1024)
[92mINFO [0m:      aggregate_fit: received 819 results and 0 failures
[92mINFO [0m:      configure_evaluate: strategy sampled 1024 clients (out of 1024)
[36m(ClientAppActor pid=1183375)[0m /home/bax9142/federated-edge-learning/.venv/lib64/python3.13/site-packages/sklearn/metrics/_ranking.py:424: UndefinedMetricWarning: Only one class is present in y_true. ROC AUC score is not defined in that case.[32m [repeated 7x across cluster][0m
[36m(ClientAppActor pid=1183375)[0m   warnings.warn([32m [repeated 7x across cluster][0m
[36m(ClientAppActor pid=1183505)[0m /home/bax9142/federated-edge-learning/.venv/lib64/python3.13/site-packages/sklearn/metrics/_ranking.py:424: UndefinedMetricWarning: Only one class is present in y_true. ROC AUC score is not defined in that case.[32m [repeated 6x across cluster][0m
[36m(ClientAppActor pid=1183505)[0m   warnings.warn([32m [repeated 6x across cluster][0m
[36m(ClientAppActor pid=1183492)[0m /home/bax9142/federated-edge-learning/.venv/lib64/python3.13/site-packages/sklearn/metrics/_ranking.py:424: UndefinedMetricWarning: Only one class is present in y_true. ROC AUC score is not defined in that case.[32m [repeated 12x across cluster][0m
[36m(ClientAppActor pid=1183492)[0m   warnings.warn([32m [repeated 12x across cluster][0m
[36m(ClientAppActor pid=1181915)[0m /home/bax9142/federated-edge-learning/.venv/lib64/python3.13/site-packages/sklearn/metrics/_ranking.py:424: UndefinedMetricWarning: Only one class is present in y_true. ROC AUC score is not defined in that case.[32m [repeated 11x across cluster][0m
[36m(ClientAppActor pid=1181915)[0m   warnings.warn([32m [repeated 11x across cluster][0m
[92mINFO [0m:      aggregate_evaluate: received 1024 results and 0 failures
[92mINFO [0m:      
[92mINFO [0m:      [ROUND 18]
[92mINFO [0m:      configure_fit: strategy sampled 819 clients (out of 1024)

[36m(ClientAppActor pid=1181925)[0m    Train:      174 samples (client-local)[32m [repeated 239x across cluster][0m
[36m(ClientAppActor pid=1181925)[0m    Validation: 24 samples (client-local)[32m [repeated 239x across cluster][0m
[36m(ClientAppActor pid=1181925)[0m    Test:       50737 samples (global, shared)[32m [repeated 239x across cluster][0m
[36m(ClientAppActor pid=1181926)[0m [Client 139] Data split:[32m [repeated 282x across cluster][0m
[36m(ClientAppActor pid=1181926)[0m    Train:      174 samples (client-local)[32m [repeated 282x across cluster][0m
[36m(ClientAppActor pid=1181926)[0m    Validation: 24 samples (client-local)[32m [repeated 282x across cluster][0m
[36m(ClientAppActor pid=1181926)[0m    Test:       50737 samples (global, shared)[32m [repeated 282x across cluster][0m
[36m(ClientAppActor pid=1181926)[0m [Client 133] Data split:[32m [repeated 288x across cluster][0m
[36m(ClientAppActor pid=1181926)[0m    Train:      174 samples (client-local)[32m [repeated 288x across cluster][0m
[36m(ClientAppActor pid=1181926)[0m    Validation: 24 samples (client-local)[32m [repeated 288x across cluster][0m
[36m(ClientAppActor pid=1181926)[0m    Test:       50737 samples (global, shared)[32m [repeated 288x across cluster][0m

🎯 Multi-Threshold Aggregation:
   ═══════════════════════════════════════════════
   Evaluated 10 thresholds:
     • Thr=0.30: Recall=0.939, Spec=0.365, F1=0.320
     • Thr=0.35: Recall=0.917, Spec=0.422, F1=0.334
     • Thr=0.40: Recall=0.887, Spec=0.478, F1=0.347
   ...

   BEST Threshold: 0.55
     • Recall:      0.776
     • Specificity: 0.630
     • F1-Score:    0.382
     • Score:       0.672
   ═══════════════════════════════════════════════

⚠️  No rounds meet spec≥0.7, using recall filter only
 5 Pareto-optimal rounds (not dominated in recall & spec)

🎯 SELECTED ROUND 16:
   Recall:     0.776
   Specificity: 0.630
   F1-Score:    0.382
   Stability:   1.000
   Alerts/1000: 426.7
   Composite:   0.676


✅ Round 16 is NEW BEST - Saving checkpoint...
   💾 Checkpoint saved: result/splits_iid_scaling/splits_iid_1024_clients.json/multi_thr/model_round_16.pt
⚠️  No rounds meet spec≥0.7, using recall filter only
 5 Pareto-optimal rounds (not dominated in recall & spec)

🎯 SELECTED ROUND 16:
   Recall:     0.776
   Specificity: 0.630
   F1-Score:    0.382
   Stability:   1.000
   Alerts/1000: 426.7
   Composite:   0.676

   💾 Best model saved: result/splits_iid_scaling/splits_iid_1024_clients.json/multi_thr/model_round_16.pt
   📊 Metrics saved: result/splits_iid_scaling/splits_iid_1024_clients.json/multi_thr/run_1.json
[36m(ClientAppActor pid=1183524)[0m [Client 17] Data split:[32m [repeated 259x across cluster][0m
[36m(ClientAppActor pid=1183524)[0m    Train:      174 samples (client-local)[32m [repeated 259x across cluster][0m
[36m(ClientAppActor pid=1183524)[0m    Validation: 24 samples (client-local)[32m [repeated 259x across cluster][0m
[36m(ClientAppActor pid=1183524)[0m    Test:       50737 samples (global, shared)[32m [repeated 259x across cluster][0m
[36m(ClientAppActor pid=1181912)[0m [Client 1023] Data split:[32m [repeated 283x across cluster][0m
[36m(ClientAppActor pid=1181912)[0m    Train:      173 samples (client-local)[32m [repeated 283x across cluster][0m
[36m(ClientAppActor pid=1181912)[0m    Validation: 816 samples (client-local)[32m [repeated 283x across cluster][0m
[36m(ClientAppActor pid=1181912)[0m    Test:       50737 samples (global, shared)[32m [repeated 283x across cluster][0m
[36m(ClientAppActor pid=1181912)[0m [Client 681] Data split:[32m [repeated 274x across cluster][0m
[36m(ClientAppActor pid=1181912)[0m    Train:      173 samples (client-local)[32m [repeated 274x across cluster][0m
[36m(ClientAppActor pid=1181912)[0m    Validation: 24 samples (client-local)[32m [repeated 274x across cluster][0m
[36m(ClientAppActor pid=1181912)[0m    Test:       50737 samples (global, shared)[32m [repeated 274x across cluster][0m
[36m(ClientAppActor pid=1183492)[0m [Client 161] Data split:[32m [repeated 240x across cluster][0m
[36m(ClientAppActor pid=1183492)[0m    Train:      174 samples (client-local)[32m [repeated 240x across cluster][0m
[36m(ClientAppActor pid=1183492)[0m    Validation: 24 samples (client-local)[32m [repeated 240x across cluster][0m
[36m(ClientAppActor pid=1183492)[0m    Test:       50737 samples (global, shared)[32m [repeated 240x across cluster][0m
[36m(ClientAppActor pid=1183526)[0m [Client 272] Data split:[32m [repeated 275x across cluster][0m
[36m(ClientAppActor pid=1183526)[0m    Train:      174 samples (client-local)[32m [repeated 275x across cluster][0m
[36m(ClientAppActor pid=1183526)[0m    Validation: 24 samples (client-local)[32m [repeated 275x across cluster][0m
[36m(ClientAppActor pid=1183526)[0m    Test:       50737 samples (global, shared)[32m [repeated 275x across cluster][0m
[36m(ClientAppActor pid=1183375)[0m [Client 1022] Data split:[32m [repeated 284x across cluster][0m
[36m(ClientAppActor pid=1183375)[0m    Train:      173 samples (client-local)[32m [repeated 284x across cluster][0m
[36m(ClientAppActor pid=1183375)[0m    Validation: 24 samples (client-local)[32m [repeated 284x across cluster][0m
[36m(ClientAppActor pid=1183375)[0m    Test:       50737 samples (global, shared)[32m [repeated 284x across cluster][0m
[36m(ClientAppActor pid=1181923)[0m [Client 961] Data split:[32m [repeated 288x across cluster][0m
[36m(ClientAppActor pid=1181923)[0m    Train:      173 samples (client-local)[32m [repeated 288x across cluster][0m
[36m(ClientAppActor pid=1181923)[0m    Validation: 24 samples (client-local)[32m [repeated 288x across cluster][0m
[36m(ClientAppActor pid=1181923)[0m    Test:       50737 samples (global, shared)[32m [repeated 288x across cluster][0m

🎯 Multi-Threshold Aggregation:
   ═══════════════════════════════════════════════
   Evaluated 10 thresholds:
     • Thr=0.30: Recall=0.939, Spec=0.371, F1=0.322
     • Thr=0.35: Recall=0.916, Spec=0.428, F1=0.336
     • Thr=0.40: Recall=0.887, Spec=0.483, F1=0.349
   ...

   BEST Threshold: 0.55
     • Recall:      0.775
     • Specificity: 0.634
     • F1-Score:    0.384
     • Score:       0.674
   ═══════════════════════════════════════════════

⚠️  No rounds meet spec≥0.7, using recall filter only
 6 Pareto-optimal rounds (not dominated in recall & spec)

🎯 SELECTED ROUND 17:
   Recall:     0.775
   Specificity: 0.634
   F1-Score:    0.384
   Stability:   1.000
   Alerts/1000: 423.1
   Composite:   0.677


✅ Round 17 is NEW BEST - Saving checkpoint...
   💾 Checkpoint saved: result/splits_iid_scaling/splits_iid_1024_clients.json/multi_thr/model_round_17.pt
⚠️  No rounds meet spec≥0.7, using recall filter only
 6 Pareto-optimal rounds (not dominated in recall & spec)

🎯 SELECTED ROUND 17:
   Recall:     0.775
   Specificity: 0.634
   F1-Score:    0.384
   Stability:   1.000
   Alerts/1000: 423.1
   Composite:   0.677

   💾 Best model saved: result/splits_iid_scaling/splits_iid_1024_clients.json/multi_thr/model_round_17.pt
   📊 Metrics saved: result/splits_iid_scaling/splits_iid_1024_clients.json/multi_thr/run_1.json
[36m(ClientAppActor pid=1183490)[0m [Client 88] Data split:[32m [repeated 263x across cluster][0m
[36m(ClientAppActor pid=1183490)[0m    Train:      174 samples (client-local)[32m [repeated 263x across cluster][0m
[36m(ClientAppActor pid=1183490)[0m    Validation: 24 samples (client-local)[32m [repeated 263x across cluster][0m
[36m(ClientAppActor pid=1183490)[0m    Test:       50737 samples (global, shared)[32m [repeated 263x across cluster][0m
[36m(ClientAppActor pid=1183515)[0m [Client 555] Data split:[32m [repeated 269x across cluster][0m[92mINFO [0m:      aggregate_fit: received 819 results and 0 failures
[92mINFO [0m:      configure_evaluate: strategy sampled 1024 clients (out of 1024)
[36m(ClientAppActor pid=1181929)[0m /home/bax9142/federated-edge-learning/.venv/lib64/python3.13/site-packages/sklearn/metrics/_ranking.py:424: UndefinedMetricWarning: Only one class is present in y_true. ROC AUC score is not defined in that case.[32m [repeated 2x across cluster][0m
[36m(ClientAppActor pid=1181929)[0m   warnings.warn([32m [repeated 2x across cluster][0m
[36m(ClientAppActor pid=1183505)[0m /home/bax9142/federated-edge-learning/.venv/lib64/python3.13/site-packages/sklearn/metrics/_ranking.py:424: UndefinedMetricWarning: Only one class is present in y_true. ROC AUC score is not defined in that case.[32m [repeated 5x across cluster][0m
[36m(ClientAppActor pid=1183505)[0m   warnings.warn([32m [repeated 5x across cluster][0m
[36m(ClientAppActor pid=1183528)[0m /home/bax9142/federated-edge-learning/.venv/lib64/python3.13/site-packages/sklearn/metrics/_ranking.py:424: UndefinedMetricWarning: Only one class is present in y_true. ROC AUC score is not defined in that case.[32m [repeated 15x across cluster][0m
[36m(ClientAppActor pid=1183528)[0m   warnings.warn([32m [repeated 15x across cluster][0m
[36m(ClientAppActor pid=1181923)[0m /home/bax9142/federated-edge-learning/.venv/lib64/python3.13/site-packages/sklearn/metrics/_ranking.py:424: UndefinedMetricWarning: Only one class is present in y_true. ROC AUC score is not defined in that case.[32m [repeated 9x across cluster][0m
[36m(ClientAppActor pid=1181923)[0m   warnings.warn([32m [repeated 9x across cluster][0m
[92mINFO [0m:      aggregate_evaluate: received 1024 results and 0 failures
[92mINFO [0m:      
[92mINFO [0m:      [ROUND 19]
[92mINFO [0m:      configure_fit: strategy sampled 819 clients (out of 1024)
[92mINFO [0m:      aggregate_fit: received 819 results and 0 failures
[92mINFO [0m:      configure_evaluate: strategy sampled 1024 clients (out of 1024)
[36m(ClientAppActor pid=1183488)[0m /home/bax9142/federated-edge-learning/.venv/lib64/python3.13/site-packages/sklearn/metrics/_ranking.py:424: UndefinedMetricWarning: Only one class is present in y_true. ROC AUC score is not defined in that case.[32m [repeated 2x across cluster][0m
[36m(ClientAppActor pid=1183488)[0m   warnings.warn([32m [repeated 2x across cluster][0m
[36m(ClientAppActor pid=1183505)[0m /home/bax9142/federated-edge-learning/.venv/lib64/python3.13/site-packages/sklearn/metrics/_ranking.py:424: UndefinedMetricWarning: Only one class is present in y_true. ROC AUC score is not defined in that case.[32m [repeated 11x across cluster][0m
[36m(ClientAppActor pid=1183505)[0m   warnings.warn([32m [repeated 11x across cluster][0m
[36m(ClientAppActor pid=1181925)[0m /home/bax9142/federated-edge-learning/.venv/lib64/python3.13/site-packages/sklearn/metrics/_ranking.py:424: UndefinedMetricWarning: Only one class is present in y_true. ROC AUC score is not defined in that case.[32m [repeated 10x across cluster][0m
[36m(ClientAppActor pid=1181925)[0m   warnings.warn([32m [repeated 10x across cluster][0m
[36m(ClientAppActor pid=1183489)[0m /home/bax9142/federated-edge-learning/.venv/lib64/python3.13/site-packages/sklearn/metrics/_ranking.py:424: UndefinedMetricWarning: Only one class is present in y_true. ROC AUC score is not defined in that case.[32m [repeated 9x across cluster][0m
[36m(ClientAppActor pid=1183489)[0m   warnings.warn([32m [repeated 9x across cluster][0m
[92mINFO [0m:      aggregate_evaluate: received 1024 results and 0 failures

[36m(ClientAppActor pid=1183515)[0m    Train:      173 samples (client-local)[32m [repeated 269x across cluster][0m
[36m(ClientAppActor pid=1183515)[0m    Validation: 24 samples (client-local)[32m [repeated 269x across cluster][0m
[36m(ClientAppActor pid=1183515)[0m    Test:       50737 samples (global, shared)[32m [repeated 269x across cluster][0m
[36m(ClientAppActor pid=1181912)[0m [Client 263] Data split:[32m [repeated 265x across cluster][0m
[36m(ClientAppActor pid=1181912)[0m    Train:      174 samples (client-local)[32m [repeated 265x across cluster][0m
[36m(ClientAppActor pid=1181912)[0m    Validation: 24 samples (client-local)[32m [repeated 265x across cluster][0m
[36m(ClientAppActor pid=1181912)[0m    Test:       50737 samples (global, shared)[32m [repeated 265x across cluster][0m
[36m(ClientAppActor pid=1181923)[0m [Client 353] Data split:[32m [repeated 253x across cluster][0m
[36m(ClientAppActor pid=1181923)[0m    Train:      174 samples (client-local)[32m [repeated 253x across cluster][0m
[36m(ClientAppActor pid=1181923)[0m    Validation: 24 samples (client-local)[32m [repeated 253x across cluster][0m
[36m(ClientAppActor pid=1181923)[0m    Test:       50737 samples (global, shared)[32m [repeated 253x across cluster][0m
[36m(ClientAppActor pid=1181923)[0m [Client 830] Data split:[32m [repeated 258x across cluster][0m
[36m(ClientAppActor pid=1181923)[0m    Train:      173 samples (client-local)[32m [repeated 258x across cluster][0m
[36m(ClientAppActor pid=1181923)[0m    Validation: 24 samples (client-local)[32m [repeated 258x across cluster][0m
[36m(ClientAppActor pid=1181923)[0m    Test:       50737 samples (global, shared)[32m [repeated 258x across cluster][0m
[36m(ClientAppActor pid=1183491)[0m [Client 88] Data split:[32m [repeated 270x across cluster][0m
[36m(ClientAppActor pid=1183491)[0m    Train:      174 samples (client-local)[32m [repeated 270x across cluster][0m
[36m(ClientAppActor pid=1183491)[0m    Validation: 24 samples (client-local)[32m [repeated 270x across cluster][0m
[36m(ClientAppActor pid=1183491)[0m    Test:       50737 samples (global, shared)[32m [repeated 270x across cluster][0m
[36m(ClientAppActor pid=1181923)[0m [Client 241] Data split:[32m [repeated 290x across cluster][0m
[36m(ClientAppActor pid=1181923)[0m    Train:      174 samples (client-local)[32m [repeated 290x across cluster][0m
[36m(ClientAppActor pid=1181923)[0m    Validation: 24 samples (client-local)[32m [repeated 290x across cluster][0m
[36m(ClientAppActor pid=1181923)[0m    Test:       50737 samples (global, shared)[32m [repeated 290x across cluster][0m

🎯 Multi-Threshold Aggregation:
   ═══════════════════════════════════════════════
   Evaluated 10 thresholds:
     • Thr=0.30: Recall=0.938, Spec=0.377, F1=0.324
     • Thr=0.35: Recall=0.916, Spec=0.434, F1=0.339
     • Thr=0.40: Recall=0.887, Spec=0.488, F1=0.351
   ...

   BEST Threshold: 0.55
     • Recall:      0.775
     • Specificity: 0.639
     • F1-Score:    0.387
     • Score:       0.676
   ═══════════════════════════════════════════════

⚠️  No rounds meet spec≥0.7, using recall filter only
 6 Pareto-optimal rounds (not dominated in recall & spec)

🎯 SELECTED ROUND 18:
   Recall:     0.775
   Specificity: 0.639
   F1-Score:    0.387
   Stability:   1.000
   Alerts/1000: 419.1
   Composite:   0.679


✅ Round 18 is NEW BEST - Saving checkpoint...
   💾 Checkpoint saved: result/splits_iid_scaling/splits_iid_1024_clients.json/multi_thr/model_round_18.pt
⚠️  No rounds meet spec≥0.7, using recall filter only
 6 Pareto-optimal rounds (not dominated in recall & spec)

🎯 SELECTED ROUND 18:
   Recall:     0.775
   Specificity: 0.639
   F1-Score:    0.387
   Stability:   1.000
   Alerts/1000: 419.1
   Composite:   0.679

   💾 Best model saved: result/splits_iid_scaling/splits_iid_1024_clients.json/multi_thr/model_round_18.pt
   📊 Metrics saved: result/splits_iid_scaling/splits_iid_1024_clients.json/multi_thr/run_1.json
[36m(ClientAppActor pid=1181918)[0m [Client 197] Data split:[32m [repeated 259x across cluster][0m
[36m(ClientAppActor pid=1181918)[0m    Train:      174 samples (client-local)[32m [repeated 259x across cluster][0m
[36m(ClientAppActor pid=1181918)[0m    Validation: 24 samples (client-local)[32m [repeated 259x across cluster][0m
[36m(ClientAppActor pid=1181918)[0m    Test:       50737 samples (global, shared)[32m [repeated 259x across cluster][0m
[36m(ClientAppActor pid=1181918)[0m [Client 375] Data split:[32m [repeated 285x across cluster][0m
[36m(ClientAppActor pid=1181918)[0m    Train:      174 samples (client-local)[32m [repeated 285x across cluster][0m
[36m(ClientAppActor pid=1181918)[0m    Validation: 24 samples (client-local)[32m [repeated 285x across cluster][0m
[36m(ClientAppActor pid=1181918)[0m    Test:       50737 samples (global, shared)[32m [repeated 285x across cluster][0m
[36m(ClientAppActor pid=1181918)[0m [Client 864] Data split:[32m [repeated 280x across cluster][0m
[36m(ClientAppActor pid=1181918)[0m    Train:      173 samples (client-local)[32m [repeated 280x across cluster][0m
[36m(ClientAppActor pid=1181918)[0m    Validation: 24 samples (client-local)[32m [repeated 280x across cluster][0m
[36m(ClientAppActor pid=1181918)[0m    Test:       50737 samples (global, shared)[32m [repeated 280x across cluster][0m
[36m(ClientAppActor pid=1181928)[0m [Client 162] Data split:[32m [repeated 257x across cluster][0m
[36m(ClientAppActor pid=1181928)[0m    Train:      174 samples (client-local)[32m [repeated 257x across cluster][0m
[36m(ClientAppActor pid=1181928)[0m    Validation: 24 samples (client-local)[32m [repeated 257x across cluster][0m
[36m(ClientAppActor pid=1181928)[0m    Test:       50737 samples (global, shared)[32m [repeated 257x across cluster][0m
[36m(ClientAppActor pid=1181923)[0m [Client 83] Data split:[32m [repeated 274x across cluster][0m
[36m(ClientAppActor pid=1181923)[0m    Train:      174 samples (client-local)[32m [repeated 274x across cluster][0m
[36m(ClientAppActor pid=1181923)[0m    Validation: 24 samples (client-local)[32m [repeated 274x across cluster][0m
[36m(ClientAppActor pid=1181923)[0m    Test:       50737 samples (global, shared)[32m [repeated 274x across cluster][0m
[36m(ClientAppActor pid=1181923)[0m [Client 146] Data split:[32m [repeated 292x across cluster][0m
[36m(ClientAppActor pid=1181923)[0m    Train:      174 samples (client-local)[32m [repeated 292x across cluster][0m
[36m(ClientAppActor pid=1181923)[0m    Validation: 24 samples (client-local)[32m [repeated 292x across cluster][0m
[36m(ClientAppActor pid=1181923)[0m    Test:       50737 samples (global, shared)[32m [repeated 292x across cluster][0m
[36m(ClientAppActor pid=1181923)[0m [Client 556] Data split:[32m [repeated 277x across cluster][0m
[36m(ClientAppActor pid=1181923)[0m    Train:      173 samples (client-local)[32m [repeated 277x across cluster][0m
[36m(ClientAppActor pid=1181923)[0m    Validation: 24 samples (client-local)[32m [repeated 277x across cluster][0m
[36m(ClientAppActor pid=1181923)[0m    Test:       50737 samples (global, shared)[32m [repeated 277x across cluster][0m

🎯 Multi-Threshold Aggregation:
   ═══════════════════════════════════════════════
   Evaluated 10 thresholds:
     • Thr=0.30: Recall=0.940, Spec=0.381, F1=0.326
     • Thr=0.35: Recall=0.917, Spec=0.437, F1=0.340
     • Thr=0.40: Recall=0.889, Spec=0.490, F1=0.353
   ...

   BEST Threshold: 0.55
     • Recall:      0.775
     • Specificity: 0.641
     • F1-Score:    0.388
     • Score:       0.677
   ═══════════════════════════════════════════════

⚠️  No rounds meet spec≥0.7, using recall filter only[92mINFO [0m:      
[92mINFO [0m:      [ROUND 20]
[92mINFO [0m:      configure_fit: strategy sampled 819 clients (out of 1024)
[92mINFO [0m:      aggregate_fit: received 819 results and 0 failures
[92mINFO [0m:      configure_evaluate: strategy sampled 1024 clients (out of 1024)
[36m(ClientAppActor pid=1181926)[0m /home/bax9142/federated-edge-learning/.venv/lib64/python3.13/site-packages/sklearn/metrics/_ranking.py:424: UndefinedMetricWarning: Only one class is present in y_true. ROC AUC score is not defined in that case.
[36m(ClientAppActor pid=1181926)[0m   warnings.warn(
[36m(ClientAppActor pid=1181928)[0m /home/bax9142/federated-edge-learning/.venv/lib64/python3.13/site-packages/sklearn/metrics/_ranking.py:424: UndefinedMetricWarning: Only one class is present in y_true. ROC AUC score is not defined in that case.
[36m(ClientAppActor pid=1181928)[0m   warnings.warn(
[36m(ClientAppActor pid=1183528)[0m /home/bax9142/federated-edge-learning/.venv/lib64/python3.13/site-packages/sklearn/metrics/_ranking.py:424: UndefinedMetricWarning: Only one class is present in y_true. ROC AUC score is not defined in that case.[32m [repeated 5x across cluster][0m
[36m(ClientAppActor pid=1183528)[0m   warnings.warn([32m [repeated 5x across cluster][0m
[36m(ClientAppActor pid=1183525)[0m /home/bax9142/federated-edge-learning/.venv/lib64/python3.13/site-packages/sklearn/metrics/_ranking.py:424: UndefinedMetricWarning: Only one class is present in y_true. ROC AUC score is not defined in that case.[32m [repeated 11x across cluster][0m
[36m(ClientAppActor pid=1183525)[0m   warnings.warn([32m [repeated 11x across cluster][0m
[36m(ClientAppActor pid=1183490)[0m /home/bax9142/federated-edge-learning/.venv/lib64/python3.13/site-packages/sklearn/metrics/_ranking.py:424: UndefinedMetricWarning: Only one class is present in y_true. ROC AUC score is not defined in that case.[32m [repeated 11x across cluster][0m
[36m(ClientAppActor pid=1183490)[0m   warnings.warn([32m [repeated 11x across cluster][0m
[92mINFO [0m:      aggregate_evaluate: received 1024 results and 0 failures
[92mINFO [0m:      
[92mINFO [0m:      [ROUND 21]
[92mINFO [0m:      configure_fit: strategy sampled 819 clients (out of 1024)
[92mINFO [0m:      aggregate_fit: received 819 results and 0 failures
[92mINFO [0m:      configure_evaluate: strategy sampled 1024 clients (out of 1024)
[36m(ClientAppActor pid=1183528)[0m /home/bax9142/federated-edge-learning/.venv/lib64/python3.13/site-packages/sklearn/metrics/_ranking.py:424: UndefinedMetricWarning: Only one class is present in y_true. ROC AUC score is not defined in that case.[32m [repeated 3x across cluster][0m
[36m(ClientAppActor pid=1183528)[0m   warnings.warn([32m [repeated 3x across cluster][0m
[36m(ClientAppActor pid=1181928)[0m /home/bax9142/federated-edge-learning/.venv/lib64/python3.13/site-packages/sklearn/metrics/_ranking.py:424: UndefinedMetricWarning: Only one class is present in y_true. ROC AUC score is not defined in that case.[32m [repeated 7x across cluster][0m
[36m(ClientAppActor pid=1181928)[0m   warnings.warn([32m [repeated 7x across cluster][0m
[36m(ClientAppActor pid=1181931)[0m /home/bax9142/federated-edge-learning/.venv/lib64/python3.13/site-packages/sklearn/metrics/_ranking.py:424: UndefinedMetricWarning: Only one class is present in y_true. ROC AUC score is not defined in that case.[32m [repeated 12x across cluster][0m
[36m(ClientAppActor pid=1181931)[0m   warnings.warn([32m [repeated 12x across cluster][0m

 6 Pareto-optimal rounds (not dominated in recall & spec)

🎯 SELECTED ROUND 19:
   Recall:     0.775
   Specificity: 0.641
   F1-Score:    0.388
   Stability:   1.000
   Alerts/1000: 417.1
   Composite:   0.680


✅ Round 19 is NEW BEST - Saving checkpoint...
   💾 Checkpoint saved: result/splits_iid_scaling/splits_iid_1024_clients.json/multi_thr/model_round_19.pt
⚠️  No rounds meet spec≥0.7, using recall filter only
 6 Pareto-optimal rounds (not dominated in recall & spec)

🎯 SELECTED ROUND 19:
   Recall:     0.775
   Specificity: 0.641
   F1-Score:    0.388
   Stability:   1.000
   Alerts/1000: 417.1
   Composite:   0.680

   💾 Best model saved: result/splits_iid_scaling/splits_iid_1024_clients.json/multi_thr/model_round_19.pt
   📊 Metrics saved: result/splits_iid_scaling/splits_iid_1024_clients.json/multi_thr/run_1.json
[36m(ClientAppActor pid=1183489)[0m [Client 259] Data split:[32m [repeated 256x across cluster][0m
[36m(ClientAppActor pid=1183489)[0m    Train:      174 samples (client-local)[32m [repeated 256x across cluster][0m
[36m(ClientAppActor pid=1183489)[0m    Validation: 24 samples (client-local)[32m [repeated 256x across cluster][0m
[36m(ClientAppActor pid=1183489)[0m    Test:       50737 samples (global, shared)[32m [repeated 256x across cluster][0m
[36m(ClientAppActor pid=1181931)[0m [Client 706] Data split:[32m [repeated 277x across cluster][0m
[36m(ClientAppActor pid=1181931)[0m    Train:      173 samples (client-local)[32m [repeated 277x across cluster][0m
[36m(ClientAppActor pid=1181931)[0m    Validation: 24 samples (client-local)[32m [repeated 277x across cluster][0m
[36m(ClientAppActor pid=1181931)[0m    Test:       50737 samples (global, shared)[32m [repeated 277x across cluster][0m
[36m(ClientAppActor pid=1181912)[0m [Client 940] Data split:[32m [repeated 269x across cluster][0m
[36m(ClientAppActor pid=1181912)[0m    Train:      173 samples (client-local)[32m [repeated 269x across cluster][0m
[36m(ClientAppActor pid=1181912)[0m    Validation: 24 samples (client-local)[32m [repeated 269x across cluster][0m
[36m(ClientAppActor pid=1181912)[0m    Test:       50737 samples (global, shared)[32m [repeated 269x across cluster][0m
[36m(ClientAppActor pid=1181915)[0m [Client 1000] Data split:[32m [repeated 229x across cluster][0m
[36m(ClientAppActor pid=1181915)[0m    Train:      173 samples (client-local)[32m [repeated 229x across cluster][0m
[36m(ClientAppActor pid=1181915)[0m    Validation: 24 samples (client-local)[32m [repeated 229x across cluster][0m
[36m(ClientAppActor pid=1181915)[0m    Test:       50737 samples (global, shared)[32m [repeated 229x across cluster][0m
[36m(ClientAppActor pid=1183497)[0m [Client 284] Data split:[32m [repeated 275x across cluster][0m
[36m(ClientAppActor pid=1183497)[0m    Train:      174 samples (client-local)[32m [repeated 275x across cluster][0m
[36m(ClientAppActor pid=1183497)[0m    Validation: 24 samples (client-local)[32m [repeated 275x across cluster][0m
[36m(ClientAppActor pid=1183497)[0m    Test:       50737 samples (global, shared)[32m [repeated 275x across cluster][0m
[36m(ClientAppActor pid=1181930)[0m [Client 10] Data split:[32m [repeated 286x across cluster][0m
[36m(ClientAppActor pid=1181930)[0m    Train:      174 samples (client-local)[32m [repeated 286x across cluster][0m
[36m(ClientAppActor pid=1181930)[0m    Validation: 24 samples (client-local)[32m [repeated 286x across cluster][0m
[36m(ClientAppActor pid=1181930)[0m    Test:       50737 samples (global, shared)[32m [repeated 286x across cluster][0m
[36m(ClientAppActor pid=1183489)[0m [Client 43] Data split:[32m [repeated 271x across cluster][0m
[36m(ClientAppActor pid=1183489)[0m    Train:      174 samples (client-local)[32m [repeated 271x across cluster][0m
[36m(ClientAppActor pid=1183489)[0m    Validation: 24 samples (client-local)[32m [repeated 271x across cluster][0m
[36m(ClientAppActor pid=1183489)[0m    Test:       50737 samples (global, shared)[32m [repeated 271x across cluster][0m

🎯 Multi-Threshold Aggregation:
   ═══════════════════════════════════════════════
   Evaluated 10 thresholds:
     • Thr=0.30: Recall=0.941, Spec=0.384, F1=0.327
     • Thr=0.35: Recall=0.918, Spec=0.440, F1=0.342
     • Thr=0.40: Recall=0.890, Spec=0.492, F1=0.354
   ...

   BEST Threshold: 0.55
     • Recall:      0.773
     • Specificity: 0.643
     • F1-Score:    0.389
     • Score:       0.677
   ═══════════════════════════════════════════════

⚠️  No rounds meet spec≥0.7, using recall filter only
 7 Pareto-optimal rounds (not dominated in recall & spec)

🎯 SELECTED ROUND 20:
   Recall:     0.773
   Specificity: 0.643
   F1-Score:    0.389
   Stability:   1.000
   Alerts/1000: 414.9
   Composite:   0.680


✅ Round 20 is NEW BEST - Saving checkpoint...
   💾 Checkpoint saved: result/splits_iid_scaling/splits_iid_1024_clients.json/multi_thr/model_round_20.pt
⚠️  No rounds meet spec≥0.7, using recall filter only
 7 Pareto-optimal rounds (not dominated in recall & spec)

🎯 SELECTED ROUND 20:
   Recall:     0.773
   Specificity: 0.643
   F1-Score:    0.389
   Stability:   1.000
   Alerts/1000: 414.9
   Composite:   0.680

   💾 Best model saved: result/splits_iid_scaling/splits_iid_1024_clients.json/multi_thr/model_round_20.pt
   📊 Metrics saved: result/splits_iid_scaling/splits_iid_1024_clients.json/multi_thr/run_1.json
[36m(ClientAppActor pid=1181912)[0m [Client 287] Data split:[32m [repeated 260x across cluster][0m
[36m(ClientAppActor pid=1181912)[0m    Train:      174 samples (client-local)[32m [repeated 260x across cluster][0m
[36m(ClientAppActor pid=1181912)[0m    Validation: 24 samples (client-local)[32m [repeated 260x across cluster][0m
[36m(ClientAppActor pid=1181912)[0m    Test:       50737 samples (global, shared)[32m [repeated 260x across cluster][0m
[36m(ClientAppActor pid=1181931)[0m [Client 23] Data split:[32m [repeated 269x across cluster][0m
[36m(ClientAppActor pid=1181931)[0m    Train:      174 samples (client-local)[32m [repeated 269x across cluster][0m
[36m(ClientAppActor pid=1181931)[0m    Validation: 24 samples (client-local)[32m [repeated 269x across cluster][0m
[36m(ClientAppActor pid=1181931)[0m    Test:       50737 samples (global, shared)[32m [repeated 269x across cluster][0m
[36m(ClientAppActor pid=1181931)[0m [Client 960] Data split:[32m [repeated 285x across cluster][0m
[36m(ClientAppActor pid=1181931)[0m    Train:      173 samples (client-local)[32m [repeated 285x across cluster][0m
[36m(ClientAppActor pid=1181931)[0m    Validation: 24 samples (client-local)[32m [repeated 285x across cluster][0m
[36m(ClientAppActor pid=1181931)[0m    Test:       50737 samples (global, shared)[32m [repeated 285x across cluster][0m
[36m(ClientAppActor pid=1183505)[0m [Client 811] Data split:[32m [repeated 241x across cluster][0m
[36m(ClientAppActor pid=1183505)[0m    Train:      173 samples (client-local)[32m [repeated 241x across cluster][0m
[36m(ClientAppActor pid=1183505)[0m    Validation: 24 samples (client-local)[32m [repeated 241x across cluster][0m
[36m(ClientAppActor pid=1183505)[0m    Test:       50737 samples (global, shared)[32m [repeated 241x across cluster][0m
[36m(ClientAppActor pid=1181923)[0m [Client 51] Data split:[32m [repeated 284x across cluster][0m
[36m(ClientAppActor pid=1181923)[0m    Train:      174 samples (client-local)[32m [repeated 284x across cluster][0m
[36m(ClientAppActor pid=1181923)[0m    Validation: 24 samples (client-local)[32m [repeated 284x across cluster][0m
[36m(ClientAppActor pid=1181923)[0m    Test:       50737 samples (global, shared)[32m [repeated 284x across cluster][0m
[36m(ClientAppActor pid=1181918)[0m [Client 541] Data split:[32m [repeated 283x across cluster][0m
[36m(ClientAppActor pid=1181918)[0m    Train:      173 samples (client-local)[32m [repeated 283x across cluster][0m[36m(ClientAppActor pid=1183528)[0m /home/bax9142/federated-edge-learning/.venv/lib64/python3.13/site-packages/sklearn/metrics/_ranking.py:424: UndefinedMetricWarning: Only one class is present in y_true. ROC AUC score is not defined in that case.[32m [repeated 9x across cluster][0m
[36m(ClientAppActor pid=1183528)[0m   warnings.warn([32m [repeated 9x across cluster][0m
[92mINFO [0m:      aggregate_evaluate: received 1024 results and 0 failures
[92mINFO [0m:      
[92mINFO [0m:      [ROUND 22]
[92mINFO [0m:      configure_fit: strategy sampled 819 clients (out of 1024)
[92mINFO [0m:      aggregate_fit: received 819 results and 0 failures
[92mINFO [0m:      configure_evaluate: strategy sampled 1024 clients (out of 1024)
[36m(ClientAppActor pid=1183490)[0m /home/bax9142/federated-edge-learning/.venv/lib64/python3.13/site-packages/sklearn/metrics/_ranking.py:424: UndefinedMetricWarning: Only one class is present in y_true. ROC AUC score is not defined in that case.[32m [repeated 3x across cluster][0m
[36m(ClientAppActor pid=1183490)[0m   warnings.warn([32m [repeated 3x across cluster][0m
[36m(ClientAppActor pid=1183520)[0m /home/bax9142/federated-edge-learning/.venv/lib64/python3.13/site-packages/sklearn/metrics/_ranking.py:424: UndefinedMetricWarning: Only one class is present in y_true. ROC AUC score is not defined in that case.[32m [repeated 7x across cluster][0m
[36m(ClientAppActor pid=1183520)[0m   warnings.warn([32m [repeated 7x across cluster][0m
[36m(ClientAppActor pid=1183496)[0m /home/bax9142/federated-edge-learning/.venv/lib64/python3.13/site-packages/sklearn/metrics/_ranking.py:424: UndefinedMetricWarning: Only one class is present in y_true. ROC AUC score is not defined in that case.[32m [repeated 18x across cluster][0m
[36m(ClientAppActor pid=1183496)[0m   warnings.warn([32m [repeated 18x across cluster][0m
[92mINFO [0m:      aggregate_evaluate: received 1024 results and 0 failures
[92mINFO [0m:      
[92mINFO [0m:      [ROUND 23]
[92mINFO [0m:      configure_fit: strategy sampled 819 clients (out of 1024)
[92mINFO [0m:      aggregate_fit: received 819 results and 0 failures
[92mINFO [0m:      configure_evaluate: strategy sampled 1024 clients (out of 1024)
[36m(ClientAppActor pid=1183537)[0m /home/bax9142/federated-edge-learning/.venv/lib64/python3.13/site-packages/sklearn/metrics/_ranking.py:424: UndefinedMetricWarning: Only one class is present in y_true. ROC AUC score is not defined in that case.[32m [repeated 6x across cluster][0m
[36m(ClientAppActor pid=1183537)[0m   warnings.warn([32m [repeated 6x across cluster][0m

[36m(ClientAppActor pid=1181918)[0m    Validation: 24 samples (client-local)[32m [repeated 283x across cluster][0m
[36m(ClientAppActor pid=1181918)[0m    Test:       50737 samples (global, shared)[32m [repeated 283x across cluster][0m

🎯 Multi-Threshold Aggregation:
   ═══════════════════════════════════════════════
   Evaluated 10 thresholds:
     • Thr=0.30: Recall=0.942, Spec=0.387, F1=0.329
     • Thr=0.35: Recall=0.918, Spec=0.444, F1=0.343
     • Thr=0.40: Recall=0.890, Spec=0.495, F1=0.355
   ...

   BEST Threshold: 0.55
     • Recall:      0.771
     • Specificity: 0.646
     • F1-Score:    0.390
     • Score:       0.678
   ═══════════════════════════════════════════════

⚠️  No rounds meet spec≥0.7, using recall filter only
 8 Pareto-optimal rounds (not dominated in recall & spec)

🎯 SELECTED ROUND 21:
   Recall:     0.771
   Specificity: 0.646
   F1-Score:    0.390
   Stability:   1.000
   Alerts/1000: 412.0
   Composite:   0.680


✅ Round 21 is NEW BEST - Saving checkpoint...
   💾 Checkpoint saved: result/splits_iid_scaling/splits_iid_1024_clients.json/multi_thr/model_round_21.pt
⚠️  No rounds meet spec≥0.7, using recall filter only
 8 Pareto-optimal rounds (not dominated in recall & spec)

🎯 SELECTED ROUND 21:
   Recall:     0.771
   Specificity: 0.646
   F1-Score:    0.390
   Stability:   1.000
   Alerts/1000: 412.0
   Composite:   0.680

   💾 Best model saved: result/splits_iid_scaling/splits_iid_1024_clients.json/multi_thr/model_round_21.pt
   📊 Metrics saved: result/splits_iid_scaling/splits_iid_1024_clients.json/multi_thr/run_1.json
[36m(ClientAppActor pid=1181918)[0m [Client 743] Data split:[32m [repeated 273x across cluster][0m
[36m(ClientAppActor pid=1181918)[0m    Train:      173 samples (client-local)[32m [repeated 273x across cluster][0m
[36m(ClientAppActor pid=1181918)[0m    Validation: 24 samples (client-local)[32m [repeated 273x across cluster][0m
[36m(ClientAppActor pid=1181918)[0m    Test:       50737 samples (global, shared)[32m [repeated 273x across cluster][0m
[36m(ClientAppActor pid=1181925)[0m [Client 148] Data split:[32m [repeated 277x across cluster][0m
[36m(ClientAppActor pid=1181925)[0m    Train:      174 samples (client-local)[32m [repeated 277x across cluster][0m
[36m(ClientAppActor pid=1181925)[0m    Validation: 24 samples (client-local)[32m [repeated 277x across cluster][0m
[36m(ClientAppActor pid=1181925)[0m    Test:       50737 samples (global, shared)[32m [repeated 277x across cluster][0m
[36m(ClientAppActor pid=1181918)[0m [Client 527] Data split:[32m [repeated 290x across cluster][0m
[36m(ClientAppActor pid=1181918)[0m    Train:      173 samples (client-local)[32m [repeated 290x across cluster][0m
[36m(ClientAppActor pid=1181918)[0m    Validation: 24 samples (client-local)[32m [repeated 290x across cluster][0m
[36m(ClientAppActor pid=1181918)[0m    Test:       50737 samples (global, shared)[32m [repeated 290x across cluster][0m
[36m(ClientAppActor pid=1181912)[0m [Client 137] Data split:[32m [repeated 241x across cluster][0m
[36m(ClientAppActor pid=1181912)[0m    Train:      174 samples (client-local)[32m [repeated 241x across cluster][0m
[36m(ClientAppActor pid=1181912)[0m    Validation: 24 samples (client-local)[32m [repeated 241x across cluster][0m
[36m(ClientAppActor pid=1181912)[0m    Test:       50737 samples (global, shared)[32m [repeated 241x across cluster][0m
[36m(ClientAppActor pid=1181928)[0m [Client 188] Data split:[32m [repeated 289x across cluster][0m
[36m(ClientAppActor pid=1181928)[0m    Train:      174 samples (client-local)[32m [repeated 289x across cluster][0m
[36m(ClientAppActor pid=1181928)[0m    Validation: 24 samples (client-local)[32m [repeated 289x across cluster][0m
[36m(ClientAppActor pid=1181928)[0m    Test:       50737 samples (global, shared)[32m [repeated 289x across cluster][0m
[36m(ClientAppActor pid=1181923)[0m [Client 147] Data split:[32m [repeated 279x across cluster][0m
[36m(ClientAppActor pid=1181923)[0m    Train:      174 samples (client-local)[32m [repeated 279x across cluster][0m
[36m(ClientAppActor pid=1181923)[0m    Validation: 24 samples (client-local)[32m [repeated 279x across cluster][0m
[36m(ClientAppActor pid=1181923)[0m    Test:       50737 samples (global, shared)[32m [repeated 279x across cluster][0m
[36m(ClientAppActor pid=1181915)[0m [Client 759] Data split:[32m [repeated 283x across cluster][0m
[36m(ClientAppActor pid=1181915)[0m    Train:      173 samples (client-local)[32m [repeated 283x across cluster][0m
[36m(ClientAppActor pid=1181915)[0m    Validation: 24 samples (client-local)[32m [repeated 283x across cluster][0m
[36m(ClientAppActor pid=1181915)[0m    Test:       50737 samples (global, shared)[32m [repeated 283x across cluster][0m

🎯 Multi-Threshold Aggregation:
   ═══════════════════════════════════════════════
   Evaluated 10 thresholds:
     • Thr=0.30: Recall=0.941, Spec=0.390, F1=0.330
     • Thr=0.35: Recall=0.917, Spec=0.446, F1=0.344
     • Thr=0.40: Recall=0.891, Spec=0.497, F1=0.357
   ...

   BEST Threshold: 0.55
     • Recall:      0.774
     • Specificity: 0.648
     • F1-Score:    0.392
     • Score:       0.679
   ═══════════════════════════════════════════════

⚠️  No rounds meet spec≥0.7, using recall filter only
 7 Pareto-optimal rounds (not dominated in recall & spec)

🎯 SELECTED ROUND 22:
   Recall:     0.774
   Specificity: 0.648
   F1-Score:    0.392
   Stability:   1.000
   Alerts/1000: 411.2
   Composite:   0.682


✅ Round 22 is NEW BEST - Saving checkpoint...
   💾 Checkpoint saved: result/splits_iid_scaling/splits_iid_1024_clients.json/multi_thr/model_round_22.pt
⚠️  No rounds meet spec≥0.7, using recall filter only
 7 Pareto-optimal rounds (not dominated in recall & spec)

🎯 SELECTED ROUND 22:
   Recall:     0.774
   Specificity: 0.648
   F1-Score:    0.392
   Stability:   1.000
   Alerts/1000: 411.2
   Composite:   0.682

   💾 Best model saved: result/splits_iid_scaling/splits_iid_1024_clients.json/multi_thr/model_round_22.pt
   📊 Metrics saved: result/splits_iid_scaling/splits_iid_1024_clients.json/multi_thr/run_1.json
[36m(ClientAppActor pid=1181918)[0m [Client 683] Data split:[32m [repeated 269x across cluster][0m
[36m(ClientAppActor pid=1181918)[0m    Train:      173 samples (client-local)[32m [repeated 269x across cluster][0m
[36m(ClientAppActor pid=1181918)[0m    Validation: 24 samples (client-local)[32m [repeated 269x across cluster][0m
[36m(ClientAppActor pid=1181918)[0m    Test:       50737 samples (global, shared)[32m [repeated 269x across cluster][0m
[36m(ClientAppActor pid=1181912)[0m [Client 397] Data split:[32m [repeated 272x across cluster][0m
[36m(ClientAppActor pid=1181912)[0m    Train:      174 samples (client-local)[32m [repeated 272x across cluster][0m
[36m(ClientAppActor pid=1181912)[0m    Validation: 24 samples (client-local)[32m [repeated 272x across cluster][0m
[36m(ClientAppActor pid=1181912)[0m    Test:       50737 samples (global, shared)[32m [repeated 272x across cluster][0m
[36m(ClientAppActor pid=1181912)[0m [Client 74] Data split:[32m [repeated 277x across cluster][0m
[36m(ClientAppActor pid=1181912)[0m    Train:      174 samples (client-local)[32m [repeated 277x across cluster][0m
[36m(ClientAppActor pid=1181912)[0m    Validation: 24 samples (client-local)[32m [repeated 277x across cluster][0m
[36m(ClientAppActor pid=1181912)[0m    Test:       50737 samples (global, shared)[32m [repeated 277x across cluster][0m
[36m(ClientAppActor pid=1181929)[0m [Client 48] Data split:[32m [repeated 238x across cluster][0m
[36m(ClientAppActor pid=1181929)[0m    Train:      174 samples (client-local)[32m [repeated 238x across cluster][0m[36m(ClientAppActor pid=1183375)[0m /home/bax9142/federated-edge-learning/.venv/lib64/python3.13/site-packages/sklearn/metrics/_ranking.py:424: UndefinedMetricWarning: Only one class is present in y_true. ROC AUC score is not defined in that case.[32m [repeated 12x across cluster][0m
[36m(ClientAppActor pid=1183375)[0m   warnings.warn([32m [repeated 12x across cluster][0m
[36m(ClientAppActor pid=1183498)[0m /home/bax9142/federated-edge-learning/.venv/lib64/python3.13/site-packages/sklearn/metrics/_ranking.py:424: UndefinedMetricWarning: Only one class is present in y_true. ROC AUC score is not defined in that case.[32m [repeated 13x across cluster][0m
[36m(ClientAppActor pid=1183498)[0m   warnings.warn([32m [repeated 13x across cluster][0m
[36m(ClientAppActor pid=1183529)[0m /home/bax9142/federated-edge-learning/.venv/lib64/python3.13/site-packages/sklearn/metrics/_ranking.py:424: UndefinedMetricWarning: Only one class is present in y_true. ROC AUC score is not defined in that case.[32m [repeated 4x across cluster][0m
[36m(ClientAppActor pid=1183529)[0m   warnings.warn([32m [repeated 4x across cluster][0m
[92mINFO [0m:      aggregate_evaluate: received 1024 results and 0 failures
[92mINFO [0m:      
[92mINFO [0m:      [ROUND 24]
[92mINFO [0m:      configure_fit: strategy sampled 819 clients (out of 1024)
[92mINFO [0m:      aggregate_fit: received 819 results and 0 failures
[92mINFO [0m:      configure_evaluate: strategy sampled 1024 clients (out of 1024)
[36m(ClientAppActor pid=1181912)[0m /home/bax9142/federated-edge-learning/.venv/lib64/python3.13/site-packages/sklearn/metrics/_ranking.py:424: UndefinedMetricWarning: Only one class is present in y_true. ROC AUC score is not defined in that case.[32m [repeated 2x across cluster][0m
[36m(ClientAppActor pid=1181912)[0m   warnings.warn([32m [repeated 2x across cluster][0m
[36m(ClientAppActor pid=1183537)[0m /home/bax9142/federated-edge-learning/.venv/lib64/python3.13/site-packages/sklearn/metrics/_ranking.py:424: UndefinedMetricWarning: Only one class is present in y_true. ROC AUC score is not defined in that case.[32m [repeated 16x across cluster][0m
[36m(ClientAppActor pid=1183537)[0m   warnings.warn([32m [repeated 16x across cluster][0m
[36m(ClientAppActor pid=1183524)[0m /home/bax9142/federated-edge-learning/.venv/lib64/python3.13/site-packages/sklearn/metrics/_ranking.py:424: UndefinedMetricWarning: Only one class is present in y_true. ROC AUC score is not defined in that case.[32m [repeated 9x across cluster][0m
[36m(ClientAppActor pid=1183524)[0m   warnings.warn([32m [repeated 9x across cluster][0m
[92mINFO [0m:      aggregate_evaluate: received 1024 results and 0 failures
[92mINFO [0m:      
[92mINFO [0m:      [ROUND 25]
[92mINFO [0m:      configure_fit: strategy sampled 819 clients (out of 1024)

[36m(ClientAppActor pid=1181929)[0m    Validation: 24 samples (client-local)[32m [repeated 238x across cluster][0m
[36m(ClientAppActor pid=1181929)[0m    Test:       50737 samples (global, shared)[32m [repeated 238x across cluster][0m
[36m(ClientAppActor pid=1181918)[0m [Client 884] Data split:[32m [repeated 286x across cluster][0m
[36m(ClientAppActor pid=1181918)[0m    Train:      173 samples (client-local)[32m [repeated 286x across cluster][0m
[36m(ClientAppActor pid=1181918)[0m    Validation: 24 samples (client-local)[32m [repeated 286x across cluster][0m
[36m(ClientAppActor pid=1181918)[0m    Test:       50737 samples (global, shared)[32m [repeated 286x across cluster][0m
[36m(ClientAppActor pid=1181918)[0m [Client 551] Data split:[32m [repeated 276x across cluster][0m
[36m(ClientAppActor pid=1181918)[0m    Train:      173 samples (client-local)[32m [repeated 276x across cluster][0m
[36m(ClientAppActor pid=1181918)[0m    Validation: 24 samples (client-local)[32m [repeated 276x across cluster][0m
[36m(ClientAppActor pid=1181918)[0m    Test:       50737 samples (global, shared)[32m [repeated 276x across cluster][0m
[36m(ClientAppActor pid=1181930)[0m [Client 37] Data split:[32m [repeated 280x across cluster][0m
[36m(ClientAppActor pid=1181930)[0m    Train:      174 samples (client-local)[32m [repeated 280x across cluster][0m
[36m(ClientAppActor pid=1181930)[0m    Validation: 24 samples (client-local)[32m [repeated 280x across cluster][0m
[36m(ClientAppActor pid=1181930)[0m    Test:       50737 samples (global, shared)[32m [repeated 280x across cluster][0m

🎯 Multi-Threshold Aggregation:
   ═══════════════════════════════════════════════
   Evaluated 10 thresholds:
     • Thr=0.30: Recall=0.942, Spec=0.393, F1=0.331
     • Thr=0.35: Recall=0.918, Spec=0.448, F1=0.345
     • Thr=0.40: Recall=0.891, Spec=0.499, F1=0.358
   ...

   BEST Threshold: 0.55
     • Recall:      0.773
     • Specificity: 0.650
     • F1-Score:    0.393
     • Score:       0.680
   ═══════════════════════════════════════════════

⚠️  No rounds meet spec≥0.7, using recall filter only
 8 Pareto-optimal rounds (not dominated in recall & spec)

🎯 SELECTED ROUND 23:
   Recall:     0.773
   Specificity: 0.650
   F1-Score:    0.393
   Stability:   1.000
   Alerts/1000: 409.3
   Composite:   0.683


✅ Round 23 is NEW BEST - Saving checkpoint...
   💾 Checkpoint saved: result/splits_iid_scaling/splits_iid_1024_clients.json/multi_thr/model_round_23.pt
⚠️  No rounds meet spec≥0.7, using recall filter only
 8 Pareto-optimal rounds (not dominated in recall & spec)

🎯 SELECTED ROUND 23:
   Recall:     0.773
   Specificity: 0.650
   F1-Score:    0.393
   Stability:   1.000
   Alerts/1000: 409.3
   Composite:   0.683

   💾 Best model saved: result/splits_iid_scaling/splits_iid_1024_clients.json/multi_thr/model_round_23.pt
   📊 Metrics saved: result/splits_iid_scaling/splits_iid_1024_clients.json/multi_thr/run_1.json
[36m(ClientAppActor pid=1183491)[0m [Client 978] Data split:[32m [repeated 255x across cluster][0m
[36m(ClientAppActor pid=1183491)[0m    Train:      173 samples (client-local)[32m [repeated 255x across cluster][0m
[36m(ClientAppActor pid=1183491)[0m    Validation: 24 samples (client-local)[32m [repeated 255x across cluster][0m
[36m(ClientAppActor pid=1183491)[0m    Test:       50737 samples (global, shared)[32m [repeated 255x across cluster][0m
[36m(ClientAppActor pid=1181908)[0m [Client 131] Data split:[32m [repeated 275x across cluster][0m
[36m(ClientAppActor pid=1181908)[0m    Train:      174 samples (client-local)[32m [repeated 275x across cluster][0m
[36m(ClientAppActor pid=1181908)[0m    Validation: 24 samples (client-local)[32m [repeated 275x across cluster][0m
[36m(ClientAppActor pid=1181908)[0m    Test:       50737 samples (global, shared)[32m [repeated 275x across cluster][0m
[36m(ClientAppActor pid=1181908)[0m [Client 293] Data split:[32m [repeated 276x across cluster][0m
[36m(ClientAppActor pid=1181908)[0m    Train:      174 samples (client-local)[32m [repeated 276x across cluster][0m
[36m(ClientAppActor pid=1181908)[0m    Validation: 24 samples (client-local)[32m [repeated 276x across cluster][0m
[36m(ClientAppActor pid=1181908)[0m    Test:       50737 samples (global, shared)[32m [repeated 276x across cluster][0m
[36m(ClientAppActor pid=1181912)[0m [Client 998] Data split:[32m [repeated 247x across cluster][0m
[36m(ClientAppActor pid=1181912)[0m    Train:      173 samples (client-local)[32m [repeated 247x across cluster][0m
[36m(ClientAppActor pid=1181912)[0m    Validation: 24 samples (client-local)[32m [repeated 247x across cluster][0m
[36m(ClientAppActor pid=1181912)[0m    Test:       50737 samples (global, shared)[32m [repeated 247x across cluster][0m
[36m(ClientAppActor pid=1181930)[0m [Client 70] Data split:[32m [repeated 286x across cluster][0m
[36m(ClientAppActor pid=1181930)[0m    Train:      174 samples (client-local)[32m [repeated 286x across cluster][0m
[36m(ClientAppActor pid=1181930)[0m    Validation: 24 samples (client-local)[32m [repeated 286x across cluster][0m
[36m(ClientAppActor pid=1181930)[0m    Test:       50737 samples (global, shared)[32m [repeated 286x across cluster][0m
[36m(ClientAppActor pid=1181912)[0m [Client 368] Data split:[32m [repeated 276x across cluster][0m
[36m(ClientAppActor pid=1181912)[0m    Train:      174 samples (client-local)[32m [repeated 276x across cluster][0m
[36m(ClientAppActor pid=1181912)[0m    Validation: 24 samples (client-local)[32m [repeated 276x across cluster][0m
[36m(ClientAppActor pid=1181912)[0m    Test:       50737 samples (global, shared)[32m [repeated 276x across cluster][0m
[36m(ClientAppActor pid=1183491)[0m [Client 817] Data split:[32m [repeated 298x across cluster][0m
[36m(ClientAppActor pid=1183491)[0m    Train:      173 samples (client-local)[32m [repeated 298x across cluster][0m
[36m(ClientAppActor pid=1183491)[0m    Validation: 24 samples (client-local)[32m [repeated 298x across cluster][0m
[36m(ClientAppActor pid=1183491)[0m    Test:       50737 samples (global, shared)[32m [repeated 298x across cluster][0m

🎯 Multi-Threshold Aggregation:
   ═══════════════════════════════════════════════
   Evaluated 10 thresholds:
     • Thr=0.30: Recall=0.941, Spec=0.395, F1=0.332
     • Thr=0.35: Recall=0.919, Spec=0.450, F1=0.346
     • Thr=0.40: Recall=0.892, Spec=0.502, F1=0.359
   ...

   BEST Threshold: 0.50
     • Recall:      0.821
     • Specificity: 0.603
     • F1-Score:    0.384
     • Score:       0.681
   ═══════════════════════════════════════════════

⚠️  No rounds meet spec≥0.7, using recall filter only
 9 Pareto-optimal rounds (not dominated in recall & spec)

🎯 SELECTED ROUND 24:
   Recall:     0.821
   Specificity: 0.603
   F1-Score:    0.384
   Stability:   0.992
   Alerts/1000: 456.3
   Composite:   0.685


✅ Round 24 is NEW BEST - Saving checkpoint...
   💾 Checkpoint saved: result/splits_iid_scaling/splits_iid_1024_clients.json/multi_thr/model_round_24.pt
⚠️  No rounds meet spec≥0.7, using recall filter only
 9 Pareto-optimal rounds (not dominated in recall & spec)

🎯 SELECTED ROUND 24:
   Recall:     0.821
   Specificity: 0.603
   F1-Score:    0.384
   Stability:   0.992
   Alerts/1000: 456.3
   Composite:   0.685

   💾 Best model saved: result/splits_iid_scaling/splits_iid_1024_clients.json/multi_thr/model_round_24.pt
   📊 Metrics saved: result/splits_iid_scaling/splits_iid_1024_clients.json/multi_thr/run_1.json
[36m(ClientAppActor pid=1181926)[0m [Client 324] Data split:[32m [repeated 251x across cluster][0m
[36m(ClientAppActor pid=1181926)[0m    Train:      174 samples (client-local)[32m [repeated 251x across cluster][0m[92mINFO [0m:      aggregate_fit: received 819 results and 0 failures
[92mINFO [0m:      configure_evaluate: strategy sampled 1024 clients (out of 1024)
[36m(ClientAppActor pid=1183520)[0m /home/bax9142/federated-edge-learning/.venv/lib64/python3.13/site-packages/sklearn/metrics/_ranking.py:424: UndefinedMetricWarning: Only one class is present in y_true. ROC AUC score is not defined in that case.[32m [repeated 6x across cluster][0m
[36m(ClientAppActor pid=1183520)[0m   warnings.warn([32m [repeated 6x across cluster][0m
[36m(ClientAppActor pid=1181931)[0m /home/bax9142/federated-edge-learning/.venv/lib64/python3.13/site-packages/sklearn/metrics/_ranking.py:424: UndefinedMetricWarning: Only one class is present in y_true. ROC AUC score is not defined in that case.[32m [repeated 7x across cluster][0m
[36m(ClientAppActor pid=1181931)[0m   warnings.warn([32m [repeated 7x across cluster][0m
[36m(ClientAppActor pid=1183527)[0m /home/bax9142/federated-edge-learning/.venv/lib64/python3.13/site-packages/sklearn/metrics/_ranking.py:424: UndefinedMetricWarning: Only one class is present in y_true. ROC AUC score is not defined in that case.[32m [repeated 7x across cluster][0m
[36m(ClientAppActor pid=1183527)[0m   warnings.warn([32m [repeated 7x across cluster][0m
[36m(ClientAppActor pid=1183529)[0m /home/bax9142/federated-edge-learning/.venv/lib64/python3.13/site-packages/sklearn/metrics/_ranking.py:424: UndefinedMetricWarning: Only one class is present in y_true. ROC AUC score is not defined in that case.[32m [repeated 14x across cluster][0m
[36m(ClientAppActor pid=1183529)[0m   warnings.warn([32m [repeated 14x across cluster][0m
[92mINFO [0m:      aggregate_evaluate: received 1024 results and 0 failures
[92mINFO [0m:      
[92mINFO [0m:      [ROUND 26]
[92mINFO [0m:      configure_fit: strategy sampled 819 clients (out of 1024)
[92mINFO [0m:      aggregate_fit: received 819 results and 0 failures
[92mINFO [0m:      configure_evaluate: strategy sampled 1024 clients (out of 1024)
[36m(ClientAppActor pid=1183490)[0m /home/bax9142/federated-edge-learning/.venv/lib64/python3.13/site-packages/sklearn/metrics/_ranking.py:424: UndefinedMetricWarning: Only one class is present in y_true. ROC AUC score is not defined in that case.[32m [repeated 3x across cluster][0m
[36m(ClientAppActor pid=1183490)[0m   warnings.warn([32m [repeated 3x across cluster][0m
[36m(ClientAppActor pid=1183375)[0m /home/bax9142/federated-edge-learning/.venv/lib64/python3.13/site-packages/sklearn/metrics/_ranking.py:424: UndefinedMetricWarning: Only one class is present in y_true. ROC AUC score is not defined in that case.[32m [repeated 9x across cluster][0m
[36m(ClientAppActor pid=1183375)[0m   warnings.warn([32m [repeated 9x across cluster][0m
[36m(ClientAppActor pid=1183537)[0m /home/bax9142/federated-edge-learning/.venv/lib64/python3.13/site-packages/sklearn/metrics/_ranking.py:424: UndefinedMetricWarning: Only one class is present in y_true. ROC AUC score is not defined in that case.[32m [repeated 8x across cluster][0m
[36m(ClientAppActor pid=1183537)[0m   warnings.warn([32m [repeated 8x across cluster][0m
[36m(ClientAppActor pid=1181918)[0m /home/bax9142/federated-edge-learning/.venv/lib64/python3.13/site-packages/sklearn/metrics/_ranking.py:424: UndefinedMetricWarning: Only one class is present in y_true. ROC AUC score is not defined in that case.[32m [repeated 9x across cluster][0m
[36m(ClientAppActor pid=1181918)[0m   warnings.warn([32m [repeated 9x across cluster][0m
[92mINFO [0m:      aggregate_evaluate: received 1024 results and 0 failures
[92mINFO [0m:      
[92mINFO [0m:      [ROUND 27]
[92mINFO [0m:      configure_fit: strategy sampled 819 clients (out of 1024)

[36m(ClientAppActor pid=1181926)[0m    Validation: 24 samples (client-local)[32m [repeated 251x across cluster][0m
[36m(ClientAppActor pid=1181926)[0m    Test:       50737 samples (global, shared)[32m [repeated 251x across cluster][0m
[36m(ClientAppActor pid=1181923)[0m [Client 706] Data split:[32m [repeated 274x across cluster][0m
[36m(ClientAppActor pid=1181923)[0m    Train:      173 samples (client-local)[32m [repeated 274x across cluster][0m
[36m(ClientAppActor pid=1181923)[0m    Validation: 24 samples (client-local)[32m [repeated 274x across cluster][0m
[36m(ClientAppActor pid=1181923)[0m    Test:       50737 samples (global, shared)[32m [repeated 274x across cluster][0m
[36m(ClientAppActor pid=1183497)[0m [Client 26] Data split:[32m [repeated 279x across cluster][0m
[36m(ClientAppActor pid=1183497)[0m    Train:      174 samples (client-local)[32m [repeated 279x across cluster][0m
[36m(ClientAppActor pid=1183497)[0m    Validation: 24 samples (client-local)[32m [repeated 279x across cluster][0m
[36m(ClientAppActor pid=1183497)[0m    Test:       50737 samples (global, shared)[32m [repeated 279x across cluster][0m
[36m(ClientAppActor pid=1181923)[0m [Client 139] Data split:[32m [repeated 236x across cluster][0m
[36m(ClientAppActor pid=1181923)[0m    Train:      174 samples (client-local)[32m [repeated 236x across cluster][0m
[36m(ClientAppActor pid=1181923)[0m    Validation: 24 samples (client-local)[32m [repeated 236x across cluster][0m
[36m(ClientAppActor pid=1181923)[0m    Test:       50737 samples (global, shared)[32m [repeated 236x across cluster][0m
[36m(ClientAppActor pid=1181928)[0m [Client 180] Data split:[32m [repeated 290x across cluster][0m
[36m(ClientAppActor pid=1181928)[0m    Train:      174 samples (client-local)[32m [repeated 290x across cluster][0m
[36m(ClientAppActor pid=1181928)[0m    Validation: 24 samples (client-local)[32m [repeated 290x across cluster][0m
[36m(ClientAppActor pid=1181928)[0m    Test:       50737 samples (global, shared)[32m [repeated 290x across cluster][0m
[36m(ClientAppActor pid=1181912)[0m [Client 1020] Data split:[32m [repeated 284x across cluster][0m
[36m(ClientAppActor pid=1181912)[0m    Train:      173 samples (client-local)[32m [repeated 284x across cluster][0m
[36m(ClientAppActor pid=1181912)[0m    Validation: 24 samples (client-local)[32m [repeated 284x across cluster][0m
[36m(ClientAppActor pid=1181912)[0m    Test:       50737 samples (global, shared)[32m [repeated 284x across cluster][0m
[36m(ClientAppActor pid=1183375)[0m [Client 761] Data split:[32m [repeated 272x across cluster][0m
[36m(ClientAppActor pid=1183375)[0m    Train:      173 samples (client-local)[32m [repeated 272x across cluster][0m
[36m(ClientAppActor pid=1183375)[0m    Validation: 24 samples (client-local)[32m [repeated 272x across cluster][0m
[36m(ClientAppActor pid=1183375)[0m    Test:       50737 samples (global, shared)[32m [repeated 272x across cluster][0m

🎯 Multi-Threshold Aggregation:
   ═══════════════════════════════════════════════
   Evaluated 10 thresholds:
     • Thr=0.30: Recall=0.941, Spec=0.397, F1=0.332
     • Thr=0.35: Recall=0.919, Spec=0.452, F1=0.347
     • Thr=0.40: Recall=0.891, Spec=0.504, F1=0.360
   ...

   BEST Threshold: 0.50
     • Recall:      0.820
     • Specificity: 0.604
     • F1-Score:    0.384
     • Score:       0.681
   ═══════════════════════════════════════════════

⚠️  No rounds meet spec≥0.7, using recall filter only
 10 Pareto-optimal rounds (not dominated in recall & spec)

🎯 SELECTED ROUND 24:
   Recall:     0.821
   Specificity: 0.603
   F1-Score:    0.384
   Stability:   0.992
   Alerts/1000: 456.3
   Composite:   0.685

[36m(ClientAppActor pid=1181931)[0m [Client 661] Data split:[32m [repeated 253x across cluster][0m
[36m(ClientAppActor pid=1181931)[0m    Train:      173 samples (client-local)[32m [repeated 253x across cluster][0m
[36m(ClientAppActor pid=1181931)[0m    Validation: 24 samples (client-local)[32m [repeated 253x across cluster][0m
[36m(ClientAppActor pid=1181931)[0m    Test:       50737 samples (global, shared)[32m [repeated 253x across cluster][0m
[36m(ClientAppActor pid=1183497)[0m [Client 189] Data split:[32m [repeated 282x across cluster][0m
[36m(ClientAppActor pid=1183497)[0m    Train:      174 samples (client-local)[32m [repeated 282x across cluster][0m
[36m(ClientAppActor pid=1183497)[0m    Validation: 24 samples (client-local)[32m [repeated 282x across cluster][0m
[36m(ClientAppActor pid=1183497)[0m    Test:       50737 samples (global, shared)[32m [repeated 282x across cluster][0m
[36m(ClientAppActor pid=1181926)[0m [Client 894] Data split:[32m [repeated 284x across cluster][0m
[36m(ClientAppActor pid=1181926)[0m    Train:      173 samples (client-local)[32m [repeated 284x across cluster][0m
[36m(ClientAppActor pid=1181926)[0m    Validation: 24 samples (client-local)[32m [repeated 284x across cluster][0m
[36m(ClientAppActor pid=1181926)[0m    Test:       50737 samples (global, shared)[32m [repeated 284x across cluster][0m
[36m(ClientAppActor pid=1181908)[0m [Client 528] Data split:[32m [repeated 237x across cluster][0m
[36m(ClientAppActor pid=1181908)[0m    Train:      173 samples (client-local)[32m [repeated 237x across cluster][0m
[36m(ClientAppActor pid=1181908)[0m    Validation: 24 samples (client-local)[32m [repeated 237x across cluster][0m
[36m(ClientAppActor pid=1181908)[0m    Test:       50737 samples (global, shared)[32m [repeated 237x across cluster][0m
[36m(ClientAppActor pid=1181918)[0m [Client 721] Data split:[32m [repeated 286x across cluster][0m
[36m(ClientAppActor pid=1181918)[0m    Train:      173 samples (client-local)[32m [repeated 286x across cluster][0m
[36m(ClientAppActor pid=1181918)[0m    Validation: 24 samples (client-local)[32m [repeated 286x across cluster][0m
[36m(ClientAppActor pid=1181918)[0m    Test:       50737 samples (global, shared)[32m [repeated 286x across cluster][0m
[36m(ClientAppActor pid=1181923)[0m [Client 20] Data split:[32m [repeated 281x across cluster][0m
[36m(ClientAppActor pid=1181923)[0m    Train:      174 samples (client-local)[32m [repeated 281x across cluster][0m
[36m(ClientAppActor pid=1181923)[0m    Validation: 24 samples (client-local)[32m [repeated 281x across cluster][0m
[36m(ClientAppActor pid=1181923)[0m    Test:       50737 samples (global, shared)[32m [repeated 281x across cluster][0m

🎯 Multi-Threshold Aggregation:
   ═══════════════════════════════════════════════
   Evaluated 10 thresholds:
     • Thr=0.30: Recall=0.941, Spec=0.399, F1=0.333
     • Thr=0.35: Recall=0.918, Spec=0.454, F1=0.347
     • Thr=0.40: Recall=0.892, Spec=0.505, F1=0.360
   ...

   BEST Threshold: 0.55
     • Recall:      0.773
     • Specificity: 0.655
     • F1-Score:    0.396
     • Score:       0.682
   ═══════════════════════════════════════════════

⚠️  No rounds meet spec≥0.7, using recall filter only
 11 Pareto-optimal rounds (not dominated in recall & spec)

🎯 SELECTED ROUND 24:
   Recall:     0.821
   Specificity: 0.603
   F1-Score:    0.384
   Stability:   0.992
   Alerts/1000: 456.3
   Composite:   0.685

[36m(ClientAppActor pid=1183498)[0m [Client 1002] Data split:[32m [repeated 260x across cluster][0m
[36m(ClientAppActor pid=1183498)[0m    Train:      173 samples (client-local)[32m [repeated 260x across cluster][0m
[36m(ClientAppActor pid=1183498)[0m    Validation: 24 samples (client-local)[32m [repeated 260x across cluster][0m
[36m(ClientAppActor pid=1183498)[0m    Test:       50737 samples (global, shared)[32m [repeated 260x across cluster][0m
[36m(ClientAppActor pid=1181923)[0m [Client 278] Data split:[32m [repeated 282x across cluster][0m[92mINFO [0m:      aggregate_fit: received 819 results and 0 failures
[92mINFO [0m:      configure_evaluate: strategy sampled 1024 clients (out of 1024)
[36m(ClientAppActor pid=1181918)[0m /home/bax9142/federated-edge-learning/.venv/lib64/python3.13/site-packages/sklearn/metrics/_ranking.py:424: UndefinedMetricWarning: Only one class is present in y_true. ROC AUC score is not defined in that case.[32m [repeated 5x across cluster][0m
[36m(ClientAppActor pid=1181918)[0m   warnings.warn([32m [repeated 5x across cluster][0m
[36m(ClientAppActor pid=1183375)[0m /home/bax9142/federated-edge-learning/.venv/lib64/python3.13/site-packages/sklearn/metrics/_ranking.py:424: UndefinedMetricWarning: Only one class is present in y_true. ROC AUC score is not defined in that case.[32m [repeated 6x across cluster][0m
[36m(ClientAppActor pid=1183375)[0m   warnings.warn([32m [repeated 6x across cluster][0m
[36m(ClientAppActor pid=1181923)[0m /home/bax9142/federated-edge-learning/.venv/lib64/python3.13/site-packages/sklearn/metrics/_ranking.py:424: UndefinedMetricWarning: Only one class is present in y_true. ROC AUC score is not defined in that case.[32m [repeated 11x across cluster][0m
[36m(ClientAppActor pid=1181923)[0m   warnings.warn([32m [repeated 11x across cluster][0m
[36m(ClientAppActor pid=1181923)[0m /home/bax9142/federated-edge-learning/.venv/lib64/python3.13/site-packages/sklearn/metrics/_ranking.py:424: UndefinedMetricWarning: Only one class is present in y_true. ROC AUC score is not defined in that case.[32m [repeated 13x across cluster][0m
[36m(ClientAppActor pid=1181923)[0m   warnings.warn([32m [repeated 13x across cluster][0m
[92mINFO [0m:      aggregate_evaluate: received 1024 results and 0 failures
[92mINFO [0m:      
[92mINFO [0m:      [ROUND 28]
[92mINFO [0m:      configure_fit: strategy sampled 819 clients (out of 1024)
[92mINFO [0m:      aggregate_fit: received 819 results and 0 failures
[92mINFO [0m:      configure_evaluate: strategy sampled 1024 clients (out of 1024)
[36m(ClientAppActor pid=1181923)[0m /home/bax9142/federated-edge-learning/.venv/lib64/python3.13/site-packages/sklearn/metrics/_ranking.py:424: UndefinedMetricWarning: Only one class is present in y_true. ROC AUC score is not defined in that case.
[36m(ClientAppActor pid=1181923)[0m   warnings.warn(
[36m(ClientAppActor pid=1183492)[0m /home/bax9142/federated-edge-learning/.venv/lib64/python3.13/site-packages/sklearn/metrics/_ranking.py:424: UndefinedMetricWarning: Only one class is present in y_true. ROC AUC score is not defined in that case.
[36m(ClientAppActor pid=1183492)[0m   warnings.warn(
[36m(ClientAppActor pid=1183530)[0m /home/bax9142/federated-edge-learning/.venv/lib64/python3.13/site-packages/sklearn/metrics/_ranking.py:424: UndefinedMetricWarning: Only one class is present in y_true. ROC AUC score is not defined in that case.[32m [repeated 10x across cluster][0m
[36m(ClientAppActor pid=1183530)[0m   warnings.warn([32m [repeated 10x across cluster][0m
[36m(ClientAppActor pid=1183528)[0m /home/bax9142/federated-edge-learning/.venv/lib64/python3.13/site-packages/sklearn/metrics/_ranking.py:424: UndefinedMetricWarning: Only one class is present in y_true. ROC AUC score is not defined in that case.[32m [repeated 9x across cluster][0m
[36m(ClientAppActor pid=1183528)[0m   warnings.warn([32m [repeated 9x across cluster][0m
[36m(ClientAppActor pid=1181918)[0m /home/bax9142/federated-edge-learning/.venv/lib64/python3.13/site-packages/sklearn/metrics/_ranking.py:424: UndefinedMetricWarning: Only one class is present in y_true. ROC AUC score is not defined in that case.[32m [repeated 9x across cluster][0m
[36m(ClientAppActor pid=1181918)[0m   warnings.warn([32m [repeated 9x across cluster][0m
[92mINFO [0m:      aggregate_evaluate: received 1024 results and 0 failures

[36m(ClientAppActor pid=1181923)[0m    Train:      174 samples (client-local)[32m [repeated 282x across cluster][0m
[36m(ClientAppActor pid=1181923)[0m    Validation: 24 samples (client-local)[32m [repeated 282x across cluster][0m
[36m(ClientAppActor pid=1181923)[0m    Test:       50737 samples (global, shared)[32m [repeated 282x across cluster][0m
[36m(ClientAppActor pid=1181923)[0m [Client 872] Data split:[32m [repeated 281x across cluster][0m
[36m(ClientAppActor pid=1181923)[0m    Train:      173 samples (client-local)[32m [repeated 281x across cluster][0m
[36m(ClientAppActor pid=1181923)[0m    Validation: 24 samples (client-local)[32m [repeated 281x across cluster][0m
[36m(ClientAppActor pid=1181923)[0m    Test:       50737 samples (global, shared)[32m [repeated 281x across cluster][0m
[36m(ClientAppActor pid=1181918)[0m [Client 699] Data split:[32m [repeated 231x across cluster][0m
[36m(ClientAppActor pid=1181918)[0m    Train:      173 samples (client-local)[32m [repeated 231x across cluster][0m
[36m(ClientAppActor pid=1181918)[0m    Validation: 24 samples (client-local)[32m [repeated 231x across cluster][0m
[36m(ClientAppActor pid=1181918)[0m    Test:       50737 samples (global, shared)[32m [repeated 231x across cluster][0m
[36m(ClientAppActor pid=1183490)[0m [Client 702] Data split:[32m [repeated 286x across cluster][0m
[36m(ClientAppActor pid=1183490)[0m    Train:      173 samples (client-local)[32m [repeated 286x across cluster][0m
[36m(ClientAppActor pid=1183490)[0m    Validation: 24 samples (client-local)[32m [repeated 286x across cluster][0m
[36m(ClientAppActor pid=1183490)[0m    Test:       50737 samples (global, shared)[32m [repeated 286x across cluster][0m
[36m(ClientAppActor pid=1181912)[0m [Client 968] Data split:[32m [repeated 289x across cluster][0m
[36m(ClientAppActor pid=1181912)[0m    Train:      173 samples (client-local)[32m [repeated 289x across cluster][0m
[36m(ClientAppActor pid=1181912)[0m    Validation: 24 samples (client-local)[32m [repeated 289x across cluster][0m
[36m(ClientAppActor pid=1181912)[0m    Test:       50737 samples (global, shared)[32m [repeated 289x across cluster][0m
[36m(ClientAppActor pid=1181926)[0m [Client 20] Data split:[32m [repeated 274x across cluster][0m
[36m(ClientAppActor pid=1181926)[0m    Train:      174 samples (client-local)[32m [repeated 274x across cluster][0m
[36m(ClientAppActor pid=1181926)[0m    Validation: 24 samples (client-local)[32m [repeated 274x across cluster][0m
[36m(ClientAppActor pid=1181926)[0m    Test:       50737 samples (global, shared)[32m [repeated 274x across cluster][0m

🎯 Multi-Threshold Aggregation:
   ═══════════════════════════════════════════════
   Evaluated 10 thresholds:
     • Thr=0.30: Recall=0.942, Spec=0.402, F1=0.334
     • Thr=0.35: Recall=0.917, Spec=0.456, F1=0.348
     • Thr=0.40: Recall=0.891, Spec=0.508, F1=0.361
   ...

   BEST Threshold: 0.55
     • Recall:      0.772
     • Specificity: 0.657
     • F1-Score:    0.397
     • Score:       0.683
   ═══════════════════════════════════════════════

⚠️  No rounds meet spec≥0.7, using recall filter only
 12 Pareto-optimal rounds (not dominated in recall & spec)

🎯 SELECTED ROUND 24:
   Recall:     0.821
   Specificity: 0.603
   F1-Score:    0.384
   Stability:   0.992
   Alerts/1000: 456.3
   Composite:   0.685

[36m(ClientAppActor pid=1181926)[0m [Client 120] Data split:[32m [repeated 261x across cluster][0m
[36m(ClientAppActor pid=1181926)[0m    Train:      174 samples (client-local)[32m [repeated 261x across cluster][0m
[36m(ClientAppActor pid=1181926)[0m    Validation: 24 samples (client-local)[32m [repeated 261x across cluster][0m
[36m(ClientAppActor pid=1181926)[0m    Test:       50737 samples (global, shared)[32m [repeated 261x across cluster][0m
[36m(ClientAppActor pid=1181928)[0m [Client 173] Data split:[32m [repeated 272x across cluster][0m
[36m(ClientAppActor pid=1181928)[0m    Train:      174 samples (client-local)[32m [repeated 272x across cluster][0m
[36m(ClientAppActor pid=1181928)[0m    Validation: 24 samples (client-local)[32m [repeated 272x across cluster][0m
[36m(ClientAppActor pid=1181928)[0m    Test:       50737 samples (global, shared)[32m [repeated 272x across cluster][0m
[36m(ClientAppActor pid=1183489)[0m [Client 291] Data split:[32m [repeated 285x across cluster][0m
[36m(ClientAppActor pid=1183489)[0m    Train:      174 samples (client-local)[32m [repeated 285x across cluster][0m
[36m(ClientAppActor pid=1183489)[0m    Validation: 24 samples (client-local)[32m [repeated 285x across cluster][0m
[36m(ClientAppActor pid=1183489)[0m    Test:       50737 samples (global, shared)[32m [repeated 285x across cluster][0m
[36m(ClientAppActor pid=1181923)[0m [Client 184] Data split:[32m [repeated 232x across cluster][0m
[36m(ClientAppActor pid=1181923)[0m    Train:      174 samples (client-local)[32m [repeated 232x across cluster][0m
[36m(ClientAppActor pid=1181923)[0m    Validation: 24 samples (client-local)[32m [repeated 232x across cluster][0m
[36m(ClientAppActor pid=1181923)[0m    Test:       50737 samples (global, shared)[32m [repeated 232x across cluster][0m
[36m(ClientAppActor pid=1181923)[0m [Client 488] Data split:[32m [repeated 289x across cluster][0m
[36m(ClientAppActor pid=1181923)[0m    Train:      173 samples (client-local)[32m [repeated 289x across cluster][0m
[36m(ClientAppActor pid=1181923)[0m    Validation: 24 samples (client-local)[32m [repeated 289x across cluster][0m
[36m(ClientAppActor pid=1181923)[0m    Test:       50737 samples (global, shared)[32m [repeated 289x across cluster][0m
[36m(ClientAppActor pid=1181931)[0m [Client 78] Data split:[32m [repeated 276x across cluster][0m
[36m(ClientAppActor pid=1181931)[0m    Train:      174 samples (client-local)[32m [repeated 276x across cluster][0m
[36m(ClientAppActor pid=1181931)[0m    Validation: 24 samples (client-local)[32m [repeated 276x across cluster][0m
[36m(ClientAppActor pid=1181931)[0m    Test:       50737 samples (global, shared)[32m [repeated 276x across cluster][0m
[36m(ClientAppActor pid=1181915)[0m [Client 31] Data split:[32m [repeated 288x across cluster][0m
[36m(ClientAppActor pid=1181915)[0m    Train:      174 samples (client-local)[32m [repeated 288x across cluster][0m
[36m(ClientAppActor pid=1181915)[0m    Validation: 24 samples (client-local)[32m [repeated 288x across cluster][0m
[36m(ClientAppActor pid=1181915)[0m    Test:       50737 samples (global, shared)[32m [repeated 288x across cluster][0m

🎯 Multi-Threshold Aggregation:
   ═══════════════════════════════════════════════
   Evaluated 10 thresholds:
     • Thr=0.30: Recall=0.942, Spec=0.404, F1=0.335
     • Thr=0.35: Recall=0.919, Spec=0.458, F1=0.349
     • Thr=0.40: Recall=0.891, Spec=0.509, F1=0.362
   ...

   BEST Threshold: 0.55
     • Recall:      0.773
     • Specificity: 0.658
     • F1-Score:    0.398
     • Score:       0.684
   ═══════════════════════════════════════════════

⚠️  No rounds meet spec≥0.7, using recall filter only
 10 Pareto-optimal rounds (not dominated in recall & spec)

🎯 SELECTED ROUND 28:
   Recall:     0.773
   Specificity: 0.658
   F1-Score:    0.398
   Stability:   0.991
   Alerts/1000: 401.8
   Composite:   0.685


✅ Round 28 is NEW BEST - Saving checkpoint...
   💾 Checkpoint saved: result/splits_iid_scaling/splits_iid_1024_clients.json/multi_thr/model_round_28.pt
⚠️  No rounds meet spec≥0.7, using recall filter only
 10 Pareto-optimal rounds (not dominated in recall & spec)

🎯 SELECTED ROUND 28:
   Recall:     0.773
   Specificity: 0.658
   F1-Score:    0.398
[92mINFO [0m:      
[92mINFO [0m:      [ROUND 29]
[92mINFO [0m:      configure_fit: strategy sampled 819 clients (out of 1024)
[92mINFO [0m:      aggregate_fit: received 819 results and 0 failures
[92mINFO [0m:      configure_evaluate: strategy sampled 1024 clients (out of 1024)
[36m(ClientAppActor pid=1183489)[0m /home/bax9142/federated-edge-learning/.venv/lib64/python3.13/site-packages/sklearn/metrics/_ranking.py:424: UndefinedMetricWarning: Only one class is present in y_true. ROC AUC score is not defined in that case.[32m [repeated 2x across cluster][0m
[36m(ClientAppActor pid=1183489)[0m   warnings.warn([32m [repeated 2x across cluster][0m
[36m(ClientAppActor pid=1181912)[0m /home/bax9142/federated-edge-learning/.venv/lib64/python3.13/site-packages/sklearn/metrics/_ranking.py:424: UndefinedMetricWarning: Only one class is present in y_true. ROC AUC score is not defined in that case.[32m [repeated 9x across cluster][0m
[36m(ClientAppActor pid=1181912)[0m   warnings.warn([32m [repeated 9x across cluster][0m
[36m(ClientAppActor pid=1181915)[0m /home/bax9142/federated-edge-learning/.venv/lib64/python3.13/site-packages/sklearn/metrics/_ranking.py:424: UndefinedMetricWarning: Only one class is present in y_true. ROC AUC score is not defined in that case.[32m [repeated 8x across cluster][0m
[36m(ClientAppActor pid=1181915)[0m   warnings.warn([32m [repeated 8x across cluster][0m
[92mINFO [0m:      aggregate_evaluate: received 1024 results and 0 failures
[92mINFO [0m:      
[92mINFO [0m:      [ROUND 30]
[92mINFO [0m:      configure_fit: strategy sampled 819 clients (out of 1024)
[92mINFO [0m:      aggregate_fit: received 819 results and 0 failures
[92mINFO [0m:      configure_evaluate: strategy sampled 1024 clients (out of 1024)
[36m(ClientAppActor pid=1183505)[0m /home/bax9142/federated-edge-learning/.venv/lib64/python3.13/site-packages/sklearn/metrics/_ranking.py:424: UndefinedMetricWarning: Only one class is present in y_true. ROC AUC score is not defined in that case.[32m [repeated 14x across cluster][0m
[36m(ClientAppActor pid=1183505)[0m   warnings.warn([32m [repeated 14x across cluster][0m
[36m(ClientAppActor pid=1183497)[0m /home/bax9142/federated-edge-learning/.venv/lib64/python3.13/site-packages/sklearn/metrics/_ranking.py:424: UndefinedMetricWarning: Only one class is present in y_true. ROC AUC score is not defined in that case.[32m [repeated 8x across cluster][0m
[36m(ClientAppActor pid=1183497)[0m   warnings.warn([32m [repeated 8x across cluster][0m
[36m(ClientAppActor pid=1183375)[0m /home/bax9142/federated-edge-learning/.venv/lib64/python3.13/site-packages/sklearn/metrics/_ranking.py:424: UndefinedMetricWarning: Only one class is present in y_true. ROC AUC score is not defined in that case.[32m [repeated 8x across cluster][0m
[36m(ClientAppActor pid=1183375)[0m   warnings.warn([32m [repeated 8x across cluster][0m
[36m(ClientAppActor pid=1181931)[0m /home/bax9142/federated-edge-learning/.venv/lib64/python3.13/site-packages/sklearn/metrics/_ranking.py:424: UndefinedMetricWarning: Only one class is present in y_true. ROC AUC score is not defined in that case.[32m [repeated 10x across cluster][0m
[36m(ClientAppActor pid=1181931)[0m   warnings.warn([32m [repeated 10x across cluster][0m
   Stability:   0.991
   Alerts/1000: 401.8
   Composite:   0.685

   💾 Best model saved: result/splits_iid_scaling/splits_iid_1024_clients.json/multi_thr/model_round_28.pt
   📊 Metrics saved: result/splits_iid_scaling/splits_iid_1024_clients.json/multi_thr/run_1.json
[36m(ClientAppActor pid=1183489)[0m [Client 64] Data split:[32m [repeated 265x across cluster][0m
[36m(ClientAppActor pid=1183489)[0m    Train:      174 samples (client-local)[32m [repeated 265x across cluster][0m
[36m(ClientAppActor pid=1183489)[0m    Validation: 24 samples (client-local)[32m [repeated 265x across cluster][0m
[36m(ClientAppActor pid=1183489)[0m    Test:       50737 samples (global, shared)[32m [repeated 265x across cluster][0m
[36m(ClientAppActor pid=1183496)[0m [Client 28] Data split:[32m [repeated 265x across cluster][0m
[36m(ClientAppActor pid=1183496)[0m    Train:      174 samples (client-local)[32m [repeated 265x across cluster][0m
[36m(ClientAppActor pid=1183496)[0m    Validation: 24 samples (client-local)[32m [repeated 265x across cluster][0m
[36m(ClientAppActor pid=1183496)[0m    Test:       50737 samples (global, shared)[32m [repeated 265x across cluster][0m
[36m(ClientAppActor pid=1183375)[0m [Client 63] Data split:[32m [repeated 274x across cluster][0m
[36m(ClientAppActor pid=1183375)[0m    Train:      174 samples (client-local)[32m [repeated 274x across cluster][0m
[36m(ClientAppActor pid=1183375)[0m    Validation: 24 samples (client-local)[32m [repeated 274x across cluster][0m
[36m(ClientAppActor pid=1183375)[0m    Test:       50737 samples (global, shared)[32m [repeated 274x across cluster][0m
[36m(ClientAppActor pid=1183492)[0m [Client 307] Data split:[32m [repeated 248x across cluster][0m
[36m(ClientAppActor pid=1183492)[0m    Train:      174 samples (client-local)[32m [repeated 248x across cluster][0m
[36m(ClientAppActor pid=1183492)[0m    Validation: 24 samples (client-local)[32m [repeated 248x across cluster][0m
[36m(ClientAppActor pid=1183492)[0m    Test:       50737 samples (global, shared)[32m [repeated 248x across cluster][0m
[36m(ClientAppActor pid=1181915)[0m [Client 404] Data split:[32m [repeated 280x across cluster][0m
[36m(ClientAppActor pid=1181915)[0m    Train:      174 samples (client-local)[32m [repeated 280x across cluster][0m
[36m(ClientAppActor pid=1181915)[0m    Validation: 24 samples (client-local)[32m [repeated 280x across cluster][0m
[36m(ClientAppActor pid=1181915)[0m    Test:       50737 samples (global, shared)[32m [repeated 280x across cluster][0m
[36m(ClientAppActor pid=1181930)[0m [Client 946] Data split:[32m [repeated 287x across cluster][0m
[36m(ClientAppActor pid=1181930)[0m    Train:      173 samples (client-local)[32m [repeated 287x across cluster][0m
[36m(ClientAppActor pid=1181930)[0m    Validation: 24 samples (client-local)[32m [repeated 287x across cluster][0m
[36m(ClientAppActor pid=1181930)[0m    Test:       50737 samples (global, shared)[32m [repeated 287x across cluster][0m
[36m(ClientAppActor pid=1181918)[0m [Client 416] Data split:[32m [repeated 283x across cluster][0m
[36m(ClientAppActor pid=1181918)[0m    Train:      174 samples (client-local)[32m [repeated 283x across cluster][0m
[36m(ClientAppActor pid=1181918)[0m    Validation: 24 samples (client-local)[32m [repeated 283x across cluster][0m
[36m(ClientAppActor pid=1181918)[0m    Test:       50737 samples (global, shared)[32m [repeated 283x across cluster][0m

🎯 Multi-Threshold Aggregation:
   ═══════════════════════════════════════════════
   Evaluated 10 thresholds:
     • Thr=0.30: Recall=0.943, Spec=0.405, F1=0.336
     • Thr=0.35: Recall=0.918, Spec=0.458, F1=0.349
     • Thr=0.40: Recall=0.893, Spec=0.510, F1=0.363
   ...

   BEST Threshold: 0.55
     • Recall:      0.774
     • Specificity: 0.658
     • F1-Score:    0.399
     • Score:       0.685
   ═══════════════════════════════════════════════

⚠️  No rounds meet spec≥0.7, using recall filter only
 9 Pareto-optimal rounds (not dominated in recall & spec)

🎯 SELECTED ROUND 29:
   Recall:     0.774
   Specificity: 0.658
   F1-Score:    0.399
   Stability:   1.000
   Alerts/1000: 401.8
   Composite:   0.687


✅ Round 29 is NEW BEST - Saving checkpoint...
   💾 Checkpoint saved: result/splits_iid_scaling/splits_iid_1024_clients.json/multi_thr/model_round_29.pt
⚠️  No rounds meet spec≥0.7, using recall filter only
 9 Pareto-optimal rounds (not dominated in recall & spec)

🎯 SELECTED ROUND 29:
   Recall:     0.774
   Specificity: 0.658
   F1-Score:    0.399
   Stability:   1.000
   Alerts/1000: 401.8
   Composite:   0.687

   💾 Best model saved: result/splits_iid_scaling/splits_iid_1024_clients.json/multi_thr/model_round_29.pt
   📊 Metrics saved: result/splits_iid_scaling/splits_iid_1024_clients.json/multi_thr/run_1.json
[36m(ClientAppActor pid=1183497)[0m [Client 906] Data split:[32m [repeated 263x across cluster][0m
[36m(ClientAppActor pid=1183497)[0m    Train:      173 samples (client-local)[32m [repeated 263x across cluster][0m
[36m(ClientAppActor pid=1183497)[0m    Validation: 24 samples (client-local)[32m [repeated 263x across cluster][0m
[36m(ClientAppActor pid=1183497)[0m    Test:       50737 samples (global, shared)[32m [repeated 263x across cluster][0m
[36m(ClientAppActor pid=1183505)[0m [Client 429] Data split:[32m [repeated 275x across cluster][0m
[36m(ClientAppActor pid=1183505)[0m    Train:      173 samples (client-local)[32m [repeated 275x across cluster][0m
[36m(ClientAppActor pid=1183505)[0m    Validation: 24 samples (client-local)[32m [repeated 275x across cluster][0m
[36m(ClientAppActor pid=1183505)[0m    Test:       50737 samples (global, shared)[32m [repeated 275x across cluster][0m
[36m(ClientAppActor pid=1181925)[0m [Client 520] Data split:[32m [repeated 277x across cluster][0m
[36m(ClientAppActor pid=1181925)[0m    Train:      173 samples (client-local)[32m [repeated 277x across cluster][0m
[36m(ClientAppActor pid=1181925)[0m    Validation: 24 samples (client-local)[32m [repeated 277x across cluster][0m
[36m(ClientAppActor pid=1181925)[0m    Test:       50737 samples (global, shared)[32m [repeated 277x across cluster][0m
[36m(ClientAppActor pid=1183505)[0m [Client 569] Data split:[32m [repeated 240x across cluster][0m
[36m(ClientAppActor pid=1183505)[0m    Train:      173 samples (client-local)[32m [repeated 240x across cluster][0m
[36m(ClientAppActor pid=1183505)[0m    Validation: 24 samples (client-local)[32m [repeated 240x across cluster][0m
[36m(ClientAppActor pid=1183505)[0m    Test:       50737 samples (global, shared)[32m [repeated 240x across cluster][0m
[36m(ClientAppActor pid=1181923)[0m [Client 559] Data split:[32m [repeated 280x across cluster][0m
[36m(ClientAppActor pid=1181923)[0m    Train:      173 samples (client-local)[32m [repeated 280x across cluster][0m
[36m(ClientAppActor pid=1181923)[0m    Validation: 24 samples (client-local)[32m [repeated 280x across cluster][0m
[36m(ClientAppActor pid=1181923)[0m    Test:       50737 samples (global, shared)[32m [repeated 280x across cluster][0m
[36m(ClientAppActor pid=1181912)[0m [Client 26] Data split:[32m [repeated 279x across cluster][0m
[36m(ClientAppActor pid=1181912)[0m    Train:      174 samples (client-local)[32m [repeated 279x across cluster][0m
[36m(ClientAppActor pid=1181912)[0m    Validation: 24 samples (client-local)[32m [repeated 279x across cluster][0m
[36m(ClientAppActor pid=1181912)[0m    Test:       50737 samples (global, shared)[32m [repeated 279x across cluster][0m
[36m(ClientAppActor pid=1183515)[0m [Client 238] Data split:[32m [repeated 274x across cluster][0m
[36m(ClientAppActor pid=1183515)[0m    Train:      174 samples (client-local)[32m [repeated 274x across cluster][0m
[36m(ClientAppActor pid=1183515)[0m    Validation: 24 samples (client-local)[32m [repeated 274x across cluster][0m[92mINFO [0m:      aggregate_evaluate: received 1024 results and 0 failures
[92mINFO [0m:      
[92mINFO [0m:      [ROUND 31]
[92mINFO [0m:      configure_fit: strategy sampled 819 clients (out of 1024)
[92mINFO [0m:      aggregate_fit: received 819 results and 0 failures
[92mINFO [0m:      configure_evaluate: strategy sampled 1024 clients (out of 1024)
[36m(ClientAppActor pid=1181915)[0m /home/bax9142/federated-edge-learning/.venv/lib64/python3.13/site-packages/sklearn/metrics/_ranking.py:424: UndefinedMetricWarning: Only one class is present in y_true. ROC AUC score is not defined in that case.[32m [repeated 5x across cluster][0m
[36m(ClientAppActor pid=1181915)[0m   warnings.warn([32m [repeated 5x across cluster][0m
[36m(ClientAppActor pid=1183498)[0m /home/bax9142/federated-edge-learning/.venv/lib64/python3.13/site-packages/sklearn/metrics/_ranking.py:424: UndefinedMetricWarning: Only one class is present in y_true. ROC AUC score is not defined in that case.[32m [repeated 6x across cluster][0m
[36m(ClientAppActor pid=1183498)[0m   warnings.warn([32m [repeated 6x across cluster][0m
[36m(ClientAppActor pid=1181928)[0m /home/bax9142/federated-edge-learning/.venv/lib64/python3.13/site-packages/sklearn/metrics/_ranking.py:424: UndefinedMetricWarning: Only one class is present in y_true. ROC AUC score is not defined in that case.[32m [repeated 9x across cluster][0m
[36m(ClientAppActor pid=1181928)[0m   warnings.warn([32m [repeated 9x across cluster][0m
[36m(ClientAppActor pid=1181918)[0m /home/bax9142/federated-edge-learning/.venv/lib64/python3.13/site-packages/sklearn/metrics/_ranking.py:424: UndefinedMetricWarning: Only one class is present in y_true. ROC AUC score is not defined in that case.[32m [repeated 12x across cluster][0m
[36m(ClientAppActor pid=1181918)[0m   warnings.warn([32m [repeated 12x across cluster][0m
[92mINFO [0m:      aggregate_evaluate: received 1024 results and 0 failures
[92mINFO [0m:      
[92mINFO [0m:      [ROUND 32]
[92mINFO [0m:      configure_fit: strategy sampled 819 clients (out of 1024)
[92mINFO [0m:      aggregate_fit: received 819 results and 0 failures
[92mINFO [0m:      configure_evaluate: strategy sampled 1024 clients (out of 1024)
[36m(ClientAppActor pid=1183491)[0m /home/bax9142/federated-edge-learning/.venv/lib64/python3.13/site-packages/sklearn/metrics/_ranking.py:424: UndefinedMetricWarning: Only one class is present in y_true. ROC AUC score is not defined in that case.[32m [repeated 4x across cluster][0m
[36m(ClientAppActor pid=1183491)[0m   warnings.warn([32m [repeated 4x across cluster][0m
[36m(ClientAppActor pid=1181925)[0m /home/bax9142/federated-edge-learning/.venv/lib64/python3.13/site-packages/sklearn/metrics/_ranking.py:424: UndefinedMetricWarning: Only one class is present in y_true. ROC AUC score is not defined in that case.[32m [repeated 7x across cluster][0m
[36m(ClientAppActor pid=1181925)[0m   warnings.warn([32m [repeated 7x across cluster][0m

[36m(ClientAppActor pid=1183515)[0m    Test:       50737 samples (global, shared)[32m [repeated 274x across cluster][0m

🎯 Multi-Threshold Aggregation:
   ═══════════════════════════════════════════════
   Evaluated 10 thresholds:
     • Thr=0.30: Recall=0.944, Spec=0.407, F1=0.336
     • Thr=0.35: Recall=0.918, Spec=0.460, F1=0.349
     • Thr=0.40: Recall=0.893, Spec=0.511, F1=0.363
   ...

   BEST Threshold: 0.50
     • Recall:      0.822
     • Specificity: 0.611
     • F1-Score:    0.389
     • Score:       0.686
   ═══════════════════════════════════════════════

⚠️  No rounds meet spec≥0.7, using recall filter only
 7 Pareto-optimal rounds (not dominated in recall & spec)

🎯 SELECTED ROUND 30:
   Recall:     0.822
   Specificity: 0.611
   F1-Score:    0.389
   Stability:   0.992
   Alerts/1000: 449.0
   Composite:   0.689


✅ Round 30 is NEW BEST - Saving checkpoint...
   💾 Checkpoint saved: result/splits_iid_scaling/splits_iid_1024_clients.json/multi_thr/model_round_30.pt
⚠️  No rounds meet spec≥0.7, using recall filter only
 7 Pareto-optimal rounds (not dominated in recall & spec)

🎯 SELECTED ROUND 30:
   Recall:     0.822
   Specificity: 0.611
   F1-Score:    0.389
   Stability:   0.992
   Alerts/1000: 449.0
   Composite:   0.689

   💾 Best model saved: result/splits_iid_scaling/splits_iid_1024_clients.json/multi_thr/model_round_30.pt
   📊 Metrics saved: result/splits_iid_scaling/splits_iid_1024_clients.json/multi_thr/run_1.json
[36m(ClientAppActor pid=1181918)[0m [Client 512] Data split:[32m [repeated 264x across cluster][0m
[36m(ClientAppActor pid=1181918)[0m    Train:      173 samples (client-local)[32m [repeated 264x across cluster][0m
[36m(ClientAppActor pid=1181918)[0m    Validation: 24 samples (client-local)[32m [repeated 264x across cluster][0m
[36m(ClientAppActor pid=1181918)[0m    Test:       50737 samples (global, shared)[32m [repeated 264x across cluster][0m
[36m(ClientAppActor pid=1183497)[0m [Client 14] Data split:[32m [repeated 284x across cluster][0m
[36m(ClientAppActor pid=1183497)[0m    Train:      174 samples (client-local)[32m [repeated 284x across cluster][0m
[36m(ClientAppActor pid=1183497)[0m    Validation: 24 samples (client-local)[32m [repeated 284x across cluster][0m
[36m(ClientAppActor pid=1183497)[0m    Test:       50737 samples (global, shared)[32m [repeated 284x across cluster][0m
[36m(ClientAppActor pid=1183524)[0m [Client 19] Data split:[32m [repeated 272x across cluster][0m
[36m(ClientAppActor pid=1183524)[0m    Train:      174 samples (client-local)[32m [repeated 272x across cluster][0m
[36m(ClientAppActor pid=1183524)[0m    Validation: 24 samples (client-local)[32m [repeated 272x across cluster][0m
[36m(ClientAppActor pid=1183524)[0m    Test:       50737 samples (global, shared)[32m [repeated 272x across cluster][0m
[36m(ClientAppActor pid=1183490)[0m [Client 985] Data split:[32m [repeated 288x across cluster][0m
[36m(ClientAppActor pid=1183490)[0m    Train:      173 samples (client-local)[32m [repeated 288x across cluster][0m
[36m(ClientAppActor pid=1183490)[0m    Validation: 24 samples (client-local)[32m [repeated 288x across cluster][0m
[36m(ClientAppActor pid=1183490)[0m    Test:       50737 samples (global, shared)[32m [repeated 288x across cluster][0m
[36m(ClientAppActor pid=1181923)[0m [Client 706] Data split:[32m [repeated 284x across cluster][0m
[36m(ClientAppActor pid=1181923)[0m    Train:      173 samples (client-local)[32m [repeated 284x across cluster][0m
[36m(ClientAppActor pid=1181923)[0m    Validation: 24 samples (client-local)[32m [repeated 284x across cluster][0m
[36m(ClientAppActor pid=1181923)[0m    Test:       50737 samples (global, shared)[32m [repeated 284x across cluster][0m
[36m(ClientAppActor pid=1183497)[0m [Client 568] Data split:[32m [repeated 288x across cluster][0m
[36m(ClientAppActor pid=1183497)[0m    Train:      173 samples (client-local)[32m [repeated 288x across cluster][0m
[36m(ClientAppActor pid=1183497)[0m    Validation: 24 samples (client-local)[32m [repeated 288x across cluster][0m
[36m(ClientAppActor pid=1183497)[0m    Test:       50737 samples (global, shared)[32m [repeated 288x across cluster][0m

🎯 Multi-Threshold Aggregation:
   ═══════════════════════════════════════════════
   Evaluated 10 thresholds:
     • Thr=0.30: Recall=0.945, Spec=0.407, F1=0.337
     • Thr=0.35: Recall=0.919, Spec=0.461, F1=0.350
     • Thr=0.40: Recall=0.893, Spec=0.512, F1=0.364
   ...

   BEST Threshold: 0.55
     • Recall:      0.776
     • Specificity: 0.660
     • F1-Score:    0.400
     • Score:       0.687
   ═══════════════════════════════════════════════

⚠️  No rounds meet spec≥0.7, using recall filter only
 5 Pareto-optimal rounds (not dominated in recall & spec)

🎯 SELECTED ROUND 30:
   Recall:     0.822
   Specificity: 0.611
   F1-Score:    0.389
   Stability:   0.992
   Alerts/1000: 449.0
   Composite:   0.689

[36m(ClientAppActor pid=1181918)[0m [Client 40] Data split:[32m [repeated 264x across cluster][0m
[36m(ClientAppActor pid=1181918)[0m    Train:      174 samples (client-local)[32m [repeated 264x across cluster][0m
[36m(ClientAppActor pid=1181918)[0m    Validation: 24 samples (client-local)[32m [repeated 264x across cluster][0m
[36m(ClientAppActor pid=1181918)[0m    Test:       50737 samples (global, shared)[32m [repeated 264x across cluster][0m
[36m(ClientAppActor pid=1181923)[0m [Client 551] Data split:[32m [repeated 288x across cluster][0m
[36m(ClientAppActor pid=1181923)[0m    Train:      173 samples (client-local)[32m [repeated 288x across cluster][0m
[36m(ClientAppActor pid=1181923)[0m    Validation: 24 samples (client-local)[32m [repeated 288x across cluster][0m
[36m(ClientAppActor pid=1181923)[0m    Test:       50737 samples (global, shared)[32m [repeated 288x across cluster][0m
[36m(ClientAppActor pid=1181923)[0m [Client 303] Data split:[32m [repeated 295x across cluster][0m
[36m(ClientAppActor pid=1181923)[0m    Train:      174 samples (client-local)[32m [repeated 295x across cluster][0m
[36m(ClientAppActor pid=1181923)[0m    Validation: 24 samples (client-local)[32m [repeated 295x across cluster][0m
[36m(ClientAppActor pid=1181923)[0m    Test:       50737 samples (global, shared)[32m [repeated 295x across cluster][0m
[36m(ClientAppActor pid=1181918)[0m [Client 966] Data split:[32m [repeated 242x across cluster][0m
[36m(ClientAppActor pid=1181918)[0m    Train:      173 samples (client-local)[32m [repeated 242x across cluster][0m
[36m(ClientAppActor pid=1181918)[0m    Validation: 24 samples (client-local)[32m [repeated 242x across cluster][0m
[36m(ClientAppActor pid=1181918)[0m    Test:       50737 samples (global, shared)[32m [repeated 242x across cluster][0m
[36m(ClientAppActor pid=1183490)[0m [Client 93] Data split:[32m [repeated 275x across cluster][0m
[36m(ClientAppActor pid=1183490)[0m    Train:      174 samples (client-local)[32m [repeated 275x across cluster][0m
[36m(ClientAppActor pid=1183490)[0m    Validation: 24 samples (client-local)[32m [repeated 275x across cluster][0m
[36m(ClientAppActor pid=1183490)[0m    Test:       50737 samples (global, shared)[32m [repeated 275x across cluster][0m
[36m(ClientAppActor pid=1181926)[0m [Client 186] Data split:[32m [repeated 282x across cluster][0m
[36m(ClientAppActor pid=1181926)[0m    Train:      174 samples (client-local)[32m [repeated 282x across cluster][0m
[36m(ClientAppActor pid=1181926)[0m    Validation: 24 samples (client-local)[32m [repeated 282x across cluster][0m
[36m(ClientAppActor pid=1181926)[0m    Test:       50737 samples (global, shared)[32m [repeated 282x across cluster][0m[36m(ClientAppActor pid=1183489)[0m /home/bax9142/federated-edge-learning/.venv/lib64/python3.13/site-packages/sklearn/metrics/_ranking.py:424: UndefinedMetricWarning: Only one class is present in y_true. ROC AUC score is not defined in that case.[32m [repeated 12x across cluster][0m
[36m(ClientAppActor pid=1183489)[0m   warnings.warn([32m [repeated 12x across cluster][0m
[36m(ClientAppActor pid=1181931)[0m /home/bax9142/federated-edge-learning/.venv/lib64/python3.13/site-packages/sklearn/metrics/_ranking.py:424: UndefinedMetricWarning: Only one class is present in y_true. ROC AUC score is not defined in that case.[32m [repeated 11x across cluster][0m
[36m(ClientAppActor pid=1181931)[0m   warnings.warn([32m [repeated 11x across cluster][0m
[92mINFO [0m:      aggregate_evaluate: received 1024 results and 0 failures
[92mINFO [0m:      
[92mINFO [0m:      [ROUND 33]
[92mINFO [0m:      configure_fit: strategy sampled 819 clients (out of 1024)
[92mINFO [0m:      aggregate_fit: received 819 results and 0 failures
[92mINFO [0m:      configure_evaluate: strategy sampled 1024 clients (out of 1024)
[36m(ClientAppActor pid=1183498)[0m /home/bax9142/federated-edge-learning/.venv/lib64/python3.13/site-packages/sklearn/metrics/_ranking.py:424: UndefinedMetricWarning: Only one class is present in y_true. ROC AUC score is not defined in that case.
[36m(ClientAppActor pid=1183498)[0m   warnings.warn(
[36m(ClientAppActor pid=1181926)[0m /home/bax9142/federated-edge-learning/.venv/lib64/python3.13/site-packages/sklearn/metrics/_ranking.py:424: UndefinedMetricWarning: Only one class is present in y_true. ROC AUC score is not defined in that case.
[36m(ClientAppActor pid=1181926)[0m   warnings.warn(
[36m(ClientAppActor pid=1183537)[0m /home/bax9142/federated-edge-learning/.venv/lib64/python3.13/site-packages/sklearn/metrics/_ranking.py:424: UndefinedMetricWarning: Only one class is present in y_true. ROC AUC score is not defined in that case.[32m [repeated 9x across cluster][0m
[36m(ClientAppActor pid=1183537)[0m   warnings.warn([32m [repeated 9x across cluster][0m
[36m(ClientAppActor pid=1181926)[0m /home/bax9142/federated-edge-learning/.venv/lib64/python3.13/site-packages/sklearn/metrics/_ranking.py:424: UndefinedMetricWarning: Only one class is present in y_true. ROC AUC score is not defined in that case.[32m [repeated 6x across cluster][0m
[36m(ClientAppActor pid=1181926)[0m   warnings.warn([32m [repeated 6x across cluster][0m
[36m(ClientAppActor pid=1183489)[0m /home/bax9142/federated-edge-learning/.venv/lib64/python3.13/site-packages/sklearn/metrics/_ranking.py:424: UndefinedMetricWarning: Only one class is present in y_true. ROC AUC score is not defined in that case.[32m [repeated 10x across cluster][0m
[36m(ClientAppActor pid=1183489)[0m   warnings.warn([32m [repeated 10x across cluster][0m
[92mINFO [0m:      aggregate_evaluate: received 1024 results and 0 failures
[92mINFO [0m:      
[92mINFO [0m:      [ROUND 34]
[92mINFO [0m:      configure_fit: strategy sampled 819 clients (out of 1024)
[92mINFO [0m:      aggregate_fit: received 819 results and 0 failures
[92mINFO [0m:      configure_evaluate: strategy sampled 1024 clients (out of 1024)
[36m(ClientAppActor pid=1181925)[0m /home/bax9142/federated-edge-learning/.venv/lib64/python3.13/site-packages/sklearn/metrics/_ranking.py:424: UndefinedMetricWarning: Only one class is present in y_true. ROC AUC score is not defined in that case.[32m [repeated 5x across cluster][0m
[36m(ClientAppActor pid=1181925)[0m   warnings.warn([32m [repeated 5x across cluster][0m
[36m(ClientAppActor pid=1181931)[0m /home/bax9142/federated-edge-learning/.venv/lib64/python3.13/site-packages/sklearn/metrics/_ranking.py:424: UndefinedMetricWarning: Only one class is present in y_true. ROC AUC score is not defined in that case.[32m [repeated 11x across cluster][0m
[36m(ClientAppActor pid=1181931)[0m   warnings.warn([32m [repeated 11x across cluster][0m
[36m(ClientAppActor pid=1183491)[0m /home/bax9142/federated-edge-learning/.venv/lib64/python3.13/site-packages/sklearn/metrics/_ranking.py:424: UndefinedMetricWarning: Only one class is present in y_true. ROC AUC score is not defined in that case.[32m [repeated 12x across cluster][0m
[36m(ClientAppActor pid=1183491)[0m   warnings.warn([32m [repeated 12x across cluster][0m

[36m(ClientAppActor pid=1181926)[0m [Client 296] Data split:[32m [repeated 282x across cluster][0m
[36m(ClientAppActor pid=1181926)[0m    Train:      174 samples (client-local)[32m [repeated 282x across cluster][0m
[36m(ClientAppActor pid=1181926)[0m    Validation: 24 samples (client-local)[32m [repeated 282x across cluster][0m
[36m(ClientAppActor pid=1181926)[0m    Test:       50737 samples (global, shared)[32m [repeated 282x across cluster][0m

🎯 Multi-Threshold Aggregation:
   ═══════════════════════════════════════════════
   Evaluated 10 thresholds:
     • Thr=0.30: Recall=0.944, Spec=0.409, F1=0.337
     • Thr=0.35: Recall=0.920, Spec=0.462, F1=0.351
     • Thr=0.40: Recall=0.893, Spec=0.514, F1=0.365
   ...

   BEST Threshold: 0.55
     • Recall:      0.777
     • Specificity: 0.661
     • F1-Score:    0.401
     • Score:       0.687
   ═══════════════════════════════════════════════

⚠️  No rounds meet spec≥0.7, using recall filter only
 5 Pareto-optimal rounds (not dominated in recall & spec)

🎯 SELECTED ROUND 30:
   Recall:     0.822
   Specificity: 0.611
   F1-Score:    0.389
   Stability:   0.992
   Alerts/1000: 449.0
   Composite:   0.689

[36m(ClientAppActor pid=1181925)[0m [Client 1005] Data split:[32m [repeated 260x across cluster][0m
[36m(ClientAppActor pid=1181925)[0m    Train:      173 samples (client-local)[32m [repeated 260x across cluster][0m
[36m(ClientAppActor pid=1181925)[0m    Validation: 24 samples (client-local)[32m [repeated 260x across cluster][0m
[36m(ClientAppActor pid=1181925)[0m    Test:       50737 samples (global, shared)[32m [repeated 260x across cluster][0m
[36m(ClientAppActor pid=1181928)[0m [Client 765] Data split:[32m [repeated 286x across cluster][0m
[36m(ClientAppActor pid=1181928)[0m    Train:      173 samples (client-local)[32m [repeated 286x across cluster][0m
[36m(ClientAppActor pid=1181928)[0m    Validation: 24 samples (client-local)[32m [repeated 286x across cluster][0m
[36m(ClientAppActor pid=1181928)[0m    Test:       50737 samples (global, shared)[32m [repeated 286x across cluster][0m
[36m(ClientAppActor pid=1181923)[0m [Client 667] Data split:[32m [repeated 273x across cluster][0m
[36m(ClientAppActor pid=1181923)[0m    Train:      173 samples (client-local)[32m [repeated 273x across cluster][0m
[36m(ClientAppActor pid=1181923)[0m    Validation: 24 samples (client-local)[32m [repeated 273x across cluster][0m
[36m(ClientAppActor pid=1181923)[0m    Test:       50737 samples (global, shared)[32m [repeated 273x across cluster][0m
[36m(ClientAppActor pid=1181923)[0m [Client 712] Data split:[32m [repeated 244x across cluster][0m
[36m(ClientAppActor pid=1181923)[0m    Train:      173 samples (client-local)[32m [repeated 244x across cluster][0m
[36m(ClientAppActor pid=1181923)[0m    Validation: 24 samples (client-local)[32m [repeated 244x across cluster][0m
[36m(ClientAppActor pid=1181923)[0m    Test:       50737 samples (global, shared)[32m [repeated 244x across cluster][0m
[36m(ClientAppActor pid=1181918)[0m [Client 383] Data split:[32m [repeated 281x across cluster][0m
[36m(ClientAppActor pid=1181918)[0m    Train:      174 samples (client-local)[32m [repeated 281x across cluster][0m
[36m(ClientAppActor pid=1181918)[0m    Validation: 24 samples (client-local)[32m [repeated 281x across cluster][0m
[36m(ClientAppActor pid=1181918)[0m    Test:       50737 samples (global, shared)[32m [repeated 281x across cluster][0m
[36m(ClientAppActor pid=1181915)[0m [Client 783] Data split:[32m [repeated 283x across cluster][0m
[36m(ClientAppActor pid=1181915)[0m    Train:      173 samples (client-local)[32m [repeated 283x across cluster][0m
[36m(ClientAppActor pid=1181915)[0m    Validation: 24 samples (client-local)[32m [repeated 283x across cluster][0m
[36m(ClientAppActor pid=1181915)[0m    Test:       50737 samples (global, shared)[32m [repeated 283x across cluster][0m
[36m(ClientAppActor pid=1181912)[0m [Client 130] Data split:[32m [repeated 274x across cluster][0m
[36m(ClientAppActor pid=1181912)[0m    Train:      174 samples (client-local)[32m [repeated 274x across cluster][0m
[36m(ClientAppActor pid=1181912)[0m    Validation: 24 samples (client-local)[32m [repeated 274x across cluster][0m
[36m(ClientAppActor pid=1181912)[0m    Test:       50737 samples (global, shared)[32m [repeated 274x across cluster][0m

🎯 Multi-Threshold Aggregation:
   ═══════════════════════════════════════════════
   Evaluated 10 thresholds:
     • Thr=0.30: Recall=0.944, Spec=0.411, F1=0.338
     • Thr=0.35: Recall=0.920, Spec=0.464, F1=0.352
     • Thr=0.40: Recall=0.893, Spec=0.516, F1=0.366
   ...

   BEST Threshold: 0.55
     • Recall:      0.776
     • Specificity: 0.663
     • F1-Score:    0.402
     • Score:       0.688
   ═══════════════════════════════════════════════

⚠️  No rounds meet spec≥0.7, using recall filter only
 6 Pareto-optimal rounds (not dominated in recall & spec)

🎯 SELECTED ROUND 30:
   Recall:     0.822
   Specificity: 0.611
   F1-Score:    0.389
   Stability:   0.992
   Alerts/1000: 449.0
   Composite:   0.689

[36m(ClientAppActor pid=1181912)[0m [Client 16] Data split:[32m [repeated 276x across cluster][0m
[36m(ClientAppActor pid=1181912)[0m    Train:      174 samples (client-local)[32m [repeated 276x across cluster][0m
[36m(ClientAppActor pid=1181912)[0m    Validation: 24 samples (client-local)[32m [repeated 276x across cluster][0m
[36m(ClientAppActor pid=1181912)[0m    Test:       50737 samples (global, shared)[32m [repeated 276x across cluster][0m
[36m(ClientAppActor pid=1183516)[0m [Client 633] Data split:[32m [repeated 274x across cluster][0m
[36m(ClientAppActor pid=1183516)[0m    Train:      173 samples (client-local)[32m [repeated 274x across cluster][0m
[36m(ClientAppActor pid=1183516)[0m    Validation: 24 samples (client-local)[32m [repeated 274x across cluster][0m
[36m(ClientAppActor pid=1183516)[0m    Test:       50737 samples (global, shared)[32m [repeated 274x across cluster][0m
[36m(ClientAppActor pid=1181925)[0m [Client 260] Data split:[32m [repeated 268x across cluster][0m
[36m(ClientAppActor pid=1181925)[0m    Train:      174 samples (client-local)[32m [repeated 268x across cluster][0m
[36m(ClientAppActor pid=1181925)[0m    Validation: 24 samples (client-local)[32m [repeated 268x across cluster][0m
[36m(ClientAppActor pid=1181925)[0m    Test:       50737 samples (global, shared)[32m [repeated 268x across cluster][0m
[36m(ClientAppActor pid=1181912)[0m [Client 78] Data split:[32m [repeated 241x across cluster][0m
[36m(ClientAppActor pid=1181912)[0m    Train:      174 samples (client-local)[32m [repeated 241x across cluster][0m
[36m(ClientAppActor pid=1181912)[0m    Validation: 24 samples (client-local)[32m [repeated 241x across cluster][0m
[36m(ClientAppActor pid=1181912)[0m    Test:       50737 samples (global, shared)[32m [repeated 241x across cluster][0m
[36m(ClientAppActor pid=1183520)[0m [Client 240] Data split:[32m [repeated 284x across cluster][0m
[36m(ClientAppActor pid=1183520)[0m    Train:      174 samples (client-local)[32m [repeated 284x across cluster][0m
[36m(ClientAppActor pid=1183520)[0m    Validation: 24 samples (client-local)[32m [repeated 284x across cluster][0m
[36m(ClientAppActor pid=1183520)[0m    Test:       50737 samples (global, shared)[32m [repeated 284x across cluster][0m
[36m(ClientAppActor pid=1183526)[0m [Client 121] Data split:[32m [repeated 283x across cluster][0m
[36m(ClientAppActor pid=1183526)[0m    Train:      174 samples (client-local)[32m [repeated 283x across cluster][0m
[36m(ClientAppActor pid=1183526)[0m    Validation: 24 samples (client-local)[32m [repeated 283x across cluster][0m[36m(ClientAppActor pid=1183528)[0m /home/bax9142/federated-edge-learning/.venv/lib64/python3.13/site-packages/sklearn/metrics/_ranking.py:424: UndefinedMetricWarning: Only one class is present in y_true. ROC AUC score is not defined in that case.[32m [repeated 7x across cluster][0m
[36m(ClientAppActor pid=1183528)[0m   warnings.warn([32m [repeated 7x across cluster][0m
[92mINFO [0m:      aggregate_evaluate: received 1024 results and 0 failures
[92mINFO [0m:      
[92mINFO [0m:      [ROUND 35]
[92mINFO [0m:      configure_fit: strategy sampled 819 clients (out of 1024)
[92mINFO [0m:      aggregate_fit: received 819 results and 0 failures
[92mINFO [0m:      configure_evaluate: strategy sampled 1024 clients (out of 1024)
[36m(ClientAppActor pid=1181908)[0m /home/bax9142/federated-edge-learning/.venv/lib64/python3.13/site-packages/sklearn/metrics/_ranking.py:424: UndefinedMetricWarning: Only one class is present in y_true. ROC AUC score is not defined in that case.
[36m(ClientAppActor pid=1181908)[0m   warnings.warn(
[36m(ClientAppActor pid=1183489)[0m /home/bax9142/federated-edge-learning/.venv/lib64/python3.13/site-packages/sklearn/metrics/_ranking.py:424: UndefinedMetricWarning: Only one class is present in y_true. ROC AUC score is not defined in that case.
[36m(ClientAppActor pid=1183489)[0m   warnings.warn(
[36m(ClientAppActor pid=1183529)[0m /home/bax9142/federated-edge-learning/.venv/lib64/python3.13/site-packages/sklearn/metrics/_ranking.py:424: UndefinedMetricWarning: Only one class is present in y_true. ROC AUC score is not defined in that case.[32m [repeated 16x across cluster][0m
[36m(ClientAppActor pid=1183529)[0m   warnings.warn([32m [repeated 16x across cluster][0m
[36m(ClientAppActor pid=1183505)[0m /home/bax9142/federated-edge-learning/.venv/lib64/python3.13/site-packages/sklearn/metrics/_ranking.py:424: UndefinedMetricWarning: Only one class is present in y_true. ROC AUC score is not defined in that case.[32m [repeated 8x across cluster][0m
[36m(ClientAppActor pid=1183505)[0m   warnings.warn([32m [repeated 8x across cluster][0m
[92mINFO [0m:      aggregate_evaluate: received 1024 results and 0 failures
[92mINFO [0m:      
[92mINFO [0m:      [ROUND 36]
[92mINFO [0m:      configure_fit: strategy sampled 819 clients (out of 1024)
[92mINFO [0m:      aggregate_fit: received 819 results and 0 failures
[92mINFO [0m:      configure_evaluate: strategy sampled 1024 clients (out of 1024)
[36m(ClientAppActor pid=1183492)[0m /home/bax9142/federated-edge-learning/.venv/lib64/python3.13/site-packages/sklearn/metrics/_ranking.py:424: UndefinedMetricWarning: Only one class is present in y_true. ROC AUC score is not defined in that case.[32m [repeated 6x across cluster][0m
[36m(ClientAppActor pid=1183492)[0m   warnings.warn([32m [repeated 6x across cluster][0m

[36m(ClientAppActor pid=1183526)[0m    Test:       50737 samples (global, shared)[32m [repeated 283x across cluster][0m

🎯 Multi-Threshold Aggregation:
   ═══════════════════════════════════════════════
   Evaluated 10 thresholds:
     • Thr=0.30: Recall=0.945, Spec=0.412, F1=0.339
     • Thr=0.35: Recall=0.919, Spec=0.465, F1=0.352
     • Thr=0.40: Recall=0.893, Spec=0.516, F1=0.366
   ...

   BEST Threshold: 0.55
     • Recall:      0.777
     • Specificity: 0.663
     • F1-Score:    0.403
     • Score:       0.689
   ═══════════════════════════════════════════════

⚠️  No rounds meet spec≥0.7, using recall filter only
 5 Pareto-optimal rounds (not dominated in recall & spec)

🎯 SELECTED ROUND 34:
   Recall:     0.777
   Specificity: 0.663
   F1-Score:    0.403
   Stability:   1.000
   Alerts/1000: 397.9
   Composite:   0.690


✅ Round 34 is NEW BEST - Saving checkpoint...
   💾 Checkpoint saved: result/splits_iid_scaling/splits_iid_1024_clients.json/multi_thr/model_round_34.pt
⚠️  No rounds meet spec≥0.7, using recall filter only
 5 Pareto-optimal rounds (not dominated in recall & spec)

🎯 SELECTED ROUND 34:
   Recall:     0.777
   Specificity: 0.663
   F1-Score:    0.403
   Stability:   1.000
   Alerts/1000: 397.9
   Composite:   0.690

   💾 Best model saved: result/splits_iid_scaling/splits_iid_1024_clients.json/multi_thr/model_round_34.pt
   📊 Metrics saved: result/splits_iid_scaling/splits_iid_1024_clients.json/multi_thr/run_1.json
[36m(ClientAppActor pid=1183505)[0m [Client 967] Data split:[32m [repeated 271x across cluster][0m
[36m(ClientAppActor pid=1183505)[0m    Train:      173 samples (client-local)[32m [repeated 271x across cluster][0m
[36m(ClientAppActor pid=1183505)[0m    Validation: 24 samples (client-local)[32m [repeated 271x across cluster][0m
[36m(ClientAppActor pid=1183505)[0m    Test:       50737 samples (global, shared)[32m [repeated 271x across cluster][0m
[36m(ClientAppActor pid=1181923)[0m [Client 411] Data split:[32m [repeated 278x across cluster][0m
[36m(ClientAppActor pid=1181923)[0m    Train:      174 samples (client-local)[32m [repeated 278x across cluster][0m
[36m(ClientAppActor pid=1181923)[0m    Validation: 24 samples (client-local)[32m [repeated 278x across cluster][0m
[36m(ClientAppActor pid=1181923)[0m    Test:       50737 samples (global, shared)[32m [repeated 278x across cluster][0m
[36m(ClientAppActor pid=1183496)[0m [Client 153] Data split:[32m [repeated 290x across cluster][0m
[36m(ClientAppActor pid=1183496)[0m    Train:      174 samples (client-local)[32m [repeated 290x across cluster][0m
[36m(ClientAppActor pid=1183496)[0m    Validation: 24 samples (client-local)[32m [repeated 290x across cluster][0m
[36m(ClientAppActor pid=1183496)[0m    Test:       50737 samples (global, shared)[32m [repeated 290x across cluster][0m
[36m(ClientAppActor pid=1181918)[0m [Client 659] Data split:[32m [repeated 240x across cluster][0m
[36m(ClientAppActor pid=1181918)[0m    Train:      173 samples (client-local)[32m [repeated 240x across cluster][0m
[36m(ClientAppActor pid=1181918)[0m    Validation: 24 samples (client-local)[32m [repeated 240x across cluster][0m
[36m(ClientAppActor pid=1181918)[0m    Test:       50737 samples (global, shared)[32m [repeated 240x across cluster][0m
[36m(ClientAppActor pid=1181925)[0m [Client 979] Data split:[32m [repeated 270x across cluster][0m
[36m(ClientAppActor pid=1181925)[0m    Train:      173 samples (client-local)[32m [repeated 270x across cluster][0m
[36m(ClientAppActor pid=1181925)[0m    Validation: 24 samples (client-local)[32m [repeated 270x across cluster][0m
[36m(ClientAppActor pid=1181925)[0m    Test:       50737 samples (global, shared)[32m [repeated 270x across cluster][0m
[36m(ClientAppActor pid=1181925)[0m [Client 683] Data split:[32m [repeated 287x across cluster][0m
[36m(ClientAppActor pid=1181925)[0m    Train:      173 samples (client-local)[32m [repeated 287x across cluster][0m
[36m(ClientAppActor pid=1181925)[0m    Validation: 24 samples (client-local)[32m [repeated 287x across cluster][0m
[36m(ClientAppActor pid=1181925)[0m    Test:       50737 samples (global, shared)[32m [repeated 287x across cluster][0m
[36m(ClientAppActor pid=1181918)[0m [Client 353] Data split:[32m [repeated 284x across cluster][0m
[36m(ClientAppActor pid=1181918)[0m    Train:      174 samples (client-local)[32m [repeated 284x across cluster][0m
[36m(ClientAppActor pid=1181918)[0m    Validation: 24 samples (client-local)[32m [repeated 284x across cluster][0m
[36m(ClientAppActor pid=1181918)[0m    Test:       50737 samples (global, shared)[32m [repeated 284x across cluster][0m

🎯 Multi-Threshold Aggregation:
   ═══════════════════════════════════════════════
   Evaluated 10 thresholds:
     • Thr=0.30: Recall=0.945, Spec=0.413, F1=0.339
     • Thr=0.35: Recall=0.919, Spec=0.466, F1=0.352
     • Thr=0.40: Recall=0.894, Spec=0.517, F1=0.367
   ...

   BEST Threshold: 0.55
     • Recall:      0.777
     • Specificity: 0.664
     • F1-Score:    0.403
     • Score:       0.689
   ═══════════════════════════════════════════════

⚠️  No rounds meet spec≥0.7, using recall filter only
 6 Pareto-optimal rounds (not dominated in recall & spec)

🎯 SELECTED ROUND 35:
   Recall:     0.777
   Specificity: 0.664
   F1-Score:    0.403
   Stability:   1.000
   Alerts/1000: 397.4
   Composite:   0.690


✅ Round 35 is NEW BEST - Saving checkpoint...
   💾 Checkpoint saved: result/splits_iid_scaling/splits_iid_1024_clients.json/multi_thr/model_round_35.pt
⚠️  No rounds meet spec≥0.7, using recall filter only
 6 Pareto-optimal rounds (not dominated in recall & spec)

🎯 SELECTED ROUND 35:
   Recall:     0.777
   Specificity: 0.664
   F1-Score:    0.403
   Stability:   1.000
   Alerts/1000: 397.4
   Composite:   0.690

   💾 Best model saved: result/splits_iid_scaling/splits_iid_1024_clients.json/multi_thr/model_round_35.pt
   📊 Metrics saved: result/splits_iid_scaling/splits_iid_1024_clients.json/multi_thr/run_1.json
[36m(ClientAppActor pid=1181923)[0m [Client 352] Data split:[32m [repeated 258x across cluster][0m
[36m(ClientAppActor pid=1181923)[0m    Train:      174 samples (client-local)[32m [repeated 258x across cluster][0m
[36m(ClientAppActor pid=1181923)[0m    Validation: 24 samples (client-local)[32m [repeated 258x across cluster][0m
[36m(ClientAppActor pid=1181923)[0m    Test:       50737 samples (global, shared)[32m [repeated 258x across cluster][0m
[36m(ClientAppActor pid=1181908)[0m 
[36m(ClientAppActor pid=1181908)[0m 
[36m(ClientAppActor pid=1181923)[0m [Client 133] Data split:[32m [repeated 280x across cluster][0m
[36m(ClientAppActor pid=1181923)[0m    Train:      174 samples (client-local)[32m [repeated 280x across cluster][0m
[36m(ClientAppActor pid=1181923)[0m    Validation: 24 samples (client-local)[32m [repeated 280x across cluster][0m
[36m(ClientAppActor pid=1181923)[0m    Test:       50737 samples (global, shared)[32m [repeated 280x across cluster][0m
[36m(ClientAppActor pid=1181930)[0m [Client 310] Data split:[32m [repeated 291x across cluster][0m
[36m(ClientAppActor pid=1181930)[0m    Train:      174 samples (client-local)[32m [repeated 291x across cluster][0m
[36m(ClientAppActor pid=1181930)[0m    Validation: 24 samples (client-local)[32m [repeated 291x across cluster][0m
[36m(ClientAppActor pid=1181930)[0m    Test:       50737 samples (global, shared)[32m [repeated 291x across cluster][0m
[36m(ClientAppActor pid=1181918)[0m [Client 360] Data split:[32m [repeated 252x across cluster][0m
[36m(ClientAppActor pid=1181918)[0m    Train:      174 samples (client-local)[32m [repeated 252x across cluster][0m[36m(ClientAppActor pid=1183529)[0m /home/bax9142/federated-edge-learning/.venv/lib64/python3.13/site-packages/sklearn/metrics/_ranking.py:424: UndefinedMetricWarning: Only one class is present in y_true. ROC AUC score is not defined in that case.[32m [repeated 11x across cluster][0m
[36m(ClientAppActor pid=1183529)[0m   warnings.warn([32m [repeated 11x across cluster][0m
[36m(ClientAppActor pid=1183490)[0m /home/bax9142/federated-edge-learning/.venv/lib64/python3.13/site-packages/sklearn/metrics/_ranking.py:424: UndefinedMetricWarning: Only one class is present in y_true. ROC AUC score is not defined in that case.[32m [repeated 9x across cluster][0m
[36m(ClientAppActor pid=1183490)[0m   warnings.warn([32m [repeated 9x across cluster][0m
[92mINFO [0m:      aggregate_evaluate: received 1024 results and 0 failures
[92mINFO [0m:      
[92mINFO [0m:      [ROUND 37]
[92mINFO [0m:      configure_fit: strategy sampled 819 clients (out of 1024)
[92mINFO [0m:      aggregate_fit: received 819 results and 0 failures
[92mINFO [0m:      configure_evaluate: strategy sampled 1024 clients (out of 1024)
[36m(ClientAppActor pid=1183537)[0m /home/bax9142/federated-edge-learning/.venv/lib64/python3.13/site-packages/sklearn/metrics/_ranking.py:424: UndefinedMetricWarning: Only one class is present in y_true. ROC AUC score is not defined in that case.[32m [repeated 11x across cluster][0m
[36m(ClientAppActor pid=1183537)[0m   warnings.warn([32m [repeated 11x across cluster][0m
[36m(ClientAppActor pid=1181930)[0m /home/bax9142/federated-edge-learning/.venv/lib64/python3.13/site-packages/sklearn/metrics/_ranking.py:424: UndefinedMetricWarning: Only one class is present in y_true. ROC AUC score is not defined in that case.[32m [repeated 8x across cluster][0m
[36m(ClientAppActor pid=1181930)[0m   warnings.warn([32m [repeated 8x across cluster][0m
[36m(ClientAppActor pid=1183525)[0m /home/bax9142/federated-edge-learning/.venv/lib64/python3.13/site-packages/sklearn/metrics/_ranking.py:424: UndefinedMetricWarning: Only one class is present in y_true. ROC AUC score is not defined in that case.[32m [repeated 11x across cluster][0m
[36m(ClientAppActor pid=1183525)[0m   warnings.warn([32m [repeated 11x across cluster][0m
[92mINFO [0m:      aggregate_evaluate: received 1024 results and 0 failures
[92mINFO [0m:      
[92mINFO [0m:      [ROUND 38]
[92mINFO [0m:      configure_fit: strategy sampled 819 clients (out of 1024)

[36m(ClientAppActor pid=1181918)[0m    Validation: 24 samples (client-local)[32m [repeated 252x across cluster][0m
[36m(ClientAppActor pid=1181918)[0m    Test:       50737 samples (global, shared)[32m [repeated 252x across cluster][0m
[36m(ClientAppActor pid=1181925)[0m [Client 414] Data split:[32m [repeated 285x across cluster][0m
[36m(ClientAppActor pid=1181925)[0m    Train:      174 samples (client-local)[32m [repeated 285x across cluster][0m
[36m(ClientAppActor pid=1181925)[0m    Validation: 24 samples (client-local)[32m [repeated 285x across cluster][0m
[36m(ClientAppActor pid=1181925)[0m    Test:       50737 samples (global, shared)[32m [repeated 285x across cluster][0m
[36m(ClientAppActor pid=1181931)[0m [Client 236] Data split:[32m [repeated 289x across cluster][0m
[36m(ClientAppActor pid=1181931)[0m    Train:      174 samples (client-local)[32m [repeated 289x across cluster][0m
[36m(ClientAppActor pid=1181931)[0m    Validation: 24 samples (client-local)[32m [repeated 289x across cluster][0m
[36m(ClientAppActor pid=1181931)[0m    Test:       50737 samples (global, shared)[32m [repeated 289x across cluster][0m
[36m(ClientAppActor pid=1181926)[0m [Client 929] Data split:[32m [repeated 282x across cluster][0m
[36m(ClientAppActor pid=1181926)[0m    Train:      173 samples (client-local)[32m [repeated 282x across cluster][0m
[36m(ClientAppActor pid=1181926)[0m    Validation: 24 samples (client-local)[32m [repeated 282x across cluster][0m
[36m(ClientAppActor pid=1181926)[0m    Test:       50737 samples (global, shared)[32m [repeated 282x across cluster][0m

🎯 Multi-Threshold Aggregation:
   ═══════════════════════════════════════════════
   Evaluated 10 thresholds:
     • Thr=0.30: Recall=0.945, Spec=0.413, F1=0.339
     • Thr=0.35: Recall=0.919, Spec=0.466, F1=0.352
     • Thr=0.40: Recall=0.894, Spec=0.518, F1=0.367
   ...

   BEST Threshold: 0.55
     • Recall:      0.779
     • Specificity: 0.663
     • F1-Score:    0.404
     • Score:       0.689
   ═══════════════════════════════════════════════

⚠️  No rounds meet spec≥0.7, using recall filter only
 6 Pareto-optimal rounds (not dominated in recall & spec)

🎯 SELECTED ROUND 36:
   Recall:     0.779
   Specificity: 0.663
   F1-Score:    0.404
   Stability:   1.000
   Alerts/1000: 398.7
   Composite:   0.691


✅ Round 36 is NEW BEST - Saving checkpoint...
   💾 Checkpoint saved: result/splits_iid_scaling/splits_iid_1024_clients.json/multi_thr/model_round_36.pt
⚠️  No rounds meet spec≥0.7, using recall filter only
 6 Pareto-optimal rounds (not dominated in recall & spec)

🎯 SELECTED ROUND 36:
   Recall:     0.779
   Specificity: 0.663
   F1-Score:    0.404
   Stability:   1.000
   Alerts/1000: 398.7
   Composite:   0.691

   💾 Best model saved: result/splits_iid_scaling/splits_iid_1024_clients.json/multi_thr/model_round_36.pt
   📊 Metrics saved: result/splits_iid_scaling/splits_iid_1024_clients.json/multi_thr/run_1.json
[36m(ClientAppActor pid=1181931)[0m [Client 555] Data split:[32m [repeated 263x across cluster][0m
[36m(ClientAppActor pid=1181931)[0m    Train:      173 samples (client-local)[32m [repeated 263x across cluster][0m
[36m(ClientAppActor pid=1181931)[0m    Validation: 24 samples (client-local)[32m [repeated 263x across cluster][0m
[36m(ClientAppActor pid=1181931)[0m    Test:       50737 samples (global, shared)[32m [repeated 263x across cluster][0m
[36m(ClientAppActor pid=1181931)[0m [Client 74] Data split:[32m [repeated 279x across cluster][0m
[36m(ClientAppActor pid=1181931)[0m    Train:      174 samples (client-local)[32m [repeated 279x across cluster][0m
[36m(ClientAppActor pid=1181931)[0m    Validation: 24 samples (client-local)[32m [repeated 279x across cluster][0m
[36m(ClientAppActor pid=1181931)[0m    Test:       50737 samples (global, shared)[32m [repeated 279x across cluster][0m
[36m(ClientAppActor pid=1181915)[0m [Client 60] Data split:[32m [repeated 280x across cluster][0m
[36m(ClientAppActor pid=1181915)[0m    Train:      174 samples (client-local)[32m [repeated 280x across cluster][0m
[36m(ClientAppActor pid=1181915)[0m    Validation: 24 samples (client-local)[32m [repeated 280x across cluster][0m
[36m(ClientAppActor pid=1181915)[0m    Test:       50737 samples (global, shared)[32m [repeated 280x across cluster][0m
[36m(ClientAppActor pid=1181918)[0m [Client 791] Data split:[32m [repeated 243x across cluster][0m
[36m(ClientAppActor pid=1181918)[0m    Train:      173 samples (client-local)[32m [repeated 243x across cluster][0m
[36m(ClientAppActor pid=1181918)[0m    Validation: 24 samples (client-local)[32m [repeated 243x across cluster][0m
[36m(ClientAppActor pid=1181918)[0m    Test:       50737 samples (global, shared)[32m [repeated 243x across cluster][0m
[36m(ClientAppActor pid=1183375)[0m [Client 1022] Data split:[32m [repeated 284x across cluster][0m
[36m(ClientAppActor pid=1183375)[0m    Train:      173 samples (client-local)[32m [repeated 284x across cluster][0m
[36m(ClientAppActor pid=1183375)[0m    Validation: 24 samples (client-local)[32m [repeated 284x across cluster][0m
[36m(ClientAppActor pid=1183375)[0m    Test:       50737 samples (global, shared)[32m [repeated 284x across cluster][0m
[36m(ClientAppActor pid=1181926)[0m [Client 1000] Data split:[32m [repeated 287x across cluster][0m
[36m(ClientAppActor pid=1181926)[0m    Train:      173 samples (client-local)[32m [repeated 287x across cluster][0m
[36m(ClientAppActor pid=1181926)[0m    Validation: 24 samples (client-local)[32m [repeated 287x across cluster][0m
[36m(ClientAppActor pid=1181926)[0m    Test:       50737 samples (global, shared)[32m [repeated 287x across cluster][0m
[36m(ClientAppActor pid=1181925)[0m [Client 859] Data split:[32m [repeated 261x across cluster][0m
[36m(ClientAppActor pid=1181925)[0m    Train:      173 samples (client-local)[32m [repeated 261x across cluster][0m
[36m(ClientAppActor pid=1181925)[0m    Validation: 24 samples (client-local)[32m [repeated 261x across cluster][0m
[36m(ClientAppActor pid=1181925)[0m    Test:       50737 samples (global, shared)[32m [repeated 261x across cluster][0m

🎯 Multi-Threshold Aggregation:
   ═══════════════════════════════════════════════
   Evaluated 10 thresholds:
     • Thr=0.30: Recall=0.945, Spec=0.416, F1=0.340
     • Thr=0.35: Recall=0.919, Spec=0.468, F1=0.353
     • Thr=0.40: Recall=0.893, Spec=0.519, F1=0.367
   ...

   BEST Threshold: 0.55
     • Recall:      0.779
     • Specificity: 0.665
     • F1-Score:    0.405
     • Score:       0.690
   ═══════════════════════════════════════════════

⚠️  No rounds meet spec≥0.7, using recall filter only
 5 Pareto-optimal rounds (not dominated in recall & spec)

🎯 SELECTED ROUND 37:
   Recall:     0.779
   Specificity: 0.665
   F1-Score:    0.405
   Stability:   1.000
   Alerts/1000: 396.7
   Composite:   0.692


✅ Round 37 is NEW BEST - Saving checkpoint...
   💾 Checkpoint saved: result/splits_iid_scaling/splits_iid_1024_clients.json/multi_thr/model_round_37.pt
⚠️  No rounds meet spec≥0.7, using recall filter only
 5 Pareto-optimal rounds (not dominated in recall & spec)

🎯 SELECTED ROUND 37:
   Recall:     0.779
   Specificity: 0.665
   F1-Score:    0.405
   Stability:   1.000
   Alerts/1000: 396.7
   Composite:   0.692

   💾 Best model saved: result/splits_iid_scaling/splits_iid_1024_clients.json/multi_thr/model_round_37.pt
   📊 Metrics saved: result/splits_iid_scaling/splits_iid_1024_clients.json/multi_thr/run_1.json
[36m(ClientAppActor pid=1181918)[0m [Client 878] Data split:[32m [repeated 262x across cluster][0m
[36m(ClientAppActor pid=1181918)[0m    Train:      173 samples (client-local)[32m [repeated 262x across cluster][0m[92mINFO [0m:      aggregate_fit: received 819 results and 0 failures
[92mINFO [0m:      configure_evaluate: strategy sampled 1024 clients (out of 1024)
[36m(ClientAppActor pid=1181926)[0m /home/bax9142/federated-edge-learning/.venv/lib64/python3.13/site-packages/sklearn/metrics/_ranking.py:424: UndefinedMetricWarning: Only one class is present in y_true. ROC AUC score is not defined in that case.[32m [repeated 12x across cluster][0m
[36m(ClientAppActor pid=1181926)[0m   warnings.warn([32m [repeated 12x across cluster][0m
[36m(ClientAppActor pid=1183375)[0m /home/bax9142/federated-edge-learning/.venv/lib64/python3.13/site-packages/sklearn/metrics/_ranking.py:424: UndefinedMetricWarning: Only one class is present in y_true. ROC AUC score is not defined in that case.[32m [repeated 11x across cluster][0m
[36m(ClientAppActor pid=1183375)[0m   warnings.warn([32m [repeated 11x across cluster][0m
[36m(ClientAppActor pid=1181925)[0m /home/bax9142/federated-edge-learning/.venv/lib64/python3.13/site-packages/sklearn/metrics/_ranking.py:424: UndefinedMetricWarning: Only one class is present in y_true. ROC AUC score is not defined in that case.[32m [repeated 7x across cluster][0m
[36m(ClientAppActor pid=1181925)[0m   warnings.warn([32m [repeated 7x across cluster][0m
[36m(ClientAppActor pid=1183516)[0m /home/bax9142/federated-edge-learning/.venv/lib64/python3.13/site-packages/sklearn/metrics/_ranking.py:424: UndefinedMetricWarning: Only one class is present in y_true. ROC AUC score is not defined in that case.[32m [repeated 9x across cluster][0m
[36m(ClientAppActor pid=1183516)[0m   warnings.warn([32m [repeated 9x across cluster][0m
[92mINFO [0m:      aggregate_evaluate: received 1024 results and 0 failures
[92mINFO [0m:      
[92mINFO [0m:      [ROUND 39]
[92mINFO [0m:      configure_fit: strategy sampled 819 clients (out of 1024)
[92mINFO [0m:      aggregate_fit: received 819 results and 0 failures
[92mINFO [0m:      configure_evaluate: strategy sampled 1024 clients (out of 1024)
[36m(ClientAppActor pid=1181929)[0m /home/bax9142/federated-edge-learning/.venv/lib64/python3.13/site-packages/sklearn/metrics/_ranking.py:424: UndefinedMetricWarning: Only one class is present in y_true. ROC AUC score is not defined in that case.[32m [repeated 4x across cluster][0m
[36m(ClientAppActor pid=1181929)[0m   warnings.warn([32m [repeated 4x across cluster][0m
[36m(ClientAppActor pid=1181928)[0m /home/bax9142/federated-edge-learning/.venv/lib64/python3.13/site-packages/sklearn/metrics/_ranking.py:424: UndefinedMetricWarning: Only one class is present in y_true. ROC AUC score is not defined in that case.[32m [repeated 9x across cluster][0m
[36m(ClientAppActor pid=1181928)[0m   warnings.warn([32m [repeated 9x across cluster][0m
[36m(ClientAppActor pid=1183526)[0m /home/bax9142/federated-edge-learning/.venv/lib64/python3.13/site-packages/sklearn/metrics/_ranking.py:424: UndefinedMetricWarning: Only one class is present in y_true. ROC AUC score is not defined in that case.[32m [repeated 12x across cluster][0m
[36m(ClientAppActor pid=1183526)[0m   warnings.warn([32m [repeated 12x across cluster][0m
[36m(ClientAppActor pid=1183515)[0m /home/bax9142/federated-edge-learning/.venv/lib64/python3.13/site-packages/sklearn/metrics/_ranking.py:424: UndefinedMetricWarning: Only one class is present in y_true. ROC AUC score is not defined in that case.[32m [repeated 7x across cluster][0m
[36m(ClientAppActor pid=1183515)[0m   warnings.warn([32m [repeated 7x across cluster][0m
[92mINFO [0m:      aggregate_evaluate: received 1024 results and 0 failures

[36m(ClientAppActor pid=1181918)[0m    Validation: 24 samples (client-local)[32m [repeated 262x across cluster][0m
[36m(ClientAppActor pid=1181918)[0m    Test:       50737 samples (global, shared)[32m [repeated 262x across cluster][0m
[36m(ClientAppActor pid=1181918)[0m [Client 880] Data split:[32m [repeated 282x across cluster][0m
[36m(ClientAppActor pid=1181918)[0m    Train:      173 samples (client-local)[32m [repeated 282x across cluster][0m
[36m(ClientAppActor pid=1181918)[0m    Validation: 24 samples (client-local)[32m [repeated 282x across cluster][0m
[36m(ClientAppActor pid=1181918)[0m    Test:       50737 samples (global, shared)[32m [repeated 282x across cluster][0m
[36m(ClientAppActor pid=1183516)[0m [Client 813] Data split:[32m [repeated 285x across cluster][0m
[36m(ClientAppActor pid=1183516)[0m    Train:      173 samples (client-local)[32m [repeated 285x across cluster][0m
[36m(ClientAppActor pid=1183516)[0m    Validation: 24 samples (client-local)[32m [repeated 285x across cluster][0m
[36m(ClientAppActor pid=1183516)[0m    Test:       50737 samples (global, shared)[32m [repeated 285x across cluster][0m
[36m(ClientAppActor pid=1183491)[0m [Client 1016] Data split:[32m [repeated 234x across cluster][0m
[36m(ClientAppActor pid=1183491)[0m    Train:      173 samples (client-local)[32m [repeated 234x across cluster][0m
[36m(ClientAppActor pid=1183491)[0m    Validation: 24 samples (client-local)[32m [repeated 234x across cluster][0m
[36m(ClientAppActor pid=1183491)[0m    Test:       50737 samples (global, shared)[32m [repeated 234x across cluster][0m
[36m(ClientAppActor pid=1183489)[0m [Client 42] Data split:[32m [repeated 284x across cluster][0m
[36m(ClientAppActor pid=1183489)[0m    Train:      174 samples (client-local)[32m [repeated 284x across cluster][0m
[36m(ClientAppActor pid=1183489)[0m    Validation: 24 samples (client-local)[32m [repeated 284x across cluster][0m
[36m(ClientAppActor pid=1183489)[0m    Test:       50737 samples (global, shared)[32m [repeated 284x across cluster][0m
[36m(ClientAppActor pid=1181918)[0m [Client 888] Data split:[32m [repeated 288x across cluster][0m
[36m(ClientAppActor pid=1181918)[0m    Train:      173 samples (client-local)[32m [repeated 288x across cluster][0m
[36m(ClientAppActor pid=1181918)[0m    Validation: 24 samples (client-local)[32m [repeated 288x across cluster][0m
[36m(ClientAppActor pid=1181918)[0m    Test:       50737 samples (global, shared)[32m [repeated 288x across cluster][0m

🎯 Multi-Threshold Aggregation:
   ═══════════════════════════════════════════════
   Evaluated 10 thresholds:
     • Thr=0.30: Recall=0.944, Spec=0.417, F1=0.341
     • Thr=0.35: Recall=0.920, Spec=0.469, F1=0.354
     • Thr=0.40: Recall=0.893, Spec=0.521, F1=0.368
   ...

   BEST Threshold: 0.55
     • Recall:      0.779
     • Specificity: 0.665
     • F1-Score:    0.405
     • Score:       0.690
   ═══════════════════════════════════════════════

⚠️  No rounds meet spec≥0.7, using recall filter only
 5 Pareto-optimal rounds (not dominated in recall & spec)

🎯 SELECTED ROUND 38:
   Recall:     0.779
   Specificity: 0.665
   F1-Score:    0.405
   Stability:   1.000
   Alerts/1000: 396.5
   Composite:   0.692


✅ Round 38 is NEW BEST - Saving checkpoint...
   💾 Checkpoint saved: result/splits_iid_scaling/splits_iid_1024_clients.json/multi_thr/model_round_38.pt
⚠️  No rounds meet spec≥0.7, using recall filter only
 5 Pareto-optimal rounds (not dominated in recall & spec)

🎯 SELECTED ROUND 38:
   Recall:     0.779
   Specificity: 0.665
   F1-Score:    0.405
   Stability:   1.000
   Alerts/1000: 396.5
   Composite:   0.692

   💾 Best model saved: result/splits_iid_scaling/splits_iid_1024_clients.json/multi_thr/model_round_38.pt
   📊 Metrics saved: result/splits_iid_scaling/splits_iid_1024_clients.json/multi_thr/run_1.json
[36m(ClientAppActor pid=1181923)[0m [Client 900] Data split:[32m [repeated 263x across cluster][0m
[36m(ClientAppActor pid=1181923)[0m    Train:      173 samples (client-local)[32m [repeated 263x across cluster][0m
[36m(ClientAppActor pid=1181923)[0m    Validation: 24 samples (client-local)[32m [repeated 263x across cluster][0m
[36m(ClientAppActor pid=1181923)[0m    Test:       50737 samples (global, shared)[32m [repeated 263x across cluster][0m
[36m(ClientAppActor pid=1181923)[0m [Client 945] Data split:[32m [repeated 278x across cluster][0m
[36m(ClientAppActor pid=1181923)[0m    Train:      173 samples (client-local)[32m [repeated 278x across cluster][0m
[36m(ClientAppActor pid=1181923)[0m    Validation: 24 samples (client-local)[32m [repeated 278x across cluster][0m
[36m(ClientAppActor pid=1181923)[0m    Test:       50737 samples (global, shared)[32m [repeated 278x across cluster][0m
[36m(ClientAppActor pid=1181918)[0m [Client 584] Data split:[32m [repeated 278x across cluster][0m
[36m(ClientAppActor pid=1181918)[0m    Train:      173 samples (client-local)[32m [repeated 278x across cluster][0m
[36m(ClientAppActor pid=1181918)[0m    Validation: 24 samples (client-local)[32m [repeated 278x across cluster][0m
[36m(ClientAppActor pid=1181918)[0m    Test:       50737 samples (global, shared)[32m [repeated 278x across cluster][0m
[36m(ClientAppActor pid=1181923)[0m [Client 274] Data split:[32m [repeated 253x across cluster][0m
[36m(ClientAppActor pid=1181923)[0m    Train:      174 samples (client-local)[32m [repeated 253x across cluster][0m
[36m(ClientAppActor pid=1181923)[0m    Validation: 24 samples (client-local)[32m [repeated 253x across cluster][0m
[36m(ClientAppActor pid=1181923)[0m    Test:       50737 samples (global, shared)[32m [repeated 253x across cluster][0m
[36m(ClientAppActor pid=1181930)[0m [Client 662] Data split:[32m [repeated 273x across cluster][0m
[36m(ClientAppActor pid=1181930)[0m    Train:      173 samples (client-local)[32m [repeated 273x across cluster][0m
[36m(ClientAppActor pid=1181930)[0m    Validation: 24 samples (client-local)[32m [repeated 273x across cluster][0m
[36m(ClientAppActor pid=1181930)[0m    Test:       50737 samples (global, shared)[32m [repeated 273x across cluster][0m
[36m(ClientAppActor pid=1181918)[0m [Client 883] Data split:[32m [repeated 276x across cluster][0m
[36m(ClientAppActor pid=1181918)[0m    Train:      173 samples (client-local)[32m [repeated 276x across cluster][0m
[36m(ClientAppActor pid=1181918)[0m    Validation: 24 samples (client-local)[32m [repeated 276x across cluster][0m
[36m(ClientAppActor pid=1181918)[0m    Test:       50737 samples (global, shared)[32m [repeated 276x across cluster][0m
[36m(ClientAppActor pid=1181918)[0m [Client 261] Data split:[32m [repeated 288x across cluster][0m
[36m(ClientAppActor pid=1181918)[0m    Train:      174 samples (client-local)[32m [repeated 288x across cluster][0m
[36m(ClientAppActor pid=1181918)[0m    Validation: 24 samples (client-local)[32m [repeated 288x across cluster][0m
[36m(ClientAppActor pid=1181918)[0m    Test:       50737 samples (global, shared)[32m [repeated 288x across cluster][0m

🎯 Multi-Threshold Aggregation:
   ═══════════════════════════════════════════════
   Evaluated 10 thresholds:
     • Thr=0.30: Recall=0.945, Spec=0.417, F1=0.341
     • Thr=0.35: Recall=0.921, Spec=0.469, F1=0.354
     • Thr=0.40: Recall=0.894, Spec=0.520, F1=0.368
   ...

   BEST Threshold: 0.55
     • Recall:      0.781
     • Specificity: 0.664
     • F1-Score:    0.406
     • Score:       0.691
   ═══════════════════════════════════════════════

⚠️  No rounds meet spec≥0.7, using recall filter only
 3 Pareto-optimal rounds (not dominated in recall & spec)

🎯 SELECTED ROUND 39:[92mINFO [0m:      
[92mINFO [0m:      [ROUND 40]
[92mINFO [0m:      configure_fit: strategy sampled 819 clients (out of 1024)
[92mINFO [0m:      aggregate_fit: received 819 results and 0 failures
[92mINFO [0m:      configure_evaluate: strategy sampled 1024 clients (out of 1024)
[36m(ClientAppActor pid=1183497)[0m /home/bax9142/federated-edge-learning/.venv/lib64/python3.13/site-packages/sklearn/metrics/_ranking.py:424: UndefinedMetricWarning: Only one class is present in y_true. ROC AUC score is not defined in that case.[32m [repeated 3x across cluster][0m
[36m(ClientAppActor pid=1183497)[0m   warnings.warn([32m [repeated 3x across cluster][0m
[36m(ClientAppActor pid=1183525)[0m /home/bax9142/federated-edge-learning/.venv/lib64/python3.13/site-packages/sklearn/metrics/_ranking.py:424: UndefinedMetricWarning: Only one class is present in y_true. ROC AUC score is not defined in that case.[32m [repeated 10x across cluster][0m
[36m(ClientAppActor pid=1183525)[0m   warnings.warn([32m [repeated 10x across cluster][0m
[36m(ClientAppActor pid=1181912)[0m /home/bax9142/federated-edge-learning/.venv/lib64/python3.13/site-packages/sklearn/metrics/_ranking.py:424: UndefinedMetricWarning: Only one class is present in y_true. ROC AUC score is not defined in that case.[32m [repeated 7x across cluster][0m
[36m(ClientAppActor pid=1181912)[0m   warnings.warn([32m [repeated 7x across cluster][0m
[36m(ClientAppActor pid=1183488)[0m /home/bax9142/federated-edge-learning/.venv/lib64/python3.13/site-packages/sklearn/metrics/_ranking.py:424: UndefinedMetricWarning: Only one class is present in y_true. ROC AUC score is not defined in that case.[32m [repeated 9x across cluster][0m
[36m(ClientAppActor pid=1183488)[0m   warnings.warn([32m [repeated 9x across cluster][0m
[92mINFO [0m:      aggregate_evaluate: received 1024 results and 0 failures
[92mINFO [0m:      
[92mINFO [0m:      [ROUND 41]
[92mINFO [0m:      configure_fit: strategy sampled 819 clients (out of 1024)
[92mINFO [0m:      aggregate_fit: received 819 results and 0 failures
[92mINFO [0m:      configure_evaluate: strategy sampled 1024 clients (out of 1024)
[36m(ClientAppActor pid=1183375)[0m /home/bax9142/federated-edge-learning/.venv/lib64/python3.13/site-packages/sklearn/metrics/_ranking.py:424: UndefinedMetricWarning: Only one class is present in y_true. ROC AUC score is not defined in that case.[32m [repeated 5x across cluster][0m
[36m(ClientAppActor pid=1183375)[0m   warnings.warn([32m [repeated 5x across cluster][0m
[36m(ClientAppActor pid=1183492)[0m /home/bax9142/federated-edge-learning/.venv/lib64/python3.13/site-packages/sklearn/metrics/_ranking.py:424: UndefinedMetricWarning: Only one class is present in y_true. ROC AUC score is not defined in that case.[32m [repeated 11x across cluster][0m
[36m(ClientAppActor pid=1183492)[0m   warnings.warn([32m [repeated 11x across cluster][0m
[36m(ClientAppActor pid=1183498)[0m /home/bax9142/federated-edge-learning/.venv/lib64/python3.13/site-packages/sklearn/metrics/_ranking.py:424: UndefinedMetricWarning: Only one class is present in y_true. ROC AUC score is not defined in that case.[32m [repeated 14x across cluster][0m
[36m(ClientAppActor pid=1183498)[0m   warnings.warn([32m [repeated 14x across cluster][0m

   Recall:     0.781
   Specificity: 0.664
   F1-Score:    0.406
   Stability:   1.000
   Alerts/1000: 397.6
   Composite:   0.693


✅ Round 39 is NEW BEST - Saving checkpoint...
   💾 Checkpoint saved: result/splits_iid_scaling/splits_iid_1024_clients.json/multi_thr/model_round_39.pt
⚠️  No rounds meet spec≥0.7, using recall filter only
 3 Pareto-optimal rounds (not dominated in recall & spec)

🎯 SELECTED ROUND 39:
   Recall:     0.781
   Specificity: 0.664
   F1-Score:    0.406
   Stability:   1.000
   Alerts/1000: 397.6
   Composite:   0.693

   💾 Best model saved: result/splits_iid_scaling/splits_iid_1024_clients.json/multi_thr/model_round_39.pt
   📊 Metrics saved: result/splits_iid_scaling/splits_iid_1024_clients.json/multi_thr/run_1.json
[36m(ClientAppActor pid=1181928)[0m [Client 63] Data split:[32m [repeated 269x across cluster][0m
[36m(ClientAppActor pid=1181928)[0m    Train:      174 samples (client-local)[32m [repeated 269x across cluster][0m
[36m(ClientAppActor pid=1181928)[0m    Validation: 24 samples (client-local)[32m [repeated 269x across cluster][0m
[36m(ClientAppActor pid=1181928)[0m    Test:       50737 samples (global, shared)[32m [repeated 269x across cluster][0m
[36m(ClientAppActor pid=1183497)[0m 
[36m(ClientAppActor pid=1181918)[0m [Client 375] Data split:[32m [repeated 284x across cluster][0m
[36m(ClientAppActor pid=1181918)[0m    Train:      174 samples (client-local)[32m [repeated 284x across cluster][0m
[36m(ClientAppActor pid=1181918)[0m    Validation: 24 samples (client-local)[32m [repeated 284x across cluster][0m
[36m(ClientAppActor pid=1181918)[0m    Test:       50737 samples (global, shared)[32m [repeated 284x across cluster][0m
[36m(ClientAppActor pid=1181915)[0m [Client 1000] Data split:[32m [repeated 288x across cluster][0m
[36m(ClientAppActor pid=1181915)[0m    Train:      173 samples (client-local)[32m [repeated 288x across cluster][0m
[36m(ClientAppActor pid=1181915)[0m    Validation: 24 samples (client-local)[32m [repeated 288x across cluster][0m
[36m(ClientAppActor pid=1181915)[0m    Test:       50737 samples (global, shared)[32m [repeated 288x across cluster][0m
[36m(ClientAppActor pid=1181925)[0m [Client 843] Data split:[32m [repeated 246x across cluster][0m
[36m(ClientAppActor pid=1181925)[0m    Train:      173 samples (client-local)[32m [repeated 246x across cluster][0m
[36m(ClientAppActor pid=1181925)[0m    Validation: 24 samples (client-local)[32m [repeated 246x across cluster][0m
[36m(ClientAppActor pid=1181925)[0m    Test:       50737 samples (global, shared)[32m [repeated 246x across cluster][0m
[36m(ClientAppActor pid=1181923)[0m [Client 584] Data split:[32m [repeated 275x across cluster][0m
[36m(ClientAppActor pid=1181923)[0m    Train:      173 samples (client-local)[32m [repeated 275x across cluster][0m
[36m(ClientAppActor pid=1181923)[0m    Validation: 24 samples (client-local)[32m [repeated 275x across cluster][0m
[36m(ClientAppActor pid=1181923)[0m    Test:       50737 samples (global, shared)[32m [repeated 275x across cluster][0m
[36m(ClientAppActor pid=1181925)[0m [Client 271] Data split:[32m [repeated 295x across cluster][0m
[36m(ClientAppActor pid=1181925)[0m    Train:      174 samples (client-local)[32m [repeated 295x across cluster][0m
[36m(ClientAppActor pid=1181925)[0m    Validation: 24 samples (client-local)[32m [repeated 295x across cluster][0m
[36m(ClientAppActor pid=1181925)[0m    Test:       50737 samples (global, shared)[32m [repeated 295x across cluster][0m
[36m(ClientAppActor pid=1181915)[0m [Client 915] Data split:[32m [repeated 286x across cluster][0m
[36m(ClientAppActor pid=1181915)[0m    Train:      173 samples (client-local)[32m [repeated 286x across cluster][0m
[36m(ClientAppActor pid=1181915)[0m    Validation: 24 samples (client-local)[32m [repeated 286x across cluster][0m
[36m(ClientAppActor pid=1181915)[0m    Test:       50737 samples (global, shared)[32m [repeated 286x across cluster][0m

🎯 Multi-Threshold Aggregation:
   ═══════════════════════════════════════════════
   Evaluated 10 thresholds:
     • Thr=0.30: Recall=0.945, Spec=0.418, F1=0.341
     • Thr=0.35: Recall=0.921, Spec=0.469, F1=0.354
     • Thr=0.40: Recall=0.895, Spec=0.520, F1=0.368
   ...

   BEST Threshold: 0.55
     • Recall:      0.782
     • Specificity: 0.664
     • F1-Score:    0.406
     • Score:       0.692
   ═══════════════════════════════════════════════

⚠️  No rounds meet spec≥0.7, using recall filter only
 4 Pareto-optimal rounds (not dominated in recall & spec)

🎯 SELECTED ROUND 40:
   Recall:     0.782
   Specificity: 0.664
   F1-Score:    0.406
   Stability:   1.000
   Alerts/1000: 397.9
   Composite:   0.693


✅ Round 40 is NEW BEST - Saving checkpoint...
   💾 Checkpoint saved: result/splits_iid_scaling/splits_iid_1024_clients.json/multi_thr/model_round_40.pt
⚠️  No rounds meet spec≥0.7, using recall filter only
 4 Pareto-optimal rounds (not dominated in recall & spec)

🎯 SELECTED ROUND 40:
   Recall:     0.782
   Specificity: 0.664
   F1-Score:    0.406
   Stability:   1.000
   Alerts/1000: 397.9
   Composite:   0.693

   💾 Best model saved: result/splits_iid_scaling/splits_iid_1024_clients.json/multi_thr/model_round_40.pt
   📊 Metrics saved: result/splits_iid_scaling/splits_iid_1024_clients.json/multi_thr/run_1.json
[36m(ClientAppActor pid=1181918)[0m [Client 228] Data split:[32m [repeated 252x across cluster][0m
[36m(ClientAppActor pid=1181918)[0m    Train:      174 samples (client-local)[32m [repeated 252x across cluster][0m
[36m(ClientAppActor pid=1181918)[0m    Validation: 24 samples (client-local)[32m [repeated 252x across cluster][0m
[36m(ClientAppActor pid=1181918)[0m    Test:       50737 samples (global, shared)[32m [repeated 252x across cluster][0m
[36m(ClientAppActor pid=1183520)[0m [Client 274] Data split:[32m [repeated 286x across cluster][0m
[36m(ClientAppActor pid=1183520)[0m    Train:      174 samples (client-local)[32m [repeated 286x across cluster][0m
[36m(ClientAppActor pid=1183520)[0m    Validation: 24 samples (client-local)[32m [repeated 286x across cluster][0m
[36m(ClientAppActor pid=1183520)[0m    Test:       50737 samples (global, shared)[32m [repeated 286x across cluster][0m
[36m(ClientAppActor pid=1181918)[0m [Client 653] Data split:[32m [repeated 267x across cluster][0m
[36m(ClientAppActor pid=1181918)[0m    Train:      173 samples (client-local)[32m [repeated 267x across cluster][0m
[36m(ClientAppActor pid=1181918)[0m    Validation: 24 samples (client-local)[32m [repeated 267x across cluster][0m
[36m(ClientAppActor pid=1181918)[0m    Test:       50737 samples (global, shared)[32m [repeated 267x across cluster][0m
[36m(ClientAppActor pid=1181918)[0m [Client 57] Data split:[32m [repeated 230x across cluster][0m
[36m(ClientAppActor pid=1181918)[0m    Train:      174 samples (client-local)[32m [repeated 230x across cluster][0m
[36m(ClientAppActor pid=1181918)[0m    Validation: 24 samples (client-local)[32m [repeated 230x across cluster][0m
[36m(ClientAppActor pid=1181918)[0m    Test:       50737 samples (global, shared)[32m [repeated 230x across cluster][0m
[36m(ClientAppActor pid=1181915)[0m [Client 805] Data split:[32m [repeated 287x across cluster][0m
[36m(ClientAppActor pid=1181915)[0m    Train:      173 samples (client-local)[32m [repeated 287x across cluster][0m
[36m(ClientAppActor pid=1181915)[0m    Validation: 24 samples (client-local)[32m [repeated 287x across cluster][0m
[36m(ClientAppActor pid=1181915)[0m    Test:       50737 samples (global, shared)[32m [repeated 287x across cluster][0m
[36m(ClientAppActor pid=1181926)[0m [Client 144] Data split:[32m [repeated 285x across cluster][0m
[36m(ClientAppActor pid=1181926)[0m    Train:      174 samples (client-local)[32m [repeated 285x across cluster][0m[92mINFO [0m:      aggregate_evaluate: received 1024 results and 0 failures
[92mINFO [0m:      
[92mINFO [0m:      [ROUND 42]
[92mINFO [0m:      configure_fit: strategy sampled 819 clients (out of 1024)
[92mINFO [0m:      aggregate_fit: received 819 results and 0 failures
[92mINFO [0m:      configure_evaluate: strategy sampled 1024 clients (out of 1024)
[36m(ClientAppActor pid=1183488)[0m /home/bax9142/federated-edge-learning/.venv/lib64/python3.13/site-packages/sklearn/metrics/_ranking.py:424: UndefinedMetricWarning: Only one class is present in y_true. ROC AUC score is not defined in that case.[32m [repeated 6x across cluster][0m
[36m(ClientAppActor pid=1183488)[0m   warnings.warn([32m [repeated 6x across cluster][0m
[36m(ClientAppActor pid=1183520)[0m /home/bax9142/federated-edge-learning/.venv/lib64/python3.13/site-packages/sklearn/metrics/_ranking.py:424: UndefinedMetricWarning: Only one class is present in y_true. ROC AUC score is not defined in that case.[32m [repeated 11x across cluster][0m
[36m(ClientAppActor pid=1183520)[0m   warnings.warn([32m [repeated 11x across cluster][0m
[36m(ClientAppActor pid=1183375)[0m /home/bax9142/federated-edge-learning/.venv/lib64/python3.13/site-packages/sklearn/metrics/_ranking.py:424: UndefinedMetricWarning: Only one class is present in y_true. ROC AUC score is not defined in that case.[32m [repeated 4x across cluster][0m
[36m(ClientAppActor pid=1183375)[0m   warnings.warn([32m [repeated 4x across cluster][0m
[36m(ClientAppActor pid=1183496)[0m /home/bax9142/federated-edge-learning/.venv/lib64/python3.13/site-packages/sklearn/metrics/_ranking.py:424: UndefinedMetricWarning: Only one class is present in y_true. ROC AUC score is not defined in that case.[32m [repeated 10x across cluster][0m
[36m(ClientAppActor pid=1183496)[0m   warnings.warn([32m [repeated 10x across cluster][0m
[92mINFO [0m:      aggregate_evaluate: received 1024 results and 0 failures
[92mINFO [0m:      
[92mINFO [0m:      [ROUND 43]
[92mINFO [0m:      configure_fit: strategy sampled 819 clients (out of 1024)
[92mINFO [0m:      aggregate_fit: received 819 results and 0 failures
[92mINFO [0m:      configure_evaluate: strategy sampled 1024 clients (out of 1024)

[36m(ClientAppActor pid=1181926)[0m    Validation: 24 samples (client-local)[32m [repeated 285x across cluster][0m
[36m(ClientAppActor pid=1181926)[0m    Test:       50737 samples (global, shared)[32m [repeated 285x across cluster][0m
[36m(ClientAppActor pid=1181931)[0m [Client 716] Data split:[32m [repeated 290x across cluster][0m
[36m(ClientAppActor pid=1181931)[0m    Train:      173 samples (client-local)[32m [repeated 290x across cluster][0m
[36m(ClientAppActor pid=1181931)[0m    Validation: 24 samples (client-local)[32m [repeated 290x across cluster][0m
[36m(ClientAppActor pid=1181931)[0m    Test:       50737 samples (global, shared)[32m [repeated 290x across cluster][0m

🎯 Multi-Threshold Aggregation:
   ═══════════════════════════════════════════════
   Evaluated 10 thresholds:
     • Thr=0.30: Recall=0.944, Spec=0.419, F1=0.341
     • Thr=0.35: Recall=0.921, Spec=0.470, F1=0.355
     • Thr=0.40: Recall=0.895, Spec=0.521, F1=0.369
   ...

   BEST Threshold: 0.55
     • Recall:      0.783
     • Specificity: 0.665
     • F1-Score:    0.406
     • Score:       0.692
   ═══════════════════════════════════════════════

⚠️  No rounds meet spec≥0.7, using recall filter only
 3 Pareto-optimal rounds (not dominated in recall & spec)

🎯 SELECTED ROUND 41:
   Recall:     0.783
   Specificity: 0.665
   F1-Score:    0.406
   Stability:   1.000
   Alerts/1000: 397.3
   Composite:   0.694


✅ Round 41 is NEW BEST - Saving checkpoint...
   💾 Checkpoint saved: result/splits_iid_scaling/splits_iid_1024_clients.json/multi_thr/model_round_41.pt
⚠️  No rounds meet spec≥0.7, using recall filter only
 3 Pareto-optimal rounds (not dominated in recall & spec)

🎯 SELECTED ROUND 41:
   Recall:     0.783
   Specificity: 0.665
   F1-Score:    0.406
   Stability:   1.000
   Alerts/1000: 397.3
   Composite:   0.694

   💾 Best model saved: result/splits_iid_scaling/splits_iid_1024_clients.json/multi_thr/model_round_41.pt
   📊 Metrics saved: result/splits_iid_scaling/splits_iid_1024_clients.json/multi_thr/run_1.json
[36m(ClientAppActor pid=1181923)[0m [Client 177] Data split:[32m [repeated 257x across cluster][0m
[36m(ClientAppActor pid=1181923)[0m    Train:      174 samples (client-local)[32m [repeated 257x across cluster][0m
[36m(ClientAppActor pid=1181923)[0m    Validation: 24 samples (client-local)[32m [repeated 257x across cluster][0m
[36m(ClientAppActor pid=1181923)[0m    Test:       50737 samples (global, shared)[32m [repeated 257x across cluster][0m
[36m(ClientAppActor pid=1181925)[0m [Client 45] Data split:[32m [repeated 280x across cluster][0m
[36m(ClientAppActor pid=1181925)[0m    Train:      174 samples (client-local)[32m [repeated 280x across cluster][0m
[36m(ClientAppActor pid=1181925)[0m    Validation: 24 samples (client-local)[32m [repeated 280x across cluster][0m
[36m(ClientAppActor pid=1181925)[0m    Test:       50737 samples (global, shared)[32m [repeated 280x across cluster][0m
[36m(ClientAppActor pid=1181918)[0m [Client 123] Data split:[32m [repeated 283x across cluster][0m
[36m(ClientAppActor pid=1181918)[0m    Train:      174 samples (client-local)[32m [repeated 283x across cluster][0m
[36m(ClientAppActor pid=1181918)[0m    Validation: 24 samples (client-local)[32m [repeated 283x across cluster][0m
[36m(ClientAppActor pid=1181918)[0m    Test:       50737 samples (global, shared)[32m [repeated 283x across cluster][0m
[36m(ClientAppActor pid=1183527)[0m [Client 284] Data split:[32m [repeated 292x across cluster][0m
[36m(ClientAppActor pid=1183527)[0m    Train:      174 samples (client-local)[32m [repeated 292x across cluster][0m
[36m(ClientAppActor pid=1183527)[0m    Validation: 24 samples (client-local)[32m [repeated 292x across cluster][0m
[36m(ClientAppActor pid=1183527)[0m    Test:       50737 samples (global, shared)[32m [repeated 292x across cluster][0m
[36m(ClientAppActor pid=1181918)[0m [Client 325] Data split:[32m [repeated 293x across cluster][0m
[36m(ClientAppActor pid=1181918)[0m    Train:      174 samples (client-local)[32m [repeated 293x across cluster][0m
[36m(ClientAppActor pid=1181918)[0m    Validation: 24 samples (client-local)[32m [repeated 293x across cluster][0m
[36m(ClientAppActor pid=1181918)[0m    Test:       50737 samples (global, shared)[32m [repeated 293x across cluster][0m
[36m(ClientAppActor pid=1181930)[0m [Client 90] Data split:[32m [repeated 289x across cluster][0m
[36m(ClientAppActor pid=1181930)[0m    Train:      174 samples (client-local)[32m [repeated 289x across cluster][0m
[36m(ClientAppActor pid=1181930)[0m    Validation: 24 samples (client-local)[32m [repeated 289x across cluster][0m
[36m(ClientAppActor pid=1181930)[0m    Test:       50737 samples (global, shared)[32m [repeated 289x across cluster][0m

🎯 Multi-Threshold Aggregation:
   ═══════════════════════════════════════════════
   Evaluated 10 thresholds:
     • Thr=0.30: Recall=0.943, Spec=0.421, F1=0.342
     • Thr=0.35: Recall=0.921, Spec=0.472, F1=0.355
     • Thr=0.40: Recall=0.895, Spec=0.523, F1=0.370
   ...

   BEST Threshold: 0.55
     • Recall:      0.784
     • Specificity: 0.666
     • F1-Score:    0.408
     • Score:       0.693
   ═══════════════════════════════════════════════

⚠️  No rounds meet spec≥0.7, using recall filter only
 2 Pareto-optimal rounds (not dominated in recall & spec)

🎯 SELECTED ROUND 42:
   Recall:     0.784
   Specificity: 0.666
   F1-Score:    0.408
   Stability:   1.000
   Alerts/1000: 396.3
   Composite:   0.695


✅ Round 42 is NEW BEST - Saving checkpoint...
   💾 Checkpoint saved: result/splits_iid_scaling/splits_iid_1024_clients.json/multi_thr/model_round_42.pt
⚠️  No rounds meet spec≥0.7, using recall filter only
 2 Pareto-optimal rounds (not dominated in recall & spec)

🎯 SELECTED ROUND 42:
   Recall:     0.784
   Specificity: 0.666
   F1-Score:    0.408
   Stability:   1.000
   Alerts/1000: 396.3
   Composite:   0.695

   💾 Best model saved: result/splits_iid_scaling/splits_iid_1024_clients.json/multi_thr/model_round_42.pt
   📊 Metrics saved: result/splits_iid_scaling/splits_iid_1024_clients.json/multi_thr/run_1.json
[36m(ClientAppActor pid=1183516)[0m [Client 446] Data split:[32m [repeated 255x across cluster][0m
[36m(ClientAppActor pid=1183516)[0m    Train:      173 samples (client-local)[32m [repeated 255x across cluster][0m
[36m(ClientAppActor pid=1183516)[0m    Validation: 24 samples (client-local)[32m [repeated 255x across cluster][0m
[36m(ClientAppActor pid=1183516)[0m    Test:       50737 samples (global, shared)[32m [repeated 255x across cluster][0m
[36m(ClientAppActor pid=1183516)[0m [Client 14] Data split:[32m [repeated 266x across cluster][0m
[36m(ClientAppActor pid=1183516)[0m    Train:      174 samples (client-local)[32m [repeated 266x across cluster][0m
[36m(ClientAppActor pid=1183516)[0m    Validation: 24 samples (client-local)[32m [repeated 266x across cluster][0m
[36m(ClientAppActor pid=1183516)[0m    Test:       50737 samples (global, shared)[32m [repeated 266x across cluster][0m
[36m(ClientAppActor pid=1181931)[0m [Client 265] Data split:[32m [repeated 265x across cluster][0m
[36m(ClientAppActor pid=1181931)[0m    Train:      174 samples (client-local)[32m [repeated 265x across cluster][0m
[36m(ClientAppActor pid=1181931)[0m    Validation: 24 samples (client-local)[32m [repeated 265x across cluster][0m
[36m(ClientAppActor pid=1181931)[0m    Test:       50737 samples (global, shared)[32m [repeated 265x across cluster][0m
[36m(ClientAppActor pid=1183489)[0m [Client 842] Data split:[32m [repeated 247x across cluster][0m
[36m(ClientAppActor pid=1183489)[0m    Train:      173 samples (client-local)[32m [repeated 247x across cluster][0m[36m(ClientAppActor pid=1183526)[0m /home/bax9142/federated-edge-learning/.venv/lib64/python3.13/site-packages/sklearn/metrics/_ranking.py:424: UndefinedMetricWarning: Only one class is present in y_true. ROC AUC score is not defined in that case.[32m [repeated 6x across cluster][0m
[36m(ClientAppActor pid=1183526)[0m   warnings.warn([32m [repeated 6x across cluster][0m
[36m(ClientAppActor pid=1181926)[0m /home/bax9142/federated-edge-learning/.venv/lib64/python3.13/site-packages/sklearn/metrics/_ranking.py:424: UndefinedMetricWarning: Only one class is present in y_true. ROC AUC score is not defined in that case.[32m [repeated 13x across cluster][0m
[36m(ClientAppActor pid=1181926)[0m   warnings.warn([32m [repeated 13x across cluster][0m
[36m(ClientAppActor pid=1183524)[0m /home/bax9142/federated-edge-learning/.venv/lib64/python3.13/site-packages/sklearn/metrics/_ranking.py:424: UndefinedMetricWarning: Only one class is present in y_true. ROC AUC score is not defined in that case.[32m [repeated 5x across cluster][0m
[36m(ClientAppActor pid=1183524)[0m   warnings.warn([32m [repeated 5x across cluster][0m
[92mINFO [0m:      aggregate_evaluate: received 1024 results and 0 failures
[92mINFO [0m:      
[92mINFO [0m:      [ROUND 44]
[92mINFO [0m:      configure_fit: strategy sampled 819 clients (out of 1024)
[92mINFO [0m:      aggregate_fit: received 819 results and 0 failures
[92mINFO [0m:      configure_evaluate: strategy sampled 1024 clients (out of 1024)
[36m(ClientAppActor pid=1183529)[0m /home/bax9142/federated-edge-learning/.venv/lib64/python3.13/site-packages/sklearn/metrics/_ranking.py:424: UndefinedMetricWarning: Only one class is present in y_true. ROC AUC score is not defined in that case.[32m [repeated 13x across cluster][0m
[36m(ClientAppActor pid=1183529)[0m   warnings.warn([32m [repeated 13x across cluster][0m
[36m(ClientAppActor pid=1183525)[0m /home/bax9142/federated-edge-learning/.venv/lib64/python3.13/site-packages/sklearn/metrics/_ranking.py:424: UndefinedMetricWarning: Only one class is present in y_true. ROC AUC score is not defined in that case.[32m [repeated 12x across cluster][0m
[36m(ClientAppActor pid=1183525)[0m   warnings.warn([32m [repeated 12x across cluster][0m
[36m(ClientAppActor pid=1183516)[0m /home/bax9142/federated-edge-learning/.venv/lib64/python3.13/site-packages/sklearn/metrics/_ranking.py:424: UndefinedMetricWarning: Only one class is present in y_true. ROC AUC score is not defined in that case.[32m [repeated 10x across cluster][0m
[36m(ClientAppActor pid=1183516)[0m   warnings.warn([32m [repeated 10x across cluster][0m
[36m(ClientAppActor pid=1181930)[0m /home/bax9142/federated-edge-learning/.venv/lib64/python3.13/site-packages/sklearn/metrics/_ranking.py:424: UndefinedMetricWarning: Only one class is present in y_true. ROC AUC score is not defined in that case.[32m [repeated 8x across cluster][0m
[36m(ClientAppActor pid=1181930)[0m   warnings.warn([32m [repeated 8x across cluster][0m
[92mINFO [0m:      aggregate_evaluate: received 1024 results and 0 failures
[92mINFO [0m:      
[92mINFO [0m:      [ROUND 45]
[92mINFO [0m:      configure_fit: strategy sampled 819 clients (out of 1024)

[36m(ClientAppActor pid=1183489)[0m    Validation: 24 samples (client-local)[32m [repeated 247x across cluster][0m
[36m(ClientAppActor pid=1183489)[0m    Test:       50737 samples (global, shared)[32m [repeated 247x across cluster][0m
[36m(ClientAppActor pid=1181923)[0m [Client 85] Data split:[32m [repeated 273x across cluster][0m
[36m(ClientAppActor pid=1181923)[0m    Train:      174 samples (client-local)[32m [repeated 273x across cluster][0m
[36m(ClientAppActor pid=1181923)[0m    Validation: 24 samples (client-local)[32m [repeated 273x across cluster][0m
[36m(ClientAppActor pid=1181923)[0m    Test:       50737 samples (global, shared)[32m [repeated 273x across cluster][0m
[36m(ClientAppActor pid=1183525)[0m [Client 606] Data split:[32m [repeated 280x across cluster][0m
[36m(ClientAppActor pid=1183525)[0m    Train:      173 samples (client-local)[32m [repeated 280x across cluster][0m
[36m(ClientAppActor pid=1183525)[0m    Validation: 24 samples (client-local)[32m [repeated 280x across cluster][0m
[36m(ClientAppActor pid=1183525)[0m    Test:       50737 samples (global, shared)[32m [repeated 280x across cluster][0m
[36m(ClientAppActor pid=1183520)[0m [Client 582] Data split:[32m [repeated 285x across cluster][0m
[36m(ClientAppActor pid=1183520)[0m    Train:      173 samples (client-local)[32m [repeated 285x across cluster][0m
[36m(ClientAppActor pid=1183520)[0m    Validation: 24 samples (client-local)[32m [repeated 285x across cluster][0m
[36m(ClientAppActor pid=1183520)[0m    Test:       50737 samples (global, shared)[32m [repeated 285x across cluster][0m

🎯 Multi-Threshold Aggregation:
   ═══════════════════════════════════════════════
   Evaluated 10 thresholds:
     • Thr=0.30: Recall=0.943, Spec=0.422, F1=0.342
     • Thr=0.35: Recall=0.920, Spec=0.473, F1=0.356
     • Thr=0.40: Recall=0.894, Spec=0.525, F1=0.370
   ...

   BEST Threshold: 0.55
     • Recall:      0.783
     • Specificity: 0.667
     • F1-Score:    0.408
     • Score:       0.694
   ═══════════════════════════════════════════════

⚠️  No rounds meet spec≥0.7, using recall filter only
 3 Pareto-optimal rounds (not dominated in recall & spec)

🎯 SELECTED ROUND 43:
   Recall:     0.783
   Specificity: 0.667
   F1-Score:    0.408
   Stability:   1.000
   Alerts/1000: 395.5
   Composite:   0.695


✅ Round 43 is NEW BEST - Saving checkpoint...
   💾 Checkpoint saved: result/splits_iid_scaling/splits_iid_1024_clients.json/multi_thr/model_round_43.pt
⚠️  No rounds meet spec≥0.7, using recall filter only
 3 Pareto-optimal rounds (not dominated in recall & spec)

🎯 SELECTED ROUND 43:
   Recall:     0.783
   Specificity: 0.667
   F1-Score:    0.408
   Stability:   1.000
   Alerts/1000: 395.5
   Composite:   0.695

   💾 Best model saved: result/splits_iid_scaling/splits_iid_1024_clients.json/multi_thr/model_round_43.pt
   📊 Metrics saved: result/splits_iid_scaling/splits_iid_1024_clients.json/multi_thr/run_1.json
[36m(ClientAppActor pid=1181925)[0m [Client 231] Data split:[32m [repeated 256x across cluster][0m
[36m(ClientAppActor pid=1181925)[0m    Train:      174 samples (client-local)[32m [repeated 256x across cluster][0m
[36m(ClientAppActor pid=1181925)[0m    Validation: 24 samples (client-local)[32m [repeated 256x across cluster][0m
[36m(ClientAppActor pid=1181925)[0m    Test:       50737 samples (global, shared)[32m [repeated 256x across cluster][0m
[36m(ClientAppActor pid=1181918)[0m [Client 140] Data split:[32m [repeated 269x across cluster][0m
[36m(ClientAppActor pid=1181918)[0m    Train:      174 samples (client-local)[32m [repeated 269x across cluster][0m
[36m(ClientAppActor pid=1181918)[0m    Validation: 24 samples (client-local)[32m [repeated 269x across cluster][0m
[36m(ClientAppActor pid=1181918)[0m    Test:       50737 samples (global, shared)[32m [repeated 269x across cluster][0m
[36m(ClientAppActor pid=1181925)[0m [Client 919] Data split:[32m [repeated 293x across cluster][0m
[36m(ClientAppActor pid=1181925)[0m    Train:      173 samples (client-local)[32m [repeated 293x across cluster][0m
[36m(ClientAppActor pid=1181925)[0m    Validation: 24 samples (client-local)[32m [repeated 293x across cluster][0m
[36m(ClientAppActor pid=1181925)[0m    Test:       50737 samples (global, shared)[32m [repeated 293x across cluster][0m
[36m(ClientAppActor pid=1181925)[0m [Client 570] Data split:[32m [repeated 240x across cluster][0m
[36m(ClientAppActor pid=1181925)[0m    Train:      173 samples (client-local)[32m [repeated 240x across cluster][0m
[36m(ClientAppActor pid=1181925)[0m    Validation: 24 samples (client-local)[32m [repeated 240x across cluster][0m
[36m(ClientAppActor pid=1181925)[0m    Test:       50737 samples (global, shared)[32m [repeated 240x across cluster][0m
[36m(ClientAppActor pid=1181925)[0m [Client 512] Data split:[32m [repeated 288x across cluster][0m
[36m(ClientAppActor pid=1181925)[0m    Train:      173 samples (client-local)[32m [repeated 288x across cluster][0m
[36m(ClientAppActor pid=1181925)[0m    Validation: 24 samples (client-local)[32m [repeated 288x across cluster][0m
[36m(ClientAppActor pid=1181925)[0m    Test:       50737 samples (global, shared)[32m [repeated 288x across cluster][0m
[36m(ClientAppActor pid=1181918)[0m [Client 652] Data split:[32m [repeated 277x across cluster][0m
[36m(ClientAppActor pid=1181918)[0m    Train:      173 samples (client-local)[32m [repeated 277x across cluster][0m
[36m(ClientAppActor pid=1181918)[0m    Validation: 24 samples (client-local)[32m [repeated 277x across cluster][0m
[36m(ClientAppActor pid=1181918)[0m    Test:       50737 samples (global, shared)[32m [repeated 277x across cluster][0m
[36m(ClientAppActor pid=1181930)[0m [Client 655] Data split:[32m [repeated 275x across cluster][0m
[36m(ClientAppActor pid=1181930)[0m    Train:      173 samples (client-local)[32m [repeated 275x across cluster][0m
[36m(ClientAppActor pid=1181930)[0m    Validation: 24 samples (client-local)[32m [repeated 275x across cluster][0m
[36m(ClientAppActor pid=1181930)[0m    Test:       50737 samples (global, shared)[32m [repeated 275x across cluster][0m

🎯 Multi-Threshold Aggregation:
   ═══════════════════════════════════════════════
   Evaluated 10 thresholds:
     • Thr=0.30: Recall=0.943, Spec=0.423, F1=0.343
     • Thr=0.35: Recall=0.921, Spec=0.474, F1=0.356
     • Thr=0.40: Recall=0.894, Spec=0.526, F1=0.371
   ...

   BEST Threshold: 0.55
     • Recall:      0.783
     • Specificity: 0.668
     • F1-Score:    0.409
     • Score:       0.694
   ═══════════════════════════════════════════════

⚠️  No rounds meet spec≥0.7, using recall filter only
 4 Pareto-optimal rounds (not dominated in recall & spec)

🎯 SELECTED ROUND 44:
   Recall:     0.783
   Specificity: 0.668
   F1-Score:    0.409
   Stability:   1.000
   Alerts/1000: 394.8
   Composite:   0.695


✅ Round 44 is NEW BEST - Saving checkpoint...
   💾 Checkpoint saved: result/splits_iid_scaling/splits_iid_1024_clients.json/multi_thr/model_round_44.pt
⚠️  No rounds meet spec≥0.7, using recall filter only
 4 Pareto-optimal rounds (not dominated in recall & spec)

🎯 SELECTED ROUND 44:
   Recall:     0.783
   Specificity: 0.668
   F1-Score:    0.409
   Stability:   1.000
   Alerts/1000: 394.8
   Composite:   0.695

   💾 Best model saved: result/splits_iid_scaling/splits_iid_1024_clients.json/multi_thr/model_round_44.pt
   📊 Metrics saved: result/splits_iid_scaling/splits_iid_1024_clients.json/multi_thr/run_1.json
[36m(ClientAppActor pid=1183526)[0m [Client 153] Data split:[32m [repeated 260x across cluster][0m
[36m(ClientAppActor pid=1183526)[0m    Train:      174 samples (client-local)[32m [repeated 260x across cluster][0m[92mINFO [0m:      aggregate_fit: received 819 results and 0 failures
[92mINFO [0m:      configure_evaluate: strategy sampled 1024 clients (out of 1024)
[36m(ClientAppActor pid=1183490)[0m /home/bax9142/federated-edge-learning/.venv/lib64/python3.13/site-packages/sklearn/metrics/_ranking.py:424: UndefinedMetricWarning: Only one class is present in y_true. ROC AUC score is not defined in that case.
[36m(ClientAppActor pid=1183490)[0m   warnings.warn(
[36m(ClientAppActor pid=1183488)[0m /home/bax9142/federated-edge-learning/.venv/lib64/python3.13/site-packages/sklearn/metrics/_ranking.py:424: UndefinedMetricWarning: Only one class is present in y_true. ROC AUC score is not defined in that case.
[36m(ClientAppActor pid=1183488)[0m   warnings.warn(
[36m(ClientAppActor pid=1183491)[0m /home/bax9142/federated-edge-learning/.venv/lib64/python3.13/site-packages/sklearn/metrics/_ranking.py:424: UndefinedMetricWarning: Only one class is present in y_true. ROC AUC score is not defined in that case.[32m [repeated 7x across cluster][0m
[36m(ClientAppActor pid=1183491)[0m   warnings.warn([32m [repeated 7x across cluster][0m
[36m(ClientAppActor pid=1181918)[0m /home/bax9142/federated-edge-learning/.venv/lib64/python3.13/site-packages/sklearn/metrics/_ranking.py:424: UndefinedMetricWarning: Only one class is present in y_true. ROC AUC score is not defined in that case.[32m [repeated 8x across cluster][0m
[36m(ClientAppActor pid=1181918)[0m   warnings.warn([32m [repeated 8x across cluster][0m
[36m(ClientAppActor pid=1183375)[0m /home/bax9142/federated-edge-learning/.venv/lib64/python3.13/site-packages/sklearn/metrics/_ranking.py:424: UndefinedMetricWarning: Only one class is present in y_true. ROC AUC score is not defined in that case.[32m [repeated 12x across cluster][0m
[36m(ClientAppActor pid=1183375)[0m   warnings.warn([32m [repeated 12x across cluster][0m
[92mINFO [0m:      aggregate_evaluate: received 1024 results and 0 failures
[92mINFO [0m:      
[92mINFO [0m:      [ROUND 46]
[92mINFO [0m:      configure_fit: strategy sampled 819 clients (out of 1024)
[92mINFO [0m:      aggregate_fit: received 819 results and 0 failures
[92mINFO [0m:      configure_evaluate: strategy sampled 1024 clients (out of 1024)
[36m(ClientAppActor pid=1183505)[0m /home/bax9142/federated-edge-learning/.venv/lib64/python3.13/site-packages/sklearn/metrics/_ranking.py:424: UndefinedMetricWarning: Only one class is present in y_true. ROC AUC score is not defined in that case.[32m [repeated 3x across cluster][0m
[36m(ClientAppActor pid=1183505)[0m   warnings.warn([32m [repeated 3x across cluster][0m
[36m(ClientAppActor pid=1183498)[0m /home/bax9142/federated-edge-learning/.venv/lib64/python3.13/site-packages/sklearn/metrics/_ranking.py:424: UndefinedMetricWarning: Only one class is present in y_true. ROC AUC score is not defined in that case.[32m [repeated 8x across cluster][0m
[36m(ClientAppActor pid=1183498)[0m   warnings.warn([32m [repeated 8x across cluster][0m
[36m(ClientAppActor pid=1181928)[0m /home/bax9142/federated-edge-learning/.venv/lib64/python3.13/site-packages/sklearn/metrics/_ranking.py:424: UndefinedMetricWarning: Only one class is present in y_true. ROC AUC score is not defined in that case.[32m [repeated 8x across cluster][0m
[36m(ClientAppActor pid=1181928)[0m   warnings.warn([32m [repeated 8x across cluster][0m
[36m(ClientAppActor pid=1183529)[0m /home/bax9142/federated-edge-learning/.venv/lib64/python3.13/site-packages/sklearn/metrics/_ranking.py:424: UndefinedMetricWarning: Only one class is present in y_true. ROC AUC score is not defined in that case.[32m [repeated 10x across cluster][0m
[36m(ClientAppActor pid=1183529)[0m   warnings.warn([32m [repeated 10x across cluster][0m
[92mINFO [0m:      aggregate_evaluate: received 1024 results and 0 failures

[36m(ClientAppActor pid=1183526)[0m    Validation: 24 samples (client-local)[32m [repeated 260x across cluster][0m
[36m(ClientAppActor pid=1183526)[0m    Test:       50737 samples (global, shared)[32m [repeated 260x across cluster][0m
[36m(ClientAppActor pid=1181929)[0m [Client 643] Data split:[32m [repeated 265x across cluster][0m
[36m(ClientAppActor pid=1181929)[0m    Train:      173 samples (client-local)[32m [repeated 265x across cluster][0m
[36m(ClientAppActor pid=1181929)[0m    Validation: 24 samples (client-local)[32m [repeated 265x across cluster][0m
[36m(ClientAppActor pid=1181929)[0m    Test:       50737 samples (global, shared)[32m [repeated 265x across cluster][0m
[36m(ClientAppActor pid=1181926)[0m [Client 515] Data split:[32m [repeated 278x across cluster][0m
[36m(ClientAppActor pid=1181926)[0m    Train:      173 samples (client-local)[32m [repeated 278x across cluster][0m
[36m(ClientAppActor pid=1181926)[0m    Validation: 24 samples (client-local)[32m [repeated 278x across cluster][0m
[36m(ClientAppActor pid=1181926)[0m    Test:       50737 samples (global, shared)[32m [repeated 278x across cluster][0m
[36m(ClientAppActor pid=1183490)[0m [Client 165] Data split:[32m [repeated 245x across cluster][0m
[36m(ClientAppActor pid=1183490)[0m    Train:      174 samples (client-local)[32m [repeated 245x across cluster][0m
[36m(ClientAppActor pid=1183490)[0m    Validation: 24 samples (client-local)[32m [repeated 245x across cluster][0m
[36m(ClientAppActor pid=1183490)[0m    Test:       50737 samples (global, shared)[32m [repeated 245x across cluster][0m
[36m(ClientAppActor pid=1183496)[0m [Client 994] Data split:[32m [repeated 290x across cluster][0m
[36m(ClientAppActor pid=1183496)[0m    Train:      173 samples (client-local)[32m [repeated 290x across cluster][0m
[36m(ClientAppActor pid=1183496)[0m    Validation: 24 samples (client-local)[32m [repeated 290x across cluster][0m
[36m(ClientAppActor pid=1183496)[0m    Test:       50737 samples (global, shared)[32m [repeated 290x across cluster][0m
[36m(ClientAppActor pid=1181915)[0m [Client 416] Data split:[32m [repeated 276x across cluster][0m
[36m(ClientAppActor pid=1181915)[0m    Train:      174 samples (client-local)[32m [repeated 276x across cluster][0m
[36m(ClientAppActor pid=1181915)[0m    Validation: 24 samples (client-local)[32m [repeated 276x across cluster][0m
[36m(ClientAppActor pid=1181915)[0m    Test:       50737 samples (global, shared)[32m [repeated 276x across cluster][0m
[36m(ClientAppActor pid=1181923)[0m [Client 531] Data split:[32m [repeated 284x across cluster][0m
[36m(ClientAppActor pid=1181923)[0m    Train:      173 samples (client-local)[32m [repeated 284x across cluster][0m
[36m(ClientAppActor pid=1181923)[0m    Validation: 24 samples (client-local)[32m [repeated 284x across cluster][0m
[36m(ClientAppActor pid=1181923)[0m    Test:       50737 samples (global, shared)[32m [repeated 284x across cluster][0m

🎯 Multi-Threshold Aggregation:
   ═══════════════════════════════════════════════
   Evaluated 10 thresholds:
     • Thr=0.30: Recall=0.944, Spec=0.424, F1=0.343
     • Thr=0.35: Recall=0.921, Spec=0.474, F1=0.356
     • Thr=0.40: Recall=0.895, Spec=0.526, F1=0.371
   ...

   BEST Threshold: 0.55
     • Recall:      0.784
     • Specificity: 0.668
     • F1-Score:    0.409
     • Score:       0.694
   ═══════════════════════════════════════════════

⚠️  No rounds meet spec≥0.7, using recall filter only
 3 Pareto-optimal rounds (not dominated in recall & spec)

🎯 SELECTED ROUND 45:
   Recall:     0.784
   Specificity: 0.668
   F1-Score:    0.409
   Stability:   1.000
   Alerts/1000: 395.1
   Composite:   0.696


✅ Round 45 is NEW BEST - Saving checkpoint...
   💾 Checkpoint saved: result/splits_iid_scaling/splits_iid_1024_clients.json/multi_thr/model_round_45.pt
⚠️  No rounds meet spec≥0.7, using recall filter only
 3 Pareto-optimal rounds (not dominated in recall & spec)

🎯 SELECTED ROUND 45:
   Recall:     0.784
   Specificity: 0.668
   F1-Score:    0.409
   Stability:   1.000
   Alerts/1000: 395.1
   Composite:   0.696

   💾 Best model saved: result/splits_iid_scaling/splits_iid_1024_clients.json/multi_thr/model_round_45.pt
   📊 Metrics saved: result/splits_iid_scaling/splits_iid_1024_clients.json/multi_thr/run_1.json
[36m(ClientAppActor pid=1181918)[0m [Client 128] Data split:[32m [repeated 249x across cluster][0m
[36m(ClientAppActor pid=1181918)[0m    Train:      174 samples (client-local)[32m [repeated 249x across cluster][0m
[36m(ClientAppActor pid=1181918)[0m    Validation: 24 samples (client-local)[32m [repeated 249x across cluster][0m
[36m(ClientAppActor pid=1181918)[0m    Test:       50737 samples (global, shared)[32m [repeated 249x across cluster][0m
[36m(ClientAppActor pid=1181931)[0m [Client 531] Data split:[32m [repeated 275x across cluster][0m
[36m(ClientAppActor pid=1181931)[0m    Train:      173 samples (client-local)[32m [repeated 275x across cluster][0m
[36m(ClientAppActor pid=1181931)[0m    Validation: 24 samples (client-local)[32m [repeated 275x across cluster][0m
[36m(ClientAppActor pid=1181931)[0m    Test:       50737 samples (global, shared)[32m [repeated 275x across cluster][0m
[36m(ClientAppActor pid=1183496)[0m [Client 523] Data split:[32m [repeated 282x across cluster][0m
[36m(ClientAppActor pid=1183496)[0m    Train:      173 samples (client-local)[32m [repeated 282x across cluster][0m
[36m(ClientAppActor pid=1183496)[0m    Validation: 24 samples (client-local)[32m [repeated 282x across cluster][0m
[36m(ClientAppActor pid=1183496)[0m    Test:       50737 samples (global, shared)[32m [repeated 282x across cluster][0m
[36m(ClientAppActor pid=1181923)[0m [Client 63] Data split:[32m [repeated 227x across cluster][0m
[36m(ClientAppActor pid=1181923)[0m    Train:      174 samples (client-local)[32m [repeated 227x across cluster][0m
[36m(ClientAppActor pid=1181923)[0m    Validation: 24 samples (client-local)[32m [repeated 227x across cluster][0m
[36m(ClientAppActor pid=1181923)[0m    Test:       50737 samples (global, shared)[32m [repeated 227x across cluster][0m
[36m(ClientAppActor pid=1181925)[0m [Client 172] Data split:[32m [repeated 286x across cluster][0m
[36m(ClientAppActor pid=1181925)[0m    Train:      174 samples (client-local)[32m [repeated 286x across cluster][0m
[36m(ClientAppActor pid=1181925)[0m    Validation: 24 samples (client-local)[32m [repeated 286x across cluster][0m
[36m(ClientAppActor pid=1181925)[0m    Test:       50737 samples (global, shared)[32m [repeated 286x across cluster][0m
[36m(ClientAppActor pid=1183496)[0m [Client 266] Data split:[32m [repeated 280x across cluster][0m
[36m(ClientAppActor pid=1183496)[0m    Train:      174 samples (client-local)[32m [repeated 280x across cluster][0m
[36m(ClientAppActor pid=1183496)[0m    Validation: 24 samples (client-local)[32m [repeated 280x across cluster][0m
[36m(ClientAppActor pid=1183496)[0m    Test:       50737 samples (global, shared)[32m [repeated 280x across cluster][0m

🎯 Multi-Threshold Aggregation:
   ═══════════════════════════════════════════════
   Evaluated 10 thresholds:
     • Thr=0.30: Recall=0.945, Spec=0.423, F1=0.343
     • Thr=0.35: Recall=0.921, Spec=0.473, F1=0.356
     • Thr=0.40: Recall=0.896, Spec=0.525, F1=0.371
   ...

   BEST Threshold: 0.55
     • Recall:      0.786
     • Specificity: 0.666
     • F1-Score:    0.408
     • Score:       0.694
   ═══════════════════════════════════════════════

⚠️  No rounds meet spec≥0.7, using recall filter only
 4 Pareto-optimal rounds (not dominated in recall & spec)

🎯 SELECTED ROUND 46:[92mINFO [0m:      
[92mINFO [0m:      [ROUND 47]
[92mINFO [0m:      configure_fit: strategy sampled 819 clients (out of 1024)
[92mINFO [0m:      aggregate_fit: received 819 results and 0 failures
[92mINFO [0m:      configure_evaluate: strategy sampled 1024 clients (out of 1024)
[36m(ClientAppActor pid=1181923)[0m /home/bax9142/federated-edge-learning/.venv/lib64/python3.13/site-packages/sklearn/metrics/_ranking.py:424: UndefinedMetricWarning: Only one class is present in y_true. ROC AUC score is not defined in that case.[32m [repeated 5x across cluster][0m
[36m(ClientAppActor pid=1181923)[0m   warnings.warn([32m [repeated 5x across cluster][0m
[36m(ClientAppActor pid=1183490)[0m /home/bax9142/federated-edge-learning/.venv/lib64/python3.13/site-packages/sklearn/metrics/_ranking.py:424: UndefinedMetricWarning: Only one class is present in y_true. ROC AUC score is not defined in that case.[32m [repeated 11x across cluster][0m
[36m(ClientAppActor pid=1183490)[0m   warnings.warn([32m [repeated 11x across cluster][0m
[36m(ClientAppActor pid=1183375)[0m /home/bax9142/federated-edge-learning/.venv/lib64/python3.13/site-packages/sklearn/metrics/_ranking.py:424: UndefinedMetricWarning: Only one class is present in y_true. ROC AUC score is not defined in that case.[32m [repeated 9x across cluster][0m
[36m(ClientAppActor pid=1183375)[0m   warnings.warn([32m [repeated 9x across cluster][0m
[92mINFO [0m:      aggregate_evaluate: received 1024 results and 0 failures
[92mINFO [0m:      
[92mINFO [0m:      [ROUND 48]
[92mINFO [0m:      configure_fit: strategy sampled 819 clients (out of 1024)
[92mINFO [0m:      aggregate_fit: received 819 results and 0 failures
[92mINFO [0m:      configure_evaluate: strategy sampled 1024 clients (out of 1024)
[36m(ClientAppActor pid=1181923)[0m /home/bax9142/federated-edge-learning/.venv/lib64/python3.13/site-packages/sklearn/metrics/_ranking.py:424: UndefinedMetricWarning: Only one class is present in y_true. ROC AUC score is not defined in that case.[32m [repeated 11x across cluster][0m
[36m(ClientAppActor pid=1181923)[0m   warnings.warn([32m [repeated 11x across cluster][0m
[36m(ClientAppActor pid=1183524)[0m /home/bax9142/federated-edge-learning/.venv/lib64/python3.13/site-packages/sklearn/metrics/_ranking.py:424: UndefinedMetricWarning: Only one class is present in y_true. ROC AUC score is not defined in that case.[32m [repeated 16x across cluster][0m
[36m(ClientAppActor pid=1183524)[0m   warnings.warn([32m [repeated 16x across cluster][0m

   Recall:     0.786
   Specificity: 0.666
   F1-Score:    0.408
   Stability:   1.000
   Alerts/1000: 396.8
   Composite:   0.696


✅ Round 46 is NEW BEST - Saving checkpoint...
   💾 Checkpoint saved: result/splits_iid_scaling/splits_iid_1024_clients.json/multi_thr/model_round_46.pt
⚠️  No rounds meet spec≥0.7, using recall filter only
 4 Pareto-optimal rounds (not dominated in recall & spec)

🎯 SELECTED ROUND 46:
   Recall:     0.786
   Specificity: 0.666
   F1-Score:    0.408
   Stability:   1.000
   Alerts/1000: 396.8
   Composite:   0.696

   💾 Best model saved: result/splits_iid_scaling/splits_iid_1024_clients.json/multi_thr/model_round_46.pt
   📊 Metrics saved: result/splits_iid_scaling/splits_iid_1024_clients.json/multi_thr/run_1.json
[36m(ClientAppActor pid=1181923)[0m [Client 298] Data split:[32m [repeated 256x across cluster][0m
[36m(ClientAppActor pid=1181923)[0m    Train:      174 samples (client-local)[32m [repeated 256x across cluster][0m
[36m(ClientAppActor pid=1181923)[0m    Validation: 24 samples (client-local)[32m [repeated 256x across cluster][0m
[36m(ClientAppActor pid=1181923)[0m    Test:       50737 samples (global, shared)[32m [repeated 256x across cluster][0m
[36m(ClientAppActor pid=1181918)[0m [Client 907] Data split:[32m [repeated 294x across cluster][0m
[36m(ClientAppActor pid=1181918)[0m    Train:      173 samples (client-local)[32m [repeated 294x across cluster][0m
[36m(ClientAppActor pid=1181918)[0m    Validation: 24 samples (client-local)[32m [repeated 294x across cluster][0m
[36m(ClientAppActor pid=1181918)[0m    Test:       50737 samples (global, shared)[32m [repeated 294x across cluster][0m
[36m(ClientAppActor pid=1181926)[0m [Client 444] Data split:[32m [repeated 277x across cluster][0m
[36m(ClientAppActor pid=1181926)[0m    Train:      173 samples (client-local)[32m [repeated 277x across cluster][0m
[36m(ClientAppActor pid=1181926)[0m    Validation: 24 samples (client-local)[32m [repeated 277x across cluster][0m
[36m(ClientAppActor pid=1181926)[0m    Test:       50737 samples (global, shared)[32m [repeated 277x across cluster][0m
[36m(ClientAppActor pid=1181925)[0m [Client 319] Data split:[32m [repeated 248x across cluster][0m
[36m(ClientAppActor pid=1181925)[0m    Train:      174 samples (client-local)[32m [repeated 248x across cluster][0m
[36m(ClientAppActor pid=1181925)[0m    Validation: 24 samples (client-local)[32m [repeated 248x across cluster][0m
[36m(ClientAppActor pid=1181925)[0m    Test:       50737 samples (global, shared)[32m [repeated 248x across cluster][0m
[36m(ClientAppActor pid=1181925)[0m [Client 107] Data split:[32m [repeated 294x across cluster][0m
[36m(ClientAppActor pid=1181925)[0m    Train:      174 samples (client-local)[32m [repeated 294x across cluster][0m
[36m(ClientAppActor pid=1181925)[0m    Validation: 24 samples (client-local)[32m [repeated 294x across cluster][0m
[36m(ClientAppActor pid=1181925)[0m    Test:       50737 samples (global, shared)[32m [repeated 294x across cluster][0m
[36m(ClientAppActor pid=1181918)[0m [Client 486] Data split:[32m [repeated 268x across cluster][0m
[36m(ClientAppActor pid=1181918)[0m    Train:      173 samples (client-local)[32m [repeated 268x across cluster][0m
[36m(ClientAppActor pid=1181918)[0m    Validation: 24 samples (client-local)[32m [repeated 268x across cluster][0m
[36m(ClientAppActor pid=1181918)[0m    Test:       50737 samples (global, shared)[32m [repeated 268x across cluster][0m
[36m(ClientAppActor pid=1181931)[0m [Client 396] Data split:[32m [repeated 284x across cluster][0m
[36m(ClientAppActor pid=1181931)[0m    Train:      174 samples (client-local)[32m [repeated 284x across cluster][0m
[36m(ClientAppActor pid=1181931)[0m    Validation: 24 samples (client-local)[32m [repeated 284x across cluster][0m
[36m(ClientAppActor pid=1181931)[0m    Test:       50737 samples (global, shared)[32m [repeated 284x across cluster][0m

🎯 Multi-Threshold Aggregation:
   ═══════════════════════════════════════════════
   Evaluated 10 thresholds:
     • Thr=0.30: Recall=0.945, Spec=0.424, F1=0.344
     • Thr=0.35: Recall=0.922, Spec=0.475, F1=0.357
     • Thr=0.40: Recall=0.896, Spec=0.527, F1=0.372
   ...

   BEST Threshold: 0.55
     • Recall:      0.785
     • Specificity: 0.668
     • F1-Score:    0.409
     • Score:       0.694
   ═══════════════════════════════════════════════

⚠️  No rounds meet spec≥0.7, using recall filter only
 5 Pareto-optimal rounds (not dominated in recall & spec)

🎯 SELECTED ROUND 47:
   Recall:     0.785
   Specificity: 0.668
   F1-Score:    0.409
   Stability:   1.000
   Alerts/1000: 395.5
   Composite:   0.696


✅ Round 47 is NEW BEST - Saving checkpoint...
   💾 Checkpoint saved: result/splits_iid_scaling/splits_iid_1024_clients.json/multi_thr/model_round_47.pt
⚠️  No rounds meet spec≥0.7, using recall filter only
 5 Pareto-optimal rounds (not dominated in recall & spec)

🎯 SELECTED ROUND 47:
   Recall:     0.785
   Specificity: 0.668
   F1-Score:    0.409
   Stability:   1.000
   Alerts/1000: 395.5
   Composite:   0.696

   💾 Best model saved: result/splits_iid_scaling/splits_iid_1024_clients.json/multi_thr/model_round_47.pt
   📊 Metrics saved: result/splits_iid_scaling/splits_iid_1024_clients.json/multi_thr/run_1.json
[36m(ClientAppActor pid=1181912)[0m [Client 1005] Data split:[32m [repeated 257x across cluster][0m
[36m(ClientAppActor pid=1181912)[0m    Train:      173 samples (client-local)[32m [repeated 257x across cluster][0m
[36m(ClientAppActor pid=1181912)[0m    Validation: 24 samples (client-local)[32m [repeated 257x across cluster][0m
[36m(ClientAppActor pid=1181912)[0m    Test:       50737 samples (global, shared)[32m [repeated 257x across cluster][0m
[36m(ClientAppActor pid=1183528)[0m [Client 974] Data split:[32m [repeated 284x across cluster][0m
[36m(ClientAppActor pid=1183528)[0m    Train:      173 samples (client-local)[32m [repeated 284x across cluster][0m
[36m(ClientAppActor pid=1183528)[0m    Validation: 24 samples (client-local)[32m [repeated 284x across cluster][0m
[36m(ClientAppActor pid=1183528)[0m    Test:       50737 samples (global, shared)[32m [repeated 284x across cluster][0m
[36m(ClientAppActor pid=1181925)[0m [Client 876] Data split:[32m [repeated 277x across cluster][0m
[36m(ClientAppActor pid=1181925)[0m    Train:      173 samples (client-local)[32m [repeated 277x across cluster][0m
[36m(ClientAppActor pid=1181925)[0m    Validation: 24 samples (client-local)[32m [repeated 277x across cluster][0m
[36m(ClientAppActor pid=1181925)[0m    Test:       50737 samples (global, shared)[32m [repeated 277x across cluster][0m
[36m(ClientAppActor pid=1183528)[0m [Client 18] Data split:[32m [repeated 244x across cluster][0m
[36m(ClientAppActor pid=1183528)[0m    Train:      174 samples (client-local)[32m [repeated 244x across cluster][0m
[36m(ClientAppActor pid=1183528)[0m    Validation: 24 samples (client-local)[32m [repeated 244x across cluster][0m
[36m(ClientAppActor pid=1183528)[0m    Test:       50737 samples (global, shared)[32m [repeated 244x across cluster][0m
[36m(ClientAppActor pid=1183490)[0m [Client 219] Data split:[32m [repeated 281x across cluster][0m
[36m(ClientAppActor pid=1183490)[0m    Train:      174 samples (client-local)[32m [repeated 281x across cluster][0m
[36m(ClientAppActor pid=1183490)[0m    Validation: 24 samples (client-local)[32m [repeated 281x across cluster][0m
[36m(ClientAppActor pid=1183490)[0m    Test:       50737 samples (global, shared)[32m [repeated 281x across cluster][0m
[36m(ClientAppActor pid=1181925)[0m [Client 74] Data split:[32m [repeated 293x across cluster][0m
[36m(ClientAppActor pid=1181925)[0m    Train:      174 samples (client-local)[32m [repeated 293x across cluster][0m
[36m(ClientAppActor pid=1181925)[0m    Validation: 24 samples (client-local)[32m [repeated 293x across cluster][0m[36m(ClientAppActor pid=1183497)[0m /home/bax9142/federated-edge-learning/.venv/lib64/python3.13/site-packages/sklearn/metrics/_ranking.py:424: UndefinedMetricWarning: Only one class is present in y_true. ROC AUC score is not defined in that case.[32m [repeated 6x across cluster][0m
[36m(ClientAppActor pid=1183497)[0m   warnings.warn([32m [repeated 6x across cluster][0m
[36m(ClientAppActor pid=1181930)[0m /home/bax9142/federated-edge-learning/.venv/lib64/python3.13/site-packages/sklearn/metrics/_ranking.py:424: UndefinedMetricWarning: Only one class is present in y_true. ROC AUC score is not defined in that case.[32m [repeated 5x across cluster][0m
[36m(ClientAppActor pid=1181930)[0m   warnings.warn([32m [repeated 5x across cluster][0m
[92mINFO [0m:      aggregate_evaluate: received 1024 results and 0 failures
[92mINFO [0m:      
[92mINFO [0m:      [ROUND 49]
[92mINFO [0m:      configure_fit: strategy sampled 819 clients (out of 1024)
[92mINFO [0m:      aggregate_fit: received 819 results and 0 failures
[92mINFO [0m:      configure_evaluate: strategy sampled 1024 clients (out of 1024)
[36m(ClientAppActor pid=1181931)[0m /home/bax9142/federated-edge-learning/.venv/lib64/python3.13/site-packages/sklearn/metrics/_ranking.py:424: UndefinedMetricWarning: Only one class is present in y_true. ROC AUC score is not defined in that case.[32m [repeated 4x across cluster][0m
[36m(ClientAppActor pid=1181931)[0m   warnings.warn([32m [repeated 4x across cluster][0m
[36m(ClientAppActor pid=1181931)[0m /home/bax9142/federated-edge-learning/.venv/lib64/python3.13/site-packages/sklearn/metrics/_ranking.py:424: UndefinedMetricWarning: Only one class is present in y_true. ROC AUC score is not defined in that case.[32m [repeated 11x across cluster][0m
[36m(ClientAppActor pid=1181931)[0m   warnings.warn([32m [repeated 11x across cluster][0m
[36m(ClientAppActor pid=1183520)[0m /home/bax9142/federated-edge-learning/.venv/lib64/python3.13/site-packages/sklearn/metrics/_ranking.py:424: UndefinedMetricWarning: Only one class is present in y_true. ROC AUC score is not defined in that case.[32m [repeated 10x across cluster][0m
[36m(ClientAppActor pid=1183520)[0m   warnings.warn([32m [repeated 10x across cluster][0m
[36m(ClientAppActor pid=1183524)[0m /home/bax9142/federated-edge-learning/.venv/lib64/python3.13/site-packages/sklearn/metrics/_ranking.py:424: UndefinedMetricWarning: Only one class is present in y_true. ROC AUC score is not defined in that case.[32m [repeated 9x across cluster][0m
[36m(ClientAppActor pid=1183524)[0m   warnings.warn([32m [repeated 9x across cluster][0m
[92mINFO [0m:      aggregate_evaluate: received 1024 results and 0 failures
[92mINFO [0m:      
[92mINFO [0m:      [ROUND 50]
[92mINFO [0m:      configure_fit: strategy sampled 819 clients (out of 1024)
[92mINFO [0m:      aggregate_fit: received 819 results and 0 failures
[92mINFO [0m:      configure_evaluate: strategy sampled 1024 clients (out of 1024)
[36m(ClientAppActor pid=1181908)[0m /home/bax9142/federated-edge-learning/.venv/lib64/python3.13/site-packages/sklearn/metrics/_ranking.py:424: UndefinedMetricWarning: Only one class is present in y_true. ROC AUC score is not defined in that case.
[36m(ClientAppActor pid=1181908)[0m   warnings.warn(
[36m(ClientAppActor pid=1183505)[0m /home/bax9142/federated-edge-learning/.venv/lib64/python3.13/site-packages/sklearn/metrics/_ranking.py:424: UndefinedMetricWarning: Only one class is present in y_true. ROC AUC score is not defined in that case.
[36m(ClientAppActor pid=1183505)[0m   warnings.warn(

[36m(ClientAppActor pid=1181925)[0m    Test:       50737 samples (global, shared)[32m [repeated 293x across cluster][0m
[36m(ClientAppActor pid=1181929)[0m [Client 938] Data split:[32m [repeated 278x across cluster][0m
[36m(ClientAppActor pid=1181929)[0m    Train:      173 samples (client-local)[32m [repeated 278x across cluster][0m
[36m(ClientAppActor pid=1181929)[0m    Validation: 24 samples (client-local)[32m [repeated 278x across cluster][0m
[36m(ClientAppActor pid=1181929)[0m    Test:       50737 samples (global, shared)[32m [repeated 278x across cluster][0m

🎯 Multi-Threshold Aggregation:
   ═══════════════════════════════════════════════
   Evaluated 10 thresholds:
     • Thr=0.30: Recall=0.945, Spec=0.426, F1=0.344
     • Thr=0.35: Recall=0.922, Spec=0.476, F1=0.357
     • Thr=0.40: Recall=0.896, Spec=0.528, F1=0.373
   ...

   BEST Threshold: 0.55
     • Recall:      0.785
     • Specificity: 0.668
     • F1-Score:    0.410
     • Score:       0.695
   ═══════════════════════════════════════════════

⚠️  No rounds meet spec≥0.7, using recall filter only
 3 Pareto-optimal rounds (not dominated in recall & spec)

🎯 SELECTED ROUND 48:
   Recall:     0.785
   Specificity: 0.668
   F1-Score:    0.410
   Stability:   1.000
   Alerts/1000: 394.8
   Composite:   0.697


✅ Round 48 is NEW BEST - Saving checkpoint...
   💾 Checkpoint saved: result/splits_iid_scaling/splits_iid_1024_clients.json/multi_thr/model_round_48.pt
⚠️  No rounds meet spec≥0.7, using recall filter only
 3 Pareto-optimal rounds (not dominated in recall & spec)

🎯 SELECTED ROUND 48:
   Recall:     0.785
   Specificity: 0.668
   F1-Score:    0.410
   Stability:   1.000
   Alerts/1000: 394.8
   Composite:   0.697

   💾 Best model saved: result/splits_iid_scaling/splits_iid_1024_clients.json/multi_thr/model_round_48.pt
   📊 Metrics saved: result/splits_iid_scaling/splits_iid_1024_clients.json/multi_thr/run_1.json
[36m(ClientAppActor pid=1181915)[0m [Client 286] Data split:[32m [repeated 265x across cluster][0m
[36m(ClientAppActor pid=1181915)[0m    Train:      174 samples (client-local)[32m [repeated 265x across cluster][0m
[36m(ClientAppActor pid=1181915)[0m    Validation: 24 samples (client-local)[32m [repeated 265x across cluster][0m
[36m(ClientAppActor pid=1181915)[0m    Test:       50737 samples (global, shared)[32m [repeated 265x across cluster][0m
[36m(ClientAppActor pid=1183490)[0m [Client 841] Data split:[32m [repeated 277x across cluster][0m
[36m(ClientAppActor pid=1183490)[0m    Train:      173 samples (client-local)[32m [repeated 277x across cluster][0m
[36m(ClientAppActor pid=1183490)[0m    Validation: 24 samples (client-local)[32m [repeated 277x across cluster][0m
[36m(ClientAppActor pid=1183490)[0m    Test:       50737 samples (global, shared)[32m [repeated 277x across cluster][0m
[36m(ClientAppActor pid=1183505)[0m [Client 589] Data split:[32m [repeated 281x across cluster][0m
[36m(ClientAppActor pid=1183505)[0m    Train:      173 samples (client-local)[32m [repeated 281x across cluster][0m
[36m(ClientAppActor pid=1183505)[0m    Validation: 24 samples (client-local)[32m [repeated 281x across cluster][0m
[36m(ClientAppActor pid=1183505)[0m    Test:       50737 samples (global, shared)[32m [repeated 281x across cluster][0m
[36m(ClientAppActor pid=1181923)[0m [Client 179] Data split:[32m [repeated 233x across cluster][0m
[36m(ClientAppActor pid=1181923)[0m    Train:      174 samples (client-local)[32m [repeated 233x across cluster][0m
[36m(ClientAppActor pid=1181923)[0m    Validation: 24 samples (client-local)[32m [repeated 233x across cluster][0m
[36m(ClientAppActor pid=1181923)[0m    Test:       50737 samples (global, shared)[32m [repeated 233x across cluster][0m
[36m(ClientAppActor pid=1183375)[0m [Client 889] Data split:[32m [repeated 293x across cluster][0m
[36m(ClientAppActor pid=1183375)[0m    Train:      173 samples (client-local)[32m [repeated 293x across cluster][0m
[36m(ClientAppActor pid=1183375)[0m    Validation: 24 samples (client-local)[32m [repeated 293x across cluster][0m
[36m(ClientAppActor pid=1183375)[0m    Test:       50737 samples (global, shared)[32m [repeated 293x across cluster][0m
[36m(ClientAppActor pid=1183492)[0m 
[36m(ClientAppActor pid=1181918)[0m [Client 432] Data split:[32m [repeated 278x across cluster][0m
[36m(ClientAppActor pid=1181918)[0m    Train:      173 samples (client-local)[32m [repeated 278x across cluster][0m
[36m(ClientAppActor pid=1181918)[0m    Validation: 24 samples (client-local)[32m [repeated 278x across cluster][0m
[36m(ClientAppActor pid=1181918)[0m    Test:       50737 samples (global, shared)[32m [repeated 278x across cluster][0m
[36m(ClientAppActor pid=1181918)[0m [Client 353] Data split:[32m [repeated 279x across cluster][0m
[36m(ClientAppActor pid=1181918)[0m    Train:      174 samples (client-local)[32m [repeated 279x across cluster][0m
[36m(ClientAppActor pid=1181918)[0m    Validation: 24 samples (client-local)[32m [repeated 279x across cluster][0m
[36m(ClientAppActor pid=1181918)[0m    Test:       50737 samples (global, shared)[32m [repeated 279x across cluster][0m

🎯 Multi-Threshold Aggregation:
   ═══════════════════════════════════════════════
   Evaluated 10 thresholds:
     • Thr=0.30: Recall=0.945, Spec=0.426, F1=0.344
     • Thr=0.35: Recall=0.922, Spec=0.476, F1=0.358
     • Thr=0.40: Recall=0.896, Spec=0.528, F1=0.372
   ...

   BEST Threshold: 0.55
     • Recall:      0.786
     • Specificity: 0.668
     • F1-Score:    0.410
     • Score:       0.695
   ═══════════════════════════════════════════════

⚠️  No rounds meet spec≥0.7, using recall filter only
 4 Pareto-optimal rounds (not dominated in recall & spec)

🎯 SELECTED ROUND 48:
   Recall:     0.785
   Specificity: 0.668
   F1-Score:    0.410
   Stability:   1.000
   Alerts/1000: 394.8
   Composite:   0.697

[36m(ClientAppActor pid=1181926)[0m [Client 12] Data split:[32m [repeated 247x across cluster][0m
[36m(ClientAppActor pid=1181926)[0m    Train:      174 samples (client-local)[32m [repeated 247x across cluster][0m
[36m(ClientAppActor pid=1181926)[0m    Validation: 24 samples (client-local)[32m [repeated 247x across cluster][0m
[36m(ClientAppActor pid=1181926)[0m    Test:       50737 samples (global, shared)[32m [repeated 247x across cluster][0m
[36m(ClientAppActor pid=1183489)[0m 
[36m(ClientAppActor pid=1183489)[0m 
[36m(ClientAppActor pid=1181915)[0m [Client 393] Data split:[32m [repeated 282x across cluster][0m
[36m(ClientAppActor pid=1181915)[0m    Train:      174 samples (client-local)[32m [repeated 282x across cluster][0m
[36m(ClientAppActor pid=1181915)[0m    Validation: 24 samples (client-local)[32m [repeated 282x across cluster][0m
[36m(ClientAppActor pid=1181915)[0m    Test:       50737 samples (global, shared)[32m [repeated 282x across cluster][0m
[36m(ClientAppActor pid=1181912)[0m [Client 278] Data split:[32m [repeated 281x across cluster][0m
[36m(ClientAppActor pid=1181912)[0m    Train:      174 samples (client-local)[32m [repeated 281x across cluster][0m
[36m(ClientAppActor pid=1181912)[0m    Validation: 24 samples (client-local)[32m [repeated 281x across cluster][0m
[36m(ClientAppActor pid=1181912)[0m    Test:       50737 samples (global, shared)[32m [repeated 281x across cluster][0m
[36m(ClientAppActor pid=1181925)[0m [Client 1012] Data split:[32m [repeated 245x across cluster][0m
[36m(ClientAppActor pid=1181925)[0m    Train:      173 samples (client-local)[32m [repeated 245x across cluster][0m
[36m(ClientAppActor pid=1181925)[0m    Validation: 24 samples (client-local)[32m [repeated 245x across cluster][0m[36m(ClientAppActor pid=1181918)[0m /home/bax9142/federated-edge-learning/.venv/lib64/python3.13/site-packages/sklearn/metrics/_ranking.py:424: UndefinedMetricWarning: Only one class is present in y_true. ROC AUC score is not defined in that case.[32m [repeated 9x across cluster][0m
[36m(ClientAppActor pid=1181918)[0m   warnings.warn([32m [repeated 9x across cluster][0m
[36m(ClientAppActor pid=1181908)[0m /home/bax9142/federated-edge-learning/.venv/lib64/python3.13/site-packages/sklearn/metrics/_ranking.py:424: UndefinedMetricWarning: Only one class is present in y_true. ROC AUC score is not defined in that case.[32m [repeated 9x across cluster][0m
[36m(ClientAppActor pid=1181908)[0m   warnings.warn([32m [repeated 9x across cluster][0m
[36m(ClientAppActor pid=1181912)[0m /home/bax9142/federated-edge-learning/.venv/lib64/python3.13/site-packages/sklearn/metrics/_ranking.py:424: UndefinedMetricWarning: Only one class is present in y_true. ROC AUC score is not defined in that case.[32m [repeated 9x across cluster][0m
[36m(ClientAppActor pid=1181912)[0m   warnings.warn([32m [repeated 9x across cluster][0m
[92mINFO [0m:      aggregate_evaluate: received 1024 results and 0 failures
[92mINFO [0m:      
[92mINFO [0m:      [SUMMARY]
[92mINFO [0m:      Run finished 50 round(s) in 1716.62s
[92mINFO [0m:      	History (loss, distributed):
[92mINFO [0m:      		round 1: 0.7707814781758282
[92mINFO [0m:      		round 2: 0.7093837396254941
[92mINFO [0m:      		round 3: 0.6877817358458618
[92mINFO [0m:      		round 4: 0.6700253923094938
[92mINFO [0m:      		round 5: 0.6548172399302982
[92mINFO [0m:      		round 6: 0.6423227948012392
[92mINFO [0m:      		round 7: 0.6318052273768802
[92mINFO [0m:      		round 8: 0.622785904267653
[92mINFO [0m:      		round 9: 0.6148700237612512
[92mINFO [0m:      		round 10: 0.6081828692101485
[92mINFO [0m:      		round 11: 0.6024657797170565
[92mINFO [0m:      		round 12: 0.5974693128322811
[92mINFO [0m:      		round 13: 0.5929341281261101
[92mINFO [0m:      		round 14: 0.5887368106571367
[92mINFO [0m:      		round 15: 0.5850621521783078
[92mINFO [0m:      		round 16: 0.5817621295025807
[92mINFO [0m:      		round 17: 0.5786636785701862
[92mINFO [0m:      		round 18: 0.5757603545654688
[92mINFO [0m:      		round 19: 0.5733450972312109
[92mINFO [0m:      		round 20: 0.5711344319660931
[92mINFO [0m:      		round 21: 0.5689911052739721
[92mINFO [0m:      		round 22: 0.5671246776827801
[92mINFO [0m:      		round 23: 0.5652862246885769
[92mINFO [0m:      		round 24: 0.5635754397401521
[92mINFO [0m:      		round 25: 0.5619663714573083
[92mINFO [0m:      		round 26: 0.5604864373140551
[92mINFO [0m:      		round 27: 0.5589789662055509
[92mINFO [0m:      		round 28: 0.5576591441934697
[92mINFO [0m:      		round 29: 0.5565065015935627
[92mINFO [0m:      		round 30: 0.5553638867138688
[92mINFO [0m:      		round 31: 0.5542718705103549
[92mINFO [0m:      		round 32: 0.5531704109038739
[92mINFO [0m:      		round 33: 0.5520630381867473
[92mINFO [0m:      		round 34: 0.5511420384937564
[92mINFO [0m:      		round 35: 0.5502073936368794
[92mINFO [0m:      		round 36: 0.5494761512797174
[92mINFO [0m:      		round 37: 0.5484858979678087
[92mINFO [0m:      		round 38: 0.5476829763871944
[92mINFO [0m:      		round 39: 0.547095960677516
[92mINFO [0m:      		round 40: 0.5463778969665237
[92mINFO [0m:      		round 41: 0.5457092808205335
[92mINFO [0m:      		round 42: 0.5449395438580437
[92mINFO [0m:      		round 43: 0.5442891488576003
[92mINFO [0m:      		round 44: 0.5436518120816437
[92mINFO [0m:      		round 45: 0.54311698080237
[92mINFO [0m:      		round 46: 0.5427556699926039
[92mINFO [0m:      		round 47: 0.5421167983970444
[92mINFO [0m:      		round 48: 0.5415394113750647
[92mINFO [0m:      		round 49: 0.5411233168902437
[92mINFO [0m:      		round 50: 0.5406631295593031
[92mINFO [0m:      	History (metrics, distributed, fit):
[92mINFO [0m:      	{'fit_accuracy': [(1, 0.25395897731993605),
[92mINFO [0m:      	                  (2, 0.41839048088432024),
[92mINFO [0m:      	                  (3, 0.4673143943394234),
[92mINFO [0m:      	                  (4, 0.48911045860706814),
[92mINFO [0m:      	                  (5, 0.5065479124128706),
[92mINFO [0m:      	                  (6, 0.5248794226368597),
[92mINFO [0m:      	                  (7, 0.5383104264068045),
[92mINFO [0m:      	                  (8, 0.5500228832951946),
[92mINFO [0m:      	                  (9, 0.560759573883839),
[92mINFO [0m:      	                  (10, 0.5714154942470461),
[92mINFO [0m:      	                  (11, 0.5780171806787776),
[92mINFO [0m:      	                  (12, 0.5868233537993579),
[92mINFO [0m:      	                  (13, 0.5907689057879172),
[92mINFO [0m:      	                  (14, 0.5959876912677008),
[92mINFO [0m:      	                  (15, 0.6012786121144273),
[92mINFO [0m:      	                  (16, 0.6066620666347481),
[92mINFO [0m:      	                  (17, 0.6108337616797752),
[92mINFO [0m:      	                  (18, 0.6144037065463072),
[92mINFO [0m:      	                  (19, 0.6182875569417944),
[92mINFO [0m:      	                  (20, 0.6216661503365534),
[92mINFO [0m:      	                  (21, 0.6236824873793381),
[92mINFO [0m:      	                  (22, 0.6258176262259992),
[92mINFO [0m:      	                  (23, 0.6271475243620797),
[92mINFO [0m:      	                  (24, 0.6288188699172681),
[92mINFO [0m:      	                  (25, 0.6318350161238083),
[92mINFO [0m:      	                  (26, 0.6332420387098591),
[92mINFO [0m:      	                  (27, 0.6344209429392216),
[92mINFO [0m:      	                  (28, 0.6357491868144247),
[92mINFO [0m:      	                  (29, 0.6377461575830969),
[92mINFO [0m:      	                  (30, 0.6390416311702211),
[92mINFO [0m:      	                  (31, 0.6393541891102146),
[92mINFO [0m:      	                  (32, 0.6394034769016286),
[92mINFO [0m:      	                  (33, 0.6411583305170666),
[92mINFO [0m:      	                  (34, 0.6425337454847591),
[92mINFO [0m:      	                  (35, 0.6420324138610795),
[92mINFO [0m:      	                  (36, 0.6444181592880478),
[92mINFO [0m:      	                  (37, 0.6428853059212842),
[92mINFO [0m:      	                  (38, 0.646256204456648),
[92mINFO [0m:      	                  (39, 0.6458481492173692),
[92mINFO [0m:      	                  (40, 0.6452791663733014),
[92mINFO [0m:      	                  (41, 0.645462674167271),
[92mINFO [0m:      	                  (42, 0.6462582639245809),
[92mINFO [0m:      	                  (43, 0.6480094072582349),
[92mINFO [0m:      	                  (44, 0.6480922104166227),
[92mINFO [0m:      	                  (45, 0.6492128534414779),
[92mINFO [0m:      	                  (46, 0.6502337501408133),
[92mINFO [0m:      	                  (47, 0.6480324994895552),
[92mINFO [0m:      	                  (48, 0.6498056666478905),
[92mINFO [0m:      	                  (49, 0.6498855835240275),
[92mINFO [0m:      	                  (50, 0.6501816543216831)],
[92mINFO [0m:      	 'fit_loss': [(1, 0.8939106219172968),
[92mINFO [0m:      	              (2, 0.7616938506351225),
[92mINFO [0m:      	              (3, 0.702859392462241),
[92mINFO [0m:      	              (4, 0.6825547136034121),
[92mINFO [0m:      	              (5, 0.6651772104010132),
[92mINFO [0m:      	              (6, 0.6534478583494934),
[92mINFO [0m:      	              (7, 0.640069933039193),
[92mINFO [0m:      	              (8, 0.6305610897290919),
[92mINFO [0m:      	              (9, 0.6207608857870268),
[92mINFO [0m:      	              (10, 0.6139144359370096),
[92mINFO [0m:      	              (11, 0.6063932888983102),
[92mINFO [0m:      	              (12, 0.6002614072312125),
[92mINFO [0m:      	              (13, 0.5972265938514891),
[92mINFO [0m:      	              (14, 0.5916242030950919),
[92mINFO [0m:      	              (15, 0.5859658750645783),
[92mINFO [0m:      	              (16, 0.5845596129774752),
[92mINFO [0m:      	              (17, 0.5808757345209755),
[92mINFO [0m:      	              (18, 0.5772080296309435),
[92mINFO [0m:      	              (19, 0.5754813733724404),
[92mINFO [0m:      	              (20, 0.5734120268263154),
[92mINFO [0m:      	              (21, 0.5695890998477573),
[92mINFO [0m:      	              (22, 0.5669483703659022),
[92mINFO [0m:      	              (23, 0.5671673810174231),
[92mINFO [0m:      	              (24, 0.5656574983433967),
[92mINFO [0m:      	              (25, 0.5610248307799993),
[92mINFO [0m:      	              (26, 0.561380561017091),
[92mINFO [0m:      	              (27, 0.561051762995267),
[92mINFO [0m:      	              (28, 0.5581952957208388),
[92mINFO [0m:      	              (29, 0.5569782082260826),
[92mINFO [0m:      	              (30, 0.5554001668124356),
[92mINFO [0m:      	              (31, 0.5541921447258163),
[92mINFO [0m:      	              (32, 0.5543028969500577),
[92mINFO [0m:      	              (33, 0.5503810417944462),
[92mINFO [0m:      	              (34, 0.5520832453142271),
[92mINFO [0m:      	              (35, 0.5503228042605651),
[92mINFO [0m:      	              (36, 0.5478727199377255),
[92mINFO [0m:      	              (37, 0.5481050578276557),
[92mINFO [0m:      	              (38, 0.5449121844429868),
[92mINFO [0m:      	              (39, 0.5468718072118843),
[92mINFO [0m:      	              (40, 0.5460114411406976),
[92mINFO [0m:      	              (41, 0.5436143249876132),
[92mINFO [0m:      	              (42, 0.5446693071186688),
[92mINFO [0m:      	              (43, 0.5432852566119246),
[92mINFO [0m:      	              (44, 0.5432376494786073),
[92mINFO [0m:      	              (45, 0.5406417303912823),
[92mINFO [0m:      	              (46, 0.5409339022741579),
[92mINFO [0m:      	              (47, 0.5422154057356009),
[92mINFO [0m:      	              (48, 0.5403552811634995),
[92mINFO [0m:      	              (49, 0.5402400217136433),
[92mINFO [0m:      	              (50, 0.5394998734253662)]}
[92mINFO [0m:      	History (metrics, distributed, evaluate):
[92mINFO [0m:      	{'alerts_per_1000': [(1, 610.8877325764744),
[92mINFO [0m:      	                     (2, 564.6483759066541),
[92mINFO [0m:      	                     (3, 544.0318511510565),
[92mINFO [0m:      	                     (4, 525.7016713970356),
[92mINFO [0m:      	                     (5, 507.33207190160834),
[92mINFO [0m:      	                     (6, 494.7177546515295),
[92mINFO [0m:      	                     (7, 482.6947335225481),
[92mINFO [0m:      	                     (8, 472.5638599810785),
[92mINFO [0m:      	                     (9, 462.39356669820245),
[92mINFO [0m:      	                     (10, 455.4951119520656),
[92mINFO [0m:      	                     (11, 449.8975086723431),
[92mINFO [0m:      	                     (12, 445.32481866918954),
[92mINFO [0m:      	                     (13, 439.884894355093),
[92mINFO [0m:      	                     (14, 434.957426679281),
[92mINFO [0m:      	                     (15, 430.6212551245664),
[92mINFO [0m:      	                     (16, 426.71870072532323),
[92mINFO [0m:      	                     (17, 423.0526647745191),
[92mINFO [0m:      	                     (18, 419.11069063386947),
[92mINFO [0m:      	                     (19, 417.13970356354463),
[92mINFO [0m:      	                     (20, 414.8533585619678),
[92mINFO [0m:      	                     (21, 412.0151371807001),
[92mINFO [0m:      	                     (22, 411.1873226111637),
[92mINFO [0m:      	                     (23, 409.33459476505834),
[92mINFO [0m:      	                     (24, 456.2835067801955),
[92mINFO [0m:      	                     (25, 454.7067171239357),
[92mINFO [0m:      	                     (26, 404.80132450331126),
[92mINFO [0m:      	                     (27, 402.71207820876697),
[92mINFO [0m:      	                     (28, 401.80542415641753),
[92mINFO [0m:      	                     (29, 401.80542415641753),
[92mINFO [0m:      	                     (30, 449.0302743614002),
[92mINFO [0m:      	                     (31, 400.8987701040681),
[92mINFO [0m:      	                     (32, 400.1892147587512),
[92mINFO [0m:      	                     (33, 398.29706717123935),
[92mINFO [0m:      	                     (34, 397.8634500157679),
[92mINFO [0m:      	                     (35, 397.39041311888997),
[92mINFO [0m:      	                     (36, 398.73068432671084),
[92mINFO [0m:      	                     (37, 396.7202775149795),
[92mINFO [0m:      	                     (38, 396.52317880794703),
[92mINFO [0m:      	                     (39, 397.62693156732894),
[92mINFO [0m:      	                     (40, 397.8634500157679),
[92mINFO [0m:      	                     (41, 397.31157363607696),
[92mINFO [0m:      	                     (42, 396.3260801009145),
[92mINFO [0m:      	                     (43, 395.49826553137814),
[92mINFO [0m:      	                     (44, 394.78871018606117),
[92mINFO [0m:      	                     (45, 395.06464837590664),
[92mINFO [0m:      	                     (46, 396.79911699779245),
[92mINFO [0m:      	                     (47, 395.4588457899716),
[92mINFO [0m:      	                     (48, 394.78871018606117),
[92mINFO [0m:      	                     (49, 395.26174708293917),
[92mINFO [0m:      	                     (50, 395.3800063071586)],
[92mINFO [0m:      	 'auc': [(1, nan),
[92mINFO [0m:      	         (2, nan),
[92mINFO [0m:      	         (3, nan),
[92mINFO [0m:      	         (4, nan),
[92mINFO [0m:      	         (5, nan),
[92mINFO [0m:      	         (6, nan),
[92mINFO [0m:      	         (7, nan),
[92mINFO [0m:      	         (8, nan),
[92mINFO [0m:      	         (9, nan),
[92mINFO [0m:      	         (10, nan),
[92mINFO [0m:      	         (11, nan),
[92mINFO [0m:      	         (12, nan),
[92mINFO [0m:      	         (13, nan),
[92mINFO [0m:      	         (14, nan),
[92mINFO [0m:      	         (15, nan),
[92mINFO [0m:      	         (16, nan),
[92mINFO [0m:      	         (17, nan),
[92mINFO [0m:      	         (18, nan),
[92mINFO [0m:      	         (19, nan),
[92mINFO [0m:      	         (20, nan),
[92mINFO [0m:      	         (21, nan),
[92mINFO [0m:      	         (22, nan),
[92mINFO [0m:      	         (23, nan),
[92mINFO [0m:      	         (24, nan),
[92mINFO [0m:      	         (25, nan),
[92mINFO [0m:      	         (26, nan),
[92mINFO [0m:      	         (27, nan),
[92mINFO [0m:      	         (28, nan),
[92mINFO [0m:      	         (29, nan),
[92mINFO [0m:      	         (30, nan),
[92mINFO [0m:      	         (31, nan),
[92mINFO [0m:      	         (32, nan),
[92mINFO [0m:      	         (33, nan),
[92mINFO [0m:      	         (34, nan),
[92mINFO [0m:      	         (35, nan),
[92mINFO [0m:      	         (36, nan),
[92mINFO [0m:      	         (37, nan),
[92mINFO [0m:      	         (38, nan),
[92mINFO [0m:      	         (39, nan),
[92mINFO [0m:      	         (40, nan),
[92mINFO [0m:      	         (41, nan),
[92mINFO [0m:      	         (42, nan),
[92mINFO [0m:      	         (43, nan),
[92mINFO [0m:      	         (44, nan),
[92mINFO [0m:      	         (45, nan),
[92mINFO [0m:      	         (46, nan),
[92mINFO [0m:      	         (47, nan),
[92mINFO [0m:      	         (48, nan),
[92mINFO [0m:      	         (49, nan),
[92mINFO [0m:      	         (50, nan)],
[92mINFO [0m:      	 'balanced_accuracy': [(1, 0.5878437264328273),
[92mINFO [0m:      	                       (2, 0.6248960493539392),
[92mINFO [0m:      	                       (3, 0.6380237382507087),
[92mINFO [0m:      	                       (4, 0.6486727557929612),
[92mINFO [0m:      	                       (5, 0.6583586114760425),
[92mINFO [0m:      	                       (6, 0.6643722170045979),
[92mINFO [0m:      	                       (7, 0.6718500879538785),
[92mINFO [0m:      	                       (8, 0.6769139548498888),
[92mINFO [0m:      	                       (9, 0.6826580981736703),
[92mINFO [0m:      	                       (10, 0.6879805435771902),
[92mINFO [0m:      	                       (11, 0.6920542207658222),
[92mINFO [0m:      	                       (12, 0.6953681251879138),
[92mINFO [0m:      	                       (13, 0.69819979112371),
[92mINFO [0m:      	                       (14, 0.7000763672758061),
[92mINFO [0m:      	                       (15, 0.7019381143903791),
[92mINFO [0m:      	                       (16, 0.7027262301185462),
[92mINFO [0m:      	                       (17, 0.7046916897983024),
[92mINFO [0m:      	                       (18, 0.7069818010977116),
[92mINFO [0m:      	                       (19, 0.7081268567474162),
[92mINFO [0m:      	                       (20, 0.7083047145002139),
[92mINFO [0m:      	                       (21, 0.7088031878349288),
[92mINFO [0m:      	                       (22, 0.7105988618373585),
[92mINFO [0m:      	                       (23, 0.7113465264906924),
[92mINFO [0m:      	                       (24, 0.7118454079640548),
[92mINFO [0m:      	                       (25, 0.7119397333403473),
[92mINFO [0m:      	                       (26, 0.7138158106563186),
[92mINFO [0m:      	                       (27, 0.714700881987617),
[92mINFO [0m:      	                       (28, 0.7157206390725639),
[92mINFO [0m:      	                       (29, 0.7162136705586466),
[92mINFO [0m:      	                       (30, 0.7167165880697446),
[92mINFO [0m:      	                       (31, 0.7180551467870646),
[92mINFO [0m:      	                       (32, 0.7186317106496525),
[92mINFO [0m:      	                       (33, 0.7194022764159803),
[92mINFO [0m:      	                       (34, 0.7201472201449981),
[92mINFO [0m:      	                       (35, 0.7202576896722329),
[92mINFO [0m:      	                       (36, 0.7209581462886818),
[92mINFO [0m:      	                       (37, 0.7219617592226864),
[92mINFO [0m:      	                       (38, 0.7220762647876569),
[92mINFO [0m:      	                       (39, 0.7229141280820703),
[92mINFO [0m:      	                       (40, 0.7232697528901885),
[92mINFO [0m:      	                       (41, 0.7239190561294941),
[92mINFO [0m:      	                       (42, 0.7249846154404291),
[92mINFO [0m:      	                       (43, 0.7253011949846109),
[92mINFO [0m:      	                       (44, 0.7255490711898103),
[92mINFO [0m:      	                       (45, 0.7257174510562401),
[92mINFO [0m:      	                       (46, 0.726024552714054),
[92mINFO [0m:      	                       (47, 0.7263101590697705),
[92mINFO [0m:      	                       (48, 0.7268638218193642),
[92mINFO [0m:      	                       (49, 0.7267533522921293),
[92mINFO [0m:      	                       (50, 0.7271776804392298)],
[92mINFO [0m:      	 'best_score': [(1, 0.5712157048641736),
[92mINFO [0m:      	                (2, 0.6031368272847661),
[92mINFO [0m:      	                (3, 0.6144489696264447),
[92mINFO [0m:      	                (4, 0.6236604127627516),
[92mINFO [0m:      	                (5, 0.6320701922494729),
[92mINFO [0m:      	                (6, 0.6373049822390537),
[92mINFO [0m:      	                (7, 0.6439792857750353),
[92mINFO [0m:      	                (8, 0.6484793687470393),
[92mINFO [0m:      	                (9, 0.6536562921049734),
[92mINFO [0m:      	                (10, 0.6585416924794226),
[92mINFO [0m:      	                (11, 0.6622912746171186),
[92mINFO [0m:      	                (12, 0.6653528730862849),
[92mINFO [0m:      	                (13, 0.6679521168142181),
[92mINFO [0m:      	                (14, 0.6696609829251216),
[92mINFO [0m:      	                (15, 0.6713724193538123),
[92mINFO [0m:      	                (16, 0.6720707838115266),
[92mINFO [0m:      	                (17, 0.6739023029922262),
[92mINFO [0m:      	                (18, 0.6760478293507431),
[92mINFO [0m:      	                (19, 0.6771234744194732),
[92mINFO [0m:      	                (20, 0.6772702099220917),
[92mINFO [0m:      	                (21, 0.6777203619933923),
[92mINFO [0m:      	                (22, 0.679436880688596),
[92mINFO [0m:      	                (23, 0.6801389877533139),
[92mINFO [0m:      	                (24, 0.6811617575015951),
[92mINFO [0m:      	                (25, 0.6812282604455191),
[92mINFO [0m:      	                (26, 0.6824786766758648),
[92mINFO [0m:      	                (27, 0.6833168851479163),
[92mINFO [0m:      	                (28, 0.6842936086845106),
[92mINFO [0m:      	                (29, 0.684768576126891),
[92mINFO [0m:      	                (30, 0.6856823939750583),
[92mINFO [0m:      	                (31, 0.6865380432239966),
[92mINFO [0m:      	                (32, 0.6870903314846216),
[92mINFO [0m:      	                (33, 0.6878251108901752),
[92mINFO [0m:      	                (34, 0.688541991076667),
[92mINFO [0m:      	                (35, 0.6886468312619792),
[92mINFO [0m:      	                (36, 0.689327323009193),
[92mINFO [0m:      	                (37, 0.6902889534809524),
[92mINFO [0m:      	                (38, 0.6903988913040442),
[92mINFO [0m:      	                (39, 0.6912104640486132),
[92mINFO [0m:      	                (40, 0.6915541805323602),
[92mINFO [0m:      	                (41, 0.6921792018657595),
[92mINFO [0m:      	                (42, 0.6932053999620892),
[92mINFO [0m:      	                (43, 0.6935095791835779),
[92mINFO [0m:      	                (44, 0.6937478706604376),
[92mINFO [0m:      	                (45, 0.6939108440788878),
[92mINFO [0m:      	                (46, 0.6942098483305276),
[92mINFO [0m:      	                (47, 0.6944836365484642),
[92mINFO [0m:      	                (48, 0.6950175126353091),
[92mINFO [0m:      	                (49, 0.6949113124529893),
[92mINFO [0m:      	                (50, 0.6953211239591625)],
[92mINFO [0m:      	 'best_threshold': [(1, 0.55),
[92mINFO [0m:      	                    (2, 0.55),
[92mINFO [0m:      	                    (3, 0.55),
[92mINFO [0m:      	                    (4, 0.55),
[92mINFO [0m:      	                    (5, 0.55),
[92mINFO [0m:      	                    (6, 0.55),
[92mINFO [0m:      	                    (7, 0.55),
[92mINFO [0m:      	                    (8, 0.55),
[92mINFO [0m:      	                    (9, 0.55),
[92mINFO [0m:      	                    (10, 0.55),
[92mINFO [0m:      	                    (11, 0.55),
[92mINFO [0m:      	                    (12, 0.55),
[92mINFO [0m:      	                    (13, 0.55),
[92mINFO [0m:      	                    (14, 0.55),
[92mINFO [0m:      	                    (15, 0.55),
[92mINFO [0m:      	                    (16, 0.55),
[92mINFO [0m:      	                    (17, 0.55),
[92mINFO [0m:      	                    (18, 0.55),
[92mINFO [0m:      	                    (19, 0.55),
[92mINFO [0m:      	                    (20, 0.55),
[92mINFO [0m:      	                    (21, 0.55),
[92mINFO [0m:      	                    (22, 0.55),
[92mINFO [0m:      	                    (23, 0.55),
[92mINFO [0m:      	                    (24, 0.5),
[92mINFO [0m:      	                    (25, 0.5),
[92mINFO [0m:      	                    (26, 0.55),
[92mINFO [0m:      	                    (27, 0.55),
[92mINFO [0m:      	                    (28, 0.55),
[92mINFO [0m:      	                    (29, 0.55),
[92mINFO [0m:      	                    (30, 0.5),
[92mINFO [0m:      	                    (31, 0.55),
[92mINFO [0m:      	                    (32, 0.55),
[92mINFO [0m:      	                    (33, 0.55),
[92mINFO [0m:      	                    (34, 0.55),
[92mINFO [0m:      	                    (35, 0.55),
[92mINFO [0m:      	                    (36, 0.55),
[92mINFO [0m:      	                    (37, 0.55),
[92mINFO [0m:      	                    (38, 0.55),
[92mINFO [0m:      	                    (39, 0.55),
[92mINFO [0m:      	                    (40, 0.55),
[92mINFO [0m:      	                    (41, 0.55),
[92mINFO [0m:      	                    (42, 0.55),
[92mINFO [0m:      	                    (43, 0.55),
[92mINFO [0m:      	                    (44, 0.55),
[92mINFO [0m:      	                    (45, 0.55),
[92mINFO [0m:      	                    (46, 0.55),
[92mINFO [0m:      	                    (47, 0.55),
[92mINFO [0m:      	                    (48, 0.55),
[92mINFO [0m:      	                    (49, 0.55),
[92mINFO [0m:      	                    (50, 0.55)],
[92mINFO [0m:      	 'f1': [(1, 0.2831021437578815),
[92mINFO [0m:      	        (2, 0.30863990145024917),
[92mINFO [0m:      	        (3, 0.31875865251499774),
[92mINFO [0m:      	        (4, 0.32754430679864854),
[92mINFO [0m:      	        (5, 0.3361170374885706),
[92mINFO [0m:      	        (6, 0.3418091389493317),
[92mINFO [0m:      	        (7, 0.34879594423320665),
[92mINFO [0m:      	        (8, 0.35392643174644073),
[92mINFO [0m:      	        (9, 0.3597772682607271),
[92mINFO [0m:      	        (10, 0.3650099403578529),
[92mINFO [0m:      	        (11, 0.3691463740968691),
[92mINFO [0m:      	        (12, 0.3725728155339806),
[92mINFO [0m:      	        (13, 0.37579964611406014),
[92mINFO [0m:      	        (14, 0.37820028828334135),
[92mINFO [0m:      	        (15, 0.3805242409571893),
[92mINFO [0m:      	        (16, 0.3818941504178273),
[92mINFO [0m:      	        (17, 0.384243358800028),
[92mINFO [0m:      	        (18, 0.38695560104468135),
[92mINFO [0m:      	        (19, 0.38832613161436563),
[92mINFO [0m:      	        (20, 0.3889323564976172),
[92mINFO [0m:      	        (21, 0.389933509687567),
[92mINFO [0m:      	        (22, 0.39166547329228124),
[92mINFO [0m:      	        (23, 0.3927006250449026),
[92mINFO [0m:      	        (24, 0.38411647915287894),
[92mINFO [0m:      	        (25, 0.3844724618447246),
[92mINFO [0m:      	        (26, 0.39582729643581566),
[92mINFO [0m:      	        (27, 0.397062031852229),
[92mINFO [0m:      	        (28, 0.39816433566433573),
[92mINFO [0m:      	        (29, 0.39860139860139865),
[92mINFO [0m:      	        (30, 0.3893876457188798),
[92mINFO [0m:      	        (31, 0.4004377964246625),
[92mINFO [0m:      	        (32, 0.40111054285088044),
[92mINFO [0m:      	        (33, 0.4022289024122003),
[92mINFO [0m:      	        (34, 0.402993836219548),
[92mINFO [0m:      	        (35, 0.4032021151586369),
[92mINFO [0m:      	        (36, 0.40351648351648345),
[92mINFO [0m:      	        (37, 0.40488271196411496),
[92mINFO [0m:      	        (38, 0.40503163160217737),
[92mINFO [0m:      	        (39, 0.40552048157392456),
[92mINFO [0m:      	        (40, 0.4057822130906957),
[92mINFO [0m:      	        (41, 0.4064933157044219),
[92mINFO [0m:      	        (42, 0.4076826845242475),
[92mINFO [0m:      	        (43, 0.40816627358490565),
[92mINFO [0m:      	        (44, 0.4085608856088561),
[92mINFO [0m:      	        (45, 0.40864498045290254),
[92mINFO [0m:      	        (46, 0.4084993750459525),
[92mINFO [0m:      	        (47, 0.40908085796417776),
[92mINFO [0m:      	        (48, 0.4097416974169741),
[92mINFO [0m:      	        (49, 0.40952661849284766),
[92mINFO [0m:      	        (50, 0.4098783634353114)],
[92mINFO [0m:      	 'fn': [(1, 841),
[92mINFO [0m:      	        (2, 779),
[92mINFO [0m:      	        (3, 772),
[92mINFO [0m:      	        (4, 772),
[92mINFO [0m:      	        (5, 778),
[92mINFO [0m:      	        (6, 786),
[92mINFO [0m:      	        (7, 783),
[92mINFO [0m:      	        (8, 788),
[92mINFO [0m:      	        (9, 789),
[92mINFO [0m:      	        (10, 781),
[92mINFO [0m:      	        (11, 776),
[92mINFO [0m:      	        (12, 772),
[92mINFO [0m:      	        (13, 774),
[92mINFO [0m:      	        (14, 780),
[92mINFO [0m:      	        (15, 784),
[92mINFO [0m:      	        (16, 793),
[92mINFO [0m:      	        (17, 794),
[92mINFO [0m:      	        (18, 794),
[92mINFO [0m:      	        (19, 794),
[92mINFO [0m:      	        (20, 801),
[92mINFO [0m:      	        (21, 808),
[92mINFO [0m:      	        (22, 800),
[92mINFO [0m:      	        (23, 802),
[92mINFO [0m:      	        (24, 633),
[92mINFO [0m:      	        (25, 638),
[92mINFO [0m:      	        (26, 803),
[92mINFO [0m:      	        (27, 805),
[92mINFO [0m:      	        (28, 802),
[92mINFO [0m:      	        (29, 799),
[92mINFO [0m:      	        (30, 629),
[92mINFO [0m:      	        (31, 791),
[92mINFO [0m:      	        (32, 790),
[92mINFO [0m:      	        (33, 792),
[92mINFO [0m:      	        (34, 789),
[92mINFO [0m:      	        (35, 790),
[92mINFO [0m:      	        (36, 781),
[92mINFO [0m:      	        (37, 782),
[92mINFO [0m:      	        (38, 782),
[92mINFO [0m:      	        (39, 773),
[92mINFO [0m:      	        (40, 770),
[92mINFO [0m:      	        (41, 768),
[92mINFO [0m:      	        (42, 765),
[92mINFO [0m:      	        (43, 766),
[92mINFO [0m:      	        (44, 767),
[92mINFO [0m:      	        (45, 765),
[92mINFO [0m:      	        (46, 757),
[92mINFO [0m:      	        (47, 760),
[92mINFO [0m:      	        (48, 759),
[92mINFO [0m:      	        (49, 758),
[92mINFO [0m:      	        (50, 755)],
[92mINFO [0m:      	 'fp': [(1, 12803),
[92mINFO [0m:      	        (2, 11568),
[92mINFO [0m:      	        (3, 11038),
[92mINFO [0m:      	        (4, 10573),
[92mINFO [0m:      	        (5, 10113),
[92mINFO [0m:      	        (6, 9801),
[92mINFO [0m:      	        (7, 9493),
[92mINFO [0m:      	        (8, 9241),
[92mINFO [0m:      	        (9, 8984),
[92mINFO [0m:      	        (10, 8801),
[92mINFO [0m:      	        (11, 8654),
[92mINFO [0m:      	        (12, 8534),
[92mINFO [0m:      	        (13, 8398),
[92mINFO [0m:      	        (14, 8279),
[92mINFO [0m:      	        (15, 8173),
[92mINFO [0m:      	        (16, 8083),
[92mINFO [0m:      	        (17, 7991),
[92mINFO [0m:      	        (18, 7891),
[92mINFO [0m:      	        (19, 7841),
[92mINFO [0m:      	        (20, 7790),
[92mINFO [0m:      	        (21, 7725),
[92mINFO [0m:      	        (22, 7696),
[92mINFO [0m:      	        (23, 7651),
[92mINFO [0m:      	        (24, 8673),
[92mINFO [0m:      	        (25, 8638),
[92mINFO [0m:      	        (26, 7537),
[92mINFO [0m:      	        (27, 7486),
[92mINFO [0m:      	        (28, 7460),
[92mINFO [0m:      	        (29, 7457),
[92mINFO [0m:      	        (30, 8485),
[92mINFO [0m:      	        (31, 7426),
[92mINFO [0m:      	        (32, 7407),
[92mINFO [0m:      	        (33, 7361),
[92mINFO [0m:      	        (34, 7347),
[92mINFO [0m:      	        (35, 7336),
[92mINFO [0m:      	        (36, 7361),
[92mINFO [0m:      	        (37, 7311),
[92mINFO [0m:      	        (38, 7306),
[92mINFO [0m:      	        (39, 7325),
[92mINFO [0m:      	        (40, 7328),
[92mINFO [0m:      	        (41, 7312),
[92mINFO [0m:      	        (42, 7284),
[92mINFO [0m:      	        (43, 7264),
[92mINFO [0m:      	        (44, 7247),
[92mINFO [0m:      	        (45, 7252),
[92mINFO [0m:      	        (46, 7288),
[92mINFO [0m:      	        (47, 7257),
[92mINFO [0m:      	        (48, 7239),
[92mINFO [0m:      	        (49, 7250),
[92mINFO [0m:      	        (50, 7250)],
[92mINFO [0m:      	 'fpr': [(1, 0.5864058993267073),
[92mINFO [0m:      	         (2, 0.5298401502313013),
[92mINFO [0m:      	         (3, 0.5055649704575642),
[92mINFO [0m:      	         (4, 0.48426693537305915),
[92mINFO [0m:      	         (5, 0.4631979114184949),
[92mINFO [0m:      	         (6, 0.44890761691018183),
[92mINFO [0m:      	         (7, 0.43480053130582147),
[92mINFO [0m:      	         (8, 0.42325837035679936),
[92mINFO [0m:      	         (9, 0.4114871982778363),
[92mINFO [0m:      	         (10, 0.4031053909219988),
[92mINFO [0m:      	         (11, 0.3963724637017359),
[92mINFO [0m:      	         (12, 0.3908761965831539),
[92mINFO [0m:      	         (13, 0.38464709384876106),
[92mINFO [0m:      	         (14, 0.3791966289561673),
[92mINFO [0m:      	         (15, 0.3743415930014199),
[92mINFO [0m:      	         (16, 0.3702193926624834),
[92mINFO [0m:      	         (17, 0.36600558787157056),
[92mINFO [0m:      	         (18, 0.36142536527275226),
[92mINFO [0m:      	         (19, 0.3591352539733431),
[92mINFO [0m:      	         (20, 0.35679934044794576),
[92mINFO [0m:      	         (21, 0.3538221957587139),
[92mINFO [0m:      	         (22, 0.35249393120505657),
[92mINFO [0m:      	         (23, 0.3504328310355883),
[92mINFO [0m:      	         (24, 0.39724270599551137),
[92mINFO [0m:      	         (25, 0.39563962808592495),
[92mINFO [0m:      	         (26, 0.34521137727293544),
[92mINFO [0m:      	         (27, 0.34287546374753813),
[92mINFO [0m:      	         (28, 0.34168460587184535),
[92mINFO [0m:      	         (29, 0.3415471991938808),
[92mINFO [0m:      	         (30, 0.388631887509733),
[92mINFO [0m:      	         (31, 0.34012733018824715),
[92mINFO [0m:      	         (32, 0.3392570878944717),
[92mINFO [0m:      	         (33, 0.33715018549901526),
[92mINFO [0m:      	         (34, 0.3365089543351807),
[92mINFO [0m:      	         (35, 0.3360051298493107),
[92mINFO [0m:      	         (36, 0.33715018549901526),
[92mINFO [0m:      	         (37, 0.3348600741996061),
[92mINFO [0m:      	         (38, 0.33463106306966517),
[92mINFO [0m:      	         (39, 0.33550130536344064),
[92mINFO [0m:      	         (40, 0.3356387120414052),
[92mINFO [0m:      	         (41, 0.3349058764255943),
[92mINFO [0m:      	         (42, 0.3336234140979252),
[92mINFO [0m:      	         (43, 0.3327073695781615),
[92mINFO [0m:      	         (44, 0.3319287317363624),
[92mINFO [0m:      	         (45, 0.3321577428663033),
[92mINFO [0m:      	         (46, 0.3338066230018779),
[92mINFO [0m:      	         (47, 0.33238675399624423),
[92mINFO [0m:      	         (48, 0.3315623139284569),
[92mINFO [0m:      	         (49, 0.3320661384143269),
[92mINFO [0m:      	         (50, 0.3320661384143269)],
[92mINFO [0m:      	 'npv': [(1, 0.914800932023098),
[92mINFO [0m:      	         (2, 0.9294639623324882),
[92mINFO [0m:      	         (3, 0.9332584075386876),
[92mINFO [0m:      	         (4, 0.9358377659574468),
[92mINFO [0m:      	         (5, 0.937750040006401),
[92mINFO [0m:      	         (6, 0.9386799812763301),
[92mINFO [0m:      	         (7, 0.940333765145165),
[92mINFO [0m:      	         (8, 0.9411061285500747),
[92mINFO [0m:      	         (9, 0.942146942366916),
[92mINFO [0m:      	         (10, 0.9434590603055093),
[92mINFO [0m:      	         (11, 0.9443926907918309),
[92mINFO [0m:      	         (12, 0.9451353848340559),
[92mINFO [0m:      	         (13, 0.9455274825814625),
[92mINFO [0m:      	         (14, 0.945583926329008),
[92mINFO [0m:      	         (15, 0.9457214068125173),
[92mINFO [0m:      	         (16, 0.9454720484081689),
[92mINFO [0m:      	         (17, 0.9457502049740366),
[92mINFO [0m:      	         (18, 0.9461183496199783),
[92mINFO [0m:      	         (19, 0.9463005545786555),
[92mINFO [0m:      	         (20, 0.9460388035569928),
[92mINFO [0m:      	         (21, 0.9458299812282113),
[92mINFO [0m:      	         (22, 0.946441721898641),
[92mINFO [0m:      	         (23, 0.946476241324079),
[92mINFO [0m:      	         (24, 0.9541071558036686),
[92mINFO [0m:      	         (25, 0.9538784067085954),
[92mINFO [0m:      	         (26, 0.9468176700443738),
[92mINFO [0m:      	         (27, 0.9468717001055966),
[92mINFO [0m:      	         (28, 0.9471499176276771),
[92mINFO [0m:      	         (29, 0.9473476112026359),
[92mINFO [0m:      	         (30, 0.9549974958860986),
[92mINFO [0m:      	         (31, 0.9479536781155415),
[92mINFO [0m:      	         (32, 0.948080967402734),
[92mINFO [0m:      	         (33, 0.9481132075471698),
[92mINFO [0m:      	         (34, 0.9483469721767595),
[92mINFO [0m:      	         (35, 0.9483221037482829),
[92mINFO [0m:      	         (36, 0.9487969579754802),
[92mINFO [0m:      	         (37, 0.9489022477783586),
[92mINFO [0m:      	         (38, 0.9489189365732575),
[92mINFO [0m:      	         (39, 0.9494143053465087),
[92mINFO [0m:      	         (40, 0.9495908346972177),
[92mINFO [0m:      	         (41, 0.9497678069200078),
[92mINFO [0m:      	         (42, 0.9500457098080188),
[92mINFO [0m:      	         (43, 0.9500489077274209),
[92mINFO [0m:      	         (44, 0.9500423370025403),
[92mINFO [0m:      	         (45, 0.950149876189235),
[92mINFO [0m:      	         (46, 0.9505293425695988),
[92mINFO [0m:      	         (47, 0.9504434011476265),
[92mINFO [0m:      	         (48, 0.9505634078030353),
[92mINFO [0m:      	         (49, 0.9505899224300893),
[92mINFO [0m:      	         (50, 0.9507758508280089)],
[92mINFO [0m:      	 'ppv': [(1, 0.17384009808350004),
[92mINFO [0m:      	         (2, 0.19240435632504888),
[92mINFO [0m:      	         (3, 0.20020288384899645),
[92mINFO [0m:      	         (4, 0.20718356328734253),
[92mINFO [0m:      	         (5, 0.21421911421911422),
[92mINFO [0m:      	         (6, 0.2190438247011952),
[92mINFO [0m:      	         (7, 0.22474479379338505),
[92mINFO [0m:      	         (8, 0.2291458124791458),
[92mINFO [0m:      	         (9, 0.2341005967604433),
[92mINFO [0m:      	         (10, 0.2383383816529641),
[92mINFO [0m:      	         (11, 0.24174187330237448),
[92mINFO [0m:      	         (12, 0.24457820660352306),
[92mINFO [0m:      	         (13, 0.2474236042656152),
[92mINFO [0m:      	         (14, 0.24968279862243972),
[92mINFO [0m:      	         (15, 0.2518308311973636),
[92mINFO [0m:      	         (16, 0.2533025404157044),
[92mINFO [0m:      	         (17, 0.25540439806187104),
[92mINFO [0m:      	         (18, 0.2578066215199398),
[92mINFO [0m:      	         (19, 0.259024759024759),
[92mINFO [0m:      	         (20, 0.2597871531736982),
[92mINFO [0m:      	         (21, 0.2609070034443169),
[92mINFO [0m:      	         (22, 0.26219921388169876),
[92mINFO [0m:      	         (23, 0.263193374422188),
[92mINFO [0m:      	         (24, 0.25071274298056156),
[92mINFO [0m:      	         (25, 0.25114867793671436),
[92mINFO [0m:      	         (26, 0.26604343168760347),
[92mINFO [0m:      	         (27, 0.2672278778386844),
[92mINFO [0m:      	         (28, 0.2681251839497695),
[92mINFO [0m:      	         (29, 0.26841950358088884),
[92mINFO [0m:      	         (30, 0.2551136862435256),
[92mINFO [0m:      	         (31, 0.26981317600786625),
[92mINFO [0m:      	         (32, 0.2703900709219858),
[92mINFO [0m:      	         (33, 0.27147664291369755),
[92mINFO [0m:      	         (34, 0.27206975131279104),
[92mINFO [0m:      	         (35, 0.27229441523658365),
[92mINFO [0m:      	         (36, 0.2722689075630252),
[92mINFO [0m:      	         (37, 0.2735492845786963),
[92mINFO [0m:      	         (38, 0.2736852569837956),
[92mINFO [0m:      	         (39, 0.27381778526816697),
[92mINFO [0m:      	         (40, 0.2739522441295948),
[92mINFO [0m:      	         (41, 0.27453120349240995),
[92mINFO [0m:      	         (42, 0.27551223393674157),
[92mINFO [0m:      	         (43, 0.2759892355227748),
[92mINFO [0m:      	         (44, 0.2763854218671992),
[92mINFO [0m:      	         (45, 0.2763919377369786),
[92mINFO [0m:      	         (46, 0.2759785416252732),
[92mINFO [0m:      	         (47, 0.27661483253588515),
[92mINFO [0m:      	         (48, 0.27718422366450324),
[92mINFO [0m:      	         (49, 0.27695222898174926),
[92mINFO [0m:      	         (50, 0.27716849451645065)],
[92mINFO [0m:      	 'precision': [(1, 0.17384009808350004),
[92mINFO [0m:      	               (2, 0.19240435632504888),
[92mINFO [0m:      	               (3, 0.20020288384899645),
[92mINFO [0m:      	               (4, 0.20718356328734253),
[92mINFO [0m:      	               (5, 0.21421911421911422),
[92mINFO [0m:      	               (6, 0.2190438247011952),
[92mINFO [0m:      	               (7, 0.22474479379338505),
[92mINFO [0m:      	               (8, 0.2291458124791458),
[92mINFO [0m:      	               (9, 0.2341005967604433),
[92mINFO [0m:      	               (10, 0.2383383816529641),
[92mINFO [0m:      	               (11, 0.24174187330237448),
[92mINFO [0m:      	               (12, 0.24457820660352306),
[92mINFO [0m:      	               (13, 0.2474236042656152),
[92mINFO [0m:      	               (14, 0.24968279862243972),
[92mINFO [0m:      	               (15, 0.2518308311973636),
[92mINFO [0m:      	               (16, 0.2533025404157044),
[92mINFO [0m:      	               (17, 0.25540439806187104),
[92mINFO [0m:      	               (18, 0.2578066215199398),
[92mINFO [0m:      	               (19, 0.259024759024759),
[92mINFO [0m:      	               (20, 0.2597871531736982),
[92mINFO [0m:      	               (21, 0.2609070034443169),
[92mINFO [0m:      	               (22, 0.26219921388169876),
[92mINFO [0m:      	               (23, 0.263193374422188),
[92mINFO [0m:      	               (24, 0.25071274298056156),
[92mINFO [0m:      	               (25, 0.25114867793671436),
[92mINFO [0m:      	               (26, 0.26604343168760347),
[92mINFO [0m:      	               (27, 0.2672278778386844),
[92mINFO [0m:      	               (28, 0.2681251839497695),
[92mINFO [0m:      	               (29, 0.26841950358088884),
[92mINFO [0m:      	               (30, 0.2551136862435256),
[92mINFO [0m:      	               (31, 0.26981317600786625),
[92mINFO [0m:      	               (32, 0.2703900709219858),
[92mINFO [0m:      	               (33, 0.27147664291369755),
[92mINFO [0m:      	               (34, 0.27206975131279104),
[92mINFO [0m:      	               (35, 0.27229441523658365),
[92mINFO [0m:      	               (36, 0.2722689075630252),
[92mINFO [0m:      	               (37, 0.2735492845786963),
[92mINFO [0m:      	               (38, 0.2736852569837956),
[92mINFO [0m:      	               (39, 0.27381778526816697),
[92mINFO [0m:      	               (40, 0.2739522441295948),
[92mINFO [0m:      	               (41, 0.27453120349240995),
[92mINFO [0m:      	               (42, 0.27551223393674157),
[92mINFO [0m:      	               (43, 0.2759892355227748),
[92mINFO [0m:      	               (44, 0.2763854218671992),
[92mINFO [0m:      	               (45, 0.2763919377369786),
[92mINFO [0m:      	               (46, 0.2759785416252732),
[92mINFO [0m:      	               (47, 0.27661483253588515),
[92mINFO [0m:      	               (48, 0.27718422366450324),
[92mINFO [0m:      	               (49, 0.27695222898174926),
[92mINFO [0m:      	               (50, 0.27716849451645065)],
[92mINFO [0m:      	 'prevalence': [(1, 0.13934878587196467),
[92mINFO [0m:      	                (2, 0.13934878587196467),
[92mINFO [0m:      	                (3, 0.13934878587196467),
[92mINFO [0m:      	                (4, 0.13934878587196467),
[92mINFO [0m:      	                (5, 0.13934878587196467),
[92mINFO [0m:      	                (6, 0.13934878587196467),
[92mINFO [0m:      	                (7, 0.13934878587196467),
[92mINFO [0m:      	                (8, 0.13934878587196467),
[92mINFO [0m:      	                (9, 0.13934878587196467),
[92mINFO [0m:      	                (10, 0.13934878587196467),
[92mINFO [0m:      	                (11, 0.13934878587196467),
[92mINFO [0m:      	                (12, 0.13934878587196467),
[92mINFO [0m:      	                (13, 0.13934878587196467),
[92mINFO [0m:      	                (14, 0.13934878587196467),
[92mINFO [0m:      	                (15, 0.13934878587196467),
[92mINFO [0m:      	                (16, 0.13934878587196467),
[92mINFO [0m:      	                (17, 0.13934878587196467),
[92mINFO [0m:      	                (18, 0.13934878587196467),
[92mINFO [0m:      	                (19, 0.13934878587196467),
[92mINFO [0m:      	                (20, 0.13934878587196467),
[92mINFO [0m:      	                (21, 0.13934878587196467),
[92mINFO [0m:      	                (22, 0.13934878587196467),
[92mINFO [0m:      	                (23, 0.13934878587196467),
[92mINFO [0m:      	                (24, 0.13934878587196467),
[92mINFO [0m:      	                (25, 0.13934878587196467),
[92mINFO [0m:      	                (26, 0.13934878587196467),
[92mINFO [0m:      	                (27, 0.13934878587196467),
[92mINFO [0m:      	                (28, 0.13934878587196467),
[92mINFO [0m:      	                (29, 0.13934878587196467),
[92mINFO [0m:      	                (30, 0.13934878587196467),
[92mINFO [0m:      	                (31, 0.13934878587196467),
[92mINFO [0m:      	                (32, 0.13934878587196467),
[92mINFO [0m:      	                (33, 0.13934878587196467),
[92mINFO [0m:      	                (34, 0.13934878587196467),
[92mINFO [0m:      	                (35, 0.13934878587196467),
[92mINFO [0m:      	                (36, 0.13934878587196467),
[92mINFO [0m:      	                (37, 0.13934878587196467),
[92mINFO [0m:      	                (38, 0.13934878587196467),
[92mINFO [0m:      	                (39, 0.13934878587196467),
[92mINFO [0m:      	                (40, 0.13934878587196467),
[92mINFO [0m:      	                (41, 0.13934878587196467),
[92mINFO [0m:      	                (42, 0.13934878587196467),
[92mINFO [0m:      	                (43, 0.13934878587196467),
[92mINFO [0m:      	                (44, 0.13934878587196467),
[92mINFO [0m:      	                (45, 0.13934878587196467),
[92mINFO [0m:      	                (46, 0.13934878587196467),
[92mINFO [0m:      	                (47, 0.13934878587196467),
[92mINFO [0m:      	                (48, 0.13934878587196467),
[92mINFO [0m:      	                (49, 0.13934878587196467),
[92mINFO [0m:      	                (50, 0.13934878587196467)],
[92mINFO [0m:      	 'recall': [(1, 0.7620933521923621),
[92mINFO [0m:      	            (2, 0.7796322489391796),
[92mINFO [0m:      	            (3, 0.7816124469589816),
[92mINFO [0m:      	            (4, 0.7816124469589816),
[92mINFO [0m:      	            (5, 0.7799151343705799),
[92mINFO [0m:      	            (6, 0.7776520509193776),
[92mINFO [0m:      	            (7, 0.7785007072135784),
[92mINFO [0m:      	            (8, 0.7770862800565771),
[92mINFO [0m:      	            (9, 0.7768033946251768),
[92mINFO [0m:      	            (10, 0.7790664780763791),
[92mINFO [0m:      	            (11, 0.7804809052333804),
[92mINFO [0m:      	            (12, 0.7816124469589816),
[92mINFO [0m:      	            (13, 0.7810466760961811),
[92mINFO [0m:      	            (14, 0.7793493635077794),
[92mINFO [0m:      	            (15, 0.7782178217821782),
[92mINFO [0m:      	            (16, 0.7756718528995756),
[92mINFO [0m:      	            (17, 0.7753889674681754),
[92mINFO [0m:      	            (18, 0.7753889674681754),
[92mINFO [0m:      	            (19, 0.7753889674681754),
[92mINFO [0m:      	            (20, 0.7734087694483734),
[92mINFO [0m:      	            (21, 0.7714285714285715),
[92mINFO [0m:      	            (22, 0.7736916548797736),
[92mINFO [0m:      	            (23, 0.7731258840169731),
[92mINFO [0m:      	            (24, 0.8209335219236209),
[92mINFO [0m:      	            (25, 0.8195190947666195),
[92mINFO [0m:      	            (26, 0.7728429985855728),
[92mINFO [0m:      	            (27, 0.7722772277227723),
[92mINFO [0m:      	            (28, 0.7731258840169731),
[92mINFO [0m:      	            (29, 0.773974540311174),
[92mINFO [0m:      	            (30, 0.822065063649222),
[92mINFO [0m:      	            (31, 0.7762376237623763),
[92mINFO [0m:      	            (32, 0.7765205091937766),
[92mINFO [0m:      	            (33, 0.775954738330976),
[92mINFO [0m:      	            (34, 0.7768033946251768),
[92mINFO [0m:      	            (35, 0.7765205091937766),
[92mINFO [0m:      	            (36, 0.7790664780763791),
[92mINFO [0m:      	            (37, 0.7787835926449788),
[92mINFO [0m:      	            (38, 0.7787835926449788),
[92mINFO [0m:      	            (39, 0.7813295615275814),
[92mINFO [0m:      	            (40, 0.7821782178217822),
[92mINFO [0m:      	            (41, 0.7827439886845827),
[92mINFO [0m:      	            (42, 0.7835926449787836),
[92mINFO [0m:      	            (43, 0.7833097595473834),
[92mINFO [0m:      	            (44, 0.783026874115983),
[92mINFO [0m:      	            (45, 0.7835926449787836),
[92mINFO [0m:      	            (46, 0.7858557284299859),
[92mINFO [0m:      	            (47, 0.785007072135785),
[92mINFO [0m:      	            (48, 0.7852899575671853),
[92mINFO [0m:      	            (49, 0.7855728429985855),
[92mINFO [0m:      	            (50, 0.7864214992927864)],
[92mINFO [0m:      	 'spec': [(1, 0.4135941006732927),
[92mINFO [0m:      	          (2, 0.47015984976869873),
[92mINFO [0m:      	          (3, 0.4944350295424358),
[92mINFO [0m:      	          (4, 0.5157330646269409),
[92mINFO [0m:      	          (5, 0.536802088581505),
[92mINFO [0m:      	          (6, 0.5510923830898182),
[92mINFO [0m:      	          (7, 0.5651994686941786),
[92mINFO [0m:      	          (8, 0.5767416296432006),
[92mINFO [0m:      	          (9, 0.5885128017221637),
[92mINFO [0m:      	          (10, 0.5968946090780012),
[92mINFO [0m:      	          (11, 0.6036275362982642),
[92mINFO [0m:      	          (12, 0.609123803416846),
[92mINFO [0m:      	          (13, 0.6153529061512389),
[92mINFO [0m:      	          (14, 0.6208033710438328),
[92mINFO [0m:      	          (15, 0.6256584069985801),
[92mINFO [0m:      	          (16, 0.6297806073375166),
[92mINFO [0m:      	          (17, 0.6339944121284294),
[92mINFO [0m:      	          (18, 0.6385746347272477),
[92mINFO [0m:      	          (19, 0.6408647460266569),
[92mINFO [0m:      	          (20, 0.6432006595520543),
[92mINFO [0m:      	          (21, 0.6461778042412861),
[92mINFO [0m:      	          (22, 0.6475060687949434),
[92mINFO [0m:      	          (23, 0.6495671689644117),
[92mINFO [0m:      	          (24, 0.6027572940044886),
[92mINFO [0m:      	          (25, 0.6043603719140751),
[92mINFO [0m:      	          (26, 0.6547886227270645),
[92mINFO [0m:      	          (27, 0.6571245362524618),
[92mINFO [0m:      	          (28, 0.6583153941281547),
[92mINFO [0m:      	          (29, 0.6584528008061192),
[92mINFO [0m:      	          (30, 0.611368112490267),
[92mINFO [0m:      	          (31, 0.6598726698117529),
[92mINFO [0m:      	          (32, 0.6607429121055284),
[92mINFO [0m:      	          (33, 0.6628498145009847),
[92mINFO [0m:      	          (34, 0.6634910456648193),
[92mINFO [0m:      	          (35, 0.6639948701506893),
[92mINFO [0m:      	          (36, 0.6628498145009847),
[92mINFO [0m:      	          (37, 0.6651399258003938),
[92mINFO [0m:      	          (38, 0.6653689369303348),
[92mINFO [0m:      	          (39, 0.6644986946365594),
[92mINFO [0m:      	          (40, 0.6643612879585947),
[92mINFO [0m:      	          (41, 0.6650941235744057),
[92mINFO [0m:      	          (42, 0.6663765859020748),
[92mINFO [0m:      	          (43, 0.6672926304218385),
[92mINFO [0m:      	          (44, 0.6680712682636376),
[92mINFO [0m:      	          (45, 0.6678422571336967),
[92mINFO [0m:      	          (46, 0.6661933769981221),
[92mINFO [0m:      	          (47, 0.6676132460037558),
[92mINFO [0m:      	          (48, 0.6684376860715431),
[92mINFO [0m:      	          (49, 0.6679338615856731),
[92mINFO [0m:      	          (50, 0.6679338615856731)],
[92mINFO [0m:      	 'threshold': [(1, 0.55),
[92mINFO [0m:      	               (2, 0.55),
[92mINFO [0m:      	               (3, 0.55),
[92mINFO [0m:      	               (4, 0.55),
[92mINFO [0m:      	               (5, 0.55),
[92mINFO [0m:      	               (6, 0.55),
[92mINFO [0m:      	               (7, 0.55),
[92mINFO [0m:      	               (8, 0.55),
[92mINFO [0m:      	               (9, 0.55),
[92mINFO [0m:      	               (10, 0.55),
[92mINFO [0m:      	               (11, 0.55),
[92mINFO [0m:      	               (12, 0.55),
[92mINFO [0m:      	               (13, 0.55),
[92mINFO [0m:      	               (14, 0.55),
[92mINFO [0m:      	               (15, 0.55),
[92mINFO [0m:      	               (16, 0.55),
[92mINFO [0m:      	               (17, 0.55),
[92mINFO [0m:      	               (18, 0.55),
[92mINFO [0m:      	               (19, 0.55),
[92mINFO [0m:      	               (20, 0.55),
[92mINFO [0m:      	               (21, 0.55),
[92mINFO [0m:      	               (22, 0.55),
[92mINFO [0m:      	               (23, 0.55),
[92mINFO [0m:      	               (24, 0.5),
[92mINFO [0m:      	               (25, 0.5),
[92mINFO [0m:      	               (26, 0.55),
[92mINFO [0m:      	               (27, 0.55),
[92mINFO [0m:      	               (28, 0.55),
[92mINFO [0m:      	               (29, 0.55),
[92mINFO [0m:      	               (30, 0.5),
[92mINFO [0m:      	               (31, 0.55),
[92mINFO [0m:      	               (32, 0.55),
[92mINFO [0m:      	               (33, 0.55),
[92mINFO [0m:      	               (34, 0.55),
[92mINFO [0m:      	               (35, 0.55),
[92mINFO [0m:      	               (36, 0.55),
[92mINFO [0m:      	               (37, 0.55),
[92mINFO [0m:      	               (38, 0.55),
[92mINFO [0m:      	               (39, 0.55),
[92mINFO [0m:      	               (40, 0.55),
[92mINFO [0m:      	               (41, 0.55),
[92mINFO [0m:      	               (42, 0.55),
[92mINFO [0m:      	               (43, 0.55),
[92mINFO [0m:      	               (44, 0.55),
[92mINFO [0m:      	               (45, 0.55),
[92mINFO [0m:      	               (46, 0.55),
[92mINFO [0m:      	               (47, 0.55),
[92mINFO [0m:      	               (48, 0.55),
[92mINFO [0m:      	               (49, 0.55),
[92mINFO [0m:      	               (50, 0.55)],
[92mINFO [0m:      	 'tn': [(1, 9030),
[92mINFO [0m:      	        (2, 10265),
[92mINFO [0m:      	        (3, 10795),
[92mINFO [0m:      	        (4, 11260),
[92mINFO [0m:      	        (5, 11720),
[92mINFO [0m:      	        (6, 12032),
[92mINFO [0m:      	        (7, 12340),
[92mINFO [0m:      	        (8, 12592),
[92mINFO [0m:      	        (9, 12849),
[92mINFO [0m:      	        (10, 13032),
[92mINFO [0m:      	        (11, 13179),
[92mINFO [0m:      	        (12, 13299),
[92mINFO [0m:      	        (13, 13435),
[92mINFO [0m:      	        (14, 13554),
[92mINFO [0m:      	        (15, 13660),
[92mINFO [0m:      	        (16, 13750),
[92mINFO [0m:      	        (17, 13842),
[92mINFO [0m:      	        (18, 13942),
[92mINFO [0m:      	        (19, 13992),
[92mINFO [0m:      	        (20, 14043),
[92mINFO [0m:      	        (21, 14108),
[92mINFO [0m:      	        (22, 14137),
[92mINFO [0m:      	        (23, 14182),
[92mINFO [0m:      	        (24, 13160),
[92mINFO [0m:      	        (25, 13195),
[92mINFO [0m:      	        (26, 14296),
[92mINFO [0m:      	        (27, 14347),
[92mINFO [0m:      	        (28, 14373),
[92mINFO [0m:      	        (29, 14376),
[92mINFO [0m:      	        (30, 13348),
[92mINFO [0m:      	        (31, 14407),
[92mINFO [0m:      	        (32, 14426),
[92mINFO [0m:      	        (33, 14472),
[92mINFO [0m:      	        (34, 14486),
[92mINFO [0m:      	        (35, 14497),
[92mINFO [0m:      	        (36, 14472),
[92mINFO [0m:      	        (37, 14522),
[92mINFO [0m:      	        (38, 14527),
[92mINFO [0m:      	        (39, 14508),
[92mINFO [0m:      	        (40, 14505),
[92mINFO [0m:      	        (41, 14521),
[92mINFO [0m:      	        (42, 14549),
[92mINFO [0m:      	        (43, 14569),
[92mINFO [0m:      	        (44, 14586),
[92mINFO [0m:      	        (45, 14581),
[92mINFO [0m:      	        (46, 14545),
[92mINFO [0m:      	        (47, 14576),
[92mINFO [0m:      	        (48, 14594),
[92mINFO [0m:      	        (49, 14583),
[92mINFO [0m:      	        (50, 14583)],
[92mINFO [0m:      	 'tp': [(1, 2694),
[92mINFO [0m:      	        (2, 2756),
[92mINFO [0m:      	        (3, 2763),
[92mINFO [0m:      	        (4, 2763),
[92mINFO [0m:      	        (5, 2757),
[92mINFO [0m:      	        (6, 2749),
[92mINFO [0m:      	        (7, 2752),
[92mINFO [0m:      	        (8, 2747),
[92mINFO [0m:      	        (9, 2746),
[92mINFO [0m:      	        (10, 2754),
[92mINFO [0m:      	        (11, 2759),
[92mINFO [0m:      	        (12, 2763),
[92mINFO [0m:      	        (13, 2761),
[92mINFO [0m:      	        (14, 2755),
[92mINFO [0m:      	        (15, 2751),
[92mINFO [0m:      	        (16, 2742),
[92mINFO [0m:      	        (17, 2741),
[92mINFO [0m:      	        (18, 2741),
[92mINFO [0m:      	        (19, 2741),
[92mINFO [0m:      	        (20, 2734),
[92mINFO [0m:      	        (21, 2727),
[92mINFO [0m:      	        (22, 2735),
[92mINFO [0m:      	        (23, 2733),
[92mINFO [0m:      	        (24, 2902),
[92mINFO [0m:      	        (25, 2897),
[92mINFO [0m:      	        (26, 2732),
[92mINFO [0m:      	        (27, 2730),
[92mINFO [0m:      	        (28, 2733),
[92mINFO [0m:      	        (29, 2736),
[92mINFO [0m:      	        (30, 2906),
[92mINFO [0m:      	        (31, 2744),
[92mINFO [0m:      	        (32, 2745),
[92mINFO [0m:      	        (33, 2743),
[92mINFO [0m:      	        (34, 2746),
[92mINFO [0m:      	        (35, 2745),
[92mINFO [0m:      	        (36, 2754),
[92mINFO [0m:      	        (37, 2753),
[92mINFO [0m:      	        (38, 2753),
[92mINFO [0m:      	        (39, 2762),
[92mINFO [0m:      	        (40, 2765),
[92mINFO [0m:      	        (41, 2767),
[92mINFO [0m:      	        (42, 2770),
[92mINFO [0m:      	        (43, 2769),
[92mINFO [0m:      	        (44, 2768),
[92mINFO [0m:      	        (45, 2770),
[92mINFO [0m:      	        (46, 2778),
[92mINFO [0m:      	        (47, 2775),
[92mINFO [0m:      	        (48, 2776),
[92mINFO [0m:      	        (49, 2777),
[92mINFO [0m:      	        (50, 2780)],
[92mINFO [0m:      	 'tpr': [(1, 0.7620933521923621),
[92mINFO [0m:      	         (2, 0.7796322489391796),
[92mINFO [0m:      	         (3, 0.7816124469589816),
[92mINFO [0m:      	         (4, 0.7816124469589816),
[92mINFO [0m:      	         (5, 0.7799151343705799),
[92mINFO [0m:      	         (6, 0.7776520509193776),
[92mINFO [0m:      	         (7, 0.7785007072135784),
[92mINFO [0m:      	         (8, 0.7770862800565771),
[92mINFO [0m:      	         (9, 0.7768033946251768),
[92mINFO [0m:      	         (10, 0.7790664780763791),
[92mINFO [0m:      	         (11, 0.7804809052333804),
[92mINFO [0m:      	         (12, 0.7816124469589816),
[92mINFO [0m:      	         (13, 0.7810466760961811),
[92mINFO [0m:      	         (14, 0.7793493635077794),
[92mINFO [0m:      	         (15, 0.7782178217821782),
[92mINFO [0m:      	         (16, 0.7756718528995756),
[92mINFO [0m:      	         (17, 0.7753889674681754),
[92mINFO [0m:      	         (18, 0.7753889674681754),
[92mINFO [0m:      	         (19, 0.7753889674681754),
[92mINFO [0m:      	         (20, 0.7734087694483734),
[92mINFO [0m:      	         (21, 0.7714285714285715),
[92mINFO [0m:      	         (22, 0.7736916548797736),
[92mINFO [0m:      	         (23, 0.7731258840169731),
[92mINFO [0m:      	         (24, 0.8209335219236209),
[92mINFO [0m:      	         (25, 0.8195190947666195),
[92mINFO [0m:      	         (26, 0.7728429985855728),
[92mINFO [0m:      	         (27, 0.7722772277227723),
[92mINFO [0m:      	         (28, 0.7731258840169731),
[92mINFO [0m:      	         (29, 0.773974540311174),
[92mINFO [0m:      	         (30, 0.822065063649222),
[92mINFO [0m:      	         (31, 0.7762376237623763),
[92mINFO [0m:      	         (32, 0.7765205091937766),
[92mINFO [0m:      	         (33, 0.775954738330976),
[92mINFO [0m:      	         (34, 0.7768033946251768),
[92mINFO [0m:      	         (35, 0.7765205091937766),
[92mINFO [0m:      	         (36, 0.7790664780763791),
[92mINFO [0m:      	         (37, 0.7787835926449788),
[92mINFO [0m:      	         (38, 0.7787835926449788),
[92mINFO [0m:      	         (39, 0.7813295615275814),
[92mINFO [0m:      	         (40, 0.7821782178217822),
[92mINFO [0m:      	         (41, 0.7827439886845827),
[92mINFO [0m:      	         (42, 0.7835926449787836),
[92mINFO [0m:      	         (43, 0.7833097595473834),
[92mINFO [0m:      	         (44, 0.783026874115983),
[92mINFO [0m:      	         (45, 0.7835926449787836),
[92mINFO [0m:      	         (46, 0.7858557284299859),
[92mINFO [0m:      	         (47, 0.785007072135785),
[92mINFO [0m:      	         (48, 0.7852899575671853),
[92mINFO [0m:      	         (49, 0.7855728429985855),
[92mINFO [0m:      	         (50, 0.7864214992927864)],
[92mINFO [0m:      	 'youden': [(1, 0.17568745286565468),
[92mINFO [0m:      	            (2, 0.24979209870787833),
[92mINFO [0m:      	            (3, 0.27604747650141737),
[92mINFO [0m:      	            (4, 0.2973455115859225),
[92mINFO [0m:      	            (5, 0.31671722295208493),
[92mINFO [0m:      	            (6, 0.32874443400919584),
[92mINFO [0m:      	            (7, 0.3437001759077569),
[92mINFO [0m:      	            (8, 0.3538279096997776),
[92mINFO [0m:      	            (9, 0.3653161963473406),
[92mINFO [0m:      	            (10, 0.37596108715438037),
[92mINFO [0m:      	            (11, 0.3841084415316445),
[92mINFO [0m:      	            (12, 0.3907362503758276),
[92mINFO [0m:      	            (13, 0.39639958224742),
[92mINFO [0m:      	            (14, 0.40015273455161227),
[92mINFO [0m:      	            (15, 0.40387622878075824),
[92mINFO [0m:      	            (16, 0.40545246023709236),
[92mINFO [0m:      	            (17, 0.40938337959660487),
[92mINFO [0m:      	            (18, 0.41396360219542316),
[92mINFO [0m:      	            (19, 0.4162537134948323),
[92mINFO [0m:      	            (20, 0.41660942900042786),
[92mINFO [0m:      	            (21, 0.4176063756698576),
[92mINFO [0m:      	            (22, 0.4211977236747171),
[92mINFO [0m:      	            (23, 0.4226930529813848),
[92mINFO [0m:      	            (24, 0.42369081592810964),
[92mINFO [0m:      	            (25, 0.42387946668069465),
[92mINFO [0m:      	            (26, 0.4276316213126372),
[92mINFO [0m:      	            (27, 0.4294017639752341),
[92mINFO [0m:      	            (28, 0.4314412781451278),
[92mINFO [0m:      	            (29, 0.4324273411172932),
[92mINFO [0m:      	            (30, 0.4334331761394892),
[92mINFO [0m:      	            (31, 0.4361102935741292),
[92mINFO [0m:      	            (32, 0.43726342129930496),
[92mINFO [0m:      	            (33, 0.4388045528319606),
[92mINFO [0m:      	            (34, 0.4402944402899962),
[92mINFO [0m:      	            (35, 0.44051537934446583),
[92mINFO [0m:      	            (36, 0.44191629257736365),
[92mINFO [0m:      	            (37, 0.4439235184453727),
[92mINFO [0m:      	            (38, 0.4441525295753137),
[92mINFO [0m:      	            (39, 0.4458282561641407),
[92mINFO [0m:      	            (40, 0.44653950578037693),
[92mINFO [0m:      	            (41, 0.4478381122589883),
[92mINFO [0m:      	            (42, 0.4499692308808583),
[92mINFO [0m:      	            (43, 0.45060238996922175),
[92mINFO [0m:      	            (44, 0.45109814237962054),
[92mINFO [0m:      	            (45, 0.45143490211248016),
[92mINFO [0m:      	            (46, 0.45204910542810794),
[92mINFO [0m:      	            (47, 0.45262031813954096),
[92mINFO [0m:      	            (48, 0.4537276436387283),
[92mINFO [0m:      	            (49, 0.4535067045842587),
[92mINFO [0m:      	            (50, 0.4543553608784596)]}
[92mINFO [0m:      
[36m(ClientAppActor pid=1181929)[0m /home/bax9142/federated-edge-learning/.venv/lib64/python3.13/site-packages/sklearn/metrics/_ranking.py:424: UndefinedMetricWarning: Only one class is present in y_true. ROC AUC score is not defined in that case.[32m [repeated 2x across cluster][0m
[36m(ClientAppActor pid=1181929)[0m   warnings.warn([32m [repeated 2x across cluster][0m

[36m(ClientAppActor pid=1181925)[0m    Test:       50737 samples (global, shared)[32m [repeated 245x across cluster][0m
[36m(ClientAppActor pid=1181908)[0m [Client 961] Data split:[32m [repeated 291x across cluster][0m
[36m(ClientAppActor pid=1181908)[0m    Train:      173 samples (client-local)[32m [repeated 291x across cluster][0m
[36m(ClientAppActor pid=1181908)[0m    Validation: 24 samples (client-local)[32m [repeated 291x across cluster][0m
[36m(ClientAppActor pid=1181908)[0m    Test:       50737 samples (global, shared)[32m [repeated 291x across cluster][0m
[36m(ClientAppActor pid=1183497)[0m [Client 1023] Data split:[32m [repeated 285x across cluster][0m
[36m(ClientAppActor pid=1183497)[0m    Train:      173 samples (client-local)[32m [repeated 285x across cluster][0m
[36m(ClientAppActor pid=1183497)[0m    Validation: 816 samples (client-local)[32m [repeated 285x across cluster][0m
[36m(ClientAppActor pid=1183497)[0m    Test:       50737 samples (global, shared)[32m [repeated 285x across cluster][0m

🎯 Multi-Threshold Aggregation:
   ═══════════════════════════════════════════════
   Evaluated 10 thresholds:
     • Thr=0.30: Recall=0.945, Spec=0.426, F1=0.344
     • Thr=0.35: Recall=0.923, Spec=0.476, F1=0.358
     • Thr=0.40: Recall=0.896, Spec=0.528, F1=0.372
   ...

   BEST Threshold: 0.55
     • Recall:      0.786
     • Specificity: 0.668
     • F1-Score:    0.410
     • Score:       0.695
   ═══════════════════════════════════════════════

⚠️  No rounds meet spec≥0.7, using recall filter only
 3 Pareto-optimal rounds (not dominated in recall & spec)

🎯 SELECTED ROUND 50:
   Recall:     0.786
   Specificity: 0.668
   F1-Score:    0.410
   Stability:   1.000
   Alerts/1000: 395.4
   Composite:   0.697


✅ Round 50 is NEW BEST - Saving checkpoint...
   💾 Checkpoint saved: result/splits_iid_scaling/splits_iid_1024_clients.json/multi_thr/model_round_50.pt
⚠️  No rounds meet spec≥0.7, using recall filter only
 3 Pareto-optimal rounds (not dominated in recall & spec)

🎯 SELECTED ROUND 50:
   Recall:     0.786
   Specificity: 0.668
   F1-Score:    0.410
   Stability:   1.000
   Alerts/1000: 395.4
   Composite:   0.697

   💾 Best model saved: result/splits_iid_scaling/splits_iid_1024_clients.json/multi_thr/model_round_50.pt
   📊 Metrics saved: result/splits_iid_scaling/splits_iid_1024_clients.json/multi_thr/run_1.json
[36m(ClientAppActor pid=1183524)[0m [Client 731] Data split:[32m [repeated 255x across cluster][0m
[36m(ClientAppActor pid=1183524)[0m    Train:      173 samples (client-local)[32m [repeated 255x across cluster][0m
[36m(ClientAppActor pid=1183524)[0m    Validation: 24 samples (client-local)[32m [repeated 255x across cluster][0m
[36m(ClientAppActor pid=1183524)[0m    Test:       50737 samples (global, shared)[32m [repeated 255x across cluster][0m
