Loading project configuration... 
Success
[92mINFO [0m:      Starting Flower ServerApp, config: num_rounds=50, no round_timeout
[92mINFO [0m:      
[92mINFO [0m:      [INIT]
[92mINFO [0m:      Requesting initial parameters from one random client
/home/bax9142/federated-edge-learning/.venv/lib64/python3.13/site-packages/ray/_private/worker.py:2051: FutureWarning: Tip: In future versions of Ray, Ray will no longer override accelerator visible devices env var if num_gpus=0 or num_gpus=None (default). To enable this behavior and turn off this error message, set RAY_ACCEL_ENV_VAR_OVERRIDE_ON_ZERO=0
  warnings.warn(
[92mINFO [0m:      Received initial parameters from one random client
[92mINFO [0m:      Starting evaluation of initial global parameters
[92mINFO [0m:      Evaluation returned no results (`None`)
[92mINFO [0m:      
[92mINFO [0m:      [ROUND 1]
[92mINFO [0m:      configure_fit: strategy sampled 1638 clients (out of 2048)
[36m(pid=gcs_server)[0m [2025-12-03 17:58:47,141 E 4986 4986] (gcs_server) gcs_server.cc:302: Failed to establish connection to the event+metrics exporter agent. Events and metrics will not be exported. Exporter agent status: RpcError: Running out of retries to initialize the metrics agent. rpc_code: 14
[33m(raylet)[0m [2025-12-03 17:58:49,092 E 5236 5236] (raylet) main.cc:975: Failed to establish connection to the metrics exporter agent. Metrics will not be exported. Exporter agent status: RpcError: Running out of retries to initialize the metrics agent. rpc_code: 14
[2025-12-03 17:58:51,032 E 4834 5441] core_worker_process.cc:825: Failed to establish connection to the metrics exporter agent. Metrics will not be exported. Exporter agent status: RpcError: Running out of retries to initialize the metrics agent. rpc_code: 14
[36m(ClientAppActor pid=11977)[0m [2025-12-03 17:58:51,873 E 11977 15089] core_worker_process.cc:825: Failed to establish connection to the metrics exporter agent. Metrics will not be exported. Exporter agent status: RpcError: Running out of retries to initialize the metrics agent. rpc_code: 14
[92mINFO [0m:      aggregate_fit: received 1638 results and 0 failures
[92mINFO [0m:      configure_evaluate: strategy sampled 2048 clients (out of 2048)
[36m(ClientAppActor pid=13796)[0m /home/bax9142/federated-edge-learning/.venv/lib64/python3.13/site-packages/sklearn/metrics/_ranking.py:424: UndefinedMetricWarning: Only one class is present in y_true. ROC AUC score is not defined in that case.
[36m(ClientAppActor pid=13796)[0m   warnings.warn(
[36m(ClientAppActor pid=14800)[0m [2025-12-03 17:58:52,677 E 14800 19747] core_worker_process.cc:825: Failed to establish connection to the metrics exporter agent. Metrics will not be exported. Exporter agent status: RpcError: Running out of retries to initialize the metrics agent. rpc_code: 14[32m [repeated 55x across cluster][0m
[36m(ClientAppActor pid=13789)[0m /home/bax9142/federated-edge-learning/.venv/lib64/python3.13/site-packages/sklearn/metrics/_ranking.py:424: UndefinedMetricWarning: Only one class is present in y_true. ROC AUC score is not defined in that case.[32m [repeated 48x across cluster][0m
[36m(ClientAppActor pid=13789)[0m   warnings.warn([32m [repeated 48x across cluster][0m
[36m(ClientAppActor pid=13767)[0m /home/bax9142/federated-edge-learning/.venv/lib64/python3.13/site-packages/sklearn/metrics/_ranking.py:424: UndefinedMetricWarning: Only one class is present in y_true. ROC AUC score is not defined in that case.[32m [repeated 43x across cluster][0m
[36m(ClientAppActor pid=13767)[0m   warnings.warn([32m [repeated 43x across cluster][0m
[36m(ClientAppActor pid=13789)[0m /home/bax9142/federated-edge-learning/.venv/lib64/python3.13/site-packages/sklearn/metrics/_ranking.py:424: UndefinedMetricWarning: Only one class is present in y_true. ROC AUC score is not defined in that case.[32m [repeated 33x across cluster][0m
[36m(ClientAppActor pid=13789)[0m   warnings.warn([32m [repeated 33x across cluster][0m
[36m(ClientAppActor pid=13776)[0m /home/bax9142/federated-edge-learning/.venv/lib64/python3.13/site-packages/sklearn/metrics/_ranking.py:424: UndefinedMetricWarning: Only one class is present in y_true. ROC AUC score is not defined in that case.[32m [repeated 39x across cluster][0m
[36m(ClientAppActor pid=13776)[0m   warnings.warn([32m [repeated 39x across cluster][0m
[36m(ClientAppActor pid=13764)[0m /home/bax9142/federated-edge-learning/.venv/lib64/python3.13/site-packages/sklearn/metrics/_ranking.py:424: UndefinedMetricWarning: Only one class is present in y_true. ROC AUC score is not defined in that case.[32m [repeated 45x across cluster][0m
[36m(ClientAppActor pid=13764)[0m   warnings.warn([32m [repeated 45x across cluster][0m
[36m(ClientAppActor pid=14794)[0m /home/bax9142/federated-edge-learning/.venv/lib64/python3.13/site-packages/sklearn/metrics/_ranking.py:424: UndefinedMetricWarning: Only one class is present in y_true. ROC AUC score is not defined in that case.[32m [repeated 37x across cluster][0m
[36m(ClientAppActor pid=14794)[0m   warnings.warn([32m [repeated 37x across cluster][0m
[36m(ClientAppActor pid=14760)[0m /home/bax9142/federated-edge-learning/.venv/lib64/python3.13/site-packages/sklearn/metrics/_ranking.py:424: UndefinedMetricWarning: Only one class is present in y_true. ROC AUC score is not defined in that case.[32m [repeated 46x across cluster][0m
[36m(ClientAppActor pid=14760)[0m   warnings.warn([32m [repeated 46x across cluster][0m
[92mINFO [0m:      aggregate_evaluate: received 2048 results and 0 failures
[36m(ClientAppActor pid=14794)[0m [Client 343] Data split:
[36m(ClientAppActor pid=14794)[0m    Train:      87 samples (client-local)
[36m(ClientAppActor pid=14794)[0m    Validation: 12 samples (client-local)
[36m(ClientAppActor pid=14794)[0m    Test:       50737 samples (global, shared)
[36m(ClientAppActor pid=14794)[0m [Client 45] Data split:
[36m(ClientAppActor pid=14794)[0m    Train:      87 samples (client-local)
[36m(ClientAppActor pid=14794)[0m    Validation: 12 samples (client-local)
[36m(ClientAppActor pid=14794)[0m    Test:       50737 samples (global, shared)
[36m(ClientAppActor pid=14779)[0m [Client 38] Data split:[32m [repeated 32x across cluster] (Ray deduplicates logs by default. Set RAY_DEDUP_LOGS=0 to disable log deduplication, or see https://docs.ray.io/en/master/ray-observability/user-guides/configure-logging.html#log-deduplication for more options.)[0m
[36m(ClientAppActor pid=14779)[0m    Train:      87 samples (client-local)[32m [repeated 32x across cluster][0m
[36m(ClientAppActor pid=14779)[0m    Validation: 12 samples (client-local)[32m [repeated 32x across cluster][0m
[36m(ClientAppActor pid=14779)[0m    Test:       50737 samples (global, shared)[32m [repeated 32x across cluster][0m
[36m(ClientAppActor pid=12033)[0m [Client 1937] Data split:[32m [repeated 252x across cluster][0m
[36m(ClientAppActor pid=12033)[0m    Train:      86 samples (client-local)[32m [repeated 252x across cluster][0m
[36m(ClientAppActor pid=12033)[0m    Validation: 12 samples (client-local)[32m [repeated 252x across cluster][0m
[36m(ClientAppActor pid=12033)[0m    Test:       50737 samples (global, shared)[32m [repeated 252x across cluster][0m
[36m(ClientAppActor pid=13764)[0m [Client 608] Data split:[32m [repeated 244x across cluster][0m
[36m(ClientAppActor pid=13764)[0m    Train:      87 samples (client-local)[32m [repeated 244x across cluster][0m
[36m(ClientAppActor pid=13764)[0m    Validation: 12 samples (client-local)[32m [repeated 244x across cluster][0m
[36m(ClientAppActor pid=13764)[0m    Test:       50737 samples (global, shared)[32m [repeated 244x across cluster][0m
[36m(ClientAppActor pid=13767)[0m [Client 88] Data split:[32m [repeated 260x across cluster][0m
[36m(ClientAppActor pid=13767)[0m    Train:      87 samples (client-local)[32m [repeated 260x across cluster][0m
[36m(ClientAppActor pid=13767)[0m    Validation: 12 samples (client-local)[32m [repeated 260x across cluster][0m
[36m(ClientAppActor pid=13767)[0m    Test:       50737 samples (global, shared)[32m [repeated 260x across cluster][0m
[36m(ClientAppActor pid=13763)[0m [Client 1527] Data split:[32m [repeated 254x across cluster][0m
[36m(ClientAppActor pid=13763)[0m    Train:      86 samples (client-local)[32m [repeated 254x across cluster][0m
[36m(ClientAppActor pid=13763)[0m    Validation: 12 samples (client-local)[32m [repeated 254x across cluster][0m
[36m(ClientAppActor pid=13763)[0m    Test:       50737 samples (global, shared)[32m [repeated 254x across cluster][0m
[36m(ClientAppActor pid=13771)[0m [Client 9] Data split:[32m [repeated 248x across cluster][0m
[36m(ClientAppActor pid=13771)[0m    Train:      87 samples (client-local)[32m [repeated 248x across cluster][0m
[36m(ClientAppActor pid=13771)[0m    Validation: 12 samples (client-local)[32m [repeated 248x across cluster][0m
[36m(ClientAppActor pid=13771)[0m    Test:       50737 samples (global, shared)[32m [repeated 248x across cluster][0m
[36m(ClientAppActor pid=12033)[0m [Client 301] Data split:[32m [repeated 263x across cluster][0m
[36m(ClientAppActor pid=12033)[0m    Train:      87 samples (client-local)[32m [repeated 263x across cluster][0m
[36m(ClientAppActor pid=12033)[0m    Validation: 12 samples (client-local)[32m [repeated 263x across cluster][0m
[36m(ClientAppActor pid=12033)[0m    Test:       50737 samples (global, shared)[32m [repeated 263x across cluster][0m
[36m(ClientAppActor pid=14737)[0m [Client 75] Data split:[32m [repeated 208x across cluster][0m
[36m(ClientAppActor pid=14737)[0m    Train:      87 samples (client-local)[32m [repeated 208x across cluster][0m
[36m(ClientAppActor pid=14737)[0m    Validation: 12 samples (client-local)[32m [repeated 208x across cluster][0m
[36m(ClientAppActor pid=14737)[0m    Test:       50737 samples (global, shared)[32m [repeated 208x across cluster][0m
[36m(ClientAppActor pid=13766)[0m [Client 492] Data split:[32m [repeated 267x across cluster][0m
[36m(ClientAppActor pid=13766)[0m    Train:      87 samples (client-local)[32m [repeated 267x across cluster][0m
[36m(ClientAppActor pid=13766)[0m    Validation: 12 samples (client-local)[32m [repeated 267x across cluster][0m
[36m(ClientAppActor pid=13766)[0m    Test:       50737 samples (global, shared)[32m [repeated 267x across cluster][0m
[36m(ClientAppActor pid=12033)[0m [Client 1232] Data split:[32m [repeated 258x across cluster][0m
[36m(ClientAppActor pid=12033)[0m    Train:      87 samples (client-local)[32m [repeated 258x across cluster][0m
[36m(ClientAppActor pid=12033)[0m    Validation: 12 samples (client-local)[32m [repeated 258x across cluster][0m
[36m(ClientAppActor pid=12033)[0m    Test:       50737 samples (global, shared)[32m [repeated 258x across cluster][0m
[36m(ClientAppActor pid=13764)[0m [Client 952] Data split:[32m [repeated 254x across cluster][0m
[36m(ClientAppActor pid=13764)[0m    Train:      87 samples (client-local)[32m [repeated 254x across cluster][0m
[36m(ClientAppActor pid=13764)[0m    Validation: 12 samples (client-local)[32m [repeated 254x across cluster][0m
[36m(ClientAppActor pid=13764)[0m    Test:       50737 samples (global, shared)[32m [repeated 254x across cluster][0m
[36m(ClientAppActor pid=13776)[0m [Client 1813] Data split:[32m [repeated 268x across cluster][0m
[36m(ClientAppActor pid=13776)[0m    Train:      86 samples (client-local)[32m [repeated 268x across cluster][0m
[36m(ClientAppActor pid=13776)[0m    Validation: 12 samples (client-local)[32m [repeated 268x across cluster][0m
[36m(ClientAppActor pid=13776)[0m    Test:       50737 samples (global, shared)[32m [repeated 268x across cluster][0m
[36m(ClientAppActor pid=13764)[0m [Client 893] Data split:[32m [repeated 263x across cluster][0m
[36m(ClientAppActor pid=13764)[0m    Train:      87 samples (client-local)[32m [repeated 263x across cluster][0m
[36m(ClientAppActor pid=13764)[0m    Validation: 12 samples (client-local)[32m [repeated 263x across cluster][0m
[36m(ClientAppActor pid=13764)[0m    Test:       50737 samples (global, shared)[32m [repeated 263x across cluster][0m
[36m(ClientAppActor pid=13764)[0m [Client 255] Data split:[32m [repeated 242x across cluster][0m
[36m(ClientAppActor pid=13764)[0m    Train:      87 samples (client-local)[32m [repeated 242x across cluster][0m
[36m(ClientAppActor pid=13764)[0m    Validation: 12 samples (client-local)[32m [repeated 242x across cluster][0m
[36m(ClientAppActor pid=13764)[0m    Test:       50737 samples (global, shared)[32m [repeated 242x across cluster][0m
[36m(ClientAppActor pid=13767)[0m [Client 347] Data split:[32m [repeated 265x across cluster][0m
[36m(ClientAppActor pid=13767)[0m    Train:      87 samples (client-local)[32m [repeated 265x across cluster][0m
[36m(ClientAppActor pid=13767)[0m    Validation: 12 samples (client-local)[32m [repeated 265x across cluster][0m
[36m(ClientAppActor pid=13767)[0m    Test:       50737 samples (global, shared)[32m [repeated 265x across cluster][0m

🎯 Multi-Threshold Aggregation:
   ═══════════════════════════════════════════════
   Evaluated 10 thresholds:
     • Thr=0.30: Recall=0.874, Spec=0.236, F1=0.265
     • Thr=0.35: Recall=0.824, Spec=0.322, F1=0.274
     • Thr=0.40: Recall=0.766, Spec=0.404, F1=0.281
   ...

   BEST Threshold: 0.40
     • Recall:      0.766
     • Specificity: 0.404
     • F1-Score:    0.281
     • Score:       0.569
   ═══════════════════════════════════════════════
[92mINFO [0m:      
[92mINFO [0m:      [ROUND 2]
[92mINFO [0m:      configure_fit: strategy sampled 1638 clients (out of 2048)
[92mINFO [0m:      aggregate_fit: received 1638 results and 0 failures
[92mINFO [0m:      configure_evaluate: strategy sampled 2048 clients (out of 2048)
[36m(ClientAppActor pid=14778)[0m /home/bax9142/federated-edge-learning/.venv/lib64/python3.13/site-packages/sklearn/metrics/_ranking.py:424: UndefinedMetricWarning: Only one class is present in y_true. ROC AUC score is not defined in that case.[32m [repeated 31x across cluster][0m
[36m(ClientAppActor pid=14778)[0m   warnings.warn([32m [repeated 31x across cluster][0m
[36m(ClientAppActor pid=12033)[0m /home/bax9142/federated-edge-learning/.venv/lib64/python3.13/site-packages/sklearn/metrics/_ranking.py:424: UndefinedMetricWarning: Only one class is present in y_true. ROC AUC score is not defined in that case.[32m [repeated 44x across cluster][0m
[36m(ClientAppActor pid=12033)[0m   warnings.warn([32m [repeated 44x across cluster][0m
[36m(ClientAppActor pid=12033)[0m /home/bax9142/federated-edge-learning/.venv/lib64/python3.13/site-packages/sklearn/metrics/_ranking.py:424: UndefinedMetricWarning: Only one class is present in y_true. ROC AUC score is not defined in that case.[32m [repeated 42x across cluster][0m
[36m(ClientAppActor pid=12033)[0m   warnings.warn([32m [repeated 42x across cluster][0m
[36m(ClientAppActor pid=13769)[0m /home/bax9142/federated-edge-learning/.venv/lib64/python3.13/site-packages/sklearn/metrics/_ranking.py:424: UndefinedMetricWarning: Only one class is present in y_true. ROC AUC score is not defined in that case.[32m [repeated 32x across cluster][0m
[36m(ClientAppActor pid=13769)[0m   warnings.warn([32m [repeated 32x across cluster][0m
[36m(ClientAppActor pid=14774)[0m /home/bax9142/federated-edge-learning/.venv/lib64/python3.13/site-packages/sklearn/metrics/_ranking.py:424: UndefinedMetricWarning: Only one class is present in y_true. ROC AUC score is not defined in that case.[32m [repeated 46x across cluster][0m
[36m(ClientAppActor pid=14774)[0m   warnings.warn([32m [repeated 46x across cluster][0m
[36m(ClientAppActor pid=14760)[0m /home/bax9142/federated-edge-learning/.venv/lib64/python3.13/site-packages/sklearn/metrics/_ranking.py:424: UndefinedMetricWarning: Only one class is present in y_true. ROC AUC score is not defined in that case.[32m [repeated 48x across cluster][0m
[36m(ClientAppActor pid=14760)[0m   warnings.warn([32m [repeated 48x across cluster][0m
[36m(ClientAppActor pid=14765)[0m /home/bax9142/federated-edge-learning/.venv/lib64/python3.13/site-packages/sklearn/metrics/_ranking.py:424: UndefinedMetricWarning: Only one class is present in y_true. ROC AUC score is not defined in that case.[32m [repeated 43x across cluster][0m
[36m(ClientAppActor pid=14765)[0m   warnings.warn([32m [repeated 43x across cluster][0m
[36m(ClientAppActor pid=13771)[0m /home/bax9142/federated-edge-learning/.venv/lib64/python3.13/site-packages/sklearn/metrics/_ranking.py:424: UndefinedMetricWarning: Only one class is present in y_true. ROC AUC score is not defined in that case.[32m [repeated 37x across cluster][0m
[36m(ClientAppActor pid=13771)[0m   warnings.warn([32m [repeated 37x across cluster][0m
[92mINFO [0m:      aggregate_evaluate: received 2048 results and 0 failures

⚠️  No rounds meet spec≥0.7, using recall filter only
 1 Pareto-optimal rounds (not dominated in recall & spec)

🎯 SELECTED ROUND 1:
   Recall:     0.766
   Specificity: 0.404
   F1-Score:    0.281
   Stability:   1.000
   Alerts/1000: 619.3
   Composite:   0.584


✅ Round 1 is NEW BEST - Saving checkpoint...
   💾 Checkpoint saved: result/splits_iid_scaling/splits_iid_2048_clients.json/multi_thr/model_round_1.pt
⚠️  No rounds meet spec≥0.7, using recall filter only
 1 Pareto-optimal rounds (not dominated in recall & spec)

🎯 SELECTED ROUND 1:
   Recall:     0.766
   Specificity: 0.404
   F1-Score:    0.281
   Stability:   1.000
   Alerts/1000: 619.3
   Composite:   0.584

   💾 Best model saved: result/splits_iid_scaling/splits_iid_2048_clients.json/multi_thr/model_round_1.pt
   📊 Metrics saved: result/splits_iid_scaling/splits_iid_2048_clients.json/multi_thr/run_1.json
[36m(ClientAppActor pid=12033)[0m [Client 291] Data split:[32m [repeated 237x across cluster][0m
[36m(ClientAppActor pid=12033)[0m    Train:      87 samples (client-local)[32m [repeated 237x across cluster][0m
[36m(ClientAppActor pid=12033)[0m    Validation: 12 samples (client-local)[32m [repeated 237x across cluster][0m
[36m(ClientAppActor pid=12033)[0m    Test:       50737 samples (global, shared)[32m [repeated 237x across cluster][0m
[36m(ClientAppActor pid=13776)[0m [Client 721] Data split:[32m [repeated 258x across cluster][0m
[36m(ClientAppActor pid=13776)[0m    Train:      87 samples (client-local)[32m [repeated 258x across cluster][0m
[36m(ClientAppActor pid=13776)[0m    Validation: 12 samples (client-local)[32m [repeated 258x across cluster][0m
[36m(ClientAppActor pid=13776)[0m    Test:       50737 samples (global, shared)[32m [repeated 258x across cluster][0m
[36m(ClientAppActor pid=13763)[0m [Client 403] Data split:[32m [repeated 249x across cluster][0m
[36m(ClientAppActor pid=13763)[0m    Train:      87 samples (client-local)[32m [repeated 249x across cluster][0m
[36m(ClientAppActor pid=13763)[0m    Validation: 12 samples (client-local)[32m [repeated 249x across cluster][0m
[36m(ClientAppActor pid=13763)[0m    Test:       50737 samples (global, shared)[32m [repeated 249x across cluster][0m
[36m(ClientAppActor pid=13789)[0m [Client 1906] Data split:[32m [repeated 260x across cluster][0m
[36m(ClientAppActor pid=13789)[0m    Train:      86 samples (client-local)[32m [repeated 260x across cluster][0m
[36m(ClientAppActor pid=13789)[0m    Validation: 12 samples (client-local)[32m [repeated 260x across cluster][0m
[36m(ClientAppActor pid=13789)[0m    Test:       50737 samples (global, shared)[32m [repeated 260x across cluster][0m
[36m(ClientAppActor pid=13764)[0m [Client 1877] Data split:[32m [repeated 250x across cluster][0m
[36m(ClientAppActor pid=13764)[0m    Train:      86 samples (client-local)[32m [repeated 250x across cluster][0m
[36m(ClientAppActor pid=13764)[0m    Validation: 12 samples (client-local)[32m [repeated 250x across cluster][0m
[36m(ClientAppActor pid=13764)[0m    Test:       50737 samples (global, shared)[32m [repeated 250x across cluster][0m
[36m(ClientAppActor pid=13793)[0m [Client 530] Data split:[32m [repeated 258x across cluster][0m
[36m(ClientAppActor pid=13793)[0m    Train:      87 samples (client-local)[32m [repeated 258x across cluster][0m
[36m(ClientAppActor pid=13793)[0m    Validation: 12 samples (client-local)[32m [repeated 258x across cluster][0m
[36m(ClientAppActor pid=13793)[0m    Test:       50737 samples (global, shared)[32m [repeated 258x across cluster][0m
[36m(ClientAppActor pid=13764)[0m [Client 383] Data split:[32m [repeated 234x across cluster][0m
[36m(ClientAppActor pid=13764)[0m    Train:      87 samples (client-local)[32m [repeated 234x across cluster][0m
[36m(ClientAppActor pid=13764)[0m    Validation: 12 samples (client-local)[32m [repeated 234x across cluster][0m
[36m(ClientAppActor pid=13764)[0m    Test:       50737 samples (global, shared)[32m [repeated 234x across cluster][0m
[36m(ClientAppActor pid=13764)[0m [Client 963] Data split:[32m [repeated 265x across cluster][0m
[36m(ClientAppActor pid=13764)[0m    Train:      87 samples (client-local)[32m [repeated 265x across cluster][0m
[36m(ClientAppActor pid=13764)[0m    Validation: 12 samples (client-local)[32m [repeated 265x across cluster][0m
[36m(ClientAppActor pid=13764)[0m    Test:       50737 samples (global, shared)[32m [repeated 265x across cluster][0m
[36m(ClientAppActor pid=12033)[0m [Client 534] Data split:[32m [repeated 268x across cluster][0m
[36m(ClientAppActor pid=12033)[0m    Train:      87 samples (client-local)[32m [repeated 268x across cluster][0m
[36m(ClientAppActor pid=12033)[0m    Validation: 12 samples (client-local)[32m [repeated 268x across cluster][0m
[36m(ClientAppActor pid=12033)[0m    Test:       50737 samples (global, shared)[32m [repeated 268x across cluster][0m
[36m(ClientAppActor pid=13769)[0m [Client 372] Data split:[32m [repeated 253x across cluster][0m
[36m(ClientAppActor pid=13769)[0m    Train:      87 samples (client-local)[32m [repeated 253x across cluster][0m
[36m(ClientAppActor pid=13769)[0m    Validation: 12 samples (client-local)[32m [repeated 253x across cluster][0m
[36m(ClientAppActor pid=13769)[0m    Test:       50737 samples (global, shared)[32m [repeated 253x across cluster][0m
[36m(ClientAppActor pid=13797)[0m [Client 1401] Data split:[32m [repeated 254x across cluster][0m
[36m(ClientAppActor pid=13797)[0m    Train:      87 samples (client-local)[32m [repeated 254x across cluster][0m
[36m(ClientAppActor pid=13797)[0m    Validation: 12 samples (client-local)[32m [repeated 254x across cluster][0m
[36m(ClientAppActor pid=13797)[0m    Test:       50737 samples (global, shared)[32m [repeated 254x across cluster][0m
[36m(ClientAppActor pid=12033)[0m [Client 1139] Data split:[32m [repeated 264x across cluster][0m
[36m(ClientAppActor pid=12033)[0m    Train:      87 samples (client-local)[32m [repeated 264x across cluster][0m
[36m(ClientAppActor pid=12033)[0m    Validation: 12 samples (client-local)[32m [repeated 264x across cluster][0m
[36m(ClientAppActor pid=12033)[0m    Test:       50737 samples (global, shared)[32m [repeated 264x across cluster][0m
[36m(ClientAppActor pid=12033)[0m [Client 377] Data split:[32m [repeated 253x across cluster][0m
[36m(ClientAppActor pid=12033)[0m    Train:      87 samples (client-local)[32m [repeated 253x across cluster][0m
[36m(ClientAppActor pid=12033)[0m    Validation: 12 samples (client-local)[32m [repeated 253x across cluster][0m
[36m(ClientAppActor pid=12033)[0m    Test:       50737 samples (global, shared)[32m [repeated 253x across cluster][0m
[36m(ClientAppActor pid=14765)[0m [Client 2039] Data split:[32m [repeated 280x across cluster][0m
[36m(ClientAppActor pid=14765)[0m    Train:      86 samples (client-local)[32m [repeated 280x across cluster][0m
[36m(ClientAppActor pid=14765)[0m    Validation: 12 samples (client-local)[32m [repeated 280x across cluster][0m
[36m(ClientAppActor pid=14765)[0m    Test:       50737 samples (global, shared)[32m [repeated 280x across cluster][0m

🎯 Multi-Threshold Aggregation:
   ═══════════════════════════════════════════════
   Evaluated 10 thresholds:
     • Thr=0.30: Recall=0.904, Spec=0.211, F1=0.267
     • Thr=0.35: Recall=0.866, Spec=0.291, F1=0.277
     • Thr=0.40: Recall=0.818, Spec=0.369, F1=0.286
   ...

   BEST Threshold: 0.45
     • Recall:      0.761
     • Specificity: 0.442
     • F1-Score:    0.292
     • Score:       0.582
   ═══════════════════════════════════════════════

⚠️  No rounds meet spec≥0.7, using recall filter only
 2 Pareto-optimal rounds (not dominated in recall & spec)

🎯 SELECTED ROUND 2:
   Recall:     0.761
   Specificity: 0.442
   F1-Score:    0.292
   Stability:   0.996[92mINFO [0m:      
[92mINFO [0m:      [ROUND 3]
[92mINFO [0m:      configure_fit: strategy sampled 1638 clients (out of 2048)
[92mINFO [0m:      aggregate_fit: received 1638 results and 0 failures
[92mINFO [0m:      configure_evaluate: strategy sampled 2048 clients (out of 2048)
[36m(ClientAppActor pid=13796)[0m /home/bax9142/federated-edge-learning/.venv/lib64/python3.13/site-packages/sklearn/metrics/_ranking.py:424: UndefinedMetricWarning: Only one class is present in y_true. ROC AUC score is not defined in that case.[32m [repeated 30x across cluster][0m
[36m(ClientAppActor pid=13796)[0m   warnings.warn([32m [repeated 30x across cluster][0m
[36m(ClientAppActor pid=14738)[0m /home/bax9142/federated-edge-learning/.venv/lib64/python3.13/site-packages/sklearn/metrics/_ranking.py:424: UndefinedMetricWarning: Only one class is present in y_true. ROC AUC score is not defined in that case.[32m [repeated 45x across cluster][0m
[36m(ClientAppActor pid=14738)[0m   warnings.warn([32m [repeated 45x across cluster][0m
[36m(ClientAppActor pid=14779)[0m /home/bax9142/federated-edge-learning/.venv/lib64/python3.13/site-packages/sklearn/metrics/_ranking.py:424: UndefinedMetricWarning: Only one class is present in y_true. ROC AUC score is not defined in that case.[32m [repeated 43x across cluster][0m
[36m(ClientAppActor pid=14779)[0m   warnings.warn([32m [repeated 43x across cluster][0m
[36m(ClientAppActor pid=13789)[0m /home/bax9142/federated-edge-learning/.venv/lib64/python3.13/site-packages/sklearn/metrics/_ranking.py:424: UndefinedMetricWarning: Only one class is present in y_true. ROC AUC score is not defined in that case.[32m [repeated 28x across cluster][0m
[36m(ClientAppActor pid=13789)[0m   warnings.warn([32m [repeated 28x across cluster][0m
[36m(ClientAppActor pid=13782)[0m /home/bax9142/federated-edge-learning/.venv/lib64/python3.13/site-packages/sklearn/metrics/_ranking.py:424: UndefinedMetricWarning: Only one class is present in y_true. ROC AUC score is not defined in that case.[32m [repeated 45x across cluster][0m
[36m(ClientAppActor pid=13782)[0m   warnings.warn([32m [repeated 45x across cluster][0m
[36m(ClientAppActor pid=14779)[0m /home/bax9142/federated-edge-learning/.venv/lib64/python3.13/site-packages/sklearn/metrics/_ranking.py:424: UndefinedMetricWarning: Only one class is present in y_true. ROC AUC score is not defined in that case.[32m [repeated 39x across cluster][0m
[36m(ClientAppActor pid=14779)[0m   warnings.warn([32m [repeated 39x across cluster][0m
[36m(ClientAppActor pid=14756)[0m /home/bax9142/federated-edge-learning/.venv/lib64/python3.13/site-packages/sklearn/metrics/_ranking.py:424: UndefinedMetricWarning: Only one class is present in y_true. ROC AUC score is not defined in that case.[32m [repeated 34x across cluster][0m
[36m(ClientAppActor pid=14756)[0m   warnings.warn([32m [repeated 34x across cluster][0m
[36m(ClientAppActor pid=13763)[0m /home/bax9142/federated-edge-learning/.venv/lib64/python3.13/site-packages/sklearn/metrics/_ranking.py:424: UndefinedMetricWarning: Only one class is present in y_true. ROC AUC score is not defined in that case.[32m [repeated 47x across cluster][0m
[36m(ClientAppActor pid=13763)[0m   warnings.warn([32m [repeated 47x across cluster][0m
[92mINFO [0m:      aggregate_evaluate: received 2048 results and 0 failures

   Alerts/1000: 586.2
   Composite:   0.595


✅ Round 2 is NEW BEST - Saving checkpoint...
   💾 Checkpoint saved: result/splits_iid_scaling/splits_iid_2048_clients.json/multi_thr/model_round_2.pt
⚠️  No rounds meet spec≥0.7, using recall filter only
 2 Pareto-optimal rounds (not dominated in recall & spec)

🎯 SELECTED ROUND 2:
   Recall:     0.761
   Specificity: 0.442
   F1-Score:    0.292
   Stability:   0.996
   Alerts/1000: 586.2
   Composite:   0.595

   💾 Best model saved: result/splits_iid_scaling/splits_iid_2048_clients.json/multi_thr/model_round_2.pt
   📊 Metrics saved: result/splits_iid_scaling/splits_iid_2048_clients.json/multi_thr/run_1.json
[36m(ClientAppActor pid=13767)[0m [Client 1993] Data split:[32m [repeated 237x across cluster][0m
[36m(ClientAppActor pid=13767)[0m    Train:      86 samples (client-local)[32m [repeated 237x across cluster][0m
[36m(ClientAppActor pid=13767)[0m    Validation: 12 samples (client-local)[32m [repeated 237x across cluster][0m
[36m(ClientAppActor pid=13767)[0m    Test:       50737 samples (global, shared)[32m [repeated 237x across cluster][0m
[36m(ClientAppActor pid=14798)[0m [Client 1799] Data split:[32m [repeated 257x across cluster][0m
[36m(ClientAppActor pid=14798)[0m    Train:      86 samples (client-local)[32m [repeated 257x across cluster][0m
[36m(ClientAppActor pid=14798)[0m    Validation: 12 samples (client-local)[32m [repeated 257x across cluster][0m
[36m(ClientAppActor pid=14798)[0m    Test:       50737 samples (global, shared)[32m [repeated 257x across cluster][0m
[36m(ClientAppActor pid=12033)[0m [Client 702] Data split:[32m [repeated 266x across cluster][0m
[36m(ClientAppActor pid=12033)[0m    Train:      87 samples (client-local)[32m [repeated 266x across cluster][0m
[36m(ClientAppActor pid=12033)[0m    Validation: 12 samples (client-local)[32m [repeated 266x across cluster][0m
[36m(ClientAppActor pid=12033)[0m    Test:       50737 samples (global, shared)[32m [repeated 266x across cluster][0m
[36m(ClientAppActor pid=13767)[0m [Client 1444] Data split:[32m [repeated 262x across cluster][0m
[36m(ClientAppActor pid=13767)[0m    Train:      87 samples (client-local)[32m [repeated 262x across cluster][0m
[36m(ClientAppActor pid=13767)[0m    Validation: 12 samples (client-local)[32m [repeated 262x across cluster][0m
[36m(ClientAppActor pid=13767)[0m    Test:       50737 samples (global, shared)[32m [repeated 262x across cluster][0m
[36m(ClientAppActor pid=13789)[0m [Client 197] Data split:[32m [repeated 258x across cluster][0m
[36m(ClientAppActor pid=13789)[0m    Train:      87 samples (client-local)[32m [repeated 258x across cluster][0m
[36m(ClientAppActor pid=13789)[0m    Validation: 12 samples (client-local)[32m [repeated 258x across cluster][0m
[36m(ClientAppActor pid=13789)[0m    Test:       50737 samples (global, shared)[32m [repeated 258x across cluster][0m
[36m(ClientAppActor pid=13795)[0m [Client 919] Data split:[32m [repeated 257x across cluster][0m
[36m(ClientAppActor pid=13795)[0m    Train:      87 samples (client-local)[32m [repeated 257x across cluster][0m
[36m(ClientAppActor pid=13795)[0m    Validation: 12 samples (client-local)[32m [repeated 257x across cluster][0m
[36m(ClientAppActor pid=13795)[0m    Test:       50737 samples (global, shared)[32m [repeated 257x across cluster][0m
[36m(ClientAppActor pid=13764)[0m [Client 1380] Data split:[32m [repeated 264x across cluster][0m
[36m(ClientAppActor pid=13764)[0m    Train:      87 samples (client-local)[32m [repeated 264x across cluster][0m
[36m(ClientAppActor pid=13764)[0m    Validation: 12 samples (client-local)[32m [repeated 264x across cluster][0m
[36m(ClientAppActor pid=13764)[0m    Test:       50737 samples (global, shared)[32m [repeated 264x across cluster][0m
[36m(ClientAppActor pid=13763)[0m [Client 923] Data split:[32m [repeated 205x across cluster][0m
[36m(ClientAppActor pid=13763)[0m    Train:      87 samples (client-local)[32m [repeated 205x across cluster][0m
[36m(ClientAppActor pid=13763)[0m    Validation: 12 samples (client-local)[32m [repeated 205x across cluster][0m
[36m(ClientAppActor pid=13763)[0m    Test:       50737 samples (global, shared)[32m [repeated 205x across cluster][0m
[36m(ClientAppActor pid=13776)[0m [Client 1698] Data split:[32m [repeated 259x across cluster][0m
[36m(ClientAppActor pid=13776)[0m    Train:      86 samples (client-local)[32m [repeated 259x across cluster][0m
[36m(ClientAppActor pid=13776)[0m    Validation: 12 samples (client-local)[32m [repeated 259x across cluster][0m
[36m(ClientAppActor pid=13776)[0m    Test:       50737 samples (global, shared)[32m [repeated 259x across cluster][0m
[36m(ClientAppActor pid=14752)[0m [Client 872] Data split:[32m [repeated 249x across cluster][0m
[36m(ClientAppActor pid=14752)[0m    Train:      87 samples (client-local)[32m [repeated 249x across cluster][0m
[36m(ClientAppActor pid=14752)[0m    Validation: 12 samples (client-local)[32m [repeated 249x across cluster][0m
[36m(ClientAppActor pid=14752)[0m    Test:       50737 samples (global, shared)[32m [repeated 249x across cluster][0m
[36m(ClientAppActor pid=13766)[0m [Client 76] Data split:[32m [repeated 248x across cluster][0m
[36m(ClientAppActor pid=13766)[0m    Train:      87 samples (client-local)[32m [repeated 248x across cluster][0m
[36m(ClientAppActor pid=13766)[0m    Validation: 12 samples (client-local)[32m [repeated 248x across cluster][0m
[36m(ClientAppActor pid=13766)[0m    Test:       50737 samples (global, shared)[32m [repeated 248x across cluster][0m
[36m(ClientAppActor pid=13763)[0m [Client 1142] Data split:[32m [repeated 265x across cluster][0m
[36m(ClientAppActor pid=13763)[0m    Train:      87 samples (client-local)[32m [repeated 265x across cluster][0m
[36m(ClientAppActor pid=13763)[0m    Validation: 12 samples (client-local)[32m [repeated 265x across cluster][0m
[36m(ClientAppActor pid=13763)[0m    Test:       50737 samples (global, shared)[32m [repeated 265x across cluster][0m
[36m(ClientAppActor pid=13767)[0m [Client 596] Data split:[32m [repeated 248x across cluster][0m
[36m(ClientAppActor pid=13767)[0m    Train:      87 samples (client-local)[32m [repeated 248x across cluster][0m
[36m(ClientAppActor pid=13767)[0m    Validation: 12 samples (client-local)[32m [repeated 248x across cluster][0m
[36m(ClientAppActor pid=13767)[0m    Test:       50737 samples (global, shared)[32m [repeated 248x across cluster][0m
[36m(ClientAppActor pid=13769)[0m [Client 927] Data split:[32m [repeated 264x across cluster][0m
[36m(ClientAppActor pid=13769)[0m    Train:      87 samples (client-local)[32m [repeated 264x across cluster][0m
[36m(ClientAppActor pid=13769)[0m    Validation: 12 samples (client-local)[32m [repeated 264x across cluster][0m
[36m(ClientAppActor pid=13769)[0m    Test:       50737 samples (global, shared)[32m [repeated 264x across cluster][0m
[36m(ClientAppActor pid=14774)[0m [Client 1674] Data split:[32m [repeated 255x across cluster][0m
[36m(ClientAppActor pid=14774)[0m    Train:      86 samples (client-local)[32m [repeated 255x across cluster][0m
[36m(ClientAppActor pid=14774)[0m    Validation: 12 samples (client-local)[32m [repeated 255x across cluster][0m
[36m(ClientAppActor pid=14774)[0m    Test:       50737 samples (global, shared)[32m [repeated 255x across cluster][0m

🎯 Multi-Threshold Aggregation:
   ═══════════════════════════════════════════════
   Evaluated 10 thresholds:
     • Thr=0.30: Recall=0.914, Spec=0.208, F1=0.269
     • Thr=0.35: Recall=0.876, Spec=0.289, F1=0.279
     • Thr=0.40: Recall=0.829, Spec=0.362, F1=0.288
   ...

   BEST Threshold: 0.45
     • Recall:      0.776
     • Specificity: 0.435
     • F1-Score:    0.295
     • Score:       0.586
   ═══════════════════════════════════════════════
[92mINFO [0m:      
[92mINFO [0m:      [ROUND 4]
[92mINFO [0m:      configure_fit: strategy sampled 1638 clients (out of 2048)
[92mINFO [0m:      aggregate_fit: received 1638 results and 0 failures
[92mINFO [0m:      configure_evaluate: strategy sampled 2048 clients (out of 2048)
[36m(ClientAppActor pid=14752)[0m /home/bax9142/federated-edge-learning/.venv/lib64/python3.13/site-packages/sklearn/metrics/_ranking.py:424: UndefinedMetricWarning: Only one class is present in y_true. ROC AUC score is not defined in that case.[32m [repeated 41x across cluster][0m
[36m(ClientAppActor pid=14752)[0m   warnings.warn([32m [repeated 41x across cluster][0m
[36m(ClientAppActor pid=13764)[0m /home/bax9142/federated-edge-learning/.venv/lib64/python3.13/site-packages/sklearn/metrics/_ranking.py:424: UndefinedMetricWarning: Only one class is present in y_true. ROC AUC score is not defined in that case.[32m [repeated 41x across cluster][0m
[36m(ClientAppActor pid=13764)[0m   warnings.warn([32m [repeated 41x across cluster][0m
[36m(ClientAppActor pid=14790)[0m /home/bax9142/federated-edge-learning/.venv/lib64/python3.13/site-packages/sklearn/metrics/_ranking.py:424: UndefinedMetricWarning: Only one class is present in y_true. ROC AUC score is not defined in that case.[32m [repeated 31x across cluster][0m
[36m(ClientAppActor pid=14790)[0m   warnings.warn([32m [repeated 31x across cluster][0m
[36m(ClientAppActor pid=13771)[0m /home/bax9142/federated-edge-learning/.venv/lib64/python3.13/site-packages/sklearn/metrics/_ranking.py:424: UndefinedMetricWarning: Only one class is present in y_true. ROC AUC score is not defined in that case.[32m [repeated 44x across cluster][0m
[36m(ClientAppActor pid=13771)[0m   warnings.warn([32m [repeated 44x across cluster][0m
[36m(ClientAppActor pid=13782)[0m /home/bax9142/federated-edge-learning/.venv/lib64/python3.13/site-packages/sklearn/metrics/_ranking.py:424: UndefinedMetricWarning: Only one class is present in y_true. ROC AUC score is not defined in that case.[32m [repeated 42x across cluster][0m
[36m(ClientAppActor pid=13782)[0m   warnings.warn([32m [repeated 42x across cluster][0m
[36m(ClientAppActor pid=14760)[0m /home/bax9142/federated-edge-learning/.venv/lib64/python3.13/site-packages/sklearn/metrics/_ranking.py:424: UndefinedMetricWarning: Only one class is present in y_true. ROC AUC score is not defined in that case.[32m [repeated 49x across cluster][0m
[36m(ClientAppActor pid=14760)[0m   warnings.warn([32m [repeated 49x across cluster][0m
[36m(ClientAppActor pid=13769)[0m /home/bax9142/federated-edge-learning/.venv/lib64/python3.13/site-packages/sklearn/metrics/_ranking.py:424: UndefinedMetricWarning: Only one class is present in y_true. ROC AUC score is not defined in that case.[32m [repeated 42x across cluster][0m
[36m(ClientAppActor pid=13769)[0m   warnings.warn([32m [repeated 42x across cluster][0m
[36m(ClientAppActor pid=14794)[0m /home/bax9142/federated-edge-learning/.venv/lib64/python3.13/site-packages/sklearn/metrics/_ranking.py:424: UndefinedMetricWarning: Only one class is present in y_true. ROC AUC score is not defined in that case.[32m [repeated 53x across cluster][0m
[36m(ClientAppActor pid=14794)[0m   warnings.warn([32m [repeated 53x across cluster][0m
[92mINFO [0m:      aggregate_evaluate: received 2048 results and 0 failures

⚠️  No rounds meet spec≥0.7, using recall filter only
 2 Pareto-optimal rounds (not dominated in recall & spec)

🎯 SELECTED ROUND 3:
   Recall:     0.776
   Specificity: 0.435
   F1-Score:    0.295
   Stability:   0.997
   Alerts/1000: 594.3
   Composite:   0.599


✅ Round 3 is NEW BEST - Saving checkpoint...
   💾 Checkpoint saved: result/splits_iid_scaling/splits_iid_2048_clients.json/multi_thr/model_round_3.pt
⚠️  No rounds meet spec≥0.7, using recall filter only
 2 Pareto-optimal rounds (not dominated in recall & spec)

🎯 SELECTED ROUND 3:
   Recall:     0.776
   Specificity: 0.435
   F1-Score:    0.295
   Stability:   0.997
   Alerts/1000: 594.3
   Composite:   0.599

   💾 Best model saved: result/splits_iid_scaling/splits_iid_2048_clients.json/multi_thr/model_round_3.pt
   📊 Metrics saved: result/splits_iid_scaling/splits_iid_2048_clients.json/multi_thr/run_1.json
[36m(ClientAppActor pid=13765)[0m [Client 1848] Data split:[32m [repeated 240x across cluster][0m
[36m(ClientAppActor pid=13765)[0m    Train:      86 samples (client-local)[32m [repeated 240x across cluster][0m
[36m(ClientAppActor pid=13765)[0m    Validation: 12 samples (client-local)[32m [repeated 240x across cluster][0m
[36m(ClientAppActor pid=13765)[0m    Test:       50737 samples (global, shared)[32m [repeated 240x across cluster][0m
[36m(ClientAppActor pid=13765)[0m [Client 2011] Data split:[32m [repeated 255x across cluster][0m
[36m(ClientAppActor pid=13765)[0m    Train:      86 samples (client-local)[32m [repeated 255x across cluster][0m
[36m(ClientAppActor pid=13765)[0m    Validation: 12 samples (client-local)[32m [repeated 255x across cluster][0m
[36m(ClientAppActor pid=13765)[0m    Test:       50737 samples (global, shared)[32m [repeated 255x across cluster][0m
[36m(ClientAppActor pid=13767)[0m [Client 360] Data split:[32m [repeated 256x across cluster][0m
[36m(ClientAppActor pid=13767)[0m    Train:      87 samples (client-local)[32m [repeated 256x across cluster][0m
[36m(ClientAppActor pid=13767)[0m    Validation: 12 samples (client-local)[32m [repeated 256x across cluster][0m
[36m(ClientAppActor pid=13767)[0m    Test:       50737 samples (global, shared)[32m [repeated 256x across cluster][0m
[36m(ClientAppActor pid=13769)[0m [Client 123] Data split:[32m [repeated 260x across cluster][0m
[36m(ClientAppActor pid=13769)[0m    Train:      87 samples (client-local)[32m [repeated 260x across cluster][0m
[36m(ClientAppActor pid=13769)[0m    Validation: 12 samples (client-local)[32m [repeated 260x across cluster][0m
[36m(ClientAppActor pid=13769)[0m    Test:       50737 samples (global, shared)[32m [repeated 260x across cluster][0m
[36m(ClientAppActor pid=13797)[0m [Client 108] Data split:[32m [repeated 255x across cluster][0m
[36m(ClientAppActor pid=13797)[0m    Train:      87 samples (client-local)[32m [repeated 255x across cluster][0m
[36m(ClientAppActor pid=13797)[0m    Validation: 12 samples (client-local)[32m [repeated 255x across cluster][0m
[36m(ClientAppActor pid=13797)[0m    Test:       50737 samples (global, shared)[32m [repeated 255x across cluster][0m
[36m(ClientAppActor pid=13768)[0m [Client 1172] Data split:[32m [repeated 258x across cluster][0m
[36m(ClientAppActor pid=13768)[0m    Train:      87 samples (client-local)[32m [repeated 258x across cluster][0m
[36m(ClientAppActor pid=13768)[0m    Validation: 12 samples (client-local)[32m [repeated 258x across cluster][0m
[36m(ClientAppActor pid=13768)[0m    Test:       50737 samples (global, shared)[32m [repeated 258x across cluster][0m
[36m(ClientAppActor pid=14794)[0m [Client 1446] Data split:[32m [repeated 217x across cluster][0m
[36m(ClientAppActor pid=14794)[0m    Train:      87 samples (client-local)[32m [repeated 217x across cluster][0m
[36m(ClientAppActor pid=14794)[0m    Validation: 12 samples (client-local)[32m [repeated 217x across cluster][0m
[36m(ClientAppActor pid=14794)[0m    Test:       50737 samples (global, shared)[32m [repeated 217x across cluster][0m
[36m(ClientAppActor pid=13764)[0m [Client 1208] Data split:[32m [repeated 264x across cluster][0m
[36m(ClientAppActor pid=13764)[0m    Train:      87 samples (client-local)[32m [repeated 264x across cluster][0m
[36m(ClientAppActor pid=13764)[0m    Validation: 12 samples (client-local)[32m [repeated 264x across cluster][0m
[36m(ClientAppActor pid=13764)[0m    Test:       50737 samples (global, shared)[32m [repeated 264x across cluster][0m
[36m(ClientAppActor pid=13765)[0m [Client 655] Data split:[32m [repeated 242x across cluster][0m
[36m(ClientAppActor pid=13765)[0m    Train:      87 samples (client-local)[32m [repeated 242x across cluster][0m
[36m(ClientAppActor pid=13765)[0m    Validation: 12 samples (client-local)[32m [repeated 242x across cluster][0m
[36m(ClientAppActor pid=13765)[0m    Test:       50737 samples (global, shared)[32m [repeated 242x across cluster][0m
[36m(ClientAppActor pid=13769)[0m [Client 653] Data split:[32m [repeated 257x across cluster][0m
[36m(ClientAppActor pid=13769)[0m    Train:      87 samples (client-local)[32m [repeated 257x across cluster][0m
[36m(ClientAppActor pid=13769)[0m    Validation: 12 samples (client-local)[32m [repeated 257x across cluster][0m
[36m(ClientAppActor pid=13769)[0m    Test:       50737 samples (global, shared)[32m [repeated 257x across cluster][0m
[36m(ClientAppActor pid=14738)[0m [Client 1897] Data split:[32m [repeated 266x across cluster][0m
[36m(ClientAppActor pid=14738)[0m    Train:      86 samples (client-local)[32m [repeated 266x across cluster][0m
[36m(ClientAppActor pid=14738)[0m    Validation: 12 samples (client-local)[32m [repeated 266x across cluster][0m
[36m(ClientAppActor pid=14738)[0m    Test:       50737 samples (global, shared)[32m [repeated 266x across cluster][0m
[36m(ClientAppActor pid=14800)[0m [Client 434] Data split:[32m [repeated 253x across cluster][0m
[36m(ClientAppActor pid=14800)[0m    Train:      87 samples (client-local)[32m [repeated 253x across cluster][0m
[36m(ClientAppActor pid=14800)[0m    Validation: 12 samples (client-local)[32m [repeated 253x across cluster][0m
[36m(ClientAppActor pid=14800)[0m    Test:       50737 samples (global, shared)[32m [repeated 253x across cluster][0m
[36m(ClientAppActor pid=14789)[0m [Client 1693] Data split:[32m [repeated 263x across cluster][0m
[36m(ClientAppActor pid=14789)[0m    Train:      86 samples (client-local)[32m [repeated 263x across cluster][0m
[36m(ClientAppActor pid=14789)[0m    Validation: 12 samples (client-local)[32m [repeated 263x across cluster][0m
[36m(ClientAppActor pid=14789)[0m    Test:       50737 samples (global, shared)[32m [repeated 263x across cluster][0m
[36m(ClientAppActor pid=14760)[0m [Client 22] Data split:[32m [repeated 256x across cluster][0m
[36m(ClientAppActor pid=14760)[0m    Train:      87 samples (client-local)[32m [repeated 256x across cluster][0m
[36m(ClientAppActor pid=14760)[0m    Validation: 12 samples (client-local)[32m [repeated 256x across cluster][0m
[36m(ClientAppActor pid=14760)[0m    Test:       50737 samples (global, shared)[32m [repeated 256x across cluster][0m

🎯 Multi-Threshold Aggregation:
   ═══════════════════════════════════════════════
   Evaluated 10 thresholds:
     • Thr=0.30: Recall=0.921, Spec=0.209, F1=0.270
     • Thr=0.35: Recall=0.886, Spec=0.288, F1=0.282
     • Thr=0.40: Recall=0.841, Spec=0.359, F1=0.290
   ...

   BEST Threshold: 0.45
     • Recall:      0.791
     • Specificity: 0.431
     • F1-Score:    0.298
     • Score:       0.592
   ═══════════════════════════════════════════════

⚠️  No rounds meet spec≥0.7, using recall filter only
 3 Pareto-optimal rounds (not dominated in recall & spec)

🎯 SELECTED ROUND 4:
   Recall:     0.791
   Specificity: 0.431
   F1-Score:    0.298
   Stability:   0.997[92mINFO [0m:      
[92mINFO [0m:      [ROUND 5]
[92mINFO [0m:      configure_fit: strategy sampled 1638 clients (out of 2048)
[92mINFO [0m:      aggregate_fit: received 1638 results and 0 failures
[92mINFO [0m:      configure_evaluate: strategy sampled 2048 clients (out of 2048)
[36m(ClientAppActor pid=13767)[0m /home/bax9142/federated-edge-learning/.venv/lib64/python3.13/site-packages/sklearn/metrics/_ranking.py:424: UndefinedMetricWarning: Only one class is present in y_true. ROC AUC score is not defined in that case.[32m [repeated 20x across cluster][0m
[36m(ClientAppActor pid=13767)[0m   warnings.warn([32m [repeated 20x across cluster][0m
[36m(ClientAppActor pid=13767)[0m /home/bax9142/federated-edge-learning/.venv/lib64/python3.13/site-packages/sklearn/metrics/_ranking.py:424: UndefinedMetricWarning: Only one class is present in y_true. ROC AUC score is not defined in that case.[32m [repeated 45x across cluster][0m
[36m(ClientAppActor pid=13767)[0m   warnings.warn([32m [repeated 45x across cluster][0m
[36m(ClientAppActor pid=14756)[0m /home/bax9142/federated-edge-learning/.venv/lib64/python3.13/site-packages/sklearn/metrics/_ranking.py:424: UndefinedMetricWarning: Only one class is present in y_true. ROC AUC score is not defined in that case.[32m [repeated 47x across cluster][0m
[36m(ClientAppActor pid=14756)[0m   warnings.warn([32m [repeated 47x across cluster][0m
[36m(ClientAppActor pid=13769)[0m /home/bax9142/federated-edge-learning/.venv/lib64/python3.13/site-packages/sklearn/metrics/_ranking.py:424: UndefinedMetricWarning: Only one class is present in y_true. ROC AUC score is not defined in that case.[32m [repeated 28x across cluster][0m
[36m(ClientAppActor pid=13769)[0m   warnings.warn([32m [repeated 28x across cluster][0m
[36m(ClientAppActor pid=14760)[0m /home/bax9142/federated-edge-learning/.venv/lib64/python3.13/site-packages/sklearn/metrics/_ranking.py:424: UndefinedMetricWarning: Only one class is present in y_true. ROC AUC score is not defined in that case.[32m [repeated 48x across cluster][0m
[36m(ClientAppActor pid=14760)[0m   warnings.warn([32m [repeated 48x across cluster][0m
[36m(ClientAppActor pid=13765)[0m /home/bax9142/federated-edge-learning/.venv/lib64/python3.13/site-packages/sklearn/metrics/_ranking.py:424: UndefinedMetricWarning: Only one class is present in y_true. ROC AUC score is not defined in that case.[32m [repeated 40x across cluster][0m
[36m(ClientAppActor pid=13765)[0m   warnings.warn([32m [repeated 40x across cluster][0m
[36m(ClientAppActor pid=13789)[0m /home/bax9142/federated-edge-learning/.venv/lib64/python3.13/site-packages/sklearn/metrics/_ranking.py:424: UndefinedMetricWarning: Only one class is present in y_true. ROC AUC score is not defined in that case.[32m [repeated 44x across cluster][0m
[36m(ClientAppActor pid=13789)[0m   warnings.warn([32m [repeated 44x across cluster][0m
[36m(ClientAppActor pid=14751)[0m /home/bax9142/federated-edge-learning/.venv/lib64/python3.13/site-packages/sklearn/metrics/_ranking.py:424: UndefinedMetricWarning: Only one class is present in y_true. ROC AUC score is not defined in that case.[32m [repeated 36x across cluster][0m
[36m(ClientAppActor pid=14751)[0m   warnings.warn([32m [repeated 36x across cluster][0m
[92mINFO [0m:      aggregate_evaluate: received 2048 results and 0 failures

   Alerts/1000: 599.7
   Composite:   0.605


✅ Round 4 is NEW BEST - Saving checkpoint...
   💾 Checkpoint saved: result/splits_iid_scaling/splits_iid_2048_clients.json/multi_thr/model_round_4.pt
⚠️  No rounds meet spec≥0.7, using recall filter only
 3 Pareto-optimal rounds (not dominated in recall & spec)

🎯 SELECTED ROUND 4:
   Recall:     0.791
   Specificity: 0.431
   F1-Score:    0.298
   Stability:   0.997
   Alerts/1000: 599.7
   Composite:   0.605

   💾 Best model saved: result/splits_iid_scaling/splits_iid_2048_clients.json/multi_thr/model_round_4.pt
   📊 Metrics saved: result/splits_iid_scaling/splits_iid_2048_clients.json/multi_thr/run_1.json
[36m(ClientAppActor pid=13766)[0m [Client 109] Data split:[32m [repeated 247x across cluster][0m
[36m(ClientAppActor pid=13766)[0m    Train:      87 samples (client-local)[32m [repeated 247x across cluster][0m
[36m(ClientAppActor pid=13766)[0m    Validation: 12 samples (client-local)[32m [repeated 247x across cluster][0m
[36m(ClientAppActor pid=13766)[0m    Test:       50737 samples (global, shared)[32m [repeated 247x across cluster][0m
[36m(ClientAppActor pid=13769)[0m [Client 1272] Data split:[32m [repeated 263x across cluster][0m
[36m(ClientAppActor pid=13769)[0m    Train:      87 samples (client-local)[32m [repeated 263x across cluster][0m
[36m(ClientAppActor pid=13769)[0m    Validation: 12 samples (client-local)[32m [repeated 263x across cluster][0m
[36m(ClientAppActor pid=13769)[0m    Test:       50737 samples (global, shared)[32m [repeated 263x across cluster][0m
[36m(ClientAppActor pid=13764)[0m [Client 1113] Data split:[32m [repeated 260x across cluster][0m
[36m(ClientAppActor pid=13764)[0m    Train:      87 samples (client-local)[32m [repeated 260x across cluster][0m
[36m(ClientAppActor pid=13764)[0m    Validation: 12 samples (client-local)[32m [repeated 260x across cluster][0m
[36m(ClientAppActor pid=13764)[0m    Test:       50737 samples (global, shared)[32m [repeated 260x across cluster][0m
[36m(ClientAppActor pid=12033)[0m [Client 1593] Data split:[32m [repeated 252x across cluster][0m
[36m(ClientAppActor pid=12033)[0m    Train:      86 samples (client-local)[32m [repeated 252x across cluster][0m
[36m(ClientAppActor pid=12033)[0m    Validation: 12 samples (client-local)[32m [repeated 252x across cluster][0m
[36m(ClientAppActor pid=12033)[0m    Test:       50737 samples (global, shared)[32m [repeated 252x across cluster][0m
[36m(ClientAppActor pid=14774)[0m [Client 2031] Data split:[32m [repeated 255x across cluster][0m
[36m(ClientAppActor pid=14774)[0m    Train:      86 samples (client-local)[32m [repeated 255x across cluster][0m
[36m(ClientAppActor pid=14774)[0m    Validation: 12 samples (client-local)[32m [repeated 255x across cluster][0m
[36m(ClientAppActor pid=14774)[0m    Test:       50737 samples (global, shared)[32m [repeated 255x across cluster][0m
[36m(ClientAppActor pid=12033)[0m [Client 313] Data split:[32m [repeated 254x across cluster][0m
[36m(ClientAppActor pid=12033)[0m    Train:      87 samples (client-local)[32m [repeated 254x across cluster][0m
[36m(ClientAppActor pid=12033)[0m    Validation: 12 samples (client-local)[32m [repeated 254x across cluster][0m
[36m(ClientAppActor pid=12033)[0m    Test:       50737 samples (global, shared)[32m [repeated 254x across cluster][0m
[36m(ClientAppActor pid=13776)[0m [Client 845] Data split:[32m [repeated 260x across cluster][0m
[36m(ClientAppActor pid=13776)[0m    Train:      87 samples (client-local)[32m [repeated 260x across cluster][0m
[36m(ClientAppActor pid=13776)[0m    Validation: 12 samples (client-local)[32m [repeated 260x across cluster][0m
[36m(ClientAppActor pid=13776)[0m    Test:       50737 samples (global, shared)[32m [repeated 260x across cluster][0m
[36m(ClientAppActor pid=13793)[0m [Client 40] Data split:[32m [repeated 202x across cluster][0m
[36m(ClientAppActor pid=13793)[0m    Train:      87 samples (client-local)[32m [repeated 202x across cluster][0m
[36m(ClientAppActor pid=13793)[0m    Validation: 12 samples (client-local)[32m [repeated 202x across cluster][0m
[36m(ClientAppActor pid=13793)[0m    Test:       50737 samples (global, shared)[32m [repeated 202x across cluster][0m
[36m(ClientAppActor pid=14751)[0m [Client 17] Data split:[32m [repeated 250x across cluster][0m
[36m(ClientAppActor pid=14751)[0m    Train:      87 samples (client-local)[32m [repeated 250x across cluster][0m
[36m(ClientAppActor pid=14751)[0m    Validation: 12 samples (client-local)[32m [repeated 250x across cluster][0m
[36m(ClientAppActor pid=14751)[0m    Test:       50737 samples (global, shared)[32m [repeated 250x across cluster][0m
[36m(ClientAppActor pid=13767)[0m [Client 1287] Data split:[32m [repeated 248x across cluster][0m
[36m(ClientAppActor pid=13767)[0m    Train:      87 samples (client-local)[32m [repeated 248x across cluster][0m
[36m(ClientAppActor pid=13767)[0m    Validation: 12 samples (client-local)[32m [repeated 248x across cluster][0m
[36m(ClientAppActor pid=13767)[0m    Test:       50737 samples (global, shared)[32m [repeated 248x across cluster][0m
[36m(ClientAppActor pid=13767)[0m [Client 70] Data split:[32m [repeated 268x across cluster][0m
[36m(ClientAppActor pid=13767)[0m    Train:      87 samples (client-local)[32m [repeated 268x across cluster][0m
[36m(ClientAppActor pid=13767)[0m    Validation: 12 samples (client-local)[32m [repeated 268x across cluster][0m
[36m(ClientAppActor pid=13767)[0m    Test:       50737 samples (global, shared)[32m [repeated 268x across cluster][0m
[36m(ClientAppActor pid=13765)[0m [Client 593] Data split:[32m [repeated 259x across cluster][0m
[36m(ClientAppActor pid=13765)[0m    Train:      87 samples (client-local)[32m [repeated 259x across cluster][0m
[36m(ClientAppActor pid=13765)[0m    Validation: 12 samples (client-local)[32m [repeated 259x across cluster][0m
[36m(ClientAppActor pid=13765)[0m    Test:       50737 samples (global, shared)[32m [repeated 259x across cluster][0m
[36m(ClientAppActor pid=12033)[0m [Client 522] Data split:[32m [repeated 262x across cluster][0m
[36m(ClientAppActor pid=12033)[0m    Train:      87 samples (client-local)[32m [repeated 262x across cluster][0m
[36m(ClientAppActor pid=12033)[0m    Validation: 12 samples (client-local)[32m [repeated 262x across cluster][0m
[36m(ClientAppActor pid=12033)[0m    Test:       50737 samples (global, shared)[32m [repeated 262x across cluster][0m
[36m(ClientAppActor pid=12033)[0m [Client 860] Data split:[32m [repeated 257x across cluster][0m
[36m(ClientAppActor pid=12033)[0m    Train:      87 samples (client-local)[32m [repeated 257x across cluster][0m
[36m(ClientAppActor pid=12033)[0m    Validation: 12 samples (client-local)[32m [repeated 257x across cluster][0m
[36m(ClientAppActor pid=12033)[0m    Test:       50737 samples (global, shared)[32m [repeated 257x across cluster][0m
[36m(ClientAppActor pid=13764)[0m [Client 454] Data split:[32m [repeated 265x across cluster][0m
[36m(ClientAppActor pid=13764)[0m    Train:      87 samples (client-local)[32m [repeated 265x across cluster][0m
[36m(ClientAppActor pid=13764)[0m    Validation: 12 samples (client-local)[32m [repeated 265x across cluster][0m
[36m(ClientAppActor pid=13764)[0m    Test:       50737 samples (global, shared)[32m [repeated 265x across cluster][0m

🎯 Multi-Threshold Aggregation:
   ═══════════════════════════════════════════════
   Evaluated 10 thresholds:
     • Thr=0.30: Recall=0.928, Spec=0.210, F1=0.273
     • Thr=0.35: Recall=0.891, Spec=0.289, F1=0.284
     • Thr=0.40: Recall=0.848, Spec=0.359, F1=0.292
   ...

   BEST Threshold: 0.45
     • Recall:      0.799
     • Specificity: 0.429
     • F1-Score:    0.300
     • Score:       0.595
   ═══════════════════════════════════════════════
[92mINFO [0m:      
[92mINFO [0m:      [ROUND 6]
[92mINFO [0m:      configure_fit: strategy sampled 1638 clients (out of 2048)
[92mINFO [0m:      aggregate_fit: received 1638 results and 0 failures
[92mINFO [0m:      configure_evaluate: strategy sampled 2048 clients (out of 2048)
[36m(ClientAppActor pid=14752)[0m /home/bax9142/federated-edge-learning/.venv/lib64/python3.13/site-packages/sklearn/metrics/_ranking.py:424: UndefinedMetricWarning: Only one class is present in y_true. ROC AUC score is not defined in that case.[32m [repeated 34x across cluster][0m
[36m(ClientAppActor pid=14752)[0m   warnings.warn([32m [repeated 34x across cluster][0m
[36m(ClientAppActor pid=13789)[0m /home/bax9142/federated-edge-learning/.venv/lib64/python3.13/site-packages/sklearn/metrics/_ranking.py:424: UndefinedMetricWarning: Only one class is present in y_true. ROC AUC score is not defined in that case.[32m [repeated 44x across cluster][0m
[36m(ClientAppActor pid=13789)[0m   warnings.warn([32m [repeated 44x across cluster][0m
[36m(ClientAppActor pid=14756)[0m /home/bax9142/federated-edge-learning/.venv/lib64/python3.13/site-packages/sklearn/metrics/_ranking.py:424: UndefinedMetricWarning: Only one class is present in y_true. ROC AUC score is not defined in that case.[32m [repeated 36x across cluster][0m
[36m(ClientAppActor pid=14756)[0m   warnings.warn([32m [repeated 36x across cluster][0m
[36m(ClientAppActor pid=13771)[0m /home/bax9142/federated-edge-learning/.venv/lib64/python3.13/site-packages/sklearn/metrics/_ranking.py:424: UndefinedMetricWarning: Only one class is present in y_true. ROC AUC score is not defined in that case.[32m [repeated 41x across cluster][0m
[36m(ClientAppActor pid=13771)[0m   warnings.warn([32m [repeated 41x across cluster][0m
[36m(ClientAppActor pid=13767)[0m /home/bax9142/federated-edge-learning/.venv/lib64/python3.13/site-packages/sklearn/metrics/_ranking.py:424: UndefinedMetricWarning: Only one class is present in y_true. ROC AUC score is not defined in that case.[32m [repeated 45x across cluster][0m
[36m(ClientAppActor pid=13767)[0m   warnings.warn([32m [repeated 45x across cluster][0m
[36m(ClientAppActor pid=13795)[0m /home/bax9142/federated-edge-learning/.venv/lib64/python3.13/site-packages/sklearn/metrics/_ranking.py:424: UndefinedMetricWarning: Only one class is present in y_true. ROC AUC score is not defined in that case.[32m [repeated 43x across cluster][0m
[36m(ClientAppActor pid=13795)[0m   warnings.warn([32m [repeated 43x across cluster][0m
[36m(ClientAppActor pid=13782)[0m /home/bax9142/federated-edge-learning/.venv/lib64/python3.13/site-packages/sklearn/metrics/_ranking.py:424: UndefinedMetricWarning: Only one class is present in y_true. ROC AUC score is not defined in that case.[32m [repeated 35x across cluster][0m
[36m(ClientAppActor pid=13782)[0m   warnings.warn([32m [repeated 35x across cluster][0m
[36m(ClientAppActor pid=13768)[0m /home/bax9142/federated-edge-learning/.venv/lib64/python3.13/site-packages/sklearn/metrics/_ranking.py:424: UndefinedMetricWarning: Only one class is present in y_true. ROC AUC score is not defined in that case.[32m [repeated 42x across cluster][0m
[36m(ClientAppActor pid=13768)[0m   warnings.warn([32m [repeated 42x across cluster][0m
[92mINFO [0m:      aggregate_evaluate: received 2048 results and 0 failures

⚠️  No rounds meet spec≥0.7, using recall filter only
 4 Pareto-optimal rounds (not dominated in recall & spec)

🎯 SELECTED ROUND 5:
   Recall:     0.799
   Specificity: 0.429
   F1-Score:    0.300
   Stability:   0.998
   Alerts/1000: 602.7
   Composite:   0.608


✅ Round 5 is NEW BEST - Saving checkpoint...
   💾 Checkpoint saved: result/splits_iid_scaling/splits_iid_2048_clients.json/multi_thr/model_round_5.pt
⚠️  No rounds meet spec≥0.7, using recall filter only
 4 Pareto-optimal rounds (not dominated in recall & spec)

🎯 SELECTED ROUND 5:
   Recall:     0.799
   Specificity: 0.429
   F1-Score:    0.300
   Stability:   0.998
   Alerts/1000: 602.7
   Composite:   0.608

   💾 Best model saved: result/splits_iid_scaling/splits_iid_2048_clients.json/multi_thr/model_round_5.pt
   📊 Metrics saved: result/splits_iid_scaling/splits_iid_2048_clients.json/multi_thr/run_1.json
[36m(ClientAppActor pid=13793)[0m [Client 432] Data split:[32m [repeated 230x across cluster][0m
[36m(ClientAppActor pid=13793)[0m    Train:      87 samples (client-local)[32m [repeated 230x across cluster][0m
[36m(ClientAppActor pid=13793)[0m    Validation: 12 samples (client-local)[32m [repeated 230x across cluster][0m
[36m(ClientAppActor pid=13793)[0m    Test:       50737 samples (global, shared)[32m [repeated 230x across cluster][0m
[36m(ClientAppActor pid=13767)[0m [Client 1452] Data split:[32m [repeated 257x across cluster][0m
[36m(ClientAppActor pid=13767)[0m    Train:      86 samples (client-local)[32m [repeated 257x across cluster][0m
[36m(ClientAppActor pid=13767)[0m    Validation: 12 samples (client-local)[32m [repeated 257x across cluster][0m
[36m(ClientAppActor pid=13767)[0m    Test:       50737 samples (global, shared)[32m [repeated 257x across cluster][0m
[36m(ClientAppActor pid=12033)[0m [Client 362] Data split:[32m [repeated 262x across cluster][0m
[36m(ClientAppActor pid=12033)[0m    Train:      87 samples (client-local)[32m [repeated 262x across cluster][0m
[36m(ClientAppActor pid=12033)[0m    Validation: 12 samples (client-local)[32m [repeated 262x across cluster][0m
[36m(ClientAppActor pid=12033)[0m    Test:       50737 samples (global, shared)[32m [repeated 262x across cluster][0m
[36m(ClientAppActor pid=13765)[0m [Client 736] Data split:[32m [repeated 254x across cluster][0m
[36m(ClientAppActor pid=13765)[0m    Train:      87 samples (client-local)[32m [repeated 254x across cluster][0m
[36m(ClientAppActor pid=13765)[0m    Validation: 12 samples (client-local)[32m [repeated 254x across cluster][0m
[36m(ClientAppActor pid=13765)[0m    Test:       50737 samples (global, shared)[32m [repeated 254x across cluster][0m
[36m(ClientAppActor pid=13765)[0m [Client 1574] Data split:[32m [repeated 261x across cluster][0m
[36m(ClientAppActor pid=13765)[0m    Train:      86 samples (client-local)[32m [repeated 261x across cluster][0m
[36m(ClientAppActor pid=13765)[0m    Validation: 12 samples (client-local)[32m [repeated 261x across cluster][0m
[36m(ClientAppActor pid=13765)[0m    Test:       50737 samples (global, shared)[32m [repeated 261x across cluster][0m
[36m(ClientAppActor pid=13767)[0m [Client 366] Data split:[32m [repeated 261x across cluster][0m
[36m(ClientAppActor pid=13767)[0m    Train:      87 samples (client-local)[32m [repeated 261x across cluster][0m
[36m(ClientAppActor pid=13767)[0m    Validation: 12 samples (client-local)[32m [repeated 261x across cluster][0m
[36m(ClientAppActor pid=13767)[0m    Test:       50737 samples (global, shared)[32m [repeated 261x across cluster][0m
[36m(ClientAppActor pid=13769)[0m [Client 21] Data split:[32m [repeated 244x across cluster][0m
[36m(ClientAppActor pid=13769)[0m    Train:      87 samples (client-local)[32m [repeated 244x across cluster][0m
[36m(ClientAppActor pid=13769)[0m    Validation: 12 samples (client-local)[32m [repeated 244x across cluster][0m
[36m(ClientAppActor pid=13769)[0m    Test:       50737 samples (global, shared)[32m [repeated 244x across cluster][0m
[36m(ClientAppActor pid=12033)[0m [Client 780] Data split:[32m [repeated 262x across cluster][0m
[36m(ClientAppActor pid=12033)[0m    Train:      87 samples (client-local)[32m [repeated 262x across cluster][0m
[36m(ClientAppActor pid=12033)[0m    Validation: 12 samples (client-local)[32m [repeated 262x across cluster][0m
[36m(ClientAppActor pid=12033)[0m    Test:       50737 samples (global, shared)[32m [repeated 262x across cluster][0m
[36m(ClientAppActor pid=13763)[0m [Client 94] Data split:[32m [repeated 248x across cluster][0m
[36m(ClientAppActor pid=13763)[0m    Train:      87 samples (client-local)[32m [repeated 248x across cluster][0m
[36m(ClientAppActor pid=13763)[0m    Validation: 12 samples (client-local)[32m [repeated 248x across cluster][0m
[36m(ClientAppActor pid=13763)[0m    Test:       50737 samples (global, shared)[32m [repeated 248x across cluster][0m
[36m(ClientAppActor pid=13764)[0m [Client 1580] Data split:[32m [repeated 265x across cluster][0m
[36m(ClientAppActor pid=13764)[0m    Train:      86 samples (client-local)[32m [repeated 265x across cluster][0m
[36m(ClientAppActor pid=13764)[0m    Validation: 12 samples (client-local)[32m [repeated 265x across cluster][0m
[36m(ClientAppActor pid=13764)[0m    Test:       50737 samples (global, shared)[32m [repeated 265x across cluster][0m
[36m(ClientAppActor pid=13793)[0m [Client 1077] Data split:[32m [repeated 251x across cluster][0m
[36m(ClientAppActor pid=13793)[0m    Train:      87 samples (client-local)[32m [repeated 251x across cluster][0m
[36m(ClientAppActor pid=13793)[0m    Validation: 12 samples (client-local)[32m [repeated 251x across cluster][0m
[36m(ClientAppActor pid=13793)[0m    Test:       50737 samples (global, shared)[32m [repeated 251x across cluster][0m
[36m(ClientAppActor pid=12033)[0m [Client 49] Data split:[32m [repeated 253x across cluster][0m
[36m(ClientAppActor pid=12033)[0m    Train:      87 samples (client-local)[32m [repeated 253x across cluster][0m
[36m(ClientAppActor pid=12033)[0m    Validation: 12 samples (client-local)[32m [repeated 253x across cluster][0m
[36m(ClientAppActor pid=12033)[0m    Test:       50737 samples (global, shared)[32m [repeated 253x across cluster][0m
[36m(ClientAppActor pid=14737)[0m [Client 461] Data split:[32m [repeated 265x across cluster][0m
[36m(ClientAppActor pid=14737)[0m    Train:      87 samples (client-local)[32m [repeated 265x across cluster][0m
[36m(ClientAppActor pid=14737)[0m    Validation: 12 samples (client-local)[32m [repeated 265x across cluster][0m
[36m(ClientAppActor pid=14737)[0m    Test:       50737 samples (global, shared)[32m [repeated 265x across cluster][0m
[36m(ClientAppActor pid=13765)[0m [Client 753] Data split:[32m [repeated 258x across cluster][0m
[36m(ClientAppActor pid=13765)[0m    Train:      87 samples (client-local)[32m [repeated 258x across cluster][0m
[36m(ClientAppActor pid=13765)[0m    Validation: 12 samples (client-local)[32m [repeated 258x across cluster][0m
[36m(ClientAppActor pid=13765)[0m    Test:       50737 samples (global, shared)[32m [repeated 258x across cluster][0m

🎯 Multi-Threshold Aggregation:
   ═══════════════════════════════════════════════
   Evaluated 10 thresholds:
     • Thr=0.30: Recall=0.933, Spec=0.215, F1=0.275
     • Thr=0.35: Recall=0.896, Spec=0.291, F1=0.286
     • Thr=0.40: Recall=0.853, Spec=0.361, F1=0.294
   ...

   BEST Threshold: 0.50
     • Recall:      0.753
     • Specificity: 0.497
     • F1-Score:    0.310
     • Score:       0.602
   ═══════════════════════════════════════════════

⚠️  No rounds meet spec≥0.7, using recall filter only
 5 Pareto-optimal rounds (not dominated in recall & spec)

🎯 SELECTED ROUND 6:
   Recall:     0.753
   Specificity: 0.497
   F1-Score:    0.310
   Stability:   0.989[92mINFO [0m:      
[92mINFO [0m:      [ROUND 7]
[92mINFO [0m:      configure_fit: strategy sampled 1638 clients (out of 2048)
[92mINFO [0m:      aggregate_fit: received 1638 results and 0 failures
[92mINFO [0m:      configure_evaluate: strategy sampled 2048 clients (out of 2048)
[36m(ClientAppActor pid=14737)[0m /home/bax9142/federated-edge-learning/.venv/lib64/python3.13/site-packages/sklearn/metrics/_ranking.py:424: UndefinedMetricWarning: Only one class is present in y_true. ROC AUC score is not defined in that case.[32m [repeated 36x across cluster][0m
[36m(ClientAppActor pid=14737)[0m   warnings.warn([32m [repeated 36x across cluster][0m
[36m(ClientAppActor pid=14778)[0m /home/bax9142/federated-edge-learning/.venv/lib64/python3.13/site-packages/sklearn/metrics/_ranking.py:424: UndefinedMetricWarning: Only one class is present in y_true. ROC AUC score is not defined in that case.[32m [repeated 43x across cluster][0m
[36m(ClientAppActor pid=14778)[0m   warnings.warn([32m [repeated 43x across cluster][0m
[36m(ClientAppActor pid=14765)[0m /home/bax9142/federated-edge-learning/.venv/lib64/python3.13/site-packages/sklearn/metrics/_ranking.py:424: UndefinedMetricWarning: Only one class is present in y_true. ROC AUC score is not defined in that case.[32m [repeated 44x across cluster][0m
[36m(ClientAppActor pid=14765)[0m   warnings.warn([32m [repeated 44x across cluster][0m
[36m(ClientAppActor pid=13765)[0m /home/bax9142/federated-edge-learning/.venv/lib64/python3.13/site-packages/sklearn/metrics/_ranking.py:424: UndefinedMetricWarning: Only one class is present in y_true. ROC AUC score is not defined in that case.[32m [repeated 44x across cluster][0m
[36m(ClientAppActor pid=13765)[0m   warnings.warn([32m [repeated 44x across cluster][0m
[36m(ClientAppActor pid=13797)[0m /home/bax9142/federated-edge-learning/.venv/lib64/python3.13/site-packages/sklearn/metrics/_ranking.py:424: UndefinedMetricWarning: Only one class is present in y_true. ROC AUC score is not defined in that case.[32m [repeated 38x across cluster][0m
[36m(ClientAppActor pid=13797)[0m   warnings.warn([32m [repeated 38x across cluster][0m
[36m(ClientAppActor pid=13796)[0m /home/bax9142/federated-edge-learning/.venv/lib64/python3.13/site-packages/sklearn/metrics/_ranking.py:424: UndefinedMetricWarning: Only one class is present in y_true. ROC AUC score is not defined in that case.[32m [repeated 37x across cluster][0m
[36m(ClientAppActor pid=13796)[0m   warnings.warn([32m [repeated 37x across cluster][0m
[36m(ClientAppActor pid=13767)[0m /home/bax9142/federated-edge-learning/.venv/lib64/python3.13/site-packages/sklearn/metrics/_ranking.py:424: UndefinedMetricWarning: Only one class is present in y_true. ROC AUC score is not defined in that case.[32m [repeated 46x across cluster][0m
[36m(ClientAppActor pid=13767)[0m   warnings.warn([32m [repeated 46x across cluster][0m
[36m(ClientAppActor pid=14794)[0m /home/bax9142/federated-edge-learning/.venv/lib64/python3.13/site-packages/sklearn/metrics/_ranking.py:424: UndefinedMetricWarning: Only one class is present in y_true. ROC AUC score is not defined in that case.[32m [repeated 28x across cluster][0m
[36m(ClientAppActor pid=14794)[0m   warnings.warn([32m [repeated 28x across cluster][0m
[92mINFO [0m:      aggregate_evaluate: received 2048 results and 0 failures

   Alerts/1000: 538.0
   Composite:   0.611


✅ Round 6 is NEW BEST - Saving checkpoint...
   💾 Checkpoint saved: result/splits_iid_scaling/splits_iid_2048_clients.json/multi_thr/model_round_6.pt
⚠️  No rounds meet spec≥0.7, using recall filter only
 5 Pareto-optimal rounds (not dominated in recall & spec)

🎯 SELECTED ROUND 6:
   Recall:     0.753
   Specificity: 0.497
   F1-Score:    0.310
   Stability:   0.989
   Alerts/1000: 538.0
   Composite:   0.611

   💾 Best model saved: result/splits_iid_scaling/splits_iid_2048_clients.json/multi_thr/model_round_6.pt
   📊 Metrics saved: result/splits_iid_scaling/splits_iid_2048_clients.json/multi_thr/run_1.json
[36m(ClientAppActor pid=13767)[0m [Client 149] Data split:[32m [repeated 246x across cluster][0m
[36m(ClientAppActor pid=13767)[0m    Train:      87 samples (client-local)[32m [repeated 246x across cluster][0m
[36m(ClientAppActor pid=13767)[0m    Validation: 12 samples (client-local)[32m [repeated 246x across cluster][0m
[36m(ClientAppActor pid=13767)[0m    Test:       50737 samples (global, shared)[32m [repeated 246x across cluster][0m
[36m(ClientAppActor pid=14800)[0m [Client 1982] Data split:[32m [repeated 265x across cluster][0m
[36m(ClientAppActor pid=14800)[0m    Train:      86 samples (client-local)[32m [repeated 265x across cluster][0m
[36m(ClientAppActor pid=14800)[0m    Validation: 12 samples (client-local)[32m [repeated 265x across cluster][0m
[36m(ClientAppActor pid=14800)[0m    Test:       50737 samples (global, shared)[32m [repeated 265x across cluster][0m
[36m(ClientAppActor pid=13768)[0m [Client 1010] Data split:[32m [repeated 252x across cluster][0m
[36m(ClientAppActor pid=13768)[0m    Train:      87 samples (client-local)[32m [repeated 252x across cluster][0m
[36m(ClientAppActor pid=13768)[0m    Validation: 12 samples (client-local)[32m [repeated 252x across cluster][0m
[36m(ClientAppActor pid=13768)[0m    Test:       50737 samples (global, shared)[32m [repeated 252x across cluster][0m
[36m(ClientAppActor pid=14752)[0m [Client 1833] Data split:[32m [repeated 261x across cluster][0m
[36m(ClientAppActor pid=14752)[0m    Train:      86 samples (client-local)[32m [repeated 261x across cluster][0m
[36m(ClientAppActor pid=14752)[0m    Validation: 12 samples (client-local)[32m [repeated 261x across cluster][0m
[36m(ClientAppActor pid=14752)[0m    Test:       50737 samples (global, shared)[32m [repeated 261x across cluster][0m
[36m(ClientAppActor pid=14760)[0m [Client 47] Data split:[32m [repeated 253x across cluster][0m
[36m(ClientAppActor pid=14760)[0m    Train:      87 samples (client-local)[32m [repeated 253x across cluster][0m
[36m(ClientAppActor pid=14760)[0m    Validation: 12 samples (client-local)[32m [repeated 253x across cluster][0m
[36m(ClientAppActor pid=14760)[0m    Test:       50737 samples (global, shared)[32m [repeated 253x across cluster][0m
[36m(ClientAppActor pid=13766)[0m [Client 325] Data split:[32m [repeated 258x across cluster][0m
[36m(ClientAppActor pid=13766)[0m    Train:      87 samples (client-local)[32m [repeated 258x across cluster][0m
[36m(ClientAppActor pid=13766)[0m    Validation: 12 samples (client-local)[32m [repeated 258x across cluster][0m
[36m(ClientAppActor pid=13766)[0m    Test:       50737 samples (global, shared)[32m [repeated 258x across cluster][0m
[36m(ClientAppActor pid=12033)[0m [Client 1199] Data split:[32m [repeated 253x across cluster][0m
[36m(ClientAppActor pid=12033)[0m    Train:      87 samples (client-local)[32m [repeated 253x across cluster][0m
[36m(ClientAppActor pid=12033)[0m    Validation: 12 samples (client-local)[32m [repeated 253x across cluster][0m
[36m(ClientAppActor pid=12033)[0m    Test:       50737 samples (global, shared)[32m [repeated 253x across cluster][0m
[36m(ClientAppActor pid=13768)[0m [Client 1939] Data split:[32m [repeated 208x across cluster][0m
[36m(ClientAppActor pid=13768)[0m    Train:      86 samples (client-local)[32m [repeated 208x across cluster][0m
[36m(ClientAppActor pid=13768)[0m    Validation: 12 samples (client-local)[32m [repeated 208x across cluster][0m
[36m(ClientAppActor pid=13768)[0m    Test:       50737 samples (global, shared)[32m [repeated 208x across cluster][0m
[36m(ClientAppActor pid=12033)[0m [Client 339] Data split:[32m [repeated 238x across cluster][0m
[36m(ClientAppActor pid=12033)[0m    Train:      87 samples (client-local)[32m [repeated 238x across cluster][0m
[36m(ClientAppActor pid=12033)[0m    Validation: 12 samples (client-local)[32m [repeated 238x across cluster][0m
[36m(ClientAppActor pid=12033)[0m    Test:       50737 samples (global, shared)[32m [repeated 238x across cluster][0m
[36m(ClientAppActor pid=13767)[0m [Client 162] Data split:[32m [repeated 267x across cluster][0m
[36m(ClientAppActor pid=13767)[0m    Train:      87 samples (client-local)[32m [repeated 267x across cluster][0m
[36m(ClientAppActor pid=13767)[0m    Validation: 12 samples (client-local)[32m [repeated 267x across cluster][0m
[36m(ClientAppActor pid=13767)[0m    Test:       50737 samples (global, shared)[32m [repeated 267x across cluster][0m
[36m(ClientAppActor pid=14738)[0m [Client 1307] Data split:[32m [repeated 262x across cluster][0m
[36m(ClientAppActor pid=14738)[0m    Train:      87 samples (client-local)[32m [repeated 262x across cluster][0m
[36m(ClientAppActor pid=14738)[0m    Validation: 12 samples (client-local)[32m [repeated 262x across cluster][0m
[36m(ClientAppActor pid=14738)[0m    Test:       50737 samples (global, shared)[32m [repeated 262x across cluster][0m
[36m(ClientAppActor pid=13793)[0m [Client 1765] Data split:[32m [repeated 260x across cluster][0m
[36m(ClientAppActor pid=13793)[0m    Train:      86 samples (client-local)[32m [repeated 260x across cluster][0m
[36m(ClientAppActor pid=13793)[0m    Validation: 12 samples (client-local)[32m [repeated 260x across cluster][0m
[36m(ClientAppActor pid=13793)[0m    Test:       50737 samples (global, shared)[32m [repeated 260x across cluster][0m
[36m(ClientAppActor pid=13763)[0m [Client 1968] Data split:[32m [repeated 252x across cluster][0m
[36m(ClientAppActor pid=13763)[0m    Train:      86 samples (client-local)[32m [repeated 252x across cluster][0m
[36m(ClientAppActor pid=13763)[0m    Validation: 12 samples (client-local)[32m [repeated 252x across cluster][0m
[36m(ClientAppActor pid=13763)[0m    Test:       50737 samples (global, shared)[32m [repeated 252x across cluster][0m
[36m(ClientAppActor pid=13767)[0m [Client 1388] Data split:[32m [repeated 257x across cluster][0m
[36m(ClientAppActor pid=13767)[0m    Train:      87 samples (client-local)[32m [repeated 257x across cluster][0m
[36m(ClientAppActor pid=13767)[0m    Validation: 12 samples (client-local)[32m [repeated 257x across cluster][0m
[36m(ClientAppActor pid=13767)[0m    Test:       50737 samples (global, shared)[32m [repeated 257x across cluster][0m
[36m(ClientAppActor pid=13765)[0m [Client 51] Data split:[32m [repeated 251x across cluster][0m
[36m(ClientAppActor pid=13765)[0m    Train:      87 samples (client-local)[32m [repeated 251x across cluster][0m
[36m(ClientAppActor pid=13765)[0m    Validation: 12 samples (client-local)[32m [repeated 251x across cluster][0m
[36m(ClientAppActor pid=13765)[0m    Test:       50737 samples (global, shared)[32m [repeated 251x across cluster][0m

🎯 Multi-Threshold Aggregation:
   ═══════════════════════════════════════════════
   Evaluated 10 thresholds:
     • Thr=0.30: Recall=0.935, Spec=0.221, F1=0.277
     • Thr=0.35: Recall=0.899, Spec=0.294, F1=0.287
     • Thr=0.40: Recall=0.859, Spec=0.363, F1=0.296
   ...

   BEST Threshold: 0.50
     • Recall:      0.757
     • Specificity: 0.498
     • F1-Score:    0.312
     • Score:       0.604
   ═══════════════════════════════════════════════
[92mINFO [0m:      
[92mINFO [0m:      [ROUND 8]
[92mINFO [0m:      configure_fit: strategy sampled 1638 clients (out of 2048)
[92mINFO [0m:      aggregate_fit: received 1638 results and 0 failures
[92mINFO [0m:      configure_evaluate: strategy sampled 2048 clients (out of 2048)
[36m(ClientAppActor pid=13771)[0m /home/bax9142/federated-edge-learning/.venv/lib64/python3.13/site-packages/sklearn/metrics/_ranking.py:424: UndefinedMetricWarning: Only one class is present in y_true. ROC AUC score is not defined in that case.[32m [repeated 42x across cluster][0m
[36m(ClientAppActor pid=13771)[0m   warnings.warn([32m [repeated 42x across cluster][0m
[36m(ClientAppActor pid=13764)[0m /home/bax9142/federated-edge-learning/.venv/lib64/python3.13/site-packages/sklearn/metrics/_ranking.py:424: UndefinedMetricWarning: Only one class is present in y_true. ROC AUC score is not defined in that case.[32m [repeated 43x across cluster][0m
[36m(ClientAppActor pid=13764)[0m   warnings.warn([32m [repeated 43x across cluster][0m
[36m(ClientAppActor pid=14752)[0m /home/bax9142/federated-edge-learning/.venv/lib64/python3.13/site-packages/sklearn/metrics/_ranking.py:424: UndefinedMetricWarning: Only one class is present in y_true. ROC AUC score is not defined in that case.[32m [repeated 35x across cluster][0m
[36m(ClientAppActor pid=14752)[0m   warnings.warn([32m [repeated 35x across cluster][0m
[36m(ClientAppActor pid=14790)[0m /home/bax9142/federated-edge-learning/.venv/lib64/python3.13/site-packages/sklearn/metrics/_ranking.py:424: UndefinedMetricWarning: Only one class is present in y_true. ROC AUC score is not defined in that case.[32m [repeated 45x across cluster][0m
[36m(ClientAppActor pid=14790)[0m   warnings.warn([32m [repeated 45x across cluster][0m
[36m(ClientAppActor pid=14779)[0m /home/bax9142/federated-edge-learning/.venv/lib64/python3.13/site-packages/sklearn/metrics/_ranking.py:424: UndefinedMetricWarning: Only one class is present in y_true. ROC AUC score is not defined in that case.[32m [repeated 41x across cluster][0m
[36m(ClientAppActor pid=14779)[0m   warnings.warn([32m [repeated 41x across cluster][0m
[36m(ClientAppActor pid=13765)[0m /home/bax9142/federated-edge-learning/.venv/lib64/python3.13/site-packages/sklearn/metrics/_ranking.py:424: UndefinedMetricWarning: Only one class is present in y_true. ROC AUC score is not defined in that case.[32m [repeated 39x across cluster][0m
[36m(ClientAppActor pid=13765)[0m   warnings.warn([32m [repeated 39x across cluster][0m
[36m(ClientAppActor pid=13771)[0m /home/bax9142/federated-edge-learning/.venv/lib64/python3.13/site-packages/sklearn/metrics/_ranking.py:424: UndefinedMetricWarning: Only one class is present in y_true. ROC AUC score is not defined in that case.[32m [repeated 44x across cluster][0m
[36m(ClientAppActor pid=13771)[0m   warnings.warn([32m [repeated 44x across cluster][0m
[36m(ClientAppActor pid=14760)[0m /home/bax9142/federated-edge-learning/.venv/lib64/python3.13/site-packages/sklearn/metrics/_ranking.py:424: UndefinedMetricWarning: Only one class is present in y_true. ROC AUC score is not defined in that case.[32m [repeated 36x across cluster][0m
[36m(ClientAppActor pid=14760)[0m   warnings.warn([32m [repeated 36x across cluster][0m
[92mINFO [0m:      aggregate_evaluate: received 2048 results and 0 failures

⚠️  No rounds meet spec≥0.7, using recall filter only
 5 Pareto-optimal rounds (not dominated in recall & spec)

🎯 SELECTED ROUND 7:
   Recall:     0.757
   Specificity: 0.498
   F1-Score:    0.312
   Stability:   0.985
   Alerts/1000: 537.3
   Composite:   0.613


✅ Round 7 is NEW BEST - Saving checkpoint...
   💾 Checkpoint saved: result/splits_iid_scaling/splits_iid_2048_clients.json/multi_thr/model_round_7.pt
⚠️  No rounds meet spec≥0.7, using recall filter only
 5 Pareto-optimal rounds (not dominated in recall & spec)

🎯 SELECTED ROUND 7:
   Recall:     0.757
   Specificity: 0.498
   F1-Score:    0.312
   Stability:   0.985
   Alerts/1000: 537.3
   Composite:   0.613

   💾 Best model saved: result/splits_iid_scaling/splits_iid_2048_clients.json/multi_thr/model_round_7.pt
   📊 Metrics saved: result/splits_iid_scaling/splits_iid_2048_clients.json/multi_thr/run_1.json
[36m(ClientAppActor pid=12033)[0m [Client 129] Data split:[32m [repeated 231x across cluster][0m
[36m(ClientAppActor pid=12033)[0m    Train:      87 samples (client-local)[32m [repeated 231x across cluster][0m
[36m(ClientAppActor pid=12033)[0m    Validation: 12 samples (client-local)[32m [repeated 231x across cluster][0m
[36m(ClientAppActor pid=12033)[0m    Test:       50737 samples (global, shared)[32m [repeated 231x across cluster][0m
[36m(ClientAppActor pid=12033)[0m [Client 488] Data split:[32m [repeated 261x across cluster][0m
[36m(ClientAppActor pid=12033)[0m    Train:      87 samples (client-local)[32m [repeated 261x across cluster][0m
[36m(ClientAppActor pid=12033)[0m    Validation: 12 samples (client-local)[32m [repeated 261x across cluster][0m
[36m(ClientAppActor pid=12033)[0m    Test:       50737 samples (global, shared)[32m [repeated 261x across cluster][0m
[36m(ClientAppActor pid=12033)[0m [Client 1083] Data split:[32m [repeated 261x across cluster][0m
[36m(ClientAppActor pid=12033)[0m    Train:      87 samples (client-local)[32m [repeated 261x across cluster][0m
[36m(ClientAppActor pid=12033)[0m    Validation: 12 samples (client-local)[32m [repeated 261x across cluster][0m
[36m(ClientAppActor pid=12033)[0m    Test:       50737 samples (global, shared)[32m [repeated 261x across cluster][0m
[36m(ClientAppActor pid=13767)[0m [Client 429] Data split:[32m [repeated 260x across cluster][0m
[36m(ClientAppActor pid=13767)[0m    Train:      87 samples (client-local)[32m [repeated 260x across cluster][0m
[36m(ClientAppActor pid=13767)[0m    Validation: 12 samples (client-local)[32m [repeated 260x across cluster][0m
[36m(ClientAppActor pid=13767)[0m    Test:       50737 samples (global, shared)[32m [repeated 260x across cluster][0m
[36m(ClientAppActor pid=13765)[0m [Client 1311] Data split:[32m [repeated 263x across cluster][0m
[36m(ClientAppActor pid=13765)[0m    Train:      87 samples (client-local)[32m [repeated 263x across cluster][0m
[36m(ClientAppActor pid=13765)[0m    Validation: 12 samples (client-local)[32m [repeated 263x across cluster][0m
[36m(ClientAppActor pid=13765)[0m    Test:       50737 samples (global, shared)[32m [repeated 263x across cluster][0m
[36m(ClientAppActor pid=13764)[0m [Client 108] Data split:[32m [repeated 255x across cluster][0m
[36m(ClientAppActor pid=13764)[0m    Train:      87 samples (client-local)[32m [repeated 255x across cluster][0m
[36m(ClientAppActor pid=13764)[0m    Validation: 12 samples (client-local)[32m [repeated 255x across cluster][0m
[36m(ClientAppActor pid=13764)[0m    Test:       50737 samples (global, shared)[32m [repeated 255x across cluster][0m
[36m(ClientAppActor pid=14765)[0m [Client 515] Data split:[32m [repeated 255x across cluster][0m
[36m(ClientAppActor pid=14765)[0m    Train:      87 samples (client-local)[32m [repeated 255x across cluster][0m
[36m(ClientAppActor pid=14765)[0m    Validation: 12 samples (client-local)[32m [repeated 255x across cluster][0m
[36m(ClientAppActor pid=14765)[0m    Test:       50737 samples (global, shared)[32m [repeated 255x across cluster][0m
[36m(ClientAppActor pid=13765)[0m [Client 1441] Data split:[32m [repeated 202x across cluster][0m
[36m(ClientAppActor pid=13765)[0m    Train:      87 samples (client-local)[32m [repeated 202x across cluster][0m
[36m(ClientAppActor pid=13765)[0m    Validation: 12 samples (client-local)[32m [repeated 202x across cluster][0m
[36m(ClientAppActor pid=13765)[0m    Test:       50737 samples (global, shared)[32m [repeated 202x across cluster][0m
[36m(ClientAppActor pid=13764)[0m [Client 50] Data split:[32m [repeated 247x across cluster][0m
[36m(ClientAppActor pid=13764)[0m    Train:      87 samples (client-local)[32m [repeated 247x across cluster][0m
[36m(ClientAppActor pid=13764)[0m    Validation: 12 samples (client-local)[32m [repeated 247x across cluster][0m
[36m(ClientAppActor pid=13764)[0m    Test:       50737 samples (global, shared)[32m [repeated 247x across cluster][0m
[36m(ClientAppActor pid=13768)[0m [Client 282] Data split:[32m [repeated 260x across cluster][0m
[36m(ClientAppActor pid=13768)[0m    Train:      87 samples (client-local)[32m [repeated 260x across cluster][0m
[36m(ClientAppActor pid=13768)[0m    Validation: 12 samples (client-local)[32m [repeated 260x across cluster][0m
[36m(ClientAppActor pid=13768)[0m    Test:       50737 samples (global, shared)[32m [repeated 260x across cluster][0m
[36m(ClientAppActor pid=12033)[0m [Client 1848] Data split:[32m [repeated 254x across cluster][0m
[36m(ClientAppActor pid=12033)[0m    Train:      86 samples (client-local)[32m [repeated 254x across cluster][0m
[36m(ClientAppActor pid=12033)[0m    Validation: 12 samples (client-local)[32m [repeated 254x across cluster][0m
[36m(ClientAppActor pid=12033)[0m    Test:       50737 samples (global, shared)[32m [repeated 254x across cluster][0m
[36m(ClientAppActor pid=14790)[0m [Client 123] Data split:[32m [repeated 266x across cluster][0m
[36m(ClientAppActor pid=14790)[0m    Train:      87 samples (client-local)[32m [repeated 266x across cluster][0m
[36m(ClientAppActor pid=14790)[0m    Validation: 12 samples (client-local)[32m [repeated 266x across cluster][0m
[36m(ClientAppActor pid=14790)[0m    Test:       50737 samples (global, shared)[32m [repeated 266x across cluster][0m
[36m(ClientAppActor pid=12033)[0m [Client 1152] Data split:[32m [repeated 260x across cluster][0m
[36m(ClientAppActor pid=12033)[0m    Train:      87 samples (client-local)[32m [repeated 260x across cluster][0m
[36m(ClientAppActor pid=12033)[0m    Validation: 12 samples (client-local)[32m [repeated 260x across cluster][0m
[36m(ClientAppActor pid=12033)[0m    Test:       50737 samples (global, shared)[32m [repeated 260x across cluster][0m
[36m(ClientAppActor pid=13796)[0m [Client 2032] Data split:[32m [repeated 256x across cluster][0m
[36m(ClientAppActor pid=13796)[0m    Train:      86 samples (client-local)[32m [repeated 256x across cluster][0m
[36m(ClientAppActor pid=13796)[0m    Validation: 12 samples (client-local)[32m [repeated 256x across cluster][0m
[36m(ClientAppActor pid=13796)[0m    Test:       50737 samples (global, shared)[32m [repeated 256x across cluster][0m
[36m(ClientAppActor pid=13764)[0m [Client 907] Data split:[32m [repeated 250x across cluster][0m
[36m(ClientAppActor pid=13764)[0m    Train:      87 samples (client-local)[32m [repeated 250x across cluster][0m
[36m(ClientAppActor pid=13764)[0m    Validation: 12 samples (client-local)[32m [repeated 250x across cluster][0m
[36m(ClientAppActor pid=13764)[0m    Test:       50737 samples (global, shared)[32m [repeated 250x across cluster][0m

🎯 Multi-Threshold Aggregation:
   ═══════════════════════════════════════════════
   Evaluated 10 thresholds:
     • Thr=0.30: Recall=0.936, Spec=0.227, F1=0.279
     • Thr=0.35: Recall=0.902, Spec=0.299, F1=0.289
     • Thr=0.40: Recall=0.863, Spec=0.365, F1=0.298
   ...

   BEST Threshold: 0.50
     • Recall:      0.762[92mINFO [0m:      
[92mINFO [0m:      [ROUND 9]
[92mINFO [0m:      configure_fit: strategy sampled 1638 clients (out of 2048)
[92mINFO [0m:      aggregate_fit: received 1638 results and 0 failures
[92mINFO [0m:      configure_evaluate: strategy sampled 2048 clients (out of 2048)
[36m(ClientAppActor pid=13764)[0m /home/bax9142/federated-edge-learning/.venv/lib64/python3.13/site-packages/sklearn/metrics/_ranking.py:424: UndefinedMetricWarning: Only one class is present in y_true. ROC AUC score is not defined in that case.[32m [repeated 39x across cluster][0m
[36m(ClientAppActor pid=13764)[0m   warnings.warn([32m [repeated 39x across cluster][0m
[36m(ClientAppActor pid=14790)[0m /home/bax9142/federated-edge-learning/.venv/lib64/python3.13/site-packages/sklearn/metrics/_ranking.py:424: UndefinedMetricWarning: Only one class is present in y_true. ROC AUC score is not defined in that case.[32m [repeated 42x across cluster][0m
[36m(ClientAppActor pid=14790)[0m   warnings.warn([32m [repeated 42x across cluster][0m
[36m(ClientAppActor pid=13764)[0m /home/bax9142/federated-edge-learning/.venv/lib64/python3.13/site-packages/sklearn/metrics/_ranking.py:424: UndefinedMetricWarning: Only one class is present in y_true. ROC AUC score is not defined in that case.[32m [repeated 41x across cluster][0m
[36m(ClientAppActor pid=13764)[0m   warnings.warn([32m [repeated 41x across cluster][0m
[36m(ClientAppActor pid=14737)[0m /home/bax9142/federated-edge-learning/.venv/lib64/python3.13/site-packages/sklearn/metrics/_ranking.py:424: UndefinedMetricWarning: Only one class is present in y_true. ROC AUC score is not defined in that case.[32m [repeated 35x across cluster][0m
[36m(ClientAppActor pid=14737)[0m   warnings.warn([32m [repeated 35x across cluster][0m
[36m(ClientAppActor pid=13763)[0m /home/bax9142/federated-edge-learning/.venv/lib64/python3.13/site-packages/sklearn/metrics/_ranking.py:424: UndefinedMetricWarning: Only one class is present in y_true. ROC AUC score is not defined in that case.[32m [repeated 43x across cluster][0m
[36m(ClientAppActor pid=13763)[0m   warnings.warn([32m [repeated 43x across cluster][0m
[36m(ClientAppActor pid=13782)[0m /home/bax9142/federated-edge-learning/.venv/lib64/python3.13/site-packages/sklearn/metrics/_ranking.py:424: UndefinedMetricWarning: Only one class is present in y_true. ROC AUC score is not defined in that case.[32m [repeated 41x across cluster][0m
[36m(ClientAppActor pid=13782)[0m   warnings.warn([32m [repeated 41x across cluster][0m
[36m(ClientAppActor pid=13765)[0m /home/bax9142/federated-edge-learning/.venv/lib64/python3.13/site-packages/sklearn/metrics/_ranking.py:424: UndefinedMetricWarning: Only one class is present in y_true. ROC AUC score is not defined in that case.[32m [repeated 47x across cluster][0m
[36m(ClientAppActor pid=13765)[0m   warnings.warn([32m [repeated 47x across cluster][0m
[36m(ClientAppActor pid=13769)[0m /home/bax9142/federated-edge-learning/.venv/lib64/python3.13/site-packages/sklearn/metrics/_ranking.py:424: UndefinedMetricWarning: Only one class is present in y_true. ROC AUC score is not defined in that case.[32m [repeated 39x across cluster][0m
[36m(ClientAppActor pid=13769)[0m   warnings.warn([32m [repeated 39x across cluster][0m
[92mINFO [0m:      aggregate_evaluate: received 2048 results and 0 failures

     • Specificity: 0.499
     • F1-Score:    0.314
     • Score:       0.607
   ═══════════════════════════════════════════════

⚠️  No rounds meet spec≥0.7, using recall filter only
 4 Pareto-optimal rounds (not dominated in recall & spec)

🎯 SELECTED ROUND 8:
   Recall:     0.762
   Specificity: 0.499
   F1-Score:    0.314
   Stability:   0.988
   Alerts/1000: 537.7
   Composite:   0.616


✅ Round 8 is NEW BEST - Saving checkpoint...
   💾 Checkpoint saved: result/splits_iid_scaling/splits_iid_2048_clients.json/multi_thr/model_round_8.pt
⚠️  No rounds meet spec≥0.7, using recall filter only
 4 Pareto-optimal rounds (not dominated in recall & spec)

🎯 SELECTED ROUND 8:
   Recall:     0.762
   Specificity: 0.499
   F1-Score:    0.314
   Stability:   0.988
   Alerts/1000: 537.7
   Composite:   0.616

   💾 Best model saved: result/splits_iid_scaling/splits_iid_2048_clients.json/multi_thr/model_round_8.pt
   📊 Metrics saved: result/splits_iid_scaling/splits_iid_2048_clients.json/multi_thr/run_1.json
[36m(ClientAppActor pid=13768)[0m 
[36m(ClientAppActor pid=13768)[0m 
[36m(ClientAppActor pid=14738)[0m [Client 1174] Data split:[32m [repeated 230x across cluster][0m
[36m(ClientAppActor pid=14738)[0m    Train:      87 samples (client-local)[32m [repeated 230x across cluster][0m
[36m(ClientAppActor pid=14738)[0m    Validation: 12 samples (client-local)[32m [repeated 230x across cluster][0m
[36m(ClientAppActor pid=14738)[0m    Test:       50737 samples (global, shared)[32m [repeated 230x across cluster][0m
[36m(ClientAppActor pid=13767)[0m [Client 499] Data split:[32m [repeated 256x across cluster][0m
[36m(ClientAppActor pid=13767)[0m    Train:      87 samples (client-local)[32m [repeated 256x across cluster][0m
[36m(ClientAppActor pid=13767)[0m    Validation: 12 samples (client-local)[32m [repeated 256x across cluster][0m
[36m(ClientAppActor pid=13767)[0m    Test:       50737 samples (global, shared)[32m [repeated 256x across cluster][0m
[36m(ClientAppActor pid=13776)[0m [Client 1296] Data split:[32m [repeated 255x across cluster][0m
[36m(ClientAppActor pid=13776)[0m    Train:      87 samples (client-local)[32m [repeated 255x across cluster][0m
[36m(ClientAppActor pid=13776)[0m    Validation: 12 samples (client-local)[32m [repeated 255x across cluster][0m
[36m(ClientAppActor pid=13776)[0m    Test:       50737 samples (global, shared)[32m [repeated 255x across cluster][0m
[36m(ClientAppActor pid=13769)[0m [Client 262] Data split:[32m [repeated 258x across cluster][0m
[36m(ClientAppActor pid=13769)[0m    Train:      87 samples (client-local)[32m [repeated 258x across cluster][0m
[36m(ClientAppActor pid=13769)[0m    Validation: 12 samples (client-local)[32m [repeated 258x across cluster][0m
[36m(ClientAppActor pid=13769)[0m    Test:       50737 samples (global, shared)[32m [repeated 258x across cluster][0m
[36m(ClientAppActor pid=13767)[0m [Client 822] Data split:[32m [repeated 250x across cluster][0m
[36m(ClientAppActor pid=13767)[0m    Train:      87 samples (client-local)[32m [repeated 250x across cluster][0m
[36m(ClientAppActor pid=13767)[0m    Validation: 12 samples (client-local)[32m [repeated 250x across cluster][0m
[36m(ClientAppActor pid=13767)[0m    Test:       50737 samples (global, shared)[32m [repeated 250x across cluster][0m
[36m(ClientAppActor pid=13764)[0m [Client 1720] Data split:[32m [repeated 261x across cluster][0m
[36m(ClientAppActor pid=13764)[0m    Train:      86 samples (client-local)[32m [repeated 261x across cluster][0m
[36m(ClientAppActor pid=13764)[0m    Validation: 12 samples (client-local)[32m [repeated 261x across cluster][0m
[36m(ClientAppActor pid=13764)[0m    Test:       50737 samples (global, shared)[32m [repeated 261x across cluster][0m
[36m(ClientAppActor pid=13769)[0m [Client 372] Data split:[32m [repeated 194x across cluster][0m
[36m(ClientAppActor pid=13769)[0m    Train:      87 samples (client-local)[32m [repeated 194x across cluster][0m
[36m(ClientAppActor pid=13769)[0m    Validation: 12 samples (client-local)[32m [repeated 194x across cluster][0m
[36m(ClientAppActor pid=13769)[0m    Test:       50737 samples (global, shared)[32m [repeated 194x across cluster][0m
[36m(ClientAppActor pid=13793)[0m [Client 335] Data split:[32m [repeated 257x across cluster][0m
[36m(ClientAppActor pid=13793)[0m    Train:      87 samples (client-local)[32m [repeated 257x across cluster][0m
[36m(ClientAppActor pid=13793)[0m    Validation: 12 samples (client-local)[32m [repeated 257x across cluster][0m
[36m(ClientAppActor pid=13793)[0m    Test:       50737 samples (global, shared)[32m [repeated 257x across cluster][0m
[36m(ClientAppActor pid=13764)[0m [Client 1137] Data split:[32m [repeated 252x across cluster][0m
[36m(ClientAppActor pid=13764)[0m    Train:      87 samples (client-local)[32m [repeated 252x across cluster][0m
[36m(ClientAppActor pid=13764)[0m    Validation: 12 samples (client-local)[32m [repeated 252x across cluster][0m
[36m(ClientAppActor pid=13764)[0m    Test:       50737 samples (global, shared)[32m [repeated 252x across cluster][0m
[36m(ClientAppActor pid=13768)[0m [Client 2028] Data split:[32m [repeated 262x across cluster][0m
[36m(ClientAppActor pid=13768)[0m    Train:      86 samples (client-local)[32m [repeated 262x across cluster][0m
[36m(ClientAppActor pid=13768)[0m    Validation: 12 samples (client-local)[32m [repeated 262x across cluster][0m
[36m(ClientAppActor pid=13768)[0m    Test:       50737 samples (global, shared)[32m [repeated 262x across cluster][0m
[36m(ClientAppActor pid=13793)[0m [Client 1148] Data split:[32m [repeated 253x across cluster][0m
[36m(ClientAppActor pid=13793)[0m    Train:      87 samples (client-local)[32m [repeated 253x across cluster][0m
[36m(ClientAppActor pid=13793)[0m    Validation: 12 samples (client-local)[32m [repeated 253x across cluster][0m
[36m(ClientAppActor pid=13793)[0m    Test:       50737 samples (global, shared)[32m [repeated 253x across cluster][0m
[36m(ClientAppActor pid=12033)[0m [Client 1357] Data split:[32m [repeated 266x across cluster][0m
[36m(ClientAppActor pid=12033)[0m    Train:      87 samples (client-local)[32m [repeated 266x across cluster][0m
[36m(ClientAppActor pid=12033)[0m    Validation: 12 samples (client-local)[32m [repeated 266x across cluster][0m
[36m(ClientAppActor pid=12033)[0m    Test:       50737 samples (global, shared)[32m [repeated 266x across cluster][0m
[36m(ClientAppActor pid=13765)[0m [Client 257] Data split:[32m [repeated 260x across cluster][0m
[36m(ClientAppActor pid=13765)[0m    Train:      87 samples (client-local)[32m [repeated 260x across cluster][0m
[36m(ClientAppActor pid=13765)[0m    Validation: 12 samples (client-local)[32m [repeated 260x across cluster][0m
[36m(ClientAppActor pid=13765)[0m    Test:       50737 samples (global, shared)[32m [repeated 260x across cluster][0m
[36m(ClientAppActor pid=13776)[0m [Client 106] Data split:[32m [repeated 251x across cluster][0m
[36m(ClientAppActor pid=13776)[0m    Train:      87 samples (client-local)[32m [repeated 251x across cluster][0m
[36m(ClientAppActor pid=13776)[0m    Validation: 12 samples (client-local)[32m [repeated 251x across cluster][0m
[36m(ClientAppActor pid=13776)[0m    Test:       50737 samples (global, shared)[32m [repeated 251x across cluster][0m

🎯 Multi-Threshold Aggregation:
   ═══════════════════════════════════════════════
   Evaluated 10 thresholds:
     • Thr=0.30: Recall=0.937, Spec=0.233, F1=0.281
     • Thr=0.35: Recall=0.906, Spec=0.304, F1=0.292
     • Thr=0.40: Recall=0.865, Spec=0.368, F1=0.300
   ...

   BEST Threshold: 0.50
     • Recall:      0.766
     • Specificity: 0.501
     • F1-Score:    0.316
     • Score:       0.610
   ═══════════════════════════════════════════════
[92mINFO [0m:      
[92mINFO [0m:      [ROUND 10]
[92mINFO [0m:      configure_fit: strategy sampled 1638 clients (out of 2048)
[92mINFO [0m:      aggregate_fit: received 1638 results and 0 failures
[92mINFO [0m:      configure_evaluate: strategy sampled 2048 clients (out of 2048)
[36m(ClientAppActor pid=13789)[0m /home/bax9142/federated-edge-learning/.venv/lib64/python3.13/site-packages/sklearn/metrics/_ranking.py:424: UndefinedMetricWarning: Only one class is present in y_true. ROC AUC score is not defined in that case.[32m [repeated 34x across cluster][0m
[36m(ClientAppActor pid=13789)[0m   warnings.warn([32m [repeated 34x across cluster][0m
[36m(ClientAppActor pid=13768)[0m /home/bax9142/federated-edge-learning/.venv/lib64/python3.13/site-packages/sklearn/metrics/_ranking.py:424: UndefinedMetricWarning: Only one class is present in y_true. ROC AUC score is not defined in that case.[32m [repeated 39x across cluster][0m
[36m(ClientAppActor pid=13768)[0m   warnings.warn([32m [repeated 39x across cluster][0m
[36m(ClientAppActor pid=13793)[0m /home/bax9142/federated-edge-learning/.venv/lib64/python3.13/site-packages/sklearn/metrics/_ranking.py:424: UndefinedMetricWarning: Only one class is present in y_true. ROC AUC score is not defined in that case.[32m [repeated 43x across cluster][0m
[36m(ClientAppActor pid=13793)[0m   warnings.warn([32m [repeated 43x across cluster][0m
[36m(ClientAppActor pid=14778)[0m /home/bax9142/federated-edge-learning/.venv/lib64/python3.13/site-packages/sklearn/metrics/_ranking.py:424: UndefinedMetricWarning: Only one class is present in y_true. ROC AUC score is not defined in that case.[32m [repeated 36x across cluster][0m
[36m(ClientAppActor pid=14778)[0m   warnings.warn([32m [repeated 36x across cluster][0m
[36m(ClientAppActor pid=13776)[0m /home/bax9142/federated-edge-learning/.venv/lib64/python3.13/site-packages/sklearn/metrics/_ranking.py:424: UndefinedMetricWarning: Only one class is present in y_true. ROC AUC score is not defined in that case.[32m [repeated 46x across cluster][0m
[36m(ClientAppActor pid=13776)[0m   warnings.warn([32m [repeated 46x across cluster][0m
[36m(ClientAppActor pid=13776)[0m /home/bax9142/federated-edge-learning/.venv/lib64/python3.13/site-packages/sklearn/metrics/_ranking.py:424: UndefinedMetricWarning: Only one class is present in y_true. ROC AUC score is not defined in that case.[32m [repeated 40x across cluster][0m
[36m(ClientAppActor pid=13776)[0m   warnings.warn([32m [repeated 40x across cluster][0m
[36m(ClientAppActor pid=14800)[0m /home/bax9142/federated-edge-learning/.venv/lib64/python3.13/site-packages/sklearn/metrics/_ranking.py:424: UndefinedMetricWarning: Only one class is present in y_true. ROC AUC score is not defined in that case.[32m [repeated 49x across cluster][0m
[36m(ClientAppActor pid=14800)[0m   warnings.warn([32m [repeated 49x across cluster][0m
[36m(ClientAppActor pid=12033)[0m /home/bax9142/federated-edge-learning/.venv/lib64/python3.13/site-packages/sklearn/metrics/_ranking.py:424: UndefinedMetricWarning: Only one class is present in y_true. ROC AUC score is not defined in that case.[32m [repeated 40x across cluster][0m
[36m(ClientAppActor pid=12033)[0m   warnings.warn([32m [repeated 40x across cluster][0m
[92mINFO [0m:      aggregate_evaluate: received 2048 results and 0 failures

⚠️  No rounds meet spec≥0.7, using recall filter only
 4 Pareto-optimal rounds (not dominated in recall & spec)

🎯 SELECTED ROUND 9:
   Recall:     0.766
   Specificity: 0.501
   F1-Score:    0.316
   Stability:   1.000
   Alerts/1000: 535.8
   Composite:   0.620


✅ Round 9 is NEW BEST - Saving checkpoint...
   💾 Checkpoint saved: result/splits_iid_scaling/splits_iid_2048_clients.json/multi_thr/model_round_9.pt
⚠️  No rounds meet spec≥0.7, using recall filter only
 4 Pareto-optimal rounds (not dominated in recall & spec)

🎯 SELECTED ROUND 9:
   Recall:     0.766
   Specificity: 0.501
   F1-Score:    0.316
   Stability:   1.000
   Alerts/1000: 535.8
   Composite:   0.620

   💾 Best model saved: result/splits_iid_scaling/splits_iid_2048_clients.json/multi_thr/model_round_9.pt
   📊 Metrics saved: result/splits_iid_scaling/splits_iid_2048_clients.json/multi_thr/run_1.json
[36m(ClientAppActor pid=13769)[0m [Client 389] Data split:[32m [repeated 235x across cluster][0m
[36m(ClientAppActor pid=13769)[0m    Train:      87 samples (client-local)[32m [repeated 235x across cluster][0m
[36m(ClientAppActor pid=13769)[0m    Validation: 12 samples (client-local)[32m [repeated 235x across cluster][0m
[36m(ClientAppActor pid=13769)[0m    Test:       50737 samples (global, shared)[32m [repeated 235x across cluster][0m
[36m(ClientAppActor pid=13764)[0m [Client 1153] Data split:[32m [repeated 260x across cluster][0m
[36m(ClientAppActor pid=13764)[0m    Train:      87 samples (client-local)[32m [repeated 260x across cluster][0m
[36m(ClientAppActor pid=13764)[0m    Validation: 12 samples (client-local)[32m [repeated 260x across cluster][0m
[36m(ClientAppActor pid=13764)[0m    Test:       50737 samples (global, shared)[32m [repeated 260x across cluster][0m
[36m(ClientAppActor pid=13793)[0m [Client 1735] Data split:[32m [repeated 254x across cluster][0m
[36m(ClientAppActor pid=13793)[0m    Train:      86 samples (client-local)[32m [repeated 254x across cluster][0m
[36m(ClientAppActor pid=13793)[0m    Validation: 12 samples (client-local)[32m [repeated 254x across cluster][0m
[36m(ClientAppActor pid=13793)[0m    Test:       50737 samples (global, shared)[32m [repeated 254x across cluster][0m
[36m(ClientAppActor pid=13765)[0m [Client 757] Data split:[32m [repeated 255x across cluster][0m
[36m(ClientAppActor pid=13765)[0m    Train:      87 samples (client-local)[32m [repeated 255x across cluster][0m
[36m(ClientAppActor pid=13765)[0m    Validation: 12 samples (client-local)[32m [repeated 255x across cluster][0m
[36m(ClientAppActor pid=13765)[0m    Test:       50737 samples (global, shared)[32m [repeated 255x across cluster][0m
[36m(ClientAppActor pid=13782)[0m [Client 1513] Data split:[32m [repeated 254x across cluster][0m
[36m(ClientAppActor pid=13782)[0m    Train:      86 samples (client-local)[32m [repeated 254x across cluster][0m
[36m(ClientAppActor pid=13782)[0m    Validation: 12 samples (client-local)[32m [repeated 254x across cluster][0m
[36m(ClientAppActor pid=13782)[0m    Test:       50737 samples (global, shared)[32m [repeated 254x across cluster][0m
[36m(ClientAppActor pid=12033)[0m [Client 914] Data split:[32m [repeated 252x across cluster][0m
[36m(ClientAppActor pid=12033)[0m    Train:      87 samples (client-local)[32m [repeated 252x across cluster][0m
[36m(ClientAppActor pid=12033)[0m    Validation: 12 samples (client-local)[32m [repeated 252x across cluster][0m
[36m(ClientAppActor pid=12033)[0m    Test:       50737 samples (global, shared)[32m [repeated 252x across cluster][0m
[36m(ClientAppActor pid=13767)[0m [Client 2022] Data split:[32m [repeated 256x across cluster][0m
[36m(ClientAppActor pid=13767)[0m    Train:      86 samples (client-local)[32m [repeated 256x across cluster][0m
[36m(ClientAppActor pid=13767)[0m    Validation: 12 samples (client-local)[32m [repeated 256x across cluster][0m
[36m(ClientAppActor pid=13767)[0m    Test:       50737 samples (global, shared)[32m [repeated 256x across cluster][0m
[36m(ClientAppActor pid=13767)[0m [Client 1178] Data split:[32m [repeated 189x across cluster][0m
[36m(ClientAppActor pid=13767)[0m    Train:      87 samples (client-local)[32m [repeated 189x across cluster][0m
[36m(ClientAppActor pid=13767)[0m    Validation: 12 samples (client-local)[32m [repeated 189x across cluster][0m
[36m(ClientAppActor pid=13767)[0m    Test:       50737 samples (global, shared)[32m [repeated 189x across cluster][0m
[36m(ClientAppActor pid=13767)[0m [Client 1469] Data split:[32m [repeated 258x across cluster][0m
[36m(ClientAppActor pid=13767)[0m    Train:      86 samples (client-local)[32m [repeated 258x across cluster][0m
[36m(ClientAppActor pid=13767)[0m    Validation: 12 samples (client-local)[32m [repeated 258x across cluster][0m
[36m(ClientAppActor pid=13767)[0m    Test:       50737 samples (global, shared)[32m [repeated 258x across cluster][0m
[36m(ClientAppActor pid=13769)[0m [Client 945] Data split:[32m [repeated 249x across cluster][0m
[36m(ClientAppActor pid=13769)[0m    Train:      87 samples (client-local)[32m [repeated 249x across cluster][0m
[36m(ClientAppActor pid=13769)[0m    Validation: 12 samples (client-local)[32m [repeated 249x across cluster][0m
[36m(ClientAppActor pid=13769)[0m    Test:       50737 samples (global, shared)[32m [repeated 249x across cluster][0m
[36m(ClientAppActor pid=12033)[0m [Client 1165] Data split:[32m [repeated 257x across cluster][0m
[36m(ClientAppActor pid=12033)[0m    Train:      87 samples (client-local)[32m [repeated 257x across cluster][0m
[36m(ClientAppActor pid=12033)[0m    Validation: 12 samples (client-local)[32m [repeated 257x across cluster][0m
[36m(ClientAppActor pid=12033)[0m    Test:       50737 samples (global, shared)[32m [repeated 257x across cluster][0m
[36m(ClientAppActor pid=14737)[0m [Client 499] Data split:[32m [repeated 260x across cluster][0m
[36m(ClientAppActor pid=14737)[0m    Train:      87 samples (client-local)[32m [repeated 260x across cluster][0m
[36m(ClientAppActor pid=14737)[0m    Validation: 12 samples (client-local)[32m [repeated 260x across cluster][0m
[36m(ClientAppActor pid=14737)[0m    Test:       50737 samples (global, shared)[32m [repeated 260x across cluster][0m
[36m(ClientAppActor pid=13769)[0m [Client 722] Data split:[32m [repeated 250x across cluster][0m
[36m(ClientAppActor pid=13769)[0m    Train:      87 samples (client-local)[32m [repeated 250x across cluster][0m
[36m(ClientAppActor pid=13769)[0m    Validation: 12 samples (client-local)[32m [repeated 250x across cluster][0m
[36m(ClientAppActor pid=13769)[0m    Test:       50737 samples (global, shared)[32m [repeated 250x across cluster][0m
[36m(ClientAppActor pid=13767)[0m [Client 1879] Data split:[32m [repeated 255x across cluster][0m
[36m(ClientAppActor pid=13767)[0m    Train:      86 samples (client-local)[32m [repeated 255x across cluster][0m
[36m(ClientAppActor pid=13767)[0m    Validation: 12 samples (client-local)[32m [repeated 255x across cluster][0m
[36m(ClientAppActor pid=13767)[0m    Test:       50737 samples (global, shared)[32m [repeated 255x across cluster][0m
[36m(ClientAppActor pid=13763)[0m [Client 1545] Data split:[32m [repeated 251x across cluster][0m
[36m(ClientAppActor pid=13763)[0m    Train:      86 samples (client-local)[32m [repeated 251x across cluster][0m
[36m(ClientAppActor pid=13763)[0m    Validation: 12 samples (client-local)[32m [repeated 251x across cluster][0m
[36m(ClientAppActor pid=13763)[0m    Test:       50737 samples (global, shared)[32m [repeated 251x across cluster][0m

🎯 Multi-Threshold Aggregation:
   ═══════════════════════════════════════════════
   Evaluated 10 thresholds:
     • Thr=0.30: Recall=0.939, Spec=0.239, F1=0.283
     • Thr=0.35: Recall=0.907, Spec=0.309, F1=0.294
     • Thr=0.40: Recall=0.867, Spec=0.371, F1=0.302
   ...

   BEST Threshold: 0.50
     • Recall:      0.769[92mINFO [0m:      
[92mINFO [0m:      [ROUND 11]
[92mINFO [0m:      configure_fit: strategy sampled 1638 clients (out of 2048)
[92mINFO [0m:      aggregate_fit: received 1638 results and 0 failures
[92mINFO [0m:      configure_evaluate: strategy sampled 2048 clients (out of 2048)
[36m(ClientAppActor pid=13764)[0m /home/bax9142/federated-edge-learning/.venv/lib64/python3.13/site-packages/sklearn/metrics/_ranking.py:424: UndefinedMetricWarning: Only one class is present in y_true. ROC AUC score is not defined in that case.[32m [repeated 29x across cluster][0m
[36m(ClientAppActor pid=13764)[0m   warnings.warn([32m [repeated 29x across cluster][0m
[36m(ClientAppActor pid=13763)[0m /home/bax9142/federated-edge-learning/.venv/lib64/python3.13/site-packages/sklearn/metrics/_ranking.py:424: UndefinedMetricWarning: Only one class is present in y_true. ROC AUC score is not defined in that case.[32m [repeated 44x across cluster][0m
[36m(ClientAppActor pid=13763)[0m   warnings.warn([32m [repeated 44x across cluster][0m
[36m(ClientAppActor pid=13796)[0m /home/bax9142/federated-edge-learning/.venv/lib64/python3.13/site-packages/sklearn/metrics/_ranking.py:424: UndefinedMetricWarning: Only one class is present in y_true. ROC AUC score is not defined in that case.[32m [repeated 42x across cluster][0m
[36m(ClientAppActor pid=13796)[0m   warnings.warn([32m [repeated 42x across cluster][0m
[36m(ClientAppActor pid=14756)[0m /home/bax9142/federated-edge-learning/.venv/lib64/python3.13/site-packages/sklearn/metrics/_ranking.py:424: UndefinedMetricWarning: Only one class is present in y_true. ROC AUC score is not defined in that case.[32m [repeated 37x across cluster][0m
[36m(ClientAppActor pid=14756)[0m   warnings.warn([32m [repeated 37x across cluster][0m
[36m(ClientAppActor pid=13776)[0m /home/bax9142/federated-edge-learning/.venv/lib64/python3.13/site-packages/sklearn/metrics/_ranking.py:424: UndefinedMetricWarning: Only one class is present in y_true. ROC AUC score is not defined in that case.[32m [repeated 33x across cluster][0m
[36m(ClientAppActor pid=13776)[0m   warnings.warn([32m [repeated 33x across cluster][0m
[36m(ClientAppActor pid=13766)[0m /home/bax9142/federated-edge-learning/.venv/lib64/python3.13/site-packages/sklearn/metrics/_ranking.py:424: UndefinedMetricWarning: Only one class is present in y_true. ROC AUC score is not defined in that case.[32m [repeated 40x across cluster][0m
[36m(ClientAppActor pid=13766)[0m   warnings.warn([32m [repeated 40x across cluster][0m
[36m(ClientAppActor pid=14765)[0m /home/bax9142/federated-edge-learning/.venv/lib64/python3.13/site-packages/sklearn/metrics/_ranking.py:424: UndefinedMetricWarning: Only one class is present in y_true. ROC AUC score is not defined in that case.[32m [repeated 43x across cluster][0m
[36m(ClientAppActor pid=14765)[0m   warnings.warn([32m [repeated 43x across cluster][0m
[36m(ClientAppActor pid=14790)[0m /home/bax9142/federated-edge-learning/.venv/lib64/python3.13/site-packages/sklearn/metrics/_ranking.py:424: UndefinedMetricWarning: Only one class is present in y_true. ROC AUC score is not defined in that case.[32m [repeated 33x across cluster][0m
[36m(ClientAppActor pid=14790)[0m   warnings.warn([32m [repeated 33x across cluster][0m
[36m(ClientAppActor pid=14756)[0m /home/bax9142/federated-edge-learning/.venv/lib64/python3.13/site-packages/sklearn/metrics/_ranking.py:424: UndefinedMetricWarning: Only one class is present in y_true. ROC AUC score is not defined in that case.[32m [repeated 43x across cluster][0m
[36m(ClientAppActor pid=14756)[0m   warnings.warn([32m [repeated 43x across cluster][0m
[92mINFO [0m:      aggregate_evaluate: received 2048 results and 0 failures

     • Specificity: 0.504
     • F1-Score:    0.318
     • Score:       0.612
   ═══════════════════════════════════════════════

⚠️  No rounds meet spec≥0.7, using recall filter only
 4 Pareto-optimal rounds (not dominated in recall & spec)

🎯 SELECTED ROUND 10:
   Recall:     0.769
   Specificity: 0.504
   F1-Score:    0.318
   Stability:   1.000
   Alerts/1000: 534.1
   Composite:   0.622


✅ Round 10 is NEW BEST - Saving checkpoint...
   💾 Checkpoint saved: result/splits_iid_scaling/splits_iid_2048_clients.json/multi_thr/model_round_10.pt
⚠️  No rounds meet spec≥0.7, using recall filter only
 4 Pareto-optimal rounds (not dominated in recall & spec)

🎯 SELECTED ROUND 10:
   Recall:     0.769
   Specificity: 0.504
   F1-Score:    0.318
   Stability:   1.000
   Alerts/1000: 534.1
   Composite:   0.622

   💾 Best model saved: result/splits_iid_scaling/splits_iid_2048_clients.json/multi_thr/model_round_10.pt
   📊 Metrics saved: result/splits_iid_scaling/splits_iid_2048_clients.json/multi_thr/run_1.json
[36m(ClientAppActor pid=13797)[0m [Client 1489] Data split:[32m [repeated 227x across cluster][0m
[36m(ClientAppActor pid=13797)[0m    Train:      86 samples (client-local)[32m [repeated 227x across cluster][0m
[36m(ClientAppActor pid=13797)[0m    Validation: 12 samples (client-local)[32m [repeated 227x across cluster][0m
[36m(ClientAppActor pid=13797)[0m    Test:       50737 samples (global, shared)[32m [repeated 227x across cluster][0m
[36m(ClientAppActor pid=13769)[0m [Client 1879] Data split:[32m [repeated 263x across cluster][0m
[36m(ClientAppActor pid=13769)[0m    Train:      86 samples (client-local)[32m [repeated 263x across cluster][0m
[36m(ClientAppActor pid=13769)[0m    Validation: 12 samples (client-local)[32m [repeated 263x across cluster][0m
[36m(ClientAppActor pid=13769)[0m    Test:       50737 samples (global, shared)[32m [repeated 263x across cluster][0m
[36m(ClientAppActor pid=13765)[0m [Client 1920] Data split:[32m [repeated 251x across cluster][0m
[36m(ClientAppActor pid=13765)[0m    Train:      86 samples (client-local)[32m [repeated 251x across cluster][0m
[36m(ClientAppActor pid=13765)[0m    Validation: 12 samples (client-local)[32m [repeated 251x across cluster][0m
[36m(ClientAppActor pid=13765)[0m    Test:       50737 samples (global, shared)[32m [repeated 251x across cluster][0m
[36m(ClientAppActor pid=13765)[0m [Client 1275] Data split:[32m [repeated 254x across cluster][0m
[36m(ClientAppActor pid=13765)[0m    Train:      87 samples (client-local)[32m [repeated 254x across cluster][0m
[36m(ClientAppActor pid=13765)[0m    Validation: 12 samples (client-local)[32m [repeated 254x across cluster][0m
[36m(ClientAppActor pid=13765)[0m    Test:       50737 samples (global, shared)[32m [repeated 254x across cluster][0m
[36m(ClientAppActor pid=13767)[0m [Client 2019] Data split:[32m [repeated 250x across cluster][0m
[36m(ClientAppActor pid=13767)[0m    Train:      86 samples (client-local)[32m [repeated 250x across cluster][0m
[36m(ClientAppActor pid=13767)[0m    Validation: 12 samples (client-local)[32m [repeated 250x across cluster][0m
[36m(ClientAppActor pid=13767)[0m    Test:       50737 samples (global, shared)[32m [repeated 250x across cluster][0m
[36m(ClientAppActor pid=13769)[0m [Client 509] Data split:[32m [repeated 248x across cluster][0m
[36m(ClientAppActor pid=13769)[0m    Train:      87 samples (client-local)[32m [repeated 248x across cluster][0m
[36m(ClientAppActor pid=13769)[0m    Validation: 12 samples (client-local)[32m [repeated 248x across cluster][0m
[36m(ClientAppActor pid=13769)[0m    Test:       50737 samples (global, shared)[32m [repeated 248x across cluster][0m
[36m(ClientAppActor pid=13776)[0m [Client 251] Data split:[32m [repeated 245x across cluster][0m
[36m(ClientAppActor pid=13776)[0m    Train:      87 samples (client-local)[32m [repeated 245x across cluster][0m
[36m(ClientAppActor pid=13776)[0m    Validation: 12 samples (client-local)[32m [repeated 245x across cluster][0m
[36m(ClientAppActor pid=13776)[0m    Test:       50737 samples (global, shared)[32m [repeated 245x across cluster][0m
[36m(ClientAppActor pid=13796)[0m [Client 13] Data split:[32m [repeated 199x across cluster][0m
[36m(ClientAppActor pid=13796)[0m    Train:      87 samples (client-local)[32m [repeated 199x across cluster][0m
[36m(ClientAppActor pid=13796)[0m    Validation: 12 samples (client-local)[32m [repeated 199x across cluster][0m
[36m(ClientAppActor pid=13796)[0m    Test:       50737 samples (global, shared)[32m [repeated 199x across cluster][0m
[36m(ClientAppActor pid=14751)[0m [Client 1530] Data split:[32m [repeated 247x across cluster][0m
[36m(ClientAppActor pid=14751)[0m    Train:      86 samples (client-local)[32m [repeated 247x across cluster][0m
[36m(ClientAppActor pid=14751)[0m    Validation: 12 samples (client-local)[32m [repeated 247x across cluster][0m
[36m(ClientAppActor pid=14751)[0m    Test:       50737 samples (global, shared)[32m [repeated 247x across cluster][0m
[36m(ClientAppActor pid=13776)[0m [Client 902] Data split:[32m [repeated 248x across cluster][0m
[36m(ClientAppActor pid=13776)[0m    Train:      87 samples (client-local)[32m [repeated 248x across cluster][0m
[36m(ClientAppActor pid=13776)[0m    Validation: 12 samples (client-local)[32m [repeated 248x across cluster][0m
[36m(ClientAppActor pid=13776)[0m    Test:       50737 samples (global, shared)[32m [repeated 248x across cluster][0m
[36m(ClientAppActor pid=13776)[0m [Client 495] Data split:[32m [repeated 249x across cluster][0m
[36m(ClientAppActor pid=13776)[0m    Train:      87 samples (client-local)[32m [repeated 249x across cluster][0m
[36m(ClientAppActor pid=13776)[0m    Validation: 12 samples (client-local)[32m [repeated 249x across cluster][0m
[36m(ClientAppActor pid=13776)[0m    Test:       50737 samples (global, shared)[32m [repeated 249x across cluster][0m
[36m(ClientAppActor pid=13767)[0m [Client 1811] Data split:[32m [repeated 238x across cluster][0m
[36m(ClientAppActor pid=13767)[0m    Train:      86 samples (client-local)[32m [repeated 238x across cluster][0m
[36m(ClientAppActor pid=13767)[0m    Validation: 12 samples (client-local)[32m [repeated 238x across cluster][0m
[36m(ClientAppActor pid=13767)[0m    Test:       50737 samples (global, shared)[32m [repeated 238x across cluster][0m
[36m(ClientAppActor pid=13793)[0m [Client 110] Data split:[32m [repeated 257x across cluster][0m
[36m(ClientAppActor pid=13793)[0m    Train:      87 samples (client-local)[32m [repeated 257x across cluster][0m
[36m(ClientAppActor pid=13793)[0m    Validation: 12 samples (client-local)[32m [repeated 257x across cluster][0m
[36m(ClientAppActor pid=13793)[0m    Test:       50737 samples (global, shared)[32m [repeated 257x across cluster][0m
[36m(ClientAppActor pid=13767)[0m [Client 1546] Data split:[32m [repeated 259x across cluster][0m
[36m(ClientAppActor pid=13767)[0m    Train:      86 samples (client-local)[32m [repeated 259x across cluster][0m
[36m(ClientAppActor pid=13767)[0m    Validation: 12 samples (client-local)[32m [repeated 259x across cluster][0m
[36m(ClientAppActor pid=13767)[0m    Test:       50737 samples (global, shared)[32m [repeated 259x across cluster][0m
[36m(ClientAppActor pid=13767)[0m [Client 191] Data split:[32m [repeated 251x across cluster][0m
[36m(ClientAppActor pid=13767)[0m    Train:      87 samples (client-local)[32m [repeated 251x across cluster][0m
[36m(ClientAppActor pid=13767)[0m    Validation: 12 samples (client-local)[32m [repeated 251x across cluster][0m
[36m(ClientAppActor pid=13767)[0m    Test:       50737 samples (global, shared)[32m [repeated 251x across cluster][0m

🎯 Multi-Threshold Aggregation:
   ═══════════════════════════════════════════════
   Evaluated 10 thresholds:[92mINFO [0m:      
[92mINFO [0m:      [ROUND 12]
[92mINFO [0m:      configure_fit: strategy sampled 1638 clients (out of 2048)
[92mINFO [0m:      aggregate_fit: received 1638 results and 0 failures
[92mINFO [0m:      configure_evaluate: strategy sampled 2048 clients (out of 2048)
[36m(ClientAppActor pid=13767)[0m /home/bax9142/federated-edge-learning/.venv/lib64/python3.13/site-packages/sklearn/metrics/_ranking.py:424: UndefinedMetricWarning: Only one class is present in y_true. ROC AUC score is not defined in that case.[32m [repeated 7x across cluster][0m
[36m(ClientAppActor pid=13767)[0m   warnings.warn([32m [repeated 7x across cluster][0m
[36m(ClientAppActor pid=13776)[0m /home/bax9142/federated-edge-learning/.venv/lib64/python3.13/site-packages/sklearn/metrics/_ranking.py:424: UndefinedMetricWarning: Only one class is present in y_true. ROC AUC score is not defined in that case.[32m [repeated 46x across cluster][0m
[36m(ClientAppActor pid=13776)[0m   warnings.warn([32m [repeated 46x across cluster][0m
[36m(ClientAppActor pid=13797)[0m /home/bax9142/federated-edge-learning/.venv/lib64/python3.13/site-packages/sklearn/metrics/_ranking.py:424: UndefinedMetricWarning: Only one class is present in y_true. ROC AUC score is not defined in that case.[32m [repeated 38x across cluster][0m
[36m(ClientAppActor pid=13797)[0m   warnings.warn([32m [repeated 38x across cluster][0m
[36m(ClientAppActor pid=13797)[0m /home/bax9142/federated-edge-learning/.venv/lib64/python3.13/site-packages/sklearn/metrics/_ranking.py:424: UndefinedMetricWarning: Only one class is present in y_true. ROC AUC score is not defined in that case.[32m [repeated 30x across cluster][0m
[36m(ClientAppActor pid=13797)[0m   warnings.warn([32m [repeated 30x across cluster][0m
[36m(ClientAppActor pid=13794)[0m /home/bax9142/federated-edge-learning/.venv/lib64/python3.13/site-packages/sklearn/metrics/_ranking.py:424: UndefinedMetricWarning: Only one class is present in y_true. ROC AUC score is not defined in that case.[32m [repeated 41x across cluster][0m
[36m(ClientAppActor pid=13794)[0m   warnings.warn([32m [repeated 41x across cluster][0m
[36m(ClientAppActor pid=13769)[0m /home/bax9142/federated-edge-learning/.venv/lib64/python3.13/site-packages/sklearn/metrics/_ranking.py:424: UndefinedMetricWarning: Only one class is present in y_true. ROC AUC score is not defined in that case.[32m [repeated 36x across cluster][0m
[36m(ClientAppActor pid=13769)[0m   warnings.warn([32m [repeated 36x across cluster][0m
[36m(ClientAppActor pid=13769)[0m /home/bax9142/federated-edge-learning/.venv/lib64/python3.13/site-packages/sklearn/metrics/_ranking.py:424: UndefinedMetricWarning: Only one class is present in y_true. ROC AUC score is not defined in that case.[32m [repeated 52x across cluster][0m
[36m(ClientAppActor pid=13769)[0m   warnings.warn([32m [repeated 52x across cluster][0m
[36m(ClientAppActor pid=14738)[0m /home/bax9142/federated-edge-learning/.venv/lib64/python3.13/site-packages/sklearn/metrics/_ranking.py:424: UndefinedMetricWarning: Only one class is present in y_true. ROC AUC score is not defined in that case.[32m [repeated 42x across cluster][0m
[36m(ClientAppActor pid=14738)[0m   warnings.warn([32m [repeated 42x across cluster][0m

     • Thr=0.30: Recall=0.939, Spec=0.245, F1=0.284
     • Thr=0.35: Recall=0.908, Spec=0.314, F1=0.296
     • Thr=0.40: Recall=0.869, Spec=0.374, F1=0.303
   ...

   BEST Threshold: 0.50
     • Recall:      0.773
     • Specificity: 0.507
     • F1-Score:    0.321
     • Score:       0.616
   ═══════════════════════════════════════════════

⚠️  No rounds meet spec≥0.7, using recall filter only
 4 Pareto-optimal rounds (not dominated in recall & spec)

🎯 SELECTED ROUND 11:
   Recall:     0.773
   Specificity: 0.507
   F1-Score:    0.321
   Stability:   1.000
   Alerts/1000: 531.8
   Composite:   0.625


✅ Round 11 is NEW BEST - Saving checkpoint...
   💾 Checkpoint saved: result/splits_iid_scaling/splits_iid_2048_clients.json/multi_thr/model_round_11.pt
⚠️  No rounds meet spec≥0.7, using recall filter only
 4 Pareto-optimal rounds (not dominated in recall & spec)

🎯 SELECTED ROUND 11:
   Recall:     0.773
   Specificity: 0.507
   F1-Score:    0.321
   Stability:   1.000
   Alerts/1000: 531.8
   Composite:   0.625

   💾 Best model saved: result/splits_iid_scaling/splits_iid_2048_clients.json/multi_thr/model_round_11.pt
   📊 Metrics saved: result/splits_iid_scaling/splits_iid_2048_clients.json/multi_thr/run_1.json
[36m(ClientAppActor pid=12033)[0m [Client 1825] Data split:[32m [repeated 229x across cluster][0m
[36m(ClientAppActor pid=12033)[0m    Train:      86 samples (client-local)[32m [repeated 229x across cluster][0m
[36m(ClientAppActor pid=12033)[0m    Validation: 12 samples (client-local)[32m [repeated 229x across cluster][0m
[36m(ClientAppActor pid=12033)[0m    Test:       50737 samples (global, shared)[32m [repeated 229x across cluster][0m
[36m(ClientAppActor pid=13768)[0m [Client 1878] Data split:[32m [repeated 253x across cluster][0m
[36m(ClientAppActor pid=13768)[0m    Train:      86 samples (client-local)[32m [repeated 253x across cluster][0m
[36m(ClientAppActor pid=13768)[0m    Validation: 12 samples (client-local)[32m [repeated 253x across cluster][0m
[36m(ClientAppActor pid=13768)[0m    Test:       50737 samples (global, shared)[32m [repeated 253x across cluster][0m
[36m(ClientAppActor pid=13767)[0m [Client 558] Data split:[32m [repeated 254x across cluster][0m
[36m(ClientAppActor pid=13767)[0m    Train:      87 samples (client-local)[32m [repeated 254x across cluster][0m
[36m(ClientAppActor pid=13767)[0m    Validation: 12 samples (client-local)[32m [repeated 254x across cluster][0m
[36m(ClientAppActor pid=13767)[0m    Test:       50737 samples (global, shared)[32m [repeated 254x across cluster][0m
[36m(ClientAppActor pid=13767)[0m [Client 2029] Data split:[32m [repeated 250x across cluster][0m
[36m(ClientAppActor pid=13767)[0m    Train:      86 samples (client-local)[32m [repeated 250x across cluster][0m
[36m(ClientAppActor pid=13767)[0m    Validation: 12 samples (client-local)[32m [repeated 250x across cluster][0m
[36m(ClientAppActor pid=13767)[0m    Test:       50737 samples (global, shared)[32m [repeated 250x across cluster][0m
[36m(ClientAppActor pid=13793)[0m [Client 2003] Data split:[32m [repeated 259x across cluster][0m
[36m(ClientAppActor pid=13793)[0m    Train:      86 samples (client-local)[32m [repeated 259x across cluster][0m
[36m(ClientAppActor pid=13793)[0m    Validation: 12 samples (client-local)[32m [repeated 259x across cluster][0m
[36m(ClientAppActor pid=13793)[0m    Test:       50737 samples (global, shared)[32m [repeated 259x across cluster][0m
[36m(ClientAppActor pid=14737)[0m [Client 817] Data split:[32m [repeated 255x across cluster][0m
[36m(ClientAppActor pid=14737)[0m    Train:      87 samples (client-local)[32m [repeated 255x across cluster][0m
[36m(ClientAppActor pid=14737)[0m    Validation: 12 samples (client-local)[32m [repeated 255x across cluster][0m
[36m(ClientAppActor pid=14737)[0m    Test:       50737 samples (global, shared)[32m [repeated 255x across cluster][0m
[36m(ClientAppActor pid=13793)[0m [Client 221] Data split:[32m [repeated 259x across cluster][0m
[36m(ClientAppActor pid=13793)[0m    Train:      87 samples (client-local)[32m [repeated 259x across cluster][0m
[36m(ClientAppActor pid=13793)[0m    Validation: 12 samples (client-local)[32m [repeated 259x across cluster][0m
[36m(ClientAppActor pid=13793)[0m    Test:       50737 samples (global, shared)[32m [repeated 259x across cluster][0m
[36m(ClientAppActor pid=13764)[0m [Client 910] Data split:[32m [repeated 174x across cluster][0m
[36m(ClientAppActor pid=13764)[0m    Train:      87 samples (client-local)[32m [repeated 174x across cluster][0m
[36m(ClientAppActor pid=13764)[0m    Validation: 12 samples (client-local)[32m [repeated 174x across cluster][0m
[36m(ClientAppActor pid=13764)[0m    Test:       50737 samples (global, shared)[32m [repeated 174x across cluster][0m
[36m(ClientAppActor pid=13764)[0m [Client 26] Data split:[32m [repeated 254x across cluster][0m
[36m(ClientAppActor pid=13764)[0m    Train:      87 samples (client-local)[32m [repeated 254x across cluster][0m
[36m(ClientAppActor pid=13764)[0m    Validation: 12 samples (client-local)[32m [repeated 254x across cluster][0m
[36m(ClientAppActor pid=13764)[0m    Test:       50737 samples (global, shared)[32m [repeated 254x across cluster][0m
[36m(ClientAppActor pid=12033)[0m [Client 1594] Data split:[32m [repeated 252x across cluster][0m
[36m(ClientAppActor pid=12033)[0m    Train:      86 samples (client-local)[32m [repeated 252x across cluster][0m
[36m(ClientAppActor pid=12033)[0m    Validation: 12 samples (client-local)[32m [repeated 252x across cluster][0m
[36m(ClientAppActor pid=12033)[0m    Test:       50737 samples (global, shared)[32m [repeated 252x across cluster][0m
[36m(ClientAppActor pid=13765)[0m [Client 178] Data split:[32m [repeated 249x across cluster][0m
[36m(ClientAppActor pid=13765)[0m    Train:      87 samples (client-local)[32m [repeated 249x across cluster][0m
[36m(ClientAppActor pid=13765)[0m    Validation: 12 samples (client-local)[32m [repeated 249x across cluster][0m
[36m(ClientAppActor pid=13765)[0m    Test:       50737 samples (global, shared)[32m [repeated 249x across cluster][0m
[36m(ClientAppActor pid=13767)[0m [Client 1938] Data split:[32m [repeated 250x across cluster][0m
[36m(ClientAppActor pid=13767)[0m    Train:      86 samples (client-local)[32m [repeated 250x across cluster][0m
[36m(ClientAppActor pid=13767)[0m    Validation: 12 samples (client-local)[32m [repeated 250x across cluster][0m
[36m(ClientAppActor pid=13767)[0m    Test:       50737 samples (global, shared)[32m [repeated 250x across cluster][0m
[36m(ClientAppActor pid=13769)[0m [Client 71] Data split:[32m [repeated 253x across cluster][0m
[36m(ClientAppActor pid=13769)[0m    Train:      87 samples (client-local)[32m [repeated 253x across cluster][0m
[36m(ClientAppActor pid=13769)[0m    Validation: 12 samples (client-local)[32m [repeated 253x across cluster][0m
[36m(ClientAppActor pid=13769)[0m    Test:       50737 samples (global, shared)[32m [repeated 253x across cluster][0m
[36m(ClientAppActor pid=13793)[0m [Client 166] Data split:[32m [repeated 256x across cluster][0m
[36m(ClientAppActor pid=13793)[0m    Train:      87 samples (client-local)[32m [repeated 256x across cluster][0m
[36m(ClientAppActor pid=13793)[0m    Validation: 12 samples (client-local)[32m [repeated 256x across cluster][0m
[36m(ClientAppActor pid=13793)[0m    Test:       50737 samples (global, shared)[32m [repeated 256x across cluster][0m
[36m(ClientAppActor pid=13764)[0m [Client 1983] Data split:[32m [repeated 255x across cluster][0m
[36m(ClientAppActor pid=13764)[0m    Train:      86 samples (client-local)[32m [repeated 255x across cluster][0m
[36m(ClientAppActor pid=13764)[0m    Validation: 12 samples (client-local)[32m [repeated 255x across cluster][0m
[36m(ClientAppActor pid=13764)[0m    Test:       50737 samples (global, shared)[32m [repeated 255x across cluster][0m[36m(ClientAppActor pid=13793)[0m /home/bax9142/federated-edge-learning/.venv/lib64/python3.13/site-packages/sklearn/metrics/_ranking.py:424: UndefinedMetricWarning: Only one class is present in y_true. ROC AUC score is not defined in that case.[32m [repeated 36x across cluster][0m
[36m(ClientAppActor pid=13793)[0m   warnings.warn([32m [repeated 36x across cluster][0m
[92mINFO [0m:      aggregate_evaluate: received 2048 results and 0 failures
[92mINFO [0m:      
[92mINFO [0m:      [ROUND 13]
[92mINFO [0m:      configure_fit: strategy sampled 1638 clients (out of 2048)
[92mINFO [0m:      aggregate_fit: received 1638 results and 0 failures
[92mINFO [0m:      configure_evaluate: strategy sampled 2048 clients (out of 2048)
[36m(ClientAppActor pid=14737)[0m /home/bax9142/federated-edge-learning/.venv/lib64/python3.13/site-packages/sklearn/metrics/_ranking.py:424: UndefinedMetricWarning: Only one class is present in y_true. ROC AUC score is not defined in that case.
[36m(ClientAppActor pid=14737)[0m   warnings.warn(
[36m(ClientAppActor pid=14760)[0m /home/bax9142/federated-edge-learning/.venv/lib64/python3.13/site-packages/sklearn/metrics/_ranking.py:424: UndefinedMetricWarning: Only one class is present in y_true. ROC AUC score is not defined in that case.
[36m(ClientAppActor pid=14760)[0m   warnings.warn(
[36m(ClientAppActor pid=13768)[0m /home/bax9142/federated-edge-learning/.venv/lib64/python3.13/site-packages/sklearn/metrics/_ranking.py:424: UndefinedMetricWarning: Only one class is present in y_true. ROC AUC score is not defined in that case.[32m [repeated 29x across cluster][0m
[36m(ClientAppActor pid=13768)[0m   warnings.warn([32m [repeated 29x across cluster][0m
[36m(ClientAppActor pid=13771)[0m /home/bax9142/federated-edge-learning/.venv/lib64/python3.13/site-packages/sklearn/metrics/_ranking.py:424: UndefinedMetricWarning: Only one class is present in y_true. ROC AUC score is not defined in that case.[32m [repeated 38x across cluster][0m
[36m(ClientAppActor pid=13771)[0m   warnings.warn([32m [repeated 38x across cluster][0m
[36m(ClientAppActor pid=13782)[0m /home/bax9142/federated-edge-learning/.venv/lib64/python3.13/site-packages/sklearn/metrics/_ranking.py:424: UndefinedMetricWarning: Only one class is present in y_true. ROC AUC score is not defined in that case.[32m [repeated 40x across cluster][0m
[36m(ClientAppActor pid=13782)[0m   warnings.warn([32m [repeated 40x across cluster][0m
[36m(ClientAppActor pid=14790)[0m /home/bax9142/federated-edge-learning/.venv/lib64/python3.13/site-packages/sklearn/metrics/_ranking.py:424: UndefinedMetricWarning: Only one class is present in y_true. ROC AUC score is not defined in that case.[32m [repeated 45x across cluster][0m
[36m(ClientAppActor pid=14790)[0m   warnings.warn([32m [repeated 45x across cluster][0m
[36m(ClientAppActor pid=14751)[0m /home/bax9142/federated-edge-learning/.venv/lib64/python3.13/site-packages/sklearn/metrics/_ranking.py:424: UndefinedMetricWarning: Only one class is present in y_true. ROC AUC score is not defined in that case.[32m [repeated 42x across cluster][0m
[36m(ClientAppActor pid=14751)[0m   warnings.warn([32m [repeated 42x across cluster][0m
[36m(ClientAppActor pid=13766)[0m /home/bax9142/federated-edge-learning/.venv/lib64/python3.13/site-packages/sklearn/metrics/_ranking.py:424: UndefinedMetricWarning: Only one class is present in y_true. ROC AUC score is not defined in that case.[32m [repeated 40x across cluster][0m
[36m(ClientAppActor pid=13766)[0m   warnings.warn([32m [repeated 40x across cluster][0m
[36m(ClientAppActor pid=13769)[0m /home/bax9142/federated-edge-learning/.venv/lib64/python3.13/site-packages/sklearn/metrics/_ranking.py:424: UndefinedMetricWarning: Only one class is present in y_true. ROC AUC score is not defined in that case.[32m [repeated 43x across cluster][0m
[36m(ClientAppActor pid=13769)[0m   warnings.warn([32m [repeated 43x across cluster][0m


🎯 Multi-Threshold Aggregation:
   ═══════════════════════════════════════════════
   Evaluated 10 thresholds:
     • Thr=0.30: Recall=0.940, Spec=0.250, F1=0.286
     • Thr=0.35: Recall=0.910, Spec=0.319, F1=0.298
     • Thr=0.40: Recall=0.871, Spec=0.378, F1=0.305
   ...

   BEST Threshold: 0.50
     • Recall:      0.775
     • Specificity: 0.510
     • F1-Score:    0.323
     • Score:       0.618
   ═══════════════════════════════════════════════

⚠️  No rounds meet spec≥0.7, using recall filter only
 4 Pareto-optimal rounds (not dominated in recall & spec)

🎯 SELECTED ROUND 12:
   Recall:     0.775
   Specificity: 0.510
   F1-Score:    0.323
   Stability:   1.000
   Alerts/1000: 529.3
   Composite:   0.628


✅ Round 12 is NEW BEST - Saving checkpoint...
   💾 Checkpoint saved: result/splits_iid_scaling/splits_iid_2048_clients.json/multi_thr/model_round_12.pt
⚠️  No rounds meet spec≥0.7, using recall filter only
 4 Pareto-optimal rounds (not dominated in recall & spec)

🎯 SELECTED ROUND 12:
   Recall:     0.775
   Specificity: 0.510
   F1-Score:    0.323
   Stability:   1.000
   Alerts/1000: 529.3
   Composite:   0.628

   💾 Best model saved: result/splits_iid_scaling/splits_iid_2048_clients.json/multi_thr/model_round_12.pt
   📊 Metrics saved: result/splits_iid_scaling/splits_iid_2048_clients.json/multi_thr/run_1.json
[36m(ClientAppActor pid=14765)[0m [Client 74] Data split:[32m [repeated 218x across cluster][0m
[36m(ClientAppActor pid=14765)[0m    Train:      87 samples (client-local)[32m [repeated 218x across cluster][0m
[36m(ClientAppActor pid=14765)[0m    Validation: 12 samples (client-local)[32m [repeated 218x across cluster][0m
[36m(ClientAppActor pid=14765)[0m    Test:       50737 samples (global, shared)[32m [repeated 218x across cluster][0m
[36m(ClientAppActor pid=13765)[0m [Client 1262] Data split:[32m [repeated 258x across cluster][0m
[36m(ClientAppActor pid=13765)[0m    Train:      87 samples (client-local)[32m [repeated 258x across cluster][0m
[36m(ClientAppActor pid=13765)[0m    Validation: 12 samples (client-local)[32m [repeated 258x across cluster][0m
[36m(ClientAppActor pid=13765)[0m    Test:       50737 samples (global, shared)[32m [repeated 258x across cluster][0m
[36m(ClientAppActor pid=13767)[0m [Client 197] Data split:[32m [repeated 252x across cluster][0m
[36m(ClientAppActor pid=13767)[0m    Train:      87 samples (client-local)[32m [repeated 252x across cluster][0m
[36m(ClientAppActor pid=13767)[0m    Validation: 12 samples (client-local)[32m [repeated 252x across cluster][0m
[36m(ClientAppActor pid=13767)[0m    Test:       50737 samples (global, shared)[32m [repeated 252x across cluster][0m
[36m(ClientAppActor pid=14737)[0m [Client 788] Data split:[32m [repeated 257x across cluster][0m
[36m(ClientAppActor pid=14737)[0m    Train:      87 samples (client-local)[32m [repeated 257x across cluster][0m
[36m(ClientAppActor pid=14737)[0m    Validation: 12 samples (client-local)[32m [repeated 257x across cluster][0m
[36m(ClientAppActor pid=14737)[0m    Test:       50737 samples (global, shared)[32m [repeated 257x across cluster][0m
[36m(ClientAppActor pid=13767)[0m [Client 1323] Data split:[32m [repeated 254x across cluster][0m
[36m(ClientAppActor pid=13767)[0m    Train:      87 samples (client-local)[32m [repeated 254x across cluster][0m
[36m(ClientAppActor pid=13767)[0m    Validation: 12 samples (client-local)[32m [repeated 254x across cluster][0m
[36m(ClientAppActor pid=13767)[0m    Test:       50737 samples (global, shared)[32m [repeated 254x across cluster][0m
[36m(ClientAppActor pid=13765)[0m [Client 47] Data split:[32m [repeated 251x across cluster][0m
[36m(ClientAppActor pid=13765)[0m    Train:      87 samples (client-local)[32m [repeated 251x across cluster][0m
[36m(ClientAppActor pid=13765)[0m    Validation: 12 samples (client-local)[32m [repeated 251x across cluster][0m
[36m(ClientAppActor pid=13765)[0m    Test:       50737 samples (global, shared)[32m [repeated 251x across cluster][0m
[36m(ClientAppActor pid=14737)[0m [Client 564] Data split:[32m [repeated 252x across cluster][0m
[36m(ClientAppActor pid=14737)[0m    Train:      87 samples (client-local)[32m [repeated 252x across cluster][0m
[36m(ClientAppActor pid=14737)[0m    Validation: 12 samples (client-local)[32m [repeated 252x across cluster][0m
[36m(ClientAppActor pid=14737)[0m    Test:       50737 samples (global, shared)[32m [repeated 252x across cluster][0m
[36m(ClientAppActor pid=12033)[0m [Client 1380] Data split:[32m [repeated 186x across cluster][0m
[36m(ClientAppActor pid=12033)[0m    Train:      87 samples (client-local)[32m [repeated 186x across cluster][0m
[36m(ClientAppActor pid=12033)[0m    Validation: 12 samples (client-local)[32m [repeated 186x across cluster][0m
[36m(ClientAppActor pid=12033)[0m    Test:       50737 samples (global, shared)[32m [repeated 186x across cluster][0m
[36m(ClientAppActor pid=13766)[0m [Client 1859] Data split:[32m [repeated 249x across cluster][0m
[36m(ClientAppActor pid=13766)[0m    Train:      86 samples (client-local)[32m [repeated 249x across cluster][0m
[36m(ClientAppActor pid=13766)[0m    Validation: 12 samples (client-local)[32m [repeated 249x across cluster][0m
[36m(ClientAppActor pid=13766)[0m    Test:       50737 samples (global, shared)[32m [repeated 249x across cluster][0m
[36m(ClientAppActor pid=13767)[0m [Client 1385] Data split:[32m [repeated 251x across cluster][0m
[36m(ClientAppActor pid=13767)[0m    Train:      87 samples (client-local)[32m [repeated 251x across cluster][0m
[36m(ClientAppActor pid=13767)[0m    Validation: 12 samples (client-local)[32m [repeated 251x across cluster][0m
[36m(ClientAppActor pid=13767)[0m    Test:       50737 samples (global, shared)[32m [repeated 251x across cluster][0m
[36m(ClientAppActor pid=13767)[0m [Client 1454] Data split:[32m [repeated 250x across cluster][0m
[36m(ClientAppActor pid=13767)[0m    Train:      86 samples (client-local)[32m [repeated 250x across cluster][0m
[36m(ClientAppActor pid=13767)[0m    Validation: 12 samples (client-local)[32m [repeated 250x across cluster][0m
[36m(ClientAppActor pid=13767)[0m    Test:       50737 samples (global, shared)[32m [repeated 250x across cluster][0m
[36m(ClientAppActor pid=13795)[0m [Client 408] Data split:[32m [repeated 269x across cluster][0m
[36m(ClientAppActor pid=13795)[0m    Train:      87 samples (client-local)[32m [repeated 269x across cluster][0m
[36m(ClientAppActor pid=13795)[0m    Validation: 12 samples (client-local)[32m [repeated 269x across cluster][0m
[36m(ClientAppActor pid=13795)[0m    Test:       50737 samples (global, shared)[32m [repeated 269x across cluster][0m
[36m(ClientAppActor pid=14779)[0m 
[36m(ClientAppActor pid=13765)[0m [Client 979] Data split:[32m [repeated 257x across cluster][0m
[36m(ClientAppActor pid=13765)[0m    Train:      87 samples (client-local)[32m [repeated 257x across cluster][0m
[36m(ClientAppActor pid=13765)[0m    Validation: 12 samples (client-local)[32m [repeated 257x across cluster][0m
[36m(ClientAppActor pid=13765)[0m    Test:       50737 samples (global, shared)[32m [repeated 257x across cluster][0m
[36m(ClientAppActor pid=13767)[0m [Client 1736] Data split:[32m [repeated 258x across cluster][0m
[36m(ClientAppActor pid=13767)[0m    Train:      86 samples (client-local)[32m [repeated 258x across cluster][0m
[36m(ClientAppActor pid=13767)[0m    Validation: 12 samples (client-local)[32m [repeated 258x across cluster][0m
[36m(ClientAppActor pid=13767)[0m    Test:       50737 samples (global, shared)[32m [repeated 258x across cluster][0m
[36m(ClientAppActor pid=12033)[0m [Client 598] Data split:[32m [repeated 262x across cluster][0m
[36m(ClientAppActor pid=12033)[0m    Train:      87 samples (client-local)[32m [repeated 262x across cluster][0m[92mINFO [0m:      aggregate_evaluate: received 2048 results and 0 failures
[92mINFO [0m:      
[92mINFO [0m:      [ROUND 14]
[92mINFO [0m:      configure_fit: strategy sampled 1638 clients (out of 2048)
[92mINFO [0m:      aggregate_fit: received 1638 results and 0 failures
[92mINFO [0m:      configure_evaluate: strategy sampled 2048 clients (out of 2048)
[36m(ClientAppActor pid=14756)[0m /home/bax9142/federated-edge-learning/.venv/lib64/python3.13/site-packages/sklearn/metrics/_ranking.py:424: UndefinedMetricWarning: Only one class is present in y_true. ROC AUC score is not defined in that case.[32m [repeated 44x across cluster][0m
[36m(ClientAppActor pid=14756)[0m   warnings.warn([32m [repeated 44x across cluster][0m
[36m(ClientAppActor pid=13769)[0m /home/bax9142/federated-edge-learning/.venv/lib64/python3.13/site-packages/sklearn/metrics/_ranking.py:424: UndefinedMetricWarning: Only one class is present in y_true. ROC AUC score is not defined in that case.[32m [repeated 33x across cluster][0m
[36m(ClientAppActor pid=13769)[0m   warnings.warn([32m [repeated 33x across cluster][0m
[36m(ClientAppActor pid=14774)[0m /home/bax9142/federated-edge-learning/.venv/lib64/python3.13/site-packages/sklearn/metrics/_ranking.py:424: UndefinedMetricWarning: Only one class is present in y_true. ROC AUC score is not defined in that case.[32m [repeated 38x across cluster][0m
[36m(ClientAppActor pid=14774)[0m   warnings.warn([32m [repeated 38x across cluster][0m
[36m(ClientAppActor pid=14765)[0m /home/bax9142/federated-edge-learning/.venv/lib64/python3.13/site-packages/sklearn/metrics/_ranking.py:424: UndefinedMetricWarning: Only one class is present in y_true. ROC AUC score is not defined in that case.[32m [repeated 33x across cluster][0m
[36m(ClientAppActor pid=14765)[0m   warnings.warn([32m [repeated 33x across cluster][0m
[36m(ClientAppActor pid=13766)[0m /home/bax9142/federated-edge-learning/.venv/lib64/python3.13/site-packages/sklearn/metrics/_ranking.py:424: UndefinedMetricWarning: Only one class is present in y_true. ROC AUC score is not defined in that case.[32m [repeated 46x across cluster][0m
[36m(ClientAppActor pid=13766)[0m   warnings.warn([32m [repeated 46x across cluster][0m
[36m(ClientAppActor pid=14774)[0m /home/bax9142/federated-edge-learning/.venv/lib64/python3.13/site-packages/sklearn/metrics/_ranking.py:424: UndefinedMetricWarning: Only one class is present in y_true. ROC AUC score is not defined in that case.[32m [repeated 51x across cluster][0m
[36m(ClientAppActor pid=14774)[0m   warnings.warn([32m [repeated 51x across cluster][0m
[36m(ClientAppActor pid=13795)[0m /home/bax9142/federated-edge-learning/.venv/lib64/python3.13/site-packages/sklearn/metrics/_ranking.py:424: UndefinedMetricWarning: Only one class is present in y_true. ROC AUC score is not defined in that case.[32m [repeated 41x across cluster][0m
[36m(ClientAppActor pid=13795)[0m   warnings.warn([32m [repeated 41x across cluster][0m

[36m(ClientAppActor pid=12033)[0m    Validation: 12 samples (client-local)[32m [repeated 262x across cluster][0m
[36m(ClientAppActor pid=12033)[0m    Test:       50737 samples (global, shared)[32m [repeated 262x across cluster][0m

🎯 Multi-Threshold Aggregation:
   ═══════════════════════════════════════════════
   Evaluated 10 thresholds:
     • Thr=0.30: Recall=0.940, Spec=0.256, F1=0.288
     • Thr=0.35: Recall=0.910, Spec=0.322, F1=0.299
     • Thr=0.40: Recall=0.874, Spec=0.382, F1=0.307
   ...

   BEST Threshold: 0.50
     • Recall:      0.777
     • Specificity: 0.514
     • F1-Score:    0.325
     • Score:       0.621
   ═══════════════════════════════════════════════

⚠️  No rounds meet spec≥0.7, using recall filter only
 3 Pareto-optimal rounds (not dominated in recall & spec)

🎯 SELECTED ROUND 13:
   Recall:     0.777
   Specificity: 0.514
   F1-Score:    0.325
   Stability:   1.000
   Alerts/1000: 526.2
   Composite:   0.630


✅ Round 13 is NEW BEST - Saving checkpoint...
   💾 Checkpoint saved: result/splits_iid_scaling/splits_iid_2048_clients.json/multi_thr/model_round_13.pt
⚠️  No rounds meet spec≥0.7, using recall filter only
 3 Pareto-optimal rounds (not dominated in recall & spec)

🎯 SELECTED ROUND 13:
   Recall:     0.777
   Specificity: 0.514
   F1-Score:    0.325
   Stability:   1.000
   Alerts/1000: 526.2
   Composite:   0.630

   💾 Best model saved: result/splits_iid_scaling/splits_iid_2048_clients.json/multi_thr/model_round_13.pt
   📊 Metrics saved: result/splits_iid_scaling/splits_iid_2048_clients.json/multi_thr/run_1.json
[36m(ClientAppActor pid=13764)[0m [Client 1411] Data split:[32m [repeated 243x across cluster][0m
[36m(ClientAppActor pid=13764)[0m    Train:      87 samples (client-local)[32m [repeated 243x across cluster][0m
[36m(ClientAppActor pid=13764)[0m    Validation: 12 samples (client-local)[32m [repeated 243x across cluster][0m
[36m(ClientAppActor pid=13764)[0m    Test:       50737 samples (global, shared)[32m [repeated 243x across cluster][0m
[36m(ClientAppActor pid=13764)[0m [Client 405] Data split:[32m [repeated 247x across cluster][0m
[36m(ClientAppActor pid=13764)[0m    Train:      87 samples (client-local)[32m [repeated 247x across cluster][0m
[36m(ClientAppActor pid=13764)[0m    Validation: 12 samples (client-local)[32m [repeated 247x across cluster][0m
[36m(ClientAppActor pid=13764)[0m    Test:       50737 samples (global, shared)[32m [repeated 247x across cluster][0m
[36m(ClientAppActor pid=12033)[0m [Client 946] Data split:[32m [repeated 248x across cluster][0m
[36m(ClientAppActor pid=12033)[0m    Train:      87 samples (client-local)[32m [repeated 248x across cluster][0m
[36m(ClientAppActor pid=12033)[0m    Validation: 12 samples (client-local)[32m [repeated 248x across cluster][0m
[36m(ClientAppActor pid=12033)[0m    Test:       50737 samples (global, shared)[32m [repeated 248x across cluster][0m
[36m(ClientAppActor pid=12033)[0m [Client 116] Data split:[32m [repeated 257x across cluster][0m
[36m(ClientAppActor pid=12033)[0m    Train:      87 samples (client-local)[32m [repeated 257x across cluster][0m
[36m(ClientAppActor pid=12033)[0m    Validation: 12 samples (client-local)[32m [repeated 257x across cluster][0m
[36m(ClientAppActor pid=12033)[0m    Test:       50737 samples (global, shared)[32m [repeated 257x across cluster][0m
[36m(ClientAppActor pid=13764)[0m [Client 582] Data split:[32m [repeated 243x across cluster][0m
[36m(ClientAppActor pid=13764)[0m    Train:      87 samples (client-local)[32m [repeated 243x across cluster][0m
[36m(ClientAppActor pid=13764)[0m    Validation: 12 samples (client-local)[32m [repeated 243x across cluster][0m
[36m(ClientAppActor pid=13764)[0m    Test:       50737 samples (global, shared)[32m [repeated 243x across cluster][0m
[36m(ClientAppActor pid=13764)[0m [Client 4] Data split:[32m [repeated 263x across cluster][0m
[36m(ClientAppActor pid=13764)[0m    Train:      87 samples (client-local)[32m [repeated 263x across cluster][0m
[36m(ClientAppActor pid=13764)[0m    Validation: 12 samples (client-local)[32m [repeated 263x across cluster][0m
[36m(ClientAppActor pid=13764)[0m    Test:       50737 samples (global, shared)[32m [repeated 263x across cluster][0m
[36m(ClientAppActor pid=13764)[0m [Client 1600] Data split:[32m [repeated 249x across cluster][0m
[36m(ClientAppActor pid=13764)[0m    Train:      86 samples (client-local)[32m [repeated 249x across cluster][0m
[36m(ClientAppActor pid=13764)[0m    Validation: 12 samples (client-local)[32m [repeated 249x across cluster][0m
[36m(ClientAppActor pid=13764)[0m    Test:       50737 samples (global, shared)[32m [repeated 249x across cluster][0m
[36m(ClientAppActor pid=14794)[0m [Client 33] Data split:[32m [repeated 178x across cluster][0m
[36m(ClientAppActor pid=14794)[0m    Train:      87 samples (client-local)[32m [repeated 178x across cluster][0m
[36m(ClientAppActor pid=14794)[0m    Validation: 12 samples (client-local)[32m [repeated 178x across cluster][0m
[36m(ClientAppActor pid=14794)[0m    Test:       50737 samples (global, shared)[32m [repeated 178x across cluster][0m
[36m(ClientAppActor pid=13768)[0m [Client 101] Data split:[32m [repeated 256x across cluster][0m
[36m(ClientAppActor pid=13768)[0m    Train:      87 samples (client-local)[32m [repeated 256x across cluster][0m
[36m(ClientAppActor pid=13768)[0m    Validation: 12 samples (client-local)[32m [repeated 256x across cluster][0m
[36m(ClientAppActor pid=13768)[0m    Test:       50737 samples (global, shared)[32m [repeated 256x across cluster][0m
[36m(ClientAppActor pid=13766)[0m [Client 213] Data split:[32m [repeated 262x across cluster][0m
[36m(ClientAppActor pid=13766)[0m    Train:      87 samples (client-local)[32m [repeated 262x across cluster][0m
[36m(ClientAppActor pid=13766)[0m    Validation: 12 samples (client-local)[32m [repeated 262x across cluster][0m
[36m(ClientAppActor pid=13766)[0m    Test:       50737 samples (global, shared)[32m [repeated 262x across cluster][0m
[36m(ClientAppActor pid=13769)[0m [Client 1650] Data split:[32m [repeated 251x across cluster][0m
[36m(ClientAppActor pid=13769)[0m    Train:      86 samples (client-local)[32m [repeated 251x across cluster][0m
[36m(ClientAppActor pid=13769)[0m    Validation: 12 samples (client-local)[32m [repeated 251x across cluster][0m
[36m(ClientAppActor pid=13769)[0m    Test:       50737 samples (global, shared)[32m [repeated 251x across cluster][0m
[36m(ClientAppActor pid=13768)[0m [Client 416] Data split:[32m [repeated 250x across cluster][0m
[36m(ClientAppActor pid=13768)[0m    Train:      87 samples (client-local)[32m [repeated 250x across cluster][0m
[36m(ClientAppActor pid=13768)[0m    Validation: 12 samples (client-local)[32m [repeated 250x across cluster][0m
[36m(ClientAppActor pid=13768)[0m    Test:       50737 samples (global, shared)[32m [repeated 250x across cluster][0m
[36m(ClientAppActor pid=13765)[0m [Client 2008] Data split:[32m [repeated 268x across cluster][0m
[36m(ClientAppActor pid=13765)[0m    Train:      86 samples (client-local)[32m [repeated 268x across cluster][0m
[36m(ClientAppActor pid=13765)[0m    Validation: 12 samples (client-local)[32m [repeated 268x across cluster][0m
[36m(ClientAppActor pid=13765)[0m    Test:       50737 samples (global, shared)[32m [repeated 268x across cluster][0m
[36m(ClientAppActor pid=13793)[0m [Client 1283] Data split:[32m [repeated 250x across cluster][0m
[36m(ClientAppActor pid=13793)[0m    Train:      87 samples (client-local)[32m [repeated 250x across cluster][0m
[36m(ClientAppActor pid=13793)[0m    Validation: 12 samples (client-local)[32m [repeated 250x across cluster][0m
[36m(ClientAppActor pid=13793)[0m    Test:       50737 samples (global, shared)[32m [repeated 250x across cluster][0m[36m(ClientAppActor pid=13793)[0m /home/bax9142/federated-edge-learning/.venv/lib64/python3.13/site-packages/sklearn/metrics/_ranking.py:424: UndefinedMetricWarning: Only one class is present in y_true. ROC AUC score is not defined in that case.[32m [repeated 39x across cluster][0m
[36m(ClientAppActor pid=13793)[0m   warnings.warn([32m [repeated 39x across cluster][0m
[92mINFO [0m:      aggregate_evaluate: received 2048 results and 0 failures
[92mINFO [0m:      
[92mINFO [0m:      [ROUND 15]
[92mINFO [0m:      configure_fit: strategy sampled 1638 clients (out of 2048)
[92mINFO [0m:      aggregate_fit: received 1638 results and 0 failures
[92mINFO [0m:      configure_evaluate: strategy sampled 2048 clients (out of 2048)
[36m(ClientAppActor pid=13763)[0m /home/bax9142/federated-edge-learning/.venv/lib64/python3.13/site-packages/sklearn/metrics/_ranking.py:424: UndefinedMetricWarning: Only one class is present in y_true. ROC AUC score is not defined in that case.[32m [repeated 41x across cluster][0m
[36m(ClientAppActor pid=13763)[0m   warnings.warn([32m [repeated 41x across cluster][0m
[36m(ClientAppActor pid=13771)[0m /home/bax9142/federated-edge-learning/.venv/lib64/python3.13/site-packages/sklearn/metrics/_ranking.py:424: UndefinedMetricWarning: Only one class is present in y_true. ROC AUC score is not defined in that case.[32m [repeated 28x across cluster][0m
[36m(ClientAppActor pid=13771)[0m   warnings.warn([32m [repeated 28x across cluster][0m
[36m(ClientAppActor pid=13768)[0m /home/bax9142/federated-edge-learning/.venv/lib64/python3.13/site-packages/sklearn/metrics/_ranking.py:424: UndefinedMetricWarning: Only one class is present in y_true. ROC AUC score is not defined in that case.[32m [repeated 50x across cluster][0m
[36m(ClientAppActor pid=13768)[0m   warnings.warn([32m [repeated 50x across cluster][0m
[36m(ClientAppActor pid=13769)[0m /home/bax9142/federated-edge-learning/.venv/lib64/python3.13/site-packages/sklearn/metrics/_ranking.py:424: UndefinedMetricWarning: Only one class is present in y_true. ROC AUC score is not defined in that case.[32m [repeated 42x across cluster][0m
[36m(ClientAppActor pid=13769)[0m   warnings.warn([32m [repeated 42x across cluster][0m
[36m(ClientAppActor pid=13765)[0m /home/bax9142/federated-edge-learning/.venv/lib64/python3.13/site-packages/sklearn/metrics/_ranking.py:424: UndefinedMetricWarning: Only one class is present in y_true. ROC AUC score is not defined in that case.[32m [repeated 40x across cluster][0m
[36m(ClientAppActor pid=13765)[0m   warnings.warn([32m [repeated 40x across cluster][0m
[36m(ClientAppActor pid=13766)[0m /home/bax9142/federated-edge-learning/.venv/lib64/python3.13/site-packages/sklearn/metrics/_ranking.py:424: UndefinedMetricWarning: Only one class is present in y_true. ROC AUC score is not defined in that case.[32m [repeated 41x across cluster][0m
[36m(ClientAppActor pid=13766)[0m   warnings.warn([32m [repeated 41x across cluster][0m
[36m(ClientAppActor pid=13765)[0m /home/bax9142/federated-edge-learning/.venv/lib64/python3.13/site-packages/sklearn/metrics/_ranking.py:424: UndefinedMetricWarning: Only one class is present in y_true. ROC AUC score is not defined in that case.[32m [repeated 33x across cluster][0m
[36m(ClientAppActor pid=13765)[0m   warnings.warn([32m [repeated 33x across cluster][0m

[36m(ClientAppActor pid=13776)[0m [Client 2014] Data split:[32m [repeated 253x across cluster][0m
[36m(ClientAppActor pid=13776)[0m    Train:      86 samples (client-local)[32m [repeated 253x across cluster][0m
[36m(ClientAppActor pid=13776)[0m    Validation: 12 samples (client-local)[32m [repeated 253x across cluster][0m
[36m(ClientAppActor pid=13776)[0m    Test:       50737 samples (global, shared)[32m [repeated 253x across cluster][0m

🎯 Multi-Threshold Aggregation:
   ═══════════════════════════════════════════════
   Evaluated 10 thresholds:
     • Thr=0.30: Recall=0.940, Spec=0.261, F1=0.289
     • Thr=0.35: Recall=0.911, Spec=0.327, F1=0.300
     • Thr=0.40: Recall=0.875, Spec=0.385, F1=0.309
   ...

   BEST Threshold: 0.50
     • Recall:      0.780
     • Specificity: 0.516
     • F1-Score:    0.327
     • Score:       0.623
   ═══════════════════════════════════════════════

⚠️  No rounds meet spec≥0.7, using recall filter only
 3 Pareto-optimal rounds (not dominated in recall & spec)

🎯 SELECTED ROUND 14:
   Recall:     0.780
   Specificity: 0.516
   F1-Score:    0.327
   Stability:   1.000
   Alerts/1000: 525.0
   Composite:   0.632


✅ Round 14 is NEW BEST - Saving checkpoint...
   💾 Checkpoint saved: result/splits_iid_scaling/splits_iid_2048_clients.json/multi_thr/model_round_14.pt
⚠️  No rounds meet spec≥0.7, using recall filter only
 3 Pareto-optimal rounds (not dominated in recall & spec)

🎯 SELECTED ROUND 14:
   Recall:     0.780
   Specificity: 0.516
   F1-Score:    0.327
   Stability:   1.000
   Alerts/1000: 525.0
   Composite:   0.632

   💾 Best model saved: result/splits_iid_scaling/splits_iid_2048_clients.json/multi_thr/model_round_14.pt
   📊 Metrics saved: result/splits_iid_scaling/splits_iid_2048_clients.json/multi_thr/run_1.json
[36m(ClientAppActor pid=13789)[0m [Client 1085] Data split:[32m [repeated 230x across cluster][0m
[36m(ClientAppActor pid=13789)[0m    Train:      87 samples (client-local)[32m [repeated 230x across cluster][0m
[36m(ClientAppActor pid=13789)[0m    Validation: 12 samples (client-local)[32m [repeated 230x across cluster][0m
[36m(ClientAppActor pid=13789)[0m    Test:       50737 samples (global, shared)[32m [repeated 230x across cluster][0m
[36m(ClientAppActor pid=13767)[0m [Client 307] Data split:[32m [repeated 251x across cluster][0m
[36m(ClientAppActor pid=13767)[0m    Train:      87 samples (client-local)[32m [repeated 251x across cluster][0m
[36m(ClientAppActor pid=13767)[0m    Validation: 12 samples (client-local)[32m [repeated 251x across cluster][0m
[36m(ClientAppActor pid=13767)[0m    Test:       50737 samples (global, shared)[32m [repeated 251x across cluster][0m
[36m(ClientAppActor pid=13769)[0m [Client 1519] Data split:[32m [repeated 267x across cluster][0m
[36m(ClientAppActor pid=13769)[0m    Train:      86 samples (client-local)[32m [repeated 267x across cluster][0m
[36m(ClientAppActor pid=13769)[0m    Validation: 12 samples (client-local)[32m [repeated 267x across cluster][0m
[36m(ClientAppActor pid=13769)[0m    Test:       50737 samples (global, shared)[32m [repeated 267x across cluster][0m
[36m(ClientAppActor pid=13763)[0m [Client 589] Data split:[32m [repeated 255x across cluster][0m
[36m(ClientAppActor pid=13763)[0m    Train:      87 samples (client-local)[32m [repeated 255x across cluster][0m
[36m(ClientAppActor pid=13763)[0m    Validation: 12 samples (client-local)[32m [repeated 255x across cluster][0m
[36m(ClientAppActor pid=13763)[0m    Test:       50737 samples (global, shared)[32m [repeated 255x across cluster][0m
[36m(ClientAppActor pid=13766)[0m [Client 161] Data split:[32m [repeated 248x across cluster][0m
[36m(ClientAppActor pid=13766)[0m    Train:      87 samples (client-local)[32m [repeated 248x across cluster][0m
[36m(ClientAppActor pid=13766)[0m    Validation: 12 samples (client-local)[32m [repeated 248x across cluster][0m
[36m(ClientAppActor pid=13766)[0m    Test:       50737 samples (global, shared)[32m [repeated 248x across cluster][0m
[36m(ClientAppActor pid=13768)[0m [Client 1434] Data split:[32m [repeated 256x across cluster][0m
[36m(ClientAppActor pid=13768)[0m    Train:      87 samples (client-local)[32m [repeated 256x across cluster][0m
[36m(ClientAppActor pid=13768)[0m    Validation: 12 samples (client-local)[32m [repeated 256x across cluster][0m
[36m(ClientAppActor pid=13768)[0m    Test:       50737 samples (global, shared)[32m [repeated 256x across cluster][0m
[36m(ClientAppActor pid=13767)[0m [Client 61] Data split:[32m [repeated 231x across cluster][0m
[36m(ClientAppActor pid=13767)[0m    Train:      87 samples (client-local)[32m [repeated 231x across cluster][0m
[36m(ClientAppActor pid=13767)[0m    Validation: 12 samples (client-local)[32m [repeated 231x across cluster][0m
[36m(ClientAppActor pid=13767)[0m    Test:       50737 samples (global, shared)[32m [repeated 231x across cluster][0m
[36m(ClientAppActor pid=13764)[0m [Client 1011] Data split:[32m [repeated 243x across cluster][0m
[36m(ClientAppActor pid=13764)[0m    Train:      87 samples (client-local)[32m [repeated 243x across cluster][0m
[36m(ClientAppActor pid=13764)[0m    Validation: 12 samples (client-local)[32m [repeated 243x across cluster][0m
[36m(ClientAppActor pid=13764)[0m    Test:       50737 samples (global, shared)[32m [repeated 243x across cluster][0m
[36m(ClientAppActor pid=12033)[0m [Client 1324] Data split:[32m [repeated 261x across cluster][0m
[36m(ClientAppActor pid=12033)[0m    Train:      87 samples (client-local)[32m [repeated 261x across cluster][0m
[36m(ClientAppActor pid=12033)[0m    Validation: 12 samples (client-local)[32m [repeated 261x across cluster][0m
[36m(ClientAppActor pid=12033)[0m    Test:       50737 samples (global, shared)[32m [repeated 261x across cluster][0m
[36m(ClientAppActor pid=13768)[0m [Client 719] Data split:[32m [repeated 255x across cluster][0m
[36m(ClientAppActor pid=13768)[0m    Train:      87 samples (client-local)[32m [repeated 255x across cluster][0m
[36m(ClientAppActor pid=13768)[0m    Validation: 12 samples (client-local)[32m [repeated 255x across cluster][0m
[36m(ClientAppActor pid=13768)[0m    Test:       50737 samples (global, shared)[32m [repeated 255x across cluster][0m
[36m(ClientAppActor pid=14737)[0m [Client 201] Data split:[32m [repeated 268x across cluster][0m
[36m(ClientAppActor pid=14737)[0m    Train:      87 samples (client-local)[32m [repeated 268x across cluster][0m
[36m(ClientAppActor pid=14737)[0m    Validation: 12 samples (client-local)[32m [repeated 268x across cluster][0m
[36m(ClientAppActor pid=14737)[0m    Test:       50737 samples (global, shared)[32m [repeated 268x across cluster][0m
[36m(ClientAppActor pid=13764)[0m [Client 1800] Data split:[32m [repeated 252x across cluster][0m
[36m(ClientAppActor pid=13764)[0m    Train:      86 samples (client-local)[32m [repeated 252x across cluster][0m
[36m(ClientAppActor pid=13764)[0m    Validation: 12 samples (client-local)[32m [repeated 252x across cluster][0m
[36m(ClientAppActor pid=13764)[0m    Test:       50737 samples (global, shared)[32m [repeated 252x across cluster][0m
[36m(ClientAppActor pid=13765)[0m [Client 1605] Data split:[32m [repeated 252x across cluster][0m
[36m(ClientAppActor pid=13765)[0m    Train:      86 samples (client-local)[32m [repeated 252x across cluster][0m
[36m(ClientAppActor pid=13765)[0m    Validation: 12 samples (client-local)[32m [repeated 252x across cluster][0m
[36m(ClientAppActor pid=13765)[0m    Test:       50737 samples (global, shared)[32m [repeated 252x across cluster][0m
[36m(ClientAppActor pid=13765)[0m [Client 1224] Data split:[32m [repeated 255x across cluster][0m
[36m(ClientAppActor pid=13765)[0m    Train:      87 samples (client-local)[32m [repeated 255x across cluster][0m[36m(ClientAppActor pid=13763)[0m /home/bax9142/federated-edge-learning/.venv/lib64/python3.13/site-packages/sklearn/metrics/_ranking.py:424: UndefinedMetricWarning: Only one class is present in y_true. ROC AUC score is not defined in that case.[32m [repeated 39x across cluster][0m
[36m(ClientAppActor pid=13763)[0m   warnings.warn([32m [repeated 39x across cluster][0m
[92mINFO [0m:      aggregate_evaluate: received 2048 results and 0 failures
[92mINFO [0m:      
[92mINFO [0m:      [ROUND 16]
[92mINFO [0m:      configure_fit: strategy sampled 1638 clients (out of 2048)
[92mINFO [0m:      aggregate_fit: received 1638 results and 0 failures
[92mINFO [0m:      configure_evaluate: strategy sampled 2048 clients (out of 2048)
[36m(ClientAppActor pid=13769)[0m /home/bax9142/federated-edge-learning/.venv/lib64/python3.13/site-packages/sklearn/metrics/_ranking.py:424: UndefinedMetricWarning: Only one class is present in y_true. ROC AUC score is not defined in that case.[32m [repeated 49x across cluster][0m
[36m(ClientAppActor pid=13769)[0m   warnings.warn([32m [repeated 49x across cluster][0m
[36m(ClientAppActor pid=14756)[0m /home/bax9142/federated-edge-learning/.venv/lib64/python3.13/site-packages/sklearn/metrics/_ranking.py:424: UndefinedMetricWarning: Only one class is present in y_true. ROC AUC score is not defined in that case.[32m [repeated 43x across cluster][0m
[36m(ClientAppActor pid=14756)[0m   warnings.warn([32m [repeated 43x across cluster][0m
[36m(ClientAppActor pid=14789)[0m /home/bax9142/federated-edge-learning/.venv/lib64/python3.13/site-packages/sklearn/metrics/_ranking.py:424: UndefinedMetricWarning: Only one class is present in y_true. ROC AUC score is not defined in that case.[32m [repeated 46x across cluster][0m
[36m(ClientAppActor pid=14789)[0m   warnings.warn([32m [repeated 46x across cluster][0m
[36m(ClientAppActor pid=14779)[0m /home/bax9142/federated-edge-learning/.venv/lib64/python3.13/site-packages/sklearn/metrics/_ranking.py:424: UndefinedMetricWarning: Only one class is present in y_true. ROC AUC score is not defined in that case.[32m [repeated 36x across cluster][0m
[36m(ClientAppActor pid=14779)[0m   warnings.warn([32m [repeated 36x across cluster][0m
[36m(ClientAppActor pid=14738)[0m /home/bax9142/federated-edge-learning/.venv/lib64/python3.13/site-packages/sklearn/metrics/_ranking.py:424: UndefinedMetricWarning: Only one class is present in y_true. ROC AUC score is not defined in that case.[32m [repeated 40x across cluster][0m
[36m(ClientAppActor pid=14738)[0m   warnings.warn([32m [repeated 40x across cluster][0m
[36m(ClientAppActor pid=13763)[0m /home/bax9142/federated-edge-learning/.venv/lib64/python3.13/site-packages/sklearn/metrics/_ranking.py:424: UndefinedMetricWarning: Only one class is present in y_true. ROC AUC score is not defined in that case.[32m [repeated 43x across cluster][0m
[36m(ClientAppActor pid=13763)[0m   warnings.warn([32m [repeated 43x across cluster][0m
[36m(ClientAppActor pid=14798)[0m /home/bax9142/federated-edge-learning/.venv/lib64/python3.13/site-packages/sklearn/metrics/_ranking.py:424: UndefinedMetricWarning: Only one class is present in y_true. ROC AUC score is not defined in that case.[32m [repeated 36x across cluster][0m
[36m(ClientAppActor pid=14798)[0m   warnings.warn([32m [repeated 36x across cluster][0m

[36m(ClientAppActor pid=13765)[0m    Validation: 12 samples (client-local)[32m [repeated 255x across cluster][0m
[36m(ClientAppActor pid=13765)[0m    Test:       50737 samples (global, shared)[32m [repeated 255x across cluster][0m
[36m(ClientAppActor pid=12033)[0m [Client 258] Data split:[32m [repeated 252x across cluster][0m
[36m(ClientAppActor pid=12033)[0m    Train:      87 samples (client-local)[32m [repeated 252x across cluster][0m
[36m(ClientAppActor pid=12033)[0m    Validation: 12 samples (client-local)[32m [repeated 252x across cluster][0m
[36m(ClientAppActor pid=12033)[0m    Test:       50737 samples (global, shared)[32m [repeated 252x across cluster][0m

🎯 Multi-Threshold Aggregation:
   ═══════════════════════════════════════════════
   Evaluated 10 thresholds:
     • Thr=0.30: Recall=0.941, Spec=0.267, F1=0.291
     • Thr=0.35: Recall=0.912, Spec=0.331, F1=0.302
     • Thr=0.40: Recall=0.874, Spec=0.390, F1=0.310
   ...

   BEST Threshold: 0.50
     • Recall:      0.781
     • Specificity: 0.520
     • F1-Score:    0.329
     • Score:       0.625
   ═══════════════════════════════════════════════

⚠️  No rounds meet spec≥0.7, using recall filter only
 3 Pareto-optimal rounds (not dominated in recall & spec)

🎯 SELECTED ROUND 15:
   Recall:     0.781
   Specificity: 0.520
   F1-Score:    0.329
   Stability:   1.000
   Alerts/1000: 521.9
   Composite:   0.634


✅ Round 15 is NEW BEST - Saving checkpoint...
   💾 Checkpoint saved: result/splits_iid_scaling/splits_iid_2048_clients.json/multi_thr/model_round_15.pt
⚠️  No rounds meet spec≥0.7, using recall filter only
 3 Pareto-optimal rounds (not dominated in recall & spec)

🎯 SELECTED ROUND 15:
   Recall:     0.781
   Specificity: 0.520
   F1-Score:    0.329
   Stability:   1.000
   Alerts/1000: 521.9
   Composite:   0.634

   💾 Best model saved: result/splits_iid_scaling/splits_iid_2048_clients.json/multi_thr/model_round_15.pt
   📊 Metrics saved: result/splits_iid_scaling/splits_iid_2048_clients.json/multi_thr/run_1.json
[36m(ClientAppActor pid=13764)[0m [Client 1574] Data split:[32m [repeated 226x across cluster][0m
[36m(ClientAppActor pid=13764)[0m    Train:      86 samples (client-local)[32m [repeated 226x across cluster][0m
[36m(ClientAppActor pid=13764)[0m    Validation: 12 samples (client-local)[32m [repeated 226x across cluster][0m
[36m(ClientAppActor pid=13764)[0m    Test:       50737 samples (global, shared)[32m [repeated 226x across cluster][0m
[36m(ClientAppActor pid=13764)[0m [Client 1869] Data split:[32m [repeated 259x across cluster][0m
[36m(ClientAppActor pid=13764)[0m    Train:      86 samples (client-local)[32m [repeated 259x across cluster][0m
[36m(ClientAppActor pid=13764)[0m    Validation: 12 samples (client-local)[32m [repeated 259x across cluster][0m
[36m(ClientAppActor pid=13764)[0m    Test:       50737 samples (global, shared)[32m [repeated 259x across cluster][0m
[36m(ClientAppActor pid=14800)[0m [Client 1797] Data split:[32m [repeated 258x across cluster][0m
[36m(ClientAppActor pid=14800)[0m    Train:      86 samples (client-local)[32m [repeated 258x across cluster][0m
[36m(ClientAppActor pid=14800)[0m    Validation: 12 samples (client-local)[32m [repeated 258x across cluster][0m
[36m(ClientAppActor pid=14800)[0m    Test:       50737 samples (global, shared)[32m [repeated 258x across cluster][0m
[36m(ClientAppActor pid=13765)[0m [Client 424] Data split:[32m [repeated 242x across cluster][0m
[36m(ClientAppActor pid=13765)[0m    Train:      87 samples (client-local)[32m [repeated 242x across cluster][0m
[36m(ClientAppActor pid=13765)[0m    Validation: 12 samples (client-local)[32m [repeated 242x across cluster][0m
[36m(ClientAppActor pid=13765)[0m    Test:       50737 samples (global, shared)[32m [repeated 242x across cluster][0m
[36m(ClientAppActor pid=13763)[0m [Client 861] Data split:[32m [repeated 257x across cluster][0m
[36m(ClientAppActor pid=13763)[0m    Train:      87 samples (client-local)[32m [repeated 257x across cluster][0m
[36m(ClientAppActor pid=13763)[0m    Validation: 12 samples (client-local)[32m [repeated 257x across cluster][0m
[36m(ClientAppActor pid=13763)[0m    Test:       50737 samples (global, shared)[32m [repeated 257x across cluster][0m
[36m(ClientAppActor pid=13764)[0m [Client 1032] Data split:[32m [repeated 251x across cluster][0m
[36m(ClientAppActor pid=13764)[0m    Train:      87 samples (client-local)[32m [repeated 251x across cluster][0m
[36m(ClientAppActor pid=13764)[0m    Validation: 12 samples (client-local)[32m [repeated 251x across cluster][0m
[36m(ClientAppActor pid=13764)[0m    Test:       50737 samples (global, shared)[32m [repeated 251x across cluster][0m
[36m(ClientAppActor pid=13767)[0m [Client 1431] Data split:[32m [repeated 188x across cluster][0m
[36m(ClientAppActor pid=13767)[0m    Train:      87 samples (client-local)[32m [repeated 188x across cluster][0m
[36m(ClientAppActor pid=13767)[0m    Validation: 12 samples (client-local)[32m [repeated 188x across cluster][0m
[36m(ClientAppActor pid=13767)[0m    Test:       50737 samples (global, shared)[32m [repeated 188x across cluster][0m
[36m(ClientAppActor pid=13764)[0m [Client 360] Data split:[32m [repeated 240x across cluster][0m
[36m(ClientAppActor pid=13764)[0m    Train:      87 samples (client-local)[32m [repeated 240x across cluster][0m
[36m(ClientAppActor pid=13764)[0m    Validation: 12 samples (client-local)[32m [repeated 240x across cluster][0m
[36m(ClientAppActor pid=13764)[0m    Test:       50737 samples (global, shared)[32m [repeated 240x across cluster][0m
[36m(ClientAppActor pid=13776)[0m [Client 2003] Data split:[32m [repeated 259x across cluster][0m
[36m(ClientAppActor pid=13776)[0m    Train:      86 samples (client-local)[32m [repeated 259x across cluster][0m
[36m(ClientAppActor pid=13776)[0m    Validation: 12 samples (client-local)[32m [repeated 259x across cluster][0m
[36m(ClientAppActor pid=13776)[0m    Test:       50737 samples (global, shared)[32m [repeated 259x across cluster][0m
[36m(ClientAppActor pid=13768)[0m [Client 1786] Data split:[32m [repeated 251x across cluster][0m
[36m(ClientAppActor pid=13768)[0m    Train:      86 samples (client-local)[32m [repeated 251x across cluster][0m
[36m(ClientAppActor pid=13768)[0m    Validation: 12 samples (client-local)[32m [repeated 251x across cluster][0m
[36m(ClientAppActor pid=13768)[0m    Test:       50737 samples (global, shared)[32m [repeated 251x across cluster][0m
[36m(ClientAppActor pid=13776)[0m [Client 857] Data split:[32m [repeated 249x across cluster][0m
[36m(ClientAppActor pid=13776)[0m    Train:      87 samples (client-local)[32m [repeated 249x across cluster][0m
[36m(ClientAppActor pid=13776)[0m    Validation: 12 samples (client-local)[32m [repeated 249x across cluster][0m
[36m(ClientAppActor pid=13776)[0m    Test:       50737 samples (global, shared)[32m [repeated 249x across cluster][0m
[36m(ClientAppActor pid=14738)[0m [Client 1751] Data split:[32m [repeated 252x across cluster][0m
[36m(ClientAppActor pid=14738)[0m    Train:      86 samples (client-local)[32m [repeated 252x across cluster][0m
[36m(ClientAppActor pid=14738)[0m    Validation: 12 samples (client-local)[32m [repeated 252x across cluster][0m
[36m(ClientAppActor pid=14738)[0m    Test:       50737 samples (global, shared)[32m [repeated 252x across cluster][0m
[36m(ClientAppActor pid=13789)[0m [Client 669] Data split:[32m [repeated 247x across cluster][0m
[36m(ClientAppActor pid=13789)[0m    Train:      87 samples (client-local)[32m [repeated 247x across cluster][0m
[36m(ClientAppActor pid=13789)[0m    Validation: 12 samples (client-local)[32m [repeated 247x across cluster][0m
[36m(ClientAppActor pid=13789)[0m    Test:       50737 samples (global, shared)[32m [repeated 247x across cluster][0m[36m(ClientAppActor pid=14774)[0m /home/bax9142/federated-edge-learning/.venv/lib64/python3.13/site-packages/sklearn/metrics/_ranking.py:424: UndefinedMetricWarning: Only one class is present in y_true. ROC AUC score is not defined in that case.[32m [repeated 38x across cluster][0m
[36m(ClientAppActor pid=14774)[0m   warnings.warn([32m [repeated 38x across cluster][0m
[36m(ClientAppActor pid=13796)[0m /home/bax9142/federated-edge-learning/.venv/lib64/python3.13/site-packages/sklearn/metrics/_ranking.py:424: UndefinedMetricWarning: Only one class is present in y_true. ROC AUC score is not defined in that case.[32m [repeated 38x across cluster][0m
[36m(ClientAppActor pid=13796)[0m   warnings.warn([32m [repeated 38x across cluster][0m
[92mINFO [0m:      aggregate_evaluate: received 2048 results and 0 failures
[92mINFO [0m:      
[92mINFO [0m:      [ROUND 17]
[92mINFO [0m:      configure_fit: strategy sampled 1638 clients (out of 2048)
[92mINFO [0m:      aggregate_fit: received 1638 results and 0 failures
[92mINFO [0m:      configure_evaluate: strategy sampled 2048 clients (out of 2048)
[36m(ClientAppActor pid=13769)[0m /home/bax9142/federated-edge-learning/.venv/lib64/python3.13/site-packages/sklearn/metrics/_ranking.py:424: UndefinedMetricWarning: Only one class is present in y_true. ROC AUC score is not defined in that case.[32m [repeated 2x across cluster][0m
[36m(ClientAppActor pid=13769)[0m   warnings.warn([32m [repeated 2x across cluster][0m
[36m(ClientAppActor pid=13782)[0m /home/bax9142/federated-edge-learning/.venv/lib64/python3.13/site-packages/sklearn/metrics/_ranking.py:424: UndefinedMetricWarning: Only one class is present in y_true. ROC AUC score is not defined in that case.[32m [repeated 31x across cluster][0m
[36m(ClientAppActor pid=13782)[0m   warnings.warn([32m [repeated 31x across cluster][0m
[36m(ClientAppActor pid=14794)[0m /home/bax9142/federated-edge-learning/.venv/lib64/python3.13/site-packages/sklearn/metrics/_ranking.py:424: UndefinedMetricWarning: Only one class is present in y_true. ROC AUC score is not defined in that case.[32m [repeated 33x across cluster][0m
[36m(ClientAppActor pid=14794)[0m   warnings.warn([32m [repeated 33x across cluster][0m
[36m(ClientAppActor pid=13767)[0m /home/bax9142/federated-edge-learning/.venv/lib64/python3.13/site-packages/sklearn/metrics/_ranking.py:424: UndefinedMetricWarning: Only one class is present in y_true. ROC AUC score is not defined in that case.[32m [repeated 41x across cluster][0m
[36m(ClientAppActor pid=13767)[0m   warnings.warn([32m [repeated 41x across cluster][0m
[36m(ClientAppActor pid=14738)[0m /home/bax9142/federated-edge-learning/.venv/lib64/python3.13/site-packages/sklearn/metrics/_ranking.py:424: UndefinedMetricWarning: Only one class is present in y_true. ROC AUC score is not defined in that case.[32m [repeated 39x across cluster][0m
[36m(ClientAppActor pid=14738)[0m   warnings.warn([32m [repeated 39x across cluster][0m
[36m(ClientAppActor pid=14790)[0m /home/bax9142/federated-edge-learning/.venv/lib64/python3.13/site-packages/sklearn/metrics/_ranking.py:424: UndefinedMetricWarning: Only one class is present in y_true. ROC AUC score is not defined in that case.[32m [repeated 51x across cluster][0m
[36m(ClientAppActor pid=14790)[0m   warnings.warn([32m [repeated 51x across cluster][0m

[36m(ClientAppActor pid=14751)[0m [Client 7] Data split:[32m [repeated 255x across cluster][0m
[36m(ClientAppActor pid=14751)[0m    Train:      87 samples (client-local)[32m [repeated 255x across cluster][0m
[36m(ClientAppActor pid=14751)[0m    Validation: 12 samples (client-local)[32m [repeated 255x across cluster][0m
[36m(ClientAppActor pid=14751)[0m    Test:       50737 samples (global, shared)[32m [repeated 255x across cluster][0m
[36m(ClientAppActor pid=13763)[0m [Client 583] Data split:[32m [repeated 249x across cluster][0m
[36m(ClientAppActor pid=13763)[0m    Train:      87 samples (client-local)[32m [repeated 249x across cluster][0m
[36m(ClientAppActor pid=13763)[0m    Validation: 12 samples (client-local)[32m [repeated 249x across cluster][0m
[36m(ClientAppActor pid=13763)[0m    Test:       50737 samples (global, shared)[32m [repeated 249x across cluster][0m

🎯 Multi-Threshold Aggregation:
   ═══════════════════════════════════════════════
   Evaluated 10 thresholds:
     • Thr=0.30: Recall=0.941, Spec=0.272, F1=0.292
     • Thr=0.35: Recall=0.913, Spec=0.336, F1=0.304
     • Thr=0.40: Recall=0.875, Spec=0.393, F1=0.311
   ...

   BEST Threshold: 0.50
     • Recall:      0.783
     • Specificity: 0.522
     • F1-Score:    0.331
     • Score:       0.627
   ═══════════════════════════════════════════════

⚠️  No rounds meet spec≥0.7, using recall filter only
 3 Pareto-optimal rounds (not dominated in recall & spec)

🎯 SELECTED ROUND 16:
   Recall:     0.783
   Specificity: 0.522
   F1-Score:    0.331
   Stability:   1.000
   Alerts/1000: 520.2
   Composite:   0.636


✅ Round 16 is NEW BEST - Saving checkpoint...
   💾 Checkpoint saved: result/splits_iid_scaling/splits_iid_2048_clients.json/multi_thr/model_round_16.pt
⚠️  No rounds meet spec≥0.7, using recall filter only
 3 Pareto-optimal rounds (not dominated in recall & spec)

🎯 SELECTED ROUND 16:
   Recall:     0.783
   Specificity: 0.522
   F1-Score:    0.331
   Stability:   1.000
   Alerts/1000: 520.2
   Composite:   0.636

   💾 Best model saved: result/splits_iid_scaling/splits_iid_2048_clients.json/multi_thr/model_round_16.pt
   📊 Metrics saved: result/splits_iid_scaling/splits_iid_2048_clients.json/multi_thr/run_1.json
[36m(ClientAppActor pid=14751)[0m [Client 162] Data split:[32m [repeated 227x across cluster][0m
[36m(ClientAppActor pid=14751)[0m    Train:      87 samples (client-local)[32m [repeated 227x across cluster][0m
[36m(ClientAppActor pid=14751)[0m    Validation: 12 samples (client-local)[32m [repeated 227x across cluster][0m
[36m(ClientAppActor pid=14751)[0m    Test:       50737 samples (global, shared)[32m [repeated 227x across cluster][0m
[36m(ClientAppActor pid=13767)[0m [Client 1393] Data split:[32m [repeated 251x across cluster][0m
[36m(ClientAppActor pid=13767)[0m    Train:      87 samples (client-local)[32m [repeated 251x across cluster][0m
[36m(ClientAppActor pid=13767)[0m    Validation: 12 samples (client-local)[32m [repeated 251x across cluster][0m
[36m(ClientAppActor pid=13767)[0m    Test:       50737 samples (global, shared)[32m [repeated 251x across cluster][0m
[36m(ClientAppActor pid=14774)[0m [Client 139] Data split:[32m [repeated 259x across cluster][0m
[36m(ClientAppActor pid=14774)[0m    Train:      87 samples (client-local)[32m [repeated 259x across cluster][0m
[36m(ClientAppActor pid=14774)[0m    Validation: 12 samples (client-local)[32m [repeated 259x across cluster][0m
[36m(ClientAppActor pid=14774)[0m    Test:       50737 samples (global, shared)[32m [repeated 259x across cluster][0m
[36m(ClientAppActor pid=13767)[0m [Client 2024] Data split:[32m [repeated 256x across cluster][0m
[36m(ClientAppActor pid=13767)[0m    Train:      86 samples (client-local)[32m [repeated 256x across cluster][0m
[36m(ClientAppActor pid=13767)[0m    Validation: 12 samples (client-local)[32m [repeated 256x across cluster][0m
[36m(ClientAppActor pid=13767)[0m    Test:       50737 samples (global, shared)[32m [repeated 256x across cluster][0m
[36m(ClientAppActor pid=13768)[0m [Client 286] Data split:[32m [repeated 247x across cluster][0m
[36m(ClientAppActor pid=13768)[0m    Train:      87 samples (client-local)[32m [repeated 247x across cluster][0m
[36m(ClientAppActor pid=13768)[0m    Validation: 12 samples (client-local)[32m [repeated 247x across cluster][0m
[36m(ClientAppActor pid=13768)[0m    Test:       50737 samples (global, shared)[32m [repeated 247x across cluster][0m
[36m(ClientAppActor pid=13769)[0m [Client 156] Data split:[32m [repeated 257x across cluster][0m
[36m(ClientAppActor pid=13769)[0m    Train:      87 samples (client-local)[32m [repeated 257x across cluster][0m
[36m(ClientAppActor pid=13769)[0m    Validation: 12 samples (client-local)[32m [repeated 257x across cluster][0m
[36m(ClientAppActor pid=13769)[0m    Test:       50737 samples (global, shared)[32m [repeated 257x across cluster][0m
[36m(ClientAppActor pid=14798)[0m [Client 1753] Data split:[32m [repeated 193x across cluster][0m
[36m(ClientAppActor pid=14798)[0m    Train:      86 samples (client-local)[32m [repeated 193x across cluster][0m
[36m(ClientAppActor pid=14798)[0m    Validation: 12 samples (client-local)[32m [repeated 193x across cluster][0m
[36m(ClientAppActor pid=14798)[0m    Test:       50737 samples (global, shared)[32m [repeated 193x across cluster][0m
[36m(ClientAppActor pid=13782)[0m [Client 266] Data split:[32m [repeated 250x across cluster][0m
[36m(ClientAppActor pid=13782)[0m    Train:      87 samples (client-local)[32m [repeated 250x across cluster][0m
[36m(ClientAppActor pid=13782)[0m    Validation: 12 samples (client-local)[32m [repeated 250x across cluster][0m
[36m(ClientAppActor pid=13782)[0m    Test:       50737 samples (global, shared)[32m [repeated 250x across cluster][0m
[36m(ClientAppActor pid=14756)[0m [Client 220] Data split:[32m [repeated 242x across cluster][0m
[36m(ClientAppActor pid=14756)[0m    Train:      87 samples (client-local)[32m [repeated 242x across cluster][0m
[36m(ClientAppActor pid=14756)[0m    Validation: 12 samples (client-local)[32m [repeated 242x across cluster][0m
[36m(ClientAppActor pid=14756)[0m    Test:       50737 samples (global, shared)[32m [repeated 242x across cluster][0m
[36m(ClientAppActor pid=13769)[0m [Client 971] Data split:[32m [repeated 245x across cluster][0m
[36m(ClientAppActor pid=13769)[0m    Train:      87 samples (client-local)[32m [repeated 245x across cluster][0m
[36m(ClientAppActor pid=13769)[0m    Validation: 12 samples (client-local)[32m [repeated 245x across cluster][0m
[36m(ClientAppActor pid=13769)[0m    Test:       50737 samples (global, shared)[32m [repeated 245x across cluster][0m
[36m(ClientAppActor pid=13771)[0m [Client 2014] Data split:[32m [repeated 248x across cluster][0m
[36m(ClientAppActor pid=13771)[0m    Train:      86 samples (client-local)[32m [repeated 248x across cluster][0m
[36m(ClientAppActor pid=13771)[0m    Validation: 12 samples (client-local)[32m [repeated 248x across cluster][0m
[36m(ClientAppActor pid=13771)[0m    Test:       50737 samples (global, shared)[32m [repeated 248x across cluster][0m
[36m(ClientAppActor pid=13771)[0m [Client 1812] Data split:[32m [repeated 252x across cluster][0m
[36m(ClientAppActor pid=13771)[0m    Train:      86 samples (client-local)[32m [repeated 252x across cluster][0m
[36m(ClientAppActor pid=13771)[0m    Validation: 12 samples (client-local)[32m [repeated 252x across cluster][0m
[36m(ClientAppActor pid=13771)[0m    Test:       50737 samples (global, shared)[32m [repeated 252x across cluster][0m
[36m(ClientAppActor pid=13769)[0m [Client 1036] Data split:[32m [repeated 249x across cluster][0m
[36m(ClientAppActor pid=13769)[0m    Train:      87 samples (client-local)[32m [repeated 249x across cluster][0m[36m(ClientAppActor pid=13796)[0m /home/bax9142/federated-edge-learning/.venv/lib64/python3.13/site-packages/sklearn/metrics/_ranking.py:424: UndefinedMetricWarning: Only one class is present in y_true. ROC AUC score is not defined in that case.[32m [repeated 41x across cluster][0m
[36m(ClientAppActor pid=13796)[0m   warnings.warn([32m [repeated 41x across cluster][0m
[36m(ClientAppActor pid=13766)[0m /home/bax9142/federated-edge-learning/.venv/lib64/python3.13/site-packages/sklearn/metrics/_ranking.py:424: UndefinedMetricWarning: Only one class is present in y_true. ROC AUC score is not defined in that case.[32m [repeated 38x across cluster][0m
[36m(ClientAppActor pid=13766)[0m   warnings.warn([32m [repeated 38x across cluster][0m
[36m(ClientAppActor pid=14800)[0m /home/bax9142/federated-edge-learning/.venv/lib64/python3.13/site-packages/sklearn/metrics/_ranking.py:424: UndefinedMetricWarning: Only one class is present in y_true. ROC AUC score is not defined in that case.[32m [repeated 47x across cluster][0m
[36m(ClientAppActor pid=14800)[0m   warnings.warn([32m [repeated 47x across cluster][0m
[92mINFO [0m:      aggregate_evaluate: received 2048 results and 0 failures
[92mINFO [0m:      
[92mINFO [0m:      [ROUND 18]
[92mINFO [0m:      configure_fit: strategy sampled 1638 clients (out of 2048)
[92mINFO [0m:      aggregate_fit: received 1638 results and 0 failures
[92mINFO [0m:      configure_evaluate: strategy sampled 2048 clients (out of 2048)
[36m(ClientAppActor pid=13765)[0m /home/bax9142/federated-edge-learning/.venv/lib64/python3.13/site-packages/sklearn/metrics/_ranking.py:424: UndefinedMetricWarning: Only one class is present in y_true. ROC AUC score is not defined in that case.
[36m(ClientAppActor pid=13765)[0m   warnings.warn(
[36m(ClientAppActor pid=14790)[0m /home/bax9142/federated-edge-learning/.venv/lib64/python3.13/site-packages/sklearn/metrics/_ranking.py:424: UndefinedMetricWarning: Only one class is present in y_true. ROC AUC score is not defined in that case.
[36m(ClientAppActor pid=14790)[0m   warnings.warn(
[36m(ClientAppActor pid=13766)[0m /home/bax9142/federated-edge-learning/.venv/lib64/python3.13/site-packages/sklearn/metrics/_ranking.py:424: UndefinedMetricWarning: Only one class is present in y_true. ROC AUC score is not defined in that case.[32m [repeated 38x across cluster][0m
[36m(ClientAppActor pid=13766)[0m   warnings.warn([32m [repeated 38x across cluster][0m
[36m(ClientAppActor pid=13763)[0m /home/bax9142/federated-edge-learning/.venv/lib64/python3.13/site-packages/sklearn/metrics/_ranking.py:424: UndefinedMetricWarning: Only one class is present in y_true. ROC AUC score is not defined in that case.[32m [repeated 47x across cluster][0m
[36m(ClientAppActor pid=13763)[0m   warnings.warn([32m [repeated 47x across cluster][0m
[36m(ClientAppActor pid=13795)[0m /home/bax9142/federated-edge-learning/.venv/lib64/python3.13/site-packages/sklearn/metrics/_ranking.py:424: UndefinedMetricWarning: Only one class is present in y_true. ROC AUC score is not defined in that case.[32m [repeated 41x across cluster][0m
[36m(ClientAppActor pid=13795)[0m   warnings.warn([32m [repeated 41x across cluster][0m
[36m(ClientAppActor pid=13771)[0m /home/bax9142/federated-edge-learning/.venv/lib64/python3.13/site-packages/sklearn/metrics/_ranking.py:424: UndefinedMetricWarning: Only one class is present in y_true. ROC AUC score is not defined in that case.[32m [repeated 44x across cluster][0m
[36m(ClientAppActor pid=13771)[0m   warnings.warn([32m [repeated 44x across cluster][0m
[36m(ClientAppActor pid=13768)[0m /home/bax9142/federated-edge-learning/.venv/lib64/python3.13/site-packages/sklearn/metrics/_ranking.py:424: UndefinedMetricWarning: Only one class is present in y_true. ROC AUC score is not defined in that case.[32m [repeated 43x across cluster][0m
[36m(ClientAppActor pid=13768)[0m   warnings.warn([32m [repeated 43x across cluster][0m

[36m(ClientAppActor pid=13769)[0m    Validation: 12 samples (client-local)[32m [repeated 249x across cluster][0m
[36m(ClientAppActor pid=13769)[0m    Test:       50737 samples (global, shared)[32m [repeated 249x across cluster][0m
[36m(ClientAppActor pid=13765)[0m [Client 441] Data split:[32m [repeated 262x across cluster][0m
[36m(ClientAppActor pid=13765)[0m    Train:      87 samples (client-local)[32m [repeated 262x across cluster][0m
[36m(ClientAppActor pid=13765)[0m    Validation: 12 samples (client-local)[32m [repeated 262x across cluster][0m
[36m(ClientAppActor pid=13765)[0m    Test:       50737 samples (global, shared)[32m [repeated 262x across cluster][0m
[36m(ClientAppActor pid=13793)[0m [Client 528] Data split:[32m [repeated 255x across cluster][0m
[36m(ClientAppActor pid=13793)[0m    Train:      87 samples (client-local)[32m [repeated 255x across cluster][0m
[36m(ClientAppActor pid=13793)[0m    Validation: 12 samples (client-local)[32m [repeated 255x across cluster][0m
[36m(ClientAppActor pid=13793)[0m    Test:       50737 samples (global, shared)[32m [repeated 255x across cluster][0m

🎯 Multi-Threshold Aggregation:
   ═══════════════════════════════════════════════
   Evaluated 10 thresholds:
     • Thr=0.30: Recall=0.941, Spec=0.277, F1=0.294
     • Thr=0.35: Recall=0.915, Spec=0.339, F1=0.305
     • Thr=0.40: Recall=0.876, Spec=0.398, F1=0.313
   ...

   BEST Threshold: 0.50
     • Recall:      0.785
     • Specificity: 0.525
     • F1-Score:    0.332
     • Score:       0.629
   ═══════════════════════════════════════════════

⚠️  No rounds meet spec≥0.7, using recall filter only
 3 Pareto-optimal rounds (not dominated in recall & spec)

🎯 SELECTED ROUND 17:
   Recall:     0.785
   Specificity: 0.525
   F1-Score:    0.332
   Stability:   1.000
   Alerts/1000: 518.5
   Composite:   0.638


✅ Round 17 is NEW BEST - Saving checkpoint...
   💾 Checkpoint saved: result/splits_iid_scaling/splits_iid_2048_clients.json/multi_thr/model_round_17.pt
⚠️  No rounds meet spec≥0.7, using recall filter only
 3 Pareto-optimal rounds (not dominated in recall & spec)

🎯 SELECTED ROUND 17:
   Recall:     0.785
   Specificity: 0.525
   F1-Score:    0.332
   Stability:   1.000
   Alerts/1000: 518.5
   Composite:   0.638

   💾 Best model saved: result/splits_iid_scaling/splits_iid_2048_clients.json/multi_thr/model_round_17.pt
   📊 Metrics saved: result/splits_iid_scaling/splits_iid_2048_clients.json/multi_thr/run_1.json
[36m(ClientAppActor pid=12033)[0m [Client 1275] Data split:[32m [repeated 229x across cluster][0m
[36m(ClientAppActor pid=12033)[0m    Train:      87 samples (client-local)[32m [repeated 229x across cluster][0m
[36m(ClientAppActor pid=12033)[0m    Validation: 12 samples (client-local)[32m [repeated 229x across cluster][0m
[36m(ClientAppActor pid=12033)[0m    Test:       50737 samples (global, shared)[32m [repeated 229x across cluster][0m
[36m(ClientAppActor pid=13769)[0m [Client 45] Data split:[32m [repeated 256x across cluster][0m
[36m(ClientAppActor pid=13769)[0m    Train:      87 samples (client-local)[32m [repeated 256x across cluster][0m
[36m(ClientAppActor pid=13769)[0m    Validation: 12 samples (client-local)[32m [repeated 256x across cluster][0m
[36m(ClientAppActor pid=13769)[0m    Test:       50737 samples (global, shared)[32m [repeated 256x across cluster][0m
[36m(ClientAppActor pid=13767)[0m [Client 32] Data split:[32m [repeated 247x across cluster][0m
[36m(ClientAppActor pid=13767)[0m    Train:      87 samples (client-local)[32m [repeated 247x across cluster][0m
[36m(ClientAppActor pid=13767)[0m    Validation: 12 samples (client-local)[32m [repeated 247x across cluster][0m
[36m(ClientAppActor pid=13767)[0m    Test:       50737 samples (global, shared)[32m [repeated 247x across cluster][0m
[36m(ClientAppActor pid=13776)[0m [Client 1783] Data split:[32m [repeated 264x across cluster][0m
[36m(ClientAppActor pid=13776)[0m    Train:      86 samples (client-local)[32m [repeated 264x across cluster][0m
[36m(ClientAppActor pid=13776)[0m    Validation: 12 samples (client-local)[32m [repeated 264x across cluster][0m
[36m(ClientAppActor pid=13776)[0m    Test:       50737 samples (global, shared)[32m [repeated 264x across cluster][0m
[36m(ClientAppActor pid=13768)[0m [Client 204] Data split:[32m [repeated 249x across cluster][0m
[36m(ClientAppActor pid=13768)[0m    Train:      87 samples (client-local)[32m [repeated 249x across cluster][0m
[36m(ClientAppActor pid=13768)[0m    Validation: 12 samples (client-local)[32m [repeated 249x across cluster][0m
[36m(ClientAppActor pid=13768)[0m    Test:       50737 samples (global, shared)[32m [repeated 249x across cluster][0m
[36m(ClientAppActor pid=13765)[0m [Client 1671] Data split:[32m [repeated 252x across cluster][0m
[36m(ClientAppActor pid=13765)[0m    Train:      86 samples (client-local)[32m [repeated 252x across cluster][0m
[36m(ClientAppActor pid=13765)[0m    Validation: 12 samples (client-local)[32m [repeated 252x across cluster][0m
[36m(ClientAppActor pid=13765)[0m    Test:       50737 samples (global, shared)[32m [repeated 252x across cluster][0m
[36m(ClientAppActor pid=12033)[0m [Client 2022] Data split:[32m [repeated 189x across cluster][0m
[36m(ClientAppActor pid=12033)[0m    Train:      86 samples (client-local)[32m [repeated 189x across cluster][0m
[36m(ClientAppActor pid=12033)[0m    Validation: 12 samples (client-local)[32m [repeated 189x across cluster][0m
[36m(ClientAppActor pid=12033)[0m    Test:       50737 samples (global, shared)[32m [repeated 189x across cluster][0m
[36m(ClientAppActor pid=13776)[0m [Client 1668] Data split:[32m [repeated 247x across cluster][0m
[36m(ClientAppActor pid=13776)[0m    Train:      86 samples (client-local)[32m [repeated 247x across cluster][0m
[36m(ClientAppActor pid=13776)[0m    Validation: 12 samples (client-local)[32m [repeated 247x across cluster][0m
[36m(ClientAppActor pid=13776)[0m    Test:       50737 samples (global, shared)[32m [repeated 247x across cluster][0m
[36m(ClientAppActor pid=13767)[0m [Client 1548] Data split:[32m [repeated 252x across cluster][0m
[36m(ClientAppActor pid=13767)[0m    Train:      86 samples (client-local)[32m [repeated 252x across cluster][0m
[36m(ClientAppActor pid=13767)[0m    Validation: 12 samples (client-local)[32m [repeated 252x across cluster][0m
[36m(ClientAppActor pid=13767)[0m    Test:       50737 samples (global, shared)[32m [repeated 252x across cluster][0m
[36m(ClientAppActor pid=13767)[0m [Client 1107] Data split:[32m [repeated 259x across cluster][0m
[36m(ClientAppActor pid=13767)[0m    Train:      87 samples (client-local)[32m [repeated 259x across cluster][0m
[36m(ClientAppActor pid=13767)[0m    Validation: 12 samples (client-local)[32m [repeated 259x across cluster][0m
[36m(ClientAppActor pid=13767)[0m    Test:       50737 samples (global, shared)[32m [repeated 259x across cluster][0m
[36m(ClientAppActor pid=13782)[0m [Client 1857] Data split:[32m [repeated 266x across cluster][0m
[36m(ClientAppActor pid=13782)[0m    Train:      86 samples (client-local)[32m [repeated 266x across cluster][0m
[36m(ClientAppActor pid=13782)[0m    Validation: 12 samples (client-local)[32m [repeated 266x across cluster][0m
[36m(ClientAppActor pid=13782)[0m    Test:       50737 samples (global, shared)[32m [repeated 266x across cluster][0m
[36m(ClientAppActor pid=13763)[0m [Client 68] Data split:[32m [repeated 261x across cluster][0m
[36m(ClientAppActor pid=13763)[0m    Train:      87 samples (client-local)[32m [repeated 261x across cluster][0m
[36m(ClientAppActor pid=13763)[0m    Validation: 12 samples (client-local)[32m [repeated 261x across cluster][0m
[36m(ClientAppActor pid=13763)[0m    Test:       50737 samples (global, shared)[32m [repeated 261x across cluster][0m[36m(ClientAppActor pid=14751)[0m /home/bax9142/federated-edge-learning/.venv/lib64/python3.13/site-packages/sklearn/metrics/_ranking.py:424: UndefinedMetricWarning: Only one class is present in y_true. ROC AUC score is not defined in that case.[32m [repeated 39x across cluster][0m
[36m(ClientAppActor pid=14751)[0m   warnings.warn([32m [repeated 39x across cluster][0m
[36m(ClientAppActor pid=13782)[0m /home/bax9142/federated-edge-learning/.venv/lib64/python3.13/site-packages/sklearn/metrics/_ranking.py:424: UndefinedMetricWarning: Only one class is present in y_true. ROC AUC score is not defined in that case.[32m [repeated 41x across cluster][0m
[36m(ClientAppActor pid=13782)[0m   warnings.warn([32m [repeated 41x across cluster][0m
[92mINFO [0m:      aggregate_evaluate: received 2048 results and 0 failures
[92mINFO [0m:      
[92mINFO [0m:      [ROUND 19]
[92mINFO [0m:      configure_fit: strategy sampled 1638 clients (out of 2048)
[92mINFO [0m:      aggregate_fit: received 1638 results and 0 failures
[92mINFO [0m:      configure_evaluate: strategy sampled 2048 clients (out of 2048)
[36m(ClientAppActor pid=13767)[0m /home/bax9142/federated-edge-learning/.venv/lib64/python3.13/site-packages/sklearn/metrics/_ranking.py:424: UndefinedMetricWarning: Only one class is present in y_true. ROC AUC score is not defined in that case.[32m [repeated 28x across cluster][0m
[36m(ClientAppActor pid=13767)[0m   warnings.warn([32m [repeated 28x across cluster][0m
[36m(ClientAppActor pid=14737)[0m /home/bax9142/federated-edge-learning/.venv/lib64/python3.13/site-packages/sklearn/metrics/_ranking.py:424: UndefinedMetricWarning: Only one class is present in y_true. ROC AUC score is not defined in that case.[32m [repeated 45x across cluster][0m
[36m(ClientAppActor pid=14737)[0m   warnings.warn([32m [repeated 45x across cluster][0m
[36m(ClientAppActor pid=14737)[0m /home/bax9142/federated-edge-learning/.venv/lib64/python3.13/site-packages/sklearn/metrics/_ranking.py:424: UndefinedMetricWarning: Only one class is present in y_true. ROC AUC score is not defined in that case.[32m [repeated 34x across cluster][0m
[36m(ClientAppActor pid=14737)[0m   warnings.warn([32m [repeated 34x across cluster][0m
[36m(ClientAppActor pid=13771)[0m /home/bax9142/federated-edge-learning/.venv/lib64/python3.13/site-packages/sklearn/metrics/_ranking.py:424: UndefinedMetricWarning: Only one class is present in y_true. ROC AUC score is not defined in that case.[32m [repeated 42x across cluster][0m
[36m(ClientAppActor pid=13771)[0m   warnings.warn([32m [repeated 42x across cluster][0m
[36m(ClientAppActor pid=13767)[0m /home/bax9142/federated-edge-learning/.venv/lib64/python3.13/site-packages/sklearn/metrics/_ranking.py:424: UndefinedMetricWarning: Only one class is present in y_true. ROC AUC score is not defined in that case.[32m [repeated 49x across cluster][0m
[36m(ClientAppActor pid=13767)[0m   warnings.warn([32m [repeated 49x across cluster][0m
[36m(ClientAppActor pid=13768)[0m /home/bax9142/federated-edge-learning/.venv/lib64/python3.13/site-packages/sklearn/metrics/_ranking.py:424: UndefinedMetricWarning: Only one class is present in y_true. ROC AUC score is not defined in that case.[32m [repeated 35x across cluster][0m
[36m(ClientAppActor pid=13768)[0m   warnings.warn([32m [repeated 35x across cluster][0m

[36m(ClientAppActor pid=12033)[0m [Client 316] Data split:[32m [repeated 254x across cluster][0m
[36m(ClientAppActor pid=12033)[0m    Train:      87 samples (client-local)[32m [repeated 254x across cluster][0m
[36m(ClientAppActor pid=12033)[0m    Validation: 12 samples (client-local)[32m [repeated 254x across cluster][0m
[36m(ClientAppActor pid=12033)[0m    Test:       50737 samples (global, shared)[32m [repeated 254x across cluster][0m
[36m(ClientAppActor pid=14737)[0m [Client 1211] Data split:[32m [repeated 259x across cluster][0m
[36m(ClientAppActor pid=14737)[0m    Train:      87 samples (client-local)[32m [repeated 259x across cluster][0m
[36m(ClientAppActor pid=14737)[0m    Validation: 12 samples (client-local)[32m [repeated 259x across cluster][0m
[36m(ClientAppActor pid=14737)[0m    Test:       50737 samples (global, shared)[32m [repeated 259x across cluster][0m

🎯 Multi-Threshold Aggregation:
   ═══════════════════════════════════════════════
   Evaluated 10 thresholds:
     • Thr=0.30: Recall=0.941, Spec=0.281, F1=0.295
     • Thr=0.35: Recall=0.915, Spec=0.343, F1=0.307
     • Thr=0.40: Recall=0.876, Spec=0.402, F1=0.315
   ...

   BEST Threshold: 0.50
     • Recall:      0.787
     • Specificity: 0.527
     • F1-Score:    0.334
     • Score:       0.631
   ═══════════════════════════════════════════════

⚠️  No rounds meet spec≥0.7, using recall filter only
 3 Pareto-optimal rounds (not dominated in recall & spec)

🎯 SELECTED ROUND 18:
   Recall:     0.787
   Specificity: 0.527
   F1-Score:    0.334
   Stability:   1.000
   Alerts/1000: 516.6
   Composite:   0.640


✅ Round 18 is NEW BEST - Saving checkpoint...
   💾 Checkpoint saved: result/splits_iid_scaling/splits_iid_2048_clients.json/multi_thr/model_round_18.pt
⚠️  No rounds meet spec≥0.7, using recall filter only
 3 Pareto-optimal rounds (not dominated in recall & spec)

🎯 SELECTED ROUND 18:
   Recall:     0.787
   Specificity: 0.527
   F1-Score:    0.334
   Stability:   1.000
   Alerts/1000: 516.6
   Composite:   0.640

   💾 Best model saved: result/splits_iid_scaling/splits_iid_2048_clients.json/multi_thr/model_round_18.pt
   📊 Metrics saved: result/splits_iid_scaling/splits_iid_2048_clients.json/multi_thr/run_1.json
[36m(ClientAppActor pid=13769)[0m [Client 287] Data split:[32m [repeated 240x across cluster][0m
[36m(ClientAppActor pid=13769)[0m    Train:      87 samples (client-local)[32m [repeated 240x across cluster][0m
[36m(ClientAppActor pid=13769)[0m    Validation: 12 samples (client-local)[32m [repeated 240x across cluster][0m
[36m(ClientAppActor pid=13769)[0m    Test:       50737 samples (global, shared)[32m [repeated 240x across cluster][0m
[36m(ClientAppActor pid=13771)[0m [Client 868] Data split:[32m [repeated 248x across cluster][0m
[36m(ClientAppActor pid=13771)[0m    Train:      87 samples (client-local)[32m [repeated 248x across cluster][0m
[36m(ClientAppActor pid=13771)[0m    Validation: 12 samples (client-local)[32m [repeated 248x across cluster][0m
[36m(ClientAppActor pid=13771)[0m    Test:       50737 samples (global, shared)[32m [repeated 248x across cluster][0m
[36m(ClientAppActor pid=13764)[0m [Client 1769] Data split:[32m [repeated 259x across cluster][0m
[36m(ClientAppActor pid=13764)[0m    Train:      86 samples (client-local)[32m [repeated 259x across cluster][0m
[36m(ClientAppActor pid=13764)[0m    Validation: 12 samples (client-local)[32m [repeated 259x across cluster][0m
[36m(ClientAppActor pid=13764)[0m    Test:       50737 samples (global, shared)[32m [repeated 259x across cluster][0m
[36m(ClientAppActor pid=12033)[0m [Client 1589] Data split:[32m [repeated 254x across cluster][0m
[36m(ClientAppActor pid=12033)[0m    Train:      86 samples (client-local)[32m [repeated 254x across cluster][0m
[36m(ClientAppActor pid=12033)[0m    Validation: 12 samples (client-local)[32m [repeated 254x across cluster][0m
[36m(ClientAppActor pid=12033)[0m    Test:       50737 samples (global, shared)[32m [repeated 254x across cluster][0m
[36m(ClientAppActor pid=13769)[0m [Client 1345] Data split:[32m [repeated 254x across cluster][0m
[36m(ClientAppActor pid=13769)[0m    Train:      87 samples (client-local)[32m [repeated 254x across cluster][0m
[36m(ClientAppActor pid=13769)[0m    Validation: 12 samples (client-local)[32m [repeated 254x across cluster][0m
[36m(ClientAppActor pid=13769)[0m    Test:       50737 samples (global, shared)[32m [repeated 254x across cluster][0m
[36m(ClientAppActor pid=13793)[0m [Client 1938] Data split:[32m [repeated 252x across cluster][0m
[36m(ClientAppActor pid=13793)[0m    Train:      86 samples (client-local)[32m [repeated 252x across cluster][0m
[36m(ClientAppActor pid=13793)[0m    Validation: 12 samples (client-local)[32m [repeated 252x across cluster][0m
[36m(ClientAppActor pid=13793)[0m    Test:       50737 samples (global, shared)[32m [repeated 252x across cluster][0m
[36m(ClientAppActor pid=13776)[0m [Client 2018] Data split:[32m [repeated 262x across cluster][0m
[36m(ClientAppActor pid=13776)[0m    Train:      86 samples (client-local)[32m [repeated 262x across cluster][0m
[36m(ClientAppActor pid=13776)[0m    Validation: 12 samples (client-local)[32m [repeated 262x across cluster][0m
[36m(ClientAppActor pid=13776)[0m    Test:       50737 samples (global, shared)[32m [repeated 262x across cluster][0m
[36m(ClientAppActor pid=12033)[0m [Client 439] Data split:[32m [repeated 193x across cluster][0m
[36m(ClientAppActor pid=12033)[0m    Train:      87 samples (client-local)[32m [repeated 193x across cluster][0m
[36m(ClientAppActor pid=12033)[0m    Validation: 12 samples (client-local)[32m [repeated 193x across cluster][0m
[36m(ClientAppActor pid=12033)[0m    Test:       50737 samples (global, shared)[32m [repeated 193x across cluster][0m
[36m(ClientAppActor pid=13768)[0m [Client 304] Data split:[32m [repeated 259x across cluster][0m
[36m(ClientAppActor pid=13768)[0m    Train:      87 samples (client-local)[32m [repeated 259x across cluster][0m
[36m(ClientAppActor pid=13768)[0m    Validation: 12 samples (client-local)[32m [repeated 259x across cluster][0m
[36m(ClientAppActor pid=13768)[0m    Test:       50737 samples (global, shared)[32m [repeated 259x across cluster][0m
[36m(ClientAppActor pid=12033)[0m [Client 1568] Data split:[32m [repeated 255x across cluster][0m
[36m(ClientAppActor pid=12033)[0m    Train:      86 samples (client-local)[32m [repeated 255x across cluster][0m
[36m(ClientAppActor pid=12033)[0m    Validation: 12 samples (client-local)[32m [repeated 255x across cluster][0m
[36m(ClientAppActor pid=12033)[0m    Test:       50737 samples (global, shared)[32m [repeated 255x across cluster][0m
[36m(ClientAppActor pid=12033)[0m [Client 1653] Data split:[32m [repeated 254x across cluster][0m
[36m(ClientAppActor pid=12033)[0m    Train:      86 samples (client-local)[32m [repeated 254x across cluster][0m
[36m(ClientAppActor pid=12033)[0m    Validation: 12 samples (client-local)[32m [repeated 254x across cluster][0m
[36m(ClientAppActor pid=12033)[0m    Test:       50737 samples (global, shared)[32m [repeated 254x across cluster][0m
[36m(ClientAppActor pid=12033)[0m [Client 881] Data split:[32m [repeated 251x across cluster][0m
[36m(ClientAppActor pid=12033)[0m    Train:      87 samples (client-local)[32m [repeated 251x across cluster][0m
[36m(ClientAppActor pid=12033)[0m    Validation: 12 samples (client-local)[32m [repeated 251x across cluster][0m
[36m(ClientAppActor pid=12033)[0m    Test:       50737 samples (global, shared)[32m [repeated 251x across cluster][0m
[36m(ClientAppActor pid=13769)[0m [Client 186] Data split:[32m [repeated 247x across cluster][0m
[36m(ClientAppActor pid=13769)[0m    Train:      87 samples (client-local)[32m [repeated 247x across cluster][0m[36m(ClientAppActor pid=13794)[0m /home/bax9142/federated-edge-learning/.venv/lib64/python3.13/site-packages/sklearn/metrics/_ranking.py:424: UndefinedMetricWarning: Only one class is present in y_true. ROC AUC score is not defined in that case.[32m [repeated 36x across cluster][0m
[36m(ClientAppActor pid=13794)[0m   warnings.warn([32m [repeated 36x across cluster][0m
[36m(ClientAppActor pid=14800)[0m /home/bax9142/federated-edge-learning/.venv/lib64/python3.13/site-packages/sklearn/metrics/_ranking.py:424: UndefinedMetricWarning: Only one class is present in y_true. ROC AUC score is not defined in that case.[32m [repeated 41x across cluster][0m
[36m(ClientAppActor pid=14800)[0m   warnings.warn([32m [repeated 41x across cluster][0m
[92mINFO [0m:      aggregate_evaluate: received 2048 results and 0 failures
[92mINFO [0m:      
[92mINFO [0m:      [ROUND 20]
[92mINFO [0m:      configure_fit: strategy sampled 1638 clients (out of 2048)
[92mINFO [0m:      aggregate_fit: received 1638 results and 0 failures
[92mINFO [0m:      configure_evaluate: strategy sampled 2048 clients (out of 2048)
[36m(ClientAppActor pid=13796)[0m /home/bax9142/federated-edge-learning/.venv/lib64/python3.13/site-packages/sklearn/metrics/_ranking.py:424: UndefinedMetricWarning: Only one class is present in y_true. ROC AUC score is not defined in that case.[32m [repeated 40x across cluster][0m
[36m(ClientAppActor pid=13796)[0m   warnings.warn([32m [repeated 40x across cluster][0m
[36m(ClientAppActor pid=13766)[0m /home/bax9142/federated-edge-learning/.venv/lib64/python3.13/site-packages/sklearn/metrics/_ranking.py:424: UndefinedMetricWarning: Only one class is present in y_true. ROC AUC score is not defined in that case.[32m [repeated 43x across cluster][0m
[36m(ClientAppActor pid=13766)[0m   warnings.warn([32m [repeated 43x across cluster][0m
[36m(ClientAppActor pid=13789)[0m /home/bax9142/federated-edge-learning/.venv/lib64/python3.13/site-packages/sklearn/metrics/_ranking.py:424: UndefinedMetricWarning: Only one class is present in y_true. ROC AUC score is not defined in that case.[32m [repeated 36x across cluster][0m
[36m(ClientAppActor pid=13789)[0m   warnings.warn([32m [repeated 36x across cluster][0m
[36m(ClientAppActor pid=14778)[0m /home/bax9142/federated-edge-learning/.venv/lib64/python3.13/site-packages/sklearn/metrics/_ranking.py:424: UndefinedMetricWarning: Only one class is present in y_true. ROC AUC score is not defined in that case.[32m [repeated 46x across cluster][0m
[36m(ClientAppActor pid=14778)[0m   warnings.warn([32m [repeated 46x across cluster][0m
[36m(ClientAppActor pid=14800)[0m /home/bax9142/federated-edge-learning/.venv/lib64/python3.13/site-packages/sklearn/metrics/_ranking.py:424: UndefinedMetricWarning: Only one class is present in y_true. ROC AUC score is not defined in that case.[32m [repeated 39x across cluster][0m
[36m(ClientAppActor pid=14800)[0m   warnings.warn([32m [repeated 39x across cluster][0m

[36m(ClientAppActor pid=13769)[0m    Validation: 12 samples (client-local)[32m [repeated 247x across cluster][0m
[36m(ClientAppActor pid=13769)[0m    Test:       50737 samples (global, shared)[32m [repeated 247x across cluster][0m
[36m(ClientAppActor pid=12033)[0m [Client 190] Data split:[32m [repeated 260x across cluster][0m
[36m(ClientAppActor pid=12033)[0m    Train:      87 samples (client-local)[32m [repeated 260x across cluster][0m
[36m(ClientAppActor pid=12033)[0m    Validation: 12 samples (client-local)[32m [repeated 260x across cluster][0m
[36m(ClientAppActor pid=12033)[0m    Test:       50737 samples (global, shared)[32m [repeated 260x across cluster][0m
[36m(ClientAppActor pid=13769)[0m [Client 1148] Data split:[32m [repeated 254x across cluster][0m
[36m(ClientAppActor pid=13769)[0m    Train:      87 samples (client-local)[32m [repeated 254x across cluster][0m
[36m(ClientAppActor pid=13769)[0m    Validation: 12 samples (client-local)[32m [repeated 254x across cluster][0m
[36m(ClientAppActor pid=13769)[0m    Test:       50737 samples (global, shared)[32m [repeated 254x across cluster][0m

🎯 Multi-Threshold Aggregation:
   ═══════════════════════════════════════════════
   Evaluated 10 thresholds:
     • Thr=0.30: Recall=0.942, Spec=0.287, F1=0.297
     • Thr=0.35: Recall=0.916, Spec=0.346, F1=0.308
     • Thr=0.40: Recall=0.876, Spec=0.406, F1=0.316
   ...

   BEST Threshold: 0.50
     • Recall:      0.788
     • Specificity: 0.530
     • F1-Score:    0.336
     • Score:       0.633
   ═══════════════════════════════════════════════

⚠️  No rounds meet spec≥0.7, using recall filter only
 3 Pareto-optimal rounds (not dominated in recall & spec)

🎯 SELECTED ROUND 19:
   Recall:     0.788
   Specificity: 0.530
   F1-Score:    0.336
   Stability:   1.000
   Alerts/1000: 514.5
   Composite:   0.641


✅ Round 19 is NEW BEST - Saving checkpoint...
   💾 Checkpoint saved: result/splits_iid_scaling/splits_iid_2048_clients.json/multi_thr/model_round_19.pt
⚠️  No rounds meet spec≥0.7, using recall filter only
 3 Pareto-optimal rounds (not dominated in recall & spec)

🎯 SELECTED ROUND 19:
   Recall:     0.788
   Specificity: 0.530
   F1-Score:    0.336
   Stability:   1.000
   Alerts/1000: 514.5
   Composite:   0.641

   💾 Best model saved: result/splits_iid_scaling/splits_iid_2048_clients.json/multi_thr/model_round_19.pt
   📊 Metrics saved: result/splits_iid_scaling/splits_iid_2048_clients.json/multi_thr/run_1.json
[36m(ClientAppActor pid=13765)[0m [Client 1943] Data split:[32m [repeated 245x across cluster][0m
[36m(ClientAppActor pid=13765)[0m    Train:      86 samples (client-local)[32m [repeated 245x across cluster][0m
[36m(ClientAppActor pid=13765)[0m    Validation: 12 samples (client-local)[32m [repeated 245x across cluster][0m
[36m(ClientAppActor pid=13765)[0m    Test:       50737 samples (global, shared)[32m [repeated 245x across cluster][0m
[36m(ClientAppActor pid=13793)[0m 
[36m(ClientAppActor pid=13793)[0m 
[36m(ClientAppActor pid=12033)[0m [Client 1954] Data split:[32m [repeated 246x across cluster][0m
[36m(ClientAppActor pid=12033)[0m    Train:      86 samples (client-local)[32m [repeated 246x across cluster][0m
[36m(ClientAppActor pid=12033)[0m    Validation: 12 samples (client-local)[32m [repeated 246x across cluster][0m
[36m(ClientAppActor pid=12033)[0m    Test:       50737 samples (global, shared)[32m [repeated 246x across cluster][0m
[36m(ClientAppActor pid=13767)[0m [Client 1691] Data split:[32m [repeated 246x across cluster][0m
[36m(ClientAppActor pid=13767)[0m    Train:      86 samples (client-local)[32m [repeated 246x across cluster][0m
[36m(ClientAppActor pid=13767)[0m    Validation: 12 samples (client-local)[32m [repeated 246x across cluster][0m
[36m(ClientAppActor pid=13767)[0m    Test:       50737 samples (global, shared)[32m [repeated 246x across cluster][0m
[36m(ClientAppActor pid=14737)[0m [Client 85] Data split:[32m [repeated 258x across cluster][0m
[36m(ClientAppActor pid=14737)[0m    Train:      87 samples (client-local)[32m [repeated 258x across cluster][0m
[36m(ClientAppActor pid=14737)[0m    Validation: 12 samples (client-local)[32m [repeated 258x across cluster][0m
[36m(ClientAppActor pid=14737)[0m    Test:       50737 samples (global, shared)[32m [repeated 258x across cluster][0m
[36m(ClientAppActor pid=14778)[0m [Client 1672] Data split:[32m [repeated 263x across cluster][0m
[36m(ClientAppActor pid=14778)[0m    Train:      86 samples (client-local)[32m [repeated 263x across cluster][0m
[36m(ClientAppActor pid=14778)[0m    Validation: 12 samples (client-local)[32m [repeated 263x across cluster][0m
[36m(ClientAppActor pid=14778)[0m    Test:       50737 samples (global, shared)[32m [repeated 263x across cluster][0m
[36m(ClientAppActor pid=12033)[0m [Client 770] Data split:[32m [repeated 256x across cluster][0m
[36m(ClientAppActor pid=12033)[0m    Train:      87 samples (client-local)[32m [repeated 256x across cluster][0m
[36m(ClientAppActor pid=12033)[0m    Validation: 12 samples (client-local)[32m [repeated 256x across cluster][0m
[36m(ClientAppActor pid=12033)[0m    Test:       50737 samples (global, shared)[32m [repeated 256x across cluster][0m
[36m(ClientAppActor pid=13766)[0m [Client 94] Data split:[32m [repeated 258x across cluster][0m
[36m(ClientAppActor pid=13766)[0m    Train:      87 samples (client-local)[32m [repeated 258x across cluster][0m
[36m(ClientAppActor pid=13766)[0m    Validation: 12 samples (client-local)[32m [repeated 258x across cluster][0m
[36m(ClientAppActor pid=13766)[0m    Test:       50737 samples (global, shared)[32m [repeated 258x across cluster][0m
[36m(ClientAppActor pid=13782)[0m [Client 126] Data split:[32m [repeated 185x across cluster][0m
[36m(ClientAppActor pid=13782)[0m    Train:      87 samples (client-local)[32m [repeated 185x across cluster][0m
[36m(ClientAppActor pid=13782)[0m    Validation: 12 samples (client-local)[32m [repeated 185x across cluster][0m
[36m(ClientAppActor pid=13782)[0m    Test:       50737 samples (global, shared)[32m [repeated 185x across cluster][0m
[36m(ClientAppActor pid=13767)[0m [Client 1954] Data split:[32m [repeated 259x across cluster][0m
[36m(ClientAppActor pid=13767)[0m    Train:      86 samples (client-local)[32m [repeated 259x across cluster][0m
[36m(ClientAppActor pid=13767)[0m    Validation: 12 samples (client-local)[32m [repeated 259x across cluster][0m
[36m(ClientAppActor pid=13767)[0m    Test:       50737 samples (global, shared)[32m [repeated 259x across cluster][0m
[36m(ClientAppActor pid=13766)[0m [Client 234] Data split:[32m [repeated 251x across cluster][0m
[36m(ClientAppActor pid=13766)[0m    Train:      87 samples (client-local)[32m [repeated 251x across cluster][0m
[36m(ClientAppActor pid=13766)[0m    Validation: 12 samples (client-local)[32m [repeated 251x across cluster][0m
[36m(ClientAppActor pid=13766)[0m    Test:       50737 samples (global, shared)[32m [repeated 251x across cluster][0m
[36m(ClientAppActor pid=12033)[0m [Client 1483] Data split:[32m [repeated 259x across cluster][0m
[36m(ClientAppActor pid=12033)[0m    Train:      86 samples (client-local)[32m [repeated 259x across cluster][0m
[36m(ClientAppActor pid=12033)[0m    Validation: 12 samples (client-local)[32m [repeated 259x across cluster][0m
[36m(ClientAppActor pid=12033)[0m    Test:       50737 samples (global, shared)[32m [repeated 259x across cluster][0m
[36m(ClientAppActor pid=13764)[0m [Client 268] Data split:[32m [repeated 245x across cluster][0m
[36m(ClientAppActor pid=13764)[0m    Train:      87 samples (client-local)[32m [repeated 245x across cluster][0m
[36m(ClientAppActor pid=13764)[0m    Validation: 12 samples (client-local)[32m [repeated 245x across cluster][0m
[36m(ClientAppActor pid=13764)[0m    Test:       50737 samples (global, shared)[32m [repeated 245x across cluster][0m[36m(ClientAppActor pid=13776)[0m /home/bax9142/federated-edge-learning/.venv/lib64/python3.13/site-packages/sklearn/metrics/_ranking.py:424: UndefinedMetricWarning: Only one class is present in y_true. ROC AUC score is not defined in that case.[32m [repeated 40x across cluster][0m
[36m(ClientAppActor pid=13776)[0m   warnings.warn([32m [repeated 40x across cluster][0m
[36m(ClientAppActor pid=13767)[0m /home/bax9142/federated-edge-learning/.venv/lib64/python3.13/site-packages/sklearn/metrics/_ranking.py:424: UndefinedMetricWarning: Only one class is present in y_true. ROC AUC score is not defined in that case.[32m [repeated 43x across cluster][0m
[36m(ClientAppActor pid=13767)[0m   warnings.warn([32m [repeated 43x across cluster][0m
[36m(ClientAppActor pid=13771)[0m /home/bax9142/federated-edge-learning/.venv/lib64/python3.13/site-packages/sklearn/metrics/_ranking.py:424: UndefinedMetricWarning: Only one class is present in y_true. ROC AUC score is not defined in that case.[32m [repeated 36x across cluster][0m
[36m(ClientAppActor pid=13771)[0m   warnings.warn([32m [repeated 36x across cluster][0m
[92mINFO [0m:      aggregate_evaluate: received 2048 results and 0 failures
[92mINFO [0m:      
[92mINFO [0m:      [ROUND 21]
[92mINFO [0m:      configure_fit: strategy sampled 1638 clients (out of 2048)
[92mINFO [0m:      aggregate_fit: received 1638 results and 0 failures
[92mINFO [0m:      configure_evaluate: strategy sampled 2048 clients (out of 2048)
[36m(ClientAppActor pid=13765)[0m /home/bax9142/federated-edge-learning/.venv/lib64/python3.13/site-packages/sklearn/metrics/_ranking.py:424: UndefinedMetricWarning: Only one class is present in y_true. ROC AUC score is not defined in that case.[32m [repeated 39x across cluster][0m
[36m(ClientAppActor pid=13765)[0m   warnings.warn([32m [repeated 39x across cluster][0m
[36m(ClientAppActor pid=13776)[0m /home/bax9142/federated-edge-learning/.venv/lib64/python3.13/site-packages/sklearn/metrics/_ranking.py:424: UndefinedMetricWarning: Only one class is present in y_true. ROC AUC score is not defined in that case.[32m [repeated 42x across cluster][0m
[36m(ClientAppActor pid=13776)[0m   warnings.warn([32m [repeated 42x across cluster][0m
[36m(ClientAppActor pid=14789)[0m /home/bax9142/federated-edge-learning/.venv/lib64/python3.13/site-packages/sklearn/metrics/_ranking.py:424: UndefinedMetricWarning: Only one class is present in y_true. ROC AUC score is not defined in that case.[32m [repeated 45x across cluster][0m
[36m(ClientAppActor pid=14789)[0m   warnings.warn([32m [repeated 45x across cluster][0m
[36m(ClientAppActor pid=13771)[0m /home/bax9142/federated-edge-learning/.venv/lib64/python3.13/site-packages/sklearn/metrics/_ranking.py:424: UndefinedMetricWarning: Only one class is present in y_true. ROC AUC score is not defined in that case.[32m [repeated 39x across cluster][0m
[36m(ClientAppActor pid=13771)[0m   warnings.warn([32m [repeated 39x across cluster][0m
[36m(ClientAppActor pid=13767)[0m /home/bax9142/federated-edge-learning/.venv/lib64/python3.13/site-packages/sklearn/metrics/_ranking.py:424: UndefinedMetricWarning: Only one class is present in y_true. ROC AUC score is not defined in that case.[32m [repeated 35x across cluster][0m
[36m(ClientAppActor pid=13767)[0m   warnings.warn([32m [repeated 35x across cluster][0m

[36m(ClientAppActor pid=13767)[0m [Client 1474] Data split:[32m [repeated 255x across cluster][0m
[36m(ClientAppActor pid=13767)[0m    Train:      86 samples (client-local)[32m [repeated 255x across cluster][0m
[36m(ClientAppActor pid=13767)[0m    Validation: 12 samples (client-local)[32m [repeated 255x across cluster][0m
[36m(ClientAppActor pid=13767)[0m    Test:       50737 samples (global, shared)[32m [repeated 255x across cluster][0m
[36m(ClientAppActor pid=12033)[0m 
[36m(ClientAppActor pid=12033)[0m 
[36m(ClientAppActor pid=13782)[0m [Client 117] Data split:[32m [repeated 259x across cluster][0m
[36m(ClientAppActor pid=13782)[0m    Train:      87 samples (client-local)[32m [repeated 259x across cluster][0m
[36m(ClientAppActor pid=13782)[0m    Validation: 12 samples (client-local)[32m [repeated 259x across cluster][0m
[36m(ClientAppActor pid=13782)[0m    Test:       50737 samples (global, shared)[32m [repeated 259x across cluster][0m
[36m(ClientAppActor pid=13795)[0m [Client 803] Data split:[32m [repeated 258x across cluster][0m
[36m(ClientAppActor pid=13795)[0m    Train:      87 samples (client-local)[32m [repeated 258x across cluster][0m
[36m(ClientAppActor pid=13795)[0m    Validation: 12 samples (client-local)[32m [repeated 258x across cluster][0m
[36m(ClientAppActor pid=13795)[0m    Test:       50737 samples (global, shared)[32m [repeated 258x across cluster][0m

🎯 Multi-Threshold Aggregation:
   ═══════════════════════════════════════════════
   Evaluated 10 thresholds:
     • Thr=0.30: Recall=0.943, Spec=0.290, F1=0.298
     • Thr=0.35: Recall=0.917, Spec=0.350, F1=0.309
     • Thr=0.40: Recall=0.875, Spec=0.411, F1=0.318
   ...

   BEST Threshold: 0.50
     • Recall:      0.788
     • Specificity: 0.533
     • F1-Score:    0.337
     • Score:       0.634
   ═══════════════════════════════════════════════

⚠️  No rounds meet spec≥0.7, using recall filter only
 4 Pareto-optimal rounds (not dominated in recall & spec)

🎯 SELECTED ROUND 20:
   Recall:     0.788
   Specificity: 0.533
   F1-Score:    0.337
   Stability:   1.000
   Alerts/1000: 511.7
   Composite:   0.642


✅ Round 20 is NEW BEST - Saving checkpoint...
   💾 Checkpoint saved: result/splits_iid_scaling/splits_iid_2048_clients.json/multi_thr/model_round_20.pt
⚠️  No rounds meet spec≥0.7, using recall filter only
 4 Pareto-optimal rounds (not dominated in recall & spec)

🎯 SELECTED ROUND 20:
   Recall:     0.788
   Specificity: 0.533
   F1-Score:    0.337
   Stability:   1.000
   Alerts/1000: 511.7
   Composite:   0.642

   💾 Best model saved: result/splits_iid_scaling/splits_iid_2048_clients.json/multi_thr/model_round_20.pt
   📊 Metrics saved: result/splits_iid_scaling/splits_iid_2048_clients.json/multi_thr/run_1.json
[36m(ClientAppActor pid=13769)[0m [Client 879] Data split:[32m [repeated 229x across cluster][0m
[36m(ClientAppActor pid=13769)[0m    Train:      87 samples (client-local)[32m [repeated 229x across cluster][0m
[36m(ClientAppActor pid=13769)[0m    Validation: 12 samples (client-local)[32m [repeated 229x across cluster][0m
[36m(ClientAppActor pid=13769)[0m    Test:       50737 samples (global, shared)[32m [repeated 229x across cluster][0m
[36m(ClientAppActor pid=14765)[0m [Client 1273] Data split:[32m [repeated 253x across cluster][0m
[36m(ClientAppActor pid=14765)[0m    Train:      87 samples (client-local)[32m [repeated 253x across cluster][0m
[36m(ClientAppActor pid=14765)[0m    Validation: 12 samples (client-local)[32m [repeated 253x across cluster][0m
[36m(ClientAppActor pid=14765)[0m    Test:       50737 samples (global, shared)[32m [repeated 253x across cluster][0m
[36m(ClientAppActor pid=13767)[0m [Client 980] Data split:[32m [repeated 253x across cluster][0m
[36m(ClientAppActor pid=13767)[0m    Train:      87 samples (client-local)[32m [repeated 253x across cluster][0m
[36m(ClientAppActor pid=13767)[0m    Validation: 12 samples (client-local)[32m [repeated 253x across cluster][0m
[36m(ClientAppActor pid=13767)[0m    Test:       50737 samples (global, shared)[32m [repeated 253x across cluster][0m
[36m(ClientAppActor pid=13782)[0m [Client 1607] Data split:[32m [repeated 256x across cluster][0m
[36m(ClientAppActor pid=13782)[0m    Train:      86 samples (client-local)[32m [repeated 256x across cluster][0m
[36m(ClientAppActor pid=13782)[0m    Validation: 12 samples (client-local)[32m [repeated 256x across cluster][0m
[36m(ClientAppActor pid=13782)[0m    Test:       50737 samples (global, shared)[32m [repeated 256x across cluster][0m
[36m(ClientAppActor pid=13793)[0m [Client 1656] Data split:[32m [repeated 261x across cluster][0m
[36m(ClientAppActor pid=13793)[0m    Train:      86 samples (client-local)[32m [repeated 261x across cluster][0m
[36m(ClientAppActor pid=13793)[0m    Validation: 12 samples (client-local)[32m [repeated 261x across cluster][0m
[36m(ClientAppActor pid=13793)[0m    Test:       50737 samples (global, shared)[32m [repeated 261x across cluster][0m
[36m(ClientAppActor pid=12033)[0m [Client 1239] Data split:[32m [repeated 252x across cluster][0m
[36m(ClientAppActor pid=12033)[0m    Train:      87 samples (client-local)[32m [repeated 252x across cluster][0m
[36m(ClientAppActor pid=12033)[0m    Validation: 12 samples (client-local)[32m [repeated 252x across cluster][0m
[36m(ClientAppActor pid=12033)[0m    Test:       50737 samples (global, shared)[32m [repeated 252x across cluster][0m
[36m(ClientAppActor pid=12033)[0m [Client 602] Data split:[32m [repeated 229x across cluster][0m
[36m(ClientAppActor pid=12033)[0m    Train:      87 samples (client-local)[32m [repeated 229x across cluster][0m
[36m(ClientAppActor pid=12033)[0m    Validation: 12 samples (client-local)[32m [repeated 229x across cluster][0m
[36m(ClientAppActor pid=12033)[0m    Test:       50737 samples (global, shared)[32m [repeated 229x across cluster][0m
[36m(ClientAppActor pid=12033)[0m [Client 577] Data split:[32m [repeated 262x across cluster][0m
[36m(ClientAppActor pid=12033)[0m    Train:      87 samples (client-local)[32m [repeated 262x across cluster][0m
[36m(ClientAppActor pid=12033)[0m    Validation: 12 samples (client-local)[32m [repeated 262x across cluster][0m
[36m(ClientAppActor pid=12033)[0m    Test:       50737 samples (global, shared)[32m [repeated 262x across cluster][0m
[36m(ClientAppActor pid=13765)[0m [Client 1532] Data split:[32m [repeated 260x across cluster][0m
[36m(ClientAppActor pid=13765)[0m    Train:      86 samples (client-local)[32m [repeated 260x across cluster][0m
[36m(ClientAppActor pid=13765)[0m    Validation: 12 samples (client-local)[32m [repeated 260x across cluster][0m
[36m(ClientAppActor pid=13765)[0m    Test:       50737 samples (global, shared)[32m [repeated 260x across cluster][0m
[36m(ClientAppActor pid=13765)[0m [Client 170] Data split:[32m [repeated 248x across cluster][0m
[36m(ClientAppActor pid=13765)[0m    Train:      87 samples (client-local)[32m [repeated 248x across cluster][0m
[36m(ClientAppActor pid=13765)[0m    Validation: 12 samples (client-local)[32m [repeated 248x across cluster][0m
[36m(ClientAppActor pid=13765)[0m    Test:       50737 samples (global, shared)[32m [repeated 248x across cluster][0m
[36m(ClientAppActor pid=13768)[0m [Client 1041] Data split:[32m [repeated 249x across cluster][0m
[36m(ClientAppActor pid=13768)[0m    Train:      87 samples (client-local)[32m [repeated 249x across cluster][0m
[36m(ClientAppActor pid=13768)[0m    Validation: 12 samples (client-local)[32m [repeated 249x across cluster][0m
[36m(ClientAppActor pid=13768)[0m    Test:       50737 samples (global, shared)[32m [repeated 249x across cluster][0m
[36m(ClientAppActor pid=12033)[0m [Client 1415] Data split:[32m [repeated 254x across cluster][0m
[36m(ClientAppActor pid=12033)[0m    Train:      87 samples (client-local)[32m [repeated 254x across cluster][0m[36m(ClientAppActor pid=13766)[0m /home/bax9142/federated-edge-learning/.venv/lib64/python3.13/site-packages/sklearn/metrics/_ranking.py:424: UndefinedMetricWarning: Only one class is present in y_true. ROC AUC score is not defined in that case.[32m [repeated 42x across cluster][0m
[36m(ClientAppActor pid=13766)[0m   warnings.warn([32m [repeated 42x across cluster][0m
[36m(ClientAppActor pid=13795)[0m /home/bax9142/federated-edge-learning/.venv/lib64/python3.13/site-packages/sklearn/metrics/_ranking.py:424: UndefinedMetricWarning: Only one class is present in y_true. ROC AUC score is not defined in that case.[32m [repeated 33x across cluster][0m
[36m(ClientAppActor pid=13795)[0m   warnings.warn([32m [repeated 33x across cluster][0m
[36m(ClientAppActor pid=13771)[0m /home/bax9142/federated-edge-learning/.venv/lib64/python3.13/site-packages/sklearn/metrics/_ranking.py:424: UndefinedMetricWarning: Only one class is present in y_true. ROC AUC score is not defined in that case.[32m [repeated 44x across cluster][0m
[36m(ClientAppActor pid=13771)[0m   warnings.warn([32m [repeated 44x across cluster][0m
[92mINFO [0m:      aggregate_evaluate: received 2048 results and 0 failures
[92mINFO [0m:      
[92mINFO [0m:      [ROUND 22]
[92mINFO [0m:      configure_fit: strategy sampled 1638 clients (out of 2048)
[92mINFO [0m:      aggregate_fit: received 1638 results and 0 failures
[92mINFO [0m:      configure_evaluate: strategy sampled 2048 clients (out of 2048)
[36m(ClientAppActor pid=13763)[0m /home/bax9142/federated-edge-learning/.venv/lib64/python3.13/site-packages/sklearn/metrics/_ranking.py:424: UndefinedMetricWarning: Only one class is present in y_true. ROC AUC score is not defined in that case.[32m [repeated 42x across cluster][0m
[36m(ClientAppActor pid=13763)[0m   warnings.warn([32m [repeated 42x across cluster][0m
[36m(ClientAppActor pid=14800)[0m /home/bax9142/federated-edge-learning/.venv/lib64/python3.13/site-packages/sklearn/metrics/_ranking.py:424: UndefinedMetricWarning: Only one class is present in y_true. ROC AUC score is not defined in that case.[32m [repeated 43x across cluster][0m
[36m(ClientAppActor pid=14800)[0m   warnings.warn([32m [repeated 43x across cluster][0m
[36m(ClientAppActor pid=13794)[0m /home/bax9142/federated-edge-learning/.venv/lib64/python3.13/site-packages/sklearn/metrics/_ranking.py:424: UndefinedMetricWarning: Only one class is present in y_true. ROC AUC score is not defined in that case.[32m [repeated 40x across cluster][0m
[36m(ClientAppActor pid=13794)[0m   warnings.warn([32m [repeated 40x across cluster][0m
[36m(ClientAppActor pid=14738)[0m /home/bax9142/federated-edge-learning/.venv/lib64/python3.13/site-packages/sklearn/metrics/_ranking.py:424: UndefinedMetricWarning: Only one class is present in y_true. ROC AUC score is not defined in that case.[32m [repeated 36x across cluster][0m
[36m(ClientAppActor pid=14738)[0m   warnings.warn([32m [repeated 36x across cluster][0m
[36m(ClientAppActor pid=13768)[0m /home/bax9142/federated-edge-learning/.venv/lib64/python3.13/site-packages/sklearn/metrics/_ranking.py:424: UndefinedMetricWarning: Only one class is present in y_true. ROC AUC score is not defined in that case.[32m [repeated 40x across cluster][0m
[36m(ClientAppActor pid=13768)[0m   warnings.warn([32m [repeated 40x across cluster][0m

[36m(ClientAppActor pid=12033)[0m    Validation: 12 samples (client-local)[32m [repeated 254x across cluster][0m
[36m(ClientAppActor pid=12033)[0m    Test:       50737 samples (global, shared)[32m [repeated 254x across cluster][0m
[36m(ClientAppActor pid=13769)[0m [Client 182] Data split:[32m [repeated 249x across cluster][0m
[36m(ClientAppActor pid=13769)[0m    Train:      87 samples (client-local)[32m [repeated 249x across cluster][0m
[36m(ClientAppActor pid=13769)[0m    Validation: 12 samples (client-local)[32m [repeated 249x across cluster][0m
[36m(ClientAppActor pid=13769)[0m    Test:       50737 samples (global, shared)[32m [repeated 249x across cluster][0m
[36m(ClientAppActor pid=13776)[0m [Client 1194] Data split:[32m [repeated 259x across cluster][0m
[36m(ClientAppActor pid=13776)[0m    Train:      87 samples (client-local)[32m [repeated 259x across cluster][0m
[36m(ClientAppActor pid=13776)[0m    Validation: 12 samples (client-local)[32m [repeated 259x across cluster][0m
[36m(ClientAppActor pid=13776)[0m    Test:       50737 samples (global, shared)[32m [repeated 259x across cluster][0m
[36m(ClientAppActor pid=12033)[0m [Client 1255] Data split:[32m [repeated 249x across cluster][0m
[36m(ClientAppActor pid=12033)[0m    Train:      87 samples (client-local)[32m [repeated 249x across cluster][0m
[36m(ClientAppActor pid=12033)[0m    Validation: 12 samples (client-local)[32m [repeated 249x across cluster][0m
[36m(ClientAppActor pid=12033)[0m    Test:       50737 samples (global, shared)[32m [repeated 249x across cluster][0m

🎯 Multi-Threshold Aggregation:
   ═══════════════════════════════════════════════
   Evaluated 10 thresholds:
     • Thr=0.30: Recall=0.943, Spec=0.295, F1=0.299
     • Thr=0.35: Recall=0.917, Spec=0.352, F1=0.310
     • Thr=0.40: Recall=0.875, Spec=0.415, F1=0.319
   ...

   BEST Threshold: 0.50
     • Recall:      0.787
     • Specificity: 0.535
     • F1-Score:    0.338
     • Score:       0.634
   ═══════════════════════════════════════════════

⚠️  No rounds meet spec≥0.7, using recall filter only
 5 Pareto-optimal rounds (not dominated in recall & spec)

🎯 SELECTED ROUND 21:
   Recall:     0.787
   Specificity: 0.535
   F1-Score:    0.338
   Stability:   1.000
   Alerts/1000: 509.9
   Composite:   0.643


✅ Round 21 is NEW BEST - Saving checkpoint...
   💾 Checkpoint saved: result/splits_iid_scaling/splits_iid_2048_clients.json/multi_thr/model_round_21.pt
⚠️  No rounds meet spec≥0.7, using recall filter only
 5 Pareto-optimal rounds (not dominated in recall & spec)

🎯 SELECTED ROUND 21:
   Recall:     0.787
   Specificity: 0.535
   F1-Score:    0.338
   Stability:   1.000
   Alerts/1000: 509.9
   Composite:   0.643

   💾 Best model saved: result/splits_iid_scaling/splits_iid_2048_clients.json/multi_thr/model_round_21.pt
   📊 Metrics saved: result/splits_iid_scaling/splits_iid_2048_clients.json/multi_thr/run_1.json
[36m(ClientAppActor pid=13769)[0m [Client 1165] Data split:[32m [repeated 232x across cluster][0m
[36m(ClientAppActor pid=13769)[0m    Train:      87 samples (client-local)[32m [repeated 232x across cluster][0m
[36m(ClientAppActor pid=13769)[0m    Validation: 12 samples (client-local)[32m [repeated 232x across cluster][0m
[36m(ClientAppActor pid=13769)[0m    Test:       50737 samples (global, shared)[32m [repeated 232x across cluster][0m
[36m(ClientAppActor pid=13789)[0m [Client 1763] Data split:[32m [repeated 259x across cluster][0m
[36m(ClientAppActor pid=13789)[0m    Train:      86 samples (client-local)[32m [repeated 259x across cluster][0m
[36m(ClientAppActor pid=13789)[0m    Validation: 12 samples (client-local)[32m [repeated 259x across cluster][0m
[36m(ClientAppActor pid=13789)[0m    Test:       50737 samples (global, shared)[32m [repeated 259x across cluster][0m
[36m(ClientAppActor pid=13789)[0m [Client 1924] Data split:[32m [repeated 247x across cluster][0m
[36m(ClientAppActor pid=13789)[0m    Train:      86 samples (client-local)[32m [repeated 247x across cluster][0m
[36m(ClientAppActor pid=13789)[0m    Validation: 12 samples (client-local)[32m [repeated 247x across cluster][0m
[36m(ClientAppActor pid=13789)[0m    Test:       50737 samples (global, shared)[32m [repeated 247x across cluster][0m
[36m(ClientAppActor pid=13769)[0m [Client 530] Data split:[32m [repeated 250x across cluster][0m
[36m(ClientAppActor pid=13769)[0m    Train:      87 samples (client-local)[32m [repeated 250x across cluster][0m
[36m(ClientAppActor pid=13769)[0m    Validation: 12 samples (client-local)[32m [repeated 250x across cluster][0m
[36m(ClientAppActor pid=13769)[0m    Test:       50737 samples (global, shared)[32m [repeated 250x across cluster][0m
[36m(ClientAppActor pid=13776)[0m [Client 1955] Data split:[32m [repeated 258x across cluster][0m
[36m(ClientAppActor pid=13776)[0m    Train:      86 samples (client-local)[32m [repeated 258x across cluster][0m
[36m(ClientAppActor pid=13776)[0m    Validation: 12 samples (client-local)[32m [repeated 258x across cluster][0m
[36m(ClientAppActor pid=13776)[0m    Test:       50737 samples (global, shared)[32m [repeated 258x across cluster][0m
[36m(ClientAppActor pid=13768)[0m [Client 1562] Data split:[32m [repeated 247x across cluster][0m
[36m(ClientAppActor pid=13768)[0m    Train:      86 samples (client-local)[32m [repeated 247x across cluster][0m
[36m(ClientAppActor pid=13768)[0m    Validation: 12 samples (client-local)[32m [repeated 247x across cluster][0m
[36m(ClientAppActor pid=13768)[0m    Test:       50737 samples (global, shared)[32m [repeated 247x across cluster][0m
[36m(ClientAppActor pid=12033)[0m [Client 1405] Data split:[32m [repeated 189x across cluster][0m
[36m(ClientAppActor pid=12033)[0m    Train:      87 samples (client-local)[32m [repeated 189x across cluster][0m
[36m(ClientAppActor pid=12033)[0m    Validation: 12 samples (client-local)[32m [repeated 189x across cluster][0m
[36m(ClientAppActor pid=12033)[0m    Test:       50737 samples (global, shared)[32m [repeated 189x across cluster][0m
[36m(ClientAppActor pid=13769)[0m [Client 969] Data split:[32m [repeated 244x across cluster][0m
[36m(ClientAppActor pid=13769)[0m    Train:      87 samples (client-local)[32m [repeated 244x across cluster][0m
[36m(ClientAppActor pid=13769)[0m    Validation: 12 samples (client-local)[32m [repeated 244x across cluster][0m
[36m(ClientAppActor pid=13769)[0m    Test:       50737 samples (global, shared)[32m [repeated 244x across cluster][0m
[36m(ClientAppActor pid=13776)[0m [Client 272] Data split:[32m [repeated 242x across cluster][0m
[36m(ClientAppActor pid=13776)[0m    Train:      87 samples (client-local)[32m [repeated 242x across cluster][0m
[36m(ClientAppActor pid=13776)[0m    Validation: 12 samples (client-local)[32m [repeated 242x across cluster][0m
[36m(ClientAppActor pid=13776)[0m    Test:       50737 samples (global, shared)[32m [repeated 242x across cluster][0m
[36m(ClientAppActor pid=13768)[0m [Client 236] Data split:[32m [repeated 256x across cluster][0m
[36m(ClientAppActor pid=13768)[0m    Train:      87 samples (client-local)[32m [repeated 256x across cluster][0m
[36m(ClientAppActor pid=13768)[0m    Validation: 12 samples (client-local)[32m [repeated 256x across cluster][0m
[36m(ClientAppActor pid=13768)[0m    Test:       50737 samples (global, shared)[32m [repeated 256x across cluster][0m
[36m(ClientAppActor pid=12033)[0m [Client 598] Data split:[32m [repeated 255x across cluster][0m
[36m(ClientAppActor pid=12033)[0m    Train:      87 samples (client-local)[32m [repeated 255x across cluster][0m
[36m(ClientAppActor pid=12033)[0m    Validation: 12 samples (client-local)[32m [repeated 255x across cluster][0m
[36m(ClientAppActor pid=12033)[0m    Test:       50737 samples (global, shared)[32m [repeated 255x across cluster][0m[36m(ClientAppActor pid=13782)[0m /home/bax9142/federated-edge-learning/.venv/lib64/python3.13/site-packages/sklearn/metrics/_ranking.py:424: UndefinedMetricWarning: Only one class is present in y_true. ROC AUC score is not defined in that case.[32m [repeated 40x across cluster][0m
[36m(ClientAppActor pid=13782)[0m   warnings.warn([32m [repeated 40x across cluster][0m
[36m(ClientAppActor pid=14760)[0m /home/bax9142/federated-edge-learning/.venv/lib64/python3.13/site-packages/sklearn/metrics/_ranking.py:424: UndefinedMetricWarning: Only one class is present in y_true. ROC AUC score is not defined in that case.[32m [repeated 38x across cluster][0m
[36m(ClientAppActor pid=14760)[0m   warnings.warn([32m [repeated 38x across cluster][0m
[36m(ClientAppActor pid=14738)[0m /home/bax9142/federated-edge-learning/.venv/lib64/python3.13/site-packages/sklearn/metrics/_ranking.py:424: UndefinedMetricWarning: Only one class is present in y_true. ROC AUC score is not defined in that case.[32m [repeated 34x across cluster][0m
[36m(ClientAppActor pid=14738)[0m   warnings.warn([32m [repeated 34x across cluster][0m
[92mINFO [0m:      aggregate_evaluate: received 2048 results and 0 failures
[36m(ClientAppActor pid=12033)[0m /home/bax9142/federated-edge-learning/.venv/lib64/python3.13/site-packages/sklearn/metrics/_ranking.py:424: UndefinedMetricWarning: Only one class is present in y_true. ROC AUC score is not defined in that case.[32m [repeated 50x across cluster][0m
[36m(ClientAppActor pid=12033)[0m   warnings.warn([32m [repeated 50x across cluster][0m
[92mINFO [0m:      
[92mINFO [0m:      [ROUND 23]
[92mINFO [0m:      configure_fit: strategy sampled 1638 clients (out of 2048)
[92mINFO [0m:      aggregate_fit: received 1638 results and 0 failures
[92mINFO [0m:      configure_evaluate: strategy sampled 2048 clients (out of 2048)
[36m(ClientAppActor pid=12033)[0m /home/bax9142/federated-edge-learning/.venv/lib64/python3.13/site-packages/sklearn/metrics/_ranking.py:424: UndefinedMetricWarning: Only one class is present in y_true. ROC AUC score is not defined in that case.
[36m(ClientAppActor pid=12033)[0m   warnings.warn(
[36m(ClientAppActor pid=13789)[0m /home/bax9142/federated-edge-learning/.venv/lib64/python3.13/site-packages/sklearn/metrics/_ranking.py:424: UndefinedMetricWarning: Only one class is present in y_true. ROC AUC score is not defined in that case.
[36m(ClientAppActor pid=13789)[0m   warnings.warn(
[36m(ClientAppActor pid=13764)[0m /home/bax9142/federated-edge-learning/.venv/lib64/python3.13/site-packages/sklearn/metrics/_ranking.py:424: UndefinedMetricWarning: Only one class is present in y_true. ROC AUC score is not defined in that case.[32m [repeated 43x across cluster][0m
[36m(ClientAppActor pid=13764)[0m   warnings.warn([32m [repeated 43x across cluster][0m
[36m(ClientAppActor pid=14756)[0m /home/bax9142/federated-edge-learning/.venv/lib64/python3.13/site-packages/sklearn/metrics/_ranking.py:424: UndefinedMetricWarning: Only one class is present in y_true. ROC AUC score is not defined in that case.[32m [repeated 32x across cluster][0m
[36m(ClientAppActor pid=14756)[0m   warnings.warn([32m [repeated 32x across cluster][0m
[36m(ClientAppActor pid=14794)[0m /home/bax9142/federated-edge-learning/.venv/lib64/python3.13/site-packages/sklearn/metrics/_ranking.py:424: UndefinedMetricWarning: Only one class is present in y_true. ROC AUC score is not defined in that case.[32m [repeated 45x across cluster][0m
[36m(ClientAppActor pid=14794)[0m   warnings.warn([32m [repeated 45x across cluster][0m
[36m(ClientAppActor pid=13776)[0m /home/bax9142/federated-edge-learning/.venv/lib64/python3.13/site-packages/sklearn/metrics/_ranking.py:424: UndefinedMetricWarning: Only one class is present in y_true. ROC AUC score is not defined in that case.[32m [repeated 47x across cluster][0m
[36m(ClientAppActor pid=13776)[0m   warnings.warn([32m [repeated 47x across cluster][0m

[36m(ClientAppActor pid=13776)[0m [Client 879] Data split:[32m [repeated 252x across cluster][0m
[36m(ClientAppActor pid=13776)[0m    Train:      87 samples (client-local)[32m [repeated 252x across cluster][0m
[36m(ClientAppActor pid=13776)[0m    Validation: 12 samples (client-local)[32m [repeated 252x across cluster][0m
[36m(ClientAppActor pid=13776)[0m    Test:       50737 samples (global, shared)[32m [repeated 252x across cluster][0m
[36m(ClientAppActor pid=12033)[0m [Client 1565] Data split:[32m [repeated 254x across cluster][0m
[36m(ClientAppActor pid=12033)[0m    Train:      86 samples (client-local)[32m [repeated 254x across cluster][0m
[36m(ClientAppActor pid=12033)[0m    Validation: 12 samples (client-local)[32m [repeated 254x across cluster][0m
[36m(ClientAppActor pid=12033)[0m    Test:       50737 samples (global, shared)[32m [repeated 254x across cluster][0m
[36m(ClientAppActor pid=13767)[0m [Client 1722] Data split:[32m [repeated 254x across cluster][0m
[36m(ClientAppActor pid=13767)[0m    Train:      86 samples (client-local)[32m [repeated 254x across cluster][0m
[36m(ClientAppActor pid=13767)[0m    Validation: 12 samples (client-local)[32m [repeated 254x across cluster][0m
[36m(ClientAppActor pid=13767)[0m    Test:       50737 samples (global, shared)[32m [repeated 254x across cluster][0m
[36m(ClientAppActor pid=13768)[0m [Client 1690] Data split:[32m [repeated 254x across cluster][0m
[36m(ClientAppActor pid=13768)[0m    Train:      86 samples (client-local)[32m [repeated 254x across cluster][0m
[36m(ClientAppActor pid=13768)[0m    Validation: 12 samples (client-local)[32m [repeated 254x across cluster][0m
[36m(ClientAppActor pid=13768)[0m    Test:       50737 samples (global, shared)[32m [repeated 254x across cluster][0m

🎯 Multi-Threshold Aggregation:
   ═══════════════════════════════════════════════
   Evaluated 10 thresholds:
     • Thr=0.30: Recall=0.943, Spec=0.299, F1=0.301
     • Thr=0.35: Recall=0.917, Spec=0.357, F1=0.311
     • Thr=0.40: Recall=0.877, Spec=0.418, F1=0.320
   ...

   BEST Threshold: 0.50
     • Recall:      0.787
     • Specificity: 0.538
     • F1-Score:    0.339
     • Score:       0.636
   ═══════════════════════════════════════════════

⚠️  No rounds meet spec≥0.7, using recall filter only
 5 Pareto-optimal rounds (not dominated in recall & spec)

🎯 SELECTED ROUND 22:
   Recall:     0.787
   Specificity: 0.538
   F1-Score:    0.339
   Stability:   1.000
   Alerts/1000: 507.4
   Composite:   0.644


✅ Round 22 is NEW BEST - Saving checkpoint...
   💾 Checkpoint saved: result/splits_iid_scaling/splits_iid_2048_clients.json/multi_thr/model_round_22.pt
⚠️  No rounds meet spec≥0.7, using recall filter only
 5 Pareto-optimal rounds (not dominated in recall & spec)

🎯 SELECTED ROUND 22:
   Recall:     0.787
   Specificity: 0.538
   F1-Score:    0.339
   Stability:   1.000
   Alerts/1000: 507.4
   Composite:   0.644

   💾 Best model saved: result/splits_iid_scaling/splits_iid_2048_clients.json/multi_thr/model_round_22.pt
   📊 Metrics saved: result/splits_iid_scaling/splits_iid_2048_clients.json/multi_thr/run_1.json
[36m(ClientAppActor pid=13764)[0m [Client 604] Data split:[32m [repeated 230x across cluster][0m
[36m(ClientAppActor pid=13764)[0m    Train:      87 samples (client-local)[32m [repeated 230x across cluster][0m
[36m(ClientAppActor pid=13764)[0m    Validation: 12 samples (client-local)[32m [repeated 230x across cluster][0m
[36m(ClientAppActor pid=13764)[0m    Test:       50737 samples (global, shared)[32m [repeated 230x across cluster][0m
[36m(ClientAppActor pid=13764)[0m [Client 1714] Data split:[32m [repeated 256x across cluster][0m
[36m(ClientAppActor pid=13764)[0m    Train:      86 samples (client-local)[32m [repeated 256x across cluster][0m
[36m(ClientAppActor pid=13764)[0m    Validation: 12 samples (client-local)[32m [repeated 256x across cluster][0m
[36m(ClientAppActor pid=13764)[0m    Test:       50737 samples (global, shared)[32m [repeated 256x across cluster][0m
[36m(ClientAppActor pid=13776)[0m [Client 1224] Data split:[32m [repeated 248x across cluster][0m
[36m(ClientAppActor pid=13776)[0m    Train:      87 samples (client-local)[32m [repeated 248x across cluster][0m
[36m(ClientAppActor pid=13776)[0m    Validation: 12 samples (client-local)[32m [repeated 248x across cluster][0m
[36m(ClientAppActor pid=13776)[0m    Test:       50737 samples (global, shared)[32m [repeated 248x across cluster][0m
[36m(ClientAppActor pid=14738)[0m [Client 1578] Data split:[32m [repeated 251x across cluster][0m
[36m(ClientAppActor pid=14738)[0m    Train:      86 samples (client-local)[32m [repeated 251x across cluster][0m
[36m(ClientAppActor pid=14738)[0m    Validation: 12 samples (client-local)[32m [repeated 251x across cluster][0m
[36m(ClientAppActor pid=14738)[0m    Test:       50737 samples (global, shared)[32m [repeated 251x across cluster][0m
[36m(ClientAppActor pid=13793)[0m [Client 1979] Data split:[32m [repeated 255x across cluster][0m
[36m(ClientAppActor pid=13793)[0m    Train:      86 samples (client-local)[32m [repeated 255x across cluster][0m
[36m(ClientAppActor pid=13793)[0m    Validation: 12 samples (client-local)[32m [repeated 255x across cluster][0m
[36m(ClientAppActor pid=13793)[0m    Test:       50737 samples (global, shared)[32m [repeated 255x across cluster][0m
[36m(ClientAppActor pid=13767)[0m [Client 961] Data split:[32m [repeated 246x across cluster][0m
[36m(ClientAppActor pid=13767)[0m    Train:      87 samples (client-local)[32m [repeated 246x across cluster][0m
[36m(ClientAppActor pid=13767)[0m    Validation: 12 samples (client-local)[32m [repeated 246x across cluster][0m
[36m(ClientAppActor pid=13767)[0m    Test:       50737 samples (global, shared)[32m [repeated 246x across cluster][0m
[36m(ClientAppActor pid=13764)[0m [Client 1191] Data split:[32m [repeated 195x across cluster][0m
[36m(ClientAppActor pid=13764)[0m    Train:      87 samples (client-local)[32m [repeated 195x across cluster][0m
[36m(ClientAppActor pid=13764)[0m    Validation: 12 samples (client-local)[32m [repeated 195x across cluster][0m
[36m(ClientAppActor pid=13764)[0m    Test:       50737 samples (global, shared)[32m [repeated 195x across cluster][0m
[36m(ClientAppActor pid=13767)[0m [Client 391] Data split:[32m [repeated 231x across cluster][0m
[36m(ClientAppActor pid=13767)[0m    Train:      87 samples (client-local)[32m [repeated 231x across cluster][0m
[36m(ClientAppActor pid=13767)[0m    Validation: 12 samples (client-local)[32m [repeated 231x across cluster][0m
[36m(ClientAppActor pid=13767)[0m    Test:       50737 samples (global, shared)[32m [repeated 231x across cluster][0m
[36m(ClientAppActor pid=13796)[0m [Client 1879] Data split:[32m [repeated 258x across cluster][0m
[36m(ClientAppActor pid=13796)[0m    Train:      86 samples (client-local)[32m [repeated 258x across cluster][0m
[36m(ClientAppActor pid=13796)[0m    Validation: 12 samples (client-local)[32m [repeated 258x across cluster][0m
[36m(ClientAppActor pid=13796)[0m    Test:       50737 samples (global, shared)[32m [repeated 258x across cluster][0m
[36m(ClientAppActor pid=13768)[0m [Client 1573] Data split:[32m [repeated 246x across cluster][0m
[36m(ClientAppActor pid=13768)[0m    Train:      86 samples (client-local)[32m [repeated 246x across cluster][0m
[36m(ClientAppActor pid=13768)[0m    Validation: 12 samples (client-local)[32m [repeated 246x across cluster][0m
[36m(ClientAppActor pid=13768)[0m    Test:       50737 samples (global, shared)[32m [repeated 246x across cluster][0m
[36m(ClientAppActor pid=12033)[0m [Client 124] Data split:[32m [repeated 244x across cluster][0m
[36m(ClientAppActor pid=12033)[0m    Train:      87 samples (client-local)[32m [repeated 244x across cluster][0m[36m(ClientAppActor pid=13793)[0m /home/bax9142/federated-edge-learning/.venv/lib64/python3.13/site-packages/sklearn/metrics/_ranking.py:424: UndefinedMetricWarning: Only one class is present in y_true. ROC AUC score is not defined in that case.[32m [repeated 53x across cluster][0m
[36m(ClientAppActor pid=13793)[0m   warnings.warn([32m [repeated 53x across cluster][0m
[36m(ClientAppActor pid=14794)[0m /home/bax9142/federated-edge-learning/.venv/lib64/python3.13/site-packages/sklearn/metrics/_ranking.py:424: UndefinedMetricWarning: Only one class is present in y_true. ROC AUC score is not defined in that case.[32m [repeated 28x across cluster][0m
[36m(ClientAppActor pid=14794)[0m   warnings.warn([32m [repeated 28x across cluster][0m
[36m(ClientAppActor pid=14760)[0m /home/bax9142/federated-edge-learning/.venv/lib64/python3.13/site-packages/sklearn/metrics/_ranking.py:424: UndefinedMetricWarning: Only one class is present in y_true. ROC AUC score is not defined in that case.[32m [repeated 41x across cluster][0m
[36m(ClientAppActor pid=14760)[0m   warnings.warn([32m [repeated 41x across cluster][0m
[36m(ClientAppActor pid=14756)[0m /home/bax9142/federated-edge-learning/.venv/lib64/python3.13/site-packages/sklearn/metrics/_ranking.py:424: UndefinedMetricWarning: Only one class is present in y_true. ROC AUC score is not defined in that case.[32m [repeated 31x across cluster][0m
[36m(ClientAppActor pid=14756)[0m   warnings.warn([32m [repeated 31x across cluster][0m
[92mINFO [0m:      aggregate_evaluate: received 2048 results and 0 failures
[92mINFO [0m:      
[92mINFO [0m:      [ROUND 24]
[92mINFO [0m:      configure_fit: strategy sampled 1638 clients (out of 2048)
[92mINFO [0m:      aggregate_fit: received 1638 results and 0 failures
[92mINFO [0m:      configure_evaluate: strategy sampled 2048 clients (out of 2048)
[36m(ClientAppActor pid=13767)[0m /home/bax9142/federated-edge-learning/.venv/lib64/python3.13/site-packages/sklearn/metrics/_ranking.py:424: UndefinedMetricWarning: Only one class is present in y_true. ROC AUC score is not defined in that case.
[36m(ClientAppActor pid=13767)[0m   warnings.warn(
[36m(ClientAppActor pid=13794)[0m /home/bax9142/federated-edge-learning/.venv/lib64/python3.13/site-packages/sklearn/metrics/_ranking.py:424: UndefinedMetricWarning: Only one class is present in y_true. ROC AUC score is not defined in that case.
[36m(ClientAppActor pid=13794)[0m   warnings.warn(
[36m(ClientAppActor pid=13796)[0m /home/bax9142/federated-edge-learning/.venv/lib64/python3.13/site-packages/sklearn/metrics/_ranking.py:424: UndefinedMetricWarning: Only one class is present in y_true. ROC AUC score is not defined in that case.[32m [repeated 40x across cluster][0m
[36m(ClientAppActor pid=13796)[0m   warnings.warn([32m [repeated 40x across cluster][0m
[36m(ClientAppActor pid=13766)[0m /home/bax9142/federated-edge-learning/.venv/lib64/python3.13/site-packages/sklearn/metrics/_ranking.py:424: UndefinedMetricWarning: Only one class is present in y_true. ROC AUC score is not defined in that case.[32m [repeated 44x across cluster][0m
[36m(ClientAppActor pid=13766)[0m   warnings.warn([32m [repeated 44x across cluster][0m
[36m(ClientAppActor pid=14737)[0m /home/bax9142/federated-edge-learning/.venv/lib64/python3.13/site-packages/sklearn/metrics/_ranking.py:424: UndefinedMetricWarning: Only one class is present in y_true. ROC AUC score is not defined in that case.[32m [repeated 45x across cluster][0m
[36m(ClientAppActor pid=14737)[0m   warnings.warn([32m [repeated 45x across cluster][0m

[36m(ClientAppActor pid=12033)[0m    Validation: 12 samples (client-local)[32m [repeated 244x across cluster][0m
[36m(ClientAppActor pid=12033)[0m    Test:       50737 samples (global, shared)[32m [repeated 244x across cluster][0m
[36m(ClientAppActor pid=13767)[0m [Client 1505] Data split:[32m [repeated 269x across cluster][0m
[36m(ClientAppActor pid=13767)[0m    Train:      86 samples (client-local)[32m [repeated 269x across cluster][0m
[36m(ClientAppActor pid=13767)[0m    Validation: 12 samples (client-local)[32m [repeated 269x across cluster][0m
[36m(ClientAppActor pid=13767)[0m    Test:       50737 samples (global, shared)[32m [repeated 269x across cluster][0m
[36m(ClientAppActor pid=12033)[0m [Client 467] Data split:[32m [repeated 246x across cluster][0m
[36m(ClientAppActor pid=12033)[0m    Train:      87 samples (client-local)[32m [repeated 246x across cluster][0m
[36m(ClientAppActor pid=12033)[0m    Validation: 12 samples (client-local)[32m [repeated 246x across cluster][0m
[36m(ClientAppActor pid=12033)[0m    Test:       50737 samples (global, shared)[32m [repeated 246x across cluster][0m
[36m(ClientAppActor pid=12033)[0m [Client 1643] Data split:[32m [repeated 257x across cluster][0m
[36m(ClientAppActor pid=12033)[0m    Train:      86 samples (client-local)[32m [repeated 257x across cluster][0m
[36m(ClientAppActor pid=12033)[0m    Validation: 12 samples (client-local)[32m [repeated 257x across cluster][0m
[36m(ClientAppActor pid=12033)[0m    Test:       50737 samples (global, shared)[32m [repeated 257x across cluster][0m
[36m(ClientAppActor pid=13767)[0m [Client 984] Data split:[32m [repeated 254x across cluster][0m
[36m(ClientAppActor pid=13767)[0m    Train:      87 samples (client-local)[32m [repeated 254x across cluster][0m
[36m(ClientAppActor pid=13767)[0m    Validation: 12 samples (client-local)[32m [repeated 254x across cluster][0m
[36m(ClientAppActor pid=13767)[0m    Test:       50737 samples (global, shared)[32m [repeated 254x across cluster][0m

🎯 Multi-Threshold Aggregation:
   ═══════════════════════════════════════════════
   Evaluated 10 thresholds:
     • Thr=0.30: Recall=0.943, Spec=0.303, F1=0.302
     • Thr=0.35: Recall=0.916, Spec=0.361, F1=0.313
     • Thr=0.40: Recall=0.877, Spec=0.421, F1=0.322
   ...

   BEST Threshold: 0.50
     • Recall:      0.787
     • Specificity: 0.541
     • F1-Score:    0.340
     • Score:       0.637
   ═══════════════════════════════════════════════

⚠️  No rounds meet spec≥0.7, using recall filter only
 5 Pareto-optimal rounds (not dominated in recall & spec)

🎯 SELECTED ROUND 23:
   Recall:     0.787
   Specificity: 0.541
   F1-Score:    0.340
   Stability:   1.000
   Alerts/1000: 505.0
   Composite:   0.645


✅ Round 23 is NEW BEST - Saving checkpoint...
   💾 Checkpoint saved: result/splits_iid_scaling/splits_iid_2048_clients.json/multi_thr/model_round_23.pt
⚠️  No rounds meet spec≥0.7, using recall filter only
 5 Pareto-optimal rounds (not dominated in recall & spec)

🎯 SELECTED ROUND 23:
   Recall:     0.787
   Specificity: 0.541
   F1-Score:    0.340
   Stability:   1.000
   Alerts/1000: 505.0
   Composite:   0.645

   💾 Best model saved: result/splits_iid_scaling/splits_iid_2048_clients.json/multi_thr/model_round_23.pt
   📊 Metrics saved: result/splits_iid_scaling/splits_iid_2048_clients.json/multi_thr/run_1.json
[36m(ClientAppActor pid=13769)[0m [Client 647] Data split:[32m [repeated 218x across cluster][0m
[36m(ClientAppActor pid=13769)[0m    Train:      87 samples (client-local)[32m [repeated 218x across cluster][0m
[36m(ClientAppActor pid=13769)[0m    Validation: 12 samples (client-local)[32m [repeated 218x across cluster][0m
[36m(ClientAppActor pid=13769)[0m    Test:       50737 samples (global, shared)[32m [repeated 218x across cluster][0m
[36m(ClientAppActor pid=13766)[0m [Client 1956] Data split:[32m [repeated 259x across cluster][0m
[36m(ClientAppActor pid=13766)[0m    Train:      86 samples (client-local)[32m [repeated 259x across cluster][0m
[36m(ClientAppActor pid=13766)[0m    Validation: 12 samples (client-local)[32m [repeated 259x across cluster][0m
[36m(ClientAppActor pid=13766)[0m    Test:       50737 samples (global, shared)[32m [repeated 259x across cluster][0m
[36m(ClientAppActor pid=14765)[0m [Client 34] Data split:[32m [repeated 247x across cluster][0m
[36m(ClientAppActor pid=14765)[0m    Train:      87 samples (client-local)[32m [repeated 247x across cluster][0m
[36m(ClientAppActor pid=14765)[0m    Validation: 12 samples (client-local)[32m [repeated 247x across cluster][0m
[36m(ClientAppActor pid=14765)[0m    Test:       50737 samples (global, shared)[32m [repeated 247x across cluster][0m
[36m(ClientAppActor pid=13767)[0m [Client 225] Data split:[32m [repeated 261x across cluster][0m
[36m(ClientAppActor pid=13767)[0m    Train:      87 samples (client-local)[32m [repeated 261x across cluster][0m
[36m(ClientAppActor pid=13767)[0m    Validation: 12 samples (client-local)[32m [repeated 261x across cluster][0m
[36m(ClientAppActor pid=13767)[0m    Test:       50737 samples (global, shared)[32m [repeated 261x across cluster][0m
[36m(ClientAppActor pid=13764)[0m [Client 363] Data split:[32m [repeated 254x across cluster][0m
[36m(ClientAppActor pid=13764)[0m    Train:      87 samples (client-local)[32m [repeated 254x across cluster][0m
[36m(ClientAppActor pid=13764)[0m    Validation: 12 samples (client-local)[32m [repeated 254x across cluster][0m
[36m(ClientAppActor pid=13764)[0m    Test:       50737 samples (global, shared)[32m [repeated 254x across cluster][0m
[36m(ClientAppActor pid=13776)[0m [Client 1987] Data split:[32m [repeated 256x across cluster][0m
[36m(ClientAppActor pid=13776)[0m    Train:      86 samples (client-local)[32m [repeated 256x across cluster][0m
[36m(ClientAppActor pid=13776)[0m    Validation: 12 samples (client-local)[32m [repeated 256x across cluster][0m
[36m(ClientAppActor pid=13776)[0m    Test:       50737 samples (global, shared)[32m [repeated 256x across cluster][0m
[36m(ClientAppActor pid=13796)[0m [Client 1613] Data split:[32m [repeated 187x across cluster][0m
[36m(ClientAppActor pid=13796)[0m    Train:      86 samples (client-local)[32m [repeated 187x across cluster][0m
[36m(ClientAppActor pid=13796)[0m    Validation: 12 samples (client-local)[32m [repeated 187x across cluster][0m
[36m(ClientAppActor pid=13796)[0m    Test:       50737 samples (global, shared)[32m [repeated 187x across cluster][0m
[36m(ClientAppActor pid=13766)[0m [Client 941] Data split:[32m [repeated 252x across cluster][0m
[36m(ClientAppActor pid=13766)[0m    Train:      87 samples (client-local)[32m [repeated 252x across cluster][0m
[36m(ClientAppActor pid=13766)[0m    Validation: 12 samples (client-local)[32m [repeated 252x across cluster][0m
[36m(ClientAppActor pid=13766)[0m    Test:       50737 samples (global, shared)[32m [repeated 252x across cluster][0m
[36m(ClientAppActor pid=13764)[0m [Client 625] Data split:[32m [repeated 257x across cluster][0m
[36m(ClientAppActor pid=13764)[0m    Train:      87 samples (client-local)[32m [repeated 257x across cluster][0m
[36m(ClientAppActor pid=13764)[0m    Validation: 12 samples (client-local)[32m [repeated 257x across cluster][0m
[36m(ClientAppActor pid=13764)[0m    Test:       50737 samples (global, shared)[32m [repeated 257x across cluster][0m
[36m(ClientAppActor pid=14760)[0m [Client 1569] Data split:[32m [repeated 256x across cluster][0m
[36m(ClientAppActor pid=14760)[0m    Train:      86 samples (client-local)[32m [repeated 256x across cluster][0m
[36m(ClientAppActor pid=14760)[0m    Validation: 12 samples (client-local)[32m [repeated 256x across cluster][0m
[36m(ClientAppActor pid=14760)[0m    Test:       50737 samples (global, shared)[32m [repeated 256x across cluster][0m[36m(ClientAppActor pid=13763)[0m /home/bax9142/federated-edge-learning/.venv/lib64/python3.13/site-packages/sklearn/metrics/_ranking.py:424: UndefinedMetricWarning: Only one class is present in y_true. ROC AUC score is not defined in that case.[32m [repeated 38x across cluster][0m
[36m(ClientAppActor pid=13763)[0m   warnings.warn([32m [repeated 38x across cluster][0m
[36m(ClientAppActor pid=13763)[0m /home/bax9142/federated-edge-learning/.venv/lib64/python3.13/site-packages/sklearn/metrics/_ranking.py:424: UndefinedMetricWarning: Only one class is present in y_true. ROC AUC score is not defined in that case.[32m [repeated 39x across cluster][0m
[36m(ClientAppActor pid=13763)[0m   warnings.warn([32m [repeated 39x across cluster][0m
[36m(ClientAppActor pid=13766)[0m /home/bax9142/federated-edge-learning/.venv/lib64/python3.13/site-packages/sklearn/metrics/_ranking.py:424: UndefinedMetricWarning: Only one class is present in y_true. ROC AUC score is not defined in that case.[32m [repeated 39x across cluster][0m
[36m(ClientAppActor pid=13766)[0m   warnings.warn([32m [repeated 39x across cluster][0m
[36m(ClientAppActor pid=14738)[0m /home/bax9142/federated-edge-learning/.venv/lib64/python3.13/site-packages/sklearn/metrics/_ranking.py:424: UndefinedMetricWarning: Only one class is present in y_true. ROC AUC score is not defined in that case.[32m [repeated 33x across cluster][0m
[36m(ClientAppActor pid=14738)[0m   warnings.warn([32m [repeated 33x across cluster][0m
[92mINFO [0m:      aggregate_evaluate: received 2048 results and 0 failures
[92mINFO [0m:      
[92mINFO [0m:      [ROUND 25]
[92mINFO [0m:      configure_fit: strategy sampled 1638 clients (out of 2048)
[92mINFO [0m:      aggregate_fit: received 1638 results and 0 failures
[92mINFO [0m:      configure_evaluate: strategy sampled 2048 clients (out of 2048)
[36m(ClientAppActor pid=13782)[0m /home/bax9142/federated-edge-learning/.venv/lib64/python3.13/site-packages/sklearn/metrics/_ranking.py:424: UndefinedMetricWarning: Only one class is present in y_true. ROC AUC score is not defined in that case.[32m [repeated 43x across cluster][0m
[36m(ClientAppActor pid=13782)[0m   warnings.warn([32m [repeated 43x across cluster][0m
[36m(ClientAppActor pid=14789)[0m /home/bax9142/federated-edge-learning/.venv/lib64/python3.13/site-packages/sklearn/metrics/_ranking.py:424: UndefinedMetricWarning: Only one class is present in y_true. ROC AUC score is not defined in that case.[32m [repeated 52x across cluster][0m
[36m(ClientAppActor pid=14789)[0m   warnings.warn([32m [repeated 52x across cluster][0m
[36m(ClientAppActor pid=13765)[0m /home/bax9142/federated-edge-learning/.venv/lib64/python3.13/site-packages/sklearn/metrics/_ranking.py:424: UndefinedMetricWarning: Only one class is present in y_true. ROC AUC score is not defined in that case.[32m [repeated 39x across cluster][0m
[36m(ClientAppActor pid=13765)[0m   warnings.warn([32m [repeated 39x across cluster][0m
[36m(ClientAppActor pid=13767)[0m /home/bax9142/federated-edge-learning/.venv/lib64/python3.13/site-packages/sklearn/metrics/_ranking.py:424: UndefinedMetricWarning: Only one class is present in y_true. ROC AUC score is not defined in that case.[32m [repeated 43x across cluster][0m
[36m(ClientAppActor pid=13767)[0m   warnings.warn([32m [repeated 43x across cluster][0m

[36m(ClientAppActor pid=13764)[0m [Client 808] Data split:[32m [repeated 243x across cluster][0m
[36m(ClientAppActor pid=13764)[0m    Train:      87 samples (client-local)[32m [repeated 243x across cluster][0m
[36m(ClientAppActor pid=13764)[0m    Validation: 12 samples (client-local)[32m [repeated 243x across cluster][0m
[36m(ClientAppActor pid=13764)[0m    Test:       50737 samples (global, shared)[32m [repeated 243x across cluster][0m
[36m(ClientAppActor pid=13769)[0m [Client 60] Data split:[32m [repeated 252x across cluster][0m
[36m(ClientAppActor pid=13769)[0m    Train:      87 samples (client-local)[32m [repeated 252x across cluster][0m
[36m(ClientAppActor pid=13769)[0m    Validation: 12 samples (client-local)[32m [repeated 252x across cluster][0m
[36m(ClientAppActor pid=13769)[0m    Test:       50737 samples (global, shared)[32m [repeated 252x across cluster][0m
[36m(ClientAppActor pid=13765)[0m [Client 132] Data split:[32m [repeated 262x across cluster][0m
[36m(ClientAppActor pid=13765)[0m    Train:      87 samples (client-local)[32m [repeated 262x across cluster][0m
[36m(ClientAppActor pid=13765)[0m    Validation: 12 samples (client-local)[32m [repeated 262x across cluster][0m
[36m(ClientAppActor pid=13765)[0m    Test:       50737 samples (global, shared)[32m [repeated 262x across cluster][0m
[36m(ClientAppActor pid=13765)[0m [Client 1247] Data split:[32m [repeated 257x across cluster][0m
[36m(ClientAppActor pid=13765)[0m    Train:      87 samples (client-local)[32m [repeated 257x across cluster][0m
[36m(ClientAppActor pid=13765)[0m    Validation: 12 samples (client-local)[32m [repeated 257x across cluster][0m
[36m(ClientAppActor pid=13765)[0m    Test:       50737 samples (global, shared)[32m [repeated 257x across cluster][0m

🎯 Multi-Threshold Aggregation:
   ═══════════════════════════════════════════════
   Evaluated 10 thresholds:
     • Thr=0.30: Recall=0.943, Spec=0.306, F1=0.303
     • Thr=0.35: Recall=0.917, Spec=0.364, F1=0.314
     • Thr=0.40: Recall=0.877, Spec=0.425, F1=0.323
   ...

   BEST Threshold: 0.50
     • Recall:      0.788
     • Specificity: 0.543
     • F1-Score:    0.342
     • Score:       0.639
   ═══════════════════════════════════════════════

⚠️  No rounds meet spec≥0.7, using recall filter only
 3 Pareto-optimal rounds (not dominated in recall & spec)

🎯 SELECTED ROUND 24:
   Recall:     0.788
   Specificity: 0.543
   F1-Score:    0.342
   Stability:   1.000
   Alerts/1000: 502.9
   Composite:   0.647


✅ Round 24 is NEW BEST - Saving checkpoint...
   💾 Checkpoint saved: result/splits_iid_scaling/splits_iid_2048_clients.json/multi_thr/model_round_24.pt
⚠️  No rounds meet spec≥0.7, using recall filter only
 3 Pareto-optimal rounds (not dominated in recall & spec)

🎯 SELECTED ROUND 24:
   Recall:     0.788
   Specificity: 0.543
   F1-Score:    0.342
   Stability:   1.000
   Alerts/1000: 502.9
   Composite:   0.647

   💾 Best model saved: result/splits_iid_scaling/splits_iid_2048_clients.json/multi_thr/model_round_24.pt
   📊 Metrics saved: result/splits_iid_scaling/splits_iid_2048_clients.json/multi_thr/run_1.json
[36m(ClientAppActor pid=13789)[0m [Client 32] Data split:[32m [repeated 236x across cluster][0m
[36m(ClientAppActor pid=13789)[0m    Train:      87 samples (client-local)[32m [repeated 236x across cluster][0m
[36m(ClientAppActor pid=13789)[0m    Validation: 12 samples (client-local)[32m [repeated 236x across cluster][0m
[36m(ClientAppActor pid=13789)[0m    Test:       50737 samples (global, shared)[32m [repeated 236x across cluster][0m
[36m(ClientAppActor pid=13765)[0m [Client 365] Data split:[32m [repeated 255x across cluster][0m
[36m(ClientAppActor pid=13765)[0m    Train:      87 samples (client-local)[32m [repeated 255x across cluster][0m
[36m(ClientAppActor pid=13765)[0m    Validation: 12 samples (client-local)[32m [repeated 255x across cluster][0m
[36m(ClientAppActor pid=13765)[0m    Test:       50737 samples (global, shared)[32m [repeated 255x across cluster][0m
[36m(ClientAppActor pid=12033)[0m [Client 1015] Data split:[32m [repeated 257x across cluster][0m
[36m(ClientAppActor pid=12033)[0m    Train:      87 samples (client-local)[32m [repeated 257x across cluster][0m
[36m(ClientAppActor pid=12033)[0m    Validation: 12 samples (client-local)[32m [repeated 257x across cluster][0m
[36m(ClientAppActor pid=12033)[0m    Test:       50737 samples (global, shared)[32m [repeated 257x across cluster][0m
[36m(ClientAppActor pid=13794)[0m [Client 1042] Data split:[32m [repeated 253x across cluster][0m
[36m(ClientAppActor pid=13794)[0m    Train:      87 samples (client-local)[32m [repeated 253x across cluster][0m
[36m(ClientAppActor pid=13794)[0m    Validation: 12 samples (client-local)[32m [repeated 253x across cluster][0m
[36m(ClientAppActor pid=13794)[0m    Test:       50737 samples (global, shared)[32m [repeated 253x across cluster][0m
[36m(ClientAppActor pid=14790)[0m [Client 804] Data split:[32m [repeated 252x across cluster][0m
[36m(ClientAppActor pid=14790)[0m    Train:      87 samples (client-local)[32m [repeated 252x across cluster][0m
[36m(ClientAppActor pid=14790)[0m    Validation: 12 samples (client-local)[32m [repeated 252x across cluster][0m
[36m(ClientAppActor pid=14790)[0m    Test:       50737 samples (global, shared)[32m [repeated 252x across cluster][0m
[36m(ClientAppActor pid=13771)[0m [Client 1025] Data split:[32m [repeated 249x across cluster][0m
[36m(ClientAppActor pid=13771)[0m    Train:      87 samples (client-local)[32m [repeated 249x across cluster][0m
[36m(ClientAppActor pid=13771)[0m    Validation: 12 samples (client-local)[32m [repeated 249x across cluster][0m
[36m(ClientAppActor pid=13771)[0m    Test:       50737 samples (global, shared)[32m [repeated 249x across cluster][0m
[36m(ClientAppActor pid=13767)[0m [Client 716] Data split:[32m [repeated 259x across cluster][0m
[36m(ClientAppActor pid=13767)[0m    Train:      87 samples (client-local)[32m [repeated 259x across cluster][0m
[36m(ClientAppActor pid=13767)[0m    Validation: 12 samples (client-local)[32m [repeated 259x across cluster][0m
[36m(ClientAppActor pid=13767)[0m    Test:       50737 samples (global, shared)[32m [repeated 259x across cluster][0m
[36m(ClientAppActor pid=13764)[0m [Client 124] Data split:[32m [repeated 177x across cluster][0m
[36m(ClientAppActor pid=13764)[0m    Train:      87 samples (client-local)[32m [repeated 177x across cluster][0m
[36m(ClientAppActor pid=13764)[0m    Validation: 12 samples (client-local)[32m [repeated 177x across cluster][0m
[36m(ClientAppActor pid=13764)[0m    Test:       50737 samples (global, shared)[32m [repeated 177x across cluster][0m
[36m(ClientAppActor pid=13793)[0m [Client 1160] Data split:[32m [repeated 260x across cluster][0m
[36m(ClientAppActor pid=13793)[0m    Train:      87 samples (client-local)[32m [repeated 260x across cluster][0m
[36m(ClientAppActor pid=13793)[0m    Validation: 12 samples (client-local)[32m [repeated 260x across cluster][0m
[36m(ClientAppActor pid=13793)[0m    Test:       50737 samples (global, shared)[32m [repeated 260x across cluster][0m
[36m(ClientAppActor pid=13767)[0m [Client 1984] Data split:[32m [repeated 247x across cluster][0m
[36m(ClientAppActor pid=13767)[0m    Train:      86 samples (client-local)[32m [repeated 247x across cluster][0m
[36m(ClientAppActor pid=13767)[0m    Validation: 12 samples (client-local)[32m [repeated 247x across cluster][0m
[36m(ClientAppActor pid=13767)[0m    Test:       50737 samples (global, shared)[32m [repeated 247x across cluster][0m
[36m(ClientAppActor pid=13767)[0m [Client 1226] Data split:[32m [repeated 259x across cluster][0m
[36m(ClientAppActor pid=13767)[0m    Train:      87 samples (client-local)[32m [repeated 259x across cluster][0m[36m(ClientAppActor pid=14738)[0m /home/bax9142/federated-edge-learning/.venv/lib64/python3.13/site-packages/sklearn/metrics/_ranking.py:424: UndefinedMetricWarning: Only one class is present in y_true. ROC AUC score is not defined in that case.[32m [repeated 34x across cluster][0m
[36m(ClientAppActor pid=14738)[0m   warnings.warn([32m [repeated 34x across cluster][0m
[36m(ClientAppActor pid=13789)[0m /home/bax9142/federated-edge-learning/.venv/lib64/python3.13/site-packages/sklearn/metrics/_ranking.py:424: UndefinedMetricWarning: Only one class is present in y_true. ROC AUC score is not defined in that case.[32m [repeated 42x across cluster][0m
[36m(ClientAppActor pid=13789)[0m   warnings.warn([32m [repeated 42x across cluster][0m
[36m(ClientAppActor pid=13793)[0m /home/bax9142/federated-edge-learning/.venv/lib64/python3.13/site-packages/sklearn/metrics/_ranking.py:424: UndefinedMetricWarning: Only one class is present in y_true. ROC AUC score is not defined in that case.[32m [repeated 42x across cluster][0m
[36m(ClientAppActor pid=13793)[0m   warnings.warn([32m [repeated 42x across cluster][0m
[36m(ClientAppActor pid=13769)[0m /home/bax9142/federated-edge-learning/.venv/lib64/python3.13/site-packages/sklearn/metrics/_ranking.py:424: UndefinedMetricWarning: Only one class is present in y_true. ROC AUC score is not defined in that case.[32m [repeated 46x across cluster][0m
[36m(ClientAppActor pid=13769)[0m   warnings.warn([32m [repeated 46x across cluster][0m
[92mINFO [0m:      aggregate_evaluate: received 2048 results and 0 failures
[92mINFO [0m:      
[92mINFO [0m:      [ROUND 26]
[92mINFO [0m:      configure_fit: strategy sampled 1638 clients (out of 2048)
[92mINFO [0m:      aggregate_fit: received 1638 results and 0 failures
[92mINFO [0m:      configure_evaluate: strategy sampled 2048 clients (out of 2048)
[36m(ClientAppActor pid=14760)[0m /home/bax9142/federated-edge-learning/.venv/lib64/python3.13/site-packages/sklearn/metrics/_ranking.py:424: UndefinedMetricWarning: Only one class is present in y_true. ROC AUC score is not defined in that case.[32m [repeated 24x across cluster][0m
[36m(ClientAppActor pid=14760)[0m   warnings.warn([32m [repeated 24x across cluster][0m
[36m(ClientAppActor pid=13764)[0m /home/bax9142/federated-edge-learning/.venv/lib64/python3.13/site-packages/sklearn/metrics/_ranking.py:424: UndefinedMetricWarning: Only one class is present in y_true. ROC AUC score is not defined in that case.[32m [repeated 43x across cluster][0m
[36m(ClientAppActor pid=13764)[0m   warnings.warn([32m [repeated 43x across cluster][0m
[36m(ClientAppActor pid=14779)[0m /home/bax9142/federated-edge-learning/.venv/lib64/python3.13/site-packages/sklearn/metrics/_ranking.py:424: UndefinedMetricWarning: Only one class is present in y_true. ROC AUC score is not defined in that case.[32m [repeated 35x across cluster][0m
[36m(ClientAppActor pid=14779)[0m   warnings.warn([32m [repeated 35x across cluster][0m

[36m(ClientAppActor pid=13767)[0m    Validation: 12 samples (client-local)[32m [repeated 259x across cluster][0m
[36m(ClientAppActor pid=13767)[0m    Test:       50737 samples (global, shared)[32m [repeated 259x across cluster][0m
[36m(ClientAppActor pid=14738)[0m [Client 170] Data split:[32m [repeated 258x across cluster][0m
[36m(ClientAppActor pid=14738)[0m    Train:      87 samples (client-local)[32m [repeated 258x across cluster][0m
[36m(ClientAppActor pid=14738)[0m    Validation: 12 samples (client-local)[32m [repeated 258x across cluster][0m
[36m(ClientAppActor pid=14738)[0m    Test:       50737 samples (global, shared)[32m [repeated 258x across cluster][0m
[36m(ClientAppActor pid=13767)[0m [Client 674] Data split:[32m [repeated 257x across cluster][0m
[36m(ClientAppActor pid=13767)[0m    Train:      87 samples (client-local)[32m [repeated 257x across cluster][0m
[36m(ClientAppActor pid=13767)[0m    Validation: 12 samples (client-local)[32m [repeated 257x across cluster][0m
[36m(ClientAppActor pid=13767)[0m    Test:       50737 samples (global, shared)[32m [repeated 257x across cluster][0m
[36m(ClientAppActor pid=13769)[0m [Client 105] Data split:[32m [repeated 254x across cluster][0m
[36m(ClientAppActor pid=13769)[0m    Train:      87 samples (client-local)[32m [repeated 254x across cluster][0m
[36m(ClientAppActor pid=13769)[0m    Validation: 12 samples (client-local)[32m [repeated 254x across cluster][0m
[36m(ClientAppActor pid=13769)[0m    Test:       50737 samples (global, shared)[32m [repeated 254x across cluster][0m
[36m(ClientAppActor pid=13764)[0m [Client 1654] Data split:[32m [repeated 259x across cluster][0m
[36m(ClientAppActor pid=13764)[0m    Train:      86 samples (client-local)[32m [repeated 259x across cluster][0m
[36m(ClientAppActor pid=13764)[0m    Validation: 12 samples (client-local)[32m [repeated 259x across cluster][0m
[36m(ClientAppActor pid=13764)[0m    Test:       50737 samples (global, shared)[32m [repeated 259x across cluster][0m

🎯 Multi-Threshold Aggregation:
   ═══════════════════════════════════════════════
   Evaluated 10 thresholds:
     • Thr=0.30: Recall=0.943, Spec=0.308, F1=0.304
     • Thr=0.35: Recall=0.917, Spec=0.368, F1=0.315
     • Thr=0.40: Recall=0.878, Spec=0.427, F1=0.324
   ...

   BEST Threshold: 0.50
     • Recall:      0.789
     • Specificity: 0.545
     • F1-Score:    0.343
     • Score:       0.640
   ═══════════════════════════════════════════════

⚠️  No rounds meet spec≥0.7, using recall filter only
 3 Pareto-optimal rounds (not dominated in recall & spec)

🎯 SELECTED ROUND 25:
   Recall:     0.789
   Specificity: 0.545
   F1-Score:    0.343
   Stability:   1.000
   Alerts/1000: 501.7
   Composite:   0.648


✅ Round 25 is NEW BEST - Saving checkpoint...
   💾 Checkpoint saved: result/splits_iid_scaling/splits_iid_2048_clients.json/multi_thr/model_round_25.pt
⚠️  No rounds meet spec≥0.7, using recall filter only
 3 Pareto-optimal rounds (not dominated in recall & spec)

🎯 SELECTED ROUND 25:
   Recall:     0.789
   Specificity: 0.545
   F1-Score:    0.343
   Stability:   1.000
   Alerts/1000: 501.7
   Composite:   0.648

   💾 Best model saved: result/splits_iid_scaling/splits_iid_2048_clients.json/multi_thr/model_round_25.pt
   📊 Metrics saved: result/splits_iid_scaling/splits_iid_2048_clients.json/multi_thr/run_1.json
[36m(ClientAppActor pid=12033)[0m [Client 1184] Data split:[32m [repeated 226x across cluster][0m
[36m(ClientAppActor pid=12033)[0m    Train:      87 samples (client-local)[32m [repeated 226x across cluster][0m
[36m(ClientAppActor pid=12033)[0m    Validation: 12 samples (client-local)[32m [repeated 226x across cluster][0m
[36m(ClientAppActor pid=12033)[0m    Test:       50737 samples (global, shared)[32m [repeated 226x across cluster][0m
[36m(ClientAppActor pid=13793)[0m [Client 559] Data split:[32m [repeated 253x across cluster][0m
[36m(ClientAppActor pid=13793)[0m    Train:      87 samples (client-local)[32m [repeated 253x across cluster][0m
[36m(ClientAppActor pid=13793)[0m    Validation: 12 samples (client-local)[32m [repeated 253x across cluster][0m
[36m(ClientAppActor pid=13793)[0m    Test:       50737 samples (global, shared)[32m [repeated 253x across cluster][0m
[36m(ClientAppActor pid=13764)[0m [Client 430] Data split:[32m [repeated 263x across cluster][0m
[36m(ClientAppActor pid=13764)[0m    Train:      87 samples (client-local)[32m [repeated 263x across cluster][0m
[36m(ClientAppActor pid=13764)[0m    Validation: 12 samples (client-local)[32m [repeated 263x across cluster][0m
[36m(ClientAppActor pid=13764)[0m    Test:       50737 samples (global, shared)[32m [repeated 263x across cluster][0m
[36m(ClientAppActor pid=14751)[0m [Client 1227] Data split:[32m [repeated 246x across cluster][0m
[36m(ClientAppActor pid=14751)[0m    Train:      87 samples (client-local)[32m [repeated 246x across cluster][0m
[36m(ClientAppActor pid=14751)[0m    Validation: 12 samples (client-local)[32m [repeated 246x across cluster][0m
[36m(ClientAppActor pid=14751)[0m    Test:       50737 samples (global, shared)[32m [repeated 246x across cluster][0m
[36m(ClientAppActor pid=12033)[0m [Client 562] Data split:[32m [repeated 255x across cluster][0m
[36m(ClientAppActor pid=12033)[0m    Train:      87 samples (client-local)[32m [repeated 255x across cluster][0m
[36m(ClientAppActor pid=12033)[0m    Validation: 12 samples (client-local)[32m [repeated 255x across cluster][0m
[36m(ClientAppActor pid=12033)[0m    Test:       50737 samples (global, shared)[32m [repeated 255x across cluster][0m
[36m(ClientAppActor pid=13769)[0m [Client 520] Data split:[32m [repeated 259x across cluster][0m
[36m(ClientAppActor pid=13769)[0m    Train:      87 samples (client-local)[32m [repeated 259x across cluster][0m
[36m(ClientAppActor pid=13769)[0m    Validation: 12 samples (client-local)[32m [repeated 259x across cluster][0m
[36m(ClientAppActor pid=13769)[0m    Test:       50737 samples (global, shared)[32m [repeated 259x across cluster][0m
[36m(ClientAppActor pid=13763)[0m [Client 584] Data split:[32m [repeated 260x across cluster][0m
[36m(ClientAppActor pid=13763)[0m    Train:      87 samples (client-local)[32m [repeated 260x across cluster][0m
[36m(ClientAppActor pid=13763)[0m    Validation: 12 samples (client-local)[32m [repeated 260x across cluster][0m
[36m(ClientAppActor pid=13763)[0m    Test:       50737 samples (global, shared)[32m [repeated 260x across cluster][0m
[36m(ClientAppActor pid=14774)[0m [Client 16] Data split:[32m [repeated 198x across cluster][0m
[36m(ClientAppActor pid=14774)[0m    Train:      87 samples (client-local)[32m [repeated 198x across cluster][0m
[36m(ClientAppActor pid=14774)[0m    Validation: 12 samples (client-local)[32m [repeated 198x across cluster][0m
[36m(ClientAppActor pid=14774)[0m    Test:       50737 samples (global, shared)[32m [repeated 198x across cluster][0m
[36m(ClientAppActor pid=13771)[0m [Client 1734] Data split:[32m [repeated 242x across cluster][0m
[36m(ClientAppActor pid=13771)[0m    Train:      86 samples (client-local)[32m [repeated 242x across cluster][0m
[36m(ClientAppActor pid=13771)[0m    Validation: 12 samples (client-local)[32m [repeated 242x across cluster][0m
[36m(ClientAppActor pid=13771)[0m    Test:       50737 samples (global, shared)[32m [repeated 242x across cluster][0m
[36m(ClientAppActor pid=13764)[0m [Client 11] Data split:[32m [repeated 254x across cluster][0m
[36m(ClientAppActor pid=13764)[0m    Train:      87 samples (client-local)[32m [repeated 254x across cluster][0m
[36m(ClientAppActor pid=13764)[0m    Validation: 12 samples (client-local)[32m [repeated 254x across cluster][0m
[36m(ClientAppActor pid=13764)[0m    Test:       50737 samples (global, shared)[32m [repeated 254x across cluster][0m[36m(ClientAppActor pid=13796)[0m /home/bax9142/federated-edge-learning/.venv/lib64/python3.13/site-packages/sklearn/metrics/_ranking.py:424: UndefinedMetricWarning: Only one class is present in y_true. ROC AUC score is not defined in that case.[32m [repeated 43x across cluster][0m
[36m(ClientAppActor pid=13796)[0m   warnings.warn([32m [repeated 43x across cluster][0m
[36m(ClientAppActor pid=13794)[0m /home/bax9142/federated-edge-learning/.venv/lib64/python3.13/site-packages/sklearn/metrics/_ranking.py:424: UndefinedMetricWarning: Only one class is present in y_true. ROC AUC score is not defined in that case.[32m [repeated 45x across cluster][0m
[36m(ClientAppActor pid=13794)[0m   warnings.warn([32m [repeated 45x across cluster][0m
[36m(ClientAppActor pid=13766)[0m /home/bax9142/federated-edge-learning/.venv/lib64/python3.13/site-packages/sklearn/metrics/_ranking.py:424: UndefinedMetricWarning: Only one class is present in y_true. ROC AUC score is not defined in that case.[32m [repeated 37x across cluster][0m
[36m(ClientAppActor pid=13766)[0m   warnings.warn([32m [repeated 37x across cluster][0m
[36m(ClientAppActor pid=14779)[0m /home/bax9142/federated-edge-learning/.venv/lib64/python3.13/site-packages/sklearn/metrics/_ranking.py:424: UndefinedMetricWarning: Only one class is present in y_true. ROC AUC score is not defined in that case.[32m [repeated 42x across cluster][0m
[36m(ClientAppActor pid=14779)[0m   warnings.warn([32m [repeated 42x across cluster][0m
[36m(ClientAppActor pid=13763)[0m /home/bax9142/federated-edge-learning/.venv/lib64/python3.13/site-packages/sklearn/metrics/_ranking.py:424: UndefinedMetricWarning: Only one class is present in y_true. ROC AUC score is not defined in that case.[32m [repeated 38x across cluster][0m
[36m(ClientAppActor pid=13763)[0m   warnings.warn([32m [repeated 38x across cluster][0m
[92mINFO [0m:      aggregate_evaluate: received 2048 results and 0 failures
[92mINFO [0m:      
[92mINFO [0m:      [ROUND 27]
[92mINFO [0m:      configure_fit: strategy sampled 1638 clients (out of 2048)
[92mINFO [0m:      aggregate_fit: received 1638 results and 0 failures
[92mINFO [0m:      configure_evaluate: strategy sampled 2048 clients (out of 2048)
[36m(ClientAppActor pid=14738)[0m /home/bax9142/federated-edge-learning/.venv/lib64/python3.13/site-packages/sklearn/metrics/_ranking.py:424: UndefinedMetricWarning: Only one class is present in y_true. ROC AUC score is not defined in that case.[32m [repeated 39x across cluster][0m
[36m(ClientAppActor pid=14738)[0m   warnings.warn([32m [repeated 39x across cluster][0m
[36m(ClientAppActor pid=13765)[0m /home/bax9142/federated-edge-learning/.venv/lib64/python3.13/site-packages/sklearn/metrics/_ranking.py:424: UndefinedMetricWarning: Only one class is present in y_true. ROC AUC score is not defined in that case.[32m [repeated 40x across cluster][0m
[36m(ClientAppActor pid=13765)[0m   warnings.warn([32m [repeated 40x across cluster][0m
[36m(ClientAppActor pid=13782)[0m /home/bax9142/federated-edge-learning/.venv/lib64/python3.13/site-packages/sklearn/metrics/_ranking.py:424: UndefinedMetricWarning: Only one class is present in y_true. ROC AUC score is not defined in that case.[32m [repeated 50x across cluster][0m
[36m(ClientAppActor pid=13782)[0m   warnings.warn([32m [repeated 50x across cluster][0m

[36m(ClientAppActor pid=13767)[0m [Client 1581] Data split:[32m [repeated 257x across cluster][0m
[36m(ClientAppActor pid=13767)[0m    Train:      86 samples (client-local)[32m [repeated 257x across cluster][0m
[36m(ClientAppActor pid=13767)[0m    Validation: 12 samples (client-local)[32m [repeated 257x across cluster][0m
[36m(ClientAppActor pid=13767)[0m    Test:       50737 samples (global, shared)[32m [repeated 257x across cluster][0m
[36m(ClientAppActor pid=13767)[0m [Client 1146] Data split:[32m [repeated 250x across cluster][0m
[36m(ClientAppActor pid=13767)[0m    Train:      87 samples (client-local)[32m [repeated 250x across cluster][0m
[36m(ClientAppActor pid=13767)[0m    Validation: 12 samples (client-local)[32m [repeated 250x across cluster][0m
[36m(ClientAppActor pid=13767)[0m    Test:       50737 samples (global, shared)[32m [repeated 250x across cluster][0m
[36m(ClientAppActor pid=13764)[0m [Client 510] Data split:[32m [repeated 246x across cluster][0m
[36m(ClientAppActor pid=13764)[0m    Train:      87 samples (client-local)[32m [repeated 246x across cluster][0m
[36m(ClientAppActor pid=13764)[0m    Validation: 12 samples (client-local)[32m [repeated 246x across cluster][0m
[36m(ClientAppActor pid=13764)[0m    Test:       50737 samples (global, shared)[32m [repeated 246x across cluster][0m
[36m(ClientAppActor pid=13793)[0m [Client 1667] Data split:[32m [repeated 261x across cluster][0m
[36m(ClientAppActor pid=13793)[0m    Train:      86 samples (client-local)[32m [repeated 261x across cluster][0m
[36m(ClientAppActor pid=13793)[0m    Validation: 12 samples (client-local)[32m [repeated 261x across cluster][0m
[36m(ClientAppActor pid=13793)[0m    Test:       50737 samples (global, shared)[32m [repeated 261x across cluster][0m
[36m(ClientAppActor pid=13768)[0m [Client 403] Data split:[32m [repeated 249x across cluster][0m
[36m(ClientAppActor pid=13768)[0m    Train:      87 samples (client-local)[32m [repeated 249x across cluster][0m
[36m(ClientAppActor pid=13768)[0m    Validation: 12 samples (client-local)[32m [repeated 249x across cluster][0m
[36m(ClientAppActor pid=13768)[0m    Test:       50737 samples (global, shared)[32m [repeated 249x across cluster][0m
[36m(ClientAppActor pid=13797)[0m 

🎯 Multi-Threshold Aggregation:
   ═══════════════════════════════════════════════
   Evaluated 10 thresholds:
     • Thr=0.30: Recall=0.943, Spec=0.312, F1=0.305
     • Thr=0.35: Recall=0.917, Spec=0.371, F1=0.316
     • Thr=0.40: Recall=0.878, Spec=0.430, F1=0.325
   ...

   BEST Threshold: 0.50
     • Recall:      0.791
     • Specificity: 0.547
     • F1-Score:    0.345
     • Score:       0.642
   ═══════════════════════════════════════════════

⚠️  No rounds meet spec≥0.7, using recall filter only
 2 Pareto-optimal rounds (not dominated in recall & spec)

🎯 SELECTED ROUND 26:
   Recall:     0.791
   Specificity: 0.547
   F1-Score:    0.345
   Stability:   1.000
   Alerts/1000: 500.1
   Composite:   0.649


✅ Round 26 is NEW BEST - Saving checkpoint...
   💾 Checkpoint saved: result/splits_iid_scaling/splits_iid_2048_clients.json/multi_thr/model_round_26.pt
⚠️  No rounds meet spec≥0.7, using recall filter only
 2 Pareto-optimal rounds (not dominated in recall & spec)

🎯 SELECTED ROUND 26:
   Recall:     0.791
   Specificity: 0.547
   F1-Score:    0.345
   Stability:   1.000
   Alerts/1000: 500.1
   Composite:   0.649

   💾 Best model saved: result/splits_iid_scaling/splits_iid_2048_clients.json/multi_thr/model_round_26.pt
   📊 Metrics saved: result/splits_iid_scaling/splits_iid_2048_clients.json/multi_thr/run_1.json
[36m(ClientAppActor pid=13763)[0m [Client 155] Data split:[32m [repeated 236x across cluster][0m
[36m(ClientAppActor pid=13763)[0m    Train:      87 samples (client-local)[32m [repeated 236x across cluster][0m
[36m(ClientAppActor pid=13763)[0m    Validation: 12 samples (client-local)[32m [repeated 236x across cluster][0m
[36m(ClientAppActor pid=13763)[0m    Test:       50737 samples (global, shared)[32m [repeated 236x across cluster][0m
[36m(ClientAppActor pid=13764)[0m [Client 1328] Data split:[32m [repeated 258x across cluster][0m
[36m(ClientAppActor pid=13764)[0m    Train:      87 samples (client-local)[32m [repeated 258x across cluster][0m
[36m(ClientAppActor pid=13764)[0m    Validation: 12 samples (client-local)[32m [repeated 258x across cluster][0m
[36m(ClientAppActor pid=13764)[0m    Test:       50737 samples (global, shared)[32m [repeated 258x across cluster][0m
[36m(ClientAppActor pid=13793)[0m [Client 239] Data split:[32m [repeated 260x across cluster][0m
[36m(ClientAppActor pid=13793)[0m    Train:      87 samples (client-local)[32m [repeated 260x across cluster][0m
[36m(ClientAppActor pid=13793)[0m    Validation: 12 samples (client-local)[32m [repeated 260x across cluster][0m
[36m(ClientAppActor pid=13793)[0m    Test:       50737 samples (global, shared)[32m [repeated 260x across cluster][0m
[36m(ClientAppActor pid=13764)[0m [Client 1341] Data split:[32m [repeated 258x across cluster][0m
[36m(ClientAppActor pid=13764)[0m    Train:      87 samples (client-local)[32m [repeated 258x across cluster][0m
[36m(ClientAppActor pid=13764)[0m    Validation: 12 samples (client-local)[32m [repeated 258x across cluster][0m
[36m(ClientAppActor pid=13764)[0m    Test:       50737 samples (global, shared)[32m [repeated 258x across cluster][0m
[36m(ClientAppActor pid=13769)[0m [Client 432] Data split:[32m [repeated 259x across cluster][0m
[36m(ClientAppActor pid=13769)[0m    Train:      87 samples (client-local)[32m [repeated 259x across cluster][0m
[36m(ClientAppActor pid=13769)[0m    Validation: 12 samples (client-local)[32m [repeated 259x across cluster][0m
[36m(ClientAppActor pid=13769)[0m    Test:       50737 samples (global, shared)[32m [repeated 259x across cluster][0m
[36m(ClientAppActor pid=13764)[0m [Client 211] Data split:[32m [repeated 254x across cluster][0m
[36m(ClientAppActor pid=13764)[0m    Train:      87 samples (client-local)[32m [repeated 254x across cluster][0m
[36m(ClientAppActor pid=13764)[0m    Validation: 12 samples (client-local)[32m [repeated 254x across cluster][0m
[36m(ClientAppActor pid=13764)[0m    Test:       50737 samples (global, shared)[32m [repeated 254x across cluster][0m
[36m(ClientAppActor pid=13765)[0m [Client 430] Data split:[32m [repeated 257x across cluster][0m
[36m(ClientAppActor pid=13765)[0m    Train:      87 samples (client-local)[32m [repeated 257x across cluster][0m
[36m(ClientAppActor pid=13765)[0m    Validation: 12 samples (client-local)[32m [repeated 257x across cluster][0m
[36m(ClientAppActor pid=13765)[0m    Test:       50737 samples (global, shared)[32m [repeated 257x across cluster][0m
[36m(ClientAppActor pid=13769)[0m [Client 1411] Data split:[32m [repeated 188x across cluster][0m
[36m(ClientAppActor pid=13769)[0m    Train:      87 samples (client-local)[32m [repeated 188x across cluster][0m
[36m(ClientAppActor pid=13769)[0m    Validation: 12 samples (client-local)[32m [repeated 188x across cluster][0m
[36m(ClientAppActor pid=13769)[0m    Test:       50737 samples (global, shared)[32m [repeated 188x across cluster][0m
[36m(ClientAppActor pid=13765)[0m [Client 714] Data split:[32m [repeated 251x across cluster][0m
[36m(ClientAppActor pid=13765)[0m    Train:      87 samples (client-local)[32m [repeated 251x across cluster][0m
[36m(ClientAppActor pid=13765)[0m    Validation: 12 samples (client-local)[32m [repeated 251x across cluster][0m
[36m(ClientAppActor pid=13765)[0m    Test:       50737 samples (global, shared)[32m [repeated 251x across cluster][0m
[36m(ClientAppActor pid=12033)[0m [Client 1535] Data split:[32m [repeated 249x across cluster][0m
[36m(ClientAppActor pid=12033)[0m    Train:      86 samples (client-local)[32m [repeated 249x across cluster][0m[36m(ClientAppActor pid=14756)[0m /home/bax9142/federated-edge-learning/.venv/lib64/python3.13/site-packages/sklearn/metrics/_ranking.py:424: UndefinedMetricWarning: Only one class is present in y_true. ROC AUC score is not defined in that case.[32m [repeated 40x across cluster][0m
[36m(ClientAppActor pid=14756)[0m   warnings.warn([32m [repeated 40x across cluster][0m
[36m(ClientAppActor pid=13766)[0m /home/bax9142/federated-edge-learning/.venv/lib64/python3.13/site-packages/sklearn/metrics/_ranking.py:424: UndefinedMetricWarning: Only one class is present in y_true. ROC AUC score is not defined in that case.[32m [repeated 27x across cluster][0m
[36m(ClientAppActor pid=13766)[0m   warnings.warn([32m [repeated 27x across cluster][0m
[36m(ClientAppActor pid=13768)[0m /home/bax9142/federated-edge-learning/.venv/lib64/python3.13/site-packages/sklearn/metrics/_ranking.py:424: UndefinedMetricWarning: Only one class is present in y_true. ROC AUC score is not defined in that case.[32m [repeated 50x across cluster][0m
[36m(ClientAppActor pid=13768)[0m   warnings.warn([32m [repeated 50x across cluster][0m
[36m(ClientAppActor pid=13793)[0m /home/bax9142/federated-edge-learning/.venv/lib64/python3.13/site-packages/sklearn/metrics/_ranking.py:424: UndefinedMetricWarning: Only one class is present in y_true. ROC AUC score is not defined in that case.[32m [repeated 54x across cluster][0m
[36m(ClientAppActor pid=13793)[0m   warnings.warn([32m [repeated 54x across cluster][0m
[36m(ClientAppActor pid=13764)[0m /home/bax9142/federated-edge-learning/.venv/lib64/python3.13/site-packages/sklearn/metrics/_ranking.py:424: UndefinedMetricWarning: Only one class is present in y_true. ROC AUC score is not defined in that case.[32m [repeated 39x across cluster][0m
[36m(ClientAppActor pid=13764)[0m   warnings.warn([32m [repeated 39x across cluster][0m
[92mINFO [0m:      aggregate_evaluate: received 2048 results and 0 failures
[92mINFO [0m:      
[92mINFO [0m:      [ROUND 28]
[92mINFO [0m:      configure_fit: strategy sampled 1638 clients (out of 2048)
[92mINFO [0m:      aggregate_fit: received 1638 results and 0 failures
[92mINFO [0m:      configure_evaluate: strategy sampled 2048 clients (out of 2048)
[36m(ClientAppActor pid=14738)[0m /home/bax9142/federated-edge-learning/.venv/lib64/python3.13/site-packages/sklearn/metrics/_ranking.py:424: UndefinedMetricWarning: Only one class is present in y_true. ROC AUC score is not defined in that case.[32m [repeated 22x across cluster][0m
[36m(ClientAppActor pid=14738)[0m   warnings.warn([32m [repeated 22x across cluster][0m
[36m(ClientAppActor pid=14737)[0m /home/bax9142/federated-edge-learning/.venv/lib64/python3.13/site-packages/sklearn/metrics/_ranking.py:424: UndefinedMetricWarning: Only one class is present in y_true. ROC AUC score is not defined in that case.[32m [repeated 28x across cluster][0m
[36m(ClientAppActor pid=14737)[0m   warnings.warn([32m [repeated 28x across cluster][0m

[36m(ClientAppActor pid=12033)[0m    Validation: 12 samples (client-local)[32m [repeated 249x across cluster][0m
[36m(ClientAppActor pid=12033)[0m    Test:       50737 samples (global, shared)[32m [repeated 249x across cluster][0m
[36m(ClientAppActor pid=13768)[0m [Client 252] Data split:[32m [repeated 246x across cluster][0m
[36m(ClientAppActor pid=13768)[0m    Train:      87 samples (client-local)[32m [repeated 246x across cluster][0m
[36m(ClientAppActor pid=13768)[0m    Validation: 12 samples (client-local)[32m [repeated 246x across cluster][0m
[36m(ClientAppActor pid=13768)[0m    Test:       50737 samples (global, shared)[32m [repeated 246x across cluster][0m
[36m(ClientAppActor pid=13765)[0m [Client 525] Data split:[32m [repeated 255x across cluster][0m
[36m(ClientAppActor pid=13765)[0m    Train:      87 samples (client-local)[32m [repeated 255x across cluster][0m
[36m(ClientAppActor pid=13765)[0m    Validation: 12 samples (client-local)[32m [repeated 255x across cluster][0m
[36m(ClientAppActor pid=13765)[0m    Test:       50737 samples (global, shared)[32m [repeated 255x across cluster][0m
[36m(ClientAppActor pid=13776)[0m [Client 2006] Data split:[32m [repeated 263x across cluster][0m
[36m(ClientAppActor pid=13776)[0m    Train:      86 samples (client-local)[32m [repeated 263x across cluster][0m
[36m(ClientAppActor pid=13776)[0m    Validation: 12 samples (client-local)[32m [repeated 263x across cluster][0m
[36m(ClientAppActor pid=13776)[0m    Test:       50737 samples (global, shared)[32m [repeated 263x across cluster][0m
[36m(ClientAppActor pid=12033)[0m [Client 646] Data split:[32m [repeated 252x across cluster][0m
[36m(ClientAppActor pid=12033)[0m    Train:      87 samples (client-local)[32m [repeated 252x across cluster][0m
[36m(ClientAppActor pid=12033)[0m    Validation: 12 samples (client-local)[32m [repeated 252x across cluster][0m
[36m(ClientAppActor pid=12033)[0m    Test:       50737 samples (global, shared)[32m [repeated 252x across cluster][0m
[36m(ClientAppActor pid=13764)[0m [Client 1537] Data split:[32m [repeated 263x across cluster][0m
[36m(ClientAppActor pid=13764)[0m    Train:      86 samples (client-local)[32m [repeated 263x across cluster][0m
[36m(ClientAppActor pid=13764)[0m    Validation: 12 samples (client-local)[32m [repeated 263x across cluster][0m
[36m(ClientAppActor pid=13764)[0m    Test:       50737 samples (global, shared)[32m [repeated 263x across cluster][0m

🎯 Multi-Threshold Aggregation:
   ═══════════════════════════════════════════════
   Evaluated 10 thresholds:
     • Thr=0.30: Recall=0.943, Spec=0.315, F1=0.306
     • Thr=0.35: Recall=0.917, Spec=0.374, F1=0.317
     • Thr=0.40: Recall=0.878, Spec=0.432, F1=0.326
   ...

   BEST Threshold: 0.50
     • Recall:      0.793
     • Specificity: 0.549
     • F1-Score:    0.346
     • Score:       0.644
   ═══════════════════════════════════════════════

⚠️  No rounds meet spec≥0.7, using recall filter only
 2 Pareto-optimal rounds (not dominated in recall & spec)

🎯 SELECTED ROUND 27:
   Recall:     0.793
   Specificity: 0.549
   F1-Score:    0.346
   Stability:   1.000
   Alerts/1000: 498.5
   Composite:   0.651


✅ Round 27 is NEW BEST - Saving checkpoint...
   💾 Checkpoint saved: result/splits_iid_scaling/splits_iid_2048_clients.json/multi_thr/model_round_27.pt
⚠️  No rounds meet spec≥0.7, using recall filter only
 2 Pareto-optimal rounds (not dominated in recall & spec)

🎯 SELECTED ROUND 27:
   Recall:     0.793
   Specificity: 0.549
   F1-Score:    0.346
   Stability:   1.000
   Alerts/1000: 498.5
   Composite:   0.651

   💾 Best model saved: result/splits_iid_scaling/splits_iid_2048_clients.json/multi_thr/model_round_27.pt
   📊 Metrics saved: result/splits_iid_scaling/splits_iid_2048_clients.json/multi_thr/run_1.json
[36m(ClientAppActor pid=13794)[0m [Client 1326] Data split:[32m [repeated 231x across cluster][0m
[36m(ClientAppActor pid=13794)[0m    Train:      87 samples (client-local)[32m [repeated 231x across cluster][0m
[36m(ClientAppActor pid=13794)[0m    Validation: 12 samples (client-local)[32m [repeated 231x across cluster][0m
[36m(ClientAppActor pid=13794)[0m    Test:       50737 samples (global, shared)[32m [repeated 231x across cluster][0m
[36m(ClientAppActor pid=13794)[0m 
[36m(ClientAppActor pid=13765)[0m [Client 1648] Data split:[32m [repeated 245x across cluster][0m
[36m(ClientAppActor pid=13765)[0m    Train:      86 samples (client-local)[32m [repeated 245x across cluster][0m
[36m(ClientAppActor pid=13765)[0m    Validation: 12 samples (client-local)[32m [repeated 245x across cluster][0m
[36m(ClientAppActor pid=13765)[0m    Test:       50737 samples (global, shared)[32m [repeated 245x across cluster][0m
[36m(ClientAppActor pid=13776)[0m [Client 537] Data split:[32m [repeated 245x across cluster][0m
[36m(ClientAppActor pid=13776)[0m    Train:      87 samples (client-local)[32m [repeated 245x across cluster][0m
[36m(ClientAppActor pid=13776)[0m    Validation: 12 samples (client-local)[32m [repeated 245x across cluster][0m
[36m(ClientAppActor pid=13776)[0m    Test:       50737 samples (global, shared)[32m [repeated 245x across cluster][0m
[36m(ClientAppActor pid=14756)[0m [Client 1874] Data split:[32m [repeated 253x across cluster][0m
[36m(ClientAppActor pid=14756)[0m    Train:      86 samples (client-local)[32m [repeated 253x across cluster][0m
[36m(ClientAppActor pid=14756)[0m    Validation: 12 samples (client-local)[32m [repeated 253x across cluster][0m
[36m(ClientAppActor pid=14756)[0m    Test:       50737 samples (global, shared)[32m [repeated 253x across cluster][0m
[36m(ClientAppActor pid=14790)[0m 
[36m(ClientAppActor pid=12033)[0m [Client 678] Data split:[32m [repeated 242x across cluster][0m
[36m(ClientAppActor pid=12033)[0m    Train:      87 samples (client-local)[32m [repeated 242x across cluster][0m
[36m(ClientAppActor pid=12033)[0m    Validation: 12 samples (client-local)[32m [repeated 242x across cluster][0m
[36m(ClientAppActor pid=12033)[0m    Test:       50737 samples (global, shared)[32m [repeated 242x across cluster][0m
[36m(ClientAppActor pid=13767)[0m [Client 1035] Data split:[32m [repeated 232x across cluster][0m
[36m(ClientAppActor pid=13767)[0m    Train:      87 samples (client-local)[32m [repeated 232x across cluster][0m
[36m(ClientAppActor pid=13767)[0m    Validation: 12 samples (client-local)[32m [repeated 232x across cluster][0m
[36m(ClientAppActor pid=13767)[0m    Test:       50737 samples (global, shared)[32m [repeated 232x across cluster][0m
[36m(ClientAppActor pid=12033)[0m [Client 1087] Data split:[32m [repeated 256x across cluster][0m
[36m(ClientAppActor pid=12033)[0m    Train:      87 samples (client-local)[32m [repeated 256x across cluster][0m
[36m(ClientAppActor pid=12033)[0m    Validation: 12 samples (client-local)[32m [repeated 256x across cluster][0m
[36m(ClientAppActor pid=12033)[0m    Test:       50737 samples (global, shared)[32m [repeated 256x across cluster][0m
[36m(ClientAppActor pid=14751)[0m [Client 1765] Data split:[32m [repeated 190x across cluster][0m
[36m(ClientAppActor pid=14751)[0m    Train:      86 samples (client-local)[32m [repeated 190x across cluster][0m
[36m(ClientAppActor pid=14751)[0m    Validation: 12 samples (client-local)[32m [repeated 190x across cluster][0m
[36m(ClientAppActor pid=14751)[0m    Test:       50737 samples (global, shared)[32m [repeated 190x across cluster][0m
[36m(ClientAppActor pid=13794)[0m [Client 119] Data split:[32m [repeated 242x across cluster][0m
[36m(ClientAppActor pid=13794)[0m    Train:      87 samples (client-local)[32m [repeated 242x across cluster][0m
[36m(ClientAppActor pid=13794)[0m    Validation: 12 samples (client-local)[32m [repeated 242x across cluster][0m
[36m(ClientAppActor pid=13794)[0m    Test:       50737 samples (global, shared)[32m [repeated 242x across cluster][0m[36m(ClientAppActor pid=13794)[0m /home/bax9142/federated-edge-learning/.venv/lib64/python3.13/site-packages/sklearn/metrics/_ranking.py:424: UndefinedMetricWarning: Only one class is present in y_true. ROC AUC score is not defined in that case.[32m [repeated 46x across cluster][0m
[36m(ClientAppActor pid=13794)[0m   warnings.warn([32m [repeated 46x across cluster][0m
[36m(ClientAppActor pid=14774)[0m /home/bax9142/federated-edge-learning/.venv/lib64/python3.13/site-packages/sklearn/metrics/_ranking.py:424: UndefinedMetricWarning: Only one class is present in y_true. ROC AUC score is not defined in that case.[32m [repeated 42x across cluster][0m
[36m(ClientAppActor pid=14774)[0m   warnings.warn([32m [repeated 42x across cluster][0m
[36m(ClientAppActor pid=12033)[0m /home/bax9142/federated-edge-learning/.venv/lib64/python3.13/site-packages/sklearn/metrics/_ranking.py:424: UndefinedMetricWarning: Only one class is present in y_true. ROC AUC score is not defined in that case.[32m [repeated 34x across cluster][0m
[36m(ClientAppActor pid=12033)[0m   warnings.warn([32m [repeated 34x across cluster][0m
[36m(ClientAppActor pid=13769)[0m /home/bax9142/federated-edge-learning/.venv/lib64/python3.13/site-packages/sklearn/metrics/_ranking.py:424: UndefinedMetricWarning: Only one class is present in y_true. ROC AUC score is not defined in that case.[32m [repeated 47x across cluster][0m
[36m(ClientAppActor pid=13769)[0m   warnings.warn([32m [repeated 47x across cluster][0m
[36m(ClientAppActor pid=14774)[0m /home/bax9142/federated-edge-learning/.venv/lib64/python3.13/site-packages/sklearn/metrics/_ranking.py:424: UndefinedMetricWarning: Only one class is present in y_true. ROC AUC score is not defined in that case.[32m [repeated 42x across cluster][0m
[36m(ClientAppActor pid=14774)[0m   warnings.warn([32m [repeated 42x across cluster][0m
[36m(ClientAppActor pid=14790)[0m /home/bax9142/federated-edge-learning/.venv/lib64/python3.13/site-packages/sklearn/metrics/_ranking.py:424: UndefinedMetricWarning: Only one class is present in y_true. ROC AUC score is not defined in that case.[32m [repeated 41x across cluster][0m
[36m(ClientAppActor pid=14790)[0m   warnings.warn([32m [repeated 41x across cluster][0m
[92mINFO [0m:      aggregate_evaluate: received 2048 results and 0 failures
[92mINFO [0m:      
[92mINFO [0m:      [ROUND 29]
[92mINFO [0m:      configure_fit: strategy sampled 1638 clients (out of 2048)
[92mINFO [0m:      aggregate_fit: received 1638 results and 0 failures
[92mINFO [0m:      configure_evaluate: strategy sampled 2048 clients (out of 2048)
[36m(ClientAppActor pid=13767)[0m /home/bax9142/federated-edge-learning/.venv/lib64/python3.13/site-packages/sklearn/metrics/_ranking.py:424: UndefinedMetricWarning: Only one class is present in y_true. ROC AUC score is not defined in that case.[32m [repeated 42x across cluster][0m
[36m(ClientAppActor pid=13767)[0m   warnings.warn([32m [repeated 42x across cluster][0m
[36m(ClientAppActor pid=13797)[0m /home/bax9142/federated-edge-learning/.venv/lib64/python3.13/site-packages/sklearn/metrics/_ranking.py:424: UndefinedMetricWarning: Only one class is present in y_true. ROC AUC score is not defined in that case.[32m [repeated 43x across cluster][0m
[36m(ClientAppActor pid=13797)[0m   warnings.warn([32m [repeated 43x across cluster][0m

[36m(ClientAppActor pid=13793)[0m [Client 1417] Data split:[32m [repeated 251x across cluster][0m
[36m(ClientAppActor pid=13793)[0m    Train:      87 samples (client-local)[32m [repeated 251x across cluster][0m
[36m(ClientAppActor pid=13793)[0m    Validation: 12 samples (client-local)[32m [repeated 251x across cluster][0m
[36m(ClientAppActor pid=13793)[0m    Test:       50737 samples (global, shared)[32m [repeated 251x across cluster][0m
[36m(ClientAppActor pid=13767)[0m [Client 1820] Data split:[32m [repeated 251x across cluster][0m
[36m(ClientAppActor pid=13767)[0m    Train:      86 samples (client-local)[32m [repeated 251x across cluster][0m
[36m(ClientAppActor pid=13767)[0m    Validation: 12 samples (client-local)[32m [repeated 251x across cluster][0m
[36m(ClientAppActor pid=13767)[0m    Test:       50737 samples (global, shared)[32m [repeated 251x across cluster][0m
[36m(ClientAppActor pid=13769)[0m [Client 710] Data split:[32m [repeated 250x across cluster][0m
[36m(ClientAppActor pid=13769)[0m    Train:      87 samples (client-local)[32m [repeated 250x across cluster][0m
[36m(ClientAppActor pid=13769)[0m    Validation: 12 samples (client-local)[32m [repeated 250x across cluster][0m
[36m(ClientAppActor pid=13769)[0m    Test:       50737 samples (global, shared)[32m [repeated 250x across cluster][0m
[36m(ClientAppActor pid=13769)[0m [Client 1835] Data split:[32m [repeated 263x across cluster][0m
[36m(ClientAppActor pid=13769)[0m    Train:      86 samples (client-local)[32m [repeated 263x across cluster][0m
[36m(ClientAppActor pid=13769)[0m    Validation: 12 samples (client-local)[32m [repeated 263x across cluster][0m
[36m(ClientAppActor pid=13769)[0m    Test:       50737 samples (global, shared)[32m [repeated 263x across cluster][0m
[36m(ClientAppActor pid=13763)[0m [Client 240] Data split:[32m [repeated 252x across cluster][0m
[36m(ClientAppActor pid=13763)[0m    Train:      87 samples (client-local)[32m [repeated 252x across cluster][0m
[36m(ClientAppActor pid=13763)[0m    Validation: 12 samples (client-local)[32m [repeated 252x across cluster][0m
[36m(ClientAppActor pid=13763)[0m    Test:       50737 samples (global, shared)[32m [repeated 252x across cluster][0m
[36m(ClientAppActor pid=13764)[0m [Client 567] Data split:[32m [repeated 253x across cluster][0m
[36m(ClientAppActor pid=13764)[0m    Train:      87 samples (client-local)[32m [repeated 253x across cluster][0m
[36m(ClientAppActor pid=13764)[0m    Validation: 12 samples (client-local)[32m [repeated 253x across cluster][0m
[36m(ClientAppActor pid=13764)[0m    Test:       50737 samples (global, shared)[32m [repeated 253x across cluster][0m

🎯 Multi-Threshold Aggregation:
   ═══════════════════════════════════════════════
   Evaluated 10 thresholds:
     • Thr=0.30: Recall=0.943, Spec=0.318, F1=0.306
     • Thr=0.35: Recall=0.917, Spec=0.377, F1=0.318
     • Thr=0.40: Recall=0.878, Spec=0.435, F1=0.327
   ...

   BEST Threshold: 0.50
     • Recall:      0.793
     • Specificity: 0.551
     • F1-Score:    0.348
     • Score:       0.645
   ═══════════════════════════════════════════════

⚠️  No rounds meet spec≥0.7, using recall filter only
 2 Pareto-optimal rounds (not dominated in recall & spec)

🎯 SELECTED ROUND 28:
   Recall:     0.793
   Specificity: 0.551
   F1-Score:    0.348
   Stability:   1.000
   Alerts/1000: 497.0
   Composite:   0.652


✅ Round 28 is NEW BEST - Saving checkpoint...
   💾 Checkpoint saved: result/splits_iid_scaling/splits_iid_2048_clients.json/multi_thr/model_round_28.pt
⚠️  No rounds meet spec≥0.7, using recall filter only
 2 Pareto-optimal rounds (not dominated in recall & spec)

🎯 SELECTED ROUND 28:
   Recall:     0.793
   Specificity: 0.551
   F1-Score:    0.348
   Stability:   1.000
   Alerts/1000: 497.0
   Composite:   0.652

   💾 Best model saved: result/splits_iid_scaling/splits_iid_2048_clients.json/multi_thr/model_round_28.pt
   📊 Metrics saved: result/splits_iid_scaling/splits_iid_2048_clients.json/multi_thr/run_1.json
[36m(ClientAppActor pid=14779)[0m [Client 1729] Data split:[32m [repeated 241x across cluster][0m
[36m(ClientAppActor pid=14779)[0m    Train:      86 samples (client-local)[32m [repeated 241x across cluster][0m
[36m(ClientAppActor pid=14779)[0m    Validation: 12 samples (client-local)[32m [repeated 241x across cluster][0m
[36m(ClientAppActor pid=14779)[0m    Test:       50737 samples (global, shared)[32m [repeated 241x across cluster][0m
[36m(ClientAppActor pid=13765)[0m [Client 1124] Data split:[32m [repeated 254x across cluster][0m
[36m(ClientAppActor pid=13765)[0m    Train:      87 samples (client-local)[32m [repeated 254x across cluster][0m
[36m(ClientAppActor pid=13765)[0m    Validation: 12 samples (client-local)[32m [repeated 254x across cluster][0m
[36m(ClientAppActor pid=13765)[0m    Test:       50737 samples (global, shared)[32m [repeated 254x across cluster][0m
[36m(ClientAppActor pid=13764)[0m [Client 1586] Data split:[32m [repeated 258x across cluster][0m
[36m(ClientAppActor pid=13764)[0m    Train:      86 samples (client-local)[32m [repeated 258x across cluster][0m
[36m(ClientAppActor pid=13764)[0m    Validation: 12 samples (client-local)[32m [repeated 258x across cluster][0m
[36m(ClientAppActor pid=13764)[0m    Test:       50737 samples (global, shared)[32m [repeated 258x across cluster][0m
[36m(ClientAppActor pid=13765)[0m [Client 1720] Data split:[32m [repeated 257x across cluster][0m
[36m(ClientAppActor pid=13765)[0m    Train:      86 samples (client-local)[32m [repeated 257x across cluster][0m
[36m(ClientAppActor pid=13765)[0m    Validation: 12 samples (client-local)[32m [repeated 257x across cluster][0m
[36m(ClientAppActor pid=13765)[0m    Test:       50737 samples (global, shared)[32m [repeated 257x across cluster][0m
[36m(ClientAppActor pid=14774)[0m [Client 525] Data split:[32m [repeated 258x across cluster][0m
[36m(ClientAppActor pid=14774)[0m    Train:      87 samples (client-local)[32m [repeated 258x across cluster][0m
[36m(ClientAppActor pid=14774)[0m    Validation: 12 samples (client-local)[32m [repeated 258x across cluster][0m
[36m(ClientAppActor pid=14774)[0m    Test:       50737 samples (global, shared)[32m [repeated 258x across cluster][0m
[36m(ClientAppActor pid=13763)[0m [Client 1782] Data split:[32m [repeated 253x across cluster][0m
[36m(ClientAppActor pid=13763)[0m    Train:      86 samples (client-local)[32m [repeated 253x across cluster][0m
[36m(ClientAppActor pid=13763)[0m    Validation: 12 samples (client-local)[32m [repeated 253x across cluster][0m
[36m(ClientAppActor pid=13763)[0m    Test:       50737 samples (global, shared)[32m [repeated 253x across cluster][0m
[36m(ClientAppActor pid=13768)[0m [Client 79] Data split:[32m [repeated 241x across cluster][0m
[36m(ClientAppActor pid=13768)[0m    Train:      87 samples (client-local)[32m [repeated 241x across cluster][0m
[36m(ClientAppActor pid=13768)[0m    Validation: 12 samples (client-local)[32m [repeated 241x across cluster][0m
[36m(ClientAppActor pid=13768)[0m    Test:       50737 samples (global, shared)[32m [repeated 241x across cluster][0m
[36m(ClientAppActor pid=13793)[0m [Client 752] Data split:[32m [repeated 250x across cluster][0m
[36m(ClientAppActor pid=13793)[0m    Train:      87 samples (client-local)[32m [repeated 250x across cluster][0m
[36m(ClientAppActor pid=13793)[0m    Validation: 12 samples (client-local)[32m [repeated 250x across cluster][0m
[36m(ClientAppActor pid=13793)[0m    Test:       50737 samples (global, shared)[32m [repeated 250x across cluster][0m
[36m(ClientAppActor pid=13764)[0m [Client 1049] Data split:[32m [repeated 251x across cluster][0m
[36m(ClientAppActor pid=13764)[0m    Train:      87 samples (client-local)[32m [repeated 251x across cluster][0m[36m(ClientAppActor pid=14765)[0m /home/bax9142/federated-edge-learning/.venv/lib64/python3.13/site-packages/sklearn/metrics/_ranking.py:424: UndefinedMetricWarning: Only one class is present in y_true. ROC AUC score is not defined in that case.[32m [repeated 51x across cluster][0m
[36m(ClientAppActor pid=14765)[0m   warnings.warn([32m [repeated 51x across cluster][0m
[36m(ClientAppActor pid=13767)[0m /home/bax9142/federated-edge-learning/.venv/lib64/python3.13/site-packages/sklearn/metrics/_ranking.py:424: UndefinedMetricWarning: Only one class is present in y_true. ROC AUC score is not defined in that case.[32m [repeated 23x across cluster][0m
[36m(ClientAppActor pid=13767)[0m   warnings.warn([32m [repeated 23x across cluster][0m
[36m(ClientAppActor pid=13795)[0m /home/bax9142/federated-edge-learning/.venv/lib64/python3.13/site-packages/sklearn/metrics/_ranking.py:424: UndefinedMetricWarning: Only one class is present in y_true. ROC AUC score is not defined in that case.[32m [repeated 45x across cluster][0m
[36m(ClientAppActor pid=13795)[0m   warnings.warn([32m [repeated 45x across cluster][0m
[36m(ClientAppActor pid=13767)[0m /home/bax9142/federated-edge-learning/.venv/lib64/python3.13/site-packages/sklearn/metrics/_ranking.py:424: UndefinedMetricWarning: Only one class is present in y_true. ROC AUC score is not defined in that case.[32m [repeated 41x across cluster][0m
[36m(ClientAppActor pid=13767)[0m   warnings.warn([32m [repeated 41x across cluster][0m
[36m(ClientAppActor pid=13765)[0m /home/bax9142/federated-edge-learning/.venv/lib64/python3.13/site-packages/sklearn/metrics/_ranking.py:424: UndefinedMetricWarning: Only one class is present in y_true. ROC AUC score is not defined in that case.[32m [repeated 43x across cluster][0m
[36m(ClientAppActor pid=13765)[0m   warnings.warn([32m [repeated 43x across cluster][0m
[36m(ClientAppActor pid=13764)[0m /home/bax9142/federated-edge-learning/.venv/lib64/python3.13/site-packages/sklearn/metrics/_ranking.py:424: UndefinedMetricWarning: Only one class is present in y_true. ROC AUC score is not defined in that case.[32m [repeated 41x across cluster][0m
[36m(ClientAppActor pid=13764)[0m   warnings.warn([32m [repeated 41x across cluster][0m
[92mINFO [0m:      aggregate_evaluate: received 2048 results and 0 failures
[92mINFO [0m:      
[92mINFO [0m:      [ROUND 30]
[92mINFO [0m:      configure_fit: strategy sampled 1638 clients (out of 2048)
[92mINFO [0m:      aggregate_fit: received 1638 results and 0 failures
[92mINFO [0m:      configure_evaluate: strategy sampled 2048 clients (out of 2048)
[36m(ClientAppActor pid=13764)[0m /home/bax9142/federated-edge-learning/.venv/lib64/python3.13/site-packages/sklearn/metrics/_ranking.py:424: UndefinedMetricWarning: Only one class is present in y_true. ROC AUC score is not defined in that case.[32m [repeated 35x across cluster][0m
[36m(ClientAppActor pid=13764)[0m   warnings.warn([32m [repeated 35x across cluster][0m

[36m(ClientAppActor pid=13764)[0m    Validation: 12 samples (client-local)[32m [repeated 251x across cluster][0m
[36m(ClientAppActor pid=13764)[0m    Test:       50737 samples (global, shared)[32m [repeated 251x across cluster][0m
[36m(ClientAppActor pid=12033)[0m [Client 22] Data split:[32m [repeated 244x across cluster][0m
[36m(ClientAppActor pid=12033)[0m    Train:      87 samples (client-local)[32m [repeated 244x across cluster][0m
[36m(ClientAppActor pid=12033)[0m    Validation: 12 samples (client-local)[32m [repeated 244x across cluster][0m
[36m(ClientAppActor pid=12033)[0m    Test:       50737 samples (global, shared)[32m [repeated 244x across cluster][0m
[36m(ClientAppActor pid=13793)[0m [Client 469] Data split:[32m [repeated 246x across cluster][0m
[36m(ClientAppActor pid=13793)[0m    Train:      87 samples (client-local)[32m [repeated 246x across cluster][0m
[36m(ClientAppActor pid=13793)[0m    Validation: 12 samples (client-local)[32m [repeated 246x across cluster][0m
[36m(ClientAppActor pid=13793)[0m    Test:       50737 samples (global, shared)[32m [repeated 246x across cluster][0m
[36m(ClientAppActor pid=13767)[0m [Client 1680] Data split:[32m [repeated 258x across cluster][0m
[36m(ClientAppActor pid=13767)[0m    Train:      86 samples (client-local)[32m [repeated 258x across cluster][0m
[36m(ClientAppActor pid=13767)[0m    Validation: 12 samples (client-local)[32m [repeated 258x across cluster][0m
[36m(ClientAppActor pid=13767)[0m    Test:       50737 samples (global, shared)[32m [repeated 258x across cluster][0m
[36m(ClientAppActor pid=13764)[0m [Client 489] Data split:[32m [repeated 247x across cluster][0m
[36m(ClientAppActor pid=13764)[0m    Train:      87 samples (client-local)[32m [repeated 247x across cluster][0m
[36m(ClientAppActor pid=13764)[0m    Validation: 12 samples (client-local)[32m [repeated 247x across cluster][0m
[36m(ClientAppActor pid=13764)[0m    Test:       50737 samples (global, shared)[32m [repeated 247x across cluster][0m
[36m(ClientAppActor pid=13776)[0m [Client 1798] Data split:[32m [repeated 254x across cluster][0m
[36m(ClientAppActor pid=13776)[0m    Train:      86 samples (client-local)[32m [repeated 254x across cluster][0m
[36m(ClientAppActor pid=13776)[0m    Validation: 12 samples (client-local)[32m [repeated 254x across cluster][0m
[36m(ClientAppActor pid=13776)[0m    Test:       50737 samples (global, shared)[32m [repeated 254x across cluster][0m
[36m(ClientAppActor pid=13764)[0m [Client 821] Data split:[32m [repeated 255x across cluster][0m
[36m(ClientAppActor pid=13764)[0m    Train:      87 samples (client-local)[32m [repeated 255x across cluster][0m
[36m(ClientAppActor pid=13764)[0m    Validation: 12 samples (client-local)[32m [repeated 255x across cluster][0m
[36m(ClientAppActor pid=13764)[0m    Test:       50737 samples (global, shared)[32m [repeated 255x across cluster][0m

🎯 Multi-Threshold Aggregation:
   ═══════════════════════════════════════════════
   Evaluated 10 thresholds:
     • Thr=0.30: Recall=0.943, Spec=0.321, F1=0.307
     • Thr=0.35: Recall=0.917, Spec=0.380, F1=0.319
     • Thr=0.40: Recall=0.879, Spec=0.437, F1=0.328
   ...

   BEST Threshold: 0.50
     • Recall:      0.795
     • Specificity: 0.553
     • F1-Score:    0.349
     • Score:       0.646
   ═══════════════════════════════════════════════

⚠️  No rounds meet spec≥0.7, using recall filter only
 2 Pareto-optimal rounds (not dominated in recall & spec)

🎯 SELECTED ROUND 29:
   Recall:     0.795
   Specificity: 0.553
   F1-Score:    0.349
   Stability:   1.000
   Alerts/1000: 495.6
   Composite:   0.654


✅ Round 29 is NEW BEST - Saving checkpoint...
   💾 Checkpoint saved: result/splits_iid_scaling/splits_iid_2048_clients.json/multi_thr/model_round_29.pt
⚠️  No rounds meet spec≥0.7, using recall filter only
 2 Pareto-optimal rounds (not dominated in recall & spec)

🎯 SELECTED ROUND 29:
   Recall:     0.795
   Specificity: 0.553
   F1-Score:    0.349
   Stability:   1.000
   Alerts/1000: 495.6
   Composite:   0.654

   💾 Best model saved: result/splits_iid_scaling/splits_iid_2048_clients.json/multi_thr/model_round_29.pt
   📊 Metrics saved: result/splits_iid_scaling/splits_iid_2048_clients.json/multi_thr/run_1.json
[36m(ClientAppActor pid=13767)[0m [Client 1524] Data split:[32m [repeated 236x across cluster][0m
[36m(ClientAppActor pid=13767)[0m    Train:      86 samples (client-local)[32m [repeated 236x across cluster][0m
[36m(ClientAppActor pid=13767)[0m    Validation: 12 samples (client-local)[32m [repeated 236x across cluster][0m
[36m(ClientAppActor pid=13767)[0m    Test:       50737 samples (global, shared)[32m [repeated 236x across cluster][0m
[36m(ClientAppActor pid=13768)[0m [Client 1874] Data split:[32m [repeated 252x across cluster][0m
[36m(ClientAppActor pid=13768)[0m    Train:      86 samples (client-local)[32m [repeated 252x across cluster][0m
[36m(ClientAppActor pid=13768)[0m    Validation: 12 samples (client-local)[32m [repeated 252x across cluster][0m
[36m(ClientAppActor pid=13768)[0m    Test:       50737 samples (global, shared)[32m [repeated 252x across cluster][0m
[36m(ClientAppActor pid=13797)[0m [Client 269] Data split:[32m [repeated 250x across cluster][0m
[36m(ClientAppActor pid=13797)[0m    Train:      87 samples (client-local)[32m [repeated 250x across cluster][0m
[36m(ClientAppActor pid=13797)[0m    Validation: 12 samples (client-local)[32m [repeated 250x across cluster][0m
[36m(ClientAppActor pid=13797)[0m    Test:       50737 samples (global, shared)[32m [repeated 250x across cluster][0m
[36m(ClientAppActor pid=12033)[0m [Client 2005] Data split:[32m [repeated 258x across cluster][0m
[36m(ClientAppActor pid=12033)[0m    Train:      86 samples (client-local)[32m [repeated 258x across cluster][0m
[36m(ClientAppActor pid=12033)[0m    Validation: 12 samples (client-local)[32m [repeated 258x across cluster][0m
[36m(ClientAppActor pid=12033)[0m    Test:       50737 samples (global, shared)[32m [repeated 258x across cluster][0m
[36m(ClientAppActor pid=13793)[0m [Client 642] Data split:[32m [repeated 246x across cluster][0m
[36m(ClientAppActor pid=13793)[0m    Train:      87 samples (client-local)[32m [repeated 246x across cluster][0m
[36m(ClientAppActor pid=13793)[0m    Validation: 12 samples (client-local)[32m [repeated 246x across cluster][0m
[36m(ClientAppActor pid=13793)[0m    Test:       50737 samples (global, shared)[32m [repeated 246x across cluster][0m
[36m(ClientAppActor pid=13764)[0m [Client 826] Data split:[32m [repeated 255x across cluster][0m
[36m(ClientAppActor pid=13764)[0m    Train:      87 samples (client-local)[32m [repeated 255x across cluster][0m
[36m(ClientAppActor pid=13764)[0m    Validation: 12 samples (client-local)[32m [repeated 255x across cluster][0m
[36m(ClientAppActor pid=13764)[0m    Test:       50737 samples (global, shared)[32m [repeated 255x across cluster][0m
[36m(ClientAppActor pid=13766)[0m [Client 1157] Data split:[32m [repeated 185x across cluster][0m
[36m(ClientAppActor pid=13766)[0m    Train:      87 samples (client-local)[32m [repeated 185x across cluster][0m
[36m(ClientAppActor pid=13766)[0m    Validation: 12 samples (client-local)[32m [repeated 185x across cluster][0m
[36m(ClientAppActor pid=13766)[0m    Test:       50737 samples (global, shared)[32m [repeated 185x across cluster][0m
[36m(ClientAppActor pid=13764)[0m [Client 1649] Data split:[32m [repeated 244x across cluster][0m
[36m(ClientAppActor pid=13764)[0m    Train:      86 samples (client-local)[32m [repeated 244x across cluster][0m
[36m(ClientAppActor pid=13764)[0m    Validation: 12 samples (client-local)[32m [repeated 244x across cluster][0m
[36m(ClientAppActor pid=13764)[0m    Test:       50737 samples (global, shared)[32m [repeated 244x across cluster][0m[36m(ClientAppActor pid=13766)[0m /home/bax9142/federated-edge-learning/.venv/lib64/python3.13/site-packages/sklearn/metrics/_ranking.py:424: UndefinedMetricWarning: Only one class is present in y_true. ROC AUC score is not defined in that case.[32m [repeated 41x across cluster][0m
[36m(ClientAppActor pid=13766)[0m   warnings.warn([32m [repeated 41x across cluster][0m
[36m(ClientAppActor pid=13789)[0m /home/bax9142/federated-edge-learning/.venv/lib64/python3.13/site-packages/sklearn/metrics/_ranking.py:424: UndefinedMetricWarning: Only one class is present in y_true. ROC AUC score is not defined in that case.[32m [repeated 35x across cluster][0m
[36m(ClientAppActor pid=13789)[0m   warnings.warn([32m [repeated 35x across cluster][0m
[36m(ClientAppActor pid=14737)[0m /home/bax9142/federated-edge-learning/.venv/lib64/python3.13/site-packages/sklearn/metrics/_ranking.py:424: UndefinedMetricWarning: Only one class is present in y_true. ROC AUC score is not defined in that case.[32m [repeated 32x across cluster][0m
[36m(ClientAppActor pid=14737)[0m   warnings.warn([32m [repeated 32x across cluster][0m
[36m(ClientAppActor pid=13766)[0m /home/bax9142/federated-edge-learning/.venv/lib64/python3.13/site-packages/sklearn/metrics/_ranking.py:424: UndefinedMetricWarning: Only one class is present in y_true. ROC AUC score is not defined in that case.[32m [repeated 56x across cluster][0m
[36m(ClientAppActor pid=13766)[0m   warnings.warn([32m [repeated 56x across cluster][0m
[36m(ClientAppActor pid=13793)[0m /home/bax9142/federated-edge-learning/.venv/lib64/python3.13/site-packages/sklearn/metrics/_ranking.py:424: UndefinedMetricWarning: Only one class is present in y_true. ROC AUC score is not defined in that case.[32m [repeated 38x across cluster][0m
[36m(ClientAppActor pid=13793)[0m   warnings.warn([32m [repeated 38x across cluster][0m
[36m(ClientAppActor pid=13771)[0m /home/bax9142/federated-edge-learning/.venv/lib64/python3.13/site-packages/sklearn/metrics/_ranking.py:424: UndefinedMetricWarning: Only one class is present in y_true. ROC AUC score is not defined in that case.[32m [repeated 47x across cluster][0m
[36m(ClientAppActor pid=13771)[0m   warnings.warn([32m [repeated 47x across cluster][0m
[36m(ClientAppActor pid=14790)[0m /home/bax9142/federated-edge-learning/.venv/lib64/python3.13/site-packages/sklearn/metrics/_ranking.py:424: UndefinedMetricWarning: Only one class is present in y_true. ROC AUC score is not defined in that case.[32m [repeated 41x across cluster][0m
[36m(ClientAppActor pid=14790)[0m   warnings.warn([32m [repeated 41x across cluster][0m
[92mINFO [0m:      aggregate_evaluate: received 2048 results and 0 failures
[92mINFO [0m:      
[92mINFO [0m:      [ROUND 31]
[92mINFO [0m:      configure_fit: strategy sampled 1638 clients (out of 2048)
[92mINFO [0m:      aggregate_fit: received 1638 results and 0 failures
[92mINFO [0m:      configure_evaluate: strategy sampled 2048 clients (out of 2048)
[36m(ClientAppActor pid=13767)[0m /home/bax9142/federated-edge-learning/.venv/lib64/python3.13/site-packages/sklearn/metrics/_ranking.py:424: UndefinedMetricWarning: Only one class is present in y_true. ROC AUC score is not defined in that case.[32m [repeated 32x across cluster][0m
[36m(ClientAppActor pid=13767)[0m   warnings.warn([32m [repeated 32x across cluster][0m
[36m(ClientAppActor pid=13794)[0m /home/bax9142/federated-edge-learning/.venv/lib64/python3.13/site-packages/sklearn/metrics/_ranking.py:424: UndefinedMetricWarning: Only one class is present in y_true. ROC AUC score is not defined in that case.[32m [repeated 46x across cluster][0m
[36m(ClientAppActor pid=13794)[0m   warnings.warn([32m [repeated 46x across cluster][0m

[36m(ClientAppActor pid=13765)[0m [Client 1814] Data split:[32m [repeated 253x across cluster][0m
[36m(ClientAppActor pid=13765)[0m    Train:      86 samples (client-local)[32m [repeated 253x across cluster][0m
[36m(ClientAppActor pid=13765)[0m    Validation: 12 samples (client-local)[32m [repeated 253x across cluster][0m
[36m(ClientAppActor pid=13765)[0m    Test:       50737 samples (global, shared)[32m [repeated 253x across cluster][0m
[36m(ClientAppActor pid=13794)[0m [Client 222] Data split:[32m [repeated 255x across cluster][0m
[36m(ClientAppActor pid=13794)[0m    Train:      87 samples (client-local)[32m [repeated 255x across cluster][0m
[36m(ClientAppActor pid=13794)[0m    Validation: 12 samples (client-local)[32m [repeated 255x across cluster][0m
[36m(ClientAppActor pid=13794)[0m    Test:       50737 samples (global, shared)[32m [repeated 255x across cluster][0m
[36m(ClientAppActor pid=13768)[0m [Client 371] Data split:[32m [repeated 253x across cluster][0m
[36m(ClientAppActor pid=13768)[0m    Train:      87 samples (client-local)[32m [repeated 253x across cluster][0m
[36m(ClientAppActor pid=13768)[0m    Validation: 12 samples (client-local)[32m [repeated 253x across cluster][0m
[36m(ClientAppActor pid=13768)[0m    Test:       50737 samples (global, shared)[32m [repeated 253x across cluster][0m
[36m(ClientAppActor pid=13771)[0m [Client 1228] Data split:[32m [repeated 256x across cluster][0m
[36m(ClientAppActor pid=13771)[0m    Train:      87 samples (client-local)[32m [repeated 256x across cluster][0m
[36m(ClientAppActor pid=13771)[0m    Validation: 12 samples (client-local)[32m [repeated 256x across cluster][0m
[36m(ClientAppActor pid=13771)[0m    Test:       50737 samples (global, shared)[32m [repeated 256x across cluster][0m
[36m(ClientAppActor pid=13764)[0m [Client 1761] Data split:[32m [repeated 250x across cluster][0m
[36m(ClientAppActor pid=13764)[0m    Train:      86 samples (client-local)[32m [repeated 250x across cluster][0m
[36m(ClientAppActor pid=13764)[0m    Validation: 12 samples (client-local)[32m [repeated 250x across cluster][0m
[36m(ClientAppActor pid=13764)[0m    Test:       50737 samples (global, shared)[32m [repeated 250x across cluster][0m
[36m(ClientAppActor pid=13768)[0m [Client 1983] Data split:[32m [repeated 261x across cluster][0m
[36m(ClientAppActor pid=13768)[0m    Train:      86 samples (client-local)[32m [repeated 261x across cluster][0m
[36m(ClientAppActor pid=13768)[0m    Validation: 12 samples (client-local)[32m [repeated 261x across cluster][0m
[36m(ClientAppActor pid=13768)[0m    Test:       50737 samples (global, shared)[32m [repeated 261x across cluster][0m
[36m(ClientAppActor pid=13768)[0m [Client 66] Data split:[32m [repeated 256x across cluster][0m
[36m(ClientAppActor pid=13768)[0m    Train:      87 samples (client-local)[32m [repeated 256x across cluster][0m
[36m(ClientAppActor pid=13768)[0m    Validation: 12 samples (client-local)[32m [repeated 256x across cluster][0m
[36m(ClientAppActor pid=13768)[0m    Test:       50737 samples (global, shared)[32m [repeated 256x across cluster][0m

🎯 Multi-Threshold Aggregation:
   ═══════════════════════════════════════════════
   Evaluated 10 thresholds:
     • Thr=0.30: Recall=0.943, Spec=0.323, F1=0.308
     • Thr=0.35: Recall=0.917, Spec=0.383, F1=0.320
     • Thr=0.40: Recall=0.879, Spec=0.440, F1=0.329
   ...

   BEST Threshold: 0.50
     • Recall:      0.795
     • Specificity: 0.555
     • F1-Score:    0.350
     • Score:       0.647
   ═══════════════════════════════════════════════

⚠️  No rounds meet spec≥0.7, using recall filter only
 3 Pareto-optimal rounds (not dominated in recall & spec)

🎯 SELECTED ROUND 30:
   Recall:     0.795
   Specificity: 0.555
   F1-Score:    0.350
   Stability:   1.000
   Alerts/1000: 493.8
   Composite:   0.654


✅ Round 30 is NEW BEST - Saving checkpoint...
   💾 Checkpoint saved: result/splits_iid_scaling/splits_iid_2048_clients.json/multi_thr/model_round_30.pt
⚠️  No rounds meet spec≥0.7, using recall filter only
 3 Pareto-optimal rounds (not dominated in recall & spec)

🎯 SELECTED ROUND 30:
   Recall:     0.795
   Specificity: 0.555
   F1-Score:    0.350
   Stability:   1.000
   Alerts/1000: 493.8
   Composite:   0.654

   💾 Best model saved: result/splits_iid_scaling/splits_iid_2048_clients.json/multi_thr/model_round_30.pt
   📊 Metrics saved: result/splits_iid_scaling/splits_iid_2048_clients.json/multi_thr/run_1.json
[36m(ClientAppActor pid=13764)[0m [Client 1603] Data split:[32m [repeated 237x across cluster][0m
[36m(ClientAppActor pid=13764)[0m    Train:      86 samples (client-local)[32m [repeated 237x across cluster][0m
[36m(ClientAppActor pid=13764)[0m    Validation: 12 samples (client-local)[32m [repeated 237x across cluster][0m
[36m(ClientAppActor pid=13764)[0m    Test:       50737 samples (global, shared)[32m [repeated 237x across cluster][0m
[36m(ClientAppActor pid=14774)[0m [Client 256] Data split:[32m [repeated 247x across cluster][0m
[36m(ClientAppActor pid=14774)[0m    Train:      87 samples (client-local)[32m [repeated 247x across cluster][0m
[36m(ClientAppActor pid=14774)[0m    Validation: 12 samples (client-local)[32m [repeated 247x across cluster][0m
[36m(ClientAppActor pid=14774)[0m    Test:       50737 samples (global, shared)[32m [repeated 247x across cluster][0m
[36m(ClientAppActor pid=13768)[0m [Client 1727] Data split:[32m [repeated 255x across cluster][0m
[36m(ClientAppActor pid=13768)[0m    Train:      86 samples (client-local)[32m [repeated 255x across cluster][0m
[36m(ClientAppActor pid=13768)[0m    Validation: 12 samples (client-local)[32m [repeated 255x across cluster][0m
[36m(ClientAppActor pid=13768)[0m    Test:       50737 samples (global, shared)[32m [repeated 255x across cluster][0m
[36m(ClientAppActor pid=13769)[0m [Client 1670] Data split:[32m [repeated 243x across cluster][0m
[36m(ClientAppActor pid=13769)[0m    Train:      86 samples (client-local)[32m [repeated 243x across cluster][0m
[36m(ClientAppActor pid=13769)[0m    Validation: 12 samples (client-local)[32m [repeated 243x across cluster][0m
[36m(ClientAppActor pid=13769)[0m    Test:       50737 samples (global, shared)[32m [repeated 243x across cluster][0m
[36m(ClientAppActor pid=13769)[0m [Client 1469] Data split:[32m [repeated 252x across cluster][0m
[36m(ClientAppActor pid=13769)[0m    Train:      86 samples (client-local)[32m [repeated 252x across cluster][0m
[36m(ClientAppActor pid=13769)[0m    Validation: 12 samples (client-local)[32m [repeated 252x across cluster][0m
[36m(ClientAppActor pid=13769)[0m    Test:       50737 samples (global, shared)[32m [repeated 252x across cluster][0m
[36m(ClientAppActor pid=13769)[0m [Client 65] Data split:[32m [repeated 248x across cluster][0m
[36m(ClientAppActor pid=13769)[0m    Train:      87 samples (client-local)[32m [repeated 248x across cluster][0m
[36m(ClientAppActor pid=13769)[0m    Validation: 12 samples (client-local)[32m [repeated 248x across cluster][0m
[36m(ClientAppActor pid=13769)[0m    Test:       50737 samples (global, shared)[32m [repeated 248x across cluster][0m
[36m(ClientAppActor pid=13769)[0m [Client 1965] Data split:[32m [repeated 197x across cluster][0m
[36m(ClientAppActor pid=13769)[0m    Train:      86 samples (client-local)[32m [repeated 197x across cluster][0m
[36m(ClientAppActor pid=13769)[0m    Validation: 12 samples (client-local)[32m [repeated 197x across cluster][0m
[36m(ClientAppActor pid=13769)[0m    Test:       50737 samples (global, shared)[32m [repeated 197x across cluster][0m
[36m(ClientAppActor pid=13769)[0m [Client 766] Data split:[32m [repeated 233x across cluster][0m
[36m(ClientAppActor pid=13769)[0m    Train:      87 samples (client-local)[32m [repeated 233x across cluster][0m[36m(ClientAppActor pid=13767)[0m /home/bax9142/federated-edge-learning/.venv/lib64/python3.13/site-packages/sklearn/metrics/_ranking.py:424: UndefinedMetricWarning: Only one class is present in y_true. ROC AUC score is not defined in that case.[32m [repeated 42x across cluster][0m
[36m(ClientAppActor pid=13767)[0m   warnings.warn([32m [repeated 42x across cluster][0m
[36m(ClientAppActor pid=13776)[0m /home/bax9142/federated-edge-learning/.venv/lib64/python3.13/site-packages/sklearn/metrics/_ranking.py:424: UndefinedMetricWarning: Only one class is present in y_true. ROC AUC score is not defined in that case.[32m [repeated 37x across cluster][0m
[36m(ClientAppActor pid=13776)[0m   warnings.warn([32m [repeated 37x across cluster][0m
[36m(ClientAppActor pid=13769)[0m /home/bax9142/federated-edge-learning/.venv/lib64/python3.13/site-packages/sklearn/metrics/_ranking.py:424: UndefinedMetricWarning: Only one class is present in y_true. ROC AUC score is not defined in that case.[32m [repeated 35x across cluster][0m
[36m(ClientAppActor pid=13769)[0m   warnings.warn([32m [repeated 35x across cluster][0m
[36m(ClientAppActor pid=14798)[0m /home/bax9142/federated-edge-learning/.venv/lib64/python3.13/site-packages/sklearn/metrics/_ranking.py:424: UndefinedMetricWarning: Only one class is present in y_true. ROC AUC score is not defined in that case.[32m [repeated 50x across cluster][0m
[36m(ClientAppActor pid=14798)[0m   warnings.warn([32m [repeated 50x across cluster][0m
[36m(ClientAppActor pid=14774)[0m /home/bax9142/federated-edge-learning/.venv/lib64/python3.13/site-packages/sklearn/metrics/_ranking.py:424: UndefinedMetricWarning: Only one class is present in y_true. ROC AUC score is not defined in that case.[32m [repeated 37x across cluster][0m
[36m(ClientAppActor pid=14774)[0m   warnings.warn([32m [repeated 37x across cluster][0m
[36m(ClientAppActor pid=13765)[0m /home/bax9142/federated-edge-learning/.venv/lib64/python3.13/site-packages/sklearn/metrics/_ranking.py:424: UndefinedMetricWarning: Only one class is present in y_true. ROC AUC score is not defined in that case.[32m [repeated 45x across cluster][0m
[36m(ClientAppActor pid=13765)[0m   warnings.warn([32m [repeated 45x across cluster][0m
[36m(ClientAppActor pid=13764)[0m /home/bax9142/federated-edge-learning/.venv/lib64/python3.13/site-packages/sklearn/metrics/_ranking.py:424: UndefinedMetricWarning: Only one class is present in y_true. ROC AUC score is not defined in that case.[32m [repeated 27x across cluster][0m
[36m(ClientAppActor pid=13764)[0m   warnings.warn([32m [repeated 27x across cluster][0m
[92mINFO [0m:      aggregate_evaluate: received 2048 results and 0 failures
[92mINFO [0m:      
[92mINFO [0m:      [ROUND 32]
[92mINFO [0m:      configure_fit: strategy sampled 1638 clients (out of 2048)
[92mINFO [0m:      aggregate_fit: received 1638 results and 0 failures
[92mINFO [0m:      configure_evaluate: strategy sampled 2048 clients (out of 2048)

[36m(ClientAppActor pid=13769)[0m    Validation: 12 samples (client-local)[32m [repeated 233x across cluster][0m
[36m(ClientAppActor pid=13769)[0m    Test:       50737 samples (global, shared)[32m [repeated 233x across cluster][0m
[36m(ClientAppActor pid=13768)[0m [Client 822] Data split:[32m [repeated 256x across cluster][0m
[36m(ClientAppActor pid=13768)[0m    Train:      87 samples (client-local)[32m [repeated 256x across cluster][0m
[36m(ClientAppActor pid=13768)[0m    Validation: 12 samples (client-local)[32m [repeated 256x across cluster][0m
[36m(ClientAppActor pid=13768)[0m    Test:       50737 samples (global, shared)[32m [repeated 256x across cluster][0m
[36m(ClientAppActor pid=13763)[0m [Client 395] Data split:[32m [repeated 249x across cluster][0m
[36m(ClientAppActor pid=13763)[0m    Train:      87 samples (client-local)[32m [repeated 249x across cluster][0m
[36m(ClientAppActor pid=13763)[0m    Validation: 12 samples (client-local)[32m [repeated 249x across cluster][0m
[36m(ClientAppActor pid=13763)[0m    Test:       50737 samples (global, shared)[32m [repeated 249x across cluster][0m
[36m(ClientAppActor pid=13767)[0m [Client 1956] Data split:[32m [repeated 242x across cluster][0m
[36m(ClientAppActor pid=13767)[0m    Train:      86 samples (client-local)[32m [repeated 242x across cluster][0m
[36m(ClientAppActor pid=13767)[0m    Validation: 12 samples (client-local)[32m [repeated 242x across cluster][0m
[36m(ClientAppActor pid=13767)[0m    Test:       50737 samples (global, shared)[32m [repeated 242x across cluster][0m
[36m(ClientAppActor pid=12033)[0m [Client 1162] Data split:[32m [repeated 256x across cluster][0m
[36m(ClientAppActor pid=12033)[0m    Train:      87 samples (client-local)[32m [repeated 256x across cluster][0m
[36m(ClientAppActor pid=12033)[0m    Validation: 12 samples (client-local)[32m [repeated 256x across cluster][0m
[36m(ClientAppActor pid=12033)[0m    Test:       50737 samples (global, shared)[32m [repeated 256x across cluster][0m
[36m(ClientAppActor pid=14737)[0m [Client 1932] Data split:[32m [repeated 255x across cluster][0m
[36m(ClientAppActor pid=14737)[0m    Train:      86 samples (client-local)[32m [repeated 255x across cluster][0m
[36m(ClientAppActor pid=14737)[0m    Validation: 12 samples (client-local)[32m [repeated 255x across cluster][0m
[36m(ClientAppActor pid=14737)[0m    Test:       50737 samples (global, shared)[32m [repeated 255x across cluster][0m
[36m(ClientAppActor pid=13767)[0m [Client 1265] Data split:[32m [repeated 254x across cluster][0m
[36m(ClientAppActor pid=13767)[0m    Train:      87 samples (client-local)[32m [repeated 254x across cluster][0m
[36m(ClientAppActor pid=13767)[0m    Validation: 12 samples (client-local)[32m [repeated 254x across cluster][0m
[36m(ClientAppActor pid=13767)[0m    Test:       50737 samples (global, shared)[32m [repeated 254x across cluster][0m
[36m(ClientAppActor pid=12033)[0m [Client 1052] Data split:[32m [repeated 258x across cluster][0m
[36m(ClientAppActor pid=12033)[0m    Train:      87 samples (client-local)[32m [repeated 258x across cluster][0m
[36m(ClientAppActor pid=12033)[0m    Validation: 12 samples (client-local)[32m [repeated 258x across cluster][0m
[36m(ClientAppActor pid=12033)[0m    Test:       50737 samples (global, shared)[32m [repeated 258x across cluster][0m

🎯 Multi-Threshold Aggregation:
   ═══════════════════════════════════════════════
   Evaluated 10 thresholds:
     • Thr=0.30: Recall=0.942, Spec=0.326, F1=0.309
     • Thr=0.35: Recall=0.917, Spec=0.386, F1=0.321
     • Thr=0.40: Recall=0.880, Spec=0.442, F1=0.330
   ...

   BEST Threshold: 0.50
     • Recall:      0.795
     • Specificity: 0.557
     • F1-Score:    0.351
     • Score:       0.648
   ═══════════════════════════════════════════════

⚠️  No rounds meet spec≥0.7, using recall filter only
 3 Pareto-optimal rounds (not dominated in recall & spec)

🎯 SELECTED ROUND 31:
   Recall:     0.795
   Specificity: 0.557
   F1-Score:    0.351
   Stability:   1.000
   Alerts/1000: 492.2
   Composite:   0.655


✅ Round 31 is NEW BEST - Saving checkpoint...
   💾 Checkpoint saved: result/splits_iid_scaling/splits_iid_2048_clients.json/multi_thr/model_round_31.pt
⚠️  No rounds meet spec≥0.7, using recall filter only
 3 Pareto-optimal rounds (not dominated in recall & spec)

🎯 SELECTED ROUND 31:
   Recall:     0.795
   Specificity: 0.557
   F1-Score:    0.351
   Stability:   1.000
   Alerts/1000: 492.2
   Composite:   0.655

   💾 Best model saved: result/splits_iid_scaling/splits_iid_2048_clients.json/multi_thr/model_round_31.pt
   📊 Metrics saved: result/splits_iid_scaling/splits_iid_2048_clients.json/multi_thr/run_1.json
[36m(ClientAppActor pid=13793)[0m [Client 1750] Data split:[32m [repeated 226x across cluster][0m
[36m(ClientAppActor pid=13793)[0m    Train:      86 samples (client-local)[32m [repeated 226x across cluster][0m
[36m(ClientAppActor pid=13793)[0m    Validation: 12 samples (client-local)[32m [repeated 226x across cluster][0m
[36m(ClientAppActor pid=13793)[0m    Test:       50737 samples (global, shared)[32m [repeated 226x across cluster][0m
[36m(ClientAppActor pid=13764)[0m [Client 317] Data split:[32m [repeated 252x across cluster][0m
[36m(ClientAppActor pid=13764)[0m    Train:      87 samples (client-local)[32m [repeated 252x across cluster][0m
[36m(ClientAppActor pid=13764)[0m    Validation: 12 samples (client-local)[32m [repeated 252x across cluster][0m
[36m(ClientAppActor pid=13764)[0m    Test:       50737 samples (global, shared)[32m [repeated 252x across cluster][0m
[36m(ClientAppActor pid=12033)[0m [Client 514] Data split:[32m [repeated 255x across cluster][0m
[36m(ClientAppActor pid=12033)[0m    Train:      87 samples (client-local)[32m [repeated 255x across cluster][0m
[36m(ClientAppActor pid=12033)[0m    Validation: 12 samples (client-local)[32m [repeated 255x across cluster][0m
[36m(ClientAppActor pid=12033)[0m    Test:       50737 samples (global, shared)[32m [repeated 255x across cluster][0m
[36m(ClientAppActor pid=13763)[0m [Client 1075] Data split:[32m [repeated 248x across cluster][0m
[36m(ClientAppActor pid=13763)[0m    Train:      87 samples (client-local)[32m [repeated 248x across cluster][0m
[36m(ClientAppActor pid=13763)[0m    Validation: 12 samples (client-local)[32m [repeated 248x across cluster][0m
[36m(ClientAppActor pid=13763)[0m    Test:       50737 samples (global, shared)[32m [repeated 248x across cluster][0m
[36m(ClientAppActor pid=12033)[0m [Client 1189] Data split:[32m [repeated 252x across cluster][0m
[36m(ClientAppActor pid=12033)[0m    Train:      87 samples (client-local)[32m [repeated 252x across cluster][0m
[36m(ClientAppActor pid=12033)[0m    Validation: 12 samples (client-local)[32m [repeated 252x across cluster][0m
[36m(ClientAppActor pid=12033)[0m    Test:       50737 samples (global, shared)[32m [repeated 252x across cluster][0m
[36m(ClientAppActor pid=13765)[0m [Client 969] Data split:[32m [repeated 255x across cluster][0m
[36m(ClientAppActor pid=13765)[0m    Train:      87 samples (client-local)[32m [repeated 255x across cluster][0m
[36m(ClientAppActor pid=13765)[0m    Validation: 12 samples (client-local)[32m [repeated 255x across cluster][0m
[36m(ClientAppActor pid=13765)[0m    Test:       50737 samples (global, shared)[32m [repeated 255x across cluster][0m
[36m(ClientAppActor pid=13765)[0m [Client 914] Data split:[32m [repeated 191x across cluster][0m
[36m(ClientAppActor pid=13765)[0m    Train:      87 samples (client-local)[32m [repeated 191x across cluster][0m
[36m(ClientAppActor pid=13765)[0m    Validation: 12 samples (client-local)[32m [repeated 191x across cluster][0m
[36m(ClientAppActor pid=13765)[0m    Test:       50737 samples (global, shared)[32m [repeated 191x across cluster][0m[36m(ClientAppActor pid=13793)[0m /home/bax9142/federated-edge-learning/.venv/lib64/python3.13/site-packages/sklearn/metrics/_ranking.py:424: UndefinedMetricWarning: Only one class is present in y_true. ROC AUC score is not defined in that case.[32m [repeated 3x across cluster][0m
[36m(ClientAppActor pid=13793)[0m   warnings.warn([32m [repeated 3x across cluster][0m
[36m(ClientAppActor pid=12033)[0m /home/bax9142/federated-edge-learning/.venv/lib64/python3.13/site-packages/sklearn/metrics/_ranking.py:424: UndefinedMetricWarning: Only one class is present in y_true. ROC AUC score is not defined in that case.[32m [repeated 41x across cluster][0m
[36m(ClientAppActor pid=12033)[0m   warnings.warn([32m [repeated 41x across cluster][0m
[36m(ClientAppActor pid=13782)[0m /home/bax9142/federated-edge-learning/.venv/lib64/python3.13/site-packages/sklearn/metrics/_ranking.py:424: UndefinedMetricWarning: Only one class is present in y_true. ROC AUC score is not defined in that case.[32m [repeated 37x across cluster][0m
[36m(ClientAppActor pid=13782)[0m   warnings.warn([32m [repeated 37x across cluster][0m
[36m(ClientAppActor pid=14774)[0m /home/bax9142/federated-edge-learning/.venv/lib64/python3.13/site-packages/sklearn/metrics/_ranking.py:424: UndefinedMetricWarning: Only one class is present in y_true. ROC AUC score is not defined in that case.[32m [repeated 44x across cluster][0m
[36m(ClientAppActor pid=14774)[0m   warnings.warn([32m [repeated 44x across cluster][0m
[36m(ClientAppActor pid=13782)[0m /home/bax9142/federated-edge-learning/.venv/lib64/python3.13/site-packages/sklearn/metrics/_ranking.py:424: UndefinedMetricWarning: Only one class is present in y_true. ROC AUC score is not defined in that case.[32m [repeated 46x across cluster][0m
[36m(ClientAppActor pid=13782)[0m   warnings.warn([32m [repeated 46x across cluster][0m
[36m(ClientAppActor pid=13776)[0m /home/bax9142/federated-edge-learning/.venv/lib64/python3.13/site-packages/sklearn/metrics/_ranking.py:424: UndefinedMetricWarning: Only one class is present in y_true. ROC AUC score is not defined in that case.[32m [repeated 36x across cluster][0m
[36m(ClientAppActor pid=13776)[0m   warnings.warn([32m [repeated 36x across cluster][0m
[36m(ClientAppActor pid=14760)[0m /home/bax9142/federated-edge-learning/.venv/lib64/python3.13/site-packages/sklearn/metrics/_ranking.py:424: UndefinedMetricWarning: Only one class is present in y_true. ROC AUC score is not defined in that case.[32m [repeated 35x across cluster][0m
[36m(ClientAppActor pid=14760)[0m   warnings.warn([32m [repeated 35x across cluster][0m
[36m(ClientAppActor pid=13793)[0m /home/bax9142/federated-edge-learning/.venv/lib64/python3.13/site-packages/sklearn/metrics/_ranking.py:424: UndefinedMetricWarning: Only one class is present in y_true. ROC AUC score is not defined in that case.[32m [repeated 34x across cluster][0m
[36m(ClientAppActor pid=13793)[0m   warnings.warn([32m [repeated 34x across cluster][0m
[92mINFO [0m:      aggregate_evaluate: received 2048 results and 0 failures
[92mINFO [0m:      
[92mINFO [0m:      [ROUND 33]
[92mINFO [0m:      configure_fit: strategy sampled 1638 clients (out of 2048)
[92mINFO [0m:      aggregate_fit: received 1638 results and 0 failures
[92mINFO [0m:      configure_evaluate: strategy sampled 2048 clients (out of 2048)
[36m(ClientAppActor pid=13763)[0m /home/bax9142/federated-edge-learning/.venv/lib64/python3.13/site-packages/sklearn/metrics/_ranking.py:424: UndefinedMetricWarning: Only one class is present in y_true. ROC AUC score is not defined in that case.[32m [repeated 49x across cluster][0m
[36m(ClientAppActor pid=13763)[0m   warnings.warn([32m [repeated 49x across cluster][0m

[36m(ClientAppActor pid=13763)[0m [Client 30] Data split:[32m [repeated 249x across cluster][0m
[36m(ClientAppActor pid=13763)[0m    Train:      87 samples (client-local)[32m [repeated 249x across cluster][0m
[36m(ClientAppActor pid=13763)[0m    Validation: 12 samples (client-local)[32m [repeated 249x across cluster][0m
[36m(ClientAppActor pid=13763)[0m    Test:       50737 samples (global, shared)[32m [repeated 249x across cluster][0m
[36m(ClientAppActor pid=13764)[0m [Client 2014] Data split:[32m [repeated 235x across cluster][0m
[36m(ClientAppActor pid=13764)[0m    Train:      86 samples (client-local)[32m [repeated 235x across cluster][0m
[36m(ClientAppActor pid=13764)[0m    Validation: 12 samples (client-local)[32m [repeated 235x across cluster][0m
[36m(ClientAppActor pid=13764)[0m    Test:       50737 samples (global, shared)[32m [repeated 235x across cluster][0m
[36m(ClientAppActor pid=13767)[0m [Client 908] Data split:[32m [repeated 249x across cluster][0m
[36m(ClientAppActor pid=13767)[0m    Train:      87 samples (client-local)[32m [repeated 249x across cluster][0m
[36m(ClientAppActor pid=13767)[0m    Validation: 12 samples (client-local)[32m [repeated 249x across cluster][0m
[36m(ClientAppActor pid=13767)[0m    Test:       50737 samples (global, shared)[32m [repeated 249x across cluster][0m
[36m(ClientAppActor pid=13769)[0m [Client 477] Data split:[32m [repeated 256x across cluster][0m
[36m(ClientAppActor pid=13769)[0m    Train:      87 samples (client-local)[32m [repeated 256x across cluster][0m
[36m(ClientAppActor pid=13769)[0m    Validation: 12 samples (client-local)[32m [repeated 256x across cluster][0m
[36m(ClientAppActor pid=13769)[0m    Test:       50737 samples (global, shared)[32m [repeated 256x across cluster][0m
[36m(ClientAppActor pid=13767)[0m [Client 694] Data split:[32m [repeated 260x across cluster][0m
[36m(ClientAppActor pid=13767)[0m    Train:      87 samples (client-local)[32m [repeated 260x across cluster][0m
[36m(ClientAppActor pid=13767)[0m    Validation: 12 samples (client-local)[32m [repeated 260x across cluster][0m
[36m(ClientAppActor pid=13767)[0m    Test:       50737 samples (global, shared)[32m [repeated 260x across cluster][0m
[36m(ClientAppActor pid=12033)[0m [Client 100] Data split:[32m [repeated 254x across cluster][0m
[36m(ClientAppActor pid=12033)[0m    Train:      87 samples (client-local)[32m [repeated 254x across cluster][0m
[36m(ClientAppActor pid=12033)[0m    Validation: 12 samples (client-local)[32m [repeated 254x across cluster][0m
[36m(ClientAppActor pid=12033)[0m    Test:       50737 samples (global, shared)[32m [repeated 254x across cluster][0m
[36m(ClientAppActor pid=13793)[0m [Client 2026] Data split:[32m [repeated 260x across cluster][0m
[36m(ClientAppActor pid=13793)[0m    Train:      86 samples (client-local)[32m [repeated 260x across cluster][0m
[36m(ClientAppActor pid=13793)[0m    Validation: 12 samples (client-local)[32m [repeated 260x across cluster][0m
[36m(ClientAppActor pid=13793)[0m    Test:       50737 samples (global, shared)[32m [repeated 260x across cluster][0m
[36m(ClientAppActor pid=13767)[0m [Client 56] Data split:[32m [repeated 255x across cluster][0m
[36m(ClientAppActor pid=13767)[0m    Train:      87 samples (client-local)[32m [repeated 255x across cluster][0m
[36m(ClientAppActor pid=13767)[0m    Validation: 12 samples (client-local)[32m [repeated 255x across cluster][0m
[36m(ClientAppActor pid=13767)[0m    Test:       50737 samples (global, shared)[32m [repeated 255x across cluster][0m

🎯 Multi-Threshold Aggregation:
   ═══════════════════════════════════════════════
   Evaluated 10 thresholds:
     • Thr=0.30: Recall=0.943, Spec=0.329, F1=0.310
     • Thr=0.35: Recall=0.917, Spec=0.388, F1=0.322
     • Thr=0.40: Recall=0.881, Spec=0.444, F1=0.331
   ...

   BEST Threshold: 0.50
     • Recall:      0.795
     • Specificity: 0.558
     • F1-Score:    0.352
     • Score:       0.649
   ═══════════════════════════════════════════════

⚠️  No rounds meet spec≥0.7, using recall filter only
 2 Pareto-optimal rounds (not dominated in recall & spec)

🎯 SELECTED ROUND 32:
   Recall:     0.795
   Specificity: 0.558
   F1-Score:    0.352
   Stability:   1.000
   Alerts/1000: 491.3
   Composite:   0.656


✅ Round 32 is NEW BEST - Saving checkpoint...
   💾 Checkpoint saved: result/splits_iid_scaling/splits_iid_2048_clients.json/multi_thr/model_round_32.pt
⚠️  No rounds meet spec≥0.7, using recall filter only
 2 Pareto-optimal rounds (not dominated in recall & spec)

🎯 SELECTED ROUND 32:
   Recall:     0.795
   Specificity: 0.558
   F1-Score:    0.352
   Stability:   1.000
   Alerts/1000: 491.3
   Composite:   0.656

   💾 Best model saved: result/splits_iid_scaling/splits_iid_2048_clients.json/multi_thr/model_round_32.pt
   📊 Metrics saved: result/splits_iid_scaling/splits_iid_2048_clients.json/multi_thr/run_1.json
[36m(ClientAppActor pid=14751)[0m [Client 197] Data split:[32m [repeated 236x across cluster][0m
[36m(ClientAppActor pid=14751)[0m    Train:      87 samples (client-local)[32m [repeated 236x across cluster][0m
[36m(ClientAppActor pid=14751)[0m    Validation: 12 samples (client-local)[32m [repeated 236x across cluster][0m
[36m(ClientAppActor pid=14751)[0m    Test:       50737 samples (global, shared)[32m [repeated 236x across cluster][0m
[36m(ClientAppActor pid=13769)[0m 
[36m(ClientAppActor pid=13765)[0m [Client 727] Data split:[32m [repeated 252x across cluster][0m
[36m(ClientAppActor pid=13765)[0m    Train:      87 samples (client-local)[32m [repeated 252x across cluster][0m
[36m(ClientAppActor pid=13765)[0m    Validation: 12 samples (client-local)[32m [repeated 252x across cluster][0m
[36m(ClientAppActor pid=13765)[0m    Test:       50737 samples (global, shared)[32m [repeated 252x across cluster][0m
[36m(ClientAppActor pid=14737)[0m [Client 142] Data split:[32m [repeated 259x across cluster][0m
[36m(ClientAppActor pid=14737)[0m    Train:      87 samples (client-local)[32m [repeated 259x across cluster][0m
[36m(ClientAppActor pid=14737)[0m    Validation: 12 samples (client-local)[32m [repeated 259x across cluster][0m
[36m(ClientAppActor pid=14737)[0m    Test:       50737 samples (global, shared)[32m [repeated 259x across cluster][0m
[36m(ClientAppActor pid=12033)[0m [Client 1371] Data split:[32m [repeated 244x across cluster][0m
[36m(ClientAppActor pid=12033)[0m    Train:      87 samples (client-local)[32m [repeated 244x across cluster][0m
[36m(ClientAppActor pid=12033)[0m    Validation: 12 samples (client-local)[32m [repeated 244x across cluster][0m
[36m(ClientAppActor pid=12033)[0m    Test:       50737 samples (global, shared)[32m [repeated 244x across cluster][0m
[36m(ClientAppActor pid=13764)[0m [Client 313] Data split:[32m [repeated 258x across cluster][0m
[36m(ClientAppActor pid=13764)[0m    Train:      87 samples (client-local)[32m [repeated 258x across cluster][0m
[36m(ClientAppActor pid=13764)[0m    Validation: 12 samples (client-local)[32m [repeated 258x across cluster][0m
[36m(ClientAppActor pid=13764)[0m    Test:       50737 samples (global, shared)[32m [repeated 258x across cluster][0m
[36m(ClientAppActor pid=13768)[0m [Client 955] Data split:[32m [repeated 250x across cluster][0m
[36m(ClientAppActor pid=13768)[0m    Train:      87 samples (client-local)[32m [repeated 250x across cluster][0m
[36m(ClientAppActor pid=13768)[0m    Validation: 12 samples (client-local)[32m [repeated 250x across cluster][0m
[36m(ClientAppActor pid=13768)[0m    Test:       50737 samples (global, shared)[32m [repeated 250x across cluster][0m
[36m(ClientAppActor pid=13797)[0m [Client 1403] Data split:[32m [repeated 195x across cluster][0m
[36m(ClientAppActor pid=13797)[0m    Train:      87 samples (client-local)[32m [repeated 195x across cluster][0m[36m(ClientAppActor pid=13767)[0m /home/bax9142/federated-edge-learning/.venv/lib64/python3.13/site-packages/sklearn/metrics/_ranking.py:424: UndefinedMetricWarning: Only one class is present in y_true. ROC AUC score is not defined in that case.[32m [repeated 41x across cluster][0m
[36m(ClientAppActor pid=13767)[0m   warnings.warn([32m [repeated 41x across cluster][0m
[36m(ClientAppActor pid=13768)[0m /home/bax9142/federated-edge-learning/.venv/lib64/python3.13/site-packages/sklearn/metrics/_ranking.py:424: UndefinedMetricWarning: Only one class is present in y_true. ROC AUC score is not defined in that case.[32m [repeated 43x across cluster][0m
[36m(ClientAppActor pid=13768)[0m   warnings.warn([32m [repeated 43x across cluster][0m
[36m(ClientAppActor pid=14737)[0m /home/bax9142/federated-edge-learning/.venv/lib64/python3.13/site-packages/sklearn/metrics/_ranking.py:424: UndefinedMetricWarning: Only one class is present in y_true. ROC AUC score is not defined in that case.[32m [repeated 39x across cluster][0m
[36m(ClientAppActor pid=14737)[0m   warnings.warn([32m [repeated 39x across cluster][0m
[36m(ClientAppActor pid=14779)[0m /home/bax9142/federated-edge-learning/.venv/lib64/python3.13/site-packages/sklearn/metrics/_ranking.py:424: UndefinedMetricWarning: Only one class is present in y_true. ROC AUC score is not defined in that case.[32m [repeated 44x across cluster][0m
[36m(ClientAppActor pid=14779)[0m   warnings.warn([32m [repeated 44x across cluster][0m
[36m(ClientAppActor pid=14760)[0m /home/bax9142/federated-edge-learning/.venv/lib64/python3.13/site-packages/sklearn/metrics/_ranking.py:424: UndefinedMetricWarning: Only one class is present in y_true. ROC AUC score is not defined in that case.[32m [repeated 49x across cluster][0m
[36m(ClientAppActor pid=14760)[0m   warnings.warn([32m [repeated 49x across cluster][0m
[36m(ClientAppActor pid=13763)[0m /home/bax9142/federated-edge-learning/.venv/lib64/python3.13/site-packages/sklearn/metrics/_ranking.py:424: UndefinedMetricWarning: Only one class is present in y_true. ROC AUC score is not defined in that case.[32m [repeated 38x across cluster][0m
[36m(ClientAppActor pid=13763)[0m   warnings.warn([32m [repeated 38x across cluster][0m
[36m(ClientAppActor pid=13766)[0m /home/bax9142/federated-edge-learning/.venv/lib64/python3.13/site-packages/sklearn/metrics/_ranking.py:424: UndefinedMetricWarning: Only one class is present in y_true. ROC AUC score is not defined in that case.[32m [repeated 32x across cluster][0m
[36m(ClientAppActor pid=13766)[0m   warnings.warn([32m [repeated 32x across cluster][0m
[92mINFO [0m:      aggregate_evaluate: received 2048 results and 0 failures
[92mINFO [0m:      
[92mINFO [0m:      [ROUND 34]
[92mINFO [0m:      configure_fit: strategy sampled 1638 clients (out of 2048)

[36m(ClientAppActor pid=13797)[0m    Validation: 12 samples (client-local)[32m [repeated 195x across cluster][0m
[36m(ClientAppActor pid=13797)[0m    Test:       50737 samples (global, shared)[32m [repeated 195x across cluster][0m
[36m(ClientAppActor pid=13767)[0m [Client 1175] Data split:[32m [repeated 244x across cluster][0m
[36m(ClientAppActor pid=13767)[0m    Train:      87 samples (client-local)[32m [repeated 244x across cluster][0m
[36m(ClientAppActor pid=13767)[0m    Validation: 12 samples (client-local)[32m [repeated 244x across cluster][0m
[36m(ClientAppActor pid=13767)[0m    Test:       50737 samples (global, shared)[32m [repeated 244x across cluster][0m
[36m(ClientAppActor pid=13768)[0m [Client 72] Data split:[32m [repeated 249x across cluster][0m
[36m(ClientAppActor pid=13768)[0m    Train:      87 samples (client-local)[32m [repeated 249x across cluster][0m
[36m(ClientAppActor pid=13768)[0m    Validation: 12 samples (client-local)[32m [repeated 249x across cluster][0m
[36m(ClientAppActor pid=13768)[0m    Test:       50737 samples (global, shared)[32m [repeated 249x across cluster][0m
[36m(ClientAppActor pid=13767)[0m [Client 1013] Data split:[32m [repeated 260x across cluster][0m
[36m(ClientAppActor pid=13767)[0m    Train:      87 samples (client-local)[32m [repeated 260x across cluster][0m
[36m(ClientAppActor pid=13767)[0m    Validation: 12 samples (client-local)[32m [repeated 260x across cluster][0m
[36m(ClientAppActor pid=13767)[0m    Test:       50737 samples (global, shared)[32m [repeated 260x across cluster][0m
[36m(ClientAppActor pid=12033)[0m [Client 1579] Data split:[32m [repeated 255x across cluster][0m
[36m(ClientAppActor pid=12033)[0m    Train:      86 samples (client-local)[32m [repeated 255x across cluster][0m
[36m(ClientAppActor pid=12033)[0m    Validation: 12 samples (client-local)[32m [repeated 255x across cluster][0m
[36m(ClientAppActor pid=12033)[0m    Test:       50737 samples (global, shared)[32m [repeated 255x across cluster][0m
[36m(ClientAppActor pid=13768)[0m [Client 705] Data split:[32m [repeated 255x across cluster][0m
[36m(ClientAppActor pid=13768)[0m    Train:      87 samples (client-local)[32m [repeated 255x across cluster][0m
[36m(ClientAppActor pid=13768)[0m    Validation: 12 samples (client-local)[32m [repeated 255x across cluster][0m
[36m(ClientAppActor pid=13768)[0m    Test:       50737 samples (global, shared)[32m [repeated 255x across cluster][0m
[36m(ClientAppActor pid=12033)[0m [Client 1452] Data split:[32m [repeated 259x across cluster][0m
[36m(ClientAppActor pid=12033)[0m    Train:      86 samples (client-local)[32m [repeated 259x across cluster][0m
[36m(ClientAppActor pid=12033)[0m    Validation: 12 samples (client-local)[32m [repeated 259x across cluster][0m
[36m(ClientAppActor pid=12033)[0m    Test:       50737 samples (global, shared)[32m [repeated 259x across cluster][0m
[36m(ClientAppActor pid=13764)[0m [Client 910] Data split:[32m [repeated 256x across cluster][0m
[36m(ClientAppActor pid=13764)[0m    Train:      87 samples (client-local)[32m [repeated 256x across cluster][0m
[36m(ClientAppActor pid=13764)[0m    Validation: 12 samples (client-local)[32m [repeated 256x across cluster][0m
[36m(ClientAppActor pid=13764)[0m    Test:       50737 samples (global, shared)[32m [repeated 256x across cluster][0m

🎯 Multi-Threshold Aggregation:
   ═══════════════════════════════════════════════
   Evaluated 10 thresholds:
     • Thr=0.30: Recall=0.943, Spec=0.332, F1=0.311
     • Thr=0.35: Recall=0.918, Spec=0.391, F1=0.323
     • Thr=0.40: Recall=0.881, Spec=0.445, F1=0.332
   ...

   BEST Threshold: 0.50
     • Recall:      0.796
     • Specificity: 0.560
     • F1-Score:    0.353
     • Score:       0.650
   ═══════════════════════════════════════════════

⚠️  No rounds meet spec≥0.7, using recall filter only
 2 Pareto-optimal rounds (not dominated in recall & spec)

🎯 SELECTED ROUND 33:
   Recall:     0.796
   Specificity: 0.560
   F1-Score:    0.353
   Stability:   1.000
   Alerts/1000: 489.3
   Composite:   0.657


✅ Round 33 is NEW BEST - Saving checkpoint...
   💾 Checkpoint saved: result/splits_iid_scaling/splits_iid_2048_clients.json/multi_thr/model_round_33.pt
⚠️  No rounds meet spec≥0.7, using recall filter only
 2 Pareto-optimal rounds (not dominated in recall & spec)

🎯 SELECTED ROUND 33:
   Recall:     0.796
   Specificity: 0.560
   F1-Score:    0.353
   Stability:   1.000
   Alerts/1000: 489.3
   Composite:   0.657

   💾 Best model saved: result/splits_iid_scaling/splits_iid_2048_clients.json/multi_thr/model_round_33.pt
   📊 Metrics saved: result/splits_iid_scaling/splits_iid_2048_clients.json/multi_thr/run_1.json
[36m(ClientAppActor pid=13764)[0m [Client 28] Data split:[32m [repeated 226x across cluster][0m
[36m(ClientAppActor pid=13764)[0m    Train:      87 samples (client-local)[32m [repeated 226x across cluster][0m
[36m(ClientAppActor pid=13764)[0m    Validation: 12 samples (client-local)[32m [repeated 226x across cluster][0m
[36m(ClientAppActor pid=13764)[0m    Test:       50737 samples (global, shared)[32m [repeated 226x across cluster][0m
[36m(ClientAppActor pid=13776)[0m [Client 1793] Data split:[32m [repeated 254x across cluster][0m
[36m(ClientAppActor pid=13776)[0m    Train:      86 samples (client-local)[32m [repeated 254x across cluster][0m
[36m(ClientAppActor pid=13776)[0m    Validation: 12 samples (client-local)[32m [repeated 254x across cluster][0m
[36m(ClientAppActor pid=13776)[0m    Test:       50737 samples (global, shared)[32m [repeated 254x across cluster][0m
[36m(ClientAppActor pid=14794)[0m [Client 42] Data split:[32m [repeated 265x across cluster][0m
[36m(ClientAppActor pid=14794)[0m    Train:      87 samples (client-local)[32m [repeated 265x across cluster][0m
[36m(ClientAppActor pid=14794)[0m    Validation: 12 samples (client-local)[32m [repeated 265x across cluster][0m
[36m(ClientAppActor pid=14794)[0m    Test:       50737 samples (global, shared)[32m [repeated 265x across cluster][0m
[36m(ClientAppActor pid=13776)[0m [Client 159] Data split:[32m [repeated 246x across cluster][0m
[36m(ClientAppActor pid=13776)[0m    Train:      87 samples (client-local)[32m [repeated 246x across cluster][0m
[36m(ClientAppActor pid=13776)[0m    Validation: 12 samples (client-local)[32m [repeated 246x across cluster][0m
[36m(ClientAppActor pid=13776)[0m    Test:       50737 samples (global, shared)[32m [repeated 246x across cluster][0m
[36m(ClientAppActor pid=13769)[0m [Client 899] Data split:[32m [repeated 261x across cluster][0m
[36m(ClientAppActor pid=13769)[0m    Train:      87 samples (client-local)[32m [repeated 261x across cluster][0m
[36m(ClientAppActor pid=13769)[0m    Validation: 12 samples (client-local)[32m [repeated 261x across cluster][0m
[36m(ClientAppActor pid=13769)[0m    Test:       50737 samples (global, shared)[32m [repeated 261x across cluster][0m
[36m(ClientAppActor pid=12033)[0m [Client 988] Data split:[32m [repeated 260x across cluster][0m
[36m(ClientAppActor pid=12033)[0m    Train:      87 samples (client-local)[32m [repeated 260x across cluster][0m
[36m(ClientAppActor pid=12033)[0m    Validation: 12 samples (client-local)[32m [repeated 260x across cluster][0m
[36m(ClientAppActor pid=12033)[0m    Test:       50737 samples (global, shared)[32m [repeated 260x across cluster][0m
[36m(ClientAppActor pid=13766)[0m [Client 1579] Data split:[32m [repeated 249x across cluster][0m
[36m(ClientAppActor pid=13766)[0m    Train:      86 samples (client-local)[32m [repeated 249x across cluster][0m
[36m(ClientAppActor pid=13766)[0m    Validation: 12 samples (client-local)[32m [repeated 249x across cluster][0m
[36m(ClientAppActor pid=13766)[0m    Test:       50737 samples (global, shared)[32m [repeated 249x across cluster][0m[92mINFO [0m:      aggregate_fit: received 1638 results and 0 failures
[92mINFO [0m:      configure_evaluate: strategy sampled 2048 clients (out of 2048)
[36m(ClientAppActor pid=14794)[0m /home/bax9142/federated-edge-learning/.venv/lib64/python3.13/site-packages/sklearn/metrics/_ranking.py:424: UndefinedMetricWarning: Only one class is present in y_true. ROC AUC score is not defined in that case.[32m [repeated 36x across cluster][0m
[36m(ClientAppActor pid=14794)[0m   warnings.warn([32m [repeated 36x across cluster][0m
[36m(ClientAppActor pid=14760)[0m /home/bax9142/federated-edge-learning/.venv/lib64/python3.13/site-packages/sklearn/metrics/_ranking.py:424: UndefinedMetricWarning: Only one class is present in y_true. ROC AUC score is not defined in that case.[32m [repeated 47x across cluster][0m
[36m(ClientAppActor pid=14760)[0m   warnings.warn([32m [repeated 47x across cluster][0m
[36m(ClientAppActor pid=13767)[0m /home/bax9142/federated-edge-learning/.venv/lib64/python3.13/site-packages/sklearn/metrics/_ranking.py:424: UndefinedMetricWarning: Only one class is present in y_true. ROC AUC score is not defined in that case.[32m [repeated 36x across cluster][0m
[36m(ClientAppActor pid=13767)[0m   warnings.warn([32m [repeated 36x across cluster][0m
[36m(ClientAppActor pid=13763)[0m /home/bax9142/federated-edge-learning/.venv/lib64/python3.13/site-packages/sklearn/metrics/_ranking.py:424: UndefinedMetricWarning: Only one class is present in y_true. ROC AUC score is not defined in that case.[32m [repeated 41x across cluster][0m
[36m(ClientAppActor pid=13763)[0m   warnings.warn([32m [repeated 41x across cluster][0m
[36m(ClientAppActor pid=13767)[0m /home/bax9142/federated-edge-learning/.venv/lib64/python3.13/site-packages/sklearn/metrics/_ranking.py:424: UndefinedMetricWarning: Only one class is present in y_true. ROC AUC score is not defined in that case.[32m [repeated 42x across cluster][0m
[36m(ClientAppActor pid=13767)[0m   warnings.warn([32m [repeated 42x across cluster][0m
[36m(ClientAppActor pid=14760)[0m /home/bax9142/federated-edge-learning/.venv/lib64/python3.13/site-packages/sklearn/metrics/_ranking.py:424: UndefinedMetricWarning: Only one class is present in y_true. ROC AUC score is not defined in that case.[32m [repeated 40x across cluster][0m
[36m(ClientAppActor pid=14760)[0m   warnings.warn([32m [repeated 40x across cluster][0m
[36m(ClientAppActor pid=13793)[0m /home/bax9142/federated-edge-learning/.venv/lib64/python3.13/site-packages/sklearn/metrics/_ranking.py:424: UndefinedMetricWarning: Only one class is present in y_true. ROC AUC score is not defined in that case.[32m [repeated 39x across cluster][0m
[36m(ClientAppActor pid=13793)[0m   warnings.warn([32m [repeated 39x across cluster][0m
[36m(ClientAppActor pid=13782)[0m /home/bax9142/federated-edge-learning/.venv/lib64/python3.13/site-packages/sklearn/metrics/_ranking.py:424: UndefinedMetricWarning: Only one class is present in y_true. ROC AUC score is not defined in that case.[32m [repeated 37x across cluster][0m
[36m(ClientAppActor pid=13782)[0m   warnings.warn([32m [repeated 37x across cluster][0m
[92mINFO [0m:      aggregate_evaluate: received 2048 results and 0 failures
[92mINFO [0m:      
[92mINFO [0m:      [ROUND 35]
[92mINFO [0m:      configure_fit: strategy sampled 1638 clients (out of 2048)

[36m(ClientAppActor pid=13764)[0m [Client 1655] Data split:[32m [repeated 178x across cluster][0m
[36m(ClientAppActor pid=13764)[0m    Train:      86 samples (client-local)[32m [repeated 178x across cluster][0m
[36m(ClientAppActor pid=13764)[0m    Validation: 12 samples (client-local)[32m [repeated 178x across cluster][0m
[36m(ClientAppActor pid=13764)[0m    Test:       50737 samples (global, shared)[32m [repeated 178x across cluster][0m
[36m(ClientAppActor pid=13767)[0m [Client 448] Data split:[32m [repeated 249x across cluster][0m
[36m(ClientAppActor pid=13767)[0m    Train:      87 samples (client-local)[32m [repeated 249x across cluster][0m
[36m(ClientAppActor pid=13767)[0m    Validation: 12 samples (client-local)[32m [repeated 249x across cluster][0m
[36m(ClientAppActor pid=13767)[0m    Test:       50737 samples (global, shared)[32m [repeated 249x across cluster][0m
[36m(ClientAppActor pid=13764)[0m [Client 894] Data split:[32m [repeated 236x across cluster][0m
[36m(ClientAppActor pid=13764)[0m    Train:      87 samples (client-local)[32m [repeated 236x across cluster][0m
[36m(ClientAppActor pid=13764)[0m    Validation: 12 samples (client-local)[32m [repeated 236x across cluster][0m
[36m(ClientAppActor pid=13764)[0m    Test:       50737 samples (global, shared)[32m [repeated 236x across cluster][0m
[36m(ClientAppActor pid=14737)[0m [Client 1996] Data split:[32m [repeated 259x across cluster][0m
[36m(ClientAppActor pid=14737)[0m    Train:      86 samples (client-local)[32m [repeated 259x across cluster][0m
[36m(ClientAppActor pid=14737)[0m    Validation: 12 samples (client-local)[32m [repeated 259x across cluster][0m
[36m(ClientAppActor pid=14737)[0m    Test:       50737 samples (global, shared)[32m [repeated 259x across cluster][0m
[36m(ClientAppActor pid=13765)[0m [Client 1922] Data split:[32m [repeated 252x across cluster][0m
[36m(ClientAppActor pid=13765)[0m    Train:      86 samples (client-local)[32m [repeated 252x across cluster][0m
[36m(ClientAppActor pid=13765)[0m    Validation: 12 samples (client-local)[32m [repeated 252x across cluster][0m
[36m(ClientAppActor pid=13765)[0m    Test:       50737 samples (global, shared)[32m [repeated 252x across cluster][0m
[36m(ClientAppActor pid=12033)[0m [Client 669] Data split:[32m [repeated 239x across cluster][0m
[36m(ClientAppActor pid=12033)[0m    Train:      87 samples (client-local)[32m [repeated 239x across cluster][0m
[36m(ClientAppActor pid=12033)[0m    Validation: 12 samples (client-local)[32m [repeated 239x across cluster][0m
[36m(ClientAppActor pid=12033)[0m    Test:       50737 samples (global, shared)[32m [repeated 239x across cluster][0m
[36m(ClientAppActor pid=13769)[0m [Client 863] Data split:[32m [repeated 248x across cluster][0m
[36m(ClientAppActor pid=13769)[0m    Train:      87 samples (client-local)[32m [repeated 248x across cluster][0m
[36m(ClientAppActor pid=13769)[0m    Validation: 12 samples (client-local)[32m [repeated 248x across cluster][0m
[36m(ClientAppActor pid=13769)[0m    Test:       50737 samples (global, shared)[32m [repeated 248x across cluster][0m
[36m(ClientAppActor pid=13765)[0m [Client 1791] Data split:[32m [repeated 262x across cluster][0m
[36m(ClientAppActor pid=13765)[0m    Train:      86 samples (client-local)[32m [repeated 262x across cluster][0m
[36m(ClientAppActor pid=13765)[0m    Validation: 12 samples (client-local)[32m [repeated 262x across cluster][0m
[36m(ClientAppActor pid=13765)[0m    Test:       50737 samples (global, shared)[32m [repeated 262x across cluster][0m

🎯 Multi-Threshold Aggregation:
   ═══════════════════════════════════════════════
   Evaluated 10 thresholds:
     • Thr=0.30: Recall=0.943, Spec=0.334, F1=0.311
     • Thr=0.35: Recall=0.917, Spec=0.393, F1=0.324
     • Thr=0.40: Recall=0.883, Spec=0.447, F1=0.334
   ...

   BEST Threshold: 0.50
     • Recall:      0.798
     • Specificity: 0.562
     • F1-Score:    0.354
     • Score:       0.652
   ═══════════════════════════════════════════════

⚠️  No rounds meet spec≥0.7, using recall filter only
 2 Pareto-optimal rounds (not dominated in recall & spec)

🎯 SELECTED ROUND 34:
   Recall:     0.798
   Specificity: 0.562
   F1-Score:    0.354
   Stability:   1.000
   Alerts/1000: 488.4
   Composite:   0.659


✅ Round 34 is NEW BEST - Saving checkpoint...
   💾 Checkpoint saved: result/splits_iid_scaling/splits_iid_2048_clients.json/multi_thr/model_round_34.pt
⚠️  No rounds meet spec≥0.7, using recall filter only
 2 Pareto-optimal rounds (not dominated in recall & spec)

🎯 SELECTED ROUND 34:
   Recall:     0.798
   Specificity: 0.562
   F1-Score:    0.354
   Stability:   1.000
   Alerts/1000: 488.4
   Composite:   0.659

   💾 Best model saved: result/splits_iid_scaling/splits_iid_2048_clients.json/multi_thr/model_round_34.pt
   📊 Metrics saved: result/splits_iid_scaling/splits_iid_2048_clients.json/multi_thr/run_1.json
[36m(ClientAppActor pid=14774)[0m [Client 30] Data split:[32m [repeated 228x across cluster][0m
[36m(ClientAppActor pid=14774)[0m    Train:      87 samples (client-local)[32m [repeated 228x across cluster][0m
[36m(ClientAppActor pid=14774)[0m    Validation: 12 samples (client-local)[32m [repeated 228x across cluster][0m
[36m(ClientAppActor pid=14774)[0m    Test:       50737 samples (global, shared)[32m [repeated 228x across cluster][0m
[36m(ClientAppActor pid=13771)[0m [Client 222] Data split:[32m [repeated 254x across cluster][0m
[36m(ClientAppActor pid=13771)[0m    Train:      87 samples (client-local)[32m [repeated 254x across cluster][0m
[36m(ClientAppActor pid=13771)[0m    Validation: 12 samples (client-local)[32m [repeated 254x across cluster][0m
[36m(ClientAppActor pid=13771)[0m    Test:       50737 samples (global, shared)[32m [repeated 254x across cluster][0m
[36m(ClientAppActor pid=13796)[0m [Client 371] Data split:[32m [repeated 255x across cluster][0m
[36m(ClientAppActor pid=13796)[0m    Train:      87 samples (client-local)[32m [repeated 255x across cluster][0m
[36m(ClientAppActor pid=13796)[0m    Validation: 12 samples (client-local)[32m [repeated 255x across cluster][0m
[36m(ClientAppActor pid=13796)[0m    Test:       50737 samples (global, shared)[32m [repeated 255x across cluster][0m
[36m(ClientAppActor pid=13764)[0m [Client 869] Data split:[32m [repeated 256x across cluster][0m
[36m(ClientAppActor pid=13764)[0m    Train:      87 samples (client-local)[32m [repeated 256x across cluster][0m
[36m(ClientAppActor pid=13764)[0m    Validation: 12 samples (client-local)[32m [repeated 256x across cluster][0m
[36m(ClientAppActor pid=13764)[0m    Test:       50737 samples (global, shared)[32m [repeated 256x across cluster][0m
[36m(ClientAppActor pid=14794)[0m [Client 903] Data split:[32m [repeated 253x across cluster][0m
[36m(ClientAppActor pid=14794)[0m    Train:      87 samples (client-local)[32m [repeated 253x across cluster][0m
[36m(ClientAppActor pid=14794)[0m    Validation: 12 samples (client-local)[32m [repeated 253x across cluster][0m
[36m(ClientAppActor pid=14794)[0m    Test:       50737 samples (global, shared)[32m [repeated 253x across cluster][0m
[36m(ClientAppActor pid=12033)[0m [Client 849] Data split:[32m [repeated 250x across cluster][0m
[36m(ClientAppActor pid=12033)[0m    Train:      87 samples (client-local)[32m [repeated 250x across cluster][0m
[36m(ClientAppActor pid=12033)[0m    Validation: 12 samples (client-local)[32m [repeated 250x across cluster][0m
[36m(ClientAppActor pid=12033)[0m    Test:       50737 samples (global, shared)[32m [repeated 250x across cluster][0m
[36m(ClientAppActor pid=13767)[0m [Client 2019] Data split:[32m [repeated 249x across cluster][0m
[36m(ClientAppActor pid=13767)[0m    Train:      86 samples (client-local)[32m [repeated 249x across cluster][0m[92mINFO [0m:      aggregate_fit: received 1638 results and 0 failures
[92mINFO [0m:      configure_evaluate: strategy sampled 2048 clients (out of 2048)
[36m(ClientAppActor pid=13776)[0m /home/bax9142/federated-edge-learning/.venv/lib64/python3.13/site-packages/sklearn/metrics/_ranking.py:424: UndefinedMetricWarning: Only one class is present in y_true. ROC AUC score is not defined in that case.[32m [repeated 40x across cluster][0m
[36m(ClientAppActor pid=13776)[0m   warnings.warn([32m [repeated 40x across cluster][0m
[36m(ClientAppActor pid=14779)[0m /home/bax9142/federated-edge-learning/.venv/lib64/python3.13/site-packages/sklearn/metrics/_ranking.py:424: UndefinedMetricWarning: Only one class is present in y_true. ROC AUC score is not defined in that case.[32m [repeated 38x across cluster][0m
[36m(ClientAppActor pid=14779)[0m   warnings.warn([32m [repeated 38x across cluster][0m
[36m(ClientAppActor pid=13776)[0m /home/bax9142/federated-edge-learning/.venv/lib64/python3.13/site-packages/sklearn/metrics/_ranking.py:424: UndefinedMetricWarning: Only one class is present in y_true. ROC AUC score is not defined in that case.[32m [repeated 35x across cluster][0m
[36m(ClientAppActor pid=13776)[0m   warnings.warn([32m [repeated 35x across cluster][0m
[36m(ClientAppActor pid=12033)[0m /home/bax9142/federated-edge-learning/.venv/lib64/python3.13/site-packages/sklearn/metrics/_ranking.py:424: UndefinedMetricWarning: Only one class is present in y_true. ROC AUC score is not defined in that case.[32m [repeated 40x across cluster][0m
[36m(ClientAppActor pid=12033)[0m   warnings.warn([32m [repeated 40x across cluster][0m
[36m(ClientAppActor pid=14737)[0m /home/bax9142/federated-edge-learning/.venv/lib64/python3.13/site-packages/sklearn/metrics/_ranking.py:424: UndefinedMetricWarning: Only one class is present in y_true. ROC AUC score is not defined in that case.[32m [repeated 48x across cluster][0m
[36m(ClientAppActor pid=14737)[0m   warnings.warn([32m [repeated 48x across cluster][0m
[36m(ClientAppActor pid=13771)[0m /home/bax9142/federated-edge-learning/.venv/lib64/python3.13/site-packages/sklearn/metrics/_ranking.py:424: UndefinedMetricWarning: Only one class is present in y_true. ROC AUC score is not defined in that case.[32m [repeated 40x across cluster][0m
[36m(ClientAppActor pid=13771)[0m   warnings.warn([32m [repeated 40x across cluster][0m
[36m(ClientAppActor pid=14765)[0m /home/bax9142/federated-edge-learning/.venv/lib64/python3.13/site-packages/sklearn/metrics/_ranking.py:424: UndefinedMetricWarning: Only one class is present in y_true. ROC AUC score is not defined in that case.[32m [repeated 40x across cluster][0m
[36m(ClientAppActor pid=14765)[0m   warnings.warn([32m [repeated 40x across cluster][0m
[36m(ClientAppActor pid=13793)[0m /home/bax9142/federated-edge-learning/.venv/lib64/python3.13/site-packages/sklearn/metrics/_ranking.py:424: UndefinedMetricWarning: Only one class is present in y_true. ROC AUC score is not defined in that case.[32m [repeated 36x across cluster][0m
[36m(ClientAppActor pid=13793)[0m   warnings.warn([32m [repeated 36x across cluster][0m
[92mINFO [0m:      aggregate_evaluate: received 2048 results and 0 failures
[92mINFO [0m:      
[92mINFO [0m:      [ROUND 36]
[92mINFO [0m:      configure_fit: strategy sampled 1638 clients (out of 2048)

[36m(ClientAppActor pid=13767)[0m    Validation: 12 samples (client-local)[32m [repeated 249x across cluster][0m
[36m(ClientAppActor pid=13767)[0m    Test:       50737 samples (global, shared)[32m [repeated 249x across cluster][0m
[36m(ClientAppActor pid=13782)[0m 
[36m(ClientAppActor pid=13765)[0m [Client 881] Data split:[32m [repeated 193x across cluster][0m
[36m(ClientAppActor pid=13765)[0m    Train:      87 samples (client-local)[32m [repeated 193x across cluster][0m
[36m(ClientAppActor pid=13765)[0m    Validation: 12 samples (client-local)[32m [repeated 193x across cluster][0m
[36m(ClientAppActor pid=13765)[0m    Test:       50737 samples (global, shared)[32m [repeated 193x across cluster][0m
[36m(ClientAppActor pid=13763)[0m [Client 558] Data split:[32m [repeated 250x across cluster][0m
[36m(ClientAppActor pid=13763)[0m    Train:      87 samples (client-local)[32m [repeated 250x across cluster][0m
[36m(ClientAppActor pid=13763)[0m    Validation: 12 samples (client-local)[32m [repeated 250x across cluster][0m
[36m(ClientAppActor pid=13763)[0m    Test:       50737 samples (global, shared)[32m [repeated 250x across cluster][0m
[36m(ClientAppActor pid=12033)[0m [Client 273] Data split:[32m [repeated 259x across cluster][0m
[36m(ClientAppActor pid=12033)[0m    Train:      87 samples (client-local)[32m [repeated 259x across cluster][0m
[36m(ClientAppActor pid=12033)[0m    Validation: 12 samples (client-local)[32m [repeated 259x across cluster][0m
[36m(ClientAppActor pid=12033)[0m    Test:       50737 samples (global, shared)[32m [repeated 259x across cluster][0m
[36m(ClientAppActor pid=13767)[0m [Client 710] Data split:[32m [repeated 253x across cluster][0m
[36m(ClientAppActor pid=13767)[0m    Train:      87 samples (client-local)[32m [repeated 253x across cluster][0m
[36m(ClientAppActor pid=13767)[0m    Validation: 12 samples (client-local)[32m [repeated 253x across cluster][0m
[36m(ClientAppActor pid=13767)[0m    Test:       50737 samples (global, shared)[32m [repeated 253x across cluster][0m
[36m(ClientAppActor pid=14798)[0m [Client 1924] Data split:[32m [repeated 263x across cluster][0m
[36m(ClientAppActor pid=14798)[0m    Train:      86 samples (client-local)[32m [repeated 263x across cluster][0m
[36m(ClientAppActor pid=14798)[0m    Validation: 12 samples (client-local)[32m [repeated 263x across cluster][0m
[36m(ClientAppActor pid=14798)[0m    Test:       50737 samples (global, shared)[32m [repeated 263x across cluster][0m
[36m(ClientAppActor pid=13769)[0m [Client 423] Data split:[32m [repeated 245x across cluster][0m
[36m(ClientAppActor pid=13769)[0m    Train:      87 samples (client-local)[32m [repeated 245x across cluster][0m
[36m(ClientAppActor pid=13769)[0m    Validation: 12 samples (client-local)[32m [repeated 245x across cluster][0m
[36m(ClientAppActor pid=13769)[0m    Test:       50737 samples (global, shared)[32m [repeated 245x across cluster][0m
[36m(ClientAppActor pid=13763)[0m [Client 582] Data split:[32m [repeated 251x across cluster][0m
[36m(ClientAppActor pid=13763)[0m    Train:      87 samples (client-local)[32m [repeated 251x across cluster][0m
[36m(ClientAppActor pid=13763)[0m    Validation: 12 samples (client-local)[32m [repeated 251x across cluster][0m
[36m(ClientAppActor pid=13763)[0m    Test:       50737 samples (global, shared)[32m [repeated 251x across cluster][0m
[36m(ClientAppActor pid=13782)[0m [Client 19] Data split:[32m [repeated 263x across cluster][0m
[36m(ClientAppActor pid=13782)[0m    Train:      87 samples (client-local)[32m [repeated 263x across cluster][0m
[36m(ClientAppActor pid=13782)[0m    Validation: 12 samples (client-local)[32m [repeated 263x across cluster][0m
[36m(ClientAppActor pid=13782)[0m    Test:       50737 samples (global, shared)[32m [repeated 263x across cluster][0m

🎯 Multi-Threshold Aggregation:
   ═══════════════════════════════════════════════
   Evaluated 10 thresholds:
     • Thr=0.30: Recall=0.943, Spec=0.336, F1=0.312
     • Thr=0.35: Recall=0.917, Spec=0.395, F1=0.324
     • Thr=0.40: Recall=0.884, Spec=0.450, F1=0.335
   ...

   BEST Threshold: 0.50
     • Recall:      0.799
     • Specificity: 0.563
     • F1-Score:    0.355
     • Score:       0.653
   ═══════════════════════════════════════════════

⚠️  No rounds meet spec≥0.7, using recall filter only
 1 Pareto-optimal rounds (not dominated in recall & spec)

🎯 SELECTED ROUND 35:
   Recall:     0.799
   Specificity: 0.563
   F1-Score:    0.355
   Stability:   1.000
   Alerts/1000: 487.4
   Composite:   0.660


✅ Round 35 is NEW BEST - Saving checkpoint...
   💾 Checkpoint saved: result/splits_iid_scaling/splits_iid_2048_clients.json/multi_thr/model_round_35.pt
⚠️  No rounds meet spec≥0.7, using recall filter only
 1 Pareto-optimal rounds (not dominated in recall & spec)

🎯 SELECTED ROUND 35:
   Recall:     0.799
   Specificity: 0.563
   F1-Score:    0.355
   Stability:   1.000
   Alerts/1000: 487.4
   Composite:   0.660

   💾 Best model saved: result/splits_iid_scaling/splits_iid_2048_clients.json/multi_thr/model_round_35.pt
   📊 Metrics saved: result/splits_iid_scaling/splits_iid_2048_clients.json/multi_thr/run_1.json
[36m(ClientAppActor pid=12033)[0m [Client 1400] Data split:[32m [repeated 234x across cluster][0m
[36m(ClientAppActor pid=12033)[0m    Train:      87 samples (client-local)[32m [repeated 234x across cluster][0m
[36m(ClientAppActor pid=12033)[0m    Validation: 12 samples (client-local)[32m [repeated 234x across cluster][0m
[36m(ClientAppActor pid=12033)[0m    Test:       50737 samples (global, shared)[32m [repeated 234x across cluster][0m
[36m(ClientAppActor pid=13764)[0m [Client 124] Data split:[32m [repeated 249x across cluster][0m
[36m(ClientAppActor pid=13764)[0m    Train:      87 samples (client-local)[32m [repeated 249x across cluster][0m
[36m(ClientAppActor pid=13764)[0m    Validation: 12 samples (client-local)[32m [repeated 249x across cluster][0m
[36m(ClientAppActor pid=13764)[0m    Test:       50737 samples (global, shared)[32m [repeated 249x across cluster][0m
[36m(ClientAppActor pid=13767)[0m [Client 1882] Data split:[32m [repeated 258x across cluster][0m
[36m(ClientAppActor pid=13767)[0m    Train:      86 samples (client-local)[32m [repeated 258x across cluster][0m
[36m(ClientAppActor pid=13767)[0m    Validation: 12 samples (client-local)[32m [repeated 258x across cluster][0m
[36m(ClientAppActor pid=13767)[0m    Test:       50737 samples (global, shared)[32m [repeated 258x across cluster][0m
[36m(ClientAppActor pid=13764)[0m [Client 1271] Data split:[32m [repeated 245x across cluster][0m
[36m(ClientAppActor pid=13764)[0m    Train:      87 samples (client-local)[32m [repeated 245x across cluster][0m
[36m(ClientAppActor pid=13764)[0m    Validation: 12 samples (client-local)[32m [repeated 245x across cluster][0m
[36m(ClientAppActor pid=13764)[0m    Test:       50737 samples (global, shared)[32m [repeated 245x across cluster][0m
[36m(ClientAppActor pid=13767)[0m [Client 1272] Data split:[32m [repeated 255x across cluster][0m
[36m(ClientAppActor pid=13767)[0m    Train:      87 samples (client-local)[32m [repeated 255x across cluster][0m
[36m(ClientAppActor pid=13767)[0m    Validation: 12 samples (client-local)[32m [repeated 255x across cluster][0m
[36m(ClientAppActor pid=13767)[0m    Test:       50737 samples (global, shared)[32m [repeated 255x across cluster][0m
[36m(ClientAppActor pid=13763)[0m [Client 546] Data split:[32m [repeated 257x across cluster][0m
[36m(ClientAppActor pid=13763)[0m    Train:      87 samples (client-local)[32m [repeated 257x across cluster][0m
[36m(ClientAppActor pid=13763)[0m    Validation: 12 samples (client-local)[32m [repeated 257x across cluster][0m
[36m(ClientAppActor pid=13763)[0m    Test:       50737 samples (global, shared)[32m [repeated 257x across cluster][0m[92mINFO [0m:      aggregate_fit: received 1638 results and 0 failures
[92mINFO [0m:      configure_evaluate: strategy sampled 2048 clients (out of 2048)
[36m(ClientAppActor pid=14790)[0m /home/bax9142/federated-edge-learning/.venv/lib64/python3.13/site-packages/sklearn/metrics/_ranking.py:424: UndefinedMetricWarning: Only one class is present in y_true. ROC AUC score is not defined in that case.[32m [repeated 45x across cluster][0m
[36m(ClientAppActor pid=14790)[0m   warnings.warn([32m [repeated 45x across cluster][0m
[36m(ClientAppActor pid=14790)[0m /home/bax9142/federated-edge-learning/.venv/lib64/python3.13/site-packages/sklearn/metrics/_ranking.py:424: UndefinedMetricWarning: Only one class is present in y_true. ROC AUC score is not defined in that case.[32m [repeated 49x across cluster][0m
[36m(ClientAppActor pid=14790)[0m   warnings.warn([32m [repeated 49x across cluster][0m
[36m(ClientAppActor pid=13776)[0m /home/bax9142/federated-edge-learning/.venv/lib64/python3.13/site-packages/sklearn/metrics/_ranking.py:424: UndefinedMetricWarning: Only one class is present in y_true. ROC AUC score is not defined in that case.[32m [repeated 38x across cluster][0m
[36m(ClientAppActor pid=13776)[0m   warnings.warn([32m [repeated 38x across cluster][0m
[36m(ClientAppActor pid=13776)[0m /home/bax9142/federated-edge-learning/.venv/lib64/python3.13/site-packages/sklearn/metrics/_ranking.py:424: UndefinedMetricWarning: Only one class is present in y_true. ROC AUC score is not defined in that case.[32m [repeated 36x across cluster][0m
[36m(ClientAppActor pid=13776)[0m   warnings.warn([32m [repeated 36x across cluster][0m
[36m(ClientAppActor pid=14800)[0m /home/bax9142/federated-edge-learning/.venv/lib64/python3.13/site-packages/sklearn/metrics/_ranking.py:424: UndefinedMetricWarning: Only one class is present in y_true. ROC AUC score is not defined in that case.[32m [repeated 43x across cluster][0m
[36m(ClientAppActor pid=14800)[0m   warnings.warn([32m [repeated 43x across cluster][0m
[36m(ClientAppActor pid=13793)[0m /home/bax9142/federated-edge-learning/.venv/lib64/python3.13/site-packages/sklearn/metrics/_ranking.py:424: UndefinedMetricWarning: Only one class is present in y_true. ROC AUC score is not defined in that case.[32m [repeated 41x across cluster][0m
[36m(ClientAppActor pid=13793)[0m   warnings.warn([32m [repeated 41x across cluster][0m
[36m(ClientAppActor pid=14774)[0m /home/bax9142/federated-edge-learning/.venv/lib64/python3.13/site-packages/sklearn/metrics/_ranking.py:424: UndefinedMetricWarning: Only one class is present in y_true. ROC AUC score is not defined in that case.[32m [repeated 41x across cluster][0m
[36m(ClientAppActor pid=14774)[0m   warnings.warn([32m [repeated 41x across cluster][0m
[36m(ClientAppActor pid=14751)[0m /home/bax9142/federated-edge-learning/.venv/lib64/python3.13/site-packages/sklearn/metrics/_ranking.py:424: UndefinedMetricWarning: Only one class is present in y_true. ROC AUC score is not defined in that case.[32m [repeated 42x across cluster][0m
[36m(ClientAppActor pid=14751)[0m   warnings.warn([32m [repeated 42x across cluster][0m
[92mINFO [0m:      aggregate_evaluate: received 2048 results and 0 failures
[92mINFO [0m:      
[92mINFO [0m:      [ROUND 37]
[92mINFO [0m:      configure_fit: strategy sampled 1638 clients (out of 2048)

[36m(ClientAppActor pid=13764)[0m [Client 703] Data split:[32m [repeated 260x across cluster][0m
[36m(ClientAppActor pid=13764)[0m    Train:      87 samples (client-local)[32m [repeated 260x across cluster][0m
[36m(ClientAppActor pid=13764)[0m    Validation: 12 samples (client-local)[32m [repeated 260x across cluster][0m
[36m(ClientAppActor pid=13764)[0m    Test:       50737 samples (global, shared)[32m [repeated 260x across cluster][0m
[36m(ClientAppActor pid=13782)[0m [Client 1852] Data split:[32m [repeated 191x across cluster][0m
[36m(ClientAppActor pid=13782)[0m    Train:      86 samples (client-local)[32m [repeated 191x across cluster][0m
[36m(ClientAppActor pid=13782)[0m    Validation: 12 samples (client-local)[32m [repeated 191x across cluster][0m
[36m(ClientAppActor pid=13782)[0m    Test:       50737 samples (global, shared)[32m [repeated 191x across cluster][0m
[36m(ClientAppActor pid=13782)[0m [Client 1978] Data split:[32m [repeated 247x across cluster][0m
[36m(ClientAppActor pid=13782)[0m    Train:      86 samples (client-local)[32m [repeated 247x across cluster][0m
[36m(ClientAppActor pid=13782)[0m    Validation: 12 samples (client-local)[32m [repeated 247x across cluster][0m
[36m(ClientAppActor pid=13782)[0m    Test:       50737 samples (global, shared)[32m [repeated 247x across cluster][0m
[36m(ClientAppActor pid=13766)[0m [Client 1131] Data split:[32m [repeated 258x across cluster][0m
[36m(ClientAppActor pid=13766)[0m    Train:      87 samples (client-local)[32m [repeated 258x across cluster][0m
[36m(ClientAppActor pid=13766)[0m    Validation: 12 samples (client-local)[32m [repeated 258x across cluster][0m
[36m(ClientAppActor pid=13766)[0m    Test:       50737 samples (global, shared)[32m [repeated 258x across cluster][0m
[36m(ClientAppActor pid=13767)[0m [Client 750] Data split:[32m [repeated 246x across cluster][0m
[36m(ClientAppActor pid=13767)[0m    Train:      87 samples (client-local)[32m [repeated 246x across cluster][0m
[36m(ClientAppActor pid=13767)[0m    Validation: 12 samples (client-local)[32m [repeated 246x across cluster][0m
[36m(ClientAppActor pid=13767)[0m    Test:       50737 samples (global, shared)[32m [repeated 246x across cluster][0m
[36m(ClientAppActor pid=13765)[0m [Client 406] Data split:[32m [repeated 261x across cluster][0m
[36m(ClientAppActor pid=13765)[0m    Train:      87 samples (client-local)[32m [repeated 261x across cluster][0m
[36m(ClientAppActor pid=13765)[0m    Validation: 12 samples (client-local)[32m [repeated 261x across cluster][0m
[36m(ClientAppActor pid=13765)[0m    Test:       50737 samples (global, shared)[32m [repeated 261x across cluster][0m
[36m(ClientAppActor pid=13765)[0m [Client 1863] Data split:[32m [repeated 261x across cluster][0m
[36m(ClientAppActor pid=13765)[0m    Train:      86 samples (client-local)[32m [repeated 261x across cluster][0m
[36m(ClientAppActor pid=13765)[0m    Validation: 12 samples (client-local)[32m [repeated 261x across cluster][0m
[36m(ClientAppActor pid=13765)[0m    Test:       50737 samples (global, shared)[32m [repeated 261x across cluster][0m
[36m(ClientAppActor pid=13767)[0m [Client 345] Data split:[32m [repeated 251x across cluster][0m
[36m(ClientAppActor pid=13767)[0m    Train:      87 samples (client-local)[32m [repeated 251x across cluster][0m
[36m(ClientAppActor pid=13767)[0m    Validation: 12 samples (client-local)[32m [repeated 251x across cluster][0m
[36m(ClientAppActor pid=13767)[0m    Test:       50737 samples (global, shared)[32m [repeated 251x across cluster][0m
[36m(ClientAppActor pid=14737)[0m [Client 1449] Data split:[32m [repeated 249x across cluster][0m
[36m(ClientAppActor pid=14737)[0m    Train:      86 samples (client-local)[32m [repeated 249x across cluster][0m
[36m(ClientAppActor pid=14737)[0m    Validation: 12 samples (client-local)[32m [repeated 249x across cluster][0m
[36m(ClientAppActor pid=14737)[0m    Test:       50737 samples (global, shared)[32m [repeated 249x across cluster][0m

🎯 Multi-Threshold Aggregation:
   ═══════════════════════════════════════════════
   Evaluated 10 thresholds:
     • Thr=0.30: Recall=0.943, Spec=0.339, F1=0.313
     • Thr=0.35: Recall=0.916, Spec=0.397, F1=0.325
     • Thr=0.40: Recall=0.885, Spec=0.452, F1=0.336
   ...

   BEST Threshold: 0.50
     • Recall:      0.799
     • Specificity: 0.564
     • F1-Score:    0.356
     • Score:       0.653
   ═══════════════════════════════════════════════

⚠️  No rounds meet spec≥0.7, using recall filter only
 2 Pareto-optimal rounds (not dominated in recall & spec)

🎯 SELECTED ROUND 36:
   Recall:     0.799
   Specificity: 0.564
   F1-Score:    0.356
   Stability:   1.000
   Alerts/1000: 486.4
   Composite:   0.660


✅ Round 36 is NEW BEST - Saving checkpoint...
   💾 Checkpoint saved: result/splits_iid_scaling/splits_iid_2048_clients.json/multi_thr/model_round_36.pt
⚠️  No rounds meet spec≥0.7, using recall filter only
 2 Pareto-optimal rounds (not dominated in recall & spec)

🎯 SELECTED ROUND 36:
   Recall:     0.799
   Specificity: 0.564
   F1-Score:    0.356
   Stability:   1.000
   Alerts/1000: 486.4
   Composite:   0.660

   💾 Best model saved: result/splits_iid_scaling/splits_iid_2048_clients.json/multi_thr/model_round_36.pt
   📊 Metrics saved: result/splits_iid_scaling/splits_iid_2048_clients.json/multi_thr/run_1.json
[36m(ClientAppActor pid=12033)[0m [Client 939] Data split:[32m [repeated 226x across cluster][0m
[36m(ClientAppActor pid=12033)[0m    Train:      87 samples (client-local)[32m [repeated 226x across cluster][0m
[36m(ClientAppActor pid=12033)[0m    Validation: 12 samples (client-local)[32m [repeated 226x across cluster][0m
[36m(ClientAppActor pid=12033)[0m    Test:       50737 samples (global, shared)[32m [repeated 226x across cluster][0m
[36m(ClientAppActor pid=13768)[0m [Client 1078] Data split:[32m [repeated 254x across cluster][0m
[36m(ClientAppActor pid=13768)[0m    Train:      87 samples (client-local)[32m [repeated 254x across cluster][0m
[36m(ClientAppActor pid=13768)[0m    Validation: 12 samples (client-local)[32m [repeated 254x across cluster][0m
[36m(ClientAppActor pid=13768)[0m    Test:       50737 samples (global, shared)[32m [repeated 254x across cluster][0m
[36m(ClientAppActor pid=13768)[0m [Client 455] Data split:[32m [repeated 252x across cluster][0m
[36m(ClientAppActor pid=13768)[0m    Train:      87 samples (client-local)[32m [repeated 252x across cluster][0m
[36m(ClientAppActor pid=13768)[0m    Validation: 12 samples (client-local)[32m [repeated 252x across cluster][0m
[36m(ClientAppActor pid=13768)[0m    Test:       50737 samples (global, shared)[32m [repeated 252x across cluster][0m
[36m(ClientAppActor pid=13763)[0m [Client 747] Data split:[32m [repeated 249x across cluster][0m
[36m(ClientAppActor pid=13763)[0m    Train:      87 samples (client-local)[32m [repeated 249x across cluster][0m
[36m(ClientAppActor pid=13763)[0m    Validation: 12 samples (client-local)[32m [repeated 249x across cluster][0m
[36m(ClientAppActor pid=13763)[0m    Test:       50737 samples (global, shared)[32m [repeated 249x across cluster][0m
[36m(ClientAppActor pid=13765)[0m [Client 310] Data split:[32m [repeated 255x across cluster][0m
[36m(ClientAppActor pid=13765)[0m    Train:      87 samples (client-local)[32m [repeated 255x across cluster][0m
[36m(ClientAppActor pid=13765)[0m    Validation: 12 samples (client-local)[32m [repeated 255x across cluster][0m
[36m(ClientAppActor pid=13765)[0m    Test:       50737 samples (global, shared)[32m [repeated 255x across cluster][0m
[36m(ClientAppActor pid=13764)[0m [Client 694] Data split:[32m [repeated 254x across cluster][0m
[36m(ClientAppActor pid=13764)[0m    Train:      87 samples (client-local)[32m [repeated 254x across cluster][0m[92mINFO [0m:      aggregate_fit: received 1638 results and 0 failures
[92mINFO [0m:      configure_evaluate: strategy sampled 2048 clients (out of 2048)
[36m(ClientAppActor pid=13794)[0m /home/bax9142/federated-edge-learning/.venv/lib64/python3.13/site-packages/sklearn/metrics/_ranking.py:424: UndefinedMetricWarning: Only one class is present in y_true. ROC AUC score is not defined in that case.[32m [repeated 32x across cluster][0m
[36m(ClientAppActor pid=13794)[0m   warnings.warn([32m [repeated 32x across cluster][0m
[36m(ClientAppActor pid=13769)[0m /home/bax9142/federated-edge-learning/.venv/lib64/python3.13/site-packages/sklearn/metrics/_ranking.py:424: UndefinedMetricWarning: Only one class is present in y_true. ROC AUC score is not defined in that case.[32m [repeated 40x across cluster][0m
[36m(ClientAppActor pid=13769)[0m   warnings.warn([32m [repeated 40x across cluster][0m
[36m(ClientAppActor pid=13797)[0m /home/bax9142/federated-edge-learning/.venv/lib64/python3.13/site-packages/sklearn/metrics/_ranking.py:424: UndefinedMetricWarning: Only one class is present in y_true. ROC AUC score is not defined in that case.[32m [repeated 40x across cluster][0m
[36m(ClientAppActor pid=13797)[0m   warnings.warn([32m [repeated 40x across cluster][0m
[36m(ClientAppActor pid=14737)[0m /home/bax9142/federated-edge-learning/.venv/lib64/python3.13/site-packages/sklearn/metrics/_ranking.py:424: UndefinedMetricWarning: Only one class is present in y_true. ROC AUC score is not defined in that case.[32m [repeated 45x across cluster][0m
[36m(ClientAppActor pid=14737)[0m   warnings.warn([32m [repeated 45x across cluster][0m
[36m(ClientAppActor pid=14774)[0m /home/bax9142/federated-edge-learning/.venv/lib64/python3.13/site-packages/sklearn/metrics/_ranking.py:424: UndefinedMetricWarning: Only one class is present in y_true. ROC AUC score is not defined in that case.[32m [repeated 35x across cluster][0m
[36m(ClientAppActor pid=14774)[0m   warnings.warn([32m [repeated 35x across cluster][0m
[36m(ClientAppActor pid=14779)[0m /home/bax9142/federated-edge-learning/.venv/lib64/python3.13/site-packages/sklearn/metrics/_ranking.py:424: UndefinedMetricWarning: Only one class is present in y_true. ROC AUC score is not defined in that case.[32m [repeated 38x across cluster][0m
[36m(ClientAppActor pid=14779)[0m   warnings.warn([32m [repeated 38x across cluster][0m
[36m(ClientAppActor pid=13794)[0m /home/bax9142/federated-edge-learning/.venv/lib64/python3.13/site-packages/sklearn/metrics/_ranking.py:424: UndefinedMetricWarning: Only one class is present in y_true. ROC AUC score is not defined in that case.[32m [repeated 42x across cluster][0m
[36m(ClientAppActor pid=13794)[0m   warnings.warn([32m [repeated 42x across cluster][0m
[36m(ClientAppActor pid=13776)[0m /home/bax9142/federated-edge-learning/.venv/lib64/python3.13/site-packages/sklearn/metrics/_ranking.py:424: UndefinedMetricWarning: Only one class is present in y_true. ROC AUC score is not defined in that case.[32m [repeated 48x across cluster][0m
[36m(ClientAppActor pid=13776)[0m   warnings.warn([32m [repeated 48x across cluster][0m
[92mINFO [0m:      aggregate_evaluate: received 2048 results and 0 failures
[92mINFO [0m:      
[92mINFO [0m:      [ROUND 38]
[92mINFO [0m:      configure_fit: strategy sampled 1638 clients (out of 2048)

[36m(ClientAppActor pid=13764)[0m    Validation: 12 samples (client-local)[32m [repeated 254x across cluster][0m
[36m(ClientAppActor pid=13764)[0m    Test:       50737 samples (global, shared)[32m [repeated 254x across cluster][0m
[36m(ClientAppActor pid=12033)[0m [Client 1320] Data split:[32m [repeated 264x across cluster][0m
[36m(ClientAppActor pid=12033)[0m    Train:      87 samples (client-local)[32m [repeated 264x across cluster][0m
[36m(ClientAppActor pid=12033)[0m    Validation: 12 samples (client-local)[32m [repeated 264x across cluster][0m
[36m(ClientAppActor pid=12033)[0m    Test:       50737 samples (global, shared)[32m [repeated 264x across cluster][0m
[36m(ClientAppActor pid=13767)[0m [Client 79] Data split:[32m [repeated 194x across cluster][0m
[36m(ClientAppActor pid=13767)[0m    Train:      87 samples (client-local)[32m [repeated 194x across cluster][0m
[36m(ClientAppActor pid=13767)[0m    Validation: 12 samples (client-local)[32m [repeated 194x across cluster][0m
[36m(ClientAppActor pid=13767)[0m    Test:       50737 samples (global, shared)[32m [repeated 194x across cluster][0m
[36m(ClientAppActor pid=14737)[0m [Client 1780] Data split:[32m [repeated 241x across cluster][0m
[36m(ClientAppActor pid=14737)[0m    Train:      86 samples (client-local)[32m [repeated 241x across cluster][0m
[36m(ClientAppActor pid=14737)[0m    Validation: 12 samples (client-local)[32m [repeated 241x across cluster][0m
[36m(ClientAppActor pid=14737)[0m    Test:       50737 samples (global, shared)[32m [repeated 241x across cluster][0m
[36m(ClientAppActor pid=12033)[0m [Client 1529] Data split:[32m [repeated 254x across cluster][0m
[36m(ClientAppActor pid=12033)[0m    Train:      86 samples (client-local)[32m [repeated 254x across cluster][0m
[36m(ClientAppActor pid=12033)[0m    Validation: 12 samples (client-local)[32m [repeated 254x across cluster][0m
[36m(ClientAppActor pid=12033)[0m    Test:       50737 samples (global, shared)[32m [repeated 254x across cluster][0m
[36m(ClientAppActor pid=13765)[0m [Client 655] Data split:[32m [repeated 251x across cluster][0m
[36m(ClientAppActor pid=13765)[0m    Train:      87 samples (client-local)[32m [repeated 251x across cluster][0m
[36m(ClientAppActor pid=13765)[0m    Validation: 12 samples (client-local)[32m [repeated 251x across cluster][0m
[36m(ClientAppActor pid=13765)[0m    Test:       50737 samples (global, shared)[32m [repeated 251x across cluster][0m
[36m(ClientAppActor pid=12033)[0m [Client 2003] Data split:[32m [repeated 256x across cluster][0m
[36m(ClientAppActor pid=12033)[0m    Train:      86 samples (client-local)[32m [repeated 256x across cluster][0m
[36m(ClientAppActor pid=12033)[0m    Validation: 12 samples (client-local)[32m [repeated 256x across cluster][0m
[36m(ClientAppActor pid=12033)[0m    Test:       50737 samples (global, shared)[32m [repeated 256x across cluster][0m
[36m(ClientAppActor pid=13765)[0m [Client 29] Data split:[32m [repeated 254x across cluster][0m
[36m(ClientAppActor pid=13765)[0m    Train:      87 samples (client-local)[32m [repeated 254x across cluster][0m
[36m(ClientAppActor pid=13765)[0m    Validation: 12 samples (client-local)[32m [repeated 254x across cluster][0m
[36m(ClientAppActor pid=13765)[0m    Test:       50737 samples (global, shared)[32m [repeated 254x across cluster][0m
[36m(ClientAppActor pid=14778)[0m [Client 401] Data split:[32m [repeated 260x across cluster][0m
[36m(ClientAppActor pid=14778)[0m    Train:      87 samples (client-local)[32m [repeated 260x across cluster][0m
[36m(ClientAppActor pid=14778)[0m    Validation: 12 samples (client-local)[32m [repeated 260x across cluster][0m
[36m(ClientAppActor pid=14778)[0m    Test:       50737 samples (global, shared)[32m [repeated 260x across cluster][0m
[36m(ClientAppActor pid=13794)[0m [Client 334] Data split:[32m [repeated 253x across cluster][0m
[36m(ClientAppActor pid=13794)[0m    Train:      87 samples (client-local)[32m [repeated 253x across cluster][0m
[36m(ClientAppActor pid=13794)[0m    Validation: 12 samples (client-local)[32m [repeated 253x across cluster][0m
[36m(ClientAppActor pid=13794)[0m    Test:       50737 samples (global, shared)[32m [repeated 253x across cluster][0m

🎯 Multi-Threshold Aggregation:
   ═══════════════════════════════════════════════
   Evaluated 10 thresholds:
     • Thr=0.30: Recall=0.943, Spec=0.342, F1=0.314
     • Thr=0.35: Recall=0.916, Spec=0.399, F1=0.326
     • Thr=0.40: Recall=0.885, Spec=0.454, F1=0.337
   ...

   BEST Threshold: 0.50
     • Recall:      0.799
     • Specificity: 0.565
     • F1-Score:    0.357
     • Score:       0.654
   ═══════════════════════════════════════════════

⚠️  No rounds meet spec≥0.7, using recall filter only
 1 Pareto-optimal rounds (not dominated in recall & spec)

🎯 SELECTED ROUND 37:
   Recall:     0.799
   Specificity: 0.565
   F1-Score:    0.357
   Stability:   1.000
   Alerts/1000: 485.4
   Composite:   0.661


✅ Round 37 is NEW BEST - Saving checkpoint...
   💾 Checkpoint saved: result/splits_iid_scaling/splits_iid_2048_clients.json/multi_thr/model_round_37.pt
⚠️  No rounds meet spec≥0.7, using recall filter only
 1 Pareto-optimal rounds (not dominated in recall & spec)

🎯 SELECTED ROUND 37:
   Recall:     0.799
   Specificity: 0.565
   F1-Score:    0.357
   Stability:   1.000
   Alerts/1000: 485.4
   Composite:   0.661

   💾 Best model saved: result/splits_iid_scaling/splits_iid_2048_clients.json/multi_thr/model_round_37.pt
   📊 Metrics saved: result/splits_iid_scaling/splits_iid_2048_clients.json/multi_thr/run_1.json
[36m(ClientAppActor pid=12033)[0m [Client 1410] Data split:[32m [repeated 231x across cluster][0m
[36m(ClientAppActor pid=12033)[0m    Train:      87 samples (client-local)[32m [repeated 231x across cluster][0m
[36m(ClientAppActor pid=12033)[0m    Validation: 12 samples (client-local)[32m [repeated 231x across cluster][0m
[36m(ClientAppActor pid=12033)[0m    Test:       50737 samples (global, shared)[32m [repeated 231x across cluster][0m
[36m(ClientAppActor pid=13793)[0m [Client 4] Data split:[32m [repeated 256x across cluster][0m
[36m(ClientAppActor pid=13793)[0m    Train:      87 samples (client-local)[32m [repeated 256x across cluster][0m
[36m(ClientAppActor pid=13793)[0m    Validation: 12 samples (client-local)[32m [repeated 256x across cluster][0m
[36m(ClientAppActor pid=13793)[0m    Test:       50737 samples (global, shared)[32m [repeated 256x across cluster][0m
[36m(ClientAppActor pid=14760)[0m [Client 146] Data split:[32m [repeated 259x across cluster][0m
[36m(ClientAppActor pid=14760)[0m    Train:      87 samples (client-local)[32m [repeated 259x across cluster][0m
[36m(ClientAppActor pid=14760)[0m    Validation: 12 samples (client-local)[32m [repeated 259x across cluster][0m
[36m(ClientAppActor pid=14760)[0m    Test:       50737 samples (global, shared)[32m [repeated 259x across cluster][0m
[36m(ClientAppActor pid=13768)[0m [Client 1767] Data split:[32m [repeated 255x across cluster][0m
[36m(ClientAppActor pid=13768)[0m    Train:      86 samples (client-local)[32m [repeated 255x across cluster][0m
[36m(ClientAppActor pid=13768)[0m    Validation: 12 samples (client-local)[32m [repeated 255x across cluster][0m
[36m(ClientAppActor pid=13768)[0m    Test:       50737 samples (global, shared)[32m [repeated 255x across cluster][0m
[36m(ClientAppActor pid=13793)[0m [Client 119] Data split:[32m [repeated 256x across cluster][0m
[36m(ClientAppActor pid=13793)[0m    Train:      87 samples (client-local)[32m [repeated 256x across cluster][0m
[36m(ClientAppActor pid=13793)[0m    Validation: 12 samples (client-local)[32m [repeated 256x across cluster][0m
[36m(ClientAppActor pid=13793)[0m    Test:       50737 samples (global, shared)[32m [repeated 256x across cluster][0m[92mINFO [0m:      aggregate_fit: received 1638 results and 0 failures
[92mINFO [0m:      configure_evaluate: strategy sampled 2048 clients (out of 2048)
[36m(ClientAppActor pid=14738)[0m /home/bax9142/federated-edge-learning/.venv/lib64/python3.13/site-packages/sklearn/metrics/_ranking.py:424: UndefinedMetricWarning: Only one class is present in y_true. ROC AUC score is not defined in that case.[32m [repeated 34x across cluster][0m
[36m(ClientAppActor pid=14738)[0m   warnings.warn([32m [repeated 34x across cluster][0m
[36m(ClientAppActor pid=13789)[0m /home/bax9142/federated-edge-learning/.venv/lib64/python3.13/site-packages/sklearn/metrics/_ranking.py:424: UndefinedMetricWarning: Only one class is present in y_true. ROC AUC score is not defined in that case.[32m [repeated 38x across cluster][0m
[36m(ClientAppActor pid=13789)[0m   warnings.warn([32m [repeated 38x across cluster][0m
[36m(ClientAppActor pid=12033)[0m /home/bax9142/federated-edge-learning/.venv/lib64/python3.13/site-packages/sklearn/metrics/_ranking.py:424: UndefinedMetricWarning: Only one class is present in y_true. ROC AUC score is not defined in that case.[32m [repeated 37x across cluster][0m
[36m(ClientAppActor pid=12033)[0m   warnings.warn([32m [repeated 37x across cluster][0m
[36m(ClientAppActor pid=13769)[0m /home/bax9142/federated-edge-learning/.venv/lib64/python3.13/site-packages/sklearn/metrics/_ranking.py:424: UndefinedMetricWarning: Only one class is present in y_true. ROC AUC score is not defined in that case.[32m [repeated 40x across cluster][0m
[36m(ClientAppActor pid=13769)[0m   warnings.warn([32m [repeated 40x across cluster][0m
[36m(ClientAppActor pid=14751)[0m /home/bax9142/federated-edge-learning/.venv/lib64/python3.13/site-packages/sklearn/metrics/_ranking.py:424: UndefinedMetricWarning: Only one class is present in y_true. ROC AUC score is not defined in that case.[32m [repeated 35x across cluster][0m
[36m(ClientAppActor pid=14751)[0m   warnings.warn([32m [repeated 35x across cluster][0m
[36m(ClientAppActor pid=13771)[0m /home/bax9142/federated-edge-learning/.venv/lib64/python3.13/site-packages/sklearn/metrics/_ranking.py:424: UndefinedMetricWarning: Only one class is present in y_true. ROC AUC score is not defined in that case.[32m [repeated 50x across cluster][0m
[36m(ClientAppActor pid=13771)[0m   warnings.warn([32m [repeated 50x across cluster][0m
[36m(ClientAppActor pid=13769)[0m /home/bax9142/federated-edge-learning/.venv/lib64/python3.13/site-packages/sklearn/metrics/_ranking.py:424: UndefinedMetricWarning: Only one class is present in y_true. ROC AUC score is not defined in that case.[32m [repeated 38x across cluster][0m
[36m(ClientAppActor pid=13769)[0m   warnings.warn([32m [repeated 38x across cluster][0m
[36m(ClientAppActor pid=13797)[0m /home/bax9142/federated-edge-learning/.venv/lib64/python3.13/site-packages/sklearn/metrics/_ranking.py:424: UndefinedMetricWarning: Only one class is present in y_true. ROC AUC score is not defined in that case.[32m [repeated 39x across cluster][0m
[36m(ClientAppActor pid=13797)[0m   warnings.warn([32m [repeated 39x across cluster][0m
[92mINFO [0m:      aggregate_evaluate: received 2048 results and 0 failures
[92mINFO [0m:      
[92mINFO [0m:      [ROUND 39]
[92mINFO [0m:      configure_fit: strategy sampled 1638 clients (out of 2048)

[36m(ClientAppActor pid=13767)[0m [Client 918] Data split:[32m [repeated 256x across cluster][0m
[36m(ClientAppActor pid=13767)[0m    Train:      87 samples (client-local)[32m [repeated 256x across cluster][0m
[36m(ClientAppActor pid=13767)[0m    Validation: 12 samples (client-local)[32m [repeated 256x across cluster][0m
[36m(ClientAppActor pid=13767)[0m    Test:       50737 samples (global, shared)[32m [repeated 256x across cluster][0m
[36m(ClientAppActor pid=12033)[0m [Client 84] Data split:[32m [repeated 250x across cluster][0m
[36m(ClientAppActor pid=12033)[0m    Train:      87 samples (client-local)[32m [repeated 250x across cluster][0m
[36m(ClientAppActor pid=12033)[0m    Validation: 12 samples (client-local)[32m [repeated 250x across cluster][0m
[36m(ClientAppActor pid=12033)[0m    Test:       50737 samples (global, shared)[32m [repeated 250x across cluster][0m
[36m(ClientAppActor pid=13767)[0m [Client 1646] Data split:[32m [repeated 261x across cluster][0m
[36m(ClientAppActor pid=13767)[0m    Train:      86 samples (client-local)[32m [repeated 261x across cluster][0m
[36m(ClientAppActor pid=13767)[0m    Validation: 12 samples (client-local)[32m [repeated 261x across cluster][0m
[36m(ClientAppActor pid=13767)[0m    Test:       50737 samples (global, shared)[32m [repeated 261x across cluster][0m
[36m(ClientAppActor pid=13765)[0m [Client 92] Data split:[32m [repeated 260x across cluster][0m
[36m(ClientAppActor pid=13765)[0m    Train:      87 samples (client-local)[32m [repeated 260x across cluster][0m
[36m(ClientAppActor pid=13765)[0m    Validation: 12 samples (client-local)[32m [repeated 260x across cluster][0m
[36m(ClientAppActor pid=13765)[0m    Test:       50737 samples (global, shared)[32m [repeated 260x across cluster][0m
[36m(ClientAppActor pid=13767)[0m [Client 1439] Data split:[32m [repeated 260x across cluster][0m
[36m(ClientAppActor pid=13767)[0m    Train:      87 samples (client-local)[32m [repeated 260x across cluster][0m
[36m(ClientAppActor pid=13767)[0m    Validation: 12 samples (client-local)[32m [repeated 260x across cluster][0m
[36m(ClientAppActor pid=13767)[0m    Test:       50737 samples (global, shared)[32m [repeated 260x across cluster][0m
[36m(ClientAppActor pid=13793)[0m [Client 218] Data split:[32m [repeated 260x across cluster][0m
[36m(ClientAppActor pid=13793)[0m    Train:      87 samples (client-local)[32m [repeated 260x across cluster][0m
[36m(ClientAppActor pid=13793)[0m    Validation: 12 samples (client-local)[32m [repeated 260x across cluster][0m
[36m(ClientAppActor pid=13793)[0m    Test:       50737 samples (global, shared)[32m [repeated 260x across cluster][0m
[36m(ClientAppActor pid=12033)[0m [Client 1898] Data split:[32m [repeated 241x across cluster][0m
[36m(ClientAppActor pid=12033)[0m    Train:      86 samples (client-local)[32m [repeated 241x across cluster][0m
[36m(ClientAppActor pid=12033)[0m    Validation: 12 samples (client-local)[32m [repeated 241x across cluster][0m
[36m(ClientAppActor pid=12033)[0m    Test:       50737 samples (global, shared)[32m [repeated 241x across cluster][0m
[36m(ClientAppActor pid=13793)[0m [Client 958] Data split:[32m [repeated 261x across cluster][0m
[36m(ClientAppActor pid=13793)[0m    Train:      87 samples (client-local)[32m [repeated 261x across cluster][0m
[36m(ClientAppActor pid=13793)[0m    Validation: 12 samples (client-local)[32m [repeated 261x across cluster][0m
[36m(ClientAppActor pid=13793)[0m    Test:       50737 samples (global, shared)[32m [repeated 261x across cluster][0m
[36m(ClientAppActor pid=14737)[0m [Client 898] Data split:[32m [repeated 247x across cluster][0m
[36m(ClientAppActor pid=14737)[0m    Train:      87 samples (client-local)[32m [repeated 247x across cluster][0m
[36m(ClientAppActor pid=14737)[0m    Validation: 12 samples (client-local)[32m [repeated 247x across cluster][0m
[36m(ClientAppActor pid=14737)[0m    Test:       50737 samples (global, shared)[32m [repeated 247x across cluster][0m
[36m(ClientAppActor pid=13771)[0m [Client 517] Data split:[32m [repeated 254x across cluster][0m
[36m(ClientAppActor pid=13771)[0m    Train:      87 samples (client-local)[32m [repeated 254x across cluster][0m
[36m(ClientAppActor pid=13771)[0m    Validation: 12 samples (client-local)[32m [repeated 254x across cluster][0m
[36m(ClientAppActor pid=13771)[0m    Test:       50737 samples (global, shared)[32m [repeated 254x across cluster][0m

🎯 Multi-Threshold Aggregation:
   ═══════════════════════════════════════════════
   Evaluated 10 thresholds:
     • Thr=0.30: Recall=0.944, Spec=0.344, F1=0.315
     • Thr=0.35: Recall=0.916, Spec=0.401, F1=0.326
     • Thr=0.40: Recall=0.884, Spec=0.457, F1=0.337
   ...

   BEST Threshold: 0.50
     • Recall:      0.800
     • Specificity: 0.567
     • F1-Score:    0.358
     • Score:       0.655
   ═══════════════════════════════════════════════

⚠️  No rounds meet spec≥0.7, using recall filter only
 1 Pareto-optimal rounds (not dominated in recall & spec)

🎯 SELECTED ROUND 38:
   Recall:     0.800
   Specificity: 0.567
   F1-Score:    0.358
   Stability:   1.000
   Alerts/1000: 484.2
   Composite:   0.662


✅ Round 38 is NEW BEST - Saving checkpoint...
   💾 Checkpoint saved: result/splits_iid_scaling/splits_iid_2048_clients.json/multi_thr/model_round_38.pt
⚠️  No rounds meet spec≥0.7, using recall filter only
 1 Pareto-optimal rounds (not dominated in recall & spec)

🎯 SELECTED ROUND 38:
   Recall:     0.800
   Specificity: 0.567
   F1-Score:    0.358
   Stability:   1.000
   Alerts/1000: 484.2
   Composite:   0.662

   💾 Best model saved: result/splits_iid_scaling/splits_iid_2048_clients.json/multi_thr/model_round_38.pt
   📊 Metrics saved: result/splits_iid_scaling/splits_iid_2048_clients.json/multi_thr/run_1.json
[36m(ClientAppActor pid=13769)[0m [Client 766] Data split:[32m [repeated 218x across cluster][0m
[36m(ClientAppActor pid=13769)[0m    Train:      87 samples (client-local)[32m [repeated 218x across cluster][0m
[36m(ClientAppActor pid=13769)[0m    Validation: 12 samples (client-local)[32m [repeated 218x across cluster][0m
[36m(ClientAppActor pid=13769)[0m    Test:       50737 samples (global, shared)[32m [repeated 218x across cluster][0m
[36m(ClientAppActor pid=13767)[0m [Client 1643] Data split:[32m [repeated 254x across cluster][0m
[36m(ClientAppActor pid=13767)[0m    Train:      86 samples (client-local)[32m [repeated 254x across cluster][0m
[36m(ClientAppActor pid=13767)[0m    Validation: 12 samples (client-local)[32m [repeated 254x across cluster][0m
[36m(ClientAppActor pid=13767)[0m    Test:       50737 samples (global, shared)[32m [repeated 254x across cluster][0m
[36m(ClientAppActor pid=13766)[0m [Client 800] Data split:[32m [repeated 245x across cluster][0m
[36m(ClientAppActor pid=13766)[0m    Train:      87 samples (client-local)[32m [repeated 245x across cluster][0m
[36m(ClientAppActor pid=13766)[0m    Validation: 12 samples (client-local)[32m [repeated 245x across cluster][0m
[36m(ClientAppActor pid=13766)[0m    Test:       50737 samples (global, shared)[32m [repeated 245x across cluster][0m
[36m(ClientAppActor pid=13769)[0m [Client 2016] Data split:[32m [repeated 258x across cluster][0m
[36m(ClientAppActor pid=13769)[0m    Train:      86 samples (client-local)[32m [repeated 258x across cluster][0m
[36m(ClientAppActor pid=13769)[0m    Validation: 12 samples (client-local)[32m [repeated 258x across cluster][0m
[36m(ClientAppActor pid=13769)[0m    Test:       50737 samples (global, shared)[32m [repeated 258x across cluster][0m
[36m(ClientAppActor pid=14779)[0m [Client 269] Data split:[32m [repeated 255x across cluster][0m
[36m(ClientAppActor pid=14779)[0m    Train:      87 samples (client-local)[32m [repeated 255x across cluster][0m[92mINFO [0m:      aggregate_fit: received 1638 results and 0 failures
[92mINFO [0m:      configure_evaluate: strategy sampled 2048 clients (out of 2048)
[36m(ClientAppActor pid=14760)[0m /home/bax9142/federated-edge-learning/.venv/lib64/python3.13/site-packages/sklearn/metrics/_ranking.py:424: UndefinedMetricWarning: Only one class is present in y_true. ROC AUC score is not defined in that case.[32m [repeated 45x across cluster][0m
[36m(ClientAppActor pid=14760)[0m   warnings.warn([32m [repeated 45x across cluster][0m
[36m(ClientAppActor pid=13768)[0m /home/bax9142/federated-edge-learning/.venv/lib64/python3.13/site-packages/sklearn/metrics/_ranking.py:424: UndefinedMetricWarning: Only one class is present in y_true. ROC AUC score is not defined in that case.[32m [repeated 30x across cluster][0m
[36m(ClientAppActor pid=13768)[0m   warnings.warn([32m [repeated 30x across cluster][0m
[36m(ClientAppActor pid=14752)[0m /home/bax9142/federated-edge-learning/.venv/lib64/python3.13/site-packages/sklearn/metrics/_ranking.py:424: UndefinedMetricWarning: Only one class is present in y_true. ROC AUC score is not defined in that case.[32m [repeated 37x across cluster][0m
[36m(ClientAppActor pid=14752)[0m   warnings.warn([32m [repeated 37x across cluster][0m
[36m(ClientAppActor pid=13763)[0m /home/bax9142/federated-edge-learning/.venv/lib64/python3.13/site-packages/sklearn/metrics/_ranking.py:424: UndefinedMetricWarning: Only one class is present in y_true. ROC AUC score is not defined in that case.[32m [repeated 31x across cluster][0m
[36m(ClientAppActor pid=13763)[0m   warnings.warn([32m [repeated 31x across cluster][0m
[36m(ClientAppActor pid=13782)[0m /home/bax9142/federated-edge-learning/.venv/lib64/python3.13/site-packages/sklearn/metrics/_ranking.py:424: UndefinedMetricWarning: Only one class is present in y_true. ROC AUC score is not defined in that case.[32m [repeated 56x across cluster][0m
[36m(ClientAppActor pid=13782)[0m   warnings.warn([32m [repeated 56x across cluster][0m
[36m(ClientAppActor pid=13763)[0m /home/bax9142/federated-edge-learning/.venv/lib64/python3.13/site-packages/sklearn/metrics/_ranking.py:424: UndefinedMetricWarning: Only one class is present in y_true. ROC AUC score is not defined in that case.[32m [repeated 45x across cluster][0m
[36m(ClientAppActor pid=13763)[0m   warnings.warn([32m [repeated 45x across cluster][0m
[36m(ClientAppActor pid=13763)[0m /home/bax9142/federated-edge-learning/.venv/lib64/python3.13/site-packages/sklearn/metrics/_ranking.py:424: UndefinedMetricWarning: Only one class is present in y_true. ROC AUC score is not defined in that case.[32m [repeated 41x across cluster][0m
[36m(ClientAppActor pid=13763)[0m   warnings.warn([32m [repeated 41x across cluster][0m
[36m(ClientAppActor pid=13771)[0m /home/bax9142/federated-edge-learning/.venv/lib64/python3.13/site-packages/sklearn/metrics/_ranking.py:424: UndefinedMetricWarning: Only one class is present in y_true. ROC AUC score is not defined in that case.[32m [repeated 52x across cluster][0m
[36m(ClientAppActor pid=13771)[0m   warnings.warn([32m [repeated 52x across cluster][0m
[92mINFO [0m:      aggregate_evaluate: received 2048 results and 0 failures
[92mINFO [0m:      
[92mINFO [0m:      [ROUND 40]
[92mINFO [0m:      configure_fit: strategy sampled 1638 clients (out of 2048)

[36m(ClientAppActor pid=14779)[0m    Validation: 12 samples (client-local)[32m [repeated 255x across cluster][0m
[36m(ClientAppActor pid=14779)[0m    Test:       50737 samples (global, shared)[32m [repeated 255x across cluster][0m
[36m(ClientAppActor pid=12033)[0m [Client 1072] Data split:[32m [repeated 251x across cluster][0m
[36m(ClientAppActor pid=12033)[0m    Train:      87 samples (client-local)[32m [repeated 251x across cluster][0m
[36m(ClientAppActor pid=12033)[0m    Validation: 12 samples (client-local)[32m [repeated 251x across cluster][0m
[36m(ClientAppActor pid=12033)[0m    Test:       50737 samples (global, shared)[32m [repeated 251x across cluster][0m
[36m(ClientAppActor pid=13769)[0m [Client 1959] Data split:[32m [repeated 197x across cluster][0m
[36m(ClientAppActor pid=13769)[0m    Train:      86 samples (client-local)[32m [repeated 197x across cluster][0m
[36m(ClientAppActor pid=13769)[0m    Validation: 12 samples (client-local)[32m [repeated 197x across cluster][0m
[36m(ClientAppActor pid=13769)[0m    Test:       50737 samples (global, shared)[32m [repeated 197x across cluster][0m
[36m(ClientAppActor pid=13782)[0m [Client 131] Data split:[32m [repeated 240x across cluster][0m
[36m(ClientAppActor pid=13782)[0m    Train:      87 samples (client-local)[32m [repeated 240x across cluster][0m
[36m(ClientAppActor pid=13782)[0m    Validation: 12 samples (client-local)[32m [repeated 240x across cluster][0m
[36m(ClientAppActor pid=13782)[0m    Test:       50737 samples (global, shared)[32m [repeated 240x across cluster][0m
[36m(ClientAppActor pid=12033)[0m [Client 1243] Data split:[32m [repeated 243x across cluster][0m
[36m(ClientAppActor pid=12033)[0m    Train:      87 samples (client-local)[32m [repeated 243x across cluster][0m
[36m(ClientAppActor pid=12033)[0m    Validation: 12 samples (client-local)[32m [repeated 243x across cluster][0m
[36m(ClientAppActor pid=12033)[0m    Test:       50737 samples (global, shared)[32m [repeated 243x across cluster][0m
[36m(ClientAppActor pid=12033)[0m [Client 274] Data split:[32m [repeated 260x across cluster][0m
[36m(ClientAppActor pid=12033)[0m    Train:      87 samples (client-local)[32m [repeated 260x across cluster][0m
[36m(ClientAppActor pid=12033)[0m    Validation: 12 samples (client-local)[32m [repeated 260x across cluster][0m
[36m(ClientAppActor pid=12033)[0m    Test:       50737 samples (global, shared)[32m [repeated 260x across cluster][0m
[36m(ClientAppActor pid=13768)[0m [Client 1424] Data split:[32m [repeated 256x across cluster][0m
[36m(ClientAppActor pid=13768)[0m    Train:      87 samples (client-local)[32m [repeated 256x across cluster][0m
[36m(ClientAppActor pid=13768)[0m    Validation: 12 samples (client-local)[32m [repeated 256x across cluster][0m
[36m(ClientAppActor pid=13768)[0m    Test:       50737 samples (global, shared)[32m [repeated 256x across cluster][0m
[36m(ClientAppActor pid=12033)[0m [Client 1529] Data split:[32m [repeated 253x across cluster][0m
[36m(ClientAppActor pid=12033)[0m    Train:      86 samples (client-local)[32m [repeated 253x across cluster][0m
[36m(ClientAppActor pid=12033)[0m    Validation: 12 samples (client-local)[32m [repeated 253x across cluster][0m
[36m(ClientAppActor pid=12033)[0m    Test:       50737 samples (global, shared)[32m [repeated 253x across cluster][0m
[36m(ClientAppActor pid=13763)[0m [Client 1308] Data split:[32m [repeated 257x across cluster][0m
[36m(ClientAppActor pid=13763)[0m    Train:      87 samples (client-local)[32m [repeated 257x across cluster][0m
[36m(ClientAppActor pid=13763)[0m    Validation: 12 samples (client-local)[32m [repeated 257x across cluster][0m
[36m(ClientAppActor pid=13763)[0m    Test:       50737 samples (global, shared)[32m [repeated 257x across cluster][0m
[36m(ClientAppActor pid=13796)[0m [Client 1859] Data split:[32m [repeated 255x across cluster][0m
[36m(ClientAppActor pid=13796)[0m    Train:      86 samples (client-local)[32m [repeated 255x across cluster][0m
[36m(ClientAppActor pid=13796)[0m    Validation: 12 samples (client-local)[32m [repeated 255x across cluster][0m
[36m(ClientAppActor pid=13796)[0m    Test:       50737 samples (global, shared)[32m [repeated 255x across cluster][0m
[36m(ClientAppActor pid=12033)[0m [Client 384] Data split:[32m [repeated 246x across cluster][0m
[36m(ClientAppActor pid=12033)[0m    Train:      87 samples (client-local)[32m [repeated 246x across cluster][0m
[36m(ClientAppActor pid=12033)[0m    Validation: 12 samples (client-local)[32m [repeated 246x across cluster][0m
[36m(ClientAppActor pid=12033)[0m    Test:       50737 samples (global, shared)[32m [repeated 246x across cluster][0m

🎯 Multi-Threshold Aggregation:
   ═══════════════════════════════════════════════
   Evaluated 10 thresholds:
     • Thr=0.30: Recall=0.944, Spec=0.347, F1=0.316
     • Thr=0.35: Recall=0.916, Spec=0.403, F1=0.327
     • Thr=0.40: Recall=0.885, Spec=0.458, F1=0.338
   ...

   BEST Threshold: 0.55
     • Recall:      0.750
     • Specificity: 0.622
     • F1-Score:    0.367
     • Score:       0.656
   ═══════════════════════════════════════════════

⚠️  No rounds meet spec≥0.7, using recall filter only
 2 Pareto-optimal rounds (not dominated in recall & spec)

🎯 SELECTED ROUND 38:
   Recall:     0.800
   Specificity: 0.567
   F1-Score:    0.358
   Stability:   1.000
   Alerts/1000: 484.2
   Composite:   0.662

[36m(ClientAppActor pid=13765)[0m [Client 978] Data split:[32m [repeated 233x across cluster][0m
[36m(ClientAppActor pid=13765)[0m    Train:      87 samples (client-local)[32m [repeated 233x across cluster][0m
[36m(ClientAppActor pid=13765)[0m    Validation: 12 samples (client-local)[32m [repeated 233x across cluster][0m
[36m(ClientAppActor pid=13765)[0m    Test:       50737 samples (global, shared)[32m [repeated 233x across cluster][0m
[36m(ClientAppActor pid=13776)[0m [Client 1905] Data split:[32m [repeated 253x across cluster][0m
[36m(ClientAppActor pid=13776)[0m    Train:      86 samples (client-local)[32m [repeated 253x across cluster][0m
[36m(ClientAppActor pid=13776)[0m    Validation: 12 samples (client-local)[32m [repeated 253x across cluster][0m
[36m(ClientAppActor pid=13776)[0m    Test:       50737 samples (global, shared)[32m [repeated 253x across cluster][0m
[36m(ClientAppActor pid=13767)[0m [Client 1256] Data split:[32m [repeated 248x across cluster][0m
[36m(ClientAppActor pid=13767)[0m    Train:      87 samples (client-local)[32m [repeated 248x across cluster][0m
[36m(ClientAppActor pid=13767)[0m    Validation: 12 samples (client-local)[32m [repeated 248x across cluster][0m
[36m(ClientAppActor pid=13767)[0m    Test:       50737 samples (global, shared)[32m [repeated 248x across cluster][0m
[36m(ClientAppActor pid=13764)[0m [Client 845] Data split:[32m [repeated 255x across cluster][0m
[36m(ClientAppActor pid=13764)[0m    Train:      87 samples (client-local)[32m [repeated 255x across cluster][0m
[36m(ClientAppActor pid=13764)[0m    Validation: 12 samples (client-local)[32m [repeated 255x across cluster][0m
[36m(ClientAppActor pid=13764)[0m    Test:       50737 samples (global, shared)[32m [repeated 255x across cluster][0m
[36m(ClientAppActor pid=13764)[0m [Client 1988] Data split:[32m [repeated 246x across cluster][0m
[36m(ClientAppActor pid=13764)[0m    Train:      86 samples (client-local)[32m [repeated 246x across cluster][0m
[36m(ClientAppActor pid=13764)[0m    Validation: 12 samples (client-local)[32m [repeated 246x across cluster][0m
[36m(ClientAppActor pid=13764)[0m    Test:       50737 samples (global, shared)[32m [repeated 246x across cluster][0m
[36m(ClientAppActor pid=13769)[0m [Client 293] Data split:[32m [repeated 258x across cluster][0m
[36m(ClientAppActor pid=13769)[0m    Train:      87 samples (client-local)[32m [repeated 258x across cluster][0m[92mINFO [0m:      aggregate_fit: received 1638 results and 0 failures
[92mINFO [0m:      configure_evaluate: strategy sampled 2048 clients (out of 2048)
[36m(ClientAppActor pid=13769)[0m /home/bax9142/federated-edge-learning/.venv/lib64/python3.13/site-packages/sklearn/metrics/_ranking.py:424: UndefinedMetricWarning: Only one class is present in y_true. ROC AUC score is not defined in that case.[32m [repeated 30x across cluster][0m
[36m(ClientAppActor pid=13769)[0m   warnings.warn([32m [repeated 30x across cluster][0m
[36m(ClientAppActor pid=14765)[0m /home/bax9142/federated-edge-learning/.venv/lib64/python3.13/site-packages/sklearn/metrics/_ranking.py:424: UndefinedMetricWarning: Only one class is present in y_true. ROC AUC score is not defined in that case.[32m [repeated 40x across cluster][0m
[36m(ClientAppActor pid=14765)[0m   warnings.warn([32m [repeated 40x across cluster][0m
[36m(ClientAppActor pid=13763)[0m /home/bax9142/federated-edge-learning/.venv/lib64/python3.13/site-packages/sklearn/metrics/_ranking.py:424: UndefinedMetricWarning: Only one class is present in y_true. ROC AUC score is not defined in that case.[32m [repeated 42x across cluster][0m
[36m(ClientAppActor pid=13763)[0m   warnings.warn([32m [repeated 42x across cluster][0m
[36m(ClientAppActor pid=14738)[0m /home/bax9142/federated-edge-learning/.venv/lib64/python3.13/site-packages/sklearn/metrics/_ranking.py:424: UndefinedMetricWarning: Only one class is present in y_true. ROC AUC score is not defined in that case.[32m [repeated 42x across cluster][0m
[36m(ClientAppActor pid=14738)[0m   warnings.warn([32m [repeated 42x across cluster][0m
[36m(ClientAppActor pid=13797)[0m /home/bax9142/federated-edge-learning/.venv/lib64/python3.13/site-packages/sklearn/metrics/_ranking.py:424: UndefinedMetricWarning: Only one class is present in y_true. ROC AUC score is not defined in that case.[32m [repeated 28x across cluster][0m
[36m(ClientAppActor pid=13797)[0m   warnings.warn([32m [repeated 28x across cluster][0m
[36m(ClientAppActor pid=13797)[0m /home/bax9142/federated-edge-learning/.venv/lib64/python3.13/site-packages/sklearn/metrics/_ranking.py:424: UndefinedMetricWarning: Only one class is present in y_true. ROC AUC score is not defined in that case.[32m [repeated 41x across cluster][0m
[36m(ClientAppActor pid=13797)[0m   warnings.warn([32m [repeated 41x across cluster][0m
[36m(ClientAppActor pid=13776)[0m /home/bax9142/federated-edge-learning/.venv/lib64/python3.13/site-packages/sklearn/metrics/_ranking.py:424: UndefinedMetricWarning: Only one class is present in y_true. ROC AUC score is not defined in that case.[32m [repeated 45x across cluster][0m
[36m(ClientAppActor pid=13776)[0m   warnings.warn([32m [repeated 45x across cluster][0m
[36m(ClientAppActor pid=13771)[0m /home/bax9142/federated-edge-learning/.venv/lib64/python3.13/site-packages/sklearn/metrics/_ranking.py:424: UndefinedMetricWarning: Only one class is present in y_true. ROC AUC score is not defined in that case.[32m [repeated 37x across cluster][0m
[36m(ClientAppActor pid=13771)[0m   warnings.warn([32m [repeated 37x across cluster][0m
[92mINFO [0m:      aggregate_evaluate: received 2048 results and 0 failures
[92mINFO [0m:      
[92mINFO [0m:      [ROUND 41]
[92mINFO [0m:      configure_fit: strategy sampled 1638 clients (out of 2048)
[92mINFO [0m:      aggregate_fit: received 1638 results and 0 failures
[92mINFO [0m:      configure_evaluate: strategy sampled 2048 clients (out of 2048)
[36m(ClientAppActor pid=13795)[0m /home/bax9142/federated-edge-learning/.venv/lib64/python3.13/site-packages/sklearn/metrics/_ranking.py:424: UndefinedMetricWarning: Only one class is present in y_true. ROC AUC score is not defined in that case.[32m [repeated 47x across cluster][0m
[36m(ClientAppActor pid=13795)[0m   warnings.warn([32m [repeated 47x across cluster][0m

[36m(ClientAppActor pid=13769)[0m    Validation: 12 samples (client-local)[32m [repeated 258x across cluster][0m
[36m(ClientAppActor pid=13769)[0m    Test:       50737 samples (global, shared)[32m [repeated 258x across cluster][0m
[36m(ClientAppActor pid=13765)[0m [Client 123] Data split:[32m [repeated 181x across cluster][0m
[36m(ClientAppActor pid=13765)[0m    Train:      87 samples (client-local)[32m [repeated 181x across cluster][0m
[36m(ClientAppActor pid=13765)[0m    Validation: 12 samples (client-local)[32m [repeated 181x across cluster][0m
[36m(ClientAppActor pid=13765)[0m    Test:       50737 samples (global, shared)[32m [repeated 181x across cluster][0m
[36m(ClientAppActor pid=12033)[0m [Client 1180] Data split:[32m [repeated 258x across cluster][0m
[36m(ClientAppActor pid=12033)[0m    Train:      87 samples (client-local)[32m [repeated 258x across cluster][0m
[36m(ClientAppActor pid=12033)[0m    Validation: 12 samples (client-local)[32m [repeated 258x across cluster][0m
[36m(ClientAppActor pid=12033)[0m    Test:       50737 samples (global, shared)[32m [repeated 258x across cluster][0m
[36m(ClientAppActor pid=13767)[0m [Client 1338] Data split:[32m [repeated 252x across cluster][0m
[36m(ClientAppActor pid=13767)[0m    Train:      87 samples (client-local)[32m [repeated 252x across cluster][0m
[36m(ClientAppActor pid=13767)[0m    Validation: 12 samples (client-local)[32m [repeated 252x across cluster][0m
[36m(ClientAppActor pid=13767)[0m    Test:       50737 samples (global, shared)[32m [repeated 252x across cluster][0m
[36m(ClientAppActor pid=13769)[0m [Client 1652] Data split:[32m [repeated 260x across cluster][0m
[36m(ClientAppActor pid=13769)[0m    Train:      86 samples (client-local)[32m [repeated 260x across cluster][0m
[36m(ClientAppActor pid=13769)[0m    Validation: 12 samples (client-local)[32m [repeated 260x across cluster][0m
[36m(ClientAppActor pid=13769)[0m    Test:       50737 samples (global, shared)[32m [repeated 260x across cluster][0m
[36m(ClientAppActor pid=13766)[0m [Client 85] Data split:[32m [repeated 245x across cluster][0m
[36m(ClientAppActor pid=13766)[0m    Train:      87 samples (client-local)[32m [repeated 245x across cluster][0m
[36m(ClientAppActor pid=13766)[0m    Validation: 12 samples (client-local)[32m [repeated 245x across cluster][0m
[36m(ClientAppActor pid=13766)[0m    Test:       50737 samples (global, shared)[32m [repeated 245x across cluster][0m
[36m(ClientAppActor pid=13782)[0m [Client 1321] Data split:[32m [repeated 259x across cluster][0m
[36m(ClientAppActor pid=13782)[0m    Train:      87 samples (client-local)[32m [repeated 259x across cluster][0m
[36m(ClientAppActor pid=13782)[0m    Validation: 12 samples (client-local)[32m [repeated 259x across cluster][0m
[36m(ClientAppActor pid=13782)[0m    Test:       50737 samples (global, shared)[32m [repeated 259x across cluster][0m
[36m(ClientAppActor pid=13767)[0m [Client 1228] Data split:[32m [repeated 251x across cluster][0m
[36m(ClientAppActor pid=13767)[0m    Train:      87 samples (client-local)[32m [repeated 251x across cluster][0m
[36m(ClientAppActor pid=13767)[0m    Validation: 12 samples (client-local)[32m [repeated 251x across cluster][0m
[36m(ClientAppActor pid=13767)[0m    Test:       50737 samples (global, shared)[32m [repeated 251x across cluster][0m
[36m(ClientAppActor pid=13769)[0m [Client 1431] Data split:[32m [repeated 258x across cluster][0m
[36m(ClientAppActor pid=13769)[0m    Train:      87 samples (client-local)[32m [repeated 258x across cluster][0m
[36m(ClientAppActor pid=13769)[0m    Validation: 12 samples (client-local)[32m [repeated 258x across cluster][0m
[36m(ClientAppActor pid=13769)[0m    Test:       50737 samples (global, shared)[32m [repeated 258x across cluster][0m

🎯 Multi-Threshold Aggregation:
   ═══════════════════════════════════════════════
   Evaluated 10 thresholds:
     • Thr=0.30: Recall=0.944, Spec=0.349, F1=0.317
     • Thr=0.35: Recall=0.916, Spec=0.405, F1=0.328
     • Thr=0.40: Recall=0.884, Spec=0.460, F1=0.339
   ...

   BEST Threshold: 0.55
     • Recall:      0.750
     • Specificity: 0.624
     • F1-Score:    0.368
     • Score:       0.657
   ═══════════════════════════════════════════════

⚠️  No rounds meet spec≥0.7, using recall filter only
 2 Pareto-optimal rounds (not dominated in recall & spec)

🎯 SELECTED ROUND 38:
   Recall:     0.800
   Specificity: 0.567
   F1-Score:    0.358
   Stability:   1.000
   Alerts/1000: 484.2
   Composite:   0.662

[36m(ClientAppActor pid=13767)[0m [Client 102] Data split:[32m [repeated 231x across cluster][0m
[36m(ClientAppActor pid=13767)[0m    Train:      87 samples (client-local)[32m [repeated 231x across cluster][0m
[36m(ClientAppActor pid=13767)[0m    Validation: 12 samples (client-local)[32m [repeated 231x across cluster][0m
[36m(ClientAppActor pid=13767)[0m    Test:       50737 samples (global, shared)[32m [repeated 231x across cluster][0m
[36m(ClientAppActor pid=13764)[0m [Client 1718] Data split:[32m [repeated 249x across cluster][0m
[36m(ClientAppActor pid=13764)[0m    Train:      86 samples (client-local)[32m [repeated 249x across cluster][0m
[36m(ClientAppActor pid=13764)[0m    Validation: 12 samples (client-local)[32m [repeated 249x across cluster][0m
[36m(ClientAppActor pid=13764)[0m    Test:       50737 samples (global, shared)[32m [repeated 249x across cluster][0m
[36m(ClientAppActor pid=13789)[0m [Client 114] Data split:[32m [repeated 253x across cluster][0m
[36m(ClientAppActor pid=13789)[0m    Train:      87 samples (client-local)[32m [repeated 253x across cluster][0m
[36m(ClientAppActor pid=13789)[0m    Validation: 12 samples (client-local)[32m [repeated 253x across cluster][0m
[36m(ClientAppActor pid=13789)[0m    Test:       50737 samples (global, shared)[32m [repeated 253x across cluster][0m
[36m(ClientAppActor pid=13769)[0m [Client 396] Data split:[32m [repeated 246x across cluster][0m
[36m(ClientAppActor pid=13769)[0m    Train:      87 samples (client-local)[32m [repeated 246x across cluster][0m
[36m(ClientAppActor pid=13769)[0m    Validation: 12 samples (client-local)[32m [repeated 246x across cluster][0m
[36m(ClientAppActor pid=13769)[0m    Test:       50737 samples (global, shared)[32m [repeated 246x across cluster][0m
[36m(ClientAppActor pid=14737)[0m [Client 291] Data split:[32m [repeated 253x across cluster][0m
[36m(ClientAppActor pid=14737)[0m    Train:      87 samples (client-local)[32m [repeated 253x across cluster][0m
[36m(ClientAppActor pid=14737)[0m    Validation: 12 samples (client-local)[32m [repeated 253x across cluster][0m
[36m(ClientAppActor pid=14737)[0m    Test:       50737 samples (global, shared)[32m [repeated 253x across cluster][0m
[36m(ClientAppActor pid=13769)[0m [Client 792] Data split:[32m [repeated 256x across cluster][0m
[36m(ClientAppActor pid=13769)[0m    Train:      87 samples (client-local)[32m [repeated 256x across cluster][0m
[36m(ClientAppActor pid=13769)[0m    Validation: 12 samples (client-local)[32m [repeated 256x across cluster][0m
[36m(ClientAppActor pid=13769)[0m    Test:       50737 samples (global, shared)[32m [repeated 256x across cluster][0m
[36m(ClientAppActor pid=12033)[0m [Client 1457] Data split:[32m [repeated 253x across cluster][0m
[36m(ClientAppActor pid=12033)[0m    Train:      86 samples (client-local)[32m [repeated 253x across cluster][0m
[36m(ClientAppActor pid=12033)[0m    Validation: 12 samples (client-local)[32m [repeated 253x across cluster][0m
[36m(ClientAppActor pid=12033)[0m    Test:       50737 samples (global, shared)[32m [repeated 253x across cluster][0m
[36m(ClientAppActor pid=13782)[0m [Client 279] Data split:[32m [repeated 196x across cluster][0m
[36m(ClientAppActor pid=13782)[0m    Train:      87 samples (client-local)[32m [repeated 196x across cluster][0m[36m(ClientAppActor pid=13769)[0m /home/bax9142/federated-edge-learning/.venv/lib64/python3.13/site-packages/sklearn/metrics/_ranking.py:424: UndefinedMetricWarning: Only one class is present in y_true. ROC AUC score is not defined in that case.[32m [repeated 40x across cluster][0m
[36m(ClientAppActor pid=13769)[0m   warnings.warn([32m [repeated 40x across cluster][0m
[36m(ClientAppActor pid=13789)[0m /home/bax9142/federated-edge-learning/.venv/lib64/python3.13/site-packages/sklearn/metrics/_ranking.py:424: UndefinedMetricWarning: Only one class is present in y_true. ROC AUC score is not defined in that case.[32m [repeated 54x across cluster][0m
[36m(ClientAppActor pid=13789)[0m   warnings.warn([32m [repeated 54x across cluster][0m
[36m(ClientAppActor pid=14794)[0m /home/bax9142/federated-edge-learning/.venv/lib64/python3.13/site-packages/sklearn/metrics/_ranking.py:424: UndefinedMetricWarning: Only one class is present in y_true. ROC AUC score is not defined in that case.[32m [repeated 30x across cluster][0m
[36m(ClientAppActor pid=14794)[0m   warnings.warn([32m [repeated 30x across cluster][0m
[36m(ClientAppActor pid=13793)[0m /home/bax9142/federated-edge-learning/.venv/lib64/python3.13/site-packages/sklearn/metrics/_ranking.py:424: UndefinedMetricWarning: Only one class is present in y_true. ROC AUC score is not defined in that case.[32m [repeated 44x across cluster][0m
[36m(ClientAppActor pid=13793)[0m   warnings.warn([32m [repeated 44x across cluster][0m
[36m(ClientAppActor pid=13764)[0m /home/bax9142/federated-edge-learning/.venv/lib64/python3.13/site-packages/sklearn/metrics/_ranking.py:424: UndefinedMetricWarning: Only one class is present in y_true. ROC AUC score is not defined in that case.[32m [repeated 35x across cluster][0m
[36m(ClientAppActor pid=13764)[0m   warnings.warn([32m [repeated 35x across cluster][0m
[36m(ClientAppActor pid=14765)[0m /home/bax9142/federated-edge-learning/.venv/lib64/python3.13/site-packages/sklearn/metrics/_ranking.py:424: UndefinedMetricWarning: Only one class is present in y_true. ROC AUC score is not defined in that case.[32m [repeated 37x across cluster][0m
[36m(ClientAppActor pid=14765)[0m   warnings.warn([32m [repeated 37x across cluster][0m
[36m(ClientAppActor pid=12033)[0m /home/bax9142/federated-edge-learning/.venv/lib64/python3.13/site-packages/sklearn/metrics/_ranking.py:424: UndefinedMetricWarning: Only one class is present in y_true. ROC AUC score is not defined in that case.[32m [repeated 39x across cluster][0m
[36m(ClientAppActor pid=12033)[0m   warnings.warn([32m [repeated 39x across cluster][0m
[92mINFO [0m:      aggregate_evaluate: received 2048 results and 0 failures
[92mINFO [0m:      
[92mINFO [0m:      [ROUND 42]
[92mINFO [0m:      configure_fit: strategy sampled 1638 clients (out of 2048)
[92mINFO [0m:      aggregate_fit: received 1638 results and 0 failures
[92mINFO [0m:      configure_evaluate: strategy sampled 2048 clients (out of 2048)
[36m(ClientAppActor pid=13764)[0m /home/bax9142/federated-edge-learning/.venv/lib64/python3.13/site-packages/sklearn/metrics/_ranking.py:424: UndefinedMetricWarning: Only one class is present in y_true. ROC AUC score is not defined in that case.[32m [repeated 43x across cluster][0m
[36m(ClientAppActor pid=13764)[0m   warnings.warn([32m [repeated 43x across cluster][0m
[36m(ClientAppActor pid=13789)[0m /home/bax9142/federated-edge-learning/.venv/lib64/python3.13/site-packages/sklearn/metrics/_ranking.py:424: UndefinedMetricWarning: Only one class is present in y_true. ROC AUC score is not defined in that case.[32m [repeated 45x across cluster][0m
[36m(ClientAppActor pid=13789)[0m   warnings.warn([32m [repeated 45x across cluster][0m

[36m(ClientAppActor pid=13782)[0m    Validation: 12 samples (client-local)[32m [repeated 196x across cluster][0m
[36m(ClientAppActor pid=13782)[0m    Test:       50737 samples (global, shared)[32m [repeated 196x across cluster][0m
[36m(ClientAppActor pid=13769)[0m [Client 732] Data split:[32m [repeated 233x across cluster][0m
[36m(ClientAppActor pid=13769)[0m    Train:      87 samples (client-local)[32m [repeated 233x across cluster][0m
[36m(ClientAppActor pid=13769)[0m    Validation: 12 samples (client-local)[32m [repeated 233x across cluster][0m
[36m(ClientAppActor pid=13769)[0m    Test:       50737 samples (global, shared)[32m [repeated 233x across cluster][0m
[36m(ClientAppActor pid=14737)[0m [Client 1878] Data split:[32m [repeated 265x across cluster][0m
[36m(ClientAppActor pid=14737)[0m    Train:      86 samples (client-local)[32m [repeated 265x across cluster][0m
[36m(ClientAppActor pid=14737)[0m    Validation: 12 samples (client-local)[32m [repeated 265x across cluster][0m
[36m(ClientAppActor pid=14737)[0m    Test:       50737 samples (global, shared)[32m [repeated 265x across cluster][0m
[36m(ClientAppActor pid=13793)[0m [Client 1195] Data split:[32m [repeated 248x across cluster][0m
[36m(ClientAppActor pid=13793)[0m    Train:      87 samples (client-local)[32m [repeated 248x across cluster][0m
[36m(ClientAppActor pid=13793)[0m    Validation: 12 samples (client-local)[32m [repeated 248x across cluster][0m
[36m(ClientAppActor pid=13793)[0m    Test:       50737 samples (global, shared)[32m [repeated 248x across cluster][0m
[36m(ClientAppActor pid=12033)[0m [Client 184] Data split:[32m [repeated 249x across cluster][0m
[36m(ClientAppActor pid=12033)[0m    Train:      87 samples (client-local)[32m [repeated 249x across cluster][0m
[36m(ClientAppActor pid=12033)[0m    Validation: 12 samples (client-local)[32m [repeated 249x across cluster][0m
[36m(ClientAppActor pid=12033)[0m    Test:       50737 samples (global, shared)[32m [repeated 249x across cluster][0m
[36m(ClientAppActor pid=13767)[0m [Client 2008] Data split:[32m [repeated 258x across cluster][0m
[36m(ClientAppActor pid=13767)[0m    Train:      86 samples (client-local)[32m [repeated 258x across cluster][0m
[36m(ClientAppActor pid=13767)[0m    Validation: 12 samples (client-local)[32m [repeated 258x across cluster][0m
[36m(ClientAppActor pid=13767)[0m    Test:       50737 samples (global, shared)[32m [repeated 258x across cluster][0m
[36m(ClientAppActor pid=13767)[0m [Client 831] Data split:[32m [repeated 250x across cluster][0m
[36m(ClientAppActor pid=13767)[0m    Train:      87 samples (client-local)[32m [repeated 250x across cluster][0m
[36m(ClientAppActor pid=13767)[0m    Validation: 12 samples (client-local)[32m [repeated 250x across cluster][0m
[36m(ClientAppActor pid=13767)[0m    Test:       50737 samples (global, shared)[32m [repeated 250x across cluster][0m
[36m(ClientAppActor pid=13793)[0m [Client 1015] Data split:[32m [repeated 261x across cluster][0m
[36m(ClientAppActor pid=13793)[0m    Train:      87 samples (client-local)[32m [repeated 261x across cluster][0m
[36m(ClientAppActor pid=13793)[0m    Validation: 12 samples (client-local)[32m [repeated 261x across cluster][0m
[36m(ClientAppActor pid=13793)[0m    Test:       50737 samples (global, shared)[32m [repeated 261x across cluster][0m

🎯 Multi-Threshold Aggregation:
   ═══════════════════════════════════════════════
   Evaluated 10 thresholds:
     • Thr=0.30: Recall=0.944, Spec=0.351, F1=0.317
     • Thr=0.35: Recall=0.916, Spec=0.408, F1=0.329
     • Thr=0.40: Recall=0.885, Spec=0.462, F1=0.340
   ...

   BEST Threshold: 0.55
     • Recall:      0.752
     • Specificity: 0.625
     • F1-Score:    0.369
     • Score:       0.658
   ═══════════════════════════════════════════════

⚠️  No rounds meet spec≥0.7, using recall filter only
 2 Pareto-optimal rounds (not dominated in recall & spec)

🎯 SELECTED ROUND 38:
   Recall:     0.800
   Specificity: 0.567
   F1-Score:    0.358
   Stability:   1.000
   Alerts/1000: 484.2
   Composite:   0.662

[36m(ClientAppActor pid=13789)[0m [Client 681] Data split:[32m [repeated 226x across cluster][0m
[36m(ClientAppActor pid=13789)[0m    Train:      87 samples (client-local)[32m [repeated 226x across cluster][0m
[36m(ClientAppActor pid=13789)[0m    Validation: 12 samples (client-local)[32m [repeated 226x across cluster][0m
[36m(ClientAppActor pid=13789)[0m    Test:       50737 samples (global, shared)[32m [repeated 226x across cluster][0m
[36m(ClientAppActor pid=14751)[0m [Client 209] Data split:[32m [repeated 246x across cluster][0m
[36m(ClientAppActor pid=14751)[0m    Train:      87 samples (client-local)[32m [repeated 246x across cluster][0m
[36m(ClientAppActor pid=14751)[0m    Validation: 12 samples (client-local)[32m [repeated 246x across cluster][0m
[36m(ClientAppActor pid=14751)[0m    Test:       50737 samples (global, shared)[32m [repeated 246x across cluster][0m
[36m(ClientAppActor pid=12033)[0m [Client 841] Data split:[32m [repeated 253x across cluster][0m
[36m(ClientAppActor pid=12033)[0m    Train:      87 samples (client-local)[32m [repeated 253x across cluster][0m
[36m(ClientAppActor pid=12033)[0m    Validation: 12 samples (client-local)[32m [repeated 253x across cluster][0m
[36m(ClientAppActor pid=12033)[0m    Test:       50737 samples (global, shared)[32m [repeated 253x across cluster][0m
[36m(ClientAppActor pid=13764)[0m [Client 1367] Data split:[32m [repeated 246x across cluster][0m
[36m(ClientAppActor pid=13764)[0m    Train:      87 samples (client-local)[32m [repeated 246x across cluster][0m
[36m(ClientAppActor pid=13764)[0m    Validation: 12 samples (client-local)[32m [repeated 246x across cluster][0m
[36m(ClientAppActor pid=13764)[0m    Test:       50737 samples (global, shared)[32m [repeated 246x across cluster][0m
[36m(ClientAppActor pid=12033)[0m [Client 1601] Data split:[32m [repeated 249x across cluster][0m
[36m(ClientAppActor pid=12033)[0m    Train:      86 samples (client-local)[32m [repeated 249x across cluster][0m
[36m(ClientAppActor pid=12033)[0m    Validation: 12 samples (client-local)[32m [repeated 249x across cluster][0m
[36m(ClientAppActor pid=12033)[0m    Test:       50737 samples (global, shared)[32m [repeated 249x across cluster][0m
[36m(ClientAppActor pid=13764)[0m [Client 1420] Data split:[32m [repeated 255x across cluster][0m
[36m(ClientAppActor pid=13764)[0m    Train:      87 samples (client-local)[32m [repeated 255x across cluster][0m
[36m(ClientAppActor pid=13764)[0m    Validation: 12 samples (client-local)[32m [repeated 255x across cluster][0m
[36m(ClientAppActor pid=13764)[0m    Test:       50737 samples (global, shared)[32m [repeated 255x across cluster][0m
[36m(ClientAppActor pid=12033)[0m [Client 713] Data split:[32m [repeated 242x across cluster][0m
[36m(ClientAppActor pid=12033)[0m    Train:      87 samples (client-local)[32m [repeated 242x across cluster][0m
[36m(ClientAppActor pid=12033)[0m    Validation: 12 samples (client-local)[32m [repeated 242x across cluster][0m
[36m(ClientAppActor pid=12033)[0m    Test:       50737 samples (global, shared)[32m [repeated 242x across cluster][0m
[36m(ClientAppActor pid=13771)[0m [Client 376] Data split:[32m [repeated 188x across cluster][0m
[36m(ClientAppActor pid=13771)[0m    Train:      87 samples (client-local)[32m [repeated 188x across cluster][0m
[36m(ClientAppActor pid=13771)[0m    Validation: 12 samples (client-local)[32m [repeated 188x across cluster][0m
[36m(ClientAppActor pid=13771)[0m    Test:       50737 samples (global, shared)[32m [repeated 188x across cluster][0m
[36m(ClientAppActor pid=13767)[0m [Client 848] Data split:[32m [repeated 253x across cluster][0m
[36m(ClientAppActor pid=13767)[0m    Train:      87 samples (client-local)[32m [repeated 253x across cluster][0m[36m(ClientAppActor pid=14737)[0m /home/bax9142/federated-edge-learning/.venv/lib64/python3.13/site-packages/sklearn/metrics/_ranking.py:424: UndefinedMetricWarning: Only one class is present in y_true. ROC AUC score is not defined in that case.[32m [repeated 36x across cluster][0m
[36m(ClientAppActor pid=14737)[0m   warnings.warn([32m [repeated 36x across cluster][0m
[36m(ClientAppActor pid=14778)[0m /home/bax9142/federated-edge-learning/.venv/lib64/python3.13/site-packages/sklearn/metrics/_ranking.py:424: UndefinedMetricWarning: Only one class is present in y_true. ROC AUC score is not defined in that case.[32m [repeated 38x across cluster][0m
[36m(ClientAppActor pid=14778)[0m   warnings.warn([32m [repeated 38x across cluster][0m
[36m(ClientAppActor pid=13797)[0m /home/bax9142/federated-edge-learning/.venv/lib64/python3.13/site-packages/sklearn/metrics/_ranking.py:424: UndefinedMetricWarning: Only one class is present in y_true. ROC AUC score is not defined in that case.[32m [repeated 34x across cluster][0m
[36m(ClientAppActor pid=13797)[0m   warnings.warn([32m [repeated 34x across cluster][0m
[36m(ClientAppActor pid=13766)[0m /home/bax9142/federated-edge-learning/.venv/lib64/python3.13/site-packages/sklearn/metrics/_ranking.py:424: UndefinedMetricWarning: Only one class is present in y_true. ROC AUC score is not defined in that case.[32m [repeated 41x across cluster][0m
[36m(ClientAppActor pid=13766)[0m   warnings.warn([32m [repeated 41x across cluster][0m
[36m(ClientAppActor pid=12033)[0m /home/bax9142/federated-edge-learning/.venv/lib64/python3.13/site-packages/sklearn/metrics/_ranking.py:424: UndefinedMetricWarning: Only one class is present in y_true. ROC AUC score is not defined in that case.[32m [repeated 41x across cluster][0m
[36m(ClientAppActor pid=12033)[0m   warnings.warn([32m [repeated 41x across cluster][0m
[36m(ClientAppActor pid=14756)[0m /home/bax9142/federated-edge-learning/.venv/lib64/python3.13/site-packages/sklearn/metrics/_ranking.py:424: UndefinedMetricWarning: Only one class is present in y_true. ROC AUC score is not defined in that case.[32m [repeated 35x across cluster][0m
[36m(ClientAppActor pid=14756)[0m   warnings.warn([32m [repeated 35x across cluster][0m
[92mINFO [0m:      aggregate_evaluate: received 2048 results and 0 failures
[92mINFO [0m:      
[92mINFO [0m:      [ROUND 43]
[92mINFO [0m:      configure_fit: strategy sampled 1638 clients (out of 2048)
[92mINFO [0m:      aggregate_fit: received 1638 results and 0 failures
[92mINFO [0m:      configure_evaluate: strategy sampled 2048 clients (out of 2048)
[36m(ClientAppActor pid=14738)[0m /home/bax9142/federated-edge-learning/.venv/lib64/python3.13/site-packages/sklearn/metrics/_ranking.py:424: UndefinedMetricWarning: Only one class is present in y_true. ROC AUC score is not defined in that case.[32m [repeated 52x across cluster][0m
[36m(ClientAppActor pid=14738)[0m   warnings.warn([32m [repeated 52x across cluster][0m

[36m(ClientAppActor pid=13767)[0m    Validation: 12 samples (client-local)[32m [repeated 253x across cluster][0m
[36m(ClientAppActor pid=13767)[0m    Test:       50737 samples (global, shared)[32m [repeated 253x across cluster][0m
[36m(ClientAppActor pid=12033)[0m [Client 1691] Data split:[32m [repeated 256x across cluster][0m
[36m(ClientAppActor pid=12033)[0m    Train:      86 samples (client-local)[32m [repeated 256x across cluster][0m
[36m(ClientAppActor pid=12033)[0m    Validation: 12 samples (client-local)[32m [repeated 256x across cluster][0m
[36m(ClientAppActor pid=12033)[0m    Test:       50737 samples (global, shared)[32m [repeated 256x across cluster][0m
[36m(ClientAppActor pid=13794)[0m [Client 1909] Data split:[32m [repeated 254x across cluster][0m
[36m(ClientAppActor pid=13794)[0m    Train:      86 samples (client-local)[32m [repeated 254x across cluster][0m
[36m(ClientAppActor pid=13794)[0m    Validation: 12 samples (client-local)[32m [repeated 254x across cluster][0m
[36m(ClientAppActor pid=13794)[0m    Test:       50737 samples (global, shared)[32m [repeated 254x across cluster][0m
[36m(ClientAppActor pid=12033)[0m [Client 668] Data split:[32m [repeated 251x across cluster][0m
[36m(ClientAppActor pid=12033)[0m    Train:      87 samples (client-local)[32m [repeated 251x across cluster][0m
[36m(ClientAppActor pid=12033)[0m    Validation: 12 samples (client-local)[32m [repeated 251x across cluster][0m
[36m(ClientAppActor pid=12033)[0m    Test:       50737 samples (global, shared)[32m [repeated 251x across cluster][0m
[36m(ClientAppActor pid=13764)[0m [Client 64] Data split:[32m [repeated 251x across cluster][0m
[36m(ClientAppActor pid=13764)[0m    Train:      87 samples (client-local)[32m [repeated 251x across cluster][0m
[36m(ClientAppActor pid=13764)[0m    Validation: 12 samples (client-local)[32m [repeated 251x across cluster][0m
[36m(ClientAppActor pid=13764)[0m    Test:       50737 samples (global, shared)[32m [repeated 251x across cluster][0m
[36m(ClientAppActor pid=12033)[0m [Client 851] Data split:[32m [repeated 255x across cluster][0m
[36m(ClientAppActor pid=12033)[0m    Train:      87 samples (client-local)[32m [repeated 255x across cluster][0m
[36m(ClientAppActor pid=12033)[0m    Validation: 12 samples (client-local)[32m [repeated 255x across cluster][0m
[36m(ClientAppActor pid=12033)[0m    Test:       50737 samples (global, shared)[32m [repeated 255x across cluster][0m
[36m(ClientAppActor pid=13767)[0m [Client 700] Data split:[32m [repeated 258x across cluster][0m
[36m(ClientAppActor pid=13767)[0m    Train:      87 samples (client-local)[32m [repeated 258x across cluster][0m
[36m(ClientAppActor pid=13767)[0m    Validation: 12 samples (client-local)[32m [repeated 258x across cluster][0m
[36m(ClientAppActor pid=13767)[0m    Test:       50737 samples (global, shared)[32m [repeated 258x across cluster][0m

🎯 Multi-Threshold Aggregation:
   ═══════════════════════════════════════════════
   Evaluated 10 thresholds:
     • Thr=0.30: Recall=0.944, Spec=0.353, F1=0.318
     • Thr=0.35: Recall=0.916, Spec=0.409, F1=0.329
     • Thr=0.40: Recall=0.886, Spec=0.463, F1=0.341
   ...

   BEST Threshold: 0.55
     • Recall:      0.754
     • Specificity: 0.625
     • F1-Score:    0.370
     • Score:       0.659
   ═══════════════════════════════════════════════

⚠️  No rounds meet spec≥0.7, using recall filter only
 2 Pareto-optimal rounds (not dominated in recall & spec)

🎯 SELECTED ROUND 42:
   Recall:     0.754
   Specificity: 0.625
   F1-Score:    0.370
   Stability:   1.000
   Alerts/1000: 427.7
   Composite:   0.663


✅ Round 42 is NEW BEST - Saving checkpoint...
   💾 Checkpoint saved: result/splits_iid_scaling/splits_iid_2048_clients.json/multi_thr/model_round_42.pt
⚠️  No rounds meet spec≥0.7, using recall filter only
 2 Pareto-optimal rounds (not dominated in recall & spec)

🎯 SELECTED ROUND 42:
   Recall:     0.754
   Specificity: 0.625
   F1-Score:    0.370
   Stability:   1.000
   Alerts/1000: 427.7
   Composite:   0.663

   💾 Best model saved: result/splits_iid_scaling/splits_iid_2048_clients.json/multi_thr/model_round_42.pt
   📊 Metrics saved: result/splits_iid_scaling/splits_iid_2048_clients.json/multi_thr/run_1.json
[36m(ClientAppActor pid=13764)[0m [Client 650] Data split:[32m [repeated 226x across cluster][0m
[36m(ClientAppActor pid=13764)[0m    Train:      87 samples (client-local)[32m [repeated 226x across cluster][0m
[36m(ClientAppActor pid=13764)[0m    Validation: 12 samples (client-local)[32m [repeated 226x across cluster][0m
[36m(ClientAppActor pid=13764)[0m    Test:       50737 samples (global, shared)[32m [repeated 226x across cluster][0m
[36m(ClientAppActor pid=13766)[0m [Client 712] Data split:[32m [repeated 252x across cluster][0m
[36m(ClientAppActor pid=13766)[0m    Train:      87 samples (client-local)[32m [repeated 252x across cluster][0m
[36m(ClientAppActor pid=13766)[0m    Validation: 12 samples (client-local)[32m [repeated 252x across cluster][0m
[36m(ClientAppActor pid=13766)[0m    Test:       50737 samples (global, shared)[32m [repeated 252x across cluster][0m
[36m(ClientAppActor pid=14789)[0m [Client 210] Data split:[32m [repeated 262x across cluster][0m
[36m(ClientAppActor pid=14789)[0m    Train:      87 samples (client-local)[32m [repeated 262x across cluster][0m
[36m(ClientAppActor pid=14789)[0m    Validation: 12 samples (client-local)[32m [repeated 262x across cluster][0m
[36m(ClientAppActor pid=14789)[0m    Test:       50737 samples (global, shared)[32m [repeated 262x across cluster][0m
[36m(ClientAppActor pid=13797)[0m [Client 62] Data split:[32m [repeated 247x across cluster][0m
[36m(ClientAppActor pid=13797)[0m    Train:      87 samples (client-local)[32m [repeated 247x across cluster][0m
[36m(ClientAppActor pid=13797)[0m    Validation: 12 samples (client-local)[32m [repeated 247x across cluster][0m
[36m(ClientAppActor pid=13797)[0m    Test:       50737 samples (global, shared)[32m [repeated 247x across cluster][0m
[36m(ClientAppActor pid=14765)[0m [Client 1558] Data split:[32m [repeated 252x across cluster][0m
[36m(ClientAppActor pid=14765)[0m    Train:      86 samples (client-local)[32m [repeated 252x across cluster][0m
[36m(ClientAppActor pid=14765)[0m    Validation: 12 samples (client-local)[32m [repeated 252x across cluster][0m
[36m(ClientAppActor pid=14765)[0m    Test:       50737 samples (global, shared)[32m [repeated 252x across cluster][0m
[36m(ClientAppActor pid=13763)[0m [Client 1929] Data split:[32m [repeated 249x across cluster][0m
[36m(ClientAppActor pid=13763)[0m    Train:      86 samples (client-local)[32m [repeated 249x across cluster][0m
[36m(ClientAppActor pid=13763)[0m    Validation: 12 samples (client-local)[32m [repeated 249x across cluster][0m
[36m(ClientAppActor pid=13763)[0m    Test:       50737 samples (global, shared)[32m [repeated 249x across cluster][0m
[36m(ClientAppActor pid=13767)[0m [Client 713] Data split:[32m [repeated 246x across cluster][0m
[36m(ClientAppActor pid=13767)[0m    Train:      87 samples (client-local)[32m [repeated 246x across cluster][0m
[36m(ClientAppActor pid=13767)[0m    Validation: 12 samples (client-local)[32m [repeated 246x across cluster][0m
[36m(ClientAppActor pid=13767)[0m    Test:       50737 samples (global, shared)[32m [repeated 246x across cluster][0m
[36m(ClientAppActor pid=12033)[0m [Client 1291] Data split:[32m [repeated 197x across cluster][0m
[36m(ClientAppActor pid=12033)[0m    Train:      87 samples (client-local)[32m [repeated 197x across cluster][0m
[36m(ClientAppActor pid=12033)[0m    Validation: 12 samples (client-local)[32m [repeated 197x across cluster][0m
[36m(ClientAppActor pid=12033)[0m    Test:       50737 samples (global, shared)[32m [repeated 197x across cluster][0m[36m(ClientAppActor pid=13789)[0m /home/bax9142/federated-edge-learning/.venv/lib64/python3.13/site-packages/sklearn/metrics/_ranking.py:424: UndefinedMetricWarning: Only one class is present in y_true. ROC AUC score is not defined in that case.[32m [repeated 45x across cluster][0m
[36m(ClientAppActor pid=13789)[0m   warnings.warn([32m [repeated 45x across cluster][0m
[36m(ClientAppActor pid=14752)[0m /home/bax9142/federated-edge-learning/.venv/lib64/python3.13/site-packages/sklearn/metrics/_ranking.py:424: UndefinedMetricWarning: Only one class is present in y_true. ROC AUC score is not defined in that case.[32m [repeated 41x across cluster][0m
[36m(ClientAppActor pid=14752)[0m   warnings.warn([32m [repeated 41x across cluster][0m
[36m(ClientAppActor pid=13797)[0m /home/bax9142/federated-edge-learning/.venv/lib64/python3.13/site-packages/sklearn/metrics/_ranking.py:424: UndefinedMetricWarning: Only one class is present in y_true. ROC AUC score is not defined in that case.[32m [repeated 37x across cluster][0m
[36m(ClientAppActor pid=13797)[0m   warnings.warn([32m [repeated 37x across cluster][0m
[36m(ClientAppActor pid=14737)[0m /home/bax9142/federated-edge-learning/.venv/lib64/python3.13/site-packages/sklearn/metrics/_ranking.py:424: UndefinedMetricWarning: Only one class is present in y_true. ROC AUC score is not defined in that case.[32m [repeated 34x across cluster][0m
[36m(ClientAppActor pid=14737)[0m   warnings.warn([32m [repeated 34x across cluster][0m
[36m(ClientAppActor pid=14751)[0m /home/bax9142/federated-edge-learning/.venv/lib64/python3.13/site-packages/sklearn/metrics/_ranking.py:424: UndefinedMetricWarning: Only one class is present in y_true. ROC AUC score is not defined in that case.[32m [repeated 42x across cluster][0m
[36m(ClientAppActor pid=14751)[0m   warnings.warn([32m [repeated 42x across cluster][0m
[36m(ClientAppActor pid=14779)[0m /home/bax9142/federated-edge-learning/.venv/lib64/python3.13/site-packages/sklearn/metrics/_ranking.py:424: UndefinedMetricWarning: Only one class is present in y_true. ROC AUC score is not defined in that case.[32m [repeated 45x across cluster][0m
[36m(ClientAppActor pid=14779)[0m   warnings.warn([32m [repeated 45x across cluster][0m
[36m(ClientAppActor pid=14737)[0m /home/bax9142/federated-edge-learning/.venv/lib64/python3.13/site-packages/sklearn/metrics/_ranking.py:424: UndefinedMetricWarning: Only one class is present in y_true. ROC AUC score is not defined in that case.[32m [repeated 37x across cluster][0m
[36m(ClientAppActor pid=14737)[0m   warnings.warn([32m [repeated 37x across cluster][0m
[92mINFO [0m:      aggregate_evaluate: received 2048 results and 0 failures
[92mINFO [0m:      
[92mINFO [0m:      [ROUND 44]
[92mINFO [0m:      configure_fit: strategy sampled 1638 clients (out of 2048)
[92mINFO [0m:      aggregate_fit: received 1638 results and 0 failures
[92mINFO [0m:      configure_evaluate: strategy sampled 2048 clients (out of 2048)
[36m(ClientAppActor pid=14738)[0m /home/bax9142/federated-edge-learning/.venv/lib64/python3.13/site-packages/sklearn/metrics/_ranking.py:424: UndefinedMetricWarning: Only one class is present in y_true. ROC AUC score is not defined in that case.[32m [repeated 41x across cluster][0m
[36m(ClientAppActor pid=14738)[0m   warnings.warn([32m [repeated 41x across cluster][0m

[36m(ClientAppActor pid=13789)[0m [Client 874] Data split:[32m [repeated 247x across cluster][0m
[36m(ClientAppActor pid=13789)[0m    Train:      87 samples (client-local)[32m [repeated 247x across cluster][0m
[36m(ClientAppActor pid=13789)[0m    Validation: 12 samples (client-local)[32m [repeated 247x across cluster][0m
[36m(ClientAppActor pid=13789)[0m    Test:       50737 samples (global, shared)[32m [repeated 247x across cluster][0m
[36m(ClientAppActor pid=14779)[0m 
[36m(ClientAppActor pid=13768)[0m [Client 1703] Data split:[32m [repeated 257x across cluster][0m
[36m(ClientAppActor pid=13768)[0m    Train:      86 samples (client-local)[32m [repeated 257x across cluster][0m
[36m(ClientAppActor pid=13768)[0m    Validation: 12 samples (client-local)[32m [repeated 257x across cluster][0m
[36m(ClientAppActor pid=13768)[0m    Test:       50737 samples (global, shared)[32m [repeated 257x across cluster][0m
[36m(ClientAppActor pid=13765)[0m [Client 75] Data split:[32m [repeated 250x across cluster][0m
[36m(ClientAppActor pid=13765)[0m    Train:      87 samples (client-local)[32m [repeated 250x across cluster][0m
[36m(ClientAppActor pid=13765)[0m    Validation: 12 samples (client-local)[32m [repeated 250x across cluster][0m
[36m(ClientAppActor pid=13765)[0m    Test:       50737 samples (global, shared)[32m [repeated 250x across cluster][0m
[36m(ClientAppActor pid=13764)[0m [Client 109] Data split:[32m [repeated 259x across cluster][0m
[36m(ClientAppActor pid=13764)[0m    Train:      87 samples (client-local)[32m [repeated 259x across cluster][0m
[36m(ClientAppActor pid=13764)[0m    Validation: 12 samples (client-local)[32m [repeated 259x across cluster][0m
[36m(ClientAppActor pid=13764)[0m    Test:       50737 samples (global, shared)[32m [repeated 259x across cluster][0m
[36m(ClientAppActor pid=14756)[0m [Client 871] Data split:[32m [repeated 262x across cluster][0m
[36m(ClientAppActor pid=14756)[0m    Train:      87 samples (client-local)[32m [repeated 262x across cluster][0m
[36m(ClientAppActor pid=14756)[0m    Validation: 12 samples (client-local)[32m [repeated 262x across cluster][0m
[36m(ClientAppActor pid=14756)[0m    Test:       50737 samples (global, shared)[32m [repeated 262x across cluster][0m
[36m(ClientAppActor pid=12033)[0m [Client 1373] Data split:[32m [repeated 253x across cluster][0m
[36m(ClientAppActor pid=12033)[0m    Train:      87 samples (client-local)[32m [repeated 253x across cluster][0m
[36m(ClientAppActor pid=12033)[0m    Validation: 12 samples (client-local)[32m [repeated 253x across cluster][0m
[36m(ClientAppActor pid=12033)[0m    Test:       50737 samples (global, shared)[32m [repeated 253x across cluster][0m
[36m(ClientAppActor pid=13769)[0m [Client 1039] Data split:[32m [repeated 258x across cluster][0m
[36m(ClientAppActor pid=13769)[0m    Train:      87 samples (client-local)[32m [repeated 258x across cluster][0m
[36m(ClientAppActor pid=13769)[0m    Validation: 12 samples (client-local)[32m [repeated 258x across cluster][0m
[36m(ClientAppActor pid=13769)[0m    Test:       50737 samples (global, shared)[32m [repeated 258x across cluster][0m

🎯 Multi-Threshold Aggregation:
   ═══════════════════════════════════════════════
   Evaluated 10 thresholds:
     • Thr=0.30: Recall=0.944, Spec=0.355, F1=0.319
     • Thr=0.35: Recall=0.917, Spec=0.410, F1=0.330
     • Thr=0.40: Recall=0.887, Spec=0.464, F1=0.342
   ...

   BEST Threshold: 0.55
     • Recall:      0.754
     • Specificity: 0.626
     • F1-Score:    0.371
     • Score:       0.660
   ═══════════════════════════════════════════════

⚠️  No rounds meet spec≥0.7, using recall filter only
 2 Pareto-optimal rounds (not dominated in recall & spec)

🎯 SELECTED ROUND 43:
   Recall:     0.754
   Specificity: 0.626
   F1-Score:    0.371
   Stability:   1.000
   Alerts/1000: 427.4
   Composite:   0.663


✅ Round 43 is NEW BEST - Saving checkpoint...
   💾 Checkpoint saved: result/splits_iid_scaling/splits_iid_2048_clients.json/multi_thr/model_round_43.pt
⚠️  No rounds meet spec≥0.7, using recall filter only
 2 Pareto-optimal rounds (not dominated in recall & spec)

🎯 SELECTED ROUND 43:
   Recall:     0.754
   Specificity: 0.626
   F1-Score:    0.371
   Stability:   1.000
   Alerts/1000: 427.4
   Composite:   0.663

   💾 Best model saved: result/splits_iid_scaling/splits_iid_2048_clients.json/multi_thr/model_round_43.pt
   📊 Metrics saved: result/splits_iid_scaling/splits_iid_2048_clients.json/multi_thr/run_1.json
[36m(ClientAppActor pid=13763)[0m [Client 1349] Data split:[32m [repeated 222x across cluster][0m
[36m(ClientAppActor pid=13763)[0m    Train:      87 samples (client-local)[32m [repeated 222x across cluster][0m
[36m(ClientAppActor pid=13763)[0m    Validation: 12 samples (client-local)[32m [repeated 222x across cluster][0m
[36m(ClientAppActor pid=13763)[0m    Test:       50737 samples (global, shared)[32m [repeated 222x across cluster][0m
[36m(ClientAppActor pid=12033)[0m [Client 1323] Data split:[32m [repeated 249x across cluster][0m
[36m(ClientAppActor pid=12033)[0m    Train:      87 samples (client-local)[32m [repeated 249x across cluster][0m
[36m(ClientAppActor pid=12033)[0m    Validation: 12 samples (client-local)[32m [repeated 249x across cluster][0m
[36m(ClientAppActor pid=12033)[0m    Test:       50737 samples (global, shared)[32m [repeated 249x across cluster][0m
[36m(ClientAppActor pid=14752)[0m [Client 298] Data split:[32m [repeated 253x across cluster][0m
[36m(ClientAppActor pid=14752)[0m    Train:      87 samples (client-local)[32m [repeated 253x across cluster][0m
[36m(ClientAppActor pid=14752)[0m    Validation: 12 samples (client-local)[32m [repeated 253x across cluster][0m
[36m(ClientAppActor pid=14752)[0m    Test:       50737 samples (global, shared)[32m [repeated 253x across cluster][0m
[36m(ClientAppActor pid=14765)[0m [Client 1461] Data split:[32m [repeated 254x across cluster][0m
[36m(ClientAppActor pid=14765)[0m    Train:      86 samples (client-local)[32m [repeated 254x across cluster][0m
[36m(ClientAppActor pid=14765)[0m    Validation: 12 samples (client-local)[32m [repeated 254x across cluster][0m
[36m(ClientAppActor pid=14765)[0m    Test:       50737 samples (global, shared)[32m [repeated 254x across cluster][0m
[36m(ClientAppActor pid=14774)[0m [Client 400] Data split:[32m [repeated 258x across cluster][0m
[36m(ClientAppActor pid=14774)[0m    Train:      87 samples (client-local)[32m [repeated 258x across cluster][0m
[36m(ClientAppActor pid=14774)[0m    Validation: 12 samples (client-local)[32m [repeated 258x across cluster][0m
[36m(ClientAppActor pid=14774)[0m    Test:       50737 samples (global, shared)[32m [repeated 258x across cluster][0m
[36m(ClientAppActor pid=12033)[0m [Client 1854] Data split:[32m [repeated 260x across cluster][0m
[36m(ClientAppActor pid=12033)[0m    Train:      86 samples (client-local)[32m [repeated 260x across cluster][0m
[36m(ClientAppActor pid=12033)[0m    Validation: 12 samples (client-local)[32m [repeated 260x across cluster][0m
[36m(ClientAppActor pid=12033)[0m    Test:       50737 samples (global, shared)[32m [repeated 260x across cluster][0m
[36m(ClientAppActor pid=14756)[0m [Client 1840] Data split:[32m [repeated 256x across cluster][0m
[36m(ClientAppActor pid=14756)[0m    Train:      86 samples (client-local)[32m [repeated 256x across cluster][0m
[36m(ClientAppActor pid=14756)[0m    Validation: 12 samples (client-local)[32m [repeated 256x across cluster][0m
[36m(ClientAppActor pid=14756)[0m    Test:       50737 samples (global, shared)[32m [repeated 256x across cluster][0m
[36m(ClientAppActor pid=13764)[0m [Client 430] Data split:[32m [repeated 186x across cluster][0m
[36m(ClientAppActor pid=13764)[0m    Train:      87 samples (client-local)[32m [repeated 186x across cluster][0m[36m(ClientAppActor pid=14774)[0m /home/bax9142/federated-edge-learning/.venv/lib64/python3.13/site-packages/sklearn/metrics/_ranking.py:424: UndefinedMetricWarning: Only one class is present in y_true. ROC AUC score is not defined in that case.[32m [repeated 41x across cluster][0m
[36m(ClientAppActor pid=14774)[0m   warnings.warn([32m [repeated 41x across cluster][0m
[36m(ClientAppActor pid=14774)[0m /home/bax9142/federated-edge-learning/.venv/lib64/python3.13/site-packages/sklearn/metrics/_ranking.py:424: UndefinedMetricWarning: Only one class is present in y_true. ROC AUC score is not defined in that case.[32m [repeated 49x across cluster][0m
[36m(ClientAppActor pid=14774)[0m   warnings.warn([32m [repeated 49x across cluster][0m
[36m(ClientAppActor pid=13797)[0m /home/bax9142/federated-edge-learning/.venv/lib64/python3.13/site-packages/sklearn/metrics/_ranking.py:424: UndefinedMetricWarning: Only one class is present in y_true. ROC AUC score is not defined in that case.[32m [repeated 41x across cluster][0m
[36m(ClientAppActor pid=13797)[0m   warnings.warn([32m [repeated 41x across cluster][0m
[36m(ClientAppActor pid=13763)[0m /home/bax9142/federated-edge-learning/.venv/lib64/python3.13/site-packages/sklearn/metrics/_ranking.py:424: UndefinedMetricWarning: Only one class is present in y_true. ROC AUC score is not defined in that case.[32m [repeated 37x across cluster][0m
[36m(ClientAppActor pid=13763)[0m   warnings.warn([32m [repeated 37x across cluster][0m
[36m(ClientAppActor pid=13793)[0m /home/bax9142/federated-edge-learning/.venv/lib64/python3.13/site-packages/sklearn/metrics/_ranking.py:424: UndefinedMetricWarning: Only one class is present in y_true. ROC AUC score is not defined in that case.[32m [repeated 47x across cluster][0m
[36m(ClientAppActor pid=13793)[0m   warnings.warn([32m [repeated 47x across cluster][0m
[36m(ClientAppActor pid=14765)[0m /home/bax9142/federated-edge-learning/.venv/lib64/python3.13/site-packages/sklearn/metrics/_ranking.py:424: UndefinedMetricWarning: Only one class is present in y_true. ROC AUC score is not defined in that case.[32m [repeated 31x across cluster][0m
[36m(ClientAppActor pid=14765)[0m   warnings.warn([32m [repeated 31x across cluster][0m
[36m(ClientAppActor pid=14737)[0m /home/bax9142/federated-edge-learning/.venv/lib64/python3.13/site-packages/sklearn/metrics/_ranking.py:424: UndefinedMetricWarning: Only one class is present in y_true. ROC AUC score is not defined in that case.[32m [repeated 44x across cluster][0m
[36m(ClientAppActor pid=14737)[0m   warnings.warn([32m [repeated 44x across cluster][0m
[92mINFO [0m:      aggregate_evaluate: received 2048 results and 0 failures
[92mINFO [0m:      
[92mINFO [0m:      [ROUND 45]
[92mINFO [0m:      configure_fit: strategy sampled 1638 clients (out of 2048)

[36m(ClientAppActor pid=13764)[0m    Validation: 12 samples (client-local)[32m [repeated 186x across cluster][0m
[36m(ClientAppActor pid=13764)[0m    Test:       50737 samples (global, shared)[32m [repeated 186x across cluster][0m
[36m(ClientAppActor pid=13789)[0m [Client 274] Data split:[32m [repeated 255x across cluster][0m
[36m(ClientAppActor pid=13789)[0m    Train:      87 samples (client-local)[32m [repeated 255x across cluster][0m
[36m(ClientAppActor pid=13789)[0m    Validation: 12 samples (client-local)[32m [repeated 255x across cluster][0m
[36m(ClientAppActor pid=13789)[0m    Test:       50737 samples (global, shared)[32m [repeated 255x across cluster][0m
[36m(ClientAppActor pid=13769)[0m [Client 661] Data split:[32m [repeated 251x across cluster][0m
[36m(ClientAppActor pid=13769)[0m    Train:      87 samples (client-local)[32m [repeated 251x across cluster][0m
[36m(ClientAppActor pid=13769)[0m    Validation: 12 samples (client-local)[32m [repeated 251x across cluster][0m
[36m(ClientAppActor pid=13769)[0m    Test:       50737 samples (global, shared)[32m [repeated 251x across cluster][0m
[36m(ClientAppActor pid=13767)[0m [Client 82] Data split:[32m [repeated 264x across cluster][0m
[36m(ClientAppActor pid=13767)[0m    Train:      87 samples (client-local)[32m [repeated 264x across cluster][0m
[36m(ClientAppActor pid=13767)[0m    Validation: 12 samples (client-local)[32m [repeated 264x across cluster][0m
[36m(ClientAppActor pid=13767)[0m    Test:       50737 samples (global, shared)[32m [repeated 264x across cluster][0m
[36m(ClientAppActor pid=13767)[0m [Client 529] Data split:[32m [repeated 248x across cluster][0m
[36m(ClientAppActor pid=13767)[0m    Train:      87 samples (client-local)[32m [repeated 248x across cluster][0m
[36m(ClientAppActor pid=13767)[0m    Validation: 12 samples (client-local)[32m [repeated 248x across cluster][0m
[36m(ClientAppActor pid=13767)[0m    Test:       50737 samples (global, shared)[32m [repeated 248x across cluster][0m
[36m(ClientAppActor pid=13767)[0m [Client 352] Data split:[32m [repeated 256x across cluster][0m
[36m(ClientAppActor pid=13767)[0m    Train:      87 samples (client-local)[32m [repeated 256x across cluster][0m
[36m(ClientAppActor pid=13767)[0m    Validation: 12 samples (client-local)[32m [repeated 256x across cluster][0m
[36m(ClientAppActor pid=13767)[0m    Test:       50737 samples (global, shared)[32m [repeated 256x across cluster][0m
[36m(ClientAppActor pid=13767)[0m [Client 62] Data split:[32m [repeated 252x across cluster][0m
[36m(ClientAppActor pid=13767)[0m    Train:      87 samples (client-local)[32m [repeated 252x across cluster][0m
[36m(ClientAppActor pid=13767)[0m    Validation: 12 samples (client-local)[32m [repeated 252x across cluster][0m
[36m(ClientAppActor pid=13767)[0m    Test:       50737 samples (global, shared)[32m [repeated 252x across cluster][0m
[36m(ClientAppActor pid=13797)[0m [Client 1804] Data split:[32m [repeated 260x across cluster][0m
[36m(ClientAppActor pid=13797)[0m    Train:      86 samples (client-local)[32m [repeated 260x across cluster][0m
[36m(ClientAppActor pid=13797)[0m    Validation: 12 samples (client-local)[32m [repeated 260x across cluster][0m
[36m(ClientAppActor pid=13797)[0m    Test:       50737 samples (global, shared)[32m [repeated 260x across cluster][0m

🎯 Multi-Threshold Aggregation:
   ═══════════════════════════════════════════════
   Evaluated 10 thresholds:
     • Thr=0.30: Recall=0.944, Spec=0.357, F1=0.319
     • Thr=0.35: Recall=0.917, Spec=0.411, F1=0.330
     • Thr=0.40: Recall=0.888, Spec=0.466, F1=0.342
   ...

   BEST Threshold: 0.55
     • Recall:      0.755
     • Specificity: 0.627
     • F1-Score:    0.372
     • Score:       0.661
   ═══════════════════════════════════════════════

⚠️  No rounds meet spec≥0.7, using recall filter only
 2 Pareto-optimal rounds (not dominated in recall & spec)

🎯 SELECTED ROUND 44:
   Recall:     0.755
   Specificity: 0.627
   F1-Score:    0.372
   Stability:   1.000
   Alerts/1000: 426.6
   Composite:   0.664


✅ Round 44 is NEW BEST - Saving checkpoint...
   💾 Checkpoint saved: result/splits_iid_scaling/splits_iid_2048_clients.json/multi_thr/model_round_44.pt
⚠️  No rounds meet spec≥0.7, using recall filter only
 2 Pareto-optimal rounds (not dominated in recall & spec)

🎯 SELECTED ROUND 44:
   Recall:     0.755
   Specificity: 0.627
   F1-Score:    0.372
   Stability:   1.000
   Alerts/1000: 426.6
   Composite:   0.664

   💾 Best model saved: result/splits_iid_scaling/splits_iid_2048_clients.json/multi_thr/model_round_44.pt
   📊 Metrics saved: result/splits_iid_scaling/splits_iid_2048_clients.json/multi_thr/run_1.json
[36m(ClientAppActor pid=12033)[0m [Client 1900] Data split:[32m [repeated 235x across cluster][0m
[36m(ClientAppActor pid=12033)[0m    Train:      86 samples (client-local)[32m [repeated 235x across cluster][0m
[36m(ClientAppActor pid=12033)[0m    Validation: 12 samples (client-local)[32m [repeated 235x across cluster][0m
[36m(ClientAppActor pid=12033)[0m    Test:       50737 samples (global, shared)[32m [repeated 235x across cluster][0m
[36m(ClientAppActor pid=13767)[0m [Client 1905] Data split:[32m [repeated 255x across cluster][0m
[36m(ClientAppActor pid=13767)[0m    Train:      86 samples (client-local)[32m [repeated 255x across cluster][0m
[36m(ClientAppActor pid=13767)[0m    Validation: 12 samples (client-local)[32m [repeated 255x across cluster][0m
[36m(ClientAppActor pid=13767)[0m    Test:       50737 samples (global, shared)[32m [repeated 255x across cluster][0m
[36m(ClientAppActor pid=13767)[0m [Client 333] Data split:[32m [repeated 252x across cluster][0m
[36m(ClientAppActor pid=13767)[0m    Train:      87 samples (client-local)[32m [repeated 252x across cluster][0m
[36m(ClientAppActor pid=13767)[0m    Validation: 12 samples (client-local)[32m [repeated 252x across cluster][0m
[36m(ClientAppActor pid=13767)[0m    Test:       50737 samples (global, shared)[32m [repeated 252x across cluster][0m
[36m(ClientAppActor pid=12033)[0m [Client 1011] Data split:[32m [repeated 250x across cluster][0m
[36m(ClientAppActor pid=12033)[0m    Train:      87 samples (client-local)[32m [repeated 250x across cluster][0m
[36m(ClientAppActor pid=12033)[0m    Validation: 12 samples (client-local)[32m [repeated 250x across cluster][0m
[36m(ClientAppActor pid=12033)[0m    Test:       50737 samples (global, shared)[32m [repeated 250x across cluster][0m
[36m(ClientAppActor pid=13765)[0m [Client 1120] Data split:[32m [repeated 253x across cluster][0m
[36m(ClientAppActor pid=13765)[0m    Train:      87 samples (client-local)[32m [repeated 253x across cluster][0m
[36m(ClientAppActor pid=13765)[0m    Validation: 12 samples (client-local)[32m [repeated 253x across cluster][0m
[36m(ClientAppActor pid=13765)[0m    Test:       50737 samples (global, shared)[32m [repeated 253x across cluster][0m
[36m(ClientAppActor pid=13769)[0m [Client 403] Data split:[32m [repeated 248x across cluster][0m
[36m(ClientAppActor pid=13769)[0m    Train:      87 samples (client-local)[32m [repeated 248x across cluster][0m
[36m(ClientAppActor pid=13769)[0m    Validation: 12 samples (client-local)[32m [repeated 248x across cluster][0m
[36m(ClientAppActor pid=13769)[0m    Test:       50737 samples (global, shared)[32m [repeated 248x across cluster][0m
[36m(ClientAppActor pid=13767)[0m [Client 1117] Data split:[32m [repeated 251x across cluster][0m
[36m(ClientAppActor pid=13767)[0m    Train:      87 samples (client-local)[32m [repeated 251x across cluster][0m
[36m(ClientAppActor pid=13767)[0m    Validation: 12 samples (client-local)[32m [repeated 251x across cluster][0m
[36m(ClientAppActor pid=13767)[0m    Test:       50737 samples (global, shared)[32m [repeated 251x across cluster][0m[92mINFO [0m:      aggregate_fit: received 1638 results and 0 failures
[92mINFO [0m:      configure_evaluate: strategy sampled 2048 clients (out of 2048)
[36m(ClientAppActor pid=14751)[0m /home/bax9142/federated-edge-learning/.venv/lib64/python3.13/site-packages/sklearn/metrics/_ranking.py:424: UndefinedMetricWarning: Only one class is present in y_true. ROC AUC score is not defined in that case.[32m [repeated 32x across cluster][0m
[36m(ClientAppActor pid=14751)[0m   warnings.warn([32m [repeated 32x across cluster][0m
[36m(ClientAppActor pid=14738)[0m /home/bax9142/federated-edge-learning/.venv/lib64/python3.13/site-packages/sklearn/metrics/_ranking.py:424: UndefinedMetricWarning: Only one class is present in y_true. ROC AUC score is not defined in that case.[32m [repeated 43x across cluster][0m
[36m(ClientAppActor pid=14738)[0m   warnings.warn([32m [repeated 43x across cluster][0m
[36m(ClientAppActor pid=14756)[0m /home/bax9142/federated-edge-learning/.venv/lib64/python3.13/site-packages/sklearn/metrics/_ranking.py:424: UndefinedMetricWarning: Only one class is present in y_true. ROC AUC score is not defined in that case.[32m [repeated 39x across cluster][0m
[36m(ClientAppActor pid=14756)[0m   warnings.warn([32m [repeated 39x across cluster][0m
[36m(ClientAppActor pid=14779)[0m /home/bax9142/federated-edge-learning/.venv/lib64/python3.13/site-packages/sklearn/metrics/_ranking.py:424: UndefinedMetricWarning: Only one class is present in y_true. ROC AUC score is not defined in that case.[32m [repeated 36x across cluster][0m
[36m(ClientAppActor pid=14779)[0m   warnings.warn([32m [repeated 36x across cluster][0m
[36m(ClientAppActor pid=13776)[0m /home/bax9142/federated-edge-learning/.venv/lib64/python3.13/site-packages/sklearn/metrics/_ranking.py:424: UndefinedMetricWarning: Only one class is present in y_true. ROC AUC score is not defined in that case.[32m [repeated 32x across cluster][0m
[36m(ClientAppActor pid=13776)[0m   warnings.warn([32m [repeated 32x across cluster][0m
[36m(ClientAppActor pid=13776)[0m /home/bax9142/federated-edge-learning/.venv/lib64/python3.13/site-packages/sklearn/metrics/_ranking.py:424: UndefinedMetricWarning: Only one class is present in y_true. ROC AUC score is not defined in that case.[32m [repeated 36x across cluster][0m
[36m(ClientAppActor pid=13776)[0m   warnings.warn([32m [repeated 36x across cluster][0m
[36m(ClientAppActor pid=14765)[0m /home/bax9142/federated-edge-learning/.venv/lib64/python3.13/site-packages/sklearn/metrics/_ranking.py:424: UndefinedMetricWarning: Only one class is present in y_true. ROC AUC score is not defined in that case.[32m [repeated 53x across cluster][0m
[36m(ClientAppActor pid=14765)[0m   warnings.warn([32m [repeated 53x across cluster][0m
[36m(ClientAppActor pid=14737)[0m /home/bax9142/federated-edge-learning/.venv/lib64/python3.13/site-packages/sklearn/metrics/_ranking.py:424: UndefinedMetricWarning: Only one class is present in y_true. ROC AUC score is not defined in that case.[32m [repeated 41x across cluster][0m
[36m(ClientAppActor pid=14737)[0m   warnings.warn([32m [repeated 41x across cluster][0m
[92mINFO [0m:      aggregate_evaluate: received 2048 results and 0 failures
[92mINFO [0m:      
[92mINFO [0m:      [ROUND 46]
[92mINFO [0m:      configure_fit: strategy sampled 1638 clients (out of 2048)
[92mINFO [0m:      aggregate_fit: received 1638 results and 0 failures
[92mINFO [0m:      configure_evaluate: strategy sampled 2048 clients (out of 2048)

[36m(ClientAppActor pid=13771)[0m [Client 1814] Data split:[32m [repeated 191x across cluster][0m
[36m(ClientAppActor pid=13771)[0m    Train:      86 samples (client-local)[32m [repeated 191x across cluster][0m
[36m(ClientAppActor pid=13771)[0m    Validation: 12 samples (client-local)[32m [repeated 191x across cluster][0m
[36m(ClientAppActor pid=13771)[0m    Test:       50737 samples (global, shared)[32m [repeated 191x across cluster][0m
[36m(ClientAppActor pid=13796)[0m 
[36m(ClientAppActor pid=13764)[0m [Client 1410] Data split:[32m [repeated 253x across cluster][0m
[36m(ClientAppActor pid=13764)[0m    Train:      87 samples (client-local)[32m [repeated 253x across cluster][0m
[36m(ClientAppActor pid=13764)[0m    Validation: 12 samples (client-local)[32m [repeated 253x across cluster][0m
[36m(ClientAppActor pid=13764)[0m    Test:       50737 samples (global, shared)[32m [repeated 253x across cluster][0m
[36m(ClientAppActor pid=12033)[0m [Client 1859] Data split:[32m [repeated 256x across cluster][0m
[36m(ClientAppActor pid=12033)[0m    Train:      86 samples (client-local)[32m [repeated 256x across cluster][0m
[36m(ClientAppActor pid=12033)[0m    Validation: 12 samples (client-local)[32m [repeated 256x across cluster][0m
[36m(ClientAppActor pid=12033)[0m    Test:       50737 samples (global, shared)[32m [repeated 256x across cluster][0m
[36m(ClientAppActor pid=14738)[0m [Client 1874] Data split:[32m [repeated 248x across cluster][0m
[36m(ClientAppActor pid=14738)[0m    Train:      86 samples (client-local)[32m [repeated 248x across cluster][0m
[36m(ClientAppActor pid=14738)[0m    Validation: 12 samples (client-local)[32m [repeated 248x across cluster][0m
[36m(ClientAppActor pid=14738)[0m    Test:       50737 samples (global, shared)[32m [repeated 248x across cluster][0m
[36m(ClientAppActor pid=13769)[0m [Client 1399] Data split:[32m [repeated 253x across cluster][0m
[36m(ClientAppActor pid=13769)[0m    Train:      87 samples (client-local)[32m [repeated 253x across cluster][0m
[36m(ClientAppActor pid=13769)[0m    Validation: 12 samples (client-local)[32m [repeated 253x across cluster][0m
[36m(ClientAppActor pid=13769)[0m    Test:       50737 samples (global, shared)[32m [repeated 253x across cluster][0m
[36m(ClientAppActor pid=13765)[0m [Client 562] Data split:[32m [repeated 246x across cluster][0m
[36m(ClientAppActor pid=13765)[0m    Train:      87 samples (client-local)[32m [repeated 246x across cluster][0m
[36m(ClientAppActor pid=13765)[0m    Validation: 12 samples (client-local)[32m [repeated 246x across cluster][0m
[36m(ClientAppActor pid=13765)[0m    Test:       50737 samples (global, shared)[32m [repeated 246x across cluster][0m
[36m(ClientAppActor pid=13776)[0m [Client 59] Data split:[32m [repeated 264x across cluster][0m
[36m(ClientAppActor pid=13776)[0m    Train:      87 samples (client-local)[32m [repeated 264x across cluster][0m
[36m(ClientAppActor pid=13776)[0m    Validation: 12 samples (client-local)[32m [repeated 264x across cluster][0m
[36m(ClientAppActor pid=13776)[0m    Test:       50737 samples (global, shared)[32m [repeated 264x across cluster][0m
[36m(ClientAppActor pid=12033)[0m [Client 1589] Data split:[32m [repeated 259x across cluster][0m
[36m(ClientAppActor pid=12033)[0m    Train:      86 samples (client-local)[32m [repeated 259x across cluster][0m
[36m(ClientAppActor pid=12033)[0m    Validation: 12 samples (client-local)[32m [repeated 259x across cluster][0m
[36m(ClientAppActor pid=12033)[0m    Test:       50737 samples (global, shared)[32m [repeated 259x across cluster][0m

🎯 Multi-Threshold Aggregation:
   ═══════════════════════════════════════════════
   Evaluated 10 thresholds:
     • Thr=0.30: Recall=0.943, Spec=0.359, F1=0.320
     • Thr=0.35: Recall=0.918, Spec=0.413, F1=0.331
     • Thr=0.40: Recall=0.887, Spec=0.467, F1=0.343
   ...

   BEST Threshold: 0.55
     • Recall:      0.757
     • Specificity: 0.627
     • F1-Score:    0.373
     • Score:       0.662
   ═══════════════════════════════════════════════

⚠️  No rounds meet spec≥0.7, using recall filter only
 2 Pareto-optimal rounds (not dominated in recall & spec)

🎯 SELECTED ROUND 45:
   Recall:     0.757
   Specificity: 0.627
   F1-Score:    0.373
   Stability:   1.000
   Alerts/1000: 426.1
   Composite:   0.666


✅ Round 45 is NEW BEST - Saving checkpoint...
   💾 Checkpoint saved: result/splits_iid_scaling/splits_iid_2048_clients.json/multi_thr/model_round_45.pt
⚠️  No rounds meet spec≥0.7, using recall filter only
 2 Pareto-optimal rounds (not dominated in recall & spec)

🎯 SELECTED ROUND 45:
   Recall:     0.757
   Specificity: 0.627
   F1-Score:    0.373
   Stability:   1.000
   Alerts/1000: 426.1
   Composite:   0.666

   💾 Best model saved: result/splits_iid_scaling/splits_iid_2048_clients.json/multi_thr/model_round_45.pt
   📊 Metrics saved: result/splits_iid_scaling/splits_iid_2048_clients.json/multi_thr/run_1.json
[36m(ClientAppActor pid=13771)[0m [Client 214] Data split:[32m [repeated 240x across cluster][0m
[36m(ClientAppActor pid=13771)[0m    Train:      87 samples (client-local)[32m [repeated 240x across cluster][0m
[36m(ClientAppActor pid=13771)[0m    Validation: 12 samples (client-local)[32m [repeated 240x across cluster][0m
[36m(ClientAppActor pid=13771)[0m    Test:       50737 samples (global, shared)[32m [repeated 240x across cluster][0m
[36m(ClientAppActor pid=13793)[0m [Client 1180] Data split:[32m [repeated 256x across cluster][0m
[36m(ClientAppActor pid=13793)[0m    Train:      87 samples (client-local)[32m [repeated 256x across cluster][0m
[36m(ClientAppActor pid=13793)[0m    Validation: 12 samples (client-local)[32m [repeated 256x across cluster][0m
[36m(ClientAppActor pid=13793)[0m    Test:       50737 samples (global, shared)[32m [repeated 256x across cluster][0m
[36m(ClientAppActor pid=12033)[0m [Client 882] Data split:[32m [repeated 250x across cluster][0m
[36m(ClientAppActor pid=12033)[0m    Train:      87 samples (client-local)[32m [repeated 250x across cluster][0m
[36m(ClientAppActor pid=12033)[0m    Validation: 12 samples (client-local)[32m [repeated 250x across cluster][0m
[36m(ClientAppActor pid=12033)[0m    Test:       50737 samples (global, shared)[32m [repeated 250x across cluster][0m
[36m(ClientAppActor pid=13765)[0m [Client 805] Data split:[32m [repeated 254x across cluster][0m
[36m(ClientAppActor pid=13765)[0m    Train:      87 samples (client-local)[32m [repeated 254x across cluster][0m
[36m(ClientAppActor pid=13765)[0m    Validation: 12 samples (client-local)[32m [repeated 254x across cluster][0m
[36m(ClientAppActor pid=13765)[0m    Test:       50737 samples (global, shared)[32m [repeated 254x across cluster][0m
[36m(ClientAppActor pid=13766)[0m [Client 1858] Data split:[32m [repeated 252x across cluster][0m
[36m(ClientAppActor pid=13766)[0m    Train:      86 samples (client-local)[32m [repeated 252x across cluster][0m
[36m(ClientAppActor pid=13766)[0m    Validation: 12 samples (client-local)[32m [repeated 252x across cluster][0m
[36m(ClientAppActor pid=13766)[0m    Test:       50737 samples (global, shared)[32m [repeated 252x across cluster][0m
[36m(ClientAppActor pid=13793)[0m [Client 1787] Data split:[32m [repeated 261x across cluster][0m
[36m(ClientAppActor pid=13793)[0m    Train:      86 samples (client-local)[32m [repeated 261x across cluster][0m
[36m(ClientAppActor pid=13793)[0m    Validation: 12 samples (client-local)[32m [repeated 261x across cluster][0m
[36m(ClientAppActor pid=13793)[0m    Test:       50737 samples (global, shared)[32m [repeated 261x across cluster][0m
[36m(ClientAppActor pid=13765)[0m [Client 415] Data split:[32m [repeated 247x across cluster][0m
[36m(ClientAppActor pid=13765)[0m    Train:      87 samples (client-local)[32m [repeated 247x across cluster][0m[36m(ClientAppActor pid=13765)[0m /home/bax9142/federated-edge-learning/.venv/lib64/python3.13/site-packages/sklearn/metrics/_ranking.py:424: UndefinedMetricWarning: Only one class is present in y_true. ROC AUC score is not defined in that case.[32m [repeated 42x across cluster][0m
[36m(ClientAppActor pid=13765)[0m   warnings.warn([32m [repeated 42x across cluster][0m
[36m(ClientAppActor pid=14798)[0m /home/bax9142/federated-edge-learning/.venv/lib64/python3.13/site-packages/sklearn/metrics/_ranking.py:424: UndefinedMetricWarning: Only one class is present in y_true. ROC AUC score is not defined in that case.[32m [repeated 38x across cluster][0m
[36m(ClientAppActor pid=14798)[0m   warnings.warn([32m [repeated 38x across cluster][0m
[36m(ClientAppActor pid=14779)[0m /home/bax9142/federated-edge-learning/.venv/lib64/python3.13/site-packages/sklearn/metrics/_ranking.py:424: UndefinedMetricWarning: Only one class is present in y_true. ROC AUC score is not defined in that case.[32m [repeated 44x across cluster][0m
[36m(ClientAppActor pid=14779)[0m   warnings.warn([32m [repeated 44x across cluster][0m
[36m(ClientAppActor pid=13763)[0m /home/bax9142/federated-edge-learning/.venv/lib64/python3.13/site-packages/sklearn/metrics/_ranking.py:424: UndefinedMetricWarning: Only one class is present in y_true. ROC AUC score is not defined in that case.[32m [repeated 48x across cluster][0m
[36m(ClientAppActor pid=13763)[0m   warnings.warn([32m [repeated 48x across cluster][0m
[36m(ClientAppActor pid=12033)[0m /home/bax9142/federated-edge-learning/.venv/lib64/python3.13/site-packages/sklearn/metrics/_ranking.py:424: UndefinedMetricWarning: Only one class is present in y_true. ROC AUC score is not defined in that case.[32m [repeated 44x across cluster][0m
[36m(ClientAppActor pid=12033)[0m   warnings.warn([32m [repeated 44x across cluster][0m
[36m(ClientAppActor pid=13795)[0m /home/bax9142/federated-edge-learning/.venv/lib64/python3.13/site-packages/sklearn/metrics/_ranking.py:424: UndefinedMetricWarning: Only one class is present in y_true. ROC AUC score is not defined in that case.[32m [repeated 41x across cluster][0m
[36m(ClientAppActor pid=13795)[0m   warnings.warn([32m [repeated 41x across cluster][0m
[36m(ClientAppActor pid=13795)[0m /home/bax9142/federated-edge-learning/.venv/lib64/python3.13/site-packages/sklearn/metrics/_ranking.py:424: UndefinedMetricWarning: Only one class is present in y_true. ROC AUC score is not defined in that case.[32m [repeated 36x across cluster][0m
[36m(ClientAppActor pid=13795)[0m   warnings.warn([32m [repeated 36x across cluster][0m
[36m(ClientAppActor pid=14794)[0m /home/bax9142/federated-edge-learning/.venv/lib64/python3.13/site-packages/sklearn/metrics/_ranking.py:424: UndefinedMetricWarning: Only one class is present in y_true. ROC AUC score is not defined in that case.[32m [repeated 34x across cluster][0m
[36m(ClientAppActor pid=14794)[0m   warnings.warn([32m [repeated 34x across cluster][0m
[92mINFO [0m:      aggregate_evaluate: received 2048 results and 0 failures
[92mINFO [0m:      
[92mINFO [0m:      [ROUND 47]
[92mINFO [0m:      configure_fit: strategy sampled 1638 clients (out of 2048)

[36m(ClientAppActor pid=13765)[0m    Validation: 12 samples (client-local)[32m [repeated 247x across cluster][0m
[36m(ClientAppActor pid=13765)[0m    Test:       50737 samples (global, shared)[32m [repeated 247x across cluster][0m
[36m(ClientAppActor pid=13767)[0m [Client 240] Data split:[32m [repeated 252x across cluster][0m
[36m(ClientAppActor pid=13767)[0m    Train:      87 samples (client-local)[32m [repeated 252x across cluster][0m
[36m(ClientAppActor pid=13767)[0m    Validation: 12 samples (client-local)[32m [repeated 252x across cluster][0m
[36m(ClientAppActor pid=13767)[0m    Test:       50737 samples (global, shared)[32m [repeated 252x across cluster][0m
[36m(ClientAppActor pid=13767)[0m [Client 1652] Data split:[32m [repeated 264x across cluster][0m
[36m(ClientAppActor pid=13767)[0m    Train:      86 samples (client-local)[32m [repeated 264x across cluster][0m
[36m(ClientAppActor pid=13767)[0m    Validation: 12 samples (client-local)[32m [repeated 264x across cluster][0m
[36m(ClientAppActor pid=13767)[0m    Test:       50737 samples (global, shared)[32m [repeated 264x across cluster][0m
[36m(ClientAppActor pid=12033)[0m [Client 742] Data split:[32m [repeated 260x across cluster][0m
[36m(ClientAppActor pid=12033)[0m    Train:      87 samples (client-local)[32m [repeated 260x across cluster][0m
[36m(ClientAppActor pid=12033)[0m    Validation: 12 samples (client-local)[32m [repeated 260x across cluster][0m
[36m(ClientAppActor pid=12033)[0m    Test:       50737 samples (global, shared)[32m [repeated 260x across cluster][0m
[36m(ClientAppActor pid=13768)[0m [Client 2023] Data split:[32m [repeated 260x across cluster][0m
[36m(ClientAppActor pid=13768)[0m    Train:      86 samples (client-local)[32m [repeated 260x across cluster][0m
[36m(ClientAppActor pid=13768)[0m    Validation: 12 samples (client-local)[32m [repeated 260x across cluster][0m
[36m(ClientAppActor pid=13768)[0m    Test:       50737 samples (global, shared)[32m [repeated 260x across cluster][0m
[36m(ClientAppActor pid=12033)[0m [Client 307] Data split:[32m [repeated 254x across cluster][0m
[36m(ClientAppActor pid=12033)[0m    Train:      87 samples (client-local)[32m [repeated 254x across cluster][0m
[36m(ClientAppActor pid=12033)[0m    Validation: 12 samples (client-local)[32m [repeated 254x across cluster][0m
[36m(ClientAppActor pid=12033)[0m    Test:       50737 samples (global, shared)[32m [repeated 254x across cluster][0m
[36m(ClientAppActor pid=12033)[0m [Client 1868] Data split:[32m [repeated 264x across cluster][0m
[36m(ClientAppActor pid=12033)[0m    Train:      86 samples (client-local)[32m [repeated 264x across cluster][0m
[36m(ClientAppActor pid=12033)[0m    Validation: 12 samples (client-local)[32m [repeated 264x across cluster][0m
[36m(ClientAppActor pid=12033)[0m    Test:       50737 samples (global, shared)[32m [repeated 264x across cluster][0m
[36m(ClientAppActor pid=13765)[0m [Client 468] Data split:[32m [repeated 247x across cluster][0m
[36m(ClientAppActor pid=13765)[0m    Train:      87 samples (client-local)[32m [repeated 247x across cluster][0m
[36m(ClientAppActor pid=13765)[0m    Validation: 12 samples (client-local)[32m [repeated 247x across cluster][0m
[36m(ClientAppActor pid=13765)[0m    Test:       50737 samples (global, shared)[32m [repeated 247x across cluster][0m

🎯 Multi-Threshold Aggregation:
   ═══════════════════════════════════════════════
   Evaluated 10 thresholds:
     • Thr=0.30: Recall=0.943, Spec=0.361, F1=0.320
     • Thr=0.35: Recall=0.918, Spec=0.414, F1=0.332
     • Thr=0.40: Recall=0.888, Spec=0.468, F1=0.343
   ...

   BEST Threshold: 0.55
     • Recall:      0.758
     • Specificity: 0.628
     • F1-Score:    0.374
     • Score:       0.663
   ═══════════════════════════════════════════════

⚠️  No rounds meet spec≥0.7, using recall filter only
 2 Pareto-optimal rounds (not dominated in recall & spec)

🎯 SELECTED ROUND 46:
   Recall:     0.758
   Specificity: 0.628
   F1-Score:    0.374
   Stability:   1.000
   Alerts/1000: 425.4
   Composite:   0.666


✅ Round 46 is NEW BEST - Saving checkpoint...
   💾 Checkpoint saved: result/splits_iid_scaling/splits_iid_2048_clients.json/multi_thr/model_round_46.pt
⚠️  No rounds meet spec≥0.7, using recall filter only
 2 Pareto-optimal rounds (not dominated in recall & spec)

🎯 SELECTED ROUND 46:
   Recall:     0.758
   Specificity: 0.628
   F1-Score:    0.374
   Stability:   1.000
   Alerts/1000: 425.4
   Composite:   0.666

   💾 Best model saved: result/splits_iid_scaling/splits_iid_2048_clients.json/multi_thr/model_round_46.pt
   📊 Metrics saved: result/splits_iid_scaling/splits_iid_2048_clients.json/multi_thr/run_1.json
[36m(ClientAppActor pid=13763)[0m [Client 229] Data split:[32m [repeated 247x across cluster][0m
[36m(ClientAppActor pid=13763)[0m    Train:      87 samples (client-local)[32m [repeated 247x across cluster][0m
[36m(ClientAppActor pid=13763)[0m    Validation: 12 samples (client-local)[32m [repeated 247x across cluster][0m
[36m(ClientAppActor pid=13763)[0m    Test:       50737 samples (global, shared)[32m [repeated 247x across cluster][0m
[36m(ClientAppActor pid=13767)[0m [Client 765] Data split:[32m [repeated 257x across cluster][0m
[36m(ClientAppActor pid=13767)[0m    Train:      87 samples (client-local)[32m [repeated 257x across cluster][0m
[36m(ClientAppActor pid=13767)[0m    Validation: 12 samples (client-local)[32m [repeated 257x across cluster][0m
[36m(ClientAppActor pid=13767)[0m    Test:       50737 samples (global, shared)[32m [repeated 257x across cluster][0m
[36m(ClientAppActor pid=13767)[0m [Client 82] Data split:[32m [repeated 249x across cluster][0m
[36m(ClientAppActor pid=13767)[0m    Train:      87 samples (client-local)[32m [repeated 249x across cluster][0m
[36m(ClientAppActor pid=13767)[0m    Validation: 12 samples (client-local)[32m [repeated 249x across cluster][0m
[36m(ClientAppActor pid=13767)[0m    Test:       50737 samples (global, shared)[32m [repeated 249x across cluster][0m
[36m(ClientAppActor pid=12033)[0m [Client 7] Data split:[32m [repeated 254x across cluster][0m
[36m(ClientAppActor pid=12033)[0m    Train:      87 samples (client-local)[32m [repeated 254x across cluster][0m
[36m(ClientAppActor pid=12033)[0m    Validation: 12 samples (client-local)[32m [repeated 254x across cluster][0m
[36m(ClientAppActor pid=12033)[0m    Test:       50737 samples (global, shared)[32m [repeated 254x across cluster][0m
[36m(ClientAppActor pid=13766)[0m [Client 1443] Data split:[32m [repeated 259x across cluster][0m
[36m(ClientAppActor pid=13766)[0m    Train:      87 samples (client-local)[32m [repeated 259x across cluster][0m
[36m(ClientAppActor pid=13766)[0m    Validation: 12 samples (client-local)[32m [repeated 259x across cluster][0m
[36m(ClientAppActor pid=13766)[0m    Test:       50737 samples (global, shared)[32m [repeated 259x across cluster][0m
[36m(ClientAppActor pid=13771)[0m [Client 652] Data split:[32m [repeated 253x across cluster][0m
[36m(ClientAppActor pid=13771)[0m    Train:      87 samples (client-local)[32m [repeated 253x across cluster][0m
[36m(ClientAppActor pid=13771)[0m    Validation: 12 samples (client-local)[32m [repeated 253x across cluster][0m
[36m(ClientAppActor pid=13771)[0m    Test:       50737 samples (global, shared)[32m [repeated 253x across cluster][0m
[36m(ClientAppActor pid=12033)[0m [Client 1375] Data split:[32m [repeated 252x across cluster][0m
[36m(ClientAppActor pid=12033)[0m    Train:      87 samples (client-local)[32m [repeated 252x across cluster][0m
[36m(ClientAppActor pid=12033)[0m    Validation: 12 samples (client-local)[32m [repeated 252x across cluster][0m
[36m(ClientAppActor pid=12033)[0m    Test:       50737 samples (global, shared)[32m [repeated 252x across cluster][0m[92mINFO [0m:      aggregate_fit: received 1638 results and 0 failures
[92mINFO [0m:      configure_evaluate: strategy sampled 2048 clients (out of 2048)
[36m(ClientAppActor pid=14756)[0m /home/bax9142/federated-edge-learning/.venv/lib64/python3.13/site-packages/sklearn/metrics/_ranking.py:424: UndefinedMetricWarning: Only one class is present in y_true. ROC AUC score is not defined in that case.[32m [repeated 37x across cluster][0m
[36m(ClientAppActor pid=14756)[0m   warnings.warn([32m [repeated 37x across cluster][0m
[36m(ClientAppActor pid=13764)[0m /home/bax9142/federated-edge-learning/.venv/lib64/python3.13/site-packages/sklearn/metrics/_ranking.py:424: UndefinedMetricWarning: Only one class is present in y_true. ROC AUC score is not defined in that case.[32m [repeated 46x across cluster][0m
[36m(ClientAppActor pid=13764)[0m   warnings.warn([32m [repeated 46x across cluster][0m
[36m(ClientAppActor pid=12033)[0m /home/bax9142/federated-edge-learning/.venv/lib64/python3.13/site-packages/sklearn/metrics/_ranking.py:424: UndefinedMetricWarning: Only one class is present in y_true. ROC AUC score is not defined in that case.[32m [repeated 36x across cluster][0m
[36m(ClientAppActor pid=12033)[0m   warnings.warn([32m [repeated 36x across cluster][0m
[36m(ClientAppActor pid=13795)[0m /home/bax9142/federated-edge-learning/.venv/lib64/python3.13/site-packages/sklearn/metrics/_ranking.py:424: UndefinedMetricWarning: Only one class is present in y_true. ROC AUC score is not defined in that case.[32m [repeated 39x across cluster][0m
[36m(ClientAppActor pid=13795)[0m   warnings.warn([32m [repeated 39x across cluster][0m
[36m(ClientAppActor pid=13793)[0m /home/bax9142/federated-edge-learning/.venv/lib64/python3.13/site-packages/sklearn/metrics/_ranking.py:424: UndefinedMetricWarning: Only one class is present in y_true. ROC AUC score is not defined in that case.[32m [repeated 39x across cluster][0m
[36m(ClientAppActor pid=13793)[0m   warnings.warn([32m [repeated 39x across cluster][0m
[36m(ClientAppActor pid=13767)[0m /home/bax9142/federated-edge-learning/.venv/lib64/python3.13/site-packages/sklearn/metrics/_ranking.py:424: UndefinedMetricWarning: Only one class is present in y_true. ROC AUC score is not defined in that case.[32m [repeated 48x across cluster][0m
[36m(ClientAppActor pid=13767)[0m   warnings.warn([32m [repeated 48x across cluster][0m
[36m(ClientAppActor pid=13793)[0m /home/bax9142/federated-edge-learning/.venv/lib64/python3.13/site-packages/sklearn/metrics/_ranking.py:424: UndefinedMetricWarning: Only one class is present in y_true. ROC AUC score is not defined in that case.[32m [repeated 40x across cluster][0m
[36m(ClientAppActor pid=13793)[0m   warnings.warn([32m [repeated 40x across cluster][0m
[36m(ClientAppActor pid=14751)[0m /home/bax9142/federated-edge-learning/.venv/lib64/python3.13/site-packages/sklearn/metrics/_ranking.py:424: UndefinedMetricWarning: Only one class is present in y_true. ROC AUC score is not defined in that case.[32m [repeated 37x across cluster][0m
[36m(ClientAppActor pid=14751)[0m   warnings.warn([32m [repeated 37x across cluster][0m
[92mINFO [0m:      aggregate_evaluate: received 2048 results and 0 failures
[92mINFO [0m:      
[92mINFO [0m:      [ROUND 48]
[92mINFO [0m:      configure_fit: strategy sampled 1638 clients (out of 2048)

[36m(ClientAppActor pid=13767)[0m [Client 1426] Data split:[32m [repeated 189x across cluster][0m
[36m(ClientAppActor pid=13767)[0m    Train:      87 samples (client-local)[32m [repeated 189x across cluster][0m
[36m(ClientAppActor pid=13767)[0m    Validation: 12 samples (client-local)[32m [repeated 189x across cluster][0m
[36m(ClientAppActor pid=13767)[0m    Test:       50737 samples (global, shared)[32m [repeated 189x across cluster][0m
[36m(ClientAppActor pid=13768)[0m [Client 2041] Data split:[32m [repeated 260x across cluster][0m
[36m(ClientAppActor pid=13768)[0m    Train:      86 samples (client-local)[32m [repeated 260x across cluster][0m
[36m(ClientAppActor pid=13768)[0m    Validation: 12 samples (client-local)[32m [repeated 260x across cluster][0m
[36m(ClientAppActor pid=13768)[0m    Test:       50737 samples (global, shared)[32m [repeated 260x across cluster][0m
[36m(ClientAppActor pid=13769)[0m [Client 31] Data split:[32m [repeated 254x across cluster][0m
[36m(ClientAppActor pid=13769)[0m    Train:      87 samples (client-local)[32m [repeated 254x across cluster][0m
[36m(ClientAppActor pid=13769)[0m    Validation: 12 samples (client-local)[32m [repeated 254x across cluster][0m
[36m(ClientAppActor pid=13769)[0m    Test:       50737 samples (global, shared)[32m [repeated 254x across cluster][0m
[36m(ClientAppActor pid=13776)[0m [Client 2018] Data split:[32m [repeated 256x across cluster][0m
[36m(ClientAppActor pid=13776)[0m    Train:      86 samples (client-local)[32m [repeated 256x across cluster][0m
[36m(ClientAppActor pid=13776)[0m    Validation: 12 samples (client-local)[32m [repeated 256x across cluster][0m
[36m(ClientAppActor pid=13776)[0m    Test:       50737 samples (global, shared)[32m [repeated 256x across cluster][0m
[36m(ClientAppActor pid=13764)[0m [Client 41] Data split:[32m [repeated 257x across cluster][0m
[36m(ClientAppActor pid=13764)[0m    Train:      87 samples (client-local)[32m [repeated 257x across cluster][0m
[36m(ClientAppActor pid=13764)[0m    Validation: 12 samples (client-local)[32m [repeated 257x across cluster][0m
[36m(ClientAppActor pid=13764)[0m    Test:       50737 samples (global, shared)[32m [repeated 257x across cluster][0m
[36m(ClientAppActor pid=14778)[0m [Client 218] Data split:[32m [repeated 255x across cluster][0m
[36m(ClientAppActor pid=14778)[0m    Train:      87 samples (client-local)[32m [repeated 255x across cluster][0m
[36m(ClientAppActor pid=14778)[0m    Validation: 12 samples (client-local)[32m [repeated 255x across cluster][0m
[36m(ClientAppActor pid=14778)[0m    Test:       50737 samples (global, shared)[32m [repeated 255x across cluster][0m
[36m(ClientAppActor pid=13765)[0m [Client 1471] Data split:[32m [repeated 254x across cluster][0m
[36m(ClientAppActor pid=13765)[0m    Train:      86 samples (client-local)[32m [repeated 254x across cluster][0m
[36m(ClientAppActor pid=13765)[0m    Validation: 12 samples (client-local)[32m [repeated 254x across cluster][0m
[36m(ClientAppActor pid=13765)[0m    Test:       50737 samples (global, shared)[32m [repeated 254x across cluster][0m
[36m(ClientAppActor pid=13769)[0m [Client 1908] Data split:[32m [repeated 257x across cluster][0m
[36m(ClientAppActor pid=13769)[0m    Train:      86 samples (client-local)[32m [repeated 257x across cluster][0m
[36m(ClientAppActor pid=13769)[0m    Validation: 12 samples (client-local)[32m [repeated 257x across cluster][0m
[36m(ClientAppActor pid=13769)[0m    Test:       50737 samples (global, shared)[32m [repeated 257x across cluster][0m

🎯 Multi-Threshold Aggregation:
   ═══════════════════════════════════════════════
   Evaluated 10 thresholds:
     • Thr=0.30: Recall=0.943, Spec=0.362, F1=0.321
     • Thr=0.35: Recall=0.919, Spec=0.415, F1=0.332
     • Thr=0.40: Recall=0.888, Spec=0.470, F1=0.344
   ...

   BEST Threshold: 0.55
     • Recall:      0.758
     • Specificity: 0.630
     • F1-Score:    0.375
     • Score:       0.663
   ═══════════════════════════════════════════════

⚠️  No rounds meet spec≥0.7, using recall filter only
 3 Pareto-optimal rounds (not dominated in recall & spec)

🎯 SELECTED ROUND 47:
   Recall:     0.758
   Specificity: 0.630
   F1-Score:    0.375
   Stability:   1.000
   Alerts/1000: 424.1
   Composite:   0.667


✅ Round 47 is NEW BEST - Saving checkpoint...
   💾 Checkpoint saved: result/splits_iid_scaling/splits_iid_2048_clients.json/multi_thr/model_round_47.pt
⚠️  No rounds meet spec≥0.7, using recall filter only
 3 Pareto-optimal rounds (not dominated in recall & spec)

🎯 SELECTED ROUND 47:
   Recall:     0.758
   Specificity: 0.630
   F1-Score:    0.375
   Stability:   1.000
   Alerts/1000: 424.1
   Composite:   0.667

   💾 Best model saved: result/splits_iid_scaling/splits_iid_2048_clients.json/multi_thr/model_round_47.pt
   📊 Metrics saved: result/splits_iid_scaling/splits_iid_2048_clients.json/multi_thr/run_1.json
[36m(ClientAppActor pid=14751)[0m [Client 25] Data split:[32m [repeated 220x across cluster][0m
[36m(ClientAppActor pid=14751)[0m    Train:      87 samples (client-local)[32m [repeated 220x across cluster][0m
[36m(ClientAppActor pid=14751)[0m    Validation: 12 samples (client-local)[32m [repeated 220x across cluster][0m
[36m(ClientAppActor pid=14751)[0m    Test:       50737 samples (global, shared)[32m [repeated 220x across cluster][0m
[36m(ClientAppActor pid=13763)[0m [Client 127] Data split:[32m [repeated 255x across cluster][0m
[36m(ClientAppActor pid=13763)[0m    Train:      87 samples (client-local)[32m [repeated 255x across cluster][0m
[36m(ClientAppActor pid=13763)[0m    Validation: 12 samples (client-local)[32m [repeated 255x across cluster][0m
[36m(ClientAppActor pid=13763)[0m    Test:       50737 samples (global, shared)[32m [repeated 255x across cluster][0m
[36m(ClientAppActor pid=12033)[0m [Client 877] Data split:[32m [repeated 249x across cluster][0m
[36m(ClientAppActor pid=12033)[0m    Train:      87 samples (client-local)[32m [repeated 249x across cluster][0m
[36m(ClientAppActor pid=12033)[0m    Validation: 12 samples (client-local)[32m [repeated 249x across cluster][0m
[36m(ClientAppActor pid=12033)[0m    Test:       50737 samples (global, shared)[32m [repeated 249x across cluster][0m
[36m(ClientAppActor pid=12033)[0m [Client 263] Data split:[32m [repeated 250x across cluster][0m
[36m(ClientAppActor pid=12033)[0m    Train:      87 samples (client-local)[32m [repeated 250x across cluster][0m
[36m(ClientAppActor pid=12033)[0m    Validation: 12 samples (client-local)[32m [repeated 250x across cluster][0m
[36m(ClientAppActor pid=12033)[0m    Test:       50737 samples (global, shared)[32m [repeated 250x across cluster][0m
[36m(ClientAppActor pid=12033)[0m [Client 996] Data split:[32m [repeated 261x across cluster][0m
[36m(ClientAppActor pid=12033)[0m    Train:      87 samples (client-local)[32m [repeated 261x across cluster][0m
[36m(ClientAppActor pid=12033)[0m    Validation: 12 samples (client-local)[32m [repeated 261x across cluster][0m
[36m(ClientAppActor pid=12033)[0m    Test:       50737 samples (global, shared)[32m [repeated 261x across cluster][0m
[36m(ClientAppActor pid=14752)[0m [Client 149] Data split:[32m [repeated 247x across cluster][0m
[36m(ClientAppActor pid=14752)[0m    Train:      87 samples (client-local)[32m [repeated 247x across cluster][0m
[36m(ClientAppActor pid=14752)[0m    Validation: 12 samples (client-local)[32m [repeated 247x across cluster][0m
[36m(ClientAppActor pid=14752)[0m    Test:       50737 samples (global, shared)[32m [repeated 247x across cluster][0m
[36m(ClientAppActor pid=13782)[0m [Client 660] Data split:[32m [repeated 243x across cluster][0m
[36m(ClientAppActor pid=13782)[0m    Train:      87 samples (client-local)[32m [repeated 243x across cluster][0m[92mINFO [0m:      aggregate_fit: received 1638 results and 0 failures
[92mINFO [0m:      configure_evaluate: strategy sampled 2048 clients (out of 2048)
[36m(ClientAppActor pid=14774)[0m /home/bax9142/federated-edge-learning/.venv/lib64/python3.13/site-packages/sklearn/metrics/_ranking.py:424: UndefinedMetricWarning: Only one class is present in y_true. ROC AUC score is not defined in that case.[32m [repeated 37x across cluster][0m
[36m(ClientAppActor pid=14774)[0m   warnings.warn([32m [repeated 37x across cluster][0m
[36m(ClientAppActor pid=13794)[0m /home/bax9142/federated-edge-learning/.venv/lib64/python3.13/site-packages/sklearn/metrics/_ranking.py:424: UndefinedMetricWarning: Only one class is present in y_true. ROC AUC score is not defined in that case.[32m [repeated 36x across cluster][0m
[36m(ClientAppActor pid=13794)[0m   warnings.warn([32m [repeated 36x across cluster][0m
[36m(ClientAppActor pid=13766)[0m /home/bax9142/federated-edge-learning/.venv/lib64/python3.13/site-packages/sklearn/metrics/_ranking.py:424: UndefinedMetricWarning: Only one class is present in y_true. ROC AUC score is not defined in that case.[32m [repeated 34x across cluster][0m
[36m(ClientAppActor pid=13766)[0m   warnings.warn([32m [repeated 34x across cluster][0m
[36m(ClientAppActor pid=14790)[0m /home/bax9142/federated-edge-learning/.venv/lib64/python3.13/site-packages/sklearn/metrics/_ranking.py:424: UndefinedMetricWarning: Only one class is present in y_true. ROC AUC score is not defined in that case.[32m [repeated 39x across cluster][0m
[36m(ClientAppActor pid=14790)[0m   warnings.warn([32m [repeated 39x across cluster][0m
[36m(ClientAppActor pid=13767)[0m /home/bax9142/federated-edge-learning/.venv/lib64/python3.13/site-packages/sklearn/metrics/_ranking.py:424: UndefinedMetricWarning: Only one class is present in y_true. ROC AUC score is not defined in that case.[32m [repeated 43x across cluster][0m
[36m(ClientAppActor pid=13767)[0m   warnings.warn([32m [repeated 43x across cluster][0m
[36m(ClientAppActor pid=13793)[0m /home/bax9142/federated-edge-learning/.venv/lib64/python3.13/site-packages/sklearn/metrics/_ranking.py:424: UndefinedMetricWarning: Only one class is present in y_true. ROC AUC score is not defined in that case.[32m [repeated 39x across cluster][0m
[36m(ClientAppActor pid=13793)[0m   warnings.warn([32m [repeated 39x across cluster][0m
[36m(ClientAppActor pid=13776)[0m /home/bax9142/federated-edge-learning/.venv/lib64/python3.13/site-packages/sklearn/metrics/_ranking.py:424: UndefinedMetricWarning: Only one class is present in y_true. ROC AUC score is not defined in that case.[32m [repeated 41x across cluster][0m
[36m(ClientAppActor pid=13776)[0m   warnings.warn([32m [repeated 41x across cluster][0m
[36m(ClientAppActor pid=14765)[0m /home/bax9142/federated-edge-learning/.venv/lib64/python3.13/site-packages/sklearn/metrics/_ranking.py:424: UndefinedMetricWarning: Only one class is present in y_true. ROC AUC score is not defined in that case.[32m [repeated 49x across cluster][0m
[36m(ClientAppActor pid=14765)[0m   warnings.warn([32m [repeated 49x across cluster][0m
[36m(ClientAppActor pid=14737)[0m /home/bax9142/federated-edge-learning/.venv/lib64/python3.13/site-packages/sklearn/metrics/_ranking.py:424: UndefinedMetricWarning: Only one class is present in y_true. ROC AUC score is not defined in that case.[32m [repeated 35x across cluster][0m
[36m(ClientAppActor pid=14737)[0m   warnings.warn([32m [repeated 35x across cluster][0m
[92mINFO [0m:      aggregate_evaluate: received 2048 results and 0 failures
[92mINFO [0m:      
[92mINFO [0m:      [ROUND 49]
[92mINFO [0m:      configure_fit: strategy sampled 1638 clients (out of 2048)

[36m(ClientAppActor pid=13782)[0m    Validation: 12 samples (client-local)[32m [repeated 243x across cluster][0m
[36m(ClientAppActor pid=13782)[0m    Test:       50737 samples (global, shared)[32m [repeated 243x across cluster][0m
[36m(ClientAppActor pid=13765)[0m [Client 1627] Data split:[32m [repeated 190x across cluster][0m
[36m(ClientAppActor pid=13765)[0m    Train:      86 samples (client-local)[32m [repeated 190x across cluster][0m
[36m(ClientAppActor pid=13765)[0m    Validation: 12 samples (client-local)[32m [repeated 190x across cluster][0m
[36m(ClientAppActor pid=13765)[0m    Test:       50737 samples (global, shared)[32m [repeated 190x across cluster][0m
[36m(ClientAppActor pid=13767)[0m [Client 1150] Data split:[32m [repeated 243x across cluster][0m
[36m(ClientAppActor pid=13767)[0m    Train:      87 samples (client-local)[32m [repeated 243x across cluster][0m
[36m(ClientAppActor pid=13767)[0m    Validation: 12 samples (client-local)[32m [repeated 243x across cluster][0m
[36m(ClientAppActor pid=13767)[0m    Test:       50737 samples (global, shared)[32m [repeated 243x across cluster][0m
[36m(ClientAppActor pid=13765)[0m [Client 1734] Data split:[32m [repeated 258x across cluster][0m
[36m(ClientAppActor pid=13765)[0m    Train:      86 samples (client-local)[32m [repeated 258x across cluster][0m
[36m(ClientAppActor pid=13765)[0m    Validation: 12 samples (client-local)[32m [repeated 258x across cluster][0m
[36m(ClientAppActor pid=13765)[0m    Test:       50737 samples (global, shared)[32m [repeated 258x across cluster][0m
[36m(ClientAppActor pid=12033)[0m [Client 1418] Data split:[32m [repeated 259x across cluster][0m
[36m(ClientAppActor pid=12033)[0m    Train:      87 samples (client-local)[32m [repeated 259x across cluster][0m
[36m(ClientAppActor pid=12033)[0m    Validation: 12 samples (client-local)[32m [repeated 259x across cluster][0m
[36m(ClientAppActor pid=12033)[0m    Test:       50737 samples (global, shared)[32m [repeated 259x across cluster][0m
[36m(ClientAppActor pid=13763)[0m [Client 469] Data split:[32m [repeated 250x across cluster][0m
[36m(ClientAppActor pid=13763)[0m    Train:      87 samples (client-local)[32m [repeated 250x across cluster][0m
[36m(ClientAppActor pid=13763)[0m    Validation: 12 samples (client-local)[32m [repeated 250x across cluster][0m
[36m(ClientAppActor pid=13763)[0m    Test:       50737 samples (global, shared)[32m [repeated 250x across cluster][0m
[36m(ClientAppActor pid=13789)[0m [Client 336] Data split:[32m [repeated 246x across cluster][0m
[36m(ClientAppActor pid=13789)[0m    Train:      87 samples (client-local)[32m [repeated 246x across cluster][0m
[36m(ClientAppActor pid=13789)[0m    Validation: 12 samples (client-local)[32m [repeated 246x across cluster][0m
[36m(ClientAppActor pid=13789)[0m    Test:       50737 samples (global, shared)[32m [repeated 246x across cluster][0m
[36m(ClientAppActor pid=13771)[0m [Client 1801] Data split:[32m [repeated 255x across cluster][0m
[36m(ClientAppActor pid=13771)[0m    Train:      86 samples (client-local)[32m [repeated 255x across cluster][0m
[36m(ClientAppActor pid=13771)[0m    Validation: 12 samples (client-local)[32m [repeated 255x across cluster][0m
[36m(ClientAppActor pid=13771)[0m    Test:       50737 samples (global, shared)[32m [repeated 255x across cluster][0m
[36m(ClientAppActor pid=13765)[0m [Client 475] Data split:[32m [repeated 254x across cluster][0m
[36m(ClientAppActor pid=13765)[0m    Train:      87 samples (client-local)[32m [repeated 254x across cluster][0m
[36m(ClientAppActor pid=13765)[0m    Validation: 12 samples (client-local)[32m [repeated 254x across cluster][0m
[36m(ClientAppActor pid=13765)[0m    Test:       50737 samples (global, shared)[32m [repeated 254x across cluster][0m

🎯 Multi-Threshold Aggregation:
   ═══════════════════════════════════════════════
   Evaluated 10 thresholds:
     • Thr=0.30: Recall=0.943, Spec=0.363, F1=0.321
     • Thr=0.35: Recall=0.918, Spec=0.417, F1=0.333
     • Thr=0.40: Recall=0.889, Spec=0.472, F1=0.345
   ...

   BEST Threshold: 0.55
     • Recall:      0.758
     • Specificity: 0.631
     • F1-Score:    0.376
     • Score:       0.664
   ═══════════════════════════════════════════════

⚠️  No rounds meet spec≥0.7, using recall filter only
 2 Pareto-optimal rounds (not dominated in recall & spec)

🎯 SELECTED ROUND 48:
   Recall:     0.758
   Specificity: 0.631
   F1-Score:    0.376
   Stability:   1.000
   Alerts/1000: 423.3
   Composite:   0.668


✅ Round 48 is NEW BEST - Saving checkpoint...
   💾 Checkpoint saved: result/splits_iid_scaling/splits_iid_2048_clients.json/multi_thr/model_round_48.pt
⚠️  No rounds meet spec≥0.7, using recall filter only
 2 Pareto-optimal rounds (not dominated in recall & spec)

🎯 SELECTED ROUND 48:
   Recall:     0.758
   Specificity: 0.631
   F1-Score:    0.376
   Stability:   1.000
   Alerts/1000: 423.3
   Composite:   0.668

   💾 Best model saved: result/splits_iid_scaling/splits_iid_2048_clients.json/multi_thr/model_round_48.pt
   📊 Metrics saved: result/splits_iid_scaling/splits_iid_2048_clients.json/multi_thr/run_1.json
[36m(ClientAppActor pid=13768)[0m [Client 209] Data split:[32m [repeated 224x across cluster][0m
[36m(ClientAppActor pid=13768)[0m    Train:      87 samples (client-local)[32m [repeated 224x across cluster][0m
[36m(ClientAppActor pid=13768)[0m    Validation: 12 samples (client-local)[32m [repeated 224x across cluster][0m
[36m(ClientAppActor pid=13768)[0m    Test:       50737 samples (global, shared)[32m [repeated 224x across cluster][0m
[36m(ClientAppActor pid=13763)[0m [Client 1586] Data split:[32m [repeated 245x across cluster][0m
[36m(ClientAppActor pid=13763)[0m    Train:      86 samples (client-local)[32m [repeated 245x across cluster][0m
[36m(ClientAppActor pid=13763)[0m    Validation: 12 samples (client-local)[32m [repeated 245x across cluster][0m
[36m(ClientAppActor pid=13763)[0m    Test:       50737 samples (global, shared)[32m [repeated 245x across cluster][0m
[36m(ClientAppActor pid=13768)[0m [Client 1341] Data split:[32m [repeated 255x across cluster][0m
[36m(ClientAppActor pid=13768)[0m    Train:      87 samples (client-local)[32m [repeated 255x across cluster][0m
[36m(ClientAppActor pid=13768)[0m    Validation: 12 samples (client-local)[32m [repeated 255x across cluster][0m
[36m(ClientAppActor pid=13768)[0m    Test:       50737 samples (global, shared)[32m [repeated 255x across cluster][0m
[36m(ClientAppActor pid=13793)[0m [Client 186] Data split:[32m [repeated 253x across cluster][0m
[36m(ClientAppActor pid=13793)[0m    Train:      87 samples (client-local)[32m [repeated 253x across cluster][0m
[36m(ClientAppActor pid=13793)[0m    Validation: 12 samples (client-local)[32m [repeated 253x across cluster][0m
[36m(ClientAppActor pid=13793)[0m    Test:       50737 samples (global, shared)[32m [repeated 253x across cluster][0m
[36m(ClientAppActor pid=13763)[0m [Client 455] Data split:[32m [repeated 251x across cluster][0m
[36m(ClientAppActor pid=13763)[0m    Train:      87 samples (client-local)[32m [repeated 251x across cluster][0m
[36m(ClientAppActor pid=13763)[0m    Validation: 12 samples (client-local)[32m [repeated 251x across cluster][0m
[36m(ClientAppActor pid=13763)[0m    Test:       50737 samples (global, shared)[32m [repeated 251x across cluster][0m
[36m(ClientAppActor pid=13793)[0m [Client 1255] Data split:[32m [repeated 265x across cluster][0m
[36m(ClientAppActor pid=13793)[0m    Train:      87 samples (client-local)[32m [repeated 265x across cluster][0m
[36m(ClientAppActor pid=13793)[0m    Validation: 12 samples (client-local)[32m [repeated 265x across cluster][0m
[36m(ClientAppActor pid=13793)[0m    Test:       50737 samples (global, shared)[32m [repeated 265x across cluster][0m[92mINFO [0m:      aggregate_fit: received 1638 results and 0 failures
[92mINFO [0m:      configure_evaluate: strategy sampled 2048 clients (out of 2048)
[36m(ClientAppActor pid=14790)[0m /home/bax9142/federated-edge-learning/.venv/lib64/python3.13/site-packages/sklearn/metrics/_ranking.py:424: UndefinedMetricWarning: Only one class is present in y_true. ROC AUC score is not defined in that case.[32m [repeated 6x across cluster][0m
[36m(ClientAppActor pid=14790)[0m   warnings.warn([32m [repeated 6x across cluster][0m
[36m(ClientAppActor pid=13763)[0m /home/bax9142/federated-edge-learning/.venv/lib64/python3.13/site-packages/sklearn/metrics/_ranking.py:424: UndefinedMetricWarning: Only one class is present in y_true. ROC AUC score is not defined in that case.[32m [repeated 42x across cluster][0m
[36m(ClientAppActor pid=13763)[0m   warnings.warn([32m [repeated 42x across cluster][0m
[36m(ClientAppActor pid=14774)[0m /home/bax9142/federated-edge-learning/.venv/lib64/python3.13/site-packages/sklearn/metrics/_ranking.py:424: UndefinedMetricWarning: Only one class is present in y_true. ROC AUC score is not defined in that case.[32m [repeated 30x across cluster][0m
[36m(ClientAppActor pid=14774)[0m   warnings.warn([32m [repeated 30x across cluster][0m
[36m(ClientAppActor pid=13766)[0m /home/bax9142/federated-edge-learning/.venv/lib64/python3.13/site-packages/sklearn/metrics/_ranking.py:424: UndefinedMetricWarning: Only one class is present in y_true. ROC AUC score is not defined in that case.[32m [repeated 46x across cluster][0m
[36m(ClientAppActor pid=13766)[0m   warnings.warn([32m [repeated 46x across cluster][0m
[36m(ClientAppActor pid=12033)[0m /home/bax9142/federated-edge-learning/.venv/lib64/python3.13/site-packages/sklearn/metrics/_ranking.py:424: UndefinedMetricWarning: Only one class is present in y_true. ROC AUC score is not defined in that case.[32m [repeated 37x across cluster][0m
[36m(ClientAppActor pid=12033)[0m   warnings.warn([32m [repeated 37x across cluster][0m
[36m(ClientAppActor pid=14794)[0m /home/bax9142/federated-edge-learning/.venv/lib64/python3.13/site-packages/sklearn/metrics/_ranking.py:424: UndefinedMetricWarning: Only one class is present in y_true. ROC AUC score is not defined in that case.[32m [repeated 41x across cluster][0m
[36m(ClientAppActor pid=14794)[0m   warnings.warn([32m [repeated 41x across cluster][0m
[36m(ClientAppActor pid=14738)[0m /home/bax9142/federated-edge-learning/.venv/lib64/python3.13/site-packages/sklearn/metrics/_ranking.py:424: UndefinedMetricWarning: Only one class is present in y_true. ROC AUC score is not defined in that case.[32m [repeated 46x across cluster][0m
[36m(ClientAppActor pid=14738)[0m   warnings.warn([32m [repeated 46x across cluster][0m
[36m(ClientAppActor pid=13796)[0m /home/bax9142/federated-edge-learning/.venv/lib64/python3.13/site-packages/sklearn/metrics/_ranking.py:424: UndefinedMetricWarning: Only one class is present in y_true. ROC AUC score is not defined in that case.[32m [repeated 44x across cluster][0m
[36m(ClientAppActor pid=13796)[0m   warnings.warn([32m [repeated 44x across cluster][0m
[92mINFO [0m:      aggregate_evaluate: received 2048 results and 0 failures
[92mINFO [0m:      
[92mINFO [0m:      [ROUND 50]
[92mINFO [0m:      configure_fit: strategy sampled 1638 clients (out of 2048)

[36m(ClientAppActor pid=13764)[0m [Client 503] Data split:[32m [repeated 243x across cluster][0m
[36m(ClientAppActor pid=13764)[0m    Train:      87 samples (client-local)[32m [repeated 243x across cluster][0m
[36m(ClientAppActor pid=13764)[0m    Validation: 12 samples (client-local)[32m [repeated 243x across cluster][0m
[36m(ClientAppActor pid=13764)[0m    Test:       50737 samples (global, shared)[32m [repeated 243x across cluster][0m
[36m(ClientAppActor pid=13767)[0m [Client 113] Data split:[32m [repeated 186x across cluster][0m
[36m(ClientAppActor pid=13767)[0m    Train:      87 samples (client-local)[32m [repeated 186x across cluster][0m
[36m(ClientAppActor pid=13767)[0m    Validation: 12 samples (client-local)[32m [repeated 186x across cluster][0m
[36m(ClientAppActor pid=13767)[0m    Test:       50737 samples (global, shared)[32m [repeated 186x across cluster][0m
[36m(ClientAppActor pid=13771)[0m [Client 1812] Data split:[32m [repeated 259x across cluster][0m
[36m(ClientAppActor pid=13771)[0m    Train:      86 samples (client-local)[32m [repeated 259x across cluster][0m
[36m(ClientAppActor pid=13771)[0m    Validation: 12 samples (client-local)[32m [repeated 259x across cluster][0m
[36m(ClientAppActor pid=13771)[0m    Test:       50737 samples (global, shared)[32m [repeated 259x across cluster][0m
[36m(ClientAppActor pid=14790)[0m [Client 132] Data split:[32m [repeated 248x across cluster][0m
[36m(ClientAppActor pid=14790)[0m    Train:      87 samples (client-local)[32m [repeated 248x across cluster][0m
[36m(ClientAppActor pid=14790)[0m    Validation: 12 samples (client-local)[32m [repeated 248x across cluster][0m
[36m(ClientAppActor pid=14790)[0m    Test:       50737 samples (global, shared)[32m [repeated 248x across cluster][0m
[36m(ClientAppActor pid=13764)[0m [Client 1458] Data split:[32m [repeated 264x across cluster][0m
[36m(ClientAppActor pid=13764)[0m    Train:      86 samples (client-local)[32m [repeated 264x across cluster][0m
[36m(ClientAppActor pid=13764)[0m    Validation: 12 samples (client-local)[32m [repeated 264x across cluster][0m
[36m(ClientAppActor pid=13764)[0m    Test:       50737 samples (global, shared)[32m [repeated 264x across cluster][0m
[36m(ClientAppActor pid=13764)[0m [Client 1710] Data split:[32m [repeated 251x across cluster][0m
[36m(ClientAppActor pid=13764)[0m    Train:      86 samples (client-local)[32m [repeated 251x across cluster][0m
[36m(ClientAppActor pid=13764)[0m    Validation: 12 samples (client-local)[32m [repeated 251x across cluster][0m
[36m(ClientAppActor pid=13764)[0m    Test:       50737 samples (global, shared)[32m [repeated 251x across cluster][0m
[36m(ClientAppActor pid=13769)[0m [Client 976] Data split:[32m [repeated 257x across cluster][0m
[36m(ClientAppActor pid=13769)[0m    Train:      87 samples (client-local)[32m [repeated 257x across cluster][0m
[36m(ClientAppActor pid=13769)[0m    Validation: 12 samples (client-local)[32m [repeated 257x across cluster][0m
[36m(ClientAppActor pid=13769)[0m    Test:       50737 samples (global, shared)[32m [repeated 257x across cluster][0m
[36m(ClientAppActor pid=12033)[0m [Client 1413] Data split:[32m [repeated 250x across cluster][0m
[36m(ClientAppActor pid=12033)[0m    Train:      87 samples (client-local)[32m [repeated 250x across cluster][0m
[36m(ClientAppActor pid=12033)[0m    Validation: 12 samples (client-local)[32m [repeated 250x across cluster][0m
[36m(ClientAppActor pid=12033)[0m    Test:       50737 samples (global, shared)[32m [repeated 250x across cluster][0m
[36m(ClientAppActor pid=12033)[0m [Client 148] Data split:[32m [repeated 255x across cluster][0m
[36m(ClientAppActor pid=12033)[0m    Train:      87 samples (client-local)[32m [repeated 255x across cluster][0m
[36m(ClientAppActor pid=12033)[0m    Validation: 12 samples (client-local)[32m [repeated 255x across cluster][0m
[36m(ClientAppActor pid=12033)[0m    Test:       50737 samples (global, shared)[32m [repeated 255x across cluster][0m

🎯 Multi-Threshold Aggregation:
   ═══════════════════════════════════════════════
   Evaluated 10 thresholds:
     • Thr=0.30: Recall=0.943, Spec=0.364, F1=0.321
     • Thr=0.35: Recall=0.919, Spec=0.418, F1=0.333
     • Thr=0.40: Recall=0.889, Spec=0.473, F1=0.346
   ...

   BEST Threshold: 0.55
     • Recall:      0.759
     • Specificity: 0.631
     • F1-Score:    0.376
     • Score:       0.665
   ═══════════════════════════════════════════════

⚠️  No rounds meet spec≥0.7, using recall filter only
 2 Pareto-optimal rounds (not dominated in recall & spec)

🎯 SELECTED ROUND 49:
   Recall:     0.759
   Specificity: 0.631
   F1-Score:    0.376
   Stability:   1.000
   Alerts/1000: 422.9
   Composite:   0.668


✅ Round 49 is NEW BEST - Saving checkpoint...
   💾 Checkpoint saved: result/splits_iid_scaling/splits_iid_2048_clients.json/multi_thr/model_round_49.pt
⚠️  No rounds meet spec≥0.7, using recall filter only
 2 Pareto-optimal rounds (not dominated in recall & spec)

🎯 SELECTED ROUND 49:
   Recall:     0.759
   Specificity: 0.631
   F1-Score:    0.376
   Stability:   1.000
   Alerts/1000: 422.9
   Composite:   0.668

   💾 Best model saved: result/splits_iid_scaling/splits_iid_2048_clients.json/multi_thr/model_round_49.pt
   📊 Metrics saved: result/splits_iid_scaling/splits_iid_2048_clients.json/multi_thr/run_1.json
[36m(ClientAppActor pid=13768)[0m [Client 1010] Data split:[32m [repeated 238x across cluster][0m
[36m(ClientAppActor pid=13768)[0m    Train:      87 samples (client-local)[32m [repeated 238x across cluster][0m
[36m(ClientAppActor pid=13768)[0m    Validation: 12 samples (client-local)[32m [repeated 238x across cluster][0m
[36m(ClientAppActor pid=13768)[0m    Test:       50737 samples (global, shared)[32m [repeated 238x across cluster][0m
[36m(ClientAppActor pid=12033)[0m [Client 720] Data split:[32m [repeated 250x across cluster][0m
[36m(ClientAppActor pid=12033)[0m    Train:      87 samples (client-local)[32m [repeated 250x across cluster][0m
[36m(ClientAppActor pid=12033)[0m    Validation: 12 samples (client-local)[32m [repeated 250x across cluster][0m
[36m(ClientAppActor pid=12033)[0m    Test:       50737 samples (global, shared)[32m [repeated 250x across cluster][0m
[36m(ClientAppActor pid=13765)[0m [Client 1615] Data split:[32m [repeated 260x across cluster][0m
[36m(ClientAppActor pid=13765)[0m    Train:      86 samples (client-local)[32m [repeated 260x across cluster][0m
[36m(ClientAppActor pid=13765)[0m    Validation: 12 samples (client-local)[32m [repeated 260x across cluster][0m
[36m(ClientAppActor pid=13765)[0m    Test:       50737 samples (global, shared)[32m [repeated 260x across cluster][0m
[36m(ClientAppActor pid=13771)[0m [Client 68] Data split:[32m [repeated 253x across cluster][0m
[36m(ClientAppActor pid=13771)[0m    Train:      87 samples (client-local)[32m [repeated 253x across cluster][0m
[36m(ClientAppActor pid=13771)[0m    Validation: 12 samples (client-local)[32m [repeated 253x across cluster][0m
[36m(ClientAppActor pid=13771)[0m    Test:       50737 samples (global, shared)[32m [repeated 253x across cluster][0m
[36m(ClientAppActor pid=12033)[0m [Client 1910] Data split:[32m [repeated 250x across cluster][0m
[36m(ClientAppActor pid=12033)[0m    Train:      86 samples (client-local)[32m [repeated 250x across cluster][0m
[36m(ClientAppActor pid=12033)[0m    Validation: 12 samples (client-local)[32m [repeated 250x across cluster][0m
[36m(ClientAppActor pid=12033)[0m    Test:       50737 samples (global, shared)[32m [repeated 250x across cluster][0m
[36m(ClientAppActor pid=13793)[0m [Client 922] Data split:[32m [repeated 241x across cluster][0m
[36m(ClientAppActor pid=13793)[0m    Train:      87 samples (client-local)[32m [repeated 241x across cluster][0m[92mINFO [0m:      aggregate_fit: received 1638 results and 0 failures
[92mINFO [0m:      configure_evaluate: strategy sampled 2048 clients (out of 2048)
[36m(ClientAppActor pid=14774)[0m /home/bax9142/federated-edge-learning/.venv/lib64/python3.13/site-packages/sklearn/metrics/_ranking.py:424: UndefinedMetricWarning: Only one class is present in y_true. ROC AUC score is not defined in that case.[32m [repeated 36x across cluster][0m
[36m(ClientAppActor pid=14774)[0m   warnings.warn([32m [repeated 36x across cluster][0m
[36m(ClientAppActor pid=13764)[0m /home/bax9142/federated-edge-learning/.venv/lib64/python3.13/site-packages/sklearn/metrics/_ranking.py:424: UndefinedMetricWarning: Only one class is present in y_true. ROC AUC score is not defined in that case.[32m [repeated 42x across cluster][0m
[36m(ClientAppActor pid=13764)[0m   warnings.warn([32m [repeated 42x across cluster][0m
[36m(ClientAppActor pid=13793)[0m /home/bax9142/federated-edge-learning/.venv/lib64/python3.13/site-packages/sklearn/metrics/_ranking.py:424: UndefinedMetricWarning: Only one class is present in y_true. ROC AUC score is not defined in that case.[32m [repeated 38x across cluster][0m
[36m(ClientAppActor pid=13793)[0m   warnings.warn([32m [repeated 38x across cluster][0m
[36m(ClientAppActor pid=13764)[0m /home/bax9142/federated-edge-learning/.venv/lib64/python3.13/site-packages/sklearn/metrics/_ranking.py:424: UndefinedMetricWarning: Only one class is present in y_true. ROC AUC score is not defined in that case.[32m [repeated 34x across cluster][0m
[36m(ClientAppActor pid=13764)[0m   warnings.warn([32m [repeated 34x across cluster][0m
[36m(ClientAppActor pid=13771)[0m /home/bax9142/federated-edge-learning/.venv/lib64/python3.13/site-packages/sklearn/metrics/_ranking.py:424: UndefinedMetricWarning: Only one class is present in y_true. ROC AUC score is not defined in that case.[32m [repeated 41x across cluster][0m
[36m(ClientAppActor pid=13771)[0m   warnings.warn([32m [repeated 41x across cluster][0m
[36m(ClientAppActor pid=13769)[0m /home/bax9142/federated-edge-learning/.venv/lib64/python3.13/site-packages/sklearn/metrics/_ranking.py:424: UndefinedMetricWarning: Only one class is present in y_true. ROC AUC score is not defined in that case.[32m [repeated 39x across cluster][0m
[36m(ClientAppActor pid=13769)[0m   warnings.warn([32m [repeated 39x across cluster][0m
[36m(ClientAppActor pid=13776)[0m /home/bax9142/federated-edge-learning/.venv/lib64/python3.13/site-packages/sklearn/metrics/_ranking.py:424: UndefinedMetricWarning: Only one class is present in y_true. ROC AUC score is not defined in that case.[32m [repeated 36x across cluster][0m
[36m(ClientAppActor pid=13776)[0m   warnings.warn([32m [repeated 36x across cluster][0m
[36m(ClientAppActor pid=13765)[0m /home/bax9142/federated-edge-learning/.venv/lib64/python3.13/site-packages/sklearn/metrics/_ranking.py:424: UndefinedMetricWarning: Only one class is present in y_true. ROC AUC score is not defined in that case.[32m [repeated 50x across cluster][0m
[36m(ClientAppActor pid=13765)[0m   warnings.warn([32m [repeated 50x across cluster][0m
[92mINFO [0m:      aggregate_evaluate: received 2048 results and 0 failures
[92mINFO [0m:      
[92mINFO [0m:      [SUMMARY]
[92mINFO [0m:      Run finished 50 round(s) in 3757.09s
[92mINFO [0m:      	History (loss, distributed):
[92mINFO [0m:      		round 1: 0.7197428549742969
[92mINFO [0m:      		round 2: 0.7061096006826398
[92mINFO [0m:      		round 3: 0.7011634192324632
[92mINFO [0m:      		round 4: 0.696597222467865
[92mINFO [0m:      		round 5: 0.6922672800191078
[92mINFO [0m:      		round 6: 0.6880950991455519
[92mINFO [0m:      		round 7: 0.6840009248851602
[92mINFO [0m:      		round 8: 0.6800344194670612
[92mINFO [0m:      		round 9: 0.6761610997081254
[92mINFO [0m:      		round 10: 0.6724534364683288
[92mINFO [0m:      		round 11: 0.668790593820861
[92mINFO [0m:      		round 12: 0.6653342896979038
[92mINFO [0m:      		round 13: 0.6619149419490526
[92mINFO [0m:      		round 14: 0.6587400249326241
[92mINFO [0m:      		round 15: 0.6556143370177685
[92mINFO [0m:      		round 16: 0.6526061679283289
[92mINFO [0m:      		round 17: 0.6497604770756827
[92mINFO [0m:      		round 18: 0.6469920786589299
[92mINFO [0m:      		round 19: 0.6444160723767984
[92mINFO [0m:      		round 20: 0.6418126191073357
[92mINFO [0m:      		round 21: 0.6393577166275247
[92mINFO [0m:      		round 22: 0.6370597855948342
[92mINFO [0m:      		round 23: 0.6346919066153728
[92mINFO [0m:      		round 24: 0.6325290392566201
[92mINFO [0m:      		round 25: 0.6305884911679612
[92mINFO [0m:      		round 26: 0.6285976082819639
[92mINFO [0m:      		round 27: 0.6266992999242518
[92mINFO [0m:      		round 28: 0.6248630133713882
[92mINFO [0m:      		round 29: 0.6231319223131452
[92mINFO [0m:      		round 30: 0.6214496303021965
[92mINFO [0m:      		round 31: 0.6197500820769493
[92mINFO [0m:      		round 32: 0.6182294430012057
[92mINFO [0m:      		round 33: 0.6166848937928846
[92mINFO [0m:      		round 34: 0.6152476357505811
[92mINFO [0m:      		round 35: 0.6138991364890264
[92mINFO [0m:      		round 36: 0.6125451013756001
[92mINFO [0m:      		round 37: 0.6111682689798927
[92mINFO [0m:      		round 38: 0.6098586721671789
[92mINFO [0m:      		round 39: 0.6085651529954645
[92mINFO [0m:      		round 40: 0.6073006452920309
[92mINFO [0m:      		round 41: 0.6061371036839576
[92mINFO [0m:      		round 42: 0.6051018440861575
[92mINFO [0m:      		round 43: 0.604067533848809
[92mINFO [0m:      		round 44: 0.6030630393054199
[92mINFO [0m:      		round 45: 0.6020562549808055
[92mINFO [0m:      		round 46: 0.6011066845738899
[92mINFO [0m:      		round 47: 0.6001080256184543
[92mINFO [0m:      		round 48: 0.5991712856399867
[92mINFO [0m:      		round 49: 0.598315703581275
[92mINFO [0m:      		round 50: 0.5973642415022556
[92mINFO [0m:      	History (metrics, distributed, fit):
[92mINFO [0m:      	{'fit_accuracy': [(1, 0.6179780027883789),
[92mINFO [0m:      	                  (2, 0.5638007265763609),
[92mINFO [0m:      	                  (3, 0.5390551835343657),
[92mINFO [0m:      	                  (4, 0.5353122161751143),
[92mINFO [0m:      	                  (5, 0.5324293117044047),
[92mINFO [0m:      	                  (6, 0.531345721870533),
[92mINFO [0m:      	                  (7, 0.5320880652815231),
[92mINFO [0m:      	                  (8, 0.5333516410007253),
[92mINFO [0m:      	                  (9, 0.5348400042243109),
[92mINFO [0m:      	                  (10, 0.5374471051278982),
[92mINFO [0m:      	                  (11, 0.5398805835633415),
[92mINFO [0m:      	                  (12, 0.5424431662172533),
[92mINFO [0m:      	                  (13, 0.5457995381322519),
[92mINFO [0m:      	                  (14, 0.5476825808086853),
[92mINFO [0m:      	                  (15, 0.552386450845238),
[92mINFO [0m:      	                  (16, 0.5536747827801326),
[92mINFO [0m:      	                  (17, 0.557017821810065),
[92mINFO [0m:      	                  (18, 0.5589490436889102),
[92mINFO [0m:      	                  (19, 0.5634575306973076),
[92mINFO [0m:      	                  (20, 0.5636163936042131),
[92mINFO [0m:      	                  (21, 0.5682842336506506),
[92mINFO [0m:      	                  (22, 0.5698021544744069),
[92mINFO [0m:      	                  (23, 0.5720301090714492),
[92mINFO [0m:      	                  (24, 0.5747119961693378),
[92mINFO [0m:      	                  (25, 0.5774579457678198),
[92mINFO [0m:      	                  (26, 0.5784326151246303),
[92mINFO [0m:      	                  (27, 0.5804396192407345),
[92mINFO [0m:      	                  (28, 0.5817034877990397),
[92mINFO [0m:      	                  (29, 0.5858269379708513),
[92mINFO [0m:      	                  (30, 0.5867985636837287),
[92mINFO [0m:      	                  (31, 0.5889368412900682),
[92mINFO [0m:      	                  (32, 0.5914096606111815),
[92mINFO [0m:      	                  (33, 0.5912303922949111),
[92mINFO [0m:      	                  (34, 0.5937319570207432),
[92mINFO [0m:      	                  (35, 0.5949891205610833),
[92mINFO [0m:      	                  (36, 0.5971215929814185),
[92mINFO [0m:      	                  (37, 0.5971245309056601),
[92mINFO [0m:      	                  (38, 0.5989479540029153),
[92mINFO [0m:      	                  (39, 0.6010013167808581),
[92mINFO [0m:      	                  (40, 0.6011969302260086),
[92mINFO [0m:      	                  (41, 0.6026655589506738),
[92mINFO [0m:      	                  (42, 0.6042483683139597),
[92mINFO [0m:      	                  (43, 0.6054060143493842),
[92mINFO [0m:      	                  (44, 0.6063859747940576),
[92mINFO [0m:      	                  (45, 0.6084268634436918),
[92mINFO [0m:      	                  (46, 0.6087085099491628),
[92mINFO [0m:      	                  (47, 0.6088346288160414),
[92mINFO [0m:      	                  (48, 0.6111494479495269),
[92mINFO [0m:      	                  (49, 0.61105048613409),
[92mINFO [0m:      	                  (50, 0.6112226001112543)],
[92mINFO [0m:      	 'fit_loss': [(1, 0.7622696378157383),
[92mINFO [0m:      	              (2, 0.7084166705931494),
[92mINFO [0m:      	              (3, 0.6839688484300084),
[92mINFO [0m:      	              (4, 0.6761649603396607),
[92mINFO [0m:      	              (5, 0.6706716655416254),
[92mINFO [0m:      	              (6, 0.6658767632561986),
[92mINFO [0m:      	              (7, 0.6592325755514132),
[92mINFO [0m:      	              (8, 0.655138970890969),
[92mINFO [0m:      	              (9, 0.6506601760175247),
[92mINFO [0m:      	              (10, 0.6469314777826848),
[92mINFO [0m:      	              (11, 0.6435697215241455),
[92mINFO [0m:      	              (12, 0.6410869805065135),
[92mINFO [0m:      	              (13, 0.6336900861093465),
[92mINFO [0m:      	              (14, 0.6332819653171914),
[92mINFO [0m:      	              (15, 0.6265842394537268),
[92mINFO [0m:      	              (16, 0.6264685504375068),
[92mINFO [0m:      	              (17, 0.6229805889896146),
[92mINFO [0m:      	              (18, 0.6204774765170432),
[92mINFO [0m:      	              (19, 0.6170996915663606),
[92mINFO [0m:      	              (20, 0.6157889467604661),
[92mINFO [0m:      	              (21, 0.6136424421088156),
[92mINFO [0m:      	              (22, 0.6109629451678789),
[92mINFO [0m:      	              (23, 0.6079888741689468),
[92mINFO [0m:      	              (24, 0.6058735391166792),
[92mINFO [0m:      	              (25, 0.6044150460077717),
[92mINFO [0m:      	              (26, 0.6035499037182964),
[92mINFO [0m:      	              (27, 0.6025487414783735),
[92mINFO [0m:      	              (28, 0.600986057267416),
[92mINFO [0m:      	              (29, 0.5976231657459073),
[92mINFO [0m:      	              (30, 0.5976593475350023),
[92mINFO [0m:      	              (31, 0.5956452140066508),
[92mINFO [0m:      	              (32, 0.593002288677024),
[92mINFO [0m:      	              (33, 0.5928842519781105),
[92mINFO [0m:      	              (34, 0.5925633065029302),
[92mINFO [0m:      	              (35, 0.590420472366603),
[92mINFO [0m:      	              (36, 0.5877871091698555),
[92mINFO [0m:      	              (37, 0.5868175111058498),
[92mINFO [0m:      	              (38, 0.5853245191972869),
[92mINFO [0m:      	              (39, 0.5846776150044065),
[92mINFO [0m:      	              (40, 0.5844337480706765),
[92mINFO [0m:      	              (41, 0.582785508949815),
[92mINFO [0m:      	              (42, 0.5826617156111061),
[92mINFO [0m:      	              (43, 0.5799556901304398),
[92mINFO [0m:      	              (44, 0.5802035011397796),
[92mINFO [0m:      	              (45, 0.5782551447057604),
[92mINFO [0m:      	              (46, 0.5762466936407513),
[92mINFO [0m:      	              (47, 0.5761874230074744),
[92mINFO [0m:      	              (48, 0.5755562594226751),
[92mINFO [0m:      	              (49, 0.5755414519941616),
[92mINFO [0m:      	              (50, 0.5740587400365335)]}
[92mINFO [0m:      	History (metrics, distributed, evaluate):
[92mINFO [0m:      	{'alerts_per_1000': [(1, 619.3235572374646),
[92mINFO [0m:      	                     (2, 586.171554714601),
[92mINFO [0m:      	                     (3, 594.3314411857458),
[92mINFO [0m:      	                     (4, 599.7319457584358),
[92mINFO [0m:      	                     (5, 602.7278461053296),
[92mINFO [0m:      	                     (6, 538.040050457269),
[92mINFO [0m:      	                     (7, 537.2910753705455),
[92mINFO [0m:      	                     (8, 537.7246925260171),
[92mINFO [0m:      	                     (9, 535.7931251970987),
[92mINFO [0m:      	                     (10, 534.0586565752129),
[92mINFO [0m:      	                     (11, 531.772311573636),
[92mINFO [0m:      	                     (12, 529.2888678650269),
[92mINFO [0m:      	                     (13, 526.1747082939136),
[92mINFO [0m:      	                     (14, 524.9526963103121),
[92mINFO [0m:      	                     (15, 521.8779564806056),
[92mINFO [0m:      	                     (16, 520.1829076001262),
[92mINFO [0m:      	                     (17, 518.4878587196467),
[92mINFO [0m:      	                     (18, 516.6351308735415),
[92mINFO [0m:      	                     (19, 514.5064648375907),
[92mINFO [0m:      	                     (20, 511.74708293913596),
[92mINFO [0m:      	                     (21, 509.8549353516241),
[92mINFO [0m:      	                     (22, 507.37149164301485),
[92mINFO [0m:      	                     (23, 504.9668874172185),
[92mINFO [0m:      	                     (24, 502.9170608640807),
[92mINFO [0m:      	                     (25, 501.6950488804793),
[92mINFO [0m:      	                     (26, 500.07883948281295),
[92mINFO [0m:      	                     (27, 498.46263008514666),
[92mINFO [0m:      	                     (28, 497.00409965310627),
[92mINFO [0m:      	                     (29, 495.62440870387894),
[92mINFO [0m:      	                     (30, 493.81110059918007),
[92mINFO [0m:      	                     (31, 492.15547146010726),
[92mINFO [0m:      	                     (32, 491.28823714916433),
[92mINFO [0m:      	                     (33, 489.277830337433),
[92mINFO [0m:      	                     (34, 488.3711762850836),
[92mINFO [0m:      	                     (35, 487.42510249132766),
[92mINFO [0m:      	                     (36, 486.36076947335226),
[92mINFO [0m:      	                     (37, 485.3752759381899),
[92mINFO [0m:      	                     (38, 484.23210343740146),
[92mINFO [0m:      	                     (39, 429.75402081362347),
[92mINFO [0m:      	                     (40, 428.45316934720904),
[92mINFO [0m:      	                     (41, 427.7436140018921),
[92mINFO [0m:      	                     (42, 427.7436140018921),
[92mINFO [0m:      	                     (43, 427.3888363292337),
[92mINFO [0m:      	                     (44, 426.6004415011038),
[92mINFO [0m:      	                     (45, 426.08798486281927),
[92mINFO [0m:      	                     (46, 425.37842951750235),
[92mINFO [0m:      	                     (47, 424.11699779249443),
[92mINFO [0m:      	                     (48, 423.3286029643645),
[92mINFO [0m:      	                     (49, 422.8949858088931),
[92mINFO [0m:      	                     (50, 422.3036896877956)],
[92mINFO [0m:      	 'auc': [(1, nan),
[92mINFO [0m:      	         (2, nan),
[92mINFO [0m:      	         (3, nan),
[92mINFO [0m:      	         (4, nan),
[92mINFO [0m:      	         (5, nan),
[92mINFO [0m:      	         (6, nan),
[92mINFO [0m:      	         (7, nan),
[92mINFO [0m:      	         (8, nan),
[92mINFO [0m:      	         (9, nan),
[92mINFO [0m:      	         (10, nan),
[92mINFO [0m:      	         (11, nan),
[92mINFO [0m:      	         (12, nan),
[92mINFO [0m:      	         (13, nan),
[92mINFO [0m:      	         (14, nan),
[92mINFO [0m:      	         (15, nan),
[92mINFO [0m:      	         (16, nan),
[92mINFO [0m:      	         (17, nan),
[92mINFO [0m:      	         (18, nan),
[92mINFO [0m:      	         (19, nan),
[92mINFO [0m:      	         (20, nan),
[92mINFO [0m:      	         (21, nan),
[92mINFO [0m:      	         (22, nan),
[92mINFO [0m:      	         (23, nan),
[92mINFO [0m:      	         (24, nan),
[92mINFO [0m:      	         (25, nan),
[92mINFO [0m:      	         (26, nan),
[92mINFO [0m:      	         (27, nan),
[92mINFO [0m:      	         (28, nan),
[92mINFO [0m:      	         (29, nan),
[92mINFO [0m:      	         (30, nan),
[92mINFO [0m:      	         (31, nan),
[92mINFO [0m:      	         (32, nan),
[92mINFO [0m:      	         (33, nan),
[92mINFO [0m:      	         (34, nan),
[92mINFO [0m:      	         (35, nan),
[92mINFO [0m:      	         (36, nan),
[92mINFO [0m:      	         (37, nan),
[92mINFO [0m:      	         (38, nan),
[92mINFO [0m:      	         (39, nan),
[92mINFO [0m:      	         (40, nan),
[92mINFO [0m:      	         (41, nan),
[92mINFO [0m:      	         (42, nan),
[92mINFO [0m:      	         (43, nan),
[92mINFO [0m:      	         (44, nan),
[92mINFO [0m:      	         (45, nan),
[92mINFO [0m:      	         (46, nan),
[92mINFO [0m:      	         (47, nan),
[92mINFO [0m:      	         (48, nan),
[92mINFO [0m:      	         (49, nan),
[92mINFO [0m:      	         (50, nan)],
[92mINFO [0m:      	 'balanced_accuracy': [(1, 0.5850793580251168),
[92mINFO [0m:      	                       (2, 0.6013810051366517),
[92mINFO [0m:      	                       (3, 0.605350697667669),
[92mINFO [0m:      	                       (4, 0.6109234681082728),
[92mINFO [0m:      	                       (5, 0.6141132983815488),
[92mINFO [0m:      	                       (6, 0.6249059807276931),
[92mINFO [0m:      	                       (7, 0.6274775716476059),
[92mINFO [0m:      	                       (8, 0.6305125359785555),
[92mINFO [0m:      	                       (9, 0.6336068164595967),
[92mINFO [0m:      	                       (10, 0.6362579037182792),
[92mINFO [0m:      	                       (11, 0.6398869818736557),
[92mINFO [0m:      	                       (12, 0.6426445026218373),
[92mINFO [0m:      	                       (13, 0.6456040973492301),
[92mINFO [0m:      	                       (14, 0.6482861577963779),
[92mINFO [0m:      	                       (15, 0.6504011322673053),
[92mINFO [0m:      	                       (16, 0.6525362869269109),
[92mINFO [0m:      	                       (17, 0.6546714415865165),
[92mINFO [0m:      	                       (18, 0.6568982006980986),
[92mINFO [0m:      	                       (19, 0.6587922361145564),
[92mINFO [0m:      	                       (20, 0.6602309701954485),
[92mINFO [0m:      	                       (21, 0.6608371921330822),
[92mINFO [0m:      	                       (22, 0.6622799622517099),
[92mINFO [0m:      	                       (23, 0.6638412739730438),
[92mINFO [0m:      	                       (24, 0.6658538509922076),
[92mINFO [0m:      	                       (25, 0.6668924731524131),
[92mINFO [0m:      	                       (26, 0.6689818255860305),
[92mINFO [0m:      	                       (27, 0.6709068341909536),
[92mINFO [0m:      	                       (28, 0.6722472068578176),
[92mINFO [0m:      	                       (29, 0.6740348087847763),
[92mINFO [0m:      	                       (30, 0.6747595723251161),
[92mINFO [0m:      	                       (31, 0.6757214190708678),
[92mINFO [0m:      	                       (32, 0.6767182750428206),
[92mINFO [0m:      	                       (33, 0.6783792632916019),
[92mINFO [0m:      	                       (34, 0.6800563956913257),
[92mINFO [0m:      	                       (35, 0.6810990538892665),
[92mINFO [0m:      	                       (36, 0.6815530401114127),
[92mINFO [0m:      	                       (37, 0.6822899117649592),
[92mINFO [0m:      	                       (38, 0.6834470755278707),
[92mINFO [0m:      	                       (39, 0.6861718998355201),
[92mINFO [0m:      	                       (40, 0.6869276365643251),
[92mINFO [0m:      	                       (41, 0.6881615757416899),
[92mINFO [0m:      	                       (42, 0.6893119825425496),
[92mINFO [0m:      	                       (43, 0.6898467802168848),
[92mINFO [0m:      	                       (44, 0.6907978339628493),
[92mINFO [0m:      	                       (45, 0.692081611403938),
[92mINFO [0m:      	                       (46, 0.6931512067526087),
[92mINFO [0m:      	                       (47, 0.6937196985397254),
[92mINFO [0m:      	                       (48, 0.6945064084569955),
[92mINFO [0m:      	                       (49, 0.6950870083573191),
[92mINFO [0m:      	                       (50, 0.6954305250522305)],
[92mINFO [0m:      	 'best_score': [(1, 0.5691051350129359),
[92mINFO [0m:      	                (2, 0.5824412909775519),
[92mINFO [0m:      	                (3, 0.5864588037718571),
[92mINFO [0m:      	                (4, 0.5918095136391499),
[92mINFO [0m:      	                (5, 0.594863436477341),
[92mINFO [0m:      	                (6, 0.6020508556782973),
[92mINFO [0m:      	                (7, 0.6044063757438053),
[92mINFO [0m:      	                (8, 0.6072395805454505),
[92mINFO [0m:      	                (9, 0.6100351281725769),
[92mINFO [0m:      	                (10, 0.6124293207766178),
[92mINFO [0m:      	                (11, 0.6157133569927625),
[92mINFO [0m:      	                (12, 0.6181837513542708),
[92mINFO [0m:      	                (13, 0.6208225652109092),
[92mINFO [0m:      	                (14, 0.623274251324136),
[92mINFO [0m:      	                (15, 0.6251351261527839),
[92mINFO [0m:      	                (16, 0.6270652510511021),
[92mINFO [0m:      	                (17, 0.6289971101044578),
[92mINFO [0m:      	                (18, 0.6310109040190914),
[92mINFO [0m:      	                (19, 0.6327073913247505),
[92mINFO [0m:      	                (20, 0.6339607757599922),
[92mINFO [0m:      	                (21, 0.6344663384339634),
[92mINFO [0m:      	                (22, 0.6357356545946811),
[92mINFO [0m:      	                (23, 0.6371202375464812),
[92mINFO [0m:      	                (24, 0.638939802287297),
[92mINFO [0m:      	                (25, 0.639874752629233),
[92mINFO [0m:      	                (26, 0.641782321660151),
[92mINFO [0m:      	                (27, 0.6435377374463948),
[92mINFO [0m:      	                (28, 0.6447515362551611),
[92mINFO [0m:      	                (29, 0.6463877377193926),
[92mINFO [0m:      	                (30, 0.647016887994709),
[92mINFO [0m:      	                (31, 0.6478735805293527),
[92mINFO [0m:      	                (32, 0.648785272783429),
[92mINFO [0m:      	                (33, 0.6502905007283108),
[92mINFO [0m:      	                (34, 0.6518413232359447),
[92mINFO [0m:      	                (35, 0.6527960872977135),
[92mINFO [0m:      	                (36, 0.6531954221565801),
[92mINFO [0m:      	                (37, 0.6538628779598832),
[92mINFO [0m:      	                (38, 0.6549218978091391),
[92mINFO [0m:      	                (39, 0.6563088074519827),
[92mINFO [0m:      	                (40, 0.6570061631849867),
[92mINFO [0m:      	                (41, 0.6581718133675867),
[92mINFO [0m:      	                (42, 0.6592707417008037),
[92mINFO [0m:      	                (43, 0.6597754021188043),
[92mINFO [0m:      	                (44, 0.6606704835091773),
[92mINFO [0m:      	                (45, 0.6618887041815684),
[92mINFO [0m:      	                (46, 0.6628994092708516),
[92mINFO [0m:      	                (47, 0.6634226827323014),
[92mINFO [0m:      	                (48, 0.6641627170258395),
[92mINFO [0m:      	                (49, 0.6647114349934415),
[92mINFO [0m:      	                (50, 0.6650310821018255)],
[92mINFO [0m:      	 'best_threshold': [(1, 0.4),
[92mINFO [0m:      	                    (2, 0.45),
[92mINFO [0m:      	                    (3, 0.45),
[92mINFO [0m:      	                    (4, 0.45),
[92mINFO [0m:      	                    (5, 0.45),
[92mINFO [0m:      	                    (6, 0.5),
[92mINFO [0m:      	                    (7, 0.5),
[92mINFO [0m:      	                    (8, 0.5),
[92mINFO [0m:      	                    (9, 0.5),
[92mINFO [0m:      	                    (10, 0.5),
[92mINFO [0m:      	                    (11, 0.5),
[92mINFO [0m:      	                    (12, 0.5),
[92mINFO [0m:      	                    (13, 0.5),
[92mINFO [0m:      	                    (14, 0.5),
[92mINFO [0m:      	                    (15, 0.5),
[92mINFO [0m:      	                    (16, 0.5),
[92mINFO [0m:      	                    (17, 0.5),
[92mINFO [0m:      	                    (18, 0.5),
[92mINFO [0m:      	                    (19, 0.5),
[92mINFO [0m:      	                    (20, 0.5),
[92mINFO [0m:      	                    (21, 0.5),
[92mINFO [0m:      	                    (22, 0.5),
[92mINFO [0m:      	                    (23, 0.5),
[92mINFO [0m:      	                    (24, 0.5),
[92mINFO [0m:      	                    (25, 0.5),
[92mINFO [0m:      	                    (26, 0.5),
[92mINFO [0m:      	                    (27, 0.5),
[92mINFO [0m:      	                    (28, 0.5),
[92mINFO [0m:      	                    (29, 0.5),
[92mINFO [0m:      	                    (30, 0.5),
[92mINFO [0m:      	                    (31, 0.5),
[92mINFO [0m:      	                    (32, 0.5),
[92mINFO [0m:      	                    (33, 0.5),
[92mINFO [0m:      	                    (34, 0.5),
[92mINFO [0m:      	                    (35, 0.5),
[92mINFO [0m:      	                    (36, 0.5),
[92mINFO [0m:      	                    (37, 0.5),
[92mINFO [0m:      	                    (38, 0.5),
[92mINFO [0m:      	                    (39, 0.55),
[92mINFO [0m:      	                    (40, 0.55),
[92mINFO [0m:      	                    (41, 0.55),
[92mINFO [0m:      	                    (42, 0.55),
[92mINFO [0m:      	                    (43, 0.55),
[92mINFO [0m:      	                    (44, 0.55),
[92mINFO [0m:      	                    (45, 0.55),
[92mINFO [0m:      	                    (46, 0.55),
[92mINFO [0m:      	                    (47, 0.55),
[92mINFO [0m:      	                    (48, 0.55),
[92mINFO [0m:      	                    (49, 0.55),
[92mINFO [0m:      	                    (50, 0.55)],
[92mINFO [0m:      	 'f1': [(1, 0.2813052062766289),
[92mINFO [0m:      	        (2, 0.29220320565063845),
[92mINFO [0m:      	        (3, 0.29464861379755),
[92mINFO [0m:      	        (4, 0.29814923462584675),
[92mINFO [0m:      	        (5, 0.300132802124834),
[92mINFO [0m:      	        (6, 0.30982309124767227),
[92mINFO [0m:      	        (7, 0.3116807457034664),
[92mINFO [0m:      	        (8, 0.3138099673963671),
[92mINFO [0m:      	        (9, 0.31610906755415424),
[92mINFO [0m:      	        (10, 0.31809401159047007),
[92mINFO [0m:      	        (11, 0.32082232011747436),
[92mINFO [0m:      	        (12, 0.3229571984435798),
[92mINFO [0m:      	        (13, 0.32529763667594624),
[92mINFO [0m:      	        (14, 0.3273201993828626),
[92mINFO [0m:      	        (15, 0.32908072016215567),
[92mINFO [0m:      	        (16, 0.3307632538401769),
[92mINFO [0m:      	        (17, 0.3324544582933845),
[92mINFO [0m:      	        (18, 0.3342347214710654),
[92mINFO [0m:      	        (19, 0.3358051486103575),
[92mINFO [0m:      	        (20, 0.3371072228612944),
[92mINFO [0m:      	        (21, 0.33772542352298257),
[92mINFO [0m:      	        (22, 0.33902230891137386),
[92mINFO [0m:      	        (23, 0.3404099112878556),
[92mINFO [0m:      	        (24, 0.34211010863561037),
[92mINFO [0m:      	        (25, 0.3430082400688722),
[92mINFO [0m:      	        (26, 0.3447383022008508),
[92mINFO [0m:      	        (27, 0.34635352286773796),
[92mINFO [0m:      	        (28, 0.3475190485039955),
[92mINFO [0m:      	        (29, 0.3490191209336975),
[92mINFO [0m:      	        (30, 0.3497696426347902),
[92mINFO [0m:      	        (31, 0.35068664169787767),
[92mINFO [0m:      	        (32, 0.3515439429928741),
[92mINFO [0m:      	        (33, 0.35304445977299803),
[92mINFO [0m:      	        (34, 0.35443355940718413),
[92mINFO [0m:      	        (35, 0.35534591194968557),
[92mINFO [0m:      	        (36, 0.3558243558243558),
[92mINFO [0m:      	        (37, 0.35651186269560825),
[92mINFO [0m:      	        (38, 0.3575447246981478),
[92mINFO [0m:      	        (39, 0.3673893468172058),
[92mINFO [0m:      	        (40, 0.36823104693140796),
[92mINFO [0m:      	        (41, 0.3693869039343806),
[92mINFO [0m:      	        (42, 0.3703600722925066),
[92mINFO [0m:      	        (43, 0.3708701398066356),
[92mINFO [0m:      	        (44, 0.37180469457407533),
[92mINFO [0m:      	        (45, 0.3729782487451199),
[92mINFO [0m:      	        (46, 0.37400530503978785),
[92mINFO [0m:      	        (47, 0.374702672449979),
[92mINFO [0m:      	        (48, 0.37550791649152304),
[92mINFO [0m:      	        (49, 0.3760779639627007),
[92mINFO [0m:      	        (50, 0.37647389107243123)],
[92mINFO [0m:      	 'fn': [(1, 828),
[92mINFO [0m:      	        (2, 846),
[92mINFO [0m:      	        (3, 793),
[92mINFO [0m:      	        (4, 740),
[92mINFO [0m:      	        (5, 710),
[92mINFO [0m:      	        (6, 873),
[92mINFO [0m:      	        (7, 860),
[92mINFO [0m:      	        (8, 840),
[92mINFO [0m:      	        (9, 828),
[92mINFO [0m:      	        (10, 818),
[92mINFO [0m:      	        (11, 804),
[92mINFO [0m:      	        (12, 796),
[92mINFO [0m:      	        (13, 789),
[92mINFO [0m:      	        (14, 777),
[92mINFO [0m:      	        (15, 775),
[92mINFO [0m:      	        (16, 768),
[92mINFO [0m:      	        (17, 761),
[92mINFO [0m:      	        (18, 754),
[92mINFO [0m:      	        (19, 750),
[92mINFO [0m:      	        (20, 751),
[92mINFO [0m:      	        (21, 754),
[92mINFO [0m:      	        (22, 754),
[92mINFO [0m:      	        (23, 753),
[92mINFO [0m:      	        (24, 748),
[92mINFO [0m:      	        (25, 746),
[92mINFO [0m:      	        (26, 739),
[92mINFO [0m:      	        (27, 733),
[92mINFO [0m:      	        (28, 730),
[92mINFO [0m:      	        (29, 724),
[92mINFO [0m:      	        (30, 726),
[92mINFO [0m:      	        (31, 726),
[92mINFO [0m:      	        (32, 723),
[92mINFO [0m:      	        (33, 720),
[92mINFO [0m:      	        (34, 713),
[92mINFO [0m:      	        (35, 710),
[92mINFO [0m:      	        (36, 711),
[92mINFO [0m:      	        (37, 710),
[92mINFO [0m:      	        (38, 707),
[92mINFO [0m:      	        (39, 883),
[92mINFO [0m:      	        (40, 883),
[92mINFO [0m:      	        (41, 878),
[92mINFO [0m:      	        (42, 871),
[92mINFO [0m:      	        (43, 869),
[92mINFO [0m:      	        (44, 866),
[92mINFO [0m:      	        (45, 860),
[92mINFO [0m:      	        (46, 856),
[92mINFO [0m:      	        (47, 857),
[92mINFO [0m:      	        (48, 855),
[92mINFO [0m:      	        (49, 853),
[92mINFO [0m:      	        (50, 853)],
[92mINFO [0m:      	 'fp': [(1, 13004),
[92mINFO [0m:      	        (2, 12181),
[92mINFO [0m:      	        (3, 12335),
[92mINFO [0m:      	        (4, 12419),
[92mINFO [0m:      	        (5, 12465),
[92mINFO [0m:      	        (6, 10987),
[92mINFO [0m:      	        (7, 10955),
[92mINFO [0m:      	        (8, 10946),
[92mINFO [0m:      	        (9, 10885),
[92mINFO [0m:      	        (10, 10831),
[92mINFO [0m:      	        (11, 10759),
[92mINFO [0m:      	        (12, 10688),
[92mINFO [0m:      	        (13, 10602),
[92mINFO [0m:      	        (14, 10559),
[92mINFO [0m:      	        (15, 10479),
[92mINFO [0m:      	        (16, 10429),
[92mINFO [0m:      	        (17, 10379),
[92mINFO [0m:      	        (18, 10325),
[92mINFO [0m:      	        (19, 10267),
[92mINFO [0m:      	        (20, 10198),
[92mINFO [0m:      	        (21, 10153),
[92mINFO [0m:      	        (22, 10090),
[92mINFO [0m:      	        (23, 10028),
[92mINFO [0m:      	        (24, 9971),
[92mINFO [0m:      	        (25, 9938),
[92mINFO [0m:      	        (26, 9890),
[92mINFO [0m:      	        (27, 9843),
[92mINFO [0m:      	        (28, 9803),
[92mINFO [0m:      	        (29, 9762),
[92mINFO [0m:      	        (30, 9718),
[92mINFO [0m:      	        (31, 9676),
[92mINFO [0m:      	        (32, 9651),
[92mINFO [0m:      	        (33, 9597),
[92mINFO [0m:      	        (34, 9567),
[92mINFO [0m:      	        (35, 9540),
[92mINFO [0m:      	        (36, 9514),
[92mINFO [0m:      	        (37, 9488),
[92mINFO [0m:      	        (38, 9456),
[92mINFO [0m:      	        (39, 8250),
[92mINFO [0m:      	        (40, 8217),
[92mINFO [0m:      	        (41, 8194),
[92mINFO [0m:      	        (42, 8187),
[92mINFO [0m:      	        (43, 8176),
[92mINFO [0m:      	        (44, 8153),
[92mINFO [0m:      	        (45, 8134),
[92mINFO [0m:      	        (46, 8112),
[92mINFO [0m:      	        (47, 8081),
[92mINFO [0m:      	        (48, 8059),
[92mINFO [0m:      	        (49, 8046),
[92mINFO [0m:      	        (50, 8031)],
[92mINFO [0m:      	 'fpr': [(1, 0.595612146750332),
[92mINFO [0m:      	         (2, 0.5579169147620574),
[92mINFO [0m:      	         (3, 0.5649704575642376),
[92mINFO [0m:      	         (4, 0.568817844547245),
[92mINFO [0m:      	         (5, 0.5709247469427015),
[92mINFO [0m:      	         (6, 0.5032290569321669),
[92mINFO [0m:      	         (7, 0.501763385700545),
[92mINFO [0m:      	         (8, 0.5013511656666514),
[92mINFO [0m:      	         (9, 0.49855722988137224),
[92mINFO [0m:      	         (10, 0.49608390967801036),
[92mINFO [0m:      	         (11, 0.49278614940686116),
[92mINFO [0m:      	         (12, 0.4895341913617002),
[92mINFO [0m:      	         (13, 0.48559519992671646),
[92mINFO [0m:      	         (14, 0.48362570420922457),
[92mINFO [0m:      	         (15, 0.4799615261301699),
[92mINFO [0m:      	         (16, 0.47767141483076075),
[92mINFO [0m:      	         (17, 0.4753813035313516),
[92mINFO [0m:      	         (18, 0.4729079833279897),
[92mINFO [0m:      	         (19, 0.4702514542206751),
[92mINFO [0m:      	         (20, 0.4670911006274905),
[92mINFO [0m:      	         (21, 0.4650300004580223),
[92mINFO [0m:      	         (22, 0.4621444602207667),
[92mINFO [0m:      	         (23, 0.45930472220949936),
[92mINFO [0m:      	         (24, 0.45669399532817295),
[92mINFO [0m:      	         (25, 0.4551825218705629),
[92mINFO [0m:      	         (26, 0.4529840150231301),
[92mINFO [0m:      	         (27, 0.4508313104016855),
[92mINFO [0m:      	         (28, 0.4489992213621582),
[92mINFO [0m:      	         (29, 0.4471213300966427),
[92mINFO [0m:      	         (30, 0.44510603215316263),
[92mINFO [0m:      	         (31, 0.44318233866165896),
[92mINFO [0m:      	         (32, 0.4420372830119544),
[92mINFO [0m:      	         (33, 0.4395639628085925),
[92mINFO [0m:      	         (34, 0.438189896028947),
[92mINFO [0m:      	         (35, 0.4369532359272661),
[92mINFO [0m:      	         (36, 0.4357623780515733),
[92mINFO [0m:      	         (37, 0.4345715201758805),
[92mINFO [0m:      	         (38, 0.4331058489442587),
[92mINFO [0m:      	         (39, 0.37786836440251),
[92mINFO [0m:      	         (40, 0.37635689094489994),
[92mINFO [0m:      	         (41, 0.37530343974717173),
[92mINFO [0m:      	         (42, 0.3749828241652544),
[92mINFO [0m:      	         (43, 0.3744789996793844),
[92mINFO [0m:      	         (44, 0.3734255484816562),
[92mINFO [0m:      	         (45, 0.37255530618788074),
[92mINFO [0m:      	         (46, 0.3715476572161407),
[92mINFO [0m:      	         (47, 0.370127788210507),
[92mINFO [0m:      	         (48, 0.369120139238767),
[92mINFO [0m:      	         (49, 0.3685247103009206),
[92mINFO [0m:      	         (50, 0.36783767691109787)],
[92mINFO [0m:      	 'npv': [(1, 0.9142590866728798),
[92mINFO [0m:      	         (2, 0.9194132215660126),
[92mINFO [0m:      	         (3, 0.9229423768341269),
[92mINFO [0m:      	         (4, 0.9271223163285405),
[92mINFO [0m:      	         (5, 0.9295495137924191),
[92mINFO [0m:      	         (6, 0.9255055892140968),
[92mINFO [0m:      	         (7, 0.9267336854660079),
[92mINFO [0m:      	         (8, 0.9283704272192377),
[92mINFO [0m:      	         (9, 0.9296875),
[92mINFO [0m:      	         (10, 0.9307952622673434),
[92mINFO [0m:      	         (11, 0.9323118370095975),
[92mINFO [0m:      	         (12, 0.9333389163386651),
[92mINFO [0m:      	         (13, 0.9343594009983361),
[92mINFO [0m:      	         (14, 0.9355240229026637),
[92mINFO [0m:      	         (15, 0.9361035534668976),
[92mINFO [0m:      	         (16, 0.9369043706868222),
[92mINFO [0m:      	         (17, 0.9376995497339337),
[92mINFO [0m:      	         (18, 0.9385092154624042),
[92mINFO [0m:      	         (19, 0.9391036050665801),
[92mINFO [0m:      	         (20, 0.9393670272888746),
[92mINFO [0m:      	         (21, 0.9393598198488017),
[92mINFO [0m:      	         (22, 0.9396655197247339),
[92mINFO [0m:      	         (23, 0.9400382226469183),
[92mINFO [0m:      	         (24, 0.9406819984139572),
[92mINFO [0m:      	         (25, 0.9409856815125386),
[92mINFO [0m:      	         (26, 0.9417284340009462),
[92mINFO [0m:      	         (27, 0.942387801619115),
[92mINFO [0m:      	         (28, 0.9427899686520376),
[92mINFO [0m:      	         (29, 0.9434153966393122),
[92mINFO [0m:      	         (30, 0.9434623471692236),
[92mINFO [0m:      	         (31, 0.9436466661491889),
[92mINFO [0m:      	         (32, 0.9439752034095312),
[92mINFO [0m:      	         (33, 0.9444272923741895),
[92mINFO [0m:      	         (34, 0.9450651051698898),
[92mINFO [0m:      	         (35, 0.9453972160270707),
[92mINFO [0m:      	         (36, 0.9454336147352264),
[92mINFO [0m:      	         (37, 0.9456147070088089),
[92mINFO [0m:      	         (38, 0.9459645368388871),
[92mINFO [0m:      	         (39, 0.9389603207521084),
[92mINFO [0m:      	         (40, 0.9390992482240155),
[92mINFO [0m:      	         (41, 0.9395191844044913),
[92mINFO [0m:      	         (42, 0.940001377695116),
[92mINFO [0m:      	         (43, 0.9401762357152692),
[92mINFO [0m:      	         (44, 0.9404647325725285),
[92mINFO [0m:      	         (45, 0.9409300089291847),
[92mINFO [0m:      	         (46, 0.9412773547369143),
[92mINFO [0m:      	         (47, 0.9413375316585666),
[92mINFO [0m:      	         (48, 0.9415544466470709),
[92mINFO [0m:      	         (49, 0.9417349726775956),
[92mINFO [0m:      	         (50, 0.9417946093483452)],
[92mINFO [0m:      	 'ppv': [(1, 0.17229966265673732),
[92mINFO [0m:      	         (2, 0.18083389374579692),
[92mINFO [0m:      	         (3, 0.1818664190488824),
[92mINFO [0m:      	         (4, 0.1837123701853556),
[92mINFO [0m:      	         (5, 0.18476128188358404),
[92mINFO [0m:      	         (6, 0.19503260312110776),
[92mINFO [0m:      	         (7, 0.19625825385179752),
[92mINFO [0m:      	         (8, 0.1975661608386482),
[92mINFO [0m:      	         (9, 0.19916127133608005),
[92mINFO [0m:      	         (10, 0.20054620608207854),
[92mINFO [0m:      	         (11, 0.20244625648628614),
[92mINFO [0m:      	         (12, 0.20399195650554852),
[92mINFO [0m:      	         (13, 0.20572370392568176),
[92mINFO [0m:      	         (14, 0.20710370203499287),
[92mINFO [0m:      	         (15, 0.20847496034443688),
[92mINFO [0m:      	         (16, 0.20968475295544103),
[92mINFO [0m:      	         (17, 0.21090245571352542),
[92mINFO [0m:      	         (18, 0.2121928887532428),
[92mINFO [0m:      	         (19, 0.2133772601900092),
[92mINFO [0m:      	         (20, 0.21445077800030812),
[92mINFO [0m:      	         (21, 0.21501468996443482),
[92mINFO [0m:      	         (22, 0.21606712765130914),
[92mINFO [0m:      	         (23, 0.21717408274785324),
[92mINFO [0m:      	         (24, 0.21845116789465432),
[92mINFO [0m:      	         (25, 0.21914041015164612),
[92mINFO [0m:      	         (26, 0.22040044143149928),
[92mINFO [0m:      	         (27, 0.22158956109134045),
[92mINFO [0m:      	         (28, 0.2224777918781726),
[92mINFO [0m:      	         (29, 0.22357432593653065),
[92mINFO [0m:      	         (30, 0.22423565099385329),
[92mINFO [0m:      	         (31, 0.2249899879855827),
[92mINFO [0m:      	         (32, 0.2256278584610447),
[92mINFO [0m:      	         (33, 0.22679664840476957),
[92mINFO [0m:      	         (34, 0.2277827104689644),
[92mINFO [0m:      	         (35, 0.22846744844318642),
[92mINFO [0m:      	         (36, 0.22888636732047332),
[92mINFO [0m:      	         (37, 0.22943230731746933),
[92mINFO [0m:      	         (38, 0.23021816997720612),
[92mINFO [0m:      	         (39, 0.24325811777655476),
[92mINFO [0m:      	         (40, 0.24399668782776704),
[92mINFO [0m:      	         (41, 0.24486222467975302),
[92mINFO [0m:      	         (42, 0.24550732651368537),
[92mINFO [0m:      	         (43, 0.24589559121933222),
[92mINFO [0m:      	         (44, 0.24662724080576603),
[92mINFO [0m:      	         (45, 0.24747895272458137),
[92mINFO [0m:      	         (46, 0.24826244092299138),
[92mINFO [0m:      	         (47, 0.24890789106794312),
[92mINFO [0m:      	         (48, 0.24955768693546884),
[92mINFO [0m:      	         (49, 0.25),
[92mINFO [0m:      	         (50, 0.25035004200504063)],
[92mINFO [0m:      	 'precision': [(1, 0.17229966265673732),
[92mINFO [0m:      	               (2, 0.18083389374579692),
[92mINFO [0m:      	               (3, 0.1818664190488824),
[92mINFO [0m:      	               (4, 0.1837123701853556),
[92mINFO [0m:      	               (5, 0.18476128188358404),
[92mINFO [0m:      	               (6, 0.19503260312110776),
[92mINFO [0m:      	               (7, 0.19625825385179752),
[92mINFO [0m:      	               (8, 0.1975661608386482),
[92mINFO [0m:      	               (9, 0.19916127133608005),
[92mINFO [0m:      	               (10, 0.20054620608207854),
[92mINFO [0m:      	               (11, 0.20244625648628614),
[92mINFO [0m:      	               (12, 0.20399195650554852),
[92mINFO [0m:      	               (13, 0.20572370392568176),
[92mINFO [0m:      	               (14, 0.20710370203499287),
[92mINFO [0m:      	               (15, 0.20847496034443688),
[92mINFO [0m:      	               (16, 0.20968475295544103),
[92mINFO [0m:      	               (17, 0.21090245571352542),
[92mINFO [0m:      	               (18, 0.2121928887532428),
[92mINFO [0m:      	               (19, 0.2133772601900092),
[92mINFO [0m:      	               (20, 0.21445077800030812),
[92mINFO [0m:      	               (21, 0.21501468996443482),
[92mINFO [0m:      	               (22, 0.21606712765130914),
[92mINFO [0m:      	               (23, 0.21717408274785324),
[92mINFO [0m:      	               (24, 0.21845116789465432),
[92mINFO [0m:      	               (25, 0.21914041015164612),
[92mINFO [0m:      	               (26, 0.22040044143149928),
[92mINFO [0m:      	               (27, 0.22158956109134045),
[92mINFO [0m:      	               (28, 0.2224777918781726),
[92mINFO [0m:      	               (29, 0.22357432593653065),
[92mINFO [0m:      	               (30, 0.22423565099385329),
[92mINFO [0m:      	               (31, 0.2249899879855827),
[92mINFO [0m:      	               (32, 0.2256278584610447),
[92mINFO [0m:      	               (33, 0.22679664840476957),
[92mINFO [0m:      	               (34, 0.2277827104689644),
[92mINFO [0m:      	               (35, 0.22846744844318642),
[92mINFO [0m:      	               (36, 0.22888636732047332),
[92mINFO [0m:      	               (37, 0.22943230731746933),
[92mINFO [0m:      	               (38, 0.23021816997720612),
[92mINFO [0m:      	               (39, 0.24325811777655476),
[92mINFO [0m:      	               (40, 0.24399668782776704),
[92mINFO [0m:      	               (41, 0.24486222467975302),
[92mINFO [0m:      	               (42, 0.24550732651368537),
[92mINFO [0m:      	               (43, 0.24589559121933222),
[92mINFO [0m:      	               (44, 0.24662724080576603),
[92mINFO [0m:      	               (45, 0.24747895272458137),
[92mINFO [0m:      	               (46, 0.24826244092299138),
[92mINFO [0m:      	               (47, 0.24890789106794312),
[92mINFO [0m:      	               (48, 0.24955768693546884),
[92mINFO [0m:      	               (49, 0.25),
[92mINFO [0m:      	               (50, 0.25035004200504063)],
[92mINFO [0m:      	 'prevalence': [(1, 0.13934878587196467),
[92mINFO [0m:      	                (2, 0.13934878587196467),
[92mINFO [0m:      	                (3, 0.13934878587196467),
[92mINFO [0m:      	                (4, 0.13934878587196467),
[92mINFO [0m:      	                (5, 0.13934878587196467),
[92mINFO [0m:      	                (6, 0.13934878587196467),
[92mINFO [0m:      	                (7, 0.13934878587196467),
[92mINFO [0m:      	                (8, 0.13934878587196467),
[92mINFO [0m:      	                (9, 0.13934878587196467),
[92mINFO [0m:      	                (10, 0.13934878587196467),
[92mINFO [0m:      	                (11, 0.13934878587196467),
[92mINFO [0m:      	                (12, 0.13934878587196467),
[92mINFO [0m:      	                (13, 0.13934878587196467),
[92mINFO [0m:      	                (14, 0.13934878587196467),
[92mINFO [0m:      	                (15, 0.13934878587196467),
[92mINFO [0m:      	                (16, 0.13934878587196467),
[92mINFO [0m:      	                (17, 0.13934878587196467),
[92mINFO [0m:      	                (18, 0.13934878587196467),
[92mINFO [0m:      	                (19, 0.13934878587196467),
[92mINFO [0m:      	                (20, 0.13934878587196467),
[92mINFO [0m:      	                (21, 0.13934878587196467),
[92mINFO [0m:      	                (22, 0.13934878587196467),
[92mINFO [0m:      	                (23, 0.13934878587196467),
[92mINFO [0m:      	                (24, 0.13934878587196467),
[92mINFO [0m:      	                (25, 0.13934878587196467),
[92mINFO [0m:      	                (26, 0.13934878587196467),
[92mINFO [0m:      	                (27, 0.13934878587196467),
[92mINFO [0m:      	                (28, 0.13934878587196467),
[92mINFO [0m:      	                (29, 0.13934878587196467),
[92mINFO [0m:      	                (30, 0.13934878587196467),
[92mINFO [0m:      	                (31, 0.13934878587196467),
[92mINFO [0m:      	                (32, 0.13934878587196467),
[92mINFO [0m:      	                (33, 0.13934878587196467),
[92mINFO [0m:      	                (34, 0.13934878587196467),
[92mINFO [0m:      	                (35, 0.13934878587196467),
[92mINFO [0m:      	                (36, 0.13934878587196467),
[92mINFO [0m:      	                (37, 0.13934878587196467),
[92mINFO [0m:      	                (38, 0.13934878587196467),
[92mINFO [0m:      	                (39, 0.13934878587196467),
[92mINFO [0m:      	                (40, 0.13934878587196467),
[92mINFO [0m:      	                (41, 0.13934878587196467),
[92mINFO [0m:      	                (42, 0.13934878587196467),
[92mINFO [0m:      	                (43, 0.13934878587196467),
[92mINFO [0m:      	                (44, 0.13934878587196467),
[92mINFO [0m:      	                (45, 0.13934878587196467),
[92mINFO [0m:      	                (46, 0.13934878587196467),
[92mINFO [0m:      	                (47, 0.13934878587196467),
[92mINFO [0m:      	                (48, 0.13934878587196467),
[92mINFO [0m:      	                (49, 0.13934878587196467),
[92mINFO [0m:      	                (50, 0.13934878587196467)],
[92mINFO [0m:      	 'recall': [(1, 0.7657708628005657),
[92mINFO [0m:      	            (2, 0.7606789250353607),
[92mINFO [0m:      	            (3, 0.7756718528995756),
[92mINFO [0m:      	            (4, 0.7906647807637907),
[92mINFO [0m:      	            (5, 0.7991513437057991),
[92mINFO [0m:      	            (6, 0.753041018387553),
[92mINFO [0m:      	            (7, 0.7567185289957568),
[92mINFO [0m:      	            (8, 0.7623762376237624),
[92mINFO [0m:      	            (9, 0.7657708628005657),
[92mINFO [0m:      	            (10, 0.7685997171145686),
[92mINFO [0m:      	            (11, 0.7725601131541726),
[92mINFO [0m:      	            (12, 0.7748231966053748),
[92mINFO [0m:      	            (13, 0.7768033946251768),
[92mINFO [0m:      	            (14, 0.7801980198019802),
[92mINFO [0m:      	            (15, 0.7807637906647807),
[92mINFO [0m:      	            (16, 0.7827439886845827),
[92mINFO [0m:      	            (17, 0.7847241867043847),
[92mINFO [0m:      	            (18, 0.7867043847241867),
[92mINFO [0m:      	            (19, 0.7878359264497878),
[92mINFO [0m:      	            (20, 0.7875530410183875),
[92mINFO [0m:      	            (21, 0.7867043847241867),
[92mINFO [0m:      	            (22, 0.7867043847241867),
[92mINFO [0m:      	            (23, 0.786987270155587),
[92mINFO [0m:      	            (24, 0.7884016973125884),
[92mINFO [0m:      	            (25, 0.788967468175389),
[92mINFO [0m:      	            (26, 0.790947666195191),
[92mINFO [0m:      	            (27, 0.7926449787835926),
[92mINFO [0m:      	            (28, 0.7934936350777935),
[92mINFO [0m:      	            (29, 0.7951909476661951),
[92mINFO [0m:      	            (30, 0.7946251768033946),
[92mINFO [0m:      	            (31, 0.7946251768033946),
[92mINFO [0m:      	            (32, 0.7954738330975955),
[92mINFO [0m:      	            (33, 0.7963224893917963),
[92mINFO [0m:      	            (34, 0.7983026874115983),
[92mINFO [0m:      	            (35, 0.7991513437057991),
[92mINFO [0m:      	            (36, 0.7988684582743989),
[92mINFO [0m:      	            (37, 0.7991513437057991),
[92mINFO [0m:      	            (38, 0.8),
[92mINFO [0m:      	            (39, 0.7502121640735502),
[92mINFO [0m:      	            (40, 0.7502121640735502),
[92mINFO [0m:      	            (41, 0.7516265912305516),
[92mINFO [0m:      	            (42, 0.7536067892503536),
[92mINFO [0m:      	            (43, 0.7541725601131541),
[92mINFO [0m:      	            (44, 0.755021216407355),
[92mINFO [0m:      	            (45, 0.7567185289957568),
[92mINFO [0m:      	            (46, 0.7578500707213579),
[92mINFO [0m:      	            (47, 0.7575671852899576),
[92mINFO [0m:      	            (48, 0.7581329561527581),
[92mINFO [0m:      	            (49, 0.7586987270155587),
[92mINFO [0m:      	            (50, 0.7586987270155587)],
[92mINFO [0m:      	 'spec': [(1, 0.404387853249668),
[92mINFO [0m:      	          (2, 0.4420830852379426),
[92mINFO [0m:      	          (3, 0.4350295424357624),
[92mINFO [0m:      	          (4, 0.43118215545275496),
[92mINFO [0m:      	          (5, 0.42907525305729854),
[92mINFO [0m:      	          (6, 0.4967709430678331),
[92mINFO [0m:      	          (7, 0.498236614299455),
[92mINFO [0m:      	          (8, 0.4986488343333486),
[92mINFO [0m:      	          (9, 0.5014427701186277),
[92mINFO [0m:      	          (10, 0.5039160903219897),
[92mINFO [0m:      	          (11, 0.5072138505931388),
[92mINFO [0m:      	          (12, 0.5104658086382998),
[92mINFO [0m:      	          (13, 0.5144048000732835),
[92mINFO [0m:      	          (14, 0.5163742957907754),
[92mINFO [0m:      	          (15, 0.52003847386983),
[92mINFO [0m:      	          (16, 0.5223285851692392),
[92mINFO [0m:      	          (17, 0.5246186964686483),
[92mINFO [0m:      	          (18, 0.5270920166720103),
[92mINFO [0m:      	          (19, 0.529748545779325),
[92mINFO [0m:      	          (20, 0.5329088993725095),
[92mINFO [0m:      	          (21, 0.5349699995419777),
[92mINFO [0m:      	          (22, 0.5378555397792333),
[92mINFO [0m:      	          (23, 0.5406952777905006),
[92mINFO [0m:      	          (24, 0.543306004671827),
[92mINFO [0m:      	          (25, 0.544817478129437),
[92mINFO [0m:      	          (26, 0.5470159849768699),
[92mINFO [0m:      	          (27, 0.5491686895983146),
[92mINFO [0m:      	          (28, 0.5510007786378418),
[92mINFO [0m:      	          (29, 0.5528786699033573),
[92mINFO [0m:      	          (30, 0.5548939678468374),
[92mINFO [0m:      	          (31, 0.5568176613383411),
[92mINFO [0m:      	          (32, 0.5579627169880457),
[92mINFO [0m:      	          (33, 0.5604360371914074),
[92mINFO [0m:      	          (34, 0.561810103971053),
[92mINFO [0m:      	          (35, 0.5630467640727339),
[92mINFO [0m:      	          (36, 0.5642376219484266),
[92mINFO [0m:      	          (37, 0.5654284798241195),
[92mINFO [0m:      	          (38, 0.5668941510557413),
[92mINFO [0m:      	          (39, 0.62213163559749),
[92mINFO [0m:      	          (40, 0.6236431090551),
[92mINFO [0m:      	          (41, 0.6246965602528283),
[92mINFO [0m:      	          (42, 0.6250171758347456),
[92mINFO [0m:      	          (43, 0.6255210003206155),
[92mINFO [0m:      	          (44, 0.6265744515183438),
[92mINFO [0m:      	          (45, 0.6274446938121192),
[92mINFO [0m:      	          (46, 0.6284523427838593),
[92mINFO [0m:      	          (47, 0.629872211789493),
[92mINFO [0m:      	          (48, 0.6308798607612329),
[92mINFO [0m:      	          (49, 0.6314752896990794),
[92mINFO [0m:      	          (50, 0.6321623230889022)],
[92mINFO [0m:      	 'threshold': [(1, 0.4),
[92mINFO [0m:      	               (2, 0.45),
[92mINFO [0m:      	               (3, 0.45),
[92mINFO [0m:      	               (4, 0.45),
[92mINFO [0m:      	               (5, 0.45),
[92mINFO [0m:      	               (6, 0.5),
[92mINFO [0m:      	               (7, 0.5),
[92mINFO [0m:      	               (8, 0.5),
[92mINFO [0m:      	               (9, 0.5),
[92mINFO [0m:      	               (10, 0.5),
[92mINFO [0m:      	               (11, 0.5),
[92mINFO [0m:      	               (12, 0.5),
[92mINFO [0m:      	               (13, 0.5),
[92mINFO [0m:      	               (14, 0.5),
[92mINFO [0m:      	               (15, 0.5),
[92mINFO [0m:      	               (16, 0.5),
[92mINFO [0m:      	               (17, 0.5),
[92mINFO [0m:      	               (18, 0.5),
[92mINFO [0m:      	               (19, 0.5),
[92mINFO [0m:      	               (20, 0.5),
[92mINFO [0m:      	               (21, 0.5),
[92mINFO [0m:      	               (22, 0.5),
[92mINFO [0m:      	               (23, 0.5),
[92mINFO [0m:      	               (24, 0.5),
[92mINFO [0m:      	               (25, 0.5),
[92mINFO [0m:      	               (26, 0.5),
[92mINFO [0m:      	               (27, 0.5),
[92mINFO [0m:      	               (28, 0.5),
[92mINFO [0m:      	               (29, 0.5),
[92mINFO [0m:      	               (30, 0.5),
[92mINFO [0m:      	               (31, 0.5),
[92mINFO [0m:      	               (32, 0.5),
[92mINFO [0m:      	               (33, 0.5),
[92mINFO [0m:      	               (34, 0.5),
[92mINFO [0m:      	               (35, 0.5),
[92mINFO [0m:      	               (36, 0.5),
[92mINFO [0m:      	               (37, 0.5),
[92mINFO [0m:      	               (38, 0.5),
[92mINFO [0m:      	               (39, 0.55),
[92mINFO [0m:      	               (40, 0.55),
[92mINFO [0m:      	               (41, 0.55),
[92mINFO [0m:      	               (42, 0.55),
[92mINFO [0m:      	               (43, 0.55),
[92mINFO [0m:      	               (44, 0.55),
[92mINFO [0m:      	               (45, 0.55),
[92mINFO [0m:      	               (46, 0.55),
[92mINFO [0m:      	               (47, 0.55),
[92mINFO [0m:      	               (48, 0.55),
[92mINFO [0m:      	               (49, 0.55),
[92mINFO [0m:      	               (50, 0.55)],
[92mINFO [0m:      	 'tn': [(1, 8829),
[92mINFO [0m:      	        (2, 9652),
[92mINFO [0m:      	        (3, 9498),
[92mINFO [0m:      	        (4, 9414),
[92mINFO [0m:      	        (5, 9368),
[92mINFO [0m:      	        (6, 10846),
[92mINFO [0m:      	        (7, 10878),
[92mINFO [0m:      	        (8, 10887),
[92mINFO [0m:      	        (9, 10948),
[92mINFO [0m:      	        (10, 11002),
[92mINFO [0m:      	        (11, 11074),
[92mINFO [0m:      	        (12, 11145),
[92mINFO [0m:      	        (13, 11231),
[92mINFO [0m:      	        (14, 11274),
[92mINFO [0m:      	        (15, 11354),
[92mINFO [0m:      	        (16, 11404),
[92mINFO [0m:      	        (17, 11454),
[92mINFO [0m:      	        (18, 11508),
[92mINFO [0m:      	        (19, 11566),
[92mINFO [0m:      	        (20, 11635),
[92mINFO [0m:      	        (21, 11680),
[92mINFO [0m:      	        (22, 11743),
[92mINFO [0m:      	        (23, 11805),
[92mINFO [0m:      	        (24, 11862),
[92mINFO [0m:      	        (25, 11895),
[92mINFO [0m:      	        (26, 11943),
[92mINFO [0m:      	        (27, 11990),
[92mINFO [0m:      	        (28, 12030),
[92mINFO [0m:      	        (29, 12071),
[92mINFO [0m:      	        (30, 12115),
[92mINFO [0m:      	        (31, 12157),
[92mINFO [0m:      	        (32, 12182),
[92mINFO [0m:      	        (33, 12236),
[92mINFO [0m:      	        (34, 12266),
[92mINFO [0m:      	        (35, 12293),
[92mINFO [0m:      	        (36, 12319),
[92mINFO [0m:      	        (37, 12345),
[92mINFO [0m:      	        (38, 12377),
[92mINFO [0m:      	        (39, 13583),
[92mINFO [0m:      	        (40, 13616),
[92mINFO [0m:      	        (41, 13639),
[92mINFO [0m:      	        (42, 13646),
[92mINFO [0m:      	        (43, 13657),
[92mINFO [0m:      	        (44, 13680),
[92mINFO [0m:      	        (45, 13699),
[92mINFO [0m:      	        (46, 13721),
[92mINFO [0m:      	        (47, 13752),
[92mINFO [0m:      	        (48, 13774),
[92mINFO [0m:      	        (49, 13787),
[92mINFO [0m:      	        (50, 13802)],
[92mINFO [0m:      	 'tp': [(1, 2707),
[92mINFO [0m:      	        (2, 2689),
[92mINFO [0m:      	        (3, 2742),
[92mINFO [0m:      	        (4, 2795),
[92mINFO [0m:      	        (5, 2825),
[92mINFO [0m:      	        (6, 2662),
[92mINFO [0m:      	        (7, 2675),
[92mINFO [0m:      	        (8, 2695),
[92mINFO [0m:      	        (9, 2707),
[92mINFO [0m:      	        (10, 2717),
[92mINFO [0m:      	        (11, 2731),
[92mINFO [0m:      	        (12, 2739),
[92mINFO [0m:      	        (13, 2746),
[92mINFO [0m:      	        (14, 2758),
[92mINFO [0m:      	        (15, 2760),
[92mINFO [0m:      	        (16, 2767),
[92mINFO [0m:      	        (17, 2774),
[92mINFO [0m:      	        (18, 2781),
[92mINFO [0m:      	        (19, 2785),
[92mINFO [0m:      	        (20, 2784),
[92mINFO [0m:      	        (21, 2781),
[92mINFO [0m:      	        (22, 2781),
[92mINFO [0m:      	        (23, 2782),
[92mINFO [0m:      	        (24, 2787),
[92mINFO [0m:      	        (25, 2789),
[92mINFO [0m:      	        (26, 2796),
[92mINFO [0m:      	        (27, 2802),
[92mINFO [0m:      	        (28, 2805),
[92mINFO [0m:      	        (29, 2811),
[92mINFO [0m:      	        (30, 2809),
[92mINFO [0m:      	        (31, 2809),
[92mINFO [0m:      	        (32, 2812),
[92mINFO [0m:      	        (33, 2815),
[92mINFO [0m:      	        (34, 2822),
[92mINFO [0m:      	        (35, 2825),
[92mINFO [0m:      	        (36, 2824),
[92mINFO [0m:      	        (37, 2825),
[92mINFO [0m:      	        (38, 2828),
[92mINFO [0m:      	        (39, 2652),
[92mINFO [0m:      	        (40, 2652),
[92mINFO [0m:      	        (41, 2657),
[92mINFO [0m:      	        (42, 2664),
[92mINFO [0m:      	        (43, 2666),
[92mINFO [0m:      	        (44, 2669),
[92mINFO [0m:      	        (45, 2675),
[92mINFO [0m:      	        (46, 2679),
[92mINFO [0m:      	        (47, 2678),
[92mINFO [0m:      	        (48, 2680),
[92mINFO [0m:      	        (49, 2682),
[92mINFO [0m:      	        (50, 2682)],
[92mINFO [0m:      	 'tpr': [(1, 0.7657708628005657),
[92mINFO [0m:      	         (2, 0.7606789250353607),
[92mINFO [0m:      	         (3, 0.7756718528995756),
[92mINFO [0m:      	         (4, 0.7906647807637907),
[92mINFO [0m:      	         (5, 0.7991513437057991),
[92mINFO [0m:      	         (6, 0.753041018387553),
[92mINFO [0m:      	         (7, 0.7567185289957568),
[92mINFO [0m:      	         (8, 0.7623762376237624),
[92mINFO [0m:      	         (9, 0.7657708628005657),
[92mINFO [0m:      	         (10, 0.7685997171145686),
[92mINFO [0m:      	         (11, 0.7725601131541726),
[92mINFO [0m:      	         (12, 0.7748231966053748),
[92mINFO [0m:      	         (13, 0.7768033946251768),
[92mINFO [0m:      	         (14, 0.7801980198019802),
[92mINFO [0m:      	         (15, 0.7807637906647807),
[92mINFO [0m:      	         (16, 0.7827439886845827),
[92mINFO [0m:      	         (17, 0.7847241867043847),
[92mINFO [0m:      	         (18, 0.7867043847241867),
[92mINFO [0m:      	         (19, 0.7878359264497878),
[92mINFO [0m:      	         (20, 0.7875530410183875),
[92mINFO [0m:      	         (21, 0.7867043847241867),
[92mINFO [0m:      	         (22, 0.7867043847241867),
[92mINFO [0m:      	         (23, 0.786987270155587),
[92mINFO [0m:      	         (24, 0.7884016973125884),
[92mINFO [0m:      	         (25, 0.788967468175389),
[92mINFO [0m:      	         (26, 0.790947666195191),
[92mINFO [0m:      	         (27, 0.7926449787835926),
[92mINFO [0m:      	         (28, 0.7934936350777935),
[92mINFO [0m:      	         (29, 0.7951909476661951),
[92mINFO [0m:      	         (30, 0.7946251768033946),
[92mINFO [0m:      	         (31, 0.7946251768033946),
[92mINFO [0m:      	         (32, 0.7954738330975955),
[92mINFO [0m:      	         (33, 0.7963224893917963),
[92mINFO [0m:      	         (34, 0.7983026874115983),
[92mINFO [0m:      	         (35, 0.7991513437057991),
[92mINFO [0m:      	         (36, 0.7988684582743989),
[92mINFO [0m:      	         (37, 0.7991513437057991),
[92mINFO [0m:      	         (38, 0.8),
[92mINFO [0m:      	         (39, 0.7502121640735502),
[92mINFO [0m:      	         (40, 0.7502121640735502),
[92mINFO [0m:      	         (41, 0.7516265912305516),
[92mINFO [0m:      	         (42, 0.7536067892503536),
[92mINFO [0m:      	         (43, 0.7541725601131541),
[92mINFO [0m:      	         (44, 0.755021216407355),
[92mINFO [0m:      	         (45, 0.7567185289957568),
[92mINFO [0m:      	         (46, 0.7578500707213579),
[92mINFO [0m:      	         (47, 0.7575671852899576),
[92mINFO [0m:      	         (48, 0.7581329561527581),
[92mINFO [0m:      	         (49, 0.7586987270155587),
[92mINFO [0m:      	         (50, 0.7586987270155587)],
[92mINFO [0m:      	 'youden': [(1, 0.17015871605023358),
[92mINFO [0m:      	            (2, 0.20276201027330343),
[92mINFO [0m:      	            (3, 0.21070139533533805),
[92mINFO [0m:      	            (4, 0.2218469362165456),
[92mINFO [0m:      	            (5, 0.22822659676309764),
[92mINFO [0m:      	            (6, 0.2498119614553862),
[92mINFO [0m:      	            (7, 0.25495514329521174),
[92mINFO [0m:      	            (8, 0.261025071957111),
[92mINFO [0m:      	            (9, 0.2672136329191934),
[92mINFO [0m:      	            (10, 0.27251580743655834),
[92mINFO [0m:      	            (11, 0.27977396374731134),
[92mINFO [0m:      	            (12, 0.2852890052436745),
[92mINFO [0m:      	            (13, 0.29120819469846015),
[92mINFO [0m:      	            (14, 0.29657231559275576),
[92mINFO [0m:      	            (15, 0.3008022645346107),
[92mINFO [0m:      	            (16, 0.3050725738538218),
[92mINFO [0m:      	            (17, 0.30934288317303293),
[92mINFO [0m:      	            (18, 0.31379640139619713),
[92mINFO [0m:      	            (19, 0.3175844722291128),
[92mINFO [0m:      	            (20, 0.32046194039089704),
[92mINFO [0m:      	            (21, 0.32167438426616446),
[92mINFO [0m:      	            (22, 0.32455992450341986),
[92mINFO [0m:      	            (23, 0.32768254794608764),
[92mINFO [0m:      	            (24, 0.33170770198441524),
[92mINFO [0m:      	            (25, 0.33378494630482614),
[92mINFO [0m:      	            (26, 0.33796365117206095),
[92mINFO [0m:      	            (27, 0.3418136683819073),
[92mINFO [0m:      	            (28, 0.34449441371563516),
[92mINFO [0m:      	            (29, 0.34806961756955257),
[92mINFO [0m:      	            (30, 0.34951914465023215),
[92mINFO [0m:      	            (31, 0.3514428381417356),
[92mINFO [0m:      	            (32, 0.3534365500856411),
[92mINFO [0m:      	            (33, 0.35675852658320384),
[92mINFO [0m:      	            (34, 0.3601127913826514),
[92mINFO [0m:      	            (35, 0.362198107778533),
[92mINFO [0m:      	            (36, 0.3631060802228254),
[92mINFO [0m:      	            (37, 0.36457982352991847),
[92mINFO [0m:      	            (38, 0.3668941510557413),
[92mINFO [0m:      	            (39, 0.37234379967104014),
[92mINFO [0m:      	            (40, 0.3738552731286502),
[92mINFO [0m:      	            (41, 0.3763231514833798),
[92mINFO [0m:      	            (42, 0.3786239650850991),
[92mINFO [0m:      	            (43, 0.3796935604337697),
[92mINFO [0m:      	            (44, 0.38159566792569866),
[92mINFO [0m:      	            (45, 0.38416322280787596),
[92mINFO [0m:      	            (46, 0.3863024135052173),
[92mINFO [0m:      	            (47, 0.38743939707945074),
[92mINFO [0m:      	            (48, 0.38901281691399103),
[92mINFO [0m:      	            (49, 0.39017401671463814),
[92mINFO [0m:      	            (50, 0.3908610501044609)]}
[92mINFO [0m:      
[36m(ClientAppActor pid=14756)[0m /home/bax9142/federated-edge-learning/.venv/lib64/python3.13/site-packages/sklearn/metrics/_ranking.py:424: UndefinedMetricWarning: Only one class is present in y_true. ROC AUC score is not defined in that case.[32m [repeated 41x across cluster][0m
[36m(ClientAppActor pid=14756)[0m   warnings.warn([32m [repeated 41x across cluster][0m

[36m(ClientAppActor pid=13793)[0m    Validation: 12 samples (client-local)[32m [repeated 241x across cluster][0m
[36m(ClientAppActor pid=13793)[0m    Test:       50737 samples (global, shared)[32m [repeated 241x across cluster][0m
[36m(ClientAppActor pid=13789)[0m [Client 209] Data split:[32m [repeated 249x across cluster][0m
[36m(ClientAppActor pid=13789)[0m    Train:      87 samples (client-local)[32m [repeated 249x across cluster][0m
[36m(ClientAppActor pid=13789)[0m    Validation: 12 samples (client-local)[32m [repeated 249x across cluster][0m
[36m(ClientAppActor pid=13789)[0m    Test:       50737 samples (global, shared)[32m [repeated 249x across cluster][0m
[36m(ClientAppActor pid=13768)[0m [Client 1829] Data split:[32m [repeated 192x across cluster][0m
[36m(ClientAppActor pid=13768)[0m    Train:      86 samples (client-local)[32m [repeated 192x across cluster][0m
[36m(ClientAppActor pid=13768)[0m    Validation: 12 samples (client-local)[32m [repeated 192x across cluster][0m
[36m(ClientAppActor pid=13768)[0m    Test:       50737 samples (global, shared)[32m [repeated 192x across cluster][0m
[36m(ClientAppActor pid=13764)[0m [Client 572] Data split:[32m [repeated 239x across cluster][0m
[36m(ClientAppActor pid=13764)[0m    Train:      87 samples (client-local)[32m [repeated 239x across cluster][0m
[36m(ClientAppActor pid=13764)[0m    Validation: 12 samples (client-local)[32m [repeated 239x across cluster][0m
[36m(ClientAppActor pid=13764)[0m    Test:       50737 samples (global, shared)[32m [repeated 239x across cluster][0m
[36m(ClientAppActor pid=14789)[0m [Client 15] Data split:[32m [repeated 258x across cluster][0m
[36m(ClientAppActor pid=14789)[0m    Train:      87 samples (client-local)[32m [repeated 258x across cluster][0m
[36m(ClientAppActor pid=14789)[0m    Validation: 12 samples (client-local)[32m [repeated 258x across cluster][0m
[36m(ClientAppActor pid=14789)[0m    Test:       50737 samples (global, shared)[32m [repeated 258x across cluster][0m
[36m(ClientAppActor pid=13767)[0m [Client 1650] Data split:[32m [repeated 255x across cluster][0m
[36m(ClientAppActor pid=13767)[0m    Train:      86 samples (client-local)[32m [repeated 255x across cluster][0m
[36m(ClientAppActor pid=13767)[0m    Validation: 12 samples (client-local)[32m [repeated 255x across cluster][0m
[36m(ClientAppActor pid=13767)[0m    Test:       50737 samples (global, shared)[32m [repeated 255x across cluster][0m
[36m(ClientAppActor pid=12033)[0m [Client 106] Data split:[32m [repeated 240x across cluster][0m
[36m(ClientAppActor pid=12033)[0m    Train:      87 samples (client-local)[32m [repeated 240x across cluster][0m
[36m(ClientAppActor pid=12033)[0m    Validation: 12 samples (client-local)[32m [repeated 240x across cluster][0m
[36m(ClientAppActor pid=12033)[0m    Test:       50737 samples (global, shared)[32m [repeated 240x across cluster][0m
[36m(ClientAppActor pid=13764)[0m [Client 1498] Data split:[32m [repeated 260x across cluster][0m
[36m(ClientAppActor pid=13764)[0m    Train:      86 samples (client-local)[32m [repeated 260x across cluster][0m
[36m(ClientAppActor pid=13764)[0m    Validation: 12 samples (client-local)[32m [repeated 260x across cluster][0m
[36m(ClientAppActor pid=13764)[0m    Test:       50737 samples (global, shared)[32m [repeated 260x across cluster][0m
[36m(ClientAppActor pid=12033)[0m [Client 42] Data split:[32m [repeated 255x across cluster][0m
[36m(ClientAppActor pid=12033)[0m    Train:      87 samples (client-local)[32m [repeated 255x across cluster][0m
[36m(ClientAppActor pid=12033)[0m    Validation: 12 samples (client-local)[32m [repeated 255x across cluster][0m
[36m(ClientAppActor pid=12033)[0m    Test:       50737 samples (global, shared)[32m [repeated 255x across cluster][0m
[36m(ClientAppActor pid=13776)[0m [Client 1597] Data split:[32m [repeated 265x across cluster][0m
[36m(ClientAppActor pid=13776)[0m    Train:      86 samples (client-local)[32m [repeated 265x across cluster][0m
[36m(ClientAppActor pid=13776)[0m    Validation: 12 samples (client-local)[32m [repeated 265x across cluster][0m
[36m(ClientAppActor pid=13776)[0m    Test:       50737 samples (global, shared)[32m [repeated 265x across cluster][0m

🎯 Multi-Threshold Aggregation:
   ═══════════════════════════════════════════════
   Evaluated 10 thresholds:
     • Thr=0.30: Recall=0.943, Spec=0.366, F1=0.322
     • Thr=0.35: Recall=0.918, Spec=0.420, F1=0.334
     • Thr=0.40: Recall=0.889, Spec=0.474, F1=0.346
   ...

   BEST Threshold: 0.55
     • Recall:      0.759
     • Specificity: 0.632
     • F1-Score:    0.376
     • Score:       0.665
   ═══════════════════════════════════════════════

⚠️  No rounds meet spec≥0.7, using recall filter only
 2 Pareto-optimal rounds (not dominated in recall & spec)

🎯 SELECTED ROUND 50:
   Recall:     0.759
   Specificity: 0.632
   F1-Score:    0.376
   Stability:   1.000
   Alerts/1000: 422.3
   Composite:   0.668


✅ Round 50 is NEW BEST - Saving checkpoint...
   💾 Checkpoint saved: result/splits_iid_scaling/splits_iid_2048_clients.json/multi_thr/model_round_50.pt
⚠️  No rounds meet spec≥0.7, using recall filter only
 2 Pareto-optimal rounds (not dominated in recall & spec)

🎯 SELECTED ROUND 50:
   Recall:     0.759
   Specificity: 0.632
   F1-Score:    0.376
   Stability:   1.000
   Alerts/1000: 422.3
   Composite:   0.668

   💾 Best model saved: result/splits_iid_scaling/splits_iid_2048_clients.json/multi_thr/model_round_50.pt
   📊 Metrics saved: result/splits_iid_scaling/splits_iid_2048_clients.json/multi_thr/run_1.json
[36m(ClientAppActor pid=14752)[0m [Client 309] Data split:[32m [repeated 146x across cluster][0m
[36m(ClientAppActor pid=14752)[0m    Train:      87 samples (client-local)[32m [repeated 146x across cluster][0m
[36m(ClientAppActor pid=14752)[0m    Validation: 12 samples (client-local)[32m [repeated 146x across cluster][0m
[36m(ClientAppActor pid=14752)[0m    Test:       50737 samples (global, shared)[32m [repeated 146x across cluster][0m
