Loading project configuration... 
Success
[92mINFO [0m:      Starting Flower ServerApp, config: num_rounds=50, no round_timeout
[92mINFO [0m:      
[92mINFO [0m:      [INIT]
[92mINFO [0m:      Requesting initial parameters from one random client
/home/bax9142/federated-edge-learning/.venv/lib64/python3.13/site-packages/ray/_private/worker.py:2051: FutureWarning: Tip: In future versions of Ray, Ray will no longer override accelerator visible devices env var if num_gpus=0 or num_gpus=None (default). To enable this behavior and turn off this error message, set RAY_ACCEL_ENV_VAR_OVERRIDE_ON_ZERO=0
  warnings.warn(
[92mINFO [0m:      Received initial parameters from one random client
[92mINFO [0m:      Starting evaluation of initial global parameters
[92mINFO [0m:      Evaluation returned no results (`None`)
[92mINFO [0m:      
[92mINFO [0m:      [ROUND 1]
[92mINFO [0m:      configure_fit: strategy sampled 1638 clients (out of 2048)
[36m(pid=gcs_server)[0m [2026-01-10 06:46:47,977 E 4988 4988] (gcs_server) gcs_server.cc:302: Failed to establish connection to the event+metrics exporter agent. Events and metrics will not be exported. Exporter agent status: RpcError: Running out of retries to initialize the metrics agent. rpc_code: 14
[33m(raylet)[0m [2026-01-10 06:46:50,601 E 5238 5238] (raylet) main.cc:975: Failed to establish connection to the metrics exporter agent. Metrics will not be exported. Exporter agent status: RpcError: Running out of retries to initialize the metrics agent. rpc_code: 14
[2026-01-10 06:46:51,568 E 4909 5443] core_worker_process.cc:825: Failed to establish connection to the metrics exporter agent. Metrics will not be exported. Exporter agent status: RpcError: Running out of retries to initialize the metrics agent. rpc_code: 14
[36m(ClientAppActor pid=11993)[0m [2026-01-10 06:46:52,639 E 11993 14429] core_worker_process.cc:825: Failed to establish connection to the metrics exporter agent. Metrics will not be exported. Exporter agent status: RpcError: Running out of retries to initialize the metrics agent. rpc_code: 14
[36m(ClientAppActor pid=32665)[0m [2026-01-10 06:46:57,663 E 32665 39475] core_worker_process.cc:825: Failed to establish connection to the metrics exporter agent. Metrics will not be exported. Exporter agent status: RpcError: Running out of retries to initialize the metrics agent. rpc_code: 14[32m [repeated 296x across cluster][0m
[36m(ClientAppActor pid=59914)[0m [2026-01-10 06:47:02,669 E 59914 65384] core_worker_process.cc:825: Failed to establish connection to the metrics exporter agent. Metrics will not be exported. Exporter agent status: RpcError: Running out of retries to initialize the metrics agent. rpc_code: 14[32m [repeated 291x across cluster][0m
[36m(ClientAppActor pid=83809)[0m [2026-01-10 06:47:07,617 E 83809 89396] core_worker_process.cc:825: Failed to establish connection to the metrics exporter agent. Metrics will not be exported. Exporter agent status: RpcError: Running out of retries to initialize the metrics agent. rpc_code: 14[32m [repeated 267x across cluster][0m
[36m(DatasetHolder pid=115956)[0m [2026-01-10 06:47:13,895 E 115956 116030] core_worker_process.cc:825: Failed to establish connection to the metrics exporter agent. Metrics will not be exported. Exporter agent status: RpcError: Running out of retries to initialize the metrics agent. rpc_code: 14[32m [repeated 266x across cluster][0m
[92mINFO [0m:      aggregate_fit: received 1638 results and 0 failures
[92mINFO [0m:      configure_evaluate: strategy sampled 2048 clients (out of 2048)
[33m(raylet)[0m WARNING: 448 PYTHON worker processes have been started on node: eb9d4f3bdd3ebfe6c66ff4efb07c04a504bcf96be79d8309266f2ddd with address: 134.100.85.18. This could be a result of using a large number of actors, or due to tasks blocked in ray.get() calls (see https://github.com/ray-project/ray/issues/3644 for some discussion of workarounds).
[33m(raylet)[0m WARNING: 1120 PYTHON worker processes have been started on node: eb9d4f3bdd3ebfe6c66ff4efb07c04a504bcf96be79d8309266f2ddd with address: 134.100.85.18. This could be a result of using a large number of actors, or due to tasks blocked in ray.get() calls (see https://github.com/ray-project/ray/issues/3644 for some discussion of workarounds).[32m [repeated 6x across cluster] (Ray deduplicates logs by default. Set RAY_DEDUP_LOGS=0 to disable log deduplication, or see https://docs.ray.io/en/master/ray-observability/user-guides/configure-logging.html#log-deduplication for more options.)[0m
[33m(raylet)[0m WARNING: 1683 PYTHON worker processes have been started on node: eb9d4f3bdd3ebfe6c66ff4efb07c04a504bcf96be79d8309266f2ddd with address: 134.100.85.18. This could be a result of using a large number of actors, or due to tasks blocked in ray.get() calls (see https://github.com/ray-project/ray/issues/3644 for some discussion of workarounds).[32m [repeated 5x across cluster][0m
[33m(raylet)[0m It looks like you're creating a detached actor in an anonymous namespace. In order to access this actor in the future, you will need to explicitly connect to this namespace with ray.init(namespace="74026a20-31dd-402b-93d8-6bcbd4a3ba33", ...)
[33m(raylet)[0m WARNING: 1904 PYTHON worker processes have been started on node: eb9d4f3bdd3ebfe6c66ff4efb07c04a504bcf96be79d8309266f2ddd with address: 134.100.85.18. This could be a result of using a large number of actors, or due to tasks blocked in ray.get() calls (see https://github.com/ray-project/ray/issues/3644 for some discussion of workarounds).[32m [repeated 2x across cluster][0m
[36m(ClientAppActor pid=98898)[0m [Client 524] Data split:
[36m(ClientAppActor pid=98898)[0m    Train:      87 samples (client-local)
[36m(ClientAppActor pid=98898)[0m    Validation: 12 samples (client-local)
[36m(DatasetHolder pid=115956)[0m 🔄 DatasetHolder: Loading dataset ONCE into memory...
[36m(DatasetHolder pid=115956)[0m    Source: data/diabetes.parquet
[36m(DatasetHolder pid=115956)[0m    Loaded: 253,680 samples × 23 columns
[36m(DatasetHolder pid=115956)[0m ✅ DatasetHolder: Dataset cached in Actor memory
[36m(DatasetHolder pid=115956)[0m    Shape: X=(253680, 21), y=(253680,)
[36m(DatasetHolder pid=115956)[0m    Memory: ~20.3 MB
[36m(DatasetHolder pid=115956)[0m    Row-ID mapping: 253,680 entries
[36m(DatasetHolder pid=115956)[0m 
[36m(ClientAppActor pid=98898)[0m [Client 166] Data split:
[36m(ClientAppActor pid=98898)[0m    Train:      87 samples (client-local)
[36m(ClientAppActor pid=98898)[0m    Validation: 12 samples (client-local)
[33m(raylet)[0m WARNING: 2232 PYTHON worker processes have been started on node: eb9d4f3bdd3ebfe6c66ff4efb07c04a504bcf96be79d8309266f2ddd with address: 134.100.85.18. This could be a result of using a large number of actors, or due to tasks blocked in ray.get() calls (see https://github.com/ray-project/ray/issues/3644 for some discussion of workarounds).
[36m(ClientAppActor pid=106270)[0m [Client 1325] Data split:[32m [repeated 32x across cluster][0m
[36m(ClientAppActor pid=106270)[0m    Train:      87 samples (client-local)[32m [repeated 32x across cluster][0m
[36m(ClientAppActor pid=106270)[0m    Validation: 12 samples (client-local)[32m [repeated 32x across cluster][0m
[36m(ClientAppActor pid=59018)[0m [Client 108] Data split:[32m [repeated 144x across cluster][0m
[36m(ClientAppActor pid=59018)[0m    Train:      87 samples (client-local)[32m [repeated 144x across cluster][0m
[36m(ClientAppActor pid=59018)[0m    Validation: 12 samples (client-local)[32m [repeated 144x across cluster][0m
[36m(ClientAppActor pid=98378)[0m [Client 701] Data split:[32m [repeated 135x across cluster][0m
[36m(ClientAppActor pid=98378)[0m    Train:      87 samples (client-local)[32m [repeated 135x across cluster][0m
[36m(ClientAppActor pid=98378)[0m    Validation: 12 samples (client-local)[32m [repeated 135x across cluster][0m
[36m(ClientAppActor pid=57814)[0m [Client 133] Data split:[32m [repeated 129x across cluster][0m
[36m(ClientAppActor pid=57814)[0m    Train:      87 samples (client-local)[32m [repeated 129x across cluster][0m
[36m(ClientAppActor pid=57814)[0m    Validation: 12 samples (client-local)[32m [repeated 129x across cluster][0m
[36m(ClientAppActor pid=58617)[0m [Client 619] Data split:[32m [repeated 119x across cluster][0m
[36m(ClientAppActor pid=58617)[0m    Train:      87 samples (client-local)[32m [repeated 119x across cluster][0m
[36m(ClientAppActor pid=58617)[0m    Validation: 12 samples (client-local)[32m [repeated 119x across cluster][0m
[36m(ClientAppActor pid=98757)[0m [Client 216] Data split:[32m [repeated 139x across cluster][0m
[36m(ClientAppActor pid=98757)[0m    Train:      87 samples (client-local)[32m [repeated 139x across cluster][0m
[36m(ClientAppActor pid=98757)[0m    Validation: 12 samples (client-local)[32m [repeated 139x across cluster][0m
[36m(ClientAppActor pid=106624)[0m [Client 526] Data split:[32m [repeated 141x across cluster][0m
[36m(ClientAppActor pid=106624)[0m    Train:      87 samples (client-local)[32m [repeated 141x across cluster][0m
[36m(ClientAppActor pid=106624)[0m    Validation: 12 samples (client-local)[32m [repeated 141x across cluster][0m
[36m(ClientAppActor pid=57434)[0m [Client 1785] Data split:[32m [repeated 148x across cluster][0m
[36m(ClientAppActor pid=57434)[0m    Train:      86 samples (client-local)[32m [repeated 148x across cluster][0m
[36m(ClientAppActor pid=57434)[0m    Validation: 12 samples (client-local)[32m [repeated 148x across cluster][0m
[36m(ClientAppActor pid=58500)[0m [Client 413] Data split:[32m [repeated 144x across cluster][0m
[36m(ClientAppActor pid=58500)[0m    Train:      87 samples (client-local)[32m [repeated 144x across cluster][0m
[36m(ClientAppActor pid=58500)[0m    Validation: 12 samples (client-local)[32m [repeated 144x across cluster][0m
[36m(ClientAppActor pid=58852)[0m [Client 353] Data split:[32m [repeated 123x across cluster][0m
[36m(ClientAppActor pid=58852)[0m    Train:      87 samples (client-local)[32m [repeated 123x across cluster][0m
[36m(ClientAppActor pid=58852)[0m    Validation: 12 samples (client-local)[32m [repeated 123x across cluster][0m
[36m(ClientAppActor pid=106624)[0m [Client 1040] Data split:[32m [repeated 147x across cluster][0m
[36m(ClientAppActor pid=106624)[0m    Train:      87 samples (client-local)[32m [repeated 147x across cluster][0m
[36m(ClientAppActor pid=106624)[0m    Validation: 12 samples (client-local)[32m [repeated 147x across cluster][0m
[36m(ClientAppActor pid=100060)[0m [Client 817] Data split:[32m [repeated 150x across cluster][0m
[36m(ClientAppActor pid=100060)[0m    Train:      87 samples (client-local)[32m [repeated 150x across cluster][0m
[36m(ClientAppActor pid=100060)[0m    Validation: 12 samples (client-local)[32m [repeated 150x across cluster][0m
[36m(ClientAppActor pid=57636)[0m [Client 338] Data split:[32m [repeated 119x across cluster][0m
[36m(ClientAppActor pid=57636)[0m    Train:      87 samples (client-local)[32m [repeated 119x across cluster][0m
[36m(ClientAppActor pid=57636)[0m    Validation: 12 samples (client-local)[32m [repeated 119x across cluster][0m
[36m(ClientAppActor pid=100060)[0m [Client 1348] Data split:[32m [repeated 147x across cluster][0m
[36m(ClientAppActor pid=100060)[0m    Train:      87 samples (client-local)[32m [repeated 147x across cluster][0m
[36m(ClientAppActor pid=100060)[0m    Validation: 12 samples (client-local)[32m [repeated 147x across cluster][0m
[36m(ClientAppActor pid=57689)[0m [Client 125] Data split:[32m [repeated 140x across cluster][0m
[36m(ClientAppActor pid=57689)[0m    Train:      87 samples (client-local)[32m [repeated 140x across cluster][0m[92mINFO [0m:      aggregate_evaluate: received 2048 results and 0 failures
[92mINFO [0m:      
[92mINFO [0m:      [ROUND 2]
[92mINFO [0m:      configure_fit: strategy sampled 1638 clients (out of 2048)

[36m(ClientAppActor pid=57689)[0m    Validation: 12 samples (client-local)[32m [repeated 140x across cluster][0m
[36m(ClientAppActor pid=100011)[0m [Client 344] Data split:[32m [repeated 154x across cluster][0m
[36m(ClientAppActor pid=100011)[0m    Train:      87 samples (client-local)[32m [repeated 154x across cluster][0m
[36m(ClientAppActor pid=100011)[0m    Validation: 12 samples (client-local)[32m [repeated 154x across cluster][0m
[36m(ClientAppActor pid=106270)[0m [Client 1436] Data split:[32m [repeated 120x across cluster][0m
[36m(ClientAppActor pid=106270)[0m    Train:      87 samples (client-local)[32m [repeated 120x across cluster][0m
[36m(ClientAppActor pid=106270)[0m    Validation: 12 samples (client-local)[32m [repeated 120x across cluster][0m
[36m(ClientAppActor pid=58500)[0m [Client 273] Data split:[32m [repeated 132x across cluster][0m
[36m(ClientAppActor pid=58500)[0m    Train:      87 samples (client-local)[32m [repeated 132x across cluster][0m
[36m(ClientAppActor pid=58500)[0m    Validation: 12 samples (client-local)[32m [repeated 132x across cluster][0m
[36m(ClientAppActor pid=106624)[0m [Client 258] Data split:[32m [repeated 137x across cluster][0m
[36m(ClientAppActor pid=106624)[0m    Train:      87 samples (client-local)[32m [repeated 137x across cluster][0m
[36m(ClientAppActor pid=106624)[0m    Validation: 12 samples (client-local)[32m [repeated 137x across cluster][0m
[36m(ClientAppActor pid=58911)[0m [Client 661] Data split:[32m [repeated 139x across cluster][0m
[36m(ClientAppActor pid=58911)[0m    Train:      87 samples (client-local)[32m [repeated 139x across cluster][0m
[36m(ClientAppActor pid=58911)[0m    Validation: 12 samples (client-local)[32m [repeated 139x across cluster][0m
[36m(ClientAppActor pid=58617)[0m [Client 1652] Data split:[32m [repeated 139x across cluster][0m
[36m(ClientAppActor pid=58617)[0m    Train:      86 samples (client-local)[32m [repeated 139x across cluster][0m
[36m(ClientAppActor pid=58617)[0m    Validation: 12 samples (client-local)[32m [repeated 139x across cluster][0m
[36m(ClientAppActor pid=58852)[0m [Client 808] Data split:[32m [repeated 142x across cluster][0m
[36m(ClientAppActor pid=58852)[0m    Train:      87 samples (client-local)[32m [repeated 142x across cluster][0m
[36m(ClientAppActor pid=58852)[0m    Validation: 12 samples (client-local)[32m [repeated 142x across cluster][0m
[36m(ClientAppActor pid=58617)[0m [Client 565] Data split:[32m [repeated 136x across cluster][0m
[36m(ClientAppActor pid=58617)[0m    Train:      87 samples (client-local)[32m [repeated 136x across cluster][0m
[36m(ClientAppActor pid=58617)[0m    Validation: 12 samples (client-local)[32m [repeated 136x across cluster][0m
[36m(ClientAppActor pid=108073)[0m [Client 1213] Data split:[32m [repeated 142x across cluster][0m
[36m(ClientAppActor pid=108073)[0m    Train:      87 samples (client-local)[32m [repeated 142x across cluster][0m
[36m(ClientAppActor pid=108073)[0m    Validation: 12 samples (client-local)[32m [repeated 142x across cluster][0m
[36m(ClientAppActor pid=57814)[0m [Client 1526] Data split:[32m [repeated 138x across cluster][0m
[36m(ClientAppActor pid=57814)[0m    Train:      86 samples (client-local)[32m [repeated 138x across cluster][0m
[36m(ClientAppActor pid=57814)[0m    Validation: 12 samples (client-local)[32m [repeated 138x across cluster][0m
[36m(ClientAppActor pid=106624)[0m [Client 715] Data split:[32m [repeated 142x across cluster][0m
[36m(ClientAppActor pid=106624)[0m    Train:      87 samples (client-local)[32m [repeated 142x across cluster][0m
[36m(ClientAppActor pid=106624)[0m    Validation: 12 samples (client-local)[32m [repeated 142x across cluster][0m
[36m(ClientAppActor pid=98898)[0m [Client 193] Data split:[32m [repeated 153x across cluster][0m
[36m(ClientAppActor pid=98898)[0m    Train:      87 samples (client-local)[32m [repeated 153x across cluster][0m
[36m(ClientAppActor pid=98898)[0m    Validation: 12 samples (client-local)[32m [repeated 153x across cluster][0m

🎯 Multi-Threshold Aggregation:
   ═══════════════════════════════════════════════
   ✅ Valid clients: 2048
   Evaluated 10 thresholds:
     • Thr=0.15: Recall=0.725, Spec=0.347, F1=0.252
     • Thr=0.20: Recall=0.639, Spec=0.447, F1=0.253
     • Thr=0.25: Recall=0.562, Spec=0.529, F1=0.251
   ...

   BEST Threshold: 0.15
     • Recall:      0.725
     • Specificity: 0.347
     • F1-Score:    0.252
     • Score:       0.527
   ═══════════════════════════════════════════════

⚠️  No rounds meet spec≥0.7, using recall filter only
   BUT: Filtered to top 1 by specificity (spec range: 0.347-0.347)
 1 Pareto-optimal rounds (not dominated in recall & spec)

🎯 SELECTED ROUND 1:
   Recall:     0.725
   Specificity: 0.347
   F1-Score:    0.252
   Stability:   1.000
   Alerts/1000: 662.9
   Composite:   0.544

   💾 Checkpoint saved: result/splits_iid_scaling/splits_iid_2048_clients.json/multi_thr/model_round_1.pt
⚠️  No rounds meet spec≥0.7, using recall filter only
   BUT: Filtered to top 1 by specificity (spec range: 0.347-0.347)
 1 Pareto-optimal rounds (not dominated in recall & spec)

🎯 SELECTED ROUND 1:
   Recall:     0.725
   Specificity: 0.347
   F1-Score:    0.252
   Stability:   1.000
   Alerts/1000: 662.9
   Composite:   0.544

   💾 Best model saved: result/splits_iid_scaling/splits_iid_2048_clients.json/multi_thr/model_round_1.pt
   📊 Metrics saved: result/splits_iid_scaling/splits_iid_2048_clients.json/multi_thr/run_1.json
[36m(ClientAppActor pid=58500)[0m [Client 37] Data split:[32m [repeated 121x across cluster][0m
[36m(ClientAppActor pid=58500)[0m    Train:      87 samples (client-local)[32m [repeated 121x across cluster][0m
[36m(ClientAppActor pid=58500)[0m    Validation: 12 samples (client-local)[32m [repeated 121x across cluster][0m
[36m(ClientAppActor pid=106270)[0m [Client 1387] Data split:[32m [repeated 125x across cluster][0m
[36m(ClientAppActor pid=106270)[0m    Train:      87 samples (client-local)[32m [repeated 125x across cluster][0m
[36m(ClientAppActor pid=106270)[0m    Validation: 12 samples (client-local)[32m [repeated 125x across cluster][0m
[36m(ClientAppActor pid=58911)[0m [Client 124] Data split:[32m [repeated 141x across cluster][0m
[36m(ClientAppActor pid=58911)[0m    Train:      87 samples (client-local)[32m [repeated 141x across cluster][0m
[36m(ClientAppActor pid=58911)[0m    Validation: 12 samples (client-local)[32m [repeated 141x across cluster][0m
[36m(ClientAppActor pid=57434)[0m [Client 912] Data split:[32m [repeated 149x across cluster][0m
[36m(ClientAppActor pid=57434)[0m    Train:      87 samples (client-local)[32m [repeated 149x across cluster][0m
[36m(ClientAppActor pid=57434)[0m    Validation: 12 samples (client-local)[32m [repeated 149x across cluster][0m
[36m(ClientAppActor pid=100011)[0m [Client 1981] Data split:[32m [repeated 145x across cluster][0m
[36m(ClientAppActor pid=100011)[0m    Train:      86 samples (client-local)[32m [repeated 145x across cluster][0m
[36m(ClientAppActor pid=100011)[0m    Validation: 12 samples (client-local)[32m [repeated 145x across cluster][0m
[36m(ClientAppActor pid=100060)[0m [Client 1388] Data split:[32m [repeated 144x across cluster][0m
[36m(ClientAppActor pid=100060)[0m    Train:      87 samples (client-local)[32m [repeated 144x across cluster][0m
[36m(ClientAppActor pid=100060)[0m    Validation: 12 samples (client-local)[32m [repeated 144x across cluster][0m
[36m(ClientAppActor pid=100120)[0m [Client 2007] Data split:[32m [repeated 142x across cluster][0m
[36m(ClientAppActor pid=100120)[0m    Train:      86 samples (client-local)[32m [repeated 142x across cluster][0m
[36m(ClientAppActor pid=100120)[0m    Validation: 12 samples (client-local)[32m [repeated 142x across cluster][0m[92mINFO [0m:      aggregate_fit: received 1638 results and 0 failures
[92mINFO [0m:      configure_evaluate: strategy sampled 2048 clients (out of 2048)
[92mINFO [0m:      aggregate_evaluate: received 2048 results and 0 failures
[92mINFO [0m:      
[92mINFO [0m:      [ROUND 3]
[92mINFO [0m:      configure_fit: strategy sampled 1638 clients (out of 2048)

[36m(ClientAppActor pid=57434)[0m [Client 1420] Data split:[32m [repeated 145x across cluster][0m
[36m(ClientAppActor pid=57434)[0m    Train:      87 samples (client-local)[32m [repeated 145x across cluster][0m
[36m(ClientAppActor pid=57434)[0m    Validation: 12 samples (client-local)[32m [repeated 145x across cluster][0m
[36m(ClientAppActor pid=58617)[0m [Client 695] Data split:[32m [repeated 153x across cluster][0m
[36m(ClientAppActor pid=58617)[0m    Train:      87 samples (client-local)[32m [repeated 153x across cluster][0m
[36m(ClientAppActor pid=58617)[0m    Validation: 12 samples (client-local)[32m [repeated 153x across cluster][0m
[36m(ClientAppActor pid=58617)[0m [Client 1743] Data split:[32m [repeated 142x across cluster][0m
[36m(ClientAppActor pid=58617)[0m    Train:      86 samples (client-local)[32m [repeated 142x across cluster][0m
[36m(ClientAppActor pid=58617)[0m    Validation: 12 samples (client-local)[32m [repeated 142x across cluster][0m
[36m(ClientAppActor pid=98898)[0m [Client 566] Data split:[32m [repeated 139x across cluster][0m
[36m(ClientAppActor pid=98898)[0m    Train:      87 samples (client-local)[32m [repeated 139x across cluster][0m
[36m(ClientAppActor pid=98898)[0m    Validation: 12 samples (client-local)[32m [repeated 139x across cluster][0m
[36m(ClientAppActor pid=58617)[0m [Client 254] Data split:[32m [repeated 147x across cluster][0m
[36m(ClientAppActor pid=58617)[0m    Train:      87 samples (client-local)[32m [repeated 147x across cluster][0m
[36m(ClientAppActor pid=58617)[0m    Validation: 12 samples (client-local)[32m [repeated 147x across cluster][0m
[36m(ClientAppActor pid=100120)[0m [Client 54] Data split:[32m [repeated 133x across cluster][0m
[36m(ClientAppActor pid=100120)[0m    Train:      87 samples (client-local)[32m [repeated 133x across cluster][0m
[36m(ClientAppActor pid=100120)[0m    Validation: 12 samples (client-local)[32m [repeated 133x across cluster][0m
[36m(ClientAppActor pid=57636)[0m [Client 151] Data split:[32m [repeated 146x across cluster][0m
[36m(ClientAppActor pid=57636)[0m    Train:      87 samples (client-local)[32m [repeated 146x across cluster][0m
[36m(ClientAppActor pid=57636)[0m    Validation: 12 samples (client-local)[32m [repeated 146x across cluster][0m
[36m(ClientAppActor pid=58911)[0m [Client 1798] Data split:[32m [repeated 143x across cluster][0m
[36m(ClientAppActor pid=58911)[0m    Train:      86 samples (client-local)[32m [repeated 143x across cluster][0m
[36m(ClientAppActor pid=58911)[0m    Validation: 12 samples (client-local)[32m [repeated 143x across cluster][0m
[36m(ClientAppActor pid=100120)[0m [Client 1022] Data split:[32m [repeated 146x across cluster][0m
[36m(ClientAppActor pid=100120)[0m    Train:      87 samples (client-local)[32m [repeated 146x across cluster][0m
[36m(ClientAppActor pid=100120)[0m    Validation: 12 samples (client-local)[32m [repeated 146x across cluster][0m
[36m(ClientAppActor pid=98898)[0m [Client 1743] Data split:[32m [repeated 157x across cluster][0m
[36m(ClientAppActor pid=98898)[0m    Train:      86 samples (client-local)[32m [repeated 157x across cluster][0m
[36m(ClientAppActor pid=98898)[0m    Validation: 12 samples (client-local)[32m [repeated 157x across cluster][0m
[36m(ClientAppActor pid=100781)[0m [Client 947] Data split:[32m [repeated 144x across cluster][0m
[36m(ClientAppActor pid=100781)[0m    Train:      87 samples (client-local)[32m [repeated 144x across cluster][0m
[36m(ClientAppActor pid=100781)[0m    Validation: 12 samples (client-local)[32m [repeated 144x across cluster][0m
[36m(ClientAppActor pid=97834)[0m [Client 11] Data split:[32m [repeated 142x across cluster][0m
[36m(ClientAppActor pid=97834)[0m    Train:      87 samples (client-local)[32m [repeated 142x across cluster][0m
[36m(ClientAppActor pid=97834)[0m    Validation: 12 samples (client-local)[32m [repeated 142x across cluster][0m
[36m(ClientAppActor pid=106624)[0m [Client 74] Data split:[32m [repeated 139x across cluster][0m
[36m(ClientAppActor pid=106624)[0m    Train:      87 samples (client-local)[32m [repeated 139x across cluster][0m
[36m(ClientAppActor pid=106624)[0m    Validation: 12 samples (client-local)[32m [repeated 139x across cluster][0m
[36m(ClientAppActor pid=98898)[0m [Client 703] Data split:[32m [repeated 140x across cluster][0m
[36m(ClientAppActor pid=98898)[0m    Train:      87 samples (client-local)[32m [repeated 140x across cluster][0m
[36m(ClientAppActor pid=98898)[0m    Validation: 12 samples (client-local)[32m [repeated 140x across cluster][0m
[36m(ClientAppActor pid=58006)[0m [Client 1955] Data split:[32m [repeated 138x across cluster][0m
[36m(ClientAppActor pid=58006)[0m    Train:      86 samples (client-local)[32m [repeated 138x across cluster][0m
[36m(ClientAppActor pid=58006)[0m    Validation: 12 samples (client-local)[32m [repeated 138x across cluster][0m
[36m(ClientAppActor pid=106624)[0m [Client 403] Data split:[32m [repeated 153x across cluster][0m
[36m(ClientAppActor pid=106624)[0m    Train:      87 samples (client-local)[32m [repeated 153x across cluster][0m
[36m(ClientAppActor pid=106624)[0m    Validation: 12 samples (client-local)[32m [repeated 153x across cluster][0m
[36m(ClientAppActor pid=100060)[0m [Client 2047] Data split:[32m [repeated 155x across cluster][0m
[36m(ClientAppActor pid=100060)[0m    Train:      86 samples (client-local)[32m [repeated 155x across cluster][0m
[36m(ClientAppActor pid=100060)[0m    Validation: 804 samples (client-local)[32m [repeated 155x across cluster][0m
[36m(ClientAppActor pid=106270)[0m [Client 2027] Data split:[32m [repeated 141x across cluster][0m
[36m(ClientAppActor pid=106270)[0m    Train:      86 samples (client-local)[32m [repeated 141x across cluster][0m
[36m(ClientAppActor pid=106270)[0m    Validation: 12 samples (client-local)[32m [repeated 141x across cluster][0m
[36m(ClientAppActor pid=98100)[0m [Client 1682] Data split:[32m [repeated 137x across cluster][0m
[36m(ClientAppActor pid=98100)[0m    Train:      86 samples (client-local)[32m [repeated 137x across cluster][0m
[36m(ClientAppActor pid=98100)[0m    Validation: 12 samples (client-local)[32m [repeated 137x across cluster][0m
⏭️  Round 2: Evaluation skipped (all n_val=0)
[36m(ClientAppActor pid=99190)[0m [Client 1483] Data split:[32m [repeated 132x across cluster][0m
[36m(ClientAppActor pid=99190)[0m    Train:      86 samples (client-local)[32m [repeated 132x across cluster][0m
[36m(ClientAppActor pid=99190)[0m    Validation: 12 samples (client-local)[32m [repeated 132x across cluster][0m
[36m(ClientAppActor pid=58033)[0m [Client 311] Data split:[32m [repeated 144x across cluster][0m
[36m(ClientAppActor pid=58033)[0m    Train:      87 samples (client-local)[32m [repeated 144x across cluster][0m
[36m(ClientAppActor pid=58033)[0m    Validation: 12 samples (client-local)[32m [repeated 144x across cluster][0m
[36m(ClientAppActor pid=100011)[0m [Client 1832] Data split:[32m [repeated 129x across cluster][0m
[36m(ClientAppActor pid=100011)[0m    Train:      86 samples (client-local)[32m [repeated 129x across cluster][0m
[36m(ClientAppActor pid=100011)[0m    Validation: 12 samples (client-local)[32m [repeated 129x across cluster][0m
[36m(ClientAppActor pid=58617)[0m [Client 561] Data split:[32m [repeated 129x across cluster][0m
[36m(ClientAppActor pid=58617)[0m    Train:      87 samples (client-local)[32m [repeated 129x across cluster][0m
[36m(ClientAppActor pid=58617)[0m    Validation: 12 samples (client-local)[32m [repeated 129x across cluster][0m
[36m(ClientAppActor pid=58617)[0m [Client 1071] Data split:[32m [repeated 158x across cluster][0m
[36m(ClientAppActor pid=58617)[0m    Train:      87 samples (client-local)[32m [repeated 158x across cluster][0m
[36m(ClientAppActor pid=58617)[0m    Validation: 12 samples (client-local)[32m [repeated 158x across cluster][0m
[36m(ClientAppActor pid=106270)[0m [Client 1441] Data split:[32m [repeated 143x across cluster][0m[92mINFO [0m:      aggregate_fit: received 1638 results and 0 failures
[92mINFO [0m:      configure_evaluate: strategy sampled 2048 clients (out of 2048)
[92mINFO [0m:      aggregate_evaluate: received 2048 results and 0 failures
[92mINFO [0m:      
[92mINFO [0m:      [ROUND 4]
[92mINFO [0m:      configure_fit: strategy sampled 1638 clients (out of 2048)

[36m(ClientAppActor pid=106270)[0m    Train:      87 samples (client-local)[32m [repeated 143x across cluster][0m
[36m(ClientAppActor pid=106270)[0m    Validation: 12 samples (client-local)[32m [repeated 143x across cluster][0m
[36m(ClientAppActor pid=106270)[0m [Client 373] Data split:[32m [repeated 141x across cluster][0m
[36m(ClientAppActor pid=106270)[0m    Train:      87 samples (client-local)[32m [repeated 141x across cluster][0m
[36m(ClientAppActor pid=106270)[0m    Validation: 12 samples (client-local)[32m [repeated 141x across cluster][0m
[36m(ClientAppActor pid=100060)[0m [Client 1840] Data split:[32m [repeated 142x across cluster][0m
[36m(ClientAppActor pid=100060)[0m    Train:      86 samples (client-local)[32m [repeated 142x across cluster][0m
[36m(ClientAppActor pid=100060)[0m    Validation: 12 samples (client-local)[32m [repeated 142x across cluster][0m
[36m(ClientAppActor pid=106270)[0m [Client 109] Data split:[32m [repeated 148x across cluster][0m
[36m(ClientAppActor pid=106270)[0m    Train:      87 samples (client-local)[32m [repeated 148x across cluster][0m
[36m(ClientAppActor pid=106270)[0m    Validation: 12 samples (client-local)[32m [repeated 148x across cluster][0m
[36m(ClientAppActor pid=98378)[0m [Client 1668] Data split:[32m [repeated 141x across cluster][0m
[36m(ClientAppActor pid=98378)[0m    Train:      86 samples (client-local)[32m [repeated 141x across cluster][0m
[36m(ClientAppActor pid=98378)[0m    Validation: 12 samples (client-local)[32m [repeated 141x across cluster][0m
[36m(ClientAppActor pid=106624)[0m [Client 632] Data split:[32m [repeated 150x across cluster][0m
[36m(ClientAppActor pid=106624)[0m    Train:      87 samples (client-local)[32m [repeated 150x across cluster][0m
[36m(ClientAppActor pid=106624)[0m    Validation: 12 samples (client-local)[32m [repeated 150x across cluster][0m
[36m(ClientAppActor pid=58006)[0m [Client 1798] Data split:[32m [repeated 115x across cluster][0m
[36m(ClientAppActor pid=58006)[0m    Train:      86 samples (client-local)[32m [repeated 115x across cluster][0m
[36m(ClientAppActor pid=58006)[0m    Validation: 12 samples (client-local)[32m [repeated 115x across cluster][0m
[36m(ClientAppActor pid=97834)[0m [Client 1923] Data split:[32m [repeated 143x across cluster][0m
[36m(ClientAppActor pid=97834)[0m    Train:      86 samples (client-local)[32m [repeated 143x across cluster][0m
[36m(ClientAppActor pid=97834)[0m    Validation: 12 samples (client-local)[32m [repeated 143x across cluster][0m
[36m(ClientAppActor pid=57434)[0m [Client 1234] Data split:[32m [repeated 135x across cluster][0m
[36m(ClientAppActor pid=57434)[0m    Train:      87 samples (client-local)[32m [repeated 135x across cluster][0m
[36m(ClientAppActor pid=57434)[0m    Validation: 12 samples (client-local)[32m [repeated 135x across cluster][0m
[36m(ClientAppActor pid=100060)[0m [Client 483] Data split:[32m [repeated 147x across cluster][0m
[36m(ClientAppActor pid=100060)[0m    Train:      87 samples (client-local)[32m [repeated 147x across cluster][0m
[36m(ClientAppActor pid=100060)[0m    Validation: 12 samples (client-local)[32m [repeated 147x across cluster][0m
[36m(ClientAppActor pid=97834)[0m [Client 1578] Data split:[32m [repeated 149x across cluster][0m
[36m(ClientAppActor pid=97834)[0m    Train:      86 samples (client-local)[32m [repeated 149x across cluster][0m
[36m(ClientAppActor pid=97834)[0m    Validation: 12 samples (client-local)[32m [repeated 149x across cluster][0m
[36m(ClientAppActor pid=106270)[0m [Client 1117] Data split:[32m [repeated 135x across cluster][0m
[36m(ClientAppActor pid=106270)[0m    Train:      87 samples (client-local)[32m [repeated 135x across cluster][0m
[36m(ClientAppActor pid=106270)[0m    Validation: 12 samples (client-local)[32m [repeated 135x across cluster][0m
[36m(ClientAppActor pid=98898)[0m [Client 128] Data split:[32m [repeated 132x across cluster][0m
[36m(ClientAppActor pid=98898)[0m    Train:      87 samples (client-local)[32m [repeated 132x across cluster][0m
[36m(ClientAppActor pid=98898)[0m    Validation: 12 samples (client-local)[32m [repeated 132x across cluster][0m
[36m(ClientAppActor pid=106270)[0m [Client 408] Data split:[32m [repeated 134x across cluster][0m
[36m(ClientAppActor pid=106270)[0m    Train:      87 samples (client-local)[32m [repeated 134x across cluster][0m
[36m(ClientAppActor pid=106270)[0m    Validation: 12 samples (client-local)[32m [repeated 134x across cluster][0m
[36m(ClientAppActor pid=97638)[0m [Client 1910] Data split:[32m [repeated 147x across cluster][0m
[36m(ClientAppActor pid=97638)[0m    Train:      86 samples (client-local)[32m [repeated 147x across cluster][0m
[36m(ClientAppActor pid=97638)[0m    Validation: 12 samples (client-local)[32m [repeated 147x across cluster][0m
[36m(ClientAppActor pid=100011)[0m [Client 970] Data split:[32m [repeated 141x across cluster][0m
[36m(ClientAppActor pid=100011)[0m    Train:      87 samples (client-local)[32m [repeated 141x across cluster][0m
[36m(ClientAppActor pid=100011)[0m    Validation: 12 samples (client-local)[32m [repeated 141x across cluster][0m
[36m(ClientAppActor pid=99221)[0m [Client 478] Data split:[32m [repeated 142x across cluster][0m
[36m(ClientAppActor pid=99221)[0m    Train:      87 samples (client-local)[32m [repeated 142x across cluster][0m
[36m(ClientAppActor pid=99221)[0m    Validation: 12 samples (client-local)[32m [repeated 142x across cluster][0m
[36m(ClientAppActor pid=57814)[0m [Client 734] Data split:[32m [repeated 149x across cluster][0m
[36m(ClientAppActor pid=57814)[0m    Train:      87 samples (client-local)[32m [repeated 149x across cluster][0m
[36m(ClientAppActor pid=57814)[0m    Validation: 12 samples (client-local)[32m [repeated 149x across cluster][0m
[36m(ClientAppActor pid=57434)[0m [Client 298] Data split:[32m [repeated 158x across cluster][0m
[36m(ClientAppActor pid=57434)[0m    Train:      87 samples (client-local)[32m [repeated 158x across cluster][0m
[36m(ClientAppActor pid=57434)[0m    Validation: 12 samples (client-local)[32m [repeated 158x across cluster][0m
[36m(ClientAppActor pid=58852)[0m [Client 388] Data split:[32m [repeated 143x across cluster][0m
[36m(ClientAppActor pid=58852)[0m    Train:      87 samples (client-local)[32m [repeated 143x across cluster][0m
[36m(ClientAppActor pid=58852)[0m    Validation: 12 samples (client-local)[32m [repeated 143x across cluster][0m
[36m(ClientAppActor pid=59018)[0m [Client 54] Data split:[32m [repeated 158x across cluster][0m
[36m(ClientAppActor pid=59018)[0m    Train:      87 samples (client-local)[32m [repeated 158x across cluster][0m
[36m(ClientAppActor pid=59018)[0m    Validation: 12 samples (client-local)[32m [repeated 158x across cluster][0m
⏭️  Round 3: Evaluation skipped (all n_val=0)
[36m(ClientAppActor pid=58617)[0m [Client 1788] Data split:[32m [repeated 100x across cluster][0m
[36m(ClientAppActor pid=58617)[0m    Train:      86 samples (client-local)[32m [repeated 100x across cluster][0m
[36m(ClientAppActor pid=58617)[0m    Validation: 12 samples (client-local)[32m [repeated 100x across cluster][0m
[36m(ClientAppActor pid=98100)[0m [Client 103] Data split:[32m [repeated 151x across cluster][0m
[36m(ClientAppActor pid=98100)[0m    Train:      87 samples (client-local)[32m [repeated 151x across cluster][0m
[36m(ClientAppActor pid=98100)[0m    Validation: 12 samples (client-local)[32m [repeated 151x across cluster][0m
[36m(ClientAppActor pid=98757)[0m [Client 1177] Data split:[32m [repeated 141x across cluster][0m
[36m(ClientAppActor pid=98757)[0m    Train:      87 samples (client-local)[32m [repeated 141x across cluster][0m
[36m(ClientAppActor pid=98757)[0m    Validation: 12 samples (client-local)[32m [repeated 141x across cluster][0m
[36m(ClientAppActor pid=97925)[0m [Client 134] Data split:[32m [repeated 143x across cluster][0m
[36m(ClientAppActor pid=97925)[0m    Train:      87 samples (client-local)[32m [repeated 143x across cluster][0m[92mINFO [0m:      aggregate_fit: received 1638 results and 0 failures
[92mINFO [0m:      configure_evaluate: strategy sampled 2048 clients (out of 2048)
[92mINFO [0m:      aggregate_evaluate: received 2048 results and 0 failures
[92mINFO [0m:      
[92mINFO [0m:      [ROUND 5]
[92mINFO [0m:      configure_fit: strategy sampled 1638 clients (out of 2048)

[36m(ClientAppActor pid=97925)[0m    Validation: 12 samples (client-local)[32m [repeated 143x across cluster][0m
[36m(ClientAppActor pid=58171)[0m [Client 2046] Data split:[32m [repeated 138x across cluster][0m
[36m(ClientAppActor pid=58171)[0m    Train:      86 samples (client-local)[32m [repeated 138x across cluster][0m
[36m(ClientAppActor pid=58171)[0m    Validation: 12 samples (client-local)[32m [repeated 138x across cluster][0m
[36m(ClientAppActor pid=58911)[0m [Client 1813] Data split:[32m [repeated 156x across cluster][0m
[36m(ClientAppActor pid=58911)[0m    Train:      86 samples (client-local)[32m [repeated 156x across cluster][0m
[36m(ClientAppActor pid=58911)[0m    Validation: 12 samples (client-local)[32m [repeated 156x across cluster][0m
[36m(ClientAppActor pid=98757)[0m [Client 140] Data split:[32m [repeated 147x across cluster][0m
[36m(ClientAppActor pid=98757)[0m    Train:      87 samples (client-local)[32m [repeated 147x across cluster][0m
[36m(ClientAppActor pid=98757)[0m    Validation: 12 samples (client-local)[32m [repeated 147x across cluster][0m
[36m(ClientAppActor pid=100011)[0m [Client 333] Data split:[32m [repeated 139x across cluster][0m
[36m(ClientAppActor pid=100011)[0m    Train:      87 samples (client-local)[32m [repeated 139x across cluster][0m
[36m(ClientAppActor pid=100011)[0m    Validation: 12 samples (client-local)[32m [repeated 139x across cluster][0m
[36m(ClientAppActor pid=106270)[0m [Client 111] Data split:[32m [repeated 140x across cluster][0m
[36m(ClientAppActor pid=106270)[0m    Train:      87 samples (client-local)[32m [repeated 140x across cluster][0m
[36m(ClientAppActor pid=106270)[0m    Validation: 12 samples (client-local)[32m [repeated 140x across cluster][0m
[36m(ClientAppActor pid=98898)[0m [Client 1803] Data split:[32m [repeated 136x across cluster][0m
[36m(ClientAppActor pid=98898)[0m    Train:      86 samples (client-local)[32m [repeated 136x across cluster][0m
[36m(ClientAppActor pid=98898)[0m    Validation: 12 samples (client-local)[32m [repeated 136x across cluster][0m
[36m(ClientAppActor pid=99221)[0m [Client 0] Data split:[32m [repeated 137x across cluster][0m
[36m(ClientAppActor pid=99221)[0m    Train:      87 samples (client-local)[32m [repeated 137x across cluster][0m
[36m(ClientAppActor pid=99221)[0m    Validation: 12 samples (client-local)[32m [repeated 137x across cluster][0m
[36m(ClientAppActor pid=59018)[0m [Client 614] Data split:[32m [repeated 137x across cluster][0m
[36m(ClientAppActor pid=59018)[0m    Train:      87 samples (client-local)[32m [repeated 137x across cluster][0m
[36m(ClientAppActor pid=59018)[0m    Validation: 12 samples (client-local)[32m [repeated 137x across cluster][0m
[36m(ClientAppActor pid=58617)[0m [Client 1329] Data split:[32m [repeated 112x across cluster][0m
[36m(ClientAppActor pid=58617)[0m    Train:      87 samples (client-local)[32m [repeated 112x across cluster][0m
[36m(ClientAppActor pid=58617)[0m    Validation: 12 samples (client-local)[32m [repeated 112x across cluster][0m
[36m(ClientAppActor pid=106270)[0m [Client 1805] Data split:[32m [repeated 143x across cluster][0m
[36m(ClientAppActor pid=106270)[0m    Train:      86 samples (client-local)[32m [repeated 143x across cluster][0m
[36m(ClientAppActor pid=106270)[0m    Validation: 12 samples (client-local)[32m [repeated 143x across cluster][0m
[36m(ClientAppActor pid=58617)[0m [Client 155] Data split:[32m [repeated 134x across cluster][0m
[36m(ClientAppActor pid=58617)[0m    Train:      87 samples (client-local)[32m [repeated 134x across cluster][0m
[36m(ClientAppActor pid=58617)[0m    Validation: 12 samples (client-local)[32m [repeated 134x across cluster][0m
[36m(ClientAppActor pid=58617)[0m [Client 1134] Data split:[32m [repeated 141x across cluster][0m
[36m(ClientAppActor pid=58617)[0m    Train:      87 samples (client-local)[32m [repeated 141x across cluster][0m
[36m(ClientAppActor pid=58617)[0m    Validation: 12 samples (client-local)[32m [repeated 141x across cluster][0m
[36m(ClientAppActor pid=106307)[0m [Client 1112] Data split:[32m [repeated 145x across cluster][0m
[36m(ClientAppActor pid=106307)[0m    Train:      87 samples (client-local)[32m [repeated 145x across cluster][0m
[36m(ClientAppActor pid=106307)[0m    Validation: 12 samples (client-local)[32m [repeated 145x across cluster][0m
[36m(ClientAppActor pid=98898)[0m [Client 1513] Data split:[32m [repeated 139x across cluster][0m
[36m(ClientAppActor pid=98898)[0m    Train:      86 samples (client-local)[32m [repeated 139x across cluster][0m
[36m(ClientAppActor pid=98898)[0m    Validation: 12 samples (client-local)[32m [repeated 139x across cluster][0m
[36m(ClientAppActor pid=100011)[0m [Client 1428] Data split:[32m [repeated 134x across cluster][0m
[36m(ClientAppActor pid=100011)[0m    Train:      87 samples (client-local)[32m [repeated 134x across cluster][0m
[36m(ClientAppActor pid=100011)[0m    Validation: 12 samples (client-local)[32m [repeated 134x across cluster][0m
[36m(ClientAppActor pid=106307)[0m [Client 775] Data split:[32m [repeated 148x across cluster][0m
[36m(ClientAppActor pid=106307)[0m    Train:      87 samples (client-local)[32m [repeated 148x across cluster][0m
[36m(ClientAppActor pid=106307)[0m    Validation: 12 samples (client-local)[32m [repeated 148x across cluster][0m
[36m(ClientAppActor pid=99221)[0m [Client 781] Data split:[32m [repeated 143x across cluster][0m
[36m(ClientAppActor pid=99221)[0m    Train:      87 samples (client-local)[32m [repeated 143x across cluster][0m
[36m(ClientAppActor pid=99221)[0m    Validation: 12 samples (client-local)[32m [repeated 143x across cluster][0m
[36m(ClientAppActor pid=100060)[0m [Client 1337] Data split:[32m [repeated 169x across cluster][0m
[36m(ClientAppActor pid=100060)[0m    Train:      87 samples (client-local)[32m [repeated 169x across cluster][0m
[36m(ClientAppActor pid=100060)[0m    Validation: 12 samples (client-local)[32m [repeated 169x across cluster][0m
[36m(ClientAppActor pid=106624)[0m [Client 1004] Data split:[32m [repeated 144x across cluster][0m
[36m(ClientAppActor pid=106624)[0m    Train:      87 samples (client-local)[32m [repeated 144x across cluster][0m
[36m(ClientAppActor pid=106624)[0m    Validation: 12 samples (client-local)[32m [repeated 144x across cluster][0m
[36m(ClientAppActor pid=59018)[0m [Client 1974] Data split:[32m [repeated 149x across cluster][0m
[36m(ClientAppActor pid=59018)[0m    Train:      86 samples (client-local)[32m [repeated 149x across cluster][0m
[36m(ClientAppActor pid=59018)[0m    Validation: 12 samples (client-local)[32m [repeated 149x across cluster][0m
[36m(ClientAppActor pid=98757)[0m [Client 260] Data split:[32m [repeated 134x across cluster][0m
[36m(ClientAppActor pid=98757)[0m    Train:      87 samples (client-local)[32m [repeated 134x across cluster][0m
[36m(ClientAppActor pid=98757)[0m    Validation: 12 samples (client-local)[32m [repeated 134x across cluster][0m
[36m(ClientAppActor pid=100781)[0m [Client 42] Data split:[32m [repeated 154x across cluster][0m
[36m(ClientAppActor pid=100781)[0m    Train:      87 samples (client-local)[32m [repeated 154x across cluster][0m
[36m(ClientAppActor pid=100781)[0m    Validation: 12 samples (client-local)[32m [repeated 154x across cluster][0m
⏭️  Round 4: Evaluation skipped (all n_val=0)
[36m(ClientAppActor pid=98757)[0m [Client 695] Data split:[32m [repeated 134x across cluster][0m
[36m(ClientAppActor pid=98757)[0m    Train:      87 samples (client-local)[32m [repeated 134x across cluster][0m
[36m(ClientAppActor pid=98757)[0m    Validation: 12 samples (client-local)[32m [repeated 134x across cluster][0m
[36m(ClientAppActor pid=58617)[0m [Client 1602] Data split:[32m [repeated 138x across cluster][0m
[36m(ClientAppActor pid=58617)[0m    Train:      86 samples (client-local)[32m [repeated 138x across cluster][0m
[36m(ClientAppActor pid=58617)[0m    Validation: 12 samples (client-local)[32m [repeated 138x across cluster][0m[92mINFO [0m:      aggregate_fit: received 1638 results and 0 failures
[92mINFO [0m:      configure_evaluate: strategy sampled 2048 clients (out of 2048)

[36m(ClientAppActor pid=106624)[0m [Client 573] Data split:[32m [repeated 123x across cluster][0m
[36m(ClientAppActor pid=106624)[0m    Train:      87 samples (client-local)[32m [repeated 123x across cluster][0m
[36m(ClientAppActor pid=106624)[0m    Validation: 12 samples (client-local)[32m [repeated 123x across cluster][0m
[36m(ClientAppActor pid=98898)[0m [Client 1694] Data split:[32m [repeated 142x across cluster][0m
[36m(ClientAppActor pid=98898)[0m    Train:      86 samples (client-local)[32m [repeated 142x across cluster][0m
[36m(ClientAppActor pid=98898)[0m    Validation: 12 samples (client-local)[32m [repeated 142x across cluster][0m
[36m(ClientAppActor pid=99190)[0m [Client 98] Data split:[32m [repeated 147x across cluster][0m
[36m(ClientAppActor pid=99190)[0m    Train:      87 samples (client-local)[32m [repeated 147x across cluster][0m
[36m(ClientAppActor pid=99190)[0m    Validation: 12 samples (client-local)[32m [repeated 147x across cluster][0m
[36m(ClientAppActor pid=99190)[0m [Client 2032] Data split:[32m [repeated 141x across cluster][0m
[36m(ClientAppActor pid=99190)[0m    Train:      86 samples (client-local)[32m [repeated 141x across cluster][0m
[36m(ClientAppActor pid=99190)[0m    Validation: 12 samples (client-local)[32m [repeated 141x across cluster][0m
[36m(ClientAppActor pid=98898)[0m [Client 1564] Data split:[32m [repeated 145x across cluster][0m
[36m(ClientAppActor pid=98898)[0m    Train:      86 samples (client-local)[32m [repeated 145x across cluster][0m
[36m(ClientAppActor pid=98898)[0m    Validation: 12 samples (client-local)[32m [repeated 145x across cluster][0m
[36m(ClientAppActor pid=99190)[0m [Client 801] Data split:[32m [repeated 139x across cluster][0m
[36m(ClientAppActor pid=99190)[0m    Train:      87 samples (client-local)[32m [repeated 139x across cluster][0m
[36m(ClientAppActor pid=99190)[0m    Validation: 12 samples (client-local)[32m [repeated 139x across cluster][0m
[36m(ClientAppActor pid=100060)[0m [Client 1367] Data split:[32m [repeated 141x across cluster][0m
[36m(ClientAppActor pid=100060)[0m    Train:      87 samples (client-local)[32m [repeated 141x across cluster][0m
[36m(ClientAppActor pid=100060)[0m    Validation: 12 samples (client-local)[32m [repeated 141x across cluster][0m
[36m(ClientAppActor pid=106307)[0m [Client 1648] Data split:[32m [repeated 137x across cluster][0m
[36m(ClientAppActor pid=106307)[0m    Train:      86 samples (client-local)[32m [repeated 137x across cluster][0m
[36m(ClientAppActor pid=106307)[0m    Validation: 12 samples (client-local)[32m [repeated 137x across cluster][0m
[36m(ClientAppActor pid=100781)[0m [Client 1588] Data split:[32m [repeated 146x across cluster][0m
[36m(ClientAppActor pid=100781)[0m    Train:      86 samples (client-local)[32m [repeated 146x across cluster][0m
[36m(ClientAppActor pid=100781)[0m    Validation: 12 samples (client-local)[32m [repeated 146x across cluster][0m
[36m(ClientAppActor pid=58617)[0m [Client 99] Data split:[32m [repeated 143x across cluster][0m
[36m(ClientAppActor pid=58617)[0m    Train:      87 samples (client-local)[32m [repeated 143x across cluster][0m
[36m(ClientAppActor pid=58617)[0m    Validation: 12 samples (client-local)[32m [repeated 143x across cluster][0m
[36m(ClientAppActor pid=58171)[0m [Client 163] Data split:[32m [repeated 98x across cluster][0m
[36m(ClientAppActor pid=58171)[0m    Train:      87 samples (client-local)[32m [repeated 98x across cluster][0m
[36m(ClientAppActor pid=58171)[0m    Validation: 12 samples (client-local)[32m [repeated 98x across cluster][0m
[36m(ClientAppActor pid=59018)[0m [Client 271] Data split:[32m [repeated 143x across cluster][0m
[36m(ClientAppActor pid=59018)[0m    Train:      87 samples (client-local)[32m [repeated 143x across cluster][0m
[36m(ClientAppActor pid=59018)[0m    Validation: 12 samples (client-local)[32m [repeated 143x across cluster][0m
[36m(ClientAppActor pid=106270)[0m [Client 1290] Data split:[32m [repeated 143x across cluster][0m
[36m(ClientAppActor pid=106270)[0m    Train:      87 samples (client-local)[32m [repeated 143x across cluster][0m
[36m(ClientAppActor pid=106270)[0m    Validation: 12 samples (client-local)[32m [repeated 143x across cluster][0m
[36m(ClientAppActor pid=97638)[0m [Client 558] Data split:[32m [repeated 134x across cluster][0m
[36m(ClientAppActor pid=97638)[0m    Train:      87 samples (client-local)[32m [repeated 134x across cluster][0m
[36m(ClientAppActor pid=97638)[0m    Validation: 12 samples (client-local)[32m [repeated 134x across cluster][0m
[36m(ClientAppActor pid=59339)[0m [Client 1988] Data split:[32m [repeated 143x across cluster][0m
[36m(ClientAppActor pid=59339)[0m    Train:      86 samples (client-local)[32m [repeated 143x across cluster][0m
[36m(ClientAppActor pid=59339)[0m    Validation: 12 samples (client-local)[32m [repeated 143x across cluster][0m
[36m(ClientAppActor pid=98100)[0m [Client 1147] Data split:[32m [repeated 138x across cluster][0m
[36m(ClientAppActor pid=98100)[0m    Train:      87 samples (client-local)[32m [repeated 138x across cluster][0m
[36m(ClientAppActor pid=98100)[0m    Validation: 12 samples (client-local)[32m [repeated 138x across cluster][0m
[36m(ClientAppActor pid=106270)[0m 
[36m(ClientAppActor pid=58617)[0m [Client 2018] Data split:[32m [repeated 131x across cluster][0m
[36m(ClientAppActor pid=58617)[0m    Train:      86 samples (client-local)[32m [repeated 131x across cluster][0m
[36m(ClientAppActor pid=58617)[0m    Validation: 12 samples (client-local)[32m [repeated 131x across cluster][0m
[36m(ClientAppActor pid=99221)[0m [Client 1495] Data split:[32m [repeated 139x across cluster][0m
[36m(ClientAppActor pid=99221)[0m    Train:      86 samples (client-local)[32m [repeated 139x across cluster][0m
[36m(ClientAppActor pid=99221)[0m    Validation: 12 samples (client-local)[32m [repeated 139x across cluster][0m
[36m(ClientAppActor pid=58171)[0m [Client 695] Data split:[32m [repeated 131x across cluster][0m
[36m(ClientAppActor pid=58171)[0m    Train:      87 samples (client-local)[32m [repeated 131x across cluster][0m
[36m(ClientAppActor pid=58171)[0m    Validation: 12 samples (client-local)[32m [repeated 131x across cluster][0m
[36m(ClientAppActor pid=99190)[0m [Client 64] Data split:[32m [repeated 143x across cluster][0m
[36m(ClientAppActor pid=99190)[0m    Train:      87 samples (client-local)[32m [repeated 143x across cluster][0m
[36m(ClientAppActor pid=99190)[0m    Validation: 12 samples (client-local)[32m [repeated 143x across cluster][0m
[36m(ClientAppActor pid=98898)[0m [Client 1670] Data split:[32m [repeated 139x across cluster][0m
[36m(ClientAppActor pid=98898)[0m    Train:      86 samples (client-local)[32m [repeated 139x across cluster][0m
[36m(ClientAppActor pid=98898)[0m    Validation: 12 samples (client-local)[32m [repeated 139x across cluster][0m
[36m(ClientAppActor pid=106270)[0m [Client 1820] Data split:[32m [repeated 144x across cluster][0m
[36m(ClientAppActor pid=106270)[0m    Train:      86 samples (client-local)[32m [repeated 144x across cluster][0m
[36m(ClientAppActor pid=106270)[0m    Validation: 12 samples (client-local)[32m [repeated 144x across cluster][0m
[36m(ClientAppActor pid=58911)[0m [Client 200] Data split:[32m [repeated 140x across cluster][0m
[36m(ClientAppActor pid=58911)[0m    Train:      87 samples (client-local)[32m [repeated 140x across cluster][0m
[36m(ClientAppActor pid=58911)[0m    Validation: 12 samples (client-local)[32m [repeated 140x across cluster][0m
[36m(ClientAppActor pid=106307)[0m [Client 77] Data split:[32m [repeated 136x across cluster][0m
[36m(ClientAppActor pid=106307)[0m    Train:      87 samples (client-local)[32m [repeated 136x across cluster][0m
[36m(ClientAppActor pid=106307)[0m    Validation: 12 samples (client-local)[32m [repeated 136x across cluster][0m
[36m(ClientAppActor pid=58023)[0m [Client 904] Data split:[32m [repeated 142x across cluster][0m[92mINFO [0m:      aggregate_evaluate: received 2048 results and 0 failures
[92mINFO [0m:      
[92mINFO [0m:      [ROUND 6]
[92mINFO [0m:      configure_fit: strategy sampled 1638 clients (out of 2048)
[92mINFO [0m:      aggregate_fit: received 1638 results and 0 failures
[92mINFO [0m:      configure_evaluate: strategy sampled 2048 clients (out of 2048)

[36m(ClientAppActor pid=58023)[0m    Train:      87 samples (client-local)[32m [repeated 142x across cluster][0m
[36m(ClientAppActor pid=58023)[0m    Validation: 12 samples (client-local)[32m [repeated 142x across cluster][0m
⏭️  Round 5: Evaluation skipped (all n_val=0)
[36m(ClientAppActor pid=58852)[0m [Client 1975] Data split:[32m [repeated 136x across cluster][0m
[36m(ClientAppActor pid=58852)[0m    Train:      86 samples (client-local)[32m [repeated 136x across cluster][0m
[36m(ClientAppActor pid=58852)[0m    Validation: 12 samples (client-local)[32m [repeated 136x across cluster][0m
[36m(ClientAppActor pid=106307)[0m [Client 455] Data split:[32m [repeated 133x across cluster][0m
[36m(ClientAppActor pid=106307)[0m    Train:      87 samples (client-local)[32m [repeated 133x across cluster][0m
[36m(ClientAppActor pid=106307)[0m    Validation: 12 samples (client-local)[32m [repeated 133x across cluster][0m
[36m(ClientAppActor pid=59018)[0m [Client 900] Data split:[32m [repeated 148x across cluster][0m
[36m(ClientAppActor pid=59018)[0m    Train:      87 samples (client-local)[32m [repeated 148x across cluster][0m
[36m(ClientAppActor pid=59018)[0m    Validation: 12 samples (client-local)[32m [repeated 148x across cluster][0m
[36m(ClientAppActor pid=106307)[0m [Client 815] Data split:[32m [repeated 149x across cluster][0m
[36m(ClientAppActor pid=106307)[0m    Train:      87 samples (client-local)[32m [repeated 149x across cluster][0m
[36m(ClientAppActor pid=106307)[0m    Validation: 12 samples (client-local)[32m [repeated 149x across cluster][0m
[36m(ClientAppActor pid=98898)[0m [Client 751] Data split:[32m [repeated 146x across cluster][0m
[36m(ClientAppActor pid=98898)[0m    Train:      87 samples (client-local)[32m [repeated 146x across cluster][0m
[36m(ClientAppActor pid=98898)[0m    Validation: 12 samples (client-local)[32m [repeated 146x across cluster][0m
[36m(ClientAppActor pid=58500)[0m [Client 1274] Data split:[32m [repeated 154x across cluster][0m
[36m(ClientAppActor pid=58500)[0m    Train:      87 samples (client-local)[32m [repeated 154x across cluster][0m
[36m(ClientAppActor pid=58500)[0m    Validation: 12 samples (client-local)[32m [repeated 154x across cluster][0m
[36m(ClientAppActor pid=99221)[0m [Client 203] Data split:[32m [repeated 144x across cluster][0m
[36m(ClientAppActor pid=99221)[0m    Train:      87 samples (client-local)[32m [repeated 144x across cluster][0m
[36m(ClientAppActor pid=99221)[0m    Validation: 12 samples (client-local)[32m [repeated 144x across cluster][0m
[36m(ClientAppActor pid=106270)[0m [Client 661] Data split:[32m [repeated 158x across cluster][0m
[36m(ClientAppActor pid=106270)[0m    Train:      87 samples (client-local)[32m [repeated 158x across cluster][0m
[36m(ClientAppActor pid=106270)[0m    Validation: 12 samples (client-local)[32m [repeated 158x across cluster][0m
[36m(ClientAppActor pid=59018)[0m [Client 1938] Data split:[32m [repeated 146x across cluster][0m
[36m(ClientAppActor pid=59018)[0m    Train:      86 samples (client-local)[32m [repeated 146x across cluster][0m
[36m(ClientAppActor pid=59018)[0m    Validation: 12 samples (client-local)[32m [repeated 146x across cluster][0m
[36m(ClientAppActor pid=106624)[0m [Client 1512] Data split:[32m [repeated 136x across cluster][0m
[36m(ClientAppActor pid=106624)[0m    Train:      86 samples (client-local)[32m [repeated 136x across cluster][0m
[36m(ClientAppActor pid=106624)[0m    Validation: 12 samples (client-local)[32m [repeated 136x across cluster][0m
[36m(ClientAppActor pid=108073)[0m [Client 974] Data split:[32m [repeated 129x across cluster][0m
[36m(ClientAppActor pid=108073)[0m    Train:      87 samples (client-local)[32m [repeated 129x across cluster][0m
[36m(ClientAppActor pid=108073)[0m    Validation: 12 samples (client-local)[32m [repeated 129x across cluster][0m
[36m(ClientAppActor pid=100011)[0m [Client 481] Data split:[32m [repeated 92x across cluster][0m
[36m(ClientAppActor pid=100011)[0m    Train:      87 samples (client-local)[32m [repeated 92x across cluster][0m
[36m(ClientAppActor pid=100011)[0m    Validation: 12 samples (client-local)[32m [repeated 92x across cluster][0m
[36m(ClientAppActor pid=106270)[0m [Client 608] Data split:[32m [repeated 145x across cluster][0m
[36m(ClientAppActor pid=106270)[0m    Train:      87 samples (client-local)[32m [repeated 145x across cluster][0m
[36m(ClientAppActor pid=106270)[0m    Validation: 12 samples (client-local)[32m [repeated 145x across cluster][0m
[36m(ClientAppActor pid=58852)[0m [Client 75] Data split:[32m [repeated 143x across cluster][0m
[36m(ClientAppActor pid=58852)[0m    Train:      87 samples (client-local)[32m [repeated 143x across cluster][0m
[36m(ClientAppActor pid=58852)[0m    Validation: 12 samples (client-local)[32m [repeated 143x across cluster][0m
[36m(ClientAppActor pid=58617)[0m [Client 1824] Data split:[32m [repeated 149x across cluster][0m
[36m(ClientAppActor pid=58617)[0m    Train:      86 samples (client-local)[32m [repeated 149x across cluster][0m
[36m(ClientAppActor pid=58617)[0m    Validation: 12 samples (client-local)[32m [repeated 149x across cluster][0m
[36m(ClientAppActor pid=98757)[0m [Client 1618] Data split:[32m [repeated 139x across cluster][0m
[36m(ClientAppActor pid=98757)[0m    Train:      86 samples (client-local)[32m [repeated 139x across cluster][0m
[36m(ClientAppActor pid=98757)[0m    Validation: 12 samples (client-local)[32m [repeated 139x across cluster][0m
[36m(ClientAppActor pid=57636)[0m [Client 1018] Data split:[32m [repeated 143x across cluster][0m
[36m(ClientAppActor pid=57636)[0m    Train:      87 samples (client-local)[32m [repeated 143x across cluster][0m
[36m(ClientAppActor pid=57636)[0m    Validation: 12 samples (client-local)[32m [repeated 143x across cluster][0m
[36m(ClientAppActor pid=57636)[0m [Client 172] Data split:[32m [repeated 136x across cluster][0m
[36m(ClientAppActor pid=57636)[0m    Train:      87 samples (client-local)[32m [repeated 136x across cluster][0m
[36m(ClientAppActor pid=57636)[0m    Validation: 12 samples (client-local)[32m [repeated 136x across cluster][0m
[36m(ClientAppActor pid=59018)[0m [Client 1951] Data split:[32m [repeated 137x across cluster][0m
[36m(ClientAppActor pid=59018)[0m    Train:      86 samples (client-local)[32m [repeated 137x across cluster][0m
[36m(ClientAppActor pid=59018)[0m    Validation: 12 samples (client-local)[32m [repeated 137x across cluster][0m
[36m(ClientAppActor pid=97638)[0m [Client 1861] Data split:[32m [repeated 147x across cluster][0m
[36m(ClientAppActor pid=97638)[0m    Train:      86 samples (client-local)[32m [repeated 147x across cluster][0m
[36m(ClientAppActor pid=97638)[0m    Validation: 12 samples (client-local)[32m [repeated 147x across cluster][0m
[36m(ClientAppActor pid=58617)[0m [Client 1836] Data split:[32m [repeated 150x across cluster][0m
[36m(ClientAppActor pid=58617)[0m    Train:      86 samples (client-local)[32m [repeated 150x across cluster][0m
[36m(ClientAppActor pid=58617)[0m    Validation: 12 samples (client-local)[32m [repeated 150x across cluster][0m
[36m(ClientAppActor pid=100060)[0m [Client 1514] Data split:[32m [repeated 143x across cluster][0m
[36m(ClientAppActor pid=100060)[0m    Train:      86 samples (client-local)[32m [repeated 143x across cluster][0m
[36m(ClientAppActor pid=100060)[0m    Validation: 12 samples (client-local)[32m [repeated 143x across cluster][0m
[36m(ClientAppActor pid=59018)[0m [Client 1212] Data split:[32m [repeated 144x across cluster][0m
[36m(ClientAppActor pid=59018)[0m    Train:      87 samples (client-local)[32m [repeated 144x across cluster][0m
[36m(ClientAppActor pid=59018)[0m    Validation: 12 samples (client-local)[32m [repeated 144x across cluster][0m
[36m(ClientAppActor pid=100120)[0m [Client 1112] Data split:[32m [repeated 138x across cluster][0m
[36m(ClientAppActor pid=100120)[0m    Train:      87 samples (client-local)[32m [repeated 138x across cluster][0m[92mINFO [0m:      aggregate_evaluate: received 2048 results and 0 failures
[92mINFO [0m:      
[92mINFO [0m:      [ROUND 7]
[92mINFO [0m:      configure_fit: strategy sampled 1638 clients (out of 2048)
[92mINFO [0m:      aggregate_fit: received 1638 results and 0 failures
[92mINFO [0m:      configure_evaluate: strategy sampled 2048 clients (out of 2048)

[36m(ClientAppActor pid=100120)[0m    Validation: 12 samples (client-local)[32m [repeated 138x across cluster][0m
[36m(ClientAppActor pid=57434)[0m [Client 1826] Data split:[32m [repeated 161x across cluster][0m
[36m(ClientAppActor pid=57434)[0m    Train:      86 samples (client-local)[32m [repeated 161x across cluster][0m
[36m(ClientAppActor pid=57434)[0m    Validation: 12 samples (client-local)[32m [repeated 161x across cluster][0m
[36m(ClientAppActor pid=100120)[0m [Client 266] Data split:[32m [repeated 135x across cluster][0m
[36m(ClientAppActor pid=100120)[0m    Train:      87 samples (client-local)[32m [repeated 135x across cluster][0m
[36m(ClientAppActor pid=100120)[0m    Validation: 12 samples (client-local)[32m [repeated 135x across cluster][0m
⏭️  Round 6: Evaluation skipped (all n_val=0)
[36m(ClientAppActor pid=58852)[0m [Client 335] Data split:[32m [repeated 136x across cluster][0m
[36m(ClientAppActor pid=58852)[0m    Train:      87 samples (client-local)[32m [repeated 136x across cluster][0m
[36m(ClientAppActor pid=58852)[0m    Validation: 12 samples (client-local)[32m [repeated 136x across cluster][0m
[36m(ClientAppActor pid=97925)[0m [Client 1970] Data split:[32m [repeated 158x across cluster][0m
[36m(ClientAppActor pid=97925)[0m    Train:      86 samples (client-local)[32m [repeated 158x across cluster][0m
[36m(ClientAppActor pid=97925)[0m    Validation: 12 samples (client-local)[32m [repeated 158x across cluster][0m
[36m(ClientAppActor pid=98100)[0m [Client 507] Data split:[32m [repeated 142x across cluster][0m
[36m(ClientAppActor pid=98100)[0m    Train:      87 samples (client-local)[32m [repeated 142x across cluster][0m
[36m(ClientAppActor pid=98100)[0m    Validation: 12 samples (client-local)[32m [repeated 142x across cluster][0m
[36m(ClientAppActor pid=57636)[0m [Client 192] Data split:[32m [repeated 147x across cluster][0m
[36m(ClientAppActor pid=57636)[0m    Train:      87 samples (client-local)[32m [repeated 147x across cluster][0m
[36m(ClientAppActor pid=57636)[0m    Validation: 12 samples (client-local)[32m [repeated 147x across cluster][0m
[36m(ClientAppActor pid=58852)[0m [Client 404] Data split:[32m [repeated 142x across cluster][0m
[36m(ClientAppActor pid=58852)[0m    Train:      87 samples (client-local)[32m [repeated 142x across cluster][0m
[36m(ClientAppActor pid=58852)[0m    Validation: 12 samples (client-local)[32m [repeated 142x across cluster][0m
[36m(ClientAppActor pid=98898)[0m [Client 128] Data split:[32m [repeated 140x across cluster][0m
[36m(ClientAppActor pid=98898)[0m    Train:      87 samples (client-local)[32m [repeated 140x across cluster][0m
[36m(ClientAppActor pid=98898)[0m    Validation: 12 samples (client-local)[32m [repeated 140x across cluster][0m
[36m(ClientAppActor pid=98898)[0m [Client 1713] Data split:[32m [repeated 140x across cluster][0m
[36m(ClientAppActor pid=98898)[0m    Train:      86 samples (client-local)[32m [repeated 140x across cluster][0m
[36m(ClientAppActor pid=98898)[0m    Validation: 12 samples (client-local)[32m [repeated 140x across cluster][0m
[36m(ClientAppActor pid=98898)[0m [Client 373] Data split:[32m [repeated 138x across cluster][0m
[36m(ClientAppActor pid=98898)[0m    Train:      87 samples (client-local)[32m [repeated 138x across cluster][0m
[36m(ClientAppActor pid=98898)[0m    Validation: 12 samples (client-local)[32m [repeated 138x across cluster][0m
[36m(ClientAppActor pid=58852)[0m [Client 1177] Data split:[32m [repeated 133x across cluster][0m
[36m(ClientAppActor pid=58852)[0m    Train:      87 samples (client-local)[32m [repeated 133x across cluster][0m
[36m(ClientAppActor pid=58852)[0m    Validation: 12 samples (client-local)[32m [repeated 133x across cluster][0m
[36m(ClientAppActor pid=99221)[0m [Client 347] Data split:[32m [repeated 143x across cluster][0m
[36m(ClientAppActor pid=99221)[0m    Train:      87 samples (client-local)[32m [repeated 143x across cluster][0m
[36m(ClientAppActor pid=99221)[0m    Validation: 12 samples (client-local)[32m [repeated 143x across cluster][0m
[36m(ClientAppActor pid=106624)[0m [Client 1998] Data split:[32m [repeated 137x across cluster][0m
[36m(ClientAppActor pid=106624)[0m    Train:      86 samples (client-local)[32m [repeated 137x across cluster][0m
[36m(ClientAppActor pid=106624)[0m    Validation: 12 samples (client-local)[32m [repeated 137x across cluster][0m
[36m(ClientAppActor pid=58617)[0m [Client 74] Data split:[32m [repeated 120x across cluster][0m
[36m(ClientAppActor pid=58617)[0m    Train:      87 samples (client-local)[32m [repeated 120x across cluster][0m
[36m(ClientAppActor pid=58617)[0m    Validation: 12 samples (client-local)[32m [repeated 120x across cluster][0m
[36m(ClientAppActor pid=58006)[0m [Client 464] Data split:[32m [repeated 147x across cluster][0m
[36m(ClientAppActor pid=58006)[0m    Train:      87 samples (client-local)[32m [repeated 147x across cluster][0m
[36m(ClientAppActor pid=58006)[0m    Validation: 12 samples (client-local)[32m [repeated 147x across cluster][0m
[36m(ClientAppActor pid=58023)[0m [Client 1696] Data split:[32m [repeated 133x across cluster][0m
[36m(ClientAppActor pid=58023)[0m    Train:      86 samples (client-local)[32m [repeated 133x across cluster][0m
[36m(ClientAppActor pid=58023)[0m    Validation: 12 samples (client-local)[32m [repeated 133x across cluster][0m
[36m(ClientAppActor pid=57814)[0m [Client 1213] Data split:[32m [repeated 139x across cluster][0m
[36m(ClientAppActor pid=57814)[0m    Train:      87 samples (client-local)[32m [repeated 139x across cluster][0m
[36m(ClientAppActor pid=57814)[0m    Validation: 12 samples (client-local)[32m [repeated 139x across cluster][0m
[36m(ClientAppActor pid=100060)[0m [Client 1961] Data split:[32m [repeated 145x across cluster][0m
[36m(ClientAppActor pid=100060)[0m    Train:      86 samples (client-local)[32m [repeated 145x across cluster][0m
[36m(ClientAppActor pid=100060)[0m    Validation: 12 samples (client-local)[32m [repeated 145x across cluster][0m
[36m(ClientAppActor pid=57814)[0m [Client 1207] Data split:[32m [repeated 146x across cluster][0m
[36m(ClientAppActor pid=57814)[0m    Train:      87 samples (client-local)[32m [repeated 146x across cluster][0m
[36m(ClientAppActor pid=57814)[0m    Validation: 12 samples (client-local)[32m [repeated 146x across cluster][0m
[36m(ClientAppActor pid=98898)[0m [Client 1826] Data split:[32m [repeated 136x across cluster][0m
[36m(ClientAppActor pid=98898)[0m    Train:      86 samples (client-local)[32m [repeated 136x across cluster][0m
[36m(ClientAppActor pid=98898)[0m    Validation: 12 samples (client-local)[32m [repeated 136x across cluster][0m
[36m(ClientAppActor pid=58006)[0m [Client 1382] Data split:[32m [repeated 137x across cluster][0m
[36m(ClientAppActor pid=58006)[0m    Train:      87 samples (client-local)[32m [repeated 137x across cluster][0m
[36m(ClientAppActor pid=58006)[0m    Validation: 12 samples (client-local)[32m [repeated 137x across cluster][0m
[36m(ClientAppActor pid=58033)[0m [Client 1085] Data split:[32m [repeated 140x across cluster][0m
[36m(ClientAppActor pid=58033)[0m    Train:      87 samples (client-local)[32m [repeated 140x across cluster][0m
[36m(ClientAppActor pid=58033)[0m    Validation: 12 samples (client-local)[32m [repeated 140x across cluster][0m
[36m(ClientAppActor pid=58500)[0m [Client 1020] Data split:[32m [repeated 152x across cluster][0m
[36m(ClientAppActor pid=58500)[0m    Train:      87 samples (client-local)[32m [repeated 152x across cluster][0m
[36m(ClientAppActor pid=58500)[0m    Validation: 12 samples (client-local)[32m [repeated 152x across cluster][0m
[36m(ClientAppActor pid=58911)[0m [Client 2024] Data split:[32m [repeated 147x across cluster][0m
[36m(ClientAppActor pid=58911)[0m    Train:      86 samples (client-local)[32m [repeated 147x across cluster][0m
[36m(ClientAppActor pid=58911)[0m    Validation: 12 samples (client-local)[32m [repeated 147x across cluster][0m[92mINFO [0m:      aggregate_evaluate: received 2048 results and 0 failures
[92mINFO [0m:      
[92mINFO [0m:      [ROUND 8]
[92mINFO [0m:      configure_fit: strategy sampled 1638 clients (out of 2048)
[92mINFO [0m:      aggregate_fit: received 1638 results and 0 failures
[92mINFO [0m:      configure_evaluate: strategy sampled 2048 clients (out of 2048)

[36m(ClientAppActor pid=99221)[0m [Client 1030] Data split:[32m [repeated 140x across cluster][0m
[36m(ClientAppActor pid=99221)[0m    Train:      87 samples (client-local)[32m [repeated 140x across cluster][0m
[36m(ClientAppActor pid=99221)[0m    Validation: 12 samples (client-local)[32m [repeated 140x across cluster][0m
[36m(ClientAppActor pid=100011)[0m [Client 139] Data split:[32m [repeated 155x across cluster][0m
[36m(ClientAppActor pid=100011)[0m    Train:      87 samples (client-local)[32m [repeated 155x across cluster][0m
[36m(ClientAppActor pid=100011)[0m    Validation: 12 samples (client-local)[32m [repeated 155x across cluster][0m
[36m(ClientAppActor pid=58023)[0m [Client 652] Data split:[32m [repeated 145x across cluster][0m
[36m(ClientAppActor pid=58023)[0m    Train:      87 samples (client-local)[32m [repeated 145x across cluster][0m
[36m(ClientAppActor pid=58023)[0m    Validation: 12 samples (client-local)[32m [repeated 145x across cluster][0m
[36m(ClientAppActor pid=99221)[0m [Client 418] Data split:[32m [repeated 151x across cluster][0m
[36m(ClientAppActor pid=99221)[0m    Train:      87 samples (client-local)[32m [repeated 151x across cluster][0m
[36m(ClientAppActor pid=99221)[0m    Validation: 12 samples (client-local)[32m [repeated 151x across cluster][0m
⏭️  Round 7: Evaluation skipped (all n_val=0)
[36m(ClientAppActor pid=99190)[0m [Client 109] Data split:[32m [repeated 135x across cluster][0m
[36m(ClientAppActor pid=99190)[0m    Train:      87 samples (client-local)[32m [repeated 135x across cluster][0m
[36m(ClientAppActor pid=99190)[0m    Validation: 12 samples (client-local)[32m [repeated 135x across cluster][0m
[36m(ClientAppActor pid=106270)[0m [Client 15] Data split:[32m [repeated 137x across cluster][0m
[36m(ClientAppActor pid=106270)[0m    Train:      87 samples (client-local)[32m [repeated 137x across cluster][0m
[36m(ClientAppActor pid=106270)[0m    Validation: 12 samples (client-local)[32m [repeated 137x across cluster][0m
[36m(ClientAppActor pid=58617)[0m [Client 1303] Data split:[32m [repeated 138x across cluster][0m
[36m(ClientAppActor pid=58617)[0m    Train:      87 samples (client-local)[32m [repeated 138x across cluster][0m
[36m(ClientAppActor pid=58617)[0m    Validation: 12 samples (client-local)[32m [repeated 138x across cluster][0m
[36m(ClientAppActor pid=99221)[0m [Client 646] Data split:[32m [repeated 141x across cluster][0m
[36m(ClientAppActor pid=99221)[0m    Train:      87 samples (client-local)[32m [repeated 141x across cluster][0m
[36m(ClientAppActor pid=99221)[0m    Validation: 12 samples (client-local)[32m [repeated 141x across cluster][0m
[36m(ClientAppActor pid=58911)[0m [Client 547] Data split:[32m [repeated 143x across cluster][0m
[36m(ClientAppActor pid=58911)[0m    Train:      87 samples (client-local)[32m [repeated 143x across cluster][0m
[36m(ClientAppActor pid=58911)[0m    Validation: 12 samples (client-local)[32m [repeated 143x across cluster][0m
[36m(ClientAppActor pid=58023)[0m [Client 426] Data split:[32m [repeated 152x across cluster][0m
[36m(ClientAppActor pid=58023)[0m    Train:      87 samples (client-local)[32m [repeated 152x across cluster][0m
[36m(ClientAppActor pid=58023)[0m    Validation: 12 samples (client-local)[32m [repeated 152x across cluster][0m
[36m(ClientAppActor pid=106624)[0m [Client 478] Data split:[32m [repeated 140x across cluster][0m
[36m(ClientAppActor pid=106624)[0m    Train:      87 samples (client-local)[32m [repeated 140x across cluster][0m
[36m(ClientAppActor pid=106624)[0m    Validation: 12 samples (client-local)[32m [repeated 140x across cluster][0m
[36m(ClientAppActor pid=100011)[0m [Client 164] Data split:[32m [repeated 139x across cluster][0m
[36m(ClientAppActor pid=100011)[0m    Train:      87 samples (client-local)[32m [repeated 139x across cluster][0m
[36m(ClientAppActor pid=100011)[0m    Validation: 12 samples (client-local)[32m [repeated 139x across cluster][0m
[36m(ClientAppActor pid=100011)[0m [Client 423] Data split:[32m [repeated 135x across cluster][0m
[36m(ClientAppActor pid=100011)[0m    Train:      87 samples (client-local)[32m [repeated 135x across cluster][0m
[36m(ClientAppActor pid=100011)[0m    Validation: 12 samples (client-local)[32m [repeated 135x across cluster][0m
[36m(ClientAppActor pid=100011)[0m [Client 1846] Data split:[32m [repeated 142x across cluster][0m
[36m(ClientAppActor pid=100011)[0m    Train:      86 samples (client-local)[32m [repeated 142x across cluster][0m
[36m(ClientAppActor pid=100011)[0m    Validation: 12 samples (client-local)[32m [repeated 142x across cluster][0m
[36m(ClientAppActor pid=58006)[0m [Client 340] Data split:[32m [repeated 136x across cluster][0m
[36m(ClientAppActor pid=58006)[0m    Train:      87 samples (client-local)[32m [repeated 136x across cluster][0m
[36m(ClientAppActor pid=58006)[0m    Validation: 12 samples (client-local)[32m [repeated 136x across cluster][0m
[36m(ClientAppActor pid=99221)[0m [Client 468] Data split:[32m [repeated 135x across cluster][0m
[36m(ClientAppActor pid=99221)[0m    Train:      87 samples (client-local)[32m [repeated 135x across cluster][0m
[36m(ClientAppActor pid=99221)[0m    Validation: 12 samples (client-local)[32m [repeated 135x across cluster][0m
[36m(ClientAppActor pid=98378)[0m [Client 1918] Data split:[32m [repeated 140x across cluster][0m
[36m(ClientAppActor pid=98378)[0m    Train:      86 samples (client-local)[32m [repeated 140x across cluster][0m
[36m(ClientAppActor pid=98378)[0m    Validation: 12 samples (client-local)[32m [repeated 140x across cluster][0m
[36m(ClientAppActor pid=100011)[0m [Client 746] Data split:[32m [repeated 139x across cluster][0m
[36m(ClientAppActor pid=100011)[0m    Train:      87 samples (client-local)[32m [repeated 139x across cluster][0m
[36m(ClientAppActor pid=100011)[0m    Validation: 12 samples (client-local)[32m [repeated 139x across cluster][0m
[36m(ClientAppActor pid=58911)[0m [Client 1037] Data split:[32m [repeated 134x across cluster][0m
[36m(ClientAppActor pid=58911)[0m    Train:      87 samples (client-local)[32m [repeated 134x across cluster][0m
[36m(ClientAppActor pid=58911)[0m    Validation: 12 samples (client-local)[32m [repeated 134x across cluster][0m
[36m(ClientAppActor pid=98757)[0m [Client 1218] Data split:[32m [repeated 153x across cluster][0m
[36m(ClientAppActor pid=98757)[0m    Train:      87 samples (client-local)[32m [repeated 153x across cluster][0m
[36m(ClientAppActor pid=98757)[0m    Validation: 12 samples (client-local)[32m [repeated 153x across cluster][0m
[36m(ClientAppActor pid=58033)[0m [Client 257] Data split:[32m [repeated 140x across cluster][0m
[36m(ClientAppActor pid=58033)[0m    Train:      87 samples (client-local)[32m [repeated 140x across cluster][0m
[36m(ClientAppActor pid=58033)[0m    Validation: 12 samples (client-local)[32m [repeated 140x across cluster][0m
[36m(ClientAppActor pid=57434)[0m [Client 551] Data split:[32m [repeated 140x across cluster][0m
[36m(ClientAppActor pid=57434)[0m    Train:      87 samples (client-local)[32m [repeated 140x across cluster][0m
[36m(ClientAppActor pid=57434)[0m    Validation: 12 samples (client-local)[32m [repeated 140x across cluster][0m
[36m(ClientAppActor pid=106307)[0m [Client 1468] Data split:[32m [repeated 138x across cluster][0m
[36m(ClientAppActor pid=106307)[0m    Train:      86 samples (client-local)[32m [repeated 138x across cluster][0m
[36m(ClientAppActor pid=106307)[0m    Validation: 12 samples (client-local)[32m [repeated 138x across cluster][0m
[36m(ClientAppActor pid=106624)[0m [Client 1728] Data split:[32m [repeated 153x across cluster][0m
[36m(ClientAppActor pid=106624)[0m    Train:      86 samples (client-local)[32m [repeated 153x across cluster][0m
[36m(ClientAppActor pid=106624)[0m    Validation: 12 samples (client-local)[32m [repeated 153x across cluster][0m
[36m(ClientAppActor pid=99190)[0m [Client 514] Data split:[32m [repeated 134x across cluster][0m[92mINFO [0m:      aggregate_evaluate: received 2048 results and 0 failures
[92mINFO [0m:      
[92mINFO [0m:      [ROUND 9]
[92mINFO [0m:      configure_fit: strategy sampled 1638 clients (out of 2048)
[92mINFO [0m:      aggregate_fit: received 1638 results and 0 failures
[92mINFO [0m:      configure_evaluate: strategy sampled 2048 clients (out of 2048)

[36m(ClientAppActor pid=99190)[0m    Train:      87 samples (client-local)[32m [repeated 134x across cluster][0m
[36m(ClientAppActor pid=99190)[0m    Validation: 12 samples (client-local)[32m [repeated 134x across cluster][0m
[36m(ClientAppActor pid=98898)[0m [Client 1383] Data split:[32m [repeated 143x across cluster][0m
[36m(ClientAppActor pid=98898)[0m    Train:      87 samples (client-local)[32m [repeated 143x across cluster][0m
[36m(ClientAppActor pid=98898)[0m    Validation: 12 samples (client-local)[32m [repeated 143x across cluster][0m
[36m(ClientAppActor pid=58500)[0m [Client 509] Data split:[32m [repeated 162x across cluster][0m
[36m(ClientAppActor pid=58500)[0m    Train:      87 samples (client-local)[32m [repeated 162x across cluster][0m
[36m(ClientAppActor pid=58500)[0m    Validation: 12 samples (client-local)[32m [repeated 162x across cluster][0m
[36m(ClientAppActor pid=58617)[0m [Client 1660] Data split:[32m [repeated 142x across cluster][0m
[36m(ClientAppActor pid=58617)[0m    Train:      86 samples (client-local)[32m [repeated 142x across cluster][0m
[36m(ClientAppActor pid=58617)[0m    Validation: 12 samples (client-local)[32m [repeated 142x across cluster][0m
[36m(ClientAppActor pid=58617)[0m [Client 1210] Data split:[32m [repeated 124x across cluster][0m
[36m(ClientAppActor pid=58617)[0m    Train:      87 samples (client-local)[32m [repeated 124x across cluster][0m
[36m(ClientAppActor pid=58617)[0m    Validation: 12 samples (client-local)[32m [repeated 124x across cluster][0m
[36m(ClientAppActor pid=58023)[0m [Client 319] Data split:[32m [repeated 142x across cluster][0m
[36m(ClientAppActor pid=58023)[0m    Train:      87 samples (client-local)[32m [repeated 142x across cluster][0m
[36m(ClientAppActor pid=58023)[0m    Validation: 12 samples (client-local)[32m [repeated 142x across cluster][0m
⏭️  Round 8: Evaluation skipped (all n_val=0)
[36m(ClientAppActor pid=100060)[0m [Client 114] Data split:[32m [repeated 130x across cluster][0m
[36m(ClientAppActor pid=100060)[0m    Train:      87 samples (client-local)[32m [repeated 130x across cluster][0m
[36m(ClientAppActor pid=100060)[0m    Validation: 12 samples (client-local)[32m [repeated 130x across cluster][0m
[36m(ClientAppActor pid=97834)[0m [Client 946] Data split:[32m [repeated 147x across cluster][0m
[36m(ClientAppActor pid=97834)[0m    Train:      87 samples (client-local)[32m [repeated 147x across cluster][0m
[36m(ClientAppActor pid=97834)[0m    Validation: 12 samples (client-local)[32m [repeated 147x across cluster][0m
[36m(ClientAppActor pid=100060)[0m [Client 819] Data split:[32m [repeated 149x across cluster][0m
[36m(ClientAppActor pid=100060)[0m    Train:      87 samples (client-local)[32m [repeated 149x across cluster][0m
[36m(ClientAppActor pid=100060)[0m    Validation: 12 samples (client-local)[32m [repeated 149x across cluster][0m
[36m(ClientAppActor pid=98757)[0m [Client 1247] Data split:[32m [repeated 142x across cluster][0m
[36m(ClientAppActor pid=98757)[0m    Train:      87 samples (client-local)[32m [repeated 142x across cluster][0m
[36m(ClientAppActor pid=98757)[0m    Validation: 12 samples (client-local)[32m [repeated 142x across cluster][0m
[36m(ClientAppActor pid=58171)[0m [Client 607] Data split:[32m [repeated 144x across cluster][0m
[36m(ClientAppActor pid=58171)[0m    Train:      87 samples (client-local)[32m [repeated 144x across cluster][0m
[36m(ClientAppActor pid=58171)[0m    Validation: 12 samples (client-local)[32m [repeated 144x across cluster][0m
[36m(ClientAppActor pid=58708)[0m [Client 1293] Data split:[32m [repeated 141x across cluster][0m
[36m(ClientAppActor pid=58708)[0m    Train:      87 samples (client-local)[32m [repeated 141x across cluster][0m
[36m(ClientAppActor pid=58708)[0m    Validation: 12 samples (client-local)[32m [repeated 141x across cluster][0m
[36m(ClientAppActor pid=57689)[0m [Client 773] Data split:[32m [repeated 138x across cluster][0m
[36m(ClientAppActor pid=57689)[0m    Train:      87 samples (client-local)[32m [repeated 138x across cluster][0m
[36m(ClientAppActor pid=57689)[0m    Validation: 12 samples (client-local)[32m [repeated 138x across cluster][0m
[36m(ClientAppActor pid=97638)[0m [Client 1151] Data split:[32m [repeated 148x across cluster][0m
[36m(ClientAppActor pid=97638)[0m    Train:      87 samples (client-local)[32m [repeated 148x across cluster][0m
[36m(ClientAppActor pid=97638)[0m    Validation: 12 samples (client-local)[32m [repeated 148x across cluster][0m
[36m(ClientAppActor pid=97834)[0m [Client 138] Data split:[32m [repeated 140x across cluster][0m
[36m(ClientAppActor pid=97834)[0m    Train:      87 samples (client-local)[32m [repeated 140x across cluster][0m
[36m(ClientAppActor pid=97834)[0m    Validation: 12 samples (client-local)[32m [repeated 140x across cluster][0m
[36m(ClientAppActor pid=106270)[0m [Client 1201] Data split:[32m [repeated 128x across cluster][0m
[36m(ClientAppActor pid=106270)[0m    Train:      87 samples (client-local)[32m [repeated 128x across cluster][0m
[36m(ClientAppActor pid=106270)[0m    Validation: 12 samples (client-local)[32m [repeated 128x across cluster][0m
[36m(ClientAppActor pid=98378)[0m [Client 533] Data split:[32m [repeated 139x across cluster][0m
[36m(ClientAppActor pid=98378)[0m    Train:      87 samples (client-local)[32m [repeated 139x across cluster][0m
[36m(ClientAppActor pid=98378)[0m    Validation: 12 samples (client-local)[32m [repeated 139x across cluster][0m
[36m(ClientAppActor pid=106624)[0m [Client 571] Data split:[32m [repeated 145x across cluster][0m
[36m(ClientAppActor pid=106624)[0m    Train:      87 samples (client-local)[32m [repeated 145x across cluster][0m
[36m(ClientAppActor pid=106624)[0m    Validation: 12 samples (client-local)[32m [repeated 145x across cluster][0m
[36m(ClientAppActor pid=58617)[0m [Client 1406] Data split:[32m [repeated 120x across cluster][0m
[36m(ClientAppActor pid=58617)[0m    Train:      87 samples (client-local)[32m [repeated 120x across cluster][0m
[36m(ClientAppActor pid=58617)[0m    Validation: 12 samples (client-local)[32m [repeated 120x across cluster][0m
[36m(ClientAppActor pid=106307)[0m [Client 350] Data split:[32m [repeated 144x across cluster][0m
[36m(ClientAppActor pid=106307)[0m    Train:      87 samples (client-local)[32m [repeated 144x across cluster][0m
[36m(ClientAppActor pid=106307)[0m    Validation: 12 samples (client-local)[32m [repeated 144x across cluster][0m
[36m(ClientAppActor pid=58911)[0m [Client 788] Data split:[32m [repeated 140x across cluster][0m
[36m(ClientAppActor pid=58911)[0m    Train:      87 samples (client-local)[32m [repeated 140x across cluster][0m
[36m(ClientAppActor pid=58911)[0m    Validation: 12 samples (client-local)[32m [repeated 140x across cluster][0m
[36m(ClientAppActor pid=58617)[0m [Client 69] Data split:[32m [repeated 139x across cluster][0m
[36m(ClientAppActor pid=58617)[0m    Train:      87 samples (client-local)[32m [repeated 139x across cluster][0m
[36m(ClientAppActor pid=58617)[0m    Validation: 12 samples (client-local)[32m [repeated 139x across cluster][0m
[36m(ClientAppActor pid=58708)[0m [Client 1162] Data split:[32m [repeated 135x across cluster][0m
[36m(ClientAppActor pid=58708)[0m    Train:      87 samples (client-local)[32m [repeated 135x across cluster][0m
[36m(ClientAppActor pid=58708)[0m    Validation: 12 samples (client-local)[32m [repeated 135x across cluster][0m
[36m(ClientAppActor pid=106624)[0m [Client 25] Data split:[32m [repeated 129x across cluster][0m
[36m(ClientAppActor pid=106624)[0m    Train:      87 samples (client-local)[32m [repeated 129x across cluster][0m
[36m(ClientAppActor pid=106624)[0m    Validation: 12 samples (client-local)[32m [repeated 129x across cluster][0m
[36m(ClientAppActor pid=58911)[0m [Client 1940] Data split:[32m [repeated 139x across cluster][0m
[36m(ClientAppActor pid=58911)[0m    Train:      86 samples (client-local)[32m [repeated 139x across cluster][0m[92mINFO [0m:      aggregate_evaluate: received 2048 results and 0 failures
[92mINFO [0m:      
[92mINFO [0m:      [ROUND 10]
[92mINFO [0m:      configure_fit: strategy sampled 1638 clients (out of 2048)
[92mINFO [0m:      aggregate_fit: received 1638 results and 0 failures
[92mINFO [0m:      configure_evaluate: strategy sampled 2048 clients (out of 2048)

[36m(ClientAppActor pid=58911)[0m    Validation: 12 samples (client-local)[32m [repeated 139x across cluster][0m
[36m(ClientAppActor pid=58033)[0m [Client 1751] Data split:[32m [repeated 145x across cluster][0m
[36m(ClientAppActor pid=58033)[0m    Train:      86 samples (client-local)[32m [repeated 145x across cluster][0m
[36m(ClientAppActor pid=58033)[0m    Validation: 12 samples (client-local)[32m [repeated 145x across cluster][0m
[36m(ClientAppActor pid=59339)[0m [Client 702] Data split:[32m [repeated 141x across cluster][0m
[36m(ClientAppActor pid=59339)[0m    Train:      87 samples (client-local)[32m [repeated 141x across cluster][0m
[36m(ClientAppActor pid=59339)[0m    Validation: 12 samples (client-local)[32m [repeated 141x across cluster][0m
[36m(ClientAppActor pid=98757)[0m [Client 1589] Data split:[32m [repeated 148x across cluster][0m
[36m(ClientAppActor pid=98757)[0m    Train:      86 samples (client-local)[32m [repeated 148x across cluster][0m
[36m(ClientAppActor pid=98757)[0m    Validation: 12 samples (client-local)[32m [repeated 148x across cluster][0m
[36m(ClientAppActor pid=97925)[0m [Client 141] Data split:[32m [repeated 142x across cluster][0m
[36m(ClientAppActor pid=97925)[0m    Train:      87 samples (client-local)[32m [repeated 142x across cluster][0m
[36m(ClientAppActor pid=97925)[0m    Validation: 12 samples (client-local)[32m [repeated 142x across cluster][0m
[36m(ClientAppActor pid=106270)[0m [Client 198] Data split:[32m [repeated 128x across cluster][0m
[36m(ClientAppActor pid=106270)[0m    Train:      87 samples (client-local)[32m [repeated 128x across cluster][0m
[36m(ClientAppActor pid=106270)[0m    Validation: 12 samples (client-local)[32m [repeated 128x across cluster][0m
[36m(ClientAppActor pid=59018)[0m [Client 15] Data split:[32m [repeated 148x across cluster][0m
[36m(ClientAppActor pid=59018)[0m    Train:      87 samples (client-local)[32m [repeated 148x across cluster][0m
[36m(ClientAppActor pid=59018)[0m    Validation: 12 samples (client-local)[32m [repeated 148x across cluster][0m
[36m(ClientAppActor pid=57434)[0m [Client 1237] Data split:[32m [repeated 143x across cluster][0m
[36m(ClientAppActor pid=57434)[0m    Train:      87 samples (client-local)[32m [repeated 143x across cluster][0m
[36m(ClientAppActor pid=57434)[0m    Validation: 12 samples (client-local)[32m [repeated 143x across cluster][0m
⏭️  Round 9: Evaluation skipped (all n_val=0)
[36m(ClientAppActor pid=106270)[0m [Client 1456] Data split:[32m [repeated 135x across cluster][0m
[36m(ClientAppActor pid=106270)[0m    Train:      86 samples (client-local)[32m [repeated 135x across cluster][0m
[36m(ClientAppActor pid=106270)[0m    Validation: 12 samples (client-local)[32m [repeated 135x across cluster][0m
[36m(ClientAppActor pid=58911)[0m [Client 1100] Data split:[32m [repeated 127x across cluster][0m
[36m(ClientAppActor pid=58911)[0m    Train:      87 samples (client-local)[32m [repeated 127x across cluster][0m
[36m(ClientAppActor pid=58911)[0m    Validation: 12 samples (client-local)[32m [repeated 127x across cluster][0m
[36m(ClientAppActor pid=100011)[0m [Client 2028] Data split:[32m [repeated 143x across cluster][0m
[36m(ClientAppActor pid=100011)[0m    Train:      86 samples (client-local)[32m [repeated 143x across cluster][0m
[36m(ClientAppActor pid=100011)[0m    Validation: 12 samples (client-local)[32m [repeated 143x across cluster][0m
[36m(ClientAppActor pid=106624)[0m [Client 1871] Data split:[32m [repeated 161x across cluster][0m
[36m(ClientAppActor pid=106624)[0m    Train:      86 samples (client-local)[32m [repeated 161x across cluster][0m
[36m(ClientAppActor pid=106624)[0m    Validation: 12 samples (client-local)[32m [repeated 161x across cluster][0m
[36m(ClientAppActor pid=57434)[0m [Client 1563] Data split:[32m [repeated 135x across cluster][0m
[36m(ClientAppActor pid=57434)[0m    Train:      86 samples (client-local)[32m [repeated 135x across cluster][0m
[36m(ClientAppActor pid=57434)[0m    Validation: 12 samples (client-local)[32m [repeated 135x across cluster][0m
[36m(ClientAppActor pid=106270)[0m [Client 1122] Data split:[32m [repeated 130x across cluster][0m
[36m(ClientAppActor pid=106270)[0m    Train:      87 samples (client-local)[32m [repeated 130x across cluster][0m
[36m(ClientAppActor pid=106270)[0m    Validation: 12 samples (client-local)[32m [repeated 130x across cluster][0m
[36m(ClientAppActor pid=106624)[0m [Client 428] Data split:[32m [repeated 132x across cluster][0m
[36m(ClientAppActor pid=106624)[0m    Train:      87 samples (client-local)[32m [repeated 132x across cluster][0m
[36m(ClientAppActor pid=106624)[0m    Validation: 12 samples (client-local)[32m [repeated 132x across cluster][0m
[36m(ClientAppActor pid=98100)[0m [Client 1984] Data split:[32m [repeated 141x across cluster][0m
[36m(ClientAppActor pid=98100)[0m    Train:      86 samples (client-local)[32m [repeated 141x across cluster][0m
[36m(ClientAppActor pid=98100)[0m    Validation: 12 samples (client-local)[32m [repeated 141x across cluster][0m
[36m(ClientAppActor pid=97925)[0m [Client 769] Data split:[32m [repeated 143x across cluster][0m
[36m(ClientAppActor pid=97925)[0m    Train:      87 samples (client-local)[32m [repeated 143x across cluster][0m
[36m(ClientAppActor pid=97925)[0m    Validation: 12 samples (client-local)[32m [repeated 143x across cluster][0m
[36m(ClientAppActor pid=57689)[0m [Client 148] Data split:[32m [repeated 131x across cluster][0m
[36m(ClientAppActor pid=57689)[0m    Train:      87 samples (client-local)[32m [repeated 131x across cluster][0m
[36m(ClientAppActor pid=57689)[0m    Validation: 12 samples (client-local)[32m [repeated 131x across cluster][0m
[36m(ClientAppActor pid=106624)[0m [Client 1745] Data split:[32m [repeated 147x across cluster][0m
[36m(ClientAppActor pid=106624)[0m    Train:      86 samples (client-local)[32m [repeated 147x across cluster][0m
[36m(ClientAppActor pid=106624)[0m    Validation: 12 samples (client-local)[32m [repeated 147x across cluster][0m
[36m(ClientAppActor pid=97925)[0m [Client 372] Data split:[32m [repeated 146x across cluster][0m
[36m(ClientAppActor pid=97925)[0m    Train:      87 samples (client-local)[32m [repeated 146x across cluster][0m
[36m(ClientAppActor pid=97925)[0m    Validation: 12 samples (client-local)[32m [repeated 146x across cluster][0m
[36m(ClientAppActor pid=106270)[0m [Client 475] Data split:[32m [repeated 87x across cluster][0m
[36m(ClientAppActor pid=106270)[0m    Train:      87 samples (client-local)[32m [repeated 87x across cluster][0m
[36m(ClientAppActor pid=106270)[0m    Validation: 12 samples (client-local)[32m [repeated 87x across cluster][0m
[36m(ClientAppActor pid=100060)[0m [Client 602] Data split:[32m [repeated 141x across cluster][0m
[36m(ClientAppActor pid=100060)[0m    Train:      87 samples (client-local)[32m [repeated 141x across cluster][0m
[36m(ClientAppActor pid=100060)[0m    Validation: 12 samples (client-local)[32m [repeated 141x across cluster][0m
[36m(ClientAppActor pid=59339)[0m [Client 662] Data split:[32m [repeated 147x across cluster][0m
[36m(ClientAppActor pid=59339)[0m    Train:      87 samples (client-local)[32m [repeated 147x across cluster][0m
[36m(ClientAppActor pid=59339)[0m    Validation: 12 samples (client-local)[32m [repeated 147x across cluster][0m
[36m(ClientAppActor pid=108073)[0m [Client 1522] Data split:[32m [repeated 139x across cluster][0m
[36m(ClientAppActor pid=108073)[0m    Train:      86 samples (client-local)[32m [repeated 139x across cluster][0m
[36m(ClientAppActor pid=108073)[0m    Validation: 12 samples (client-local)[32m [repeated 139x across cluster][0m
[36m(ClientAppActor pid=97925)[0m [Client 639] Data split:[32m [repeated 140x across cluster][0m
[36m(ClientAppActor pid=97925)[0m    Train:      87 samples (client-local)[32m [repeated 140x across cluster][0m
[36m(ClientAppActor pid=97925)[0m    Validation: 12 samples (client-local)[32m [repeated 140x across cluster][0m[92mINFO [0m:      aggregate_evaluate: received 2048 results and 0 failures
[92mINFO [0m:      
[92mINFO [0m:      [ROUND 11]
[92mINFO [0m:      configure_fit: strategy sampled 1638 clients (out of 2048)

[36m(ClientAppActor pid=100781)[0m [Client 485] Data split:[32m [repeated 137x across cluster][0m
[36m(ClientAppActor pid=100781)[0m    Train:      87 samples (client-local)[32m [repeated 137x across cluster][0m
[36m(ClientAppActor pid=100781)[0m    Validation: 12 samples (client-local)[32m [repeated 137x across cluster][0m
[36m(ClientAppActor pid=98757)[0m [Client 825] Data split:[32m [repeated 149x across cluster][0m
[36m(ClientAppActor pid=98757)[0m    Train:      87 samples (client-local)[32m [repeated 149x across cluster][0m
[36m(ClientAppActor pid=98757)[0m    Validation: 12 samples (client-local)[32m [repeated 149x across cluster][0m
[36m(ClientAppActor pid=58911)[0m [Client 622] Data split:[32m [repeated 142x across cluster][0m
[36m(ClientAppActor pid=58911)[0m    Train:      87 samples (client-local)[32m [repeated 142x across cluster][0m
[36m(ClientAppActor pid=58911)[0m    Validation: 12 samples (client-local)[32m [repeated 142x across cluster][0m
[36m(ClientAppActor pid=58708)[0m [Client 1654] Data split:[32m [repeated 139x across cluster][0m
[36m(ClientAppActor pid=58708)[0m    Train:      86 samples (client-local)[32m [repeated 139x across cluster][0m
[36m(ClientAppActor pid=58708)[0m    Validation: 12 samples (client-local)[32m [repeated 139x across cluster][0m
[36m(ClientAppActor pid=59018)[0m [Client 33] Data split:[32m [repeated 138x across cluster][0m
[36m(ClientAppActor pid=59018)[0m    Train:      87 samples (client-local)[32m [repeated 138x across cluster][0m
[36m(ClientAppActor pid=59018)[0m    Validation: 12 samples (client-local)[32m [repeated 138x across cluster][0m
[36m(ClientAppActor pid=106270)[0m [Client 182] Data split:[32m [repeated 142x across cluster][0m
[36m(ClientAppActor pid=106270)[0m    Train:      87 samples (client-local)[32m [repeated 142x across cluster][0m
[36m(ClientAppActor pid=106270)[0m    Validation: 12 samples (client-local)[32m [repeated 142x across cluster][0m
[36m(ClientAppActor pid=98898)[0m [Client 755] Data split:[32m [repeated 137x across cluster][0m
[36m(ClientAppActor pid=98898)[0m    Train:      87 samples (client-local)[32m [repeated 137x across cluster][0m
[36m(ClientAppActor pid=98898)[0m    Validation: 12 samples (client-local)[32m [repeated 137x across cluster][0m
[36m(ClientAppActor pid=99221)[0m [Client 204] Data split:[32m [repeated 137x across cluster][0m
[36m(ClientAppActor pid=99221)[0m    Train:      87 samples (client-local)[32m [repeated 137x across cluster][0m
[36m(ClientAppActor pid=99221)[0m    Validation: 12 samples (client-local)[32m [repeated 137x across cluster][0m
[36m(ClientAppActor pid=98898)[0m [Client 385] Data split:[32m [repeated 147x across cluster][0m
[36m(ClientAppActor pid=98898)[0m    Train:      87 samples (client-local)[32m [repeated 147x across cluster][0m
[36m(ClientAppActor pid=98898)[0m    Validation: 12 samples (client-local)[32m [repeated 147x across cluster][0m
[36m(ClientAppActor pid=97925)[0m [Client 834] Data split:[32m [repeated 140x across cluster][0m
[36m(ClientAppActor pid=97925)[0m    Train:      87 samples (client-local)[32m [repeated 140x across cluster][0m
[36m(ClientAppActor pid=97925)[0m    Validation: 12 samples (client-local)[32m [repeated 140x across cluster][0m

🎯 Multi-Threshold Aggregation:
   ═══════════════════════════════════════════════
   ✅ Valid clients: 2048
   Evaluated 10 thresholds:
     • Thr=0.15: Recall=0.975, Spec=0.093, F1=0.257
     • Thr=0.20: Recall=0.956, Spec=0.148, F1=0.265
     • Thr=0.25: Recall=0.931, Spec=0.208, F1=0.273
   ...

   BEST Threshold: 0.50
     • Recall:      0.737
     • Specificity: 0.510
     • F1-Score:    0.310
     • Score:       0.600
   ═══════════════════════════════════════════════

⚠️  No rounds meet spec≥0.7, using recall filter only
   BUT: Filtered to top 2 by specificity (spec range: 0.347-0.510)
 1 Pareto-optimal rounds (not dominated in recall & spec)

🎯 SELECTED ROUND 10:
   Recall:     0.737
   Specificity: 0.510
   F1-Score:    0.310
   Stability:   1.000
   Alerts/1000: 524.0
   Composite:   0.610

   💾 Checkpoint saved: result/splits_iid_scaling/splits_iid_2048_clients.json/multi_thr/model_round_10.pt
⚠️  No rounds meet spec≥0.7, using recall filter only
   BUT: Filtered to top 2 by specificity (spec range: 0.347-0.510)
 1 Pareto-optimal rounds (not dominated in recall & spec)

🎯 SELECTED ROUND 10:
   Recall:     0.737
   Specificity: 0.510
   F1-Score:    0.310
   Stability:   1.000
   Alerts/1000: 524.0
   Composite:   0.610

   💾 Best model saved: result/splits_iid_scaling/splits_iid_2048_clients.json/multi_thr/model_round_10.pt
   📊 Metrics saved: result/splits_iid_scaling/splits_iid_2048_clients.json/multi_thr/run_1.json
[36m(ClientAppActor pid=58708)[0m [Client 445] Data split:[32m [repeated 134x across cluster][0m
[36m(ClientAppActor pid=58708)[0m    Train:      87 samples (client-local)[32m [repeated 134x across cluster][0m
[36m(ClientAppActor pid=58708)[0m    Validation: 12 samples (client-local)[32m [repeated 134x across cluster][0m
[36m(ClientAppActor pid=58852)[0m [Client 1274] Data split:[32m [repeated 126x across cluster][0m
[36m(ClientAppActor pid=58852)[0m    Train:      87 samples (client-local)[32m [repeated 126x across cluster][0m
[36m(ClientAppActor pid=58852)[0m    Validation: 12 samples (client-local)[32m [repeated 126x across cluster][0m
[36m(ClientAppActor pid=106624)[0m [Client 210] Data split:[32m [repeated 124x across cluster][0m
[36m(ClientAppActor pid=106624)[0m    Train:      87 samples (client-local)[32m [repeated 124x across cluster][0m
[36m(ClientAppActor pid=106624)[0m    Validation: 12 samples (client-local)[32m [repeated 124x across cluster][0m
[36m(ClientAppActor pid=57814)[0m [Client 1758] Data split:[32m [repeated 142x across cluster][0m
[36m(ClientAppActor pid=57814)[0m    Train:      86 samples (client-local)[32m [repeated 142x across cluster][0m
[36m(ClientAppActor pid=57814)[0m    Validation: 12 samples (client-local)[32m [repeated 142x across cluster][0m
[36m(ClientAppActor pid=106307)[0m [Client 576] Data split:[32m [repeated 151x across cluster][0m
[36m(ClientAppActor pid=106307)[0m    Train:      87 samples (client-local)[32m [repeated 151x across cluster][0m
[36m(ClientAppActor pid=106307)[0m    Validation: 12 samples (client-local)[32m [repeated 151x across cluster][0m
[36m(ClientAppActor pid=106624)[0m [Client 1920] Data split:[32m [repeated 135x across cluster][0m
[36m(ClientAppActor pid=106624)[0m    Train:      86 samples (client-local)[32m [repeated 135x across cluster][0m
[36m(ClientAppActor pid=106624)[0m    Validation: 12 samples (client-local)[32m [repeated 135x across cluster][0m
[36m(ClientAppActor pid=57814)[0m [Client 1898] Data split:[32m [repeated 140x across cluster][0m
[36m(ClientAppActor pid=57814)[0m    Train:      86 samples (client-local)[32m [repeated 140x across cluster][0m
[36m(ClientAppActor pid=57814)[0m    Validation: 12 samples (client-local)[32m [repeated 140x across cluster][0m
[36m(ClientAppActor pid=98898)[0m [Client 1322] Data split:[32m [repeated 158x across cluster][0m
[36m(ClientAppActor pid=98898)[0m    Train:      87 samples (client-local)[32m [repeated 158x across cluster][0m
[36m(ClientAppActor pid=98898)[0m    Validation: 12 samples (client-local)[32m [repeated 158x across cluster][0m
[36m(ClientAppActor pid=98378)[0m [Client 216] Data split:[32m [repeated 151x across cluster][0m
[36m(ClientAppActor pid=98378)[0m    Train:      87 samples (client-local)[32m [repeated 151x across cluster][0m
[36m(ClientAppActor pid=98378)[0m    Validation: 12 samples (client-local)[32m [repeated 151x across cluster][0m
[36m(ClientAppActor pid=58852)[0m [Client 1864] Data split:[32m [repeated 149x across cluster][0m
[36m(ClientAppActor pid=58852)[0m    Train:      86 samples (client-local)[32m [repeated 149x across cluster][0m[92mINFO [0m:      aggregate_fit: received 1638 results and 0 failures
[92mINFO [0m:      configure_evaluate: strategy sampled 2048 clients (out of 2048)
[92mINFO [0m:      aggregate_evaluate: received 2048 results and 0 failures
[92mINFO [0m:      
[92mINFO [0m:      [ROUND 12]
[92mINFO [0m:      configure_fit: strategy sampled 1638 clients (out of 2048)

[36m(ClientAppActor pid=58852)[0m    Validation: 12 samples (client-local)[32m [repeated 149x across cluster][0m
[36m(ClientAppActor pid=58852)[0m [Client 626] Data split:[32m [repeated 142x across cluster][0m
[36m(ClientAppActor pid=58852)[0m    Train:      87 samples (client-local)[32m [repeated 142x across cluster][0m
[36m(ClientAppActor pid=58852)[0m    Validation: 12 samples (client-local)[32m [repeated 142x across cluster][0m
[36m(ClientAppActor pid=59018)[0m [Client 1988] Data split:[32m [repeated 138x across cluster][0m
[36m(ClientAppActor pid=59018)[0m    Train:      86 samples (client-local)[32m [repeated 138x across cluster][0m
[36m(ClientAppActor pid=59018)[0m    Validation: 12 samples (client-local)[32m [repeated 138x across cluster][0m
[36m(ClientAppActor pid=58006)[0m [Client 1587] Data split:[32m [repeated 87x across cluster][0m
[36m(ClientAppActor pid=58006)[0m    Train:      86 samples (client-local)[32m [repeated 87x across cluster][0m
[36m(ClientAppActor pid=58006)[0m    Validation: 12 samples (client-local)[32m [repeated 87x across cluster][0m
[36m(ClientAppActor pid=106307)[0m [Client 1649] Data split:[32m [repeated 142x across cluster][0m
[36m(ClientAppActor pid=106307)[0m    Train:      86 samples (client-local)[32m [repeated 142x across cluster][0m
[36m(ClientAppActor pid=106307)[0m    Validation: 12 samples (client-local)[32m [repeated 142x across cluster][0m
[36m(ClientAppActor pid=57434)[0m [Client 1032] Data split:[32m [repeated 141x across cluster][0m
[36m(ClientAppActor pid=57434)[0m    Train:      87 samples (client-local)[32m [repeated 141x across cluster][0m
[36m(ClientAppActor pid=57434)[0m    Validation: 12 samples (client-local)[32m [repeated 141x across cluster][0m
[36m(ClientAppActor pid=58617)[0m [Client 225] Data split:[32m [repeated 142x across cluster][0m
[36m(ClientAppActor pid=58617)[0m    Train:      87 samples (client-local)[32m [repeated 142x across cluster][0m
[36m(ClientAppActor pid=58617)[0m    Validation: 12 samples (client-local)[32m [repeated 142x across cluster][0m
[36m(ClientAppActor pid=59339)[0m [Client 1149] Data split:[32m [repeated 148x across cluster][0m
[36m(ClientAppActor pid=59339)[0m    Train:      87 samples (client-local)[32m [repeated 148x across cluster][0m
[36m(ClientAppActor pid=59339)[0m    Validation: 12 samples (client-local)[32m [repeated 148x across cluster][0m
[36m(ClientAppActor pid=58852)[0m [Client 229] Data split:[32m [repeated 132x across cluster][0m
[36m(ClientAppActor pid=58852)[0m    Train:      87 samples (client-local)[32m [repeated 132x across cluster][0m
[36m(ClientAppActor pid=58852)[0m    Validation: 12 samples (client-local)[32m [repeated 132x across cluster][0m
[36m(ClientAppActor pid=58617)[0m [Client 126] Data split:[32m [repeated 139x across cluster][0m
[36m(ClientAppActor pid=58617)[0m    Train:      87 samples (client-local)[32m [repeated 139x across cluster][0m
[36m(ClientAppActor pid=58617)[0m    Validation: 12 samples (client-local)[32m [repeated 139x across cluster][0m
[36m(ClientAppActor pid=58911)[0m [Client 1888] Data split:[32m [repeated 141x across cluster][0m
[36m(ClientAppActor pid=58911)[0m    Train:      86 samples (client-local)[32m [repeated 141x across cluster][0m
[36m(ClientAppActor pid=58911)[0m    Validation: 12 samples (client-local)[32m [repeated 141x across cluster][0m
[36m(ClientAppActor pid=59339)[0m [Client 409] Data split:[32m [repeated 143x across cluster][0m
[36m(ClientAppActor pid=59339)[0m    Train:      87 samples (client-local)[32m [repeated 143x across cluster][0m
[36m(ClientAppActor pid=59339)[0m    Validation: 12 samples (client-local)[32m [repeated 143x across cluster][0m
[36m(ClientAppActor pid=106270)[0m [Client 995] Data split:[32m [repeated 148x across cluster][0m
[36m(ClientAppActor pid=106270)[0m    Train:      87 samples (client-local)[32m [repeated 148x across cluster][0m
[36m(ClientAppActor pid=106270)[0m    Validation: 12 samples (client-local)[32m [repeated 148x across cluster][0m
[36m(ClientAppActor pid=59339)[0m [Client 881] Data split:[32m [repeated 132x across cluster][0m
[36m(ClientAppActor pid=59339)[0m    Train:      87 samples (client-local)[32m [repeated 132x across cluster][0m
[36m(ClientAppActor pid=59339)[0m    Validation: 12 samples (client-local)[32m [repeated 132x across cluster][0m
[36m(ClientAppActor pid=98898)[0m [Client 810] Data split:[32m [repeated 136x across cluster][0m
[36m(ClientAppActor pid=98898)[0m    Train:      87 samples (client-local)[32m [repeated 136x across cluster][0m
[36m(ClientAppActor pid=98898)[0m    Validation: 12 samples (client-local)[32m [repeated 136x across cluster][0m
[36m(ClientAppActor pid=106270)[0m [Client 260] Data split:[32m [repeated 150x across cluster][0m
[36m(ClientAppActor pid=106270)[0m    Train:      87 samples (client-local)[32m [repeated 150x across cluster][0m
[36m(ClientAppActor pid=106270)[0m    Validation: 12 samples (client-local)[32m [repeated 150x across cluster][0m
[36m(ClientAppActor pid=100011)[0m [Client 555] Data split:[32m [repeated 152x across cluster][0m
[36m(ClientAppActor pid=100011)[0m    Train:      87 samples (client-local)[32m [repeated 152x across cluster][0m
[36m(ClientAppActor pid=100011)[0m    Validation: 12 samples (client-local)[32m [repeated 152x across cluster][0m
⏭️  Round 11: Evaluation skipped (all n_val=0)
[36m(ClientAppActor pid=99221)[0m [Client 4] Data split:[32m [repeated 134x across cluster][0m
[36m(ClientAppActor pid=99221)[0m    Train:      87 samples (client-local)[32m [repeated 134x across cluster][0m
[36m(ClientAppActor pid=99221)[0m    Validation: 12 samples (client-local)[32m [repeated 134x across cluster][0m
[36m(ClientAppActor pid=59339)[0m [Client 996] Data split:[32m [repeated 137x across cluster][0m
[36m(ClientAppActor pid=59339)[0m    Train:      87 samples (client-local)[32m [repeated 137x across cluster][0m
[36m(ClientAppActor pid=59339)[0m    Validation: 12 samples (client-local)[32m [repeated 137x across cluster][0m
[36m(ClientAppActor pid=58617)[0m [Client 387] Data split:[32m [repeated 144x across cluster][0m
[36m(ClientAppActor pid=58617)[0m    Train:      87 samples (client-local)[32m [repeated 144x across cluster][0m
[36m(ClientAppActor pid=58617)[0m    Validation: 12 samples (client-local)[32m [repeated 144x across cluster][0m
[36m(ClientAppActor pid=58023)[0m [Client 1707] Data split:[32m [repeated 142x across cluster][0m
[36m(ClientAppActor pid=58023)[0m    Train:      86 samples (client-local)[32m [repeated 142x across cluster][0m
[36m(ClientAppActor pid=58023)[0m    Validation: 12 samples (client-local)[32m [repeated 142x across cluster][0m
[36m(ClientAppActor pid=97925)[0m [Client 710] Data split:[32m [repeated 147x across cluster][0m
[36m(ClientAppActor pid=97925)[0m    Train:      87 samples (client-local)[32m [repeated 147x across cluster][0m
[36m(ClientAppActor pid=97925)[0m    Validation: 12 samples (client-local)[32m [repeated 147x across cluster][0m
[36m(ClientAppActor pid=97925)[0m [Client 133] Data split:[32m [repeated 136x across cluster][0m
[36m(ClientAppActor pid=97925)[0m    Train:      87 samples (client-local)[32m [repeated 136x across cluster][0m
[36m(ClientAppActor pid=97925)[0m    Validation: 12 samples (client-local)[32m [repeated 136x across cluster][0m
[36m(ClientAppActor pid=106270)[0m [Client 1476] Data split:[32m [repeated 133x across cluster][0m
[36m(ClientAppActor pid=106270)[0m    Train:      86 samples (client-local)[32m [repeated 133x across cluster][0m
[36m(ClientAppActor pid=106270)[0m    Validation: 12 samples (client-local)[32m [repeated 133x across cluster][0m
[36m(ClientAppActor pid=106270)[0m [Client 1114] Data split:[32m [repeated 131x across cluster][0m
[36m(ClientAppActor pid=106270)[0m    Train:      87 samples (client-local)[32m [repeated 131x across cluster][0m
[36m(ClientAppActor pid=106270)[0m    Validation: 12 samples (client-local)[32m [repeated 131x across cluster][0m[92mINFO [0m:      aggregate_fit: received 1638 results and 0 failures
[92mINFO [0m:      configure_evaluate: strategy sampled 2048 clients (out of 2048)
[92mINFO [0m:      aggregate_evaluate: received 2048 results and 0 failures
[92mINFO [0m:      
[92mINFO [0m:      [ROUND 13]
[92mINFO [0m:      configure_fit: strategy sampled 1638 clients (out of 2048)

[36m(ClientAppActor pid=99221)[0m [Client 1126] Data split:[32m [repeated 161x across cluster][0m
[36m(ClientAppActor pid=99221)[0m    Train:      87 samples (client-local)[32m [repeated 161x across cluster][0m
[36m(ClientAppActor pid=99221)[0m    Validation: 12 samples (client-local)[32m [repeated 161x across cluster][0m
[36m(ClientAppActor pid=100011)[0m [Client 548] Data split:[32m [repeated 134x across cluster][0m
[36m(ClientAppActor pid=100011)[0m    Train:      87 samples (client-local)[32m [repeated 134x across cluster][0m
[36m(ClientAppActor pid=100011)[0m    Validation: 12 samples (client-local)[32m [repeated 134x across cluster][0m
[36m(ClientAppActor pid=57814)[0m [Client 1568] Data split:[32m [repeated 138x across cluster][0m
[36m(ClientAppActor pid=57814)[0m    Train:      86 samples (client-local)[32m [repeated 138x across cluster][0m
[36m(ClientAppActor pid=57814)[0m    Validation: 12 samples (client-local)[32m [repeated 138x across cluster][0m
[36m(ClientAppActor pid=106624)[0m [Client 2040] Data split:[32m [repeated 147x across cluster][0m
[36m(ClientAppActor pid=106624)[0m    Train:      86 samples (client-local)[32m [repeated 147x across cluster][0m
[36m(ClientAppActor pid=106624)[0m    Validation: 12 samples (client-local)[32m [repeated 147x across cluster][0m
[36m(ClientAppActor pid=106270)[0m [Client 430] Data split:[32m [repeated 88x across cluster][0m
[36m(ClientAppActor pid=106270)[0m    Train:      87 samples (client-local)[32m [repeated 88x across cluster][0m
[36m(ClientAppActor pid=106270)[0m    Validation: 12 samples (client-local)[32m [repeated 88x across cluster][0m
[36m(ClientAppActor pid=57636)[0m [Client 32] Data split:[32m [repeated 140x across cluster][0m
[36m(ClientAppActor pid=57636)[0m    Train:      87 samples (client-local)[32m [repeated 140x across cluster][0m
[36m(ClientAppActor pid=57636)[0m    Validation: 12 samples (client-local)[32m [repeated 140x across cluster][0m
[36m(ClientAppActor pid=98898)[0m [Client 921] Data split:[32m [repeated 146x across cluster][0m
[36m(ClientAppActor pid=98898)[0m    Train:      87 samples (client-local)[32m [repeated 146x across cluster][0m
[36m(ClientAppActor pid=98898)[0m    Validation: 12 samples (client-local)[32m [repeated 146x across cluster][0m
[36m(ClientAppActor pid=98898)[0m [Client 75] Data split:[32m [repeated 137x across cluster][0m
[36m(ClientAppActor pid=98898)[0m    Train:      87 samples (client-local)[32m [repeated 137x across cluster][0m
[36m(ClientAppActor pid=98898)[0m    Validation: 12 samples (client-local)[32m [repeated 137x across cluster][0m
[36m(ClientAppActor pid=106624)[0m [Client 406] Data split:[32m [repeated 134x across cluster][0m
[36m(ClientAppActor pid=106624)[0m    Train:      87 samples (client-local)[32m [repeated 134x across cluster][0m
[36m(ClientAppActor pid=106624)[0m    Validation: 12 samples (client-local)[32m [repeated 134x across cluster][0m
[36m(ClientAppActor pid=59018)[0m [Client 186] Data split:[32m [repeated 142x across cluster][0m
[36m(ClientAppActor pid=59018)[0m    Train:      87 samples (client-local)[32m [repeated 142x across cluster][0m
[36m(ClientAppActor pid=59018)[0m    Validation: 12 samples (client-local)[32m [repeated 142x across cluster][0m
[36m(ClientAppActor pid=58617)[0m [Client 994] Data split:[32m [repeated 142x across cluster][0m
[36m(ClientAppActor pid=58617)[0m    Train:      87 samples (client-local)[32m [repeated 142x across cluster][0m
[36m(ClientAppActor pid=58617)[0m    Validation: 12 samples (client-local)[32m [repeated 142x across cluster][0m
[36m(ClientAppActor pid=100120)[0m [Client 1261] Data split:[32m [repeated 147x across cluster][0m
[36m(ClientAppActor pid=100120)[0m    Train:      87 samples (client-local)[32m [repeated 147x across cluster][0m
[36m(ClientAppActor pid=100120)[0m    Validation: 12 samples (client-local)[32m [repeated 147x across cluster][0m
[36m(ClientAppActor pid=57434)[0m [Client 64] Data split:[32m [repeated 145x across cluster][0m
[36m(ClientAppActor pid=57434)[0m    Train:      87 samples (client-local)[32m [repeated 145x across cluster][0m
[36m(ClientAppActor pid=57434)[0m    Validation: 12 samples (client-local)[32m [repeated 145x across cluster][0m
[36m(ClientAppActor pid=99221)[0m [Client 1480] Data split:[32m [repeated 142x across cluster][0m
[36m(ClientAppActor pid=99221)[0m    Train:      86 samples (client-local)[32m [repeated 142x across cluster][0m
[36m(ClientAppActor pid=99221)[0m    Validation: 12 samples (client-local)[32m [repeated 142x across cluster][0m
[36m(ClientAppActor pid=97834)[0m [Client 14] Data split:[32m [repeated 140x across cluster][0m
[36m(ClientAppActor pid=97834)[0m    Train:      87 samples (client-local)[32m [repeated 140x across cluster][0m
[36m(ClientAppActor pid=97834)[0m    Validation: 12 samples (client-local)[32m [repeated 140x across cluster][0m
[36m(ClientAppActor pid=98378)[0m [Client 1977] Data split:[32m [repeated 138x across cluster][0m
[36m(ClientAppActor pid=98378)[0m    Train:      86 samples (client-local)[32m [repeated 138x across cluster][0m
[36m(ClientAppActor pid=98378)[0m    Validation: 12 samples (client-local)[32m [repeated 138x across cluster][0m
[36m(ClientAppActor pid=106307)[0m [Client 1986] Data split:[32m [repeated 145x across cluster][0m
[36m(ClientAppActor pid=106307)[0m    Train:      86 samples (client-local)[32m [repeated 145x across cluster][0m
[36m(ClientAppActor pid=106307)[0m    Validation: 12 samples (client-local)[32m [repeated 145x across cluster][0m
[36m(ClientAppActor pid=57636)[0m [Client 1522] Data split:[32m [repeated 142x across cluster][0m
[36m(ClientAppActor pid=57636)[0m    Train:      86 samples (client-local)[32m [repeated 142x across cluster][0m
[36m(ClientAppActor pid=57636)[0m    Validation: 12 samples (client-local)[32m [repeated 142x across cluster][0m
[36m(ClientAppActor pid=58911)[0m [Client 645] Data split:[32m [repeated 149x across cluster][0m
[36m(ClientAppActor pid=58911)[0m    Train:      87 samples (client-local)[32m [repeated 149x across cluster][0m
[36m(ClientAppActor pid=58911)[0m    Validation: 12 samples (client-local)[32m [repeated 149x across cluster][0m
⏭️  Round 12: Evaluation skipped (all n_val=0)
[36m(ClientAppActor pid=98898)[0m [Client 223] Data split:[32m [repeated 126x across cluster][0m
[36m(ClientAppActor pid=98898)[0m    Train:      87 samples (client-local)[32m [repeated 126x across cluster][0m
[36m(ClientAppActor pid=98898)[0m    Validation: 12 samples (client-local)[32m [repeated 126x across cluster][0m
[36m(ClientAppActor pid=100781)[0m [Client 107] Data split:[32m [repeated 140x across cluster][0m
[36m(ClientAppActor pid=100781)[0m    Train:      87 samples (client-local)[32m [repeated 140x across cluster][0m
[36m(ClientAppActor pid=100781)[0m    Validation: 12 samples (client-local)[32m [repeated 140x across cluster][0m
[36m(ClientAppActor pid=99221)[0m [Client 380] Data split:[32m [repeated 146x across cluster][0m
[36m(ClientAppActor pid=99221)[0m    Train:      87 samples (client-local)[32m [repeated 146x across cluster][0m
[36m(ClientAppActor pid=99221)[0m    Validation: 12 samples (client-local)[32m [repeated 146x across cluster][0m
[36m(ClientAppActor pid=97834)[0m [Client 1366] Data split:[32m [repeated 153x across cluster][0m
[36m(ClientAppActor pid=97834)[0m    Train:      87 samples (client-local)[32m [repeated 153x across cluster][0m
[36m(ClientAppActor pid=97834)[0m    Validation: 12 samples (client-local)[32m [repeated 153x across cluster][0m
[36m(ClientAppActor pid=100011)[0m [Client 1116] Data split:[32m [repeated 143x across cluster][0m
[36m(ClientAppActor pid=100011)[0m    Train:      87 samples (client-local)[32m [repeated 143x across cluster][0m
[36m(ClientAppActor pid=100011)[0m    Validation: 12 samples (client-local)[32m [repeated 143x across cluster][0m
[36m(ClientAppActor pid=59339)[0m [Client 794] Data split:[32m [repeated 134x across cluster][0m[92mINFO [0m:      aggregate_fit: received 1638 results and 0 failures
[92mINFO [0m:      configure_evaluate: strategy sampled 2048 clients (out of 2048)
[92mINFO [0m:      aggregate_evaluate: received 2048 results and 0 failures
[92mINFO [0m:      
[92mINFO [0m:      [ROUND 14]
[92mINFO [0m:      configure_fit: strategy sampled 1638 clients (out of 2048)

[36m(ClientAppActor pid=59339)[0m    Train:      87 samples (client-local)[32m [repeated 134x across cluster][0m
[36m(ClientAppActor pid=59339)[0m    Validation: 12 samples (client-local)[32m [repeated 134x across cluster][0m
[36m(ClientAppActor pid=99221)[0m [Client 172] Data split:[32m [repeated 127x across cluster][0m
[36m(ClientAppActor pid=99221)[0m    Train:      87 samples (client-local)[32m [repeated 127x across cluster][0m
[36m(ClientAppActor pid=99221)[0m    Validation: 12 samples (client-local)[32m [repeated 127x across cluster][0m
[36m(ClientAppActor pid=106270)[0m [Client 745] Data split:[32m [repeated 140x across cluster][0m
[36m(ClientAppActor pid=106270)[0m    Train:      87 samples (client-local)[32m [repeated 140x across cluster][0m
[36m(ClientAppActor pid=106270)[0m    Validation: 12 samples (client-local)[32m [repeated 140x across cluster][0m
[36m(ClientAppActor pid=59339)[0m [Client 349] Data split:[32m [repeated 140x across cluster][0m
[36m(ClientAppActor pid=59339)[0m    Train:      87 samples (client-local)[32m [repeated 140x across cluster][0m
[36m(ClientAppActor pid=59339)[0m    Validation: 12 samples (client-local)[32m [repeated 140x across cluster][0m
[36m(ClientAppActor pid=100060)[0m [Client 670] Data split:[32m [repeated 153x across cluster][0m
[36m(ClientAppActor pid=100060)[0m    Train:      87 samples (client-local)[32m [repeated 153x across cluster][0m
[36m(ClientAppActor pid=100060)[0m    Validation: 12 samples (client-local)[32m [repeated 153x across cluster][0m
[36m(ClientAppActor pid=99221)[0m [Client 1632] Data split:[32m [repeated 143x across cluster][0m
[36m(ClientAppActor pid=99221)[0m    Train:      86 samples (client-local)[32m [repeated 143x across cluster][0m
[36m(ClientAppActor pid=99221)[0m    Validation: 12 samples (client-local)[32m [repeated 143x across cluster][0m
[36m(ClientAppActor pid=106624)[0m [Client 367] Data split:[32m [repeated 148x across cluster][0m
[36m(ClientAppActor pid=106624)[0m    Train:      87 samples (client-local)[32m [repeated 148x across cluster][0m
[36m(ClientAppActor pid=106624)[0m    Validation: 12 samples (client-local)[32m [repeated 148x across cluster][0m
[36m(ClientAppActor pid=100781)[0m [Client 1673] Data split:[32m [repeated 105x across cluster][0m
[36m(ClientAppActor pid=100781)[0m    Train:      86 samples (client-local)[32m [repeated 105x across cluster][0m
[36m(ClientAppActor pid=100781)[0m    Validation: 12 samples (client-local)[32m [repeated 105x across cluster][0m
[36m(ClientAppActor pid=106624)[0m [Client 452] Data split:[32m [repeated 136x across cluster][0m
[36m(ClientAppActor pid=106624)[0m    Train:      87 samples (client-local)[32m [repeated 136x across cluster][0m
[36m(ClientAppActor pid=106624)[0m    Validation: 12 samples (client-local)[32m [repeated 136x across cluster][0m
[36m(ClientAppActor pid=106270)[0m [Client 246] Data split:[32m [repeated 140x across cluster][0m
[36m(ClientAppActor pid=106270)[0m    Train:      87 samples (client-local)[32m [repeated 140x across cluster][0m
[36m(ClientAppActor pid=106270)[0m    Validation: 12 samples (client-local)[32m [repeated 140x across cluster][0m
[36m(ClientAppActor pid=58617)[0m [Client 2039] Data split:[32m [repeated 134x across cluster][0m
[36m(ClientAppActor pid=58617)[0m    Train:      86 samples (client-local)[32m [repeated 134x across cluster][0m
[36m(ClientAppActor pid=58617)[0m    Validation: 12 samples (client-local)[32m [repeated 134x across cluster][0m
[36m(ClientAppActor pid=98378)[0m [Client 2030] Data split:[32m [repeated 139x across cluster][0m
[36m(ClientAppActor pid=98378)[0m    Train:      86 samples (client-local)[32m [repeated 139x across cluster][0m
[36m(ClientAppActor pid=98378)[0m    Validation: 12 samples (client-local)[32m [repeated 139x across cluster][0m
[36m(ClientAppActor pid=106270)[0m [Client 1041] Data split:[32m [repeated 143x across cluster][0m
[36m(ClientAppActor pid=106270)[0m    Train:      87 samples (client-local)[32m [repeated 143x across cluster][0m
[36m(ClientAppActor pid=106270)[0m    Validation: 12 samples (client-local)[32m [repeated 143x across cluster][0m
[36m(ClientAppActor pid=98898)[0m [Client 821] Data split:[32m [repeated 148x across cluster][0m
[36m(ClientAppActor pid=98898)[0m    Train:      87 samples (client-local)[32m [repeated 148x across cluster][0m
[36m(ClientAppActor pid=98898)[0m    Validation: 12 samples (client-local)[32m [repeated 148x across cluster][0m
[36m(ClientAppActor pid=106624)[0m [Client 359] Data split:[32m [repeated 142x across cluster][0m
[36m(ClientAppActor pid=106624)[0m    Train:      87 samples (client-local)[32m [repeated 142x across cluster][0m
[36m(ClientAppActor pid=106624)[0m    Validation: 12 samples (client-local)[32m [repeated 142x across cluster][0m
[36m(ClientAppActor pid=58911)[0m [Client 689] Data split:[32m [repeated 141x across cluster][0m
[36m(ClientAppActor pid=58911)[0m    Train:      87 samples (client-local)[32m [repeated 141x across cluster][0m
[36m(ClientAppActor pid=58911)[0m    Validation: 12 samples (client-local)[32m [repeated 141x across cluster][0m
[36m(ClientAppActor pid=106270)[0m [Client 1999] Data split:[32m [repeated 148x across cluster][0m
[36m(ClientAppActor pid=106270)[0m    Train:      86 samples (client-local)[32m [repeated 148x across cluster][0m
[36m(ClientAppActor pid=106270)[0m    Validation: 12 samples (client-local)[32m [repeated 148x across cluster][0m
[36m(ClientAppActor pid=98898)[0m [Client 641] Data split:[32m [repeated 159x across cluster][0m
[36m(ClientAppActor pid=98898)[0m    Train:      87 samples (client-local)[32m [repeated 159x across cluster][0m
[36m(ClientAppActor pid=98898)[0m    Validation: 12 samples (client-local)[32m [repeated 159x across cluster][0m
[36m(ClientAppActor pid=106270)[0m [Client 73] Data split:[32m [repeated 147x across cluster][0m
[36m(ClientAppActor pid=106270)[0m    Train:      87 samples (client-local)[32m [repeated 147x across cluster][0m
[36m(ClientAppActor pid=106270)[0m    Validation: 12 samples (client-local)[32m [repeated 147x across cluster][0m
[36m(ClientAppActor pid=59339)[0m [Client 128] Data split:[32m [repeated 146x across cluster][0m
[36m(ClientAppActor pid=59339)[0m    Train:      87 samples (client-local)[32m [repeated 146x across cluster][0m
[36m(ClientAppActor pid=59339)[0m    Validation: 12 samples (client-local)[32m [repeated 146x across cluster][0m
[36m(ClientAppActor pid=98378)[0m [Client 557] Data split:[32m [repeated 137x across cluster][0m
[36m(ClientAppActor pid=98378)[0m    Train:      87 samples (client-local)[32m [repeated 137x across cluster][0m
[36m(ClientAppActor pid=98378)[0m    Validation: 12 samples (client-local)[32m [repeated 137x across cluster][0m
⏭️  Round 13: Evaluation skipped (all n_val=0)
[36m(ClientAppActor pid=106624)[0m [Client 1981] Data split:[32m [repeated 146x across cluster][0m
[36m(ClientAppActor pid=106624)[0m    Train:      86 samples (client-local)[32m [repeated 146x across cluster][0m
[36m(ClientAppActor pid=106624)[0m    Validation: 12 samples (client-local)[32m [repeated 146x across cluster][0m
[36m(ClientAppActor pid=57434)[0m [Client 61] Data split:[32m [repeated 115x across cluster][0m
[36m(ClientAppActor pid=57434)[0m    Train:      87 samples (client-local)[32m [repeated 115x across cluster][0m
[36m(ClientAppActor pid=57434)[0m    Validation: 12 samples (client-local)[32m [repeated 115x across cluster][0m
[36m(ClientAppActor pid=100011)[0m [Client 208] Data split:[32m [repeated 139x across cluster][0m
[36m(ClientAppActor pid=100011)[0m    Train:      87 samples (client-local)[32m [repeated 139x across cluster][0m
[36m(ClientAppActor pid=100011)[0m    Validation: 12 samples (client-local)[32m [repeated 139x across cluster][0m
[36m(ClientAppActor pid=97834)[0m [Client 28] Data split:[32m [repeated 144x across cluster][0m
[36m(ClientAppActor pid=97834)[0m    Train:      87 samples (client-local)[32m [repeated 144x across cluster][0m[92mINFO [0m:      aggregate_fit: received 1638 results and 0 failures
[92mINFO [0m:      configure_evaluate: strategy sampled 2048 clients (out of 2048)
[92mINFO [0m:      aggregate_evaluate: received 2048 results and 0 failures
[92mINFO [0m:      
[92mINFO [0m:      [ROUND 15]
[92mINFO [0m:      configure_fit: strategy sampled 1638 clients (out of 2048)

[36m(ClientAppActor pid=97834)[0m    Validation: 12 samples (client-local)[32m [repeated 144x across cluster][0m
[36m(ClientAppActor pid=106270)[0m [Client 264] Data split:[32m [repeated 144x across cluster][0m
[36m(ClientAppActor pid=106270)[0m    Train:      87 samples (client-local)[32m [repeated 144x across cluster][0m
[36m(ClientAppActor pid=106270)[0m    Validation: 12 samples (client-local)[32m [repeated 144x across cluster][0m
[36m(ClientAppActor pid=59339)[0m [Client 473] Data split:[32m [repeated 153x across cluster][0m
[36m(ClientAppActor pid=59339)[0m    Train:      87 samples (client-local)[32m [repeated 153x across cluster][0m
[36m(ClientAppActor pid=59339)[0m    Validation: 12 samples (client-local)[32m [repeated 153x across cluster][0m
[36m(ClientAppActor pid=98898)[0m [Client 406] Data split:[32m [repeated 160x across cluster][0m
[36m(ClientAppActor pid=98898)[0m    Train:      87 samples (client-local)[32m [repeated 160x across cluster][0m
[36m(ClientAppActor pid=98898)[0m    Validation: 12 samples (client-local)[32m [repeated 160x across cluster][0m
[36m(ClientAppActor pid=59339)[0m [Client 1805] Data split:[32m [repeated 138x across cluster][0m
[36m(ClientAppActor pid=59339)[0m    Train:      86 samples (client-local)[32m [repeated 138x across cluster][0m
[36m(ClientAppActor pid=59339)[0m    Validation: 12 samples (client-local)[32m [repeated 138x across cluster][0m
[36m(ClientAppActor pid=58617)[0m [Client 1266] Data split:[32m [repeated 142x across cluster][0m
[36m(ClientAppActor pid=58617)[0m    Train:      87 samples (client-local)[32m [repeated 142x across cluster][0m
[36m(ClientAppActor pid=58617)[0m    Validation: 12 samples (client-local)[32m [repeated 142x across cluster][0m
[36m(ClientAppActor pid=100781)[0m [Client 1886] Data split:[32m [repeated 153x across cluster][0m
[36m(ClientAppActor pid=100781)[0m    Train:      86 samples (client-local)[32m [repeated 153x across cluster][0m
[36m(ClientAppActor pid=100781)[0m    Validation: 12 samples (client-local)[32m [repeated 153x across cluster][0m
[36m(ClientAppActor pid=100060)[0m [Client 614] Data split:[32m [repeated 145x across cluster][0m
[36m(ClientAppActor pid=100060)[0m    Train:      87 samples (client-local)[32m [repeated 145x across cluster][0m
[36m(ClientAppActor pid=100060)[0m    Validation: 12 samples (client-local)[32m [repeated 145x across cluster][0m
[36m(ClientAppActor pid=57814)[0m [Client 73] Data split:[32m [repeated 142x across cluster][0m
[36m(ClientAppActor pid=57814)[0m    Train:      87 samples (client-local)[32m [repeated 142x across cluster][0m
[36m(ClientAppActor pid=57814)[0m    Validation: 12 samples (client-local)[32m [repeated 142x across cluster][0m
[36m(ClientAppActor pid=98378)[0m [Client 968] Data split:[32m [repeated 115x across cluster][0m
[36m(ClientAppActor pid=98378)[0m    Train:      87 samples (client-local)[32m [repeated 115x across cluster][0m
[36m(ClientAppActor pid=98378)[0m    Validation: 12 samples (client-local)[32m [repeated 115x across cluster][0m
[36m(ClientAppActor pid=98100)[0m [Client 565] Data split:[32m [repeated 147x across cluster][0m
[36m(ClientAppActor pid=98100)[0m    Train:      87 samples (client-local)[32m [repeated 147x across cluster][0m
[36m(ClientAppActor pid=98100)[0m    Validation: 12 samples (client-local)[32m [repeated 147x across cluster][0m
[36m(ClientAppActor pid=100060)[0m [Client 985] Data split:[32m [repeated 135x across cluster][0m
[36m(ClientAppActor pid=100060)[0m    Train:      87 samples (client-local)[32m [repeated 135x across cluster][0m
[36m(ClientAppActor pid=100060)[0m    Validation: 12 samples (client-local)[32m [repeated 135x across cluster][0m
[36m(ClientAppActor pid=108073)[0m [Client 393] Data split:[32m [repeated 138x across cluster][0m
[36m(ClientAppActor pid=108073)[0m    Train:      87 samples (client-local)[32m [repeated 138x across cluster][0m
[36m(ClientAppActor pid=108073)[0m    Validation: 12 samples (client-local)[32m [repeated 138x across cluster][0m
[36m(ClientAppActor pid=99221)[0m [Client 3] Data split:[32m [repeated 137x across cluster][0m
[36m(ClientAppActor pid=99221)[0m    Train:      87 samples (client-local)[32m [repeated 137x across cluster][0m
[36m(ClientAppActor pid=99221)[0m    Validation: 12 samples (client-local)[32m [repeated 137x across cluster][0m
[36m(ClientAppActor pid=98757)[0m [Client 417] Data split:[32m [repeated 148x across cluster][0m
[36m(ClientAppActor pid=98757)[0m    Train:      87 samples (client-local)[32m [repeated 148x across cluster][0m
[36m(ClientAppActor pid=98757)[0m    Validation: 12 samples (client-local)[32m [repeated 148x across cluster][0m
[36m(ClientAppActor pid=98898)[0m [Client 466] Data split:[32m [repeated 145x across cluster][0m
[36m(ClientAppActor pid=98898)[0m    Train:      87 samples (client-local)[32m [repeated 145x across cluster][0m
[36m(ClientAppActor pid=98898)[0m    Validation: 12 samples (client-local)[32m [repeated 145x across cluster][0m
[36m(ClientAppActor pid=59339)[0m [Client 2002] Data split:[32m [repeated 144x across cluster][0m
[36m(ClientAppActor pid=59339)[0m    Train:      86 samples (client-local)[32m [repeated 144x across cluster][0m
[36m(ClientAppActor pid=59339)[0m    Validation: 12 samples (client-local)[32m [repeated 144x across cluster][0m
[36m(ClientAppActor pid=97925)[0m [Client 1432] Data split:[32m [repeated 142x across cluster][0m
[36m(ClientAppActor pid=97925)[0m    Train:      87 samples (client-local)[32m [repeated 142x across cluster][0m
[36m(ClientAppActor pid=97925)[0m    Validation: 12 samples (client-local)[32m [repeated 142x across cluster][0m
[36m(ClientAppActor pid=57434)[0m [Client 1338] Data split:[32m [repeated 138x across cluster][0m
[36m(ClientAppActor pid=57434)[0m    Train:      87 samples (client-local)[32m [repeated 138x across cluster][0m
[36m(ClientAppActor pid=57434)[0m    Validation: 12 samples (client-local)[32m [repeated 138x across cluster][0m
[36m(ClientAppActor pid=98757)[0m [Client 1934] Data split:[32m [repeated 139x across cluster][0m
[36m(ClientAppActor pid=98757)[0m    Train:      86 samples (client-local)[32m [repeated 139x across cluster][0m
[36m(ClientAppActor pid=98757)[0m    Validation: 12 samples (client-local)[32m [repeated 139x across cluster][0m
[36m(ClientAppActor pid=100781)[0m [Client 1346] Data split:[32m [repeated 136x across cluster][0m
[36m(ClientAppActor pid=100781)[0m    Train:      87 samples (client-local)[32m [repeated 136x across cluster][0m
[36m(ClientAppActor pid=100781)[0m    Validation: 12 samples (client-local)[32m [repeated 136x across cluster][0m
[36m(ClientAppActor pid=59339)[0m [Client 527] Data split:[32m [repeated 142x across cluster][0m
[36m(ClientAppActor pid=59339)[0m    Train:      87 samples (client-local)[32m [repeated 142x across cluster][0m
[36m(ClientAppActor pid=59339)[0m    Validation: 12 samples (client-local)[32m [repeated 142x across cluster][0m
[36m(ClientAppActor pid=59339)[0m [Client 1596] Data split:[32m [repeated 142x across cluster][0m
[36m(ClientAppActor pid=59339)[0m    Train:      86 samples (client-local)[32m [repeated 142x across cluster][0m
[36m(ClientAppActor pid=59339)[0m    Validation: 12 samples (client-local)[32m [repeated 142x across cluster][0m
⏭️  Round 14: Evaluation skipped (all n_val=0)
[36m(ClientAppActor pid=59018)[0m [Client 2037] Data split:[32m [repeated 137x across cluster][0m
[36m(ClientAppActor pid=59018)[0m    Train:      86 samples (client-local)[32m [repeated 137x across cluster][0m
[36m(ClientAppActor pid=59018)[0m    Validation: 12 samples (client-local)[32m [repeated 137x across cluster][0m
[36m(ClientAppActor pid=106307)[0m [Client 2040] Data split:[32m [repeated 149x across cluster][0m
[36m(ClientAppActor pid=106307)[0m    Train:      86 samples (client-local)[32m [repeated 149x across cluster][0m
[36m(ClientAppActor pid=106307)[0m    Validation: 12 samples (client-local)[32m [repeated 149x across cluster][0m[92mINFO [0m:      aggregate_fit: received 1638 results and 0 failures
[92mINFO [0m:      configure_evaluate: strategy sampled 2048 clients (out of 2048)
[92mINFO [0m:      aggregate_evaluate: received 2048 results and 0 failures
[92mINFO [0m:      
[92mINFO [0m:      [ROUND 16]
[92mINFO [0m:      configure_fit: strategy sampled 1638 clients (out of 2048)

[36m(ClientAppActor pid=58617)[0m [Client 85] Data split:[32m [repeated 141x across cluster][0m
[36m(ClientAppActor pid=58617)[0m    Train:      87 samples (client-local)[32m [repeated 141x across cluster][0m
[36m(ClientAppActor pid=58617)[0m    Validation: 12 samples (client-local)[32m [repeated 141x across cluster][0m
[36m(ClientAppActor pid=57434)[0m [Client 79] Data split:[32m [repeated 138x across cluster][0m
[36m(ClientAppActor pid=57434)[0m    Train:      87 samples (client-local)[32m [repeated 138x across cluster][0m
[36m(ClientAppActor pid=57434)[0m    Validation: 12 samples (client-local)[32m [repeated 138x across cluster][0m
[36m(ClientAppActor pid=98378)[0m [Client 423] Data split:[32m [repeated 143x across cluster][0m
[36m(ClientAppActor pid=98378)[0m    Train:      87 samples (client-local)[32m [repeated 143x across cluster][0m
[36m(ClientAppActor pid=98378)[0m    Validation: 12 samples (client-local)[32m [repeated 143x across cluster][0m
[36m(ClientAppActor pid=58006)[0m [Client 1272] Data split:[32m [repeated 142x across cluster][0m
[36m(ClientAppActor pid=58006)[0m    Train:      87 samples (client-local)[32m [repeated 142x across cluster][0m
[36m(ClientAppActor pid=58006)[0m    Validation: 12 samples (client-local)[32m [repeated 142x across cluster][0m
[36m(ClientAppActor pid=99221)[0m [Client 760] Data split:[32m [repeated 137x across cluster][0m
[36m(ClientAppActor pid=99221)[0m    Train:      87 samples (client-local)[32m [repeated 137x across cluster][0m
[36m(ClientAppActor pid=99221)[0m    Validation: 12 samples (client-local)[32m [repeated 137x across cluster][0m
[36m(ClientAppActor pid=97638)[0m [Client 1286] Data split:[32m [repeated 153x across cluster][0m
[36m(ClientAppActor pid=97638)[0m    Train:      87 samples (client-local)[32m [repeated 153x across cluster][0m
[36m(ClientAppActor pid=97638)[0m    Validation: 12 samples (client-local)[32m [repeated 153x across cluster][0m
[36m(ClientAppActor pid=58617)[0m [Client 1613] Data split:[32m [repeated 151x across cluster][0m
[36m(ClientAppActor pid=58617)[0m    Train:      86 samples (client-local)[32m [repeated 151x across cluster][0m
[36m(ClientAppActor pid=58617)[0m    Validation: 12 samples (client-local)[32m [repeated 151x across cluster][0m
[36m(ClientAppActor pid=100060)[0m [Client 82] Data split:[32m [repeated 140x across cluster][0m
[36m(ClientAppActor pid=100060)[0m    Train:      87 samples (client-local)[32m [repeated 140x across cluster][0m
[36m(ClientAppActor pid=100060)[0m    Validation: 12 samples (client-local)[32m [repeated 140x across cluster][0m
[36m(ClientAppActor pid=59339)[0m [Client 1725] Data split:[32m [repeated 143x across cluster][0m
[36m(ClientAppActor pid=59339)[0m    Train:      86 samples (client-local)[32m [repeated 143x across cluster][0m
[36m(ClientAppActor pid=59339)[0m    Validation: 12 samples (client-local)[32m [repeated 143x across cluster][0m
[36m(ClientAppActor pid=106270)[0m [Client 902] Data split:[32m [repeated 134x across cluster][0m
[36m(ClientAppActor pid=106270)[0m    Train:      87 samples (client-local)[32m [repeated 134x across cluster][0m
[36m(ClientAppActor pid=106270)[0m    Validation: 12 samples (client-local)[32m [repeated 134x across cluster][0m
[36m(ClientAppActor pid=58500)[0m [Client 767] Data split:[32m [repeated 103x across cluster][0m
[36m(ClientAppActor pid=58500)[0m    Train:      87 samples (client-local)[32m [repeated 103x across cluster][0m
[36m(ClientAppActor pid=58500)[0m    Validation: 12 samples (client-local)[32m [repeated 103x across cluster][0m
[36m(ClientAppActor pid=99221)[0m [Client 1624] Data split:[32m [repeated 147x across cluster][0m
[36m(ClientAppActor pid=99221)[0m    Train:      86 samples (client-local)[32m [repeated 147x across cluster][0m
[36m(ClientAppActor pid=99221)[0m    Validation: 12 samples (client-local)[32m [repeated 147x across cluster][0m
[36m(ClientAppActor pid=98378)[0m [Client 1926] Data split:[32m [repeated 148x across cluster][0m
[36m(ClientAppActor pid=98378)[0m    Train:      86 samples (client-local)[32m [repeated 148x across cluster][0m
[36m(ClientAppActor pid=98378)[0m    Validation: 12 samples (client-local)[32m [repeated 148x across cluster][0m
[36m(ClientAppActor pid=97638)[0m [Client 1522] Data split:[32m [repeated 146x across cluster][0m
[36m(ClientAppActor pid=97638)[0m    Train:      86 samples (client-local)[32m [repeated 146x across cluster][0m
[36m(ClientAppActor pid=97638)[0m    Validation: 12 samples (client-local)[32m [repeated 146x across cluster][0m
[36m(ClientAppActor pid=57814)[0m [Client 558] Data split:[32m [repeated 138x across cluster][0m
[36m(ClientAppActor pid=57814)[0m    Train:      87 samples (client-local)[32m [repeated 138x across cluster][0m
[36m(ClientAppActor pid=57814)[0m    Validation: 12 samples (client-local)[32m [repeated 138x across cluster][0m
[36m(ClientAppActor pid=99221)[0m [Client 1787] Data split:[32m [repeated 145x across cluster][0m
[36m(ClientAppActor pid=99221)[0m    Train:      86 samples (client-local)[32m [repeated 145x across cluster][0m
[36m(ClientAppActor pid=99221)[0m    Validation: 12 samples (client-local)[32m [repeated 145x across cluster][0m
[36m(ClientAppActor pid=57636)[0m [Client 1286] Data split:[32m [repeated 144x across cluster][0m
[36m(ClientAppActor pid=57636)[0m    Train:      87 samples (client-local)[32m [repeated 144x across cluster][0m
[36m(ClientAppActor pid=57636)[0m    Validation: 12 samples (client-local)[32m [repeated 144x across cluster][0m
[36m(ClientAppActor pid=98757)[0m [Client 102] Data split:[32m [repeated 134x across cluster][0m
[36m(ClientAppActor pid=98757)[0m    Train:      87 samples (client-local)[32m [repeated 134x across cluster][0m
[36m(ClientAppActor pid=98757)[0m    Validation: 12 samples (client-local)[32m [repeated 134x across cluster][0m
[36m(ClientAppActor pid=58617)[0m [Client 2042] Data split:[32m [repeated 147x across cluster][0m
[36m(ClientAppActor pid=58617)[0m    Train:      86 samples (client-local)[32m [repeated 147x across cluster][0m
[36m(ClientAppActor pid=58617)[0m    Validation: 12 samples (client-local)[32m [repeated 147x across cluster][0m
[36m(ClientAppActor pid=58708)[0m [Client 2014] Data split:[32m [repeated 137x across cluster][0m
[36m(ClientAppActor pid=58708)[0m    Train:      86 samples (client-local)[32m [repeated 137x across cluster][0m
[36m(ClientAppActor pid=58708)[0m    Validation: 12 samples (client-local)[32m [repeated 137x across cluster][0m
[36m(ClientAppActor pid=100011)[0m [Client 1641] Data split:[32m [repeated 141x across cluster][0m
[36m(ClientAppActor pid=100011)[0m    Train:      86 samples (client-local)[32m [repeated 141x across cluster][0m
[36m(ClientAppActor pid=100011)[0m    Validation: 12 samples (client-local)[32m [repeated 141x across cluster][0m
[36m(ClientAppActor pid=99221)[0m [Client 1874] Data split:[32m [repeated 140x across cluster][0m
[36m(ClientAppActor pid=99221)[0m    Train:      86 samples (client-local)[32m [repeated 140x across cluster][0m
[36m(ClientAppActor pid=99221)[0m    Validation: 12 samples (client-local)[32m [repeated 140x across cluster][0m
[36m(ClientAppActor pid=59339)[0m [Client 242] Data split:[32m [repeated 145x across cluster][0m
[36m(ClientAppActor pid=59339)[0m    Train:      87 samples (client-local)[32m [repeated 145x across cluster][0m
[36m(ClientAppActor pid=59339)[0m    Validation: 12 samples (client-local)[32m [repeated 145x across cluster][0m
[36m(ClientAppActor pid=106624)[0m [Client 2035] Data split:[32m [repeated 140x across cluster][0m
[36m(ClientAppActor pid=106624)[0m    Train:      86 samples (client-local)[32m [repeated 140x across cluster][0m
[36m(ClientAppActor pid=106624)[0m    Validation: 12 samples (client-local)[32m [repeated 140x across cluster][0m
⏭️  Round 15: Evaluation skipped (all n_val=0)
[36m(ClientAppActor pid=58617)[0m [Client 166] Data split:[32m [repeated 127x across cluster][0m[92mINFO [0m:      aggregate_fit: received 1638 results and 0 failures
[92mINFO [0m:      configure_evaluate: strategy sampled 2048 clients (out of 2048)

[36m(ClientAppActor pid=58617)[0m    Train:      87 samples (client-local)[32m [repeated 127x across cluster][0m
[36m(ClientAppActor pid=58617)[0m    Validation: 12 samples (client-local)[32m [repeated 127x across cluster][0m
[36m(ClientAppActor pid=98898)[0m [Client 422] Data split:[32m [repeated 134x across cluster][0m
[36m(ClientAppActor pid=98898)[0m    Train:      87 samples (client-local)[32m [repeated 134x across cluster][0m
[36m(ClientAppActor pid=98898)[0m    Validation: 12 samples (client-local)[32m [repeated 134x across cluster][0m
[36m(ClientAppActor pid=58617)[0m [Client 6] Data split:[32m [repeated 136x across cluster][0m
[36m(ClientAppActor pid=58617)[0m    Train:      87 samples (client-local)[32m [repeated 136x across cluster][0m
[36m(ClientAppActor pid=58617)[0m    Validation: 12 samples (client-local)[32m [repeated 136x across cluster][0m
[36m(ClientAppActor pid=97638)[0m [Client 690] Data split:[32m [repeated 137x across cluster][0m
[36m(ClientAppActor pid=97638)[0m    Train:      87 samples (client-local)[32m [repeated 137x across cluster][0m
[36m(ClientAppActor pid=97638)[0m    Validation: 12 samples (client-local)[32m [repeated 137x across cluster][0m
[36m(ClientAppActor pid=100060)[0m [Client 1288] Data split:[32m [repeated 134x across cluster][0m
[36m(ClientAppActor pid=100060)[0m    Train:      87 samples (client-local)[32m [repeated 134x across cluster][0m
[36m(ClientAppActor pid=100060)[0m    Validation: 12 samples (client-local)[32m [repeated 134x across cluster][0m
[36m(ClientAppActor pid=106307)[0m [Client 254] Data split:[32m [repeated 134x across cluster][0m
[36m(ClientAppActor pid=106307)[0m    Train:      87 samples (client-local)[32m [repeated 134x across cluster][0m
[36m(ClientAppActor pid=106307)[0m    Validation: 12 samples (client-local)[32m [repeated 134x across cluster][0m
[36m(ClientAppActor pid=58911)[0m [Client 183] Data split:[32m [repeated 149x across cluster][0m
[36m(ClientAppActor pid=58911)[0m    Train:      87 samples (client-local)[32m [repeated 149x across cluster][0m
[36m(ClientAppActor pid=58911)[0m    Validation: 12 samples (client-local)[32m [repeated 149x across cluster][0m
[36m(ClientAppActor pid=59018)[0m [Client 21] Data split:[32m [repeated 135x across cluster][0m
[36m(ClientAppActor pid=59018)[0m    Train:      87 samples (client-local)[32m [repeated 135x across cluster][0m
[36m(ClientAppActor pid=59018)[0m    Validation: 12 samples (client-local)[32m [repeated 135x across cluster][0m
[36m(ClientAppActor pid=106624)[0m [Client 1370] Data split:[32m [repeated 139x across cluster][0m
[36m(ClientAppActor pid=106624)[0m    Train:      87 samples (client-local)[32m [repeated 139x across cluster][0m
[36m(ClientAppActor pid=106624)[0m    Validation: 12 samples (client-local)[32m [repeated 139x across cluster][0m
[36m(ClientAppActor pid=106624)[0m [Client 488] Data split:[32m [repeated 141x across cluster][0m
[36m(ClientAppActor pid=106624)[0m    Train:      87 samples (client-local)[32m [repeated 141x across cluster][0m
[36m(ClientAppActor pid=106624)[0m    Validation: 12 samples (client-local)[32m [repeated 141x across cluster][0m
[36m(ClientAppActor pid=58033)[0m [Client 1856] Data split:[32m [repeated 143x across cluster][0m
[36m(ClientAppActor pid=58033)[0m    Train:      86 samples (client-local)[32m [repeated 143x across cluster][0m
[36m(ClientAppActor pid=58033)[0m    Validation: 12 samples (client-local)[32m [repeated 143x across cluster][0m
[36m(ClientAppActor pid=58708)[0m [Client 1068] Data split:[32m [repeated 150x across cluster][0m
[36m(ClientAppActor pid=58708)[0m    Train:      87 samples (client-local)[32m [repeated 150x across cluster][0m
[36m(ClientAppActor pid=58708)[0m    Validation: 12 samples (client-local)[32m [repeated 150x across cluster][0m
[36m(ClientAppActor pid=98898)[0m [Client 196] Data split:[32m [repeated 106x across cluster][0m
[36m(ClientAppActor pid=98898)[0m    Train:      87 samples (client-local)[32m [repeated 106x across cluster][0m
[36m(ClientAppActor pid=98898)[0m    Validation: 12 samples (client-local)[32m [repeated 106x across cluster][0m
[36m(ClientAppActor pid=99190)[0m [Client 109] Data split:[32m [repeated 140x across cluster][0m
[36m(ClientAppActor pid=99190)[0m    Train:      87 samples (client-local)[32m [repeated 140x across cluster][0m
[36m(ClientAppActor pid=99190)[0m    Validation: 12 samples (client-local)[32m [repeated 140x across cluster][0m
[36m(ClientAppActor pid=106270)[0m [Client 238] Data split:[32m [repeated 140x across cluster][0m
[36m(ClientAppActor pid=106270)[0m    Train:      87 samples (client-local)[32m [repeated 140x across cluster][0m
[36m(ClientAppActor pid=106270)[0m    Validation: 12 samples (client-local)[32m [repeated 140x across cluster][0m
[36m(ClientAppActor pid=58617)[0m [Client 51] Data split:[32m [repeated 139x across cluster][0m
[36m(ClientAppActor pid=58617)[0m    Train:      87 samples (client-local)[32m [repeated 139x across cluster][0m
[36m(ClientAppActor pid=58617)[0m    Validation: 12 samples (client-local)[32m [repeated 139x across cluster][0m
[36m(ClientAppActor pid=98757)[0m [Client 1667] Data split:[32m [repeated 142x across cluster][0m
[36m(ClientAppActor pid=98757)[0m    Train:      86 samples (client-local)[32m [repeated 142x across cluster][0m
[36m(ClientAppActor pid=98757)[0m    Validation: 12 samples (client-local)[32m [repeated 142x across cluster][0m
[36m(ClientAppActor pid=98898)[0m [Client 1873] Data split:[32m [repeated 141x across cluster][0m
[36m(ClientAppActor pid=98898)[0m    Train:      86 samples (client-local)[32m [repeated 141x across cluster][0m
[36m(ClientAppActor pid=98898)[0m    Validation: 12 samples (client-local)[32m [repeated 141x across cluster][0m
[36m(ClientAppActor pid=58006)[0m [Client 1698] Data split:[32m [repeated 146x across cluster][0m
[36m(ClientAppActor pid=58006)[0m    Train:      86 samples (client-local)[32m [repeated 146x across cluster][0m
[36m(ClientAppActor pid=58006)[0m    Validation: 12 samples (client-local)[32m [repeated 146x across cluster][0m
[36m(ClientAppActor pid=98100)[0m 
[36m(ClientAppActor pid=100011)[0m [Client 66] Data split:[32m [repeated 141x across cluster][0m
[36m(ClientAppActor pid=100011)[0m    Train:      87 samples (client-local)[32m [repeated 141x across cluster][0m
[36m(ClientAppActor pid=100011)[0m    Validation: 12 samples (client-local)[32m [repeated 141x across cluster][0m
[36m(ClientAppActor pid=97638)[0m [Client 54] Data split:[32m [repeated 135x across cluster][0m
[36m(ClientAppActor pid=97638)[0m    Train:      87 samples (client-local)[32m [repeated 135x across cluster][0m
[36m(ClientAppActor pid=97638)[0m    Validation: 12 samples (client-local)[32m [repeated 135x across cluster][0m
[36m(ClientAppActor pid=58617)[0m [Client 269] Data split:[32m [repeated 148x across cluster][0m
[36m(ClientAppActor pid=58617)[0m    Train:      87 samples (client-local)[32m [repeated 148x across cluster][0m
[36m(ClientAppActor pid=58617)[0m    Validation: 12 samples (client-local)[32m [repeated 148x across cluster][0m
[36m(ClientAppActor pid=98100)[0m [Client 107] Data split:[32m [repeated 149x across cluster][0m
[36m(ClientAppActor pid=98100)[0m    Train:      87 samples (client-local)[32m [repeated 149x across cluster][0m
[36m(ClientAppActor pid=98100)[0m    Validation: 12 samples (client-local)[32m [repeated 149x across cluster][0m
[36m(ClientAppActor pid=98898)[0m [Client 567] Data split:[32m [repeated 145x across cluster][0m
[36m(ClientAppActor pid=98898)[0m    Train:      87 samples (client-local)[32m [repeated 145x across cluster][0m
[36m(ClientAppActor pid=98898)[0m    Validation: 12 samples (client-local)[32m [repeated 145x across cluster][0m
[36m(ClientAppActor pid=106624)[0m [Client 61] Data split:[32m [repeated 147x across cluster][0m
[36m(ClientAppActor pid=106624)[0m    Train:      87 samples (client-local)[32m [repeated 147x across cluster][0m[92mINFO [0m:      aggregate_evaluate: received 2048 results and 0 failures
[92mINFO [0m:      
[92mINFO [0m:      [ROUND 17]
[92mINFO [0m:      configure_fit: strategy sampled 1638 clients (out of 2048)
[92mINFO [0m:      aggregate_fit: received 1638 results and 0 failures
[92mINFO [0m:      configure_evaluate: strategy sampled 2048 clients (out of 2048)

[36m(ClientAppActor pid=106624)[0m    Validation: 12 samples (client-local)[32m [repeated 147x across cluster][0m
[36m(ClientAppActor pid=58708)[0m [Client 207] Data split:[32m [repeated 141x across cluster][0m
[36m(ClientAppActor pid=58708)[0m    Train:      87 samples (client-local)[32m [repeated 141x across cluster][0m
[36m(ClientAppActor pid=58708)[0m    Validation: 12 samples (client-local)[32m [repeated 141x across cluster][0m
[36m(ClientAppActor pid=58617)[0m [Client 1637] Data split:[32m [repeated 146x across cluster][0m
[36m(ClientAppActor pid=58617)[0m    Train:      86 samples (client-local)[32m [repeated 146x across cluster][0m
[36m(ClientAppActor pid=58617)[0m    Validation: 12 samples (client-local)[32m [repeated 146x across cluster][0m
⏭️  Round 16: Evaluation skipped (all n_val=0)
[36m(ClientAppActor pid=98898)[0m [Client 1517] Data split:[32m [repeated 128x across cluster][0m
[36m(ClientAppActor pid=98898)[0m    Train:      86 samples (client-local)[32m [repeated 128x across cluster][0m
[36m(ClientAppActor pid=98898)[0m    Validation: 12 samples (client-local)[32m [repeated 128x across cluster][0m
[36m(ClientAppActor pid=106624)[0m [Client 1437] Data split:[32m [repeated 130x across cluster][0m
[36m(ClientAppActor pid=106624)[0m    Train:      87 samples (client-local)[32m [repeated 130x across cluster][0m
[36m(ClientAppActor pid=106624)[0m    Validation: 12 samples (client-local)[32m [repeated 130x across cluster][0m
[36m(ClientAppActor pid=100011)[0m [Client 1297] Data split:[32m [repeated 140x across cluster][0m
[36m(ClientAppActor pid=100011)[0m    Train:      87 samples (client-local)[32m [repeated 140x across cluster][0m
[36m(ClientAppActor pid=100011)[0m    Validation: 12 samples (client-local)[32m [repeated 140x across cluster][0m
[36m(ClientAppActor pid=99190)[0m [Client 1112] Data split:[32m [repeated 149x across cluster][0m
[36m(ClientAppActor pid=99190)[0m    Train:      87 samples (client-local)[32m [repeated 149x across cluster][0m
[36m(ClientAppActor pid=99190)[0m    Validation: 12 samples (client-local)[32m [repeated 149x across cluster][0m
[36m(ClientAppActor pid=106624)[0m [Client 466] Data split:[32m [repeated 148x across cluster][0m
[36m(ClientAppActor pid=106624)[0m    Train:      87 samples (client-local)[32m [repeated 148x across cluster][0m
[36m(ClientAppActor pid=106624)[0m    Validation: 12 samples (client-local)[32m [repeated 148x across cluster][0m
[36m(ClientAppActor pid=59339)[0m [Client 154] Data split:[32m [repeated 136x across cluster][0m
[36m(ClientAppActor pid=59339)[0m    Train:      87 samples (client-local)[32m [repeated 136x across cluster][0m
[36m(ClientAppActor pid=59339)[0m    Validation: 12 samples (client-local)[32m [repeated 136x across cluster][0m
[36m(ClientAppActor pid=58617)[0m [Client 284] Data split:[32m [repeated 146x across cluster][0m
[36m(ClientAppActor pid=58617)[0m    Train:      87 samples (client-local)[32m [repeated 146x across cluster][0m
[36m(ClientAppActor pid=58617)[0m    Validation: 12 samples (client-local)[32m [repeated 146x across cluster][0m
[36m(ClientAppActor pid=58023)[0m [Client 93] Data split:[32m [repeated 139x across cluster][0m
[36m(ClientAppActor pid=58023)[0m    Train:      87 samples (client-local)[32m [repeated 139x across cluster][0m
[36m(ClientAppActor pid=58023)[0m    Validation: 12 samples (client-local)[32m [repeated 139x across cluster][0m
[36m(ClientAppActor pid=99221)[0m [Client 131] Data split:[32m [repeated 144x across cluster][0m
[36m(ClientAppActor pid=99221)[0m    Train:      87 samples (client-local)[32m [repeated 144x across cluster][0m
[36m(ClientAppActor pid=99221)[0m    Validation: 12 samples (client-local)[32m [repeated 144x across cluster][0m
[36m(ClientAppActor pid=97834)[0m [Client 506] Data split:[32m [repeated 142x across cluster][0m
[36m(ClientAppActor pid=97834)[0m    Train:      87 samples (client-local)[32m [repeated 142x across cluster][0m
[36m(ClientAppActor pid=97834)[0m    Validation: 12 samples (client-local)[32m [repeated 142x across cluster][0m
[36m(ClientAppActor pid=58617)[0m [Client 2014] Data split:[32m [repeated 140x across cluster][0m
[36m(ClientAppActor pid=58617)[0m    Train:      86 samples (client-local)[32m [repeated 140x across cluster][0m
[36m(ClientAppActor pid=58617)[0m    Validation: 12 samples (client-local)[32m [repeated 140x across cluster][0m
[36m(ClientAppActor pid=58911)[0m [Client 1658] Data split:[32m [repeated 143x across cluster][0m
[36m(ClientAppActor pid=58911)[0m    Train:      86 samples (client-local)[32m [repeated 143x across cluster][0m
[36m(ClientAppActor pid=58911)[0m    Validation: 12 samples (client-local)[32m [repeated 143x across cluster][0m
[36m(ClientAppActor pid=99221)[0m [Client 228] Data split:[32m [repeated 98x across cluster][0m
[36m(ClientAppActor pid=99221)[0m    Train:      87 samples (client-local)[32m [repeated 98x across cluster][0m
[36m(ClientAppActor pid=99221)[0m    Validation: 12 samples (client-local)[32m [repeated 98x across cluster][0m
[36m(ClientAppActor pid=59339)[0m [Client 174] Data split:[32m [repeated 137x across cluster][0m
[36m(ClientAppActor pid=59339)[0m    Train:      87 samples (client-local)[32m [repeated 137x across cluster][0m
[36m(ClientAppActor pid=59339)[0m    Validation: 12 samples (client-local)[32m [repeated 137x across cluster][0m
[36m(ClientAppActor pid=97638)[0m [Client 3] Data split:[32m [repeated 140x across cluster][0m
[36m(ClientAppActor pid=97638)[0m    Train:      87 samples (client-local)[32m [repeated 140x across cluster][0m
[36m(ClientAppActor pid=97638)[0m    Validation: 12 samples (client-local)[32m [repeated 140x across cluster][0m
[36m(ClientAppActor pid=57814)[0m [Client 1574] Data split:[32m [repeated 149x across cluster][0m
[36m(ClientAppActor pid=57814)[0m    Train:      86 samples (client-local)[32m [repeated 149x across cluster][0m
[36m(ClientAppActor pid=57814)[0m    Validation: 12 samples (client-local)[32m [repeated 149x across cluster][0m
[36m(ClientAppActor pid=98757)[0m [Client 2019] Data split:[32m [repeated 140x across cluster][0m
[36m(ClientAppActor pid=98757)[0m    Train:      86 samples (client-local)[32m [repeated 140x across cluster][0m
[36m(ClientAppActor pid=98757)[0m    Validation: 12 samples (client-local)[32m [repeated 140x across cluster][0m
[36m(ClientAppActor pid=59339)[0m [Client 264] Data split:[32m [repeated 140x across cluster][0m
[36m(ClientAppActor pid=59339)[0m    Train:      87 samples (client-local)[32m [repeated 140x across cluster][0m
[36m(ClientAppActor pid=59339)[0m    Validation: 12 samples (client-local)[32m [repeated 140x across cluster][0m
[36m(ClientAppActor pid=57689)[0m [Client 1189] Data split:[32m [repeated 149x across cluster][0m
[36m(ClientAppActor pid=57689)[0m    Train:      87 samples (client-local)[32m [repeated 149x across cluster][0m
[36m(ClientAppActor pid=57689)[0m    Validation: 12 samples (client-local)[32m [repeated 149x across cluster][0m
[36m(ClientAppActor pid=58911)[0m [Client 615] Data split:[32m [repeated 142x across cluster][0m
[36m(ClientAppActor pid=58911)[0m    Train:      87 samples (client-local)[32m [repeated 142x across cluster][0m
[36m(ClientAppActor pid=58911)[0m    Validation: 12 samples (client-local)[32m [repeated 142x across cluster][0m
[36m(ClientAppActor pid=106624)[0m [Client 44] Data split:[32m [repeated 142x across cluster][0m
[36m(ClientAppActor pid=106624)[0m    Train:      87 samples (client-local)[32m [repeated 142x across cluster][0m
[36m(ClientAppActor pid=106624)[0m    Validation: 12 samples (client-local)[32m [repeated 142x across cluster][0m
[36m(ClientAppActor pid=106270)[0m [Client 313] Data split:[32m [repeated 139x across cluster][0m
[36m(ClientAppActor pid=106270)[0m    Train:      87 samples (client-local)[32m [repeated 139x across cluster][0m
[36m(ClientAppActor pid=106270)[0m    Validation: 12 samples (client-local)[32m [repeated 139x across cluster][0m[92mINFO [0m:      aggregate_evaluate: received 2048 results and 0 failures
[92mINFO [0m:      
[92mINFO [0m:      [ROUND 18]
[92mINFO [0m:      configure_fit: strategy sampled 1638 clients (out of 2048)
[92mINFO [0m:      aggregate_fit: received 1638 results and 0 failures
[92mINFO [0m:      configure_evaluate: strategy sampled 2048 clients (out of 2048)

[36m(ClientAppActor pid=58617)[0m [Client 24] Data split:[32m [repeated 138x across cluster][0m
[36m(ClientAppActor pid=58617)[0m    Train:      87 samples (client-local)[32m [repeated 138x across cluster][0m
[36m(ClientAppActor pid=58617)[0m    Validation: 12 samples (client-local)[32m [repeated 138x across cluster][0m
[36m(ClientAppActor pid=58617)[0m [Client 82] Data split:[32m [repeated 145x across cluster][0m
[36m(ClientAppActor pid=58617)[0m    Train:      87 samples (client-local)[32m [repeated 145x across cluster][0m
[36m(ClientAppActor pid=58617)[0m    Validation: 12 samples (client-local)[32m [repeated 145x across cluster][0m
[36m(ClientAppActor pid=57636)[0m [Client 201] Data split:[32m [repeated 137x across cluster][0m
[36m(ClientAppActor pid=57636)[0m    Train:      87 samples (client-local)[32m [repeated 137x across cluster][0m
[36m(ClientAppActor pid=57636)[0m    Validation: 12 samples (client-local)[32m [repeated 137x across cluster][0m
[36m(ClientAppActor pid=97834)[0m [Client 37] Data split:[32m [repeated 149x across cluster][0m
[36m(ClientAppActor pid=97834)[0m    Train:      87 samples (client-local)[32m [repeated 149x across cluster][0m
[36m(ClientAppActor pid=97834)[0m    Validation: 12 samples (client-local)[32m [repeated 149x across cluster][0m
⏭️  Round 17: Evaluation skipped (all n_val=0)
[36m(ClientAppActor pid=99190)[0m [Client 1621] Data split:[32m [repeated 140x across cluster][0m
[36m(ClientAppActor pid=99190)[0m    Train:      86 samples (client-local)[32m [repeated 140x across cluster][0m
[36m(ClientAppActor pid=99190)[0m    Validation: 12 samples (client-local)[32m [repeated 140x across cluster][0m
[36m(ClientAppActor pid=98378)[0m [Client 1250] Data split:[32m [repeated 138x across cluster][0m
[36m(ClientAppActor pid=98378)[0m    Train:      87 samples (client-local)[32m [repeated 138x across cluster][0m
[36m(ClientAppActor pid=98378)[0m    Validation: 12 samples (client-local)[32m [repeated 138x across cluster][0m
[36m(ClientAppActor pid=58852)[0m [Client 385] Data split:[32m [repeated 144x across cluster][0m
[36m(ClientAppActor pid=58852)[0m    Train:      87 samples (client-local)[32m [repeated 144x across cluster][0m
[36m(ClientAppActor pid=58852)[0m    Validation: 12 samples (client-local)[32m [repeated 144x across cluster][0m
[36m(ClientAppActor pid=106624)[0m [Client 397] Data split:[32m [repeated 146x across cluster][0m
[36m(ClientAppActor pid=106624)[0m    Train:      87 samples (client-local)[32m [repeated 146x across cluster][0m
[36m(ClientAppActor pid=106624)[0m    Validation: 12 samples (client-local)[32m [repeated 146x across cluster][0m
[36m(ClientAppActor pid=98898)[0m [Client 840] Data split:[32m [repeated 142x across cluster][0m
[36m(ClientAppActor pid=98898)[0m    Train:      87 samples (client-local)[32m [repeated 142x across cluster][0m
[36m(ClientAppActor pid=98898)[0m    Validation: 12 samples (client-local)[32m [repeated 142x across cluster][0m
[36m(ClientAppActor pid=58617)[0m [Client 131] Data split:[32m [repeated 147x across cluster][0m
[36m(ClientAppActor pid=58617)[0m    Train:      87 samples (client-local)[32m [repeated 147x across cluster][0m
[36m(ClientAppActor pid=58617)[0m    Validation: 12 samples (client-local)[32m [repeated 147x across cluster][0m
[36m(ClientAppActor pid=58852)[0m [Client 136] Data split:[32m [repeated 138x across cluster][0m
[36m(ClientAppActor pid=58852)[0m    Train:      87 samples (client-local)[32m [repeated 138x across cluster][0m
[36m(ClientAppActor pid=58852)[0m    Validation: 12 samples (client-local)[32m [repeated 138x across cluster][0m
[36m(ClientAppActor pid=58033)[0m [Client 1676] Data split:[32m [repeated 139x across cluster][0m
[36m(ClientAppActor pid=58033)[0m    Train:      86 samples (client-local)[32m [repeated 139x across cluster][0m
[36m(ClientAppActor pid=58033)[0m    Validation: 12 samples (client-local)[32m [repeated 139x across cluster][0m
[36m(ClientAppActor pid=100060)[0m [Client 856] Data split:[32m [repeated 138x across cluster][0m
[36m(ClientAppActor pid=100060)[0m    Train:      87 samples (client-local)[32m [repeated 138x across cluster][0m
[36m(ClientAppActor pid=100060)[0m    Validation: 12 samples (client-local)[32m [repeated 138x across cluster][0m
[36m(ClientAppActor pid=98757)[0m [Client 1669] Data split:[32m [repeated 137x across cluster][0m
[36m(ClientAppActor pid=98757)[0m    Train:      86 samples (client-local)[32m [repeated 137x across cluster][0m
[36m(ClientAppActor pid=98757)[0m    Validation: 12 samples (client-local)[32m [repeated 137x across cluster][0m
[36m(ClientAppActor pid=98100)[0m [Client 1226] Data split:[32m [repeated 141x across cluster][0m
[36m(ClientAppActor pid=98100)[0m    Train:      87 samples (client-local)[32m [repeated 141x across cluster][0m
[36m(ClientAppActor pid=98100)[0m    Validation: 12 samples (client-local)[32m [repeated 141x across cluster][0m
[36m(ClientAppActor pid=106270)[0m [Client 1251] Data split:[32m [repeated 143x across cluster][0m
[36m(ClientAppActor pid=106270)[0m    Train:      87 samples (client-local)[32m [repeated 143x across cluster][0m
[36m(ClientAppActor pid=106270)[0m    Validation: 12 samples (client-local)[32m [repeated 143x across cluster][0m
[36m(ClientAppActor pid=106624)[0m [Client 1445] Data split:[32m [repeated 115x across cluster][0m
[36m(ClientAppActor pid=106624)[0m    Train:      87 samples (client-local)[32m [repeated 115x across cluster][0m
[36m(ClientAppActor pid=106624)[0m    Validation: 12 samples (client-local)[32m [repeated 115x across cluster][0m
[36m(ClientAppActor pid=100011)[0m [Client 34] Data split:[32m [repeated 146x across cluster][0m
[36m(ClientAppActor pid=100011)[0m    Train:      87 samples (client-local)[32m [repeated 146x across cluster][0m
[36m(ClientAppActor pid=100011)[0m    Validation: 12 samples (client-local)[32m [repeated 146x across cluster][0m
[36m(ClientAppActor pid=58911)[0m [Client 179] Data split:[32m [repeated 134x across cluster][0m
[36m(ClientAppActor pid=58911)[0m    Train:      87 samples (client-local)[32m [repeated 134x across cluster][0m
[36m(ClientAppActor pid=58911)[0m    Validation: 12 samples (client-local)[32m [repeated 134x across cluster][0m
[36m(ClientAppActor pid=100011)[0m [Client 227] Data split:[32m [repeated 149x across cluster][0m
[36m(ClientAppActor pid=100011)[0m    Train:      87 samples (client-local)[32m [repeated 149x across cluster][0m
[36m(ClientAppActor pid=100011)[0m    Validation: 12 samples (client-local)[32m [repeated 149x across cluster][0m
[36m(ClientAppActor pid=97638)[0m [Client 633] Data split:[32m [repeated 158x across cluster][0m
[36m(ClientAppActor pid=97638)[0m    Train:      87 samples (client-local)[32m [repeated 158x across cluster][0m
[36m(ClientAppActor pid=97638)[0m    Validation: 12 samples (client-local)[32m [repeated 158x across cluster][0m
[36m(ClientAppActor pid=106624)[0m [Client 328] Data split:[32m [repeated 143x across cluster][0m
[36m(ClientAppActor pid=106624)[0m    Train:      87 samples (client-local)[32m [repeated 143x across cluster][0m
[36m(ClientAppActor pid=106624)[0m    Validation: 12 samples (client-local)[32m [repeated 143x across cluster][0m
[36m(ClientAppActor pid=97638)[0m [Client 197] Data split:[32m [repeated 140x across cluster][0m
[36m(ClientAppActor pid=97638)[0m    Train:      87 samples (client-local)[32m [repeated 140x across cluster][0m
[36m(ClientAppActor pid=97638)[0m    Validation: 12 samples (client-local)[32m [repeated 140x across cluster][0m
[36m(ClientAppActor pid=57636)[0m [Client 76] Data split:[32m [repeated 148x across cluster][0m
[36m(ClientAppActor pid=57636)[0m    Train:      87 samples (client-local)[32m [repeated 148x across cluster][0m
[36m(ClientAppActor pid=57636)[0m    Validation: 12 samples (client-local)[32m [repeated 148x across cluster][0m
[36m(ClientAppActor pid=58006)[0m [Client 1416] Data split:[32m [repeated 147x across cluster][0m[92mINFO [0m:      aggregate_evaluate: received 2048 results and 0 failures
[92mINFO [0m:      
[92mINFO [0m:      [ROUND 19]
[92mINFO [0m:      configure_fit: strategy sampled 1638 clients (out of 2048)
[92mINFO [0m:      aggregate_fit: received 1638 results and 0 failures
[92mINFO [0m:      configure_evaluate: strategy sampled 2048 clients (out of 2048)

[36m(ClientAppActor pid=58006)[0m    Train:      87 samples (client-local)[32m [repeated 147x across cluster][0m
[36m(ClientAppActor pid=58006)[0m    Validation: 12 samples (client-local)[32m [repeated 147x across cluster][0m
[36m(ClientAppActor pid=106270)[0m [Client 287] Data split:[32m [repeated 136x across cluster][0m
[36m(ClientAppActor pid=106270)[0m    Train:      87 samples (client-local)[32m [repeated 136x across cluster][0m
[36m(ClientAppActor pid=106270)[0m    Validation: 12 samples (client-local)[32m [repeated 136x across cluster][0m
[36m(ClientAppActor pid=98757)[0m [Client 1996] Data split:[32m [repeated 141x across cluster][0m
[36m(ClientAppActor pid=98757)[0m    Train:      86 samples (client-local)[32m [repeated 141x across cluster][0m
[36m(ClientAppActor pid=98757)[0m    Validation: 12 samples (client-local)[32m [repeated 141x across cluster][0m
[36m(ClientAppActor pid=97638)[0m [Client 44] Data split:[32m [repeated 149x across cluster][0m
[36m(ClientAppActor pid=97638)[0m    Train:      87 samples (client-local)[32m [repeated 149x across cluster][0m
[36m(ClientAppActor pid=97638)[0m    Validation: 12 samples (client-local)[32m [repeated 149x across cluster][0m
[36m(ClientAppActor pid=59339)[0m [Client 1382] Data split:[32m [repeated 147x across cluster][0m
[36m(ClientAppActor pid=59339)[0m    Train:      87 samples (client-local)[32m [repeated 147x across cluster][0m
[36m(ClientAppActor pid=59339)[0m    Validation: 12 samples (client-local)[32m [repeated 147x across cluster][0m
[36m(ClientAppActor pid=99190)[0m [Client 1120] Data split:[32m [repeated 137x across cluster][0m
[36m(ClientAppActor pid=99190)[0m    Train:      87 samples (client-local)[32m [repeated 137x across cluster][0m
[36m(ClientAppActor pid=99190)[0m    Validation: 12 samples (client-local)[32m [repeated 137x across cluster][0m
⏭️  Round 18: Evaluation skipped (all n_val=0)
[36m(ClientAppActor pid=106307)[0m [Client 60] Data split:[32m [repeated 139x across cluster][0m
[36m(ClientAppActor pid=106307)[0m    Train:      87 samples (client-local)[32m [repeated 139x across cluster][0m
[36m(ClientAppActor pid=106307)[0m    Validation: 12 samples (client-local)[32m [repeated 139x across cluster][0m
[36m(ClientAppActor pid=106270)[0m [Client 635] Data split:[32m [repeated 143x across cluster][0m
[36m(ClientAppActor pid=106270)[0m    Train:      87 samples (client-local)[32m [repeated 143x across cluster][0m
[36m(ClientAppActor pid=106270)[0m    Validation: 12 samples (client-local)[32m [repeated 143x across cluster][0m
[36m(ClientAppActor pid=97925)[0m [Client 1794] Data split:[32m [repeated 140x across cluster][0m
[36m(ClientAppActor pid=97925)[0m    Train:      86 samples (client-local)[32m [repeated 140x across cluster][0m
[36m(ClientAppActor pid=97925)[0m    Validation: 12 samples (client-local)[32m [repeated 140x across cluster][0m
[36m(ClientAppActor pid=99221)[0m [Client 503] Data split:[32m [repeated 143x across cluster][0m
[36m(ClientAppActor pid=99221)[0m    Train:      87 samples (client-local)[32m [repeated 143x across cluster][0m
[36m(ClientAppActor pid=99221)[0m    Validation: 12 samples (client-local)[32m [repeated 143x across cluster][0m
[36m(ClientAppActor pid=58911)[0m [Client 678] Data split:[32m [repeated 147x across cluster][0m
[36m(ClientAppActor pid=58911)[0m    Train:      87 samples (client-local)[32m [repeated 147x across cluster][0m
[36m(ClientAppActor pid=58911)[0m    Validation: 12 samples (client-local)[32m [repeated 147x across cluster][0m
[36m(ClientAppActor pid=100060)[0m [Client 1037] Data split:[32m [repeated 143x across cluster][0m
[36m(ClientAppActor pid=100060)[0m    Train:      87 samples (client-local)[32m [repeated 143x across cluster][0m
[36m(ClientAppActor pid=100060)[0m    Validation: 12 samples (client-local)[32m [repeated 143x across cluster][0m
[36m(ClientAppActor pid=108073)[0m [Client 645] Data split:[32m [repeated 144x across cluster][0m
[36m(ClientAppActor pid=108073)[0m    Train:      87 samples (client-local)[32m [repeated 144x across cluster][0m
[36m(ClientAppActor pid=108073)[0m    Validation: 12 samples (client-local)[32m [repeated 144x across cluster][0m
[36m(ClientAppActor pid=98757)[0m [Client 1629] Data split:[32m [repeated 141x across cluster][0m
[36m(ClientAppActor pid=98757)[0m    Train:      86 samples (client-local)[32m [repeated 141x across cluster][0m
[36m(ClientAppActor pid=98757)[0m    Validation: 12 samples (client-local)[32m [repeated 141x across cluster][0m
[36m(ClientAppActor pid=59339)[0m [Client 13] Data split:[32m [repeated 133x across cluster][0m
[36m(ClientAppActor pid=59339)[0m    Train:      87 samples (client-local)[32m [repeated 133x across cluster][0m
[36m(ClientAppActor pid=59339)[0m    Validation: 12 samples (client-local)[32m [repeated 133x across cluster][0m
[36m(ClientAppActor pid=58708)[0m [Client 152] Data split:[32m [repeated 154x across cluster][0m
[36m(ClientAppActor pid=58708)[0m    Train:      87 samples (client-local)[32m [repeated 154x across cluster][0m
[36m(ClientAppActor pid=58708)[0m    Validation: 12 samples (client-local)[32m [repeated 154x across cluster][0m
[36m(ClientAppActor pid=57814)[0m [Client 1661] Data split:[32m [repeated 142x across cluster][0m
[36m(ClientAppActor pid=57814)[0m    Train:      86 samples (client-local)[32m [repeated 142x across cluster][0m
[36m(ClientAppActor pid=57814)[0m    Validation: 12 samples (client-local)[32m [repeated 142x across cluster][0m
[36m(ClientAppActor pid=58171)[0m [Client 240] Data split:[32m [repeated 147x across cluster][0m
[36m(ClientAppActor pid=58171)[0m    Train:      87 samples (client-local)[32m [repeated 147x across cluster][0m
[36m(ClientAppActor pid=58171)[0m    Validation: 12 samples (client-local)[32m [repeated 147x across cluster][0m
[36m(ClientAppActor pid=59339)[0m [Client 1658] Data split:[32m [repeated 97x across cluster][0m
[36m(ClientAppActor pid=59339)[0m    Train:      86 samples (client-local)[32m [repeated 97x across cluster][0m
[36m(ClientAppActor pid=59339)[0m    Validation: 12 samples (client-local)[32m [repeated 97x across cluster][0m
[36m(ClientAppActor pid=98100)[0m [Client 694] Data split:[32m [repeated 169x across cluster][0m
[36m(ClientAppActor pid=98100)[0m    Train:      87 samples (client-local)[32m [repeated 169x across cluster][0m
[36m(ClientAppActor pid=98100)[0m    Validation: 12 samples (client-local)[32m [repeated 169x across cluster][0m
[36m(ClientAppActor pid=58500)[0m [Client 1859] Data split:[32m [repeated 135x across cluster][0m
[36m(ClientAppActor pid=58500)[0m    Train:      86 samples (client-local)[32m [repeated 135x across cluster][0m
[36m(ClientAppActor pid=58500)[0m    Validation: 12 samples (client-local)[32m [repeated 135x across cluster][0m
[36m(ClientAppActor pid=100060)[0m [Client 1879] Data split:[32m [repeated 142x across cluster][0m
[36m(ClientAppActor pid=100060)[0m    Train:      86 samples (client-local)[32m [repeated 142x across cluster][0m
[36m(ClientAppActor pid=100060)[0m    Validation: 12 samples (client-local)[32m [repeated 142x across cluster][0m
[36m(ClientAppActor pid=58852)[0m [Client 1101] Data split:[32m [repeated 145x across cluster][0m
[36m(ClientAppActor pid=58852)[0m    Train:      87 samples (client-local)[32m [repeated 145x across cluster][0m
[36m(ClientAppActor pid=58852)[0m    Validation: 12 samples (client-local)[32m [repeated 145x across cluster][0m
[36m(ClientAppActor pid=58006)[0m [Client 1344] Data split:[32m [repeated 151x across cluster][0m
[36m(ClientAppActor pid=58006)[0m    Train:      87 samples (client-local)[32m [repeated 151x across cluster][0m
[36m(ClientAppActor pid=58006)[0m    Validation: 12 samples (client-local)[32m [repeated 151x across cluster][0m
[36m(ClientAppActor pid=106307)[0m [Client 760] Data split:[32m [repeated 135x across cluster][0m
[36m(ClientAppActor pid=106307)[0m    Train:      87 samples (client-local)[32m [repeated 135x across cluster][0m[92mINFO [0m:      aggregate_evaluate: received 2048 results and 0 failures
[92mINFO [0m:      
[92mINFO [0m:      [ROUND 20]
[92mINFO [0m:      configure_fit: strategy sampled 1638 clients (out of 2048)
[92mINFO [0m:      aggregate_fit: received 1638 results and 0 failures
[92mINFO [0m:      configure_evaluate: strategy sampled 2048 clients (out of 2048)

[36m(ClientAppActor pid=106307)[0m    Validation: 12 samples (client-local)[32m [repeated 135x across cluster][0m
[36m(ClientAppActor pid=106624)[0m [Client 1263] Data split:[32m [repeated 144x across cluster][0m
[36m(ClientAppActor pid=106624)[0m    Train:      87 samples (client-local)[32m [repeated 144x across cluster][0m
[36m(ClientAppActor pid=106624)[0m    Validation: 12 samples (client-local)[32m [repeated 144x across cluster][0m
[36m(ClientAppActor pid=98100)[0m [Client 1116] Data split:[32m [repeated 138x across cluster][0m
[36m(ClientAppActor pid=98100)[0m    Train:      87 samples (client-local)[32m [repeated 138x across cluster][0m
[36m(ClientAppActor pid=98100)[0m    Validation: 12 samples (client-local)[32m [repeated 138x across cluster][0m
[36m(ClientAppActor pid=100060)[0m [Client 1930] Data split:[32m [repeated 144x across cluster][0m
[36m(ClientAppActor pid=100060)[0m    Train:      86 samples (client-local)[32m [repeated 144x across cluster][0m
[36m(ClientAppActor pid=100060)[0m    Validation: 12 samples (client-local)[32m [repeated 144x across cluster][0m
[36m(ClientAppActor pid=99221)[0m [Client 953] Data split:[32m [repeated 148x across cluster][0m
[36m(ClientAppActor pid=99221)[0m    Train:      87 samples (client-local)[32m [repeated 148x across cluster][0m
[36m(ClientAppActor pid=99221)[0m    Validation: 12 samples (client-local)[32m [repeated 148x across cluster][0m
[36m(ClientAppActor pid=100011)[0m [Client 1120] Data split:[32m [repeated 145x across cluster][0m
[36m(ClientAppActor pid=100011)[0m    Train:      87 samples (client-local)[32m [repeated 145x across cluster][0m
[36m(ClientAppActor pid=100011)[0m    Validation: 12 samples (client-local)[32m [repeated 145x across cluster][0m
[36m(ClientAppActor pid=98757)[0m [Client 175] Data split:[32m [repeated 139x across cluster][0m
[36m(ClientAppActor pid=98757)[0m    Train:      87 samples (client-local)[32m [repeated 139x across cluster][0m
[36m(ClientAppActor pid=98757)[0m    Validation: 12 samples (client-local)[32m [repeated 139x across cluster][0m
[36m(ClientAppActor pid=59018)[0m [Client 1917] Data split:[32m [repeated 138x across cluster][0m
[36m(ClientAppActor pid=59018)[0m    Train:      86 samples (client-local)[32m [repeated 138x across cluster][0m
[36m(ClientAppActor pid=59018)[0m    Validation: 12 samples (client-local)[32m [repeated 138x across cluster][0m
⏭️  Round 19: Evaluation skipped (all n_val=0)
[36m(ClientAppActor pid=57636)[0m [Client 67] Data split:[32m [repeated 141x across cluster][0m
[36m(ClientAppActor pid=57636)[0m    Train:      87 samples (client-local)[32m [repeated 141x across cluster][0m
[36m(ClientAppActor pid=57636)[0m    Validation: 12 samples (client-local)[32m [repeated 141x across cluster][0m
[36m(ClientAppActor pid=106624)[0m [Client 1914] Data split:[32m [repeated 137x across cluster][0m
[36m(ClientAppActor pid=106624)[0m    Train:      86 samples (client-local)[32m [repeated 137x across cluster][0m
[36m(ClientAppActor pid=106624)[0m    Validation: 12 samples (client-local)[32m [repeated 137x across cluster][0m
[36m(ClientAppActor pid=57434)[0m [Client 1350] Data split:[32m [repeated 142x across cluster][0m
[36m(ClientAppActor pid=57434)[0m    Train:      87 samples (client-local)[32m [repeated 142x across cluster][0m
[36m(ClientAppActor pid=57434)[0m    Validation: 12 samples (client-local)[32m [repeated 142x across cluster][0m
[36m(ClientAppActor pid=98898)[0m [Client 1202] Data split:[32m [repeated 137x across cluster][0m
[36m(ClientAppActor pid=98898)[0m    Train:      87 samples (client-local)[32m [repeated 137x across cluster][0m
[36m(ClientAppActor pid=98898)[0m    Validation: 12 samples (client-local)[32m [repeated 137x across cluster][0m
[36m(ClientAppActor pid=58617)[0m [Client 325] Data split:[32m [repeated 147x across cluster][0m
[36m(ClientAppActor pid=58617)[0m    Train:      87 samples (client-local)[32m [repeated 147x across cluster][0m
[36m(ClientAppActor pid=58617)[0m    Validation: 12 samples (client-local)[32m [repeated 147x across cluster][0m
[36m(ClientAppActor pid=58617)[0m [Client 462] Data split:[32m [repeated 137x across cluster][0m
[36m(ClientAppActor pid=58617)[0m    Train:      87 samples (client-local)[32m [repeated 137x across cluster][0m
[36m(ClientAppActor pid=58617)[0m    Validation: 12 samples (client-local)[32m [repeated 137x across cluster][0m
[36m(ClientAppActor pid=106624)[0m [Client 38] Data split:[32m [repeated 140x across cluster][0m
[36m(ClientAppActor pid=106624)[0m    Train:      87 samples (client-local)[32m [repeated 140x across cluster][0m
[36m(ClientAppActor pid=106624)[0m    Validation: 12 samples (client-local)[32m [repeated 140x across cluster][0m
[36m(ClientAppActor pid=98898)[0m [Client 184] Data split:[32m [repeated 141x across cluster][0m
[36m(ClientAppActor pid=98898)[0m    Train:      87 samples (client-local)[32m [repeated 141x across cluster][0m
[36m(ClientAppActor pid=98898)[0m    Validation: 12 samples (client-local)[32m [repeated 141x across cluster][0m
[36m(ClientAppActor pid=58852)[0m [Client 1918] Data split:[32m [repeated 139x across cluster][0m
[36m(ClientAppActor pid=58852)[0m    Train:      86 samples (client-local)[32m [repeated 139x across cluster][0m
[36m(ClientAppActor pid=58852)[0m    Validation: 12 samples (client-local)[32m [repeated 139x across cluster][0m
[36m(ClientAppActor pid=98898)[0m [Client 31] Data split:[32m [repeated 145x across cluster][0m
[36m(ClientAppActor pid=98898)[0m    Train:      87 samples (client-local)[32m [repeated 145x across cluster][0m
[36m(ClientAppActor pid=98898)[0m    Validation: 12 samples (client-local)[32m [repeated 145x across cluster][0m
[36m(ClientAppActor pid=58708)[0m [Client 1996] Data split:[32m [repeated 149x across cluster][0m
[36m(ClientAppActor pid=58708)[0m    Train:      86 samples (client-local)[32m [repeated 149x across cluster][0m
[36m(ClientAppActor pid=58708)[0m    Validation: 12 samples (client-local)[32m [repeated 149x across cluster][0m
[36m(ClientAppActor pid=98898)[0m [Client 1364] Data split:[32m [repeated 136x across cluster][0m
[36m(ClientAppActor pid=98898)[0m    Train:      87 samples (client-local)[32m [repeated 136x across cluster][0m
[36m(ClientAppActor pid=98898)[0m    Validation: 12 samples (client-local)[32m [repeated 136x across cluster][0m
[36m(ClientAppActor pid=59339)[0m [Client 1194] Data split:[32m [repeated 100x across cluster][0m
[36m(ClientAppActor pid=59339)[0m    Train:      87 samples (client-local)[32m [repeated 100x across cluster][0m
[36m(ClientAppActor pid=59339)[0m    Validation: 12 samples (client-local)[32m [repeated 100x across cluster][0m
[36m(ClientAppActor pid=59339)[0m [Client 1308] Data split:[32m [repeated 146x across cluster][0m
[36m(ClientAppActor pid=59339)[0m    Train:      87 samples (client-local)[32m [repeated 146x across cluster][0m
[36m(ClientAppActor pid=59339)[0m    Validation: 12 samples (client-local)[32m [repeated 146x across cluster][0m
[36m(ClientAppActor pid=100060)[0m 
[36m(ClientAppActor pid=106270)[0m [Client 1065] Data split:[32m [repeated 128x across cluster][0m
[36m(ClientAppActor pid=106270)[0m    Train:      87 samples (client-local)[32m [repeated 128x across cluster][0m
[36m(ClientAppActor pid=106270)[0m    Validation: 12 samples (client-local)[32m [repeated 128x across cluster][0m
[36m(ClientAppActor pid=58852)[0m [Client 1924] Data split:[32m [repeated 147x across cluster][0m
[36m(ClientAppActor pid=58852)[0m    Train:      86 samples (client-local)[32m [repeated 147x across cluster][0m
[36m(ClientAppActor pid=58852)[0m    Validation: 12 samples (client-local)[32m [repeated 147x across cluster][0m
[36m(ClientAppActor pid=58708)[0m [Client 1153] Data split:[32m [repeated 145x across cluster][0m
[36m(ClientAppActor pid=58708)[0m    Train:      87 samples (client-local)[32m [repeated 145x across cluster][0m
[36m(ClientAppActor pid=58708)[0m    Validation: 12 samples (client-local)[32m [repeated 145x across cluster][0m[92mINFO [0m:      aggregate_evaluate: received 2048 results and 0 failures
[92mINFO [0m:      
[92mINFO [0m:      [ROUND 21]
[92mINFO [0m:      configure_fit: strategy sampled 1638 clients (out of 2048)

[36m(ClientAppActor pid=100120)[0m [Client 1520] Data split:[32m [repeated 140x across cluster][0m
[36m(ClientAppActor pid=100120)[0m    Train:      86 samples (client-local)[32m [repeated 140x across cluster][0m
[36m(ClientAppActor pid=100120)[0m    Validation: 12 samples (client-local)[32m [repeated 140x across cluster][0m
[36m(ClientAppActor pid=58023)[0m [Client 1716] Data split:[32m [repeated 160x across cluster][0m
[36m(ClientAppActor pid=58023)[0m    Train:      86 samples (client-local)[32m [repeated 160x across cluster][0m
[36m(ClientAppActor pid=58023)[0m    Validation: 12 samples (client-local)[32m [repeated 160x across cluster][0m
[36m(ClientAppActor pid=106270)[0m [Client 438] Data split:[32m [repeated 151x across cluster][0m
[36m(ClientAppActor pid=106270)[0m    Train:      87 samples (client-local)[32m [repeated 151x across cluster][0m
[36m(ClientAppActor pid=106270)[0m    Validation: 12 samples (client-local)[32m [repeated 151x across cluster][0m
[36m(ClientAppActor pid=106270)[0m [Client 1680] Data split:[32m [repeated 140x across cluster][0m
[36m(ClientAppActor pid=106270)[0m    Train:      86 samples (client-local)[32m [repeated 140x across cluster][0m
[36m(ClientAppActor pid=106270)[0m    Validation: 12 samples (client-local)[32m [repeated 140x across cluster][0m
[36m(ClientAppActor pid=100781)[0m [Client 1075] Data split:[32m [repeated 144x across cluster][0m
[36m(ClientAppActor pid=100781)[0m    Train:      87 samples (client-local)[32m [repeated 144x across cluster][0m
[36m(ClientAppActor pid=100781)[0m    Validation: 12 samples (client-local)[32m [repeated 144x across cluster][0m
[36m(ClientAppActor pid=58617)[0m [Client 596] Data split:[32m [repeated 128x across cluster][0m
[36m(ClientAppActor pid=58617)[0m    Train:      87 samples (client-local)[32m [repeated 128x across cluster][0m
[36m(ClientAppActor pid=58617)[0m    Validation: 12 samples (client-local)[32m [repeated 128x across cluster][0m
[36m(ClientAppActor pid=58033)[0m [Client 321] Data split:[32m [repeated 139x across cluster][0m
[36m(ClientAppActor pid=58033)[0m    Train:      87 samples (client-local)[32m [repeated 139x across cluster][0m
[36m(ClientAppActor pid=58033)[0m    Validation: 12 samples (client-local)[32m [repeated 139x across cluster][0m
[36m(ClientAppActor pid=58911)[0m [Client 1805] Data split:[32m [repeated 138x across cluster][0m
[36m(ClientAppActor pid=58911)[0m    Train:      86 samples (client-local)[32m [repeated 138x across cluster][0m
[36m(ClientAppActor pid=58911)[0m    Validation: 12 samples (client-local)[32m [repeated 138x across cluster][0m
[36m(ClientAppActor pid=98898)[0m [Client 1597] Data split:[32m [repeated 137x across cluster][0m
[36m(ClientAppActor pid=98898)[0m    Train:      86 samples (client-local)[32m [repeated 137x across cluster][0m
[36m(ClientAppActor pid=98898)[0m    Validation: 12 samples (client-local)[32m [repeated 137x across cluster][0m
[36m(ClientAppActor pid=100060)[0m [Client 1301] Data split:[32m [repeated 148x across cluster][0m
[36m(ClientAppActor pid=100060)[0m    Train:      87 samples (client-local)[32m [repeated 148x across cluster][0m
[36m(ClientAppActor pid=100060)[0m    Validation: 12 samples (client-local)[32m [repeated 148x across cluster][0m

🎯 Multi-Threshold Aggregation:
   ═══════════════════════════════════════════════
   ✅ Valid clients: 2048
   Evaluated 10 thresholds:
     • Thr=0.15: Recall=0.980, Spec=0.105, F1=0.261
     • Thr=0.20: Recall=0.964, Spec=0.164, F1=0.271
     • Thr=0.25: Recall=0.945, Spec=0.227, F1=0.281
   ...

   BEST Threshold: 0.55
     • Recall:      0.723
     • Specificity: 0.587
     • F1-Score:    0.338
     • Score:       0.627
   ═══════════════════════════════════════════════

⚠️  No rounds meet spec≥0.7, using recall filter only
   BUT: Filtered to top 3 by specificity (spec range: 0.347-0.587)
 2 Pareto-optimal rounds (not dominated in recall & spec)

🎯 SELECTED ROUND 20:
   Recall:     0.723
   Specificity: 0.587
   F1-Score:    0.338
   Stability:   1.000
   Alerts/1000: 456.6
   Composite:   0.633

   💾 Checkpoint saved: result/splits_iid_scaling/splits_iid_2048_clients.json/multi_thr/model_round_20.pt
⚠️  No rounds meet spec≥0.7, using recall filter only
   BUT: Filtered to top 3 by specificity (spec range: 0.347-0.587)
 2 Pareto-optimal rounds (not dominated in recall & spec)

🎯 SELECTED ROUND 20:
   Recall:     0.723
   Specificity: 0.587
   F1-Score:    0.338
   Stability:   1.000
   Alerts/1000: 456.6
   Composite:   0.633

   💾 Best model saved: result/splits_iid_scaling/splits_iid_2048_clients.json/multi_thr/model_round_20.pt
   📊 Metrics saved: result/splits_iid_scaling/splits_iid_2048_clients.json/multi_thr/run_1.json
[36m(ClientAppActor pid=99221)[0m [Client 122] Data split:[32m [repeated 115x across cluster][0m
[36m(ClientAppActor pid=99221)[0m    Train:      87 samples (client-local)[32m [repeated 115x across cluster][0m
[36m(ClientAppActor pid=99221)[0m    Validation: 12 samples (client-local)[32m [repeated 115x across cluster][0m
[36m(ClientAppActor pid=59339)[0m [Client 2011] Data split:[32m [repeated 132x across cluster][0m
[36m(ClientAppActor pid=59339)[0m    Train:      86 samples (client-local)[32m [repeated 132x across cluster][0m
[36m(ClientAppActor pid=59339)[0m    Validation: 12 samples (client-local)[32m [repeated 132x across cluster][0m
[36m(ClientAppActor pid=57814)[0m [Client 1563] Data split:[32m [repeated 141x across cluster][0m
[36m(ClientAppActor pid=57814)[0m    Train:      86 samples (client-local)[32m [repeated 141x across cluster][0m
[36m(ClientAppActor pid=57814)[0m    Validation: 12 samples (client-local)[32m [repeated 141x across cluster][0m
[36m(ClientAppActor pid=99221)[0m [Client 202] Data split:[32m [repeated 142x across cluster][0m
[36m(ClientAppActor pid=99221)[0m    Train:      87 samples (client-local)[32m [repeated 142x across cluster][0m
[36m(ClientAppActor pid=99221)[0m    Validation: 12 samples (client-local)[32m [repeated 142x across cluster][0m
[36m(ClientAppActor pid=58500)[0m [Client 12] Data split:[32m [repeated 143x across cluster][0m
[36m(ClientAppActor pid=58500)[0m    Train:      87 samples (client-local)[32m [repeated 143x across cluster][0m
[36m(ClientAppActor pid=58500)[0m    Validation: 12 samples (client-local)[32m [repeated 143x across cluster][0m
[36m(ClientAppActor pid=58033)[0m [Client 1569] Data split:[32m [repeated 138x across cluster][0m
[36m(ClientAppActor pid=58033)[0m    Train:      86 samples (client-local)[32m [repeated 138x across cluster][0m
[36m(ClientAppActor pid=58033)[0m    Validation: 12 samples (client-local)[32m [repeated 138x across cluster][0m
[36m(ClientAppActor pid=106270)[0m [Client 309] Data split:[32m [repeated 135x across cluster][0m
[36m(ClientAppActor pid=106270)[0m    Train:      87 samples (client-local)[32m [repeated 135x across cluster][0m
[36m(ClientAppActor pid=106270)[0m    Validation: 12 samples (client-local)[32m [repeated 135x across cluster][0m
[36m(ClientAppActor pid=99190)[0m [Client 35] Data split:[32m [repeated 141x across cluster][0m
[36m(ClientAppActor pid=99190)[0m    Train:      87 samples (client-local)[32m [repeated 141x across cluster][0m
[36m(ClientAppActor pid=99190)[0m    Validation: 12 samples (client-local)[32m [repeated 141x across cluster][0m
[36m(ClientAppActor pid=97638)[0m [Client 980] Data split:[32m [repeated 152x across cluster][0m
[36m(ClientAppActor pid=97638)[0m    Train:      87 samples (client-local)[32m [repeated 152x across cluster][0m
[36m(ClientAppActor pid=97638)[0m    Validation: 12 samples (client-local)[32m [repeated 152x across cluster][0m
[36m(ClientAppActor pid=108073)[0m [Client 1794] Data split:[32m [repeated 136x across cluster][0m
[36m(ClientAppActor pid=108073)[0m    Train:      86 samples (client-local)[32m [repeated 136x across cluster][0m[92mINFO [0m:      aggregate_fit: received 1638 results and 0 failures
[92mINFO [0m:      configure_evaluate: strategy sampled 2048 clients (out of 2048)
[92mINFO [0m:      aggregate_evaluate: received 2048 results and 0 failures
[92mINFO [0m:      
[92mINFO [0m:      [ROUND 22]
[92mINFO [0m:      configure_fit: strategy sampled 1638 clients (out of 2048)

[36m(ClientAppActor pid=108073)[0m    Validation: 12 samples (client-local)[32m [repeated 136x across cluster][0m
[36m(ClientAppActor pid=98898)[0m [Client 1355] Data split:[32m [repeated 120x across cluster][0m
[36m(ClientAppActor pid=98898)[0m    Train:      87 samples (client-local)[32m [repeated 120x across cluster][0m
[36m(ClientAppActor pid=98898)[0m    Validation: 12 samples (client-local)[32m [repeated 120x across cluster][0m
[36m(ClientAppActor pid=106624)[0m [Client 329] Data split:[32m [repeated 144x across cluster][0m
[36m(ClientAppActor pid=106624)[0m    Train:      87 samples (client-local)[32m [repeated 144x across cluster][0m
[36m(ClientAppActor pid=106624)[0m    Validation: 12 samples (client-local)[32m [repeated 144x across cluster][0m
[36m(ClientAppActor pid=100011)[0m [Client 1666] Data split:[32m [repeated 110x across cluster][0m
[36m(ClientAppActor pid=100011)[0m    Train:      86 samples (client-local)[32m [repeated 110x across cluster][0m
[36m(ClientAppActor pid=100011)[0m    Validation: 12 samples (client-local)[32m [repeated 110x across cluster][0m
[36m(ClientAppActor pid=100781)[0m [Client 1031] Data split:[32m [repeated 139x across cluster][0m
[36m(ClientAppActor pid=100781)[0m    Train:      87 samples (client-local)[32m [repeated 139x across cluster][0m
[36m(ClientAppActor pid=100781)[0m    Validation: 12 samples (client-local)[32m [repeated 139x across cluster][0m
[36m(ClientAppActor pid=58911)[0m [Client 1771] Data split:[32m [repeated 146x across cluster][0m
[36m(ClientAppActor pid=58911)[0m    Train:      86 samples (client-local)[32m [repeated 146x across cluster][0m
[36m(ClientAppActor pid=58911)[0m    Validation: 12 samples (client-local)[32m [repeated 146x across cluster][0m
[36m(ClientAppActor pid=106270)[0m [Client 133] Data split:[32m [repeated 141x across cluster][0m
[36m(ClientAppActor pid=106270)[0m    Train:      87 samples (client-local)[32m [repeated 141x across cluster][0m
[36m(ClientAppActor pid=106270)[0m    Validation: 12 samples (client-local)[32m [repeated 141x across cluster][0m
[36m(ClientAppActor pid=100011)[0m 
[36m(ClientAppActor pid=58023)[0m [Client 1216] Data split:[32m [repeated 141x across cluster][0m
[36m(ClientAppActor pid=58023)[0m    Train:      87 samples (client-local)[32m [repeated 141x across cluster][0m
[36m(ClientAppActor pid=58023)[0m    Validation: 12 samples (client-local)[32m [repeated 141x across cluster][0m
[36m(ClientAppActor pid=58708)[0m [Client 384] Data split:[32m [repeated 139x across cluster][0m
[36m(ClientAppActor pid=58708)[0m    Train:      87 samples (client-local)[32m [repeated 139x across cluster][0m
[36m(ClientAppActor pid=58708)[0m    Validation: 12 samples (client-local)[32m [repeated 139x across cluster][0m
[36m(ClientAppActor pid=57434)[0m [Client 42] Data split:[32m [repeated 148x across cluster][0m
[36m(ClientAppActor pid=57434)[0m    Train:      87 samples (client-local)[32m [repeated 148x across cluster][0m
[36m(ClientAppActor pid=57434)[0m    Validation: 12 samples (client-local)[32m [repeated 148x across cluster][0m
[36m(ClientAppActor pid=100011)[0m [Client 1291] Data split:[32m [repeated 147x across cluster][0m
[36m(ClientAppActor pid=100011)[0m    Train:      87 samples (client-local)[32m [repeated 147x across cluster][0m
[36m(ClientAppActor pid=100011)[0m    Validation: 12 samples (client-local)[32m [repeated 147x across cluster][0m
[36m(ClientAppActor pid=57636)[0m [Client 1288] Data split:[32m [repeated 140x across cluster][0m
[36m(ClientAppActor pid=57636)[0m    Train:      87 samples (client-local)[32m [repeated 140x across cluster][0m
[36m(ClientAppActor pid=57636)[0m    Validation: 12 samples (client-local)[32m [repeated 140x across cluster][0m
[36m(ClientAppActor pid=97834)[0m [Client 214] Data split:[32m [repeated 149x across cluster][0m
[36m(ClientAppActor pid=97834)[0m    Train:      87 samples (client-local)[32m [repeated 149x across cluster][0m
[36m(ClientAppActor pid=97834)[0m    Validation: 12 samples (client-local)[32m [repeated 149x across cluster][0m
[36m(ClientAppActor pid=99190)[0m [Client 718] Data split:[32m [repeated 158x across cluster][0m
[36m(ClientAppActor pid=99190)[0m    Train:      87 samples (client-local)[32m [repeated 158x across cluster][0m
[36m(ClientAppActor pid=99190)[0m    Validation: 12 samples (client-local)[32m [repeated 158x across cluster][0m
[36m(ClientAppActor pid=106624)[0m [Client 1069] Data split:[32m [repeated 124x across cluster][0m
[36m(ClientAppActor pid=106624)[0m    Train:      87 samples (client-local)[32m [repeated 124x across cluster][0m
[36m(ClientAppActor pid=106624)[0m    Validation: 12 samples (client-local)[32m [repeated 124x across cluster][0m
[36m(ClientAppActor pid=100120)[0m [Client 11] Data split:[32m [repeated 123x across cluster][0m
[36m(ClientAppActor pid=100120)[0m    Train:      87 samples (client-local)[32m [repeated 123x across cluster][0m
[36m(ClientAppActor pid=100120)[0m    Validation: 12 samples (client-local)[32m [repeated 123x across cluster][0m
[36m(ClientAppActor pid=106624)[0m [Client 616] Data split:[32m [repeated 143x across cluster][0m
[36m(ClientAppActor pid=106624)[0m    Train:      87 samples (client-local)[32m [repeated 143x across cluster][0m
[36m(ClientAppActor pid=106624)[0m    Validation: 12 samples (client-local)[32m [repeated 143x across cluster][0m
⏭️  Round 21: Evaluation skipped (all n_val=0)
[36m(ClientAppActor pid=99221)[0m [Client 162] Data split:[32m [repeated 142x across cluster][0m
[36m(ClientAppActor pid=99221)[0m    Train:      87 samples (client-local)[32m [repeated 142x across cluster][0m
[36m(ClientAppActor pid=99221)[0m    Validation: 12 samples (client-local)[32m [repeated 142x across cluster][0m
[36m(ClientAppActor pid=98898)[0m [Client 568] Data split:[32m [repeated 140x across cluster][0m
[36m(ClientAppActor pid=98898)[0m    Train:      87 samples (client-local)[32m [repeated 140x across cluster][0m
[36m(ClientAppActor pid=98898)[0m    Validation: 12 samples (client-local)[32m [repeated 140x across cluster][0m
[36m(ClientAppActor pid=106624)[0m [Client 252] Data split:[32m [repeated 132x across cluster][0m
[36m(ClientAppActor pid=106624)[0m    Train:      87 samples (client-local)[32m [repeated 132x across cluster][0m
[36m(ClientAppActor pid=106624)[0m    Validation: 12 samples (client-local)[32m [repeated 132x across cluster][0m
[36m(ClientAppActor pid=100011)[0m [Client 267] Data split:[32m [repeated 145x across cluster][0m
[36m(ClientAppActor pid=100011)[0m    Train:      87 samples (client-local)[32m [repeated 145x across cluster][0m
[36m(ClientAppActor pid=100011)[0m    Validation: 12 samples (client-local)[32m [repeated 145x across cluster][0m
[36m(ClientAppActor pid=99190)[0m [Client 929] Data split:[32m [repeated 148x across cluster][0m
[36m(ClientAppActor pid=99190)[0m    Train:      87 samples (client-local)[32m [repeated 148x across cluster][0m
[36m(ClientAppActor pid=99190)[0m    Validation: 12 samples (client-local)[32m [repeated 148x across cluster][0m
[36m(ClientAppActor pid=108073)[0m [Client 673] Data split:[32m [repeated 138x across cluster][0m
[36m(ClientAppActor pid=108073)[0m    Train:      87 samples (client-local)[32m [repeated 138x across cluster][0m
[36m(ClientAppActor pid=108073)[0m    Validation: 12 samples (client-local)[32m [repeated 138x across cluster][0m
[36m(ClientAppActor pid=98898)[0m [Client 114] Data split:[32m [repeated 136x across cluster][0m
[36m(ClientAppActor pid=98898)[0m    Train:      87 samples (client-local)[32m [repeated 136x across cluster][0m
[36m(ClientAppActor pid=98898)[0m    Validation: 12 samples (client-local)[32m [repeated 136x across cluster][0m
[36m(ClientAppActor pid=106624)[0m [Client 1427] Data split:[32m [repeated 151x across cluster][0m
[36m(ClientAppActor pid=106624)[0m    Train:      87 samples (client-local)[32m [repeated 151x across cluster][0m
[36m(ClientAppActor pid=106624)[0m    Validation: 12 samples (client-local)[32m [repeated 151x across cluster][0m[92mINFO [0m:      aggregate_fit: received 1638 results and 0 failures
[92mINFO [0m:      configure_evaluate: strategy sampled 2048 clients (out of 2048)
[92mINFO [0m:      aggregate_evaluate: received 2048 results and 0 failures
[92mINFO [0m:      
[92mINFO [0m:      [ROUND 23]
[92mINFO [0m:      configure_fit: strategy sampled 1638 clients (out of 2048)

[36m(ClientAppActor pid=106270)[0m [Client 1133] Data split:[32m [repeated 137x across cluster][0m
[36m(ClientAppActor pid=106270)[0m    Train:      87 samples (client-local)[32m [repeated 137x across cluster][0m
[36m(ClientAppActor pid=106270)[0m    Validation: 12 samples (client-local)[32m [repeated 137x across cluster][0m
[36m(ClientAppActor pid=106270)[0m [Client 800] Data split:[32m [repeated 137x across cluster][0m
[36m(ClientAppActor pid=106270)[0m    Train:      87 samples (client-local)[32m [repeated 137x across cluster][0m
[36m(ClientAppActor pid=106270)[0m    Validation: 12 samples (client-local)[32m [repeated 137x across cluster][0m
[36m(ClientAppActor pid=97638)[0m [Client 422] Data split:[32m [repeated 154x across cluster][0m
[36m(ClientAppActor pid=97638)[0m    Train:      87 samples (client-local)[32m [repeated 154x across cluster][0m
[36m(ClientAppActor pid=97638)[0m    Validation: 12 samples (client-local)[32m [repeated 154x across cluster][0m
[36m(ClientAppActor pid=106624)[0m [Client 971] Data split:[32m [repeated 140x across cluster][0m
[36m(ClientAppActor pid=106624)[0m    Train:      87 samples (client-local)[32m [repeated 140x across cluster][0m
[36m(ClientAppActor pid=106624)[0m    Validation: 12 samples (client-local)[32m [repeated 140x across cluster][0m
[36m(ClientAppActor pid=106624)[0m [Client 761] Data split:[32m [repeated 114x across cluster][0m
[36m(ClientAppActor pid=106624)[0m    Train:      87 samples (client-local)[32m [repeated 114x across cluster][0m
[36m(ClientAppActor pid=106624)[0m    Validation: 12 samples (client-local)[32m [repeated 114x across cluster][0m
[36m(ClientAppActor pid=57636)[0m [Client 720] Data split:[32m [repeated 135x across cluster][0m
[36m(ClientAppActor pid=57636)[0m    Train:      87 samples (client-local)[32m [repeated 135x across cluster][0m
[36m(ClientAppActor pid=57636)[0m    Validation: 12 samples (client-local)[32m [repeated 135x across cluster][0m
[36m(ClientAppActor pid=106624)[0m [Client 612] Data split:[32m [repeated 118x across cluster][0m
[36m(ClientAppActor pid=106624)[0m    Train:      87 samples (client-local)[32m [repeated 118x across cluster][0m
[36m(ClientAppActor pid=106624)[0m    Validation: 12 samples (client-local)[32m [repeated 118x across cluster][0m
[36m(ClientAppActor pid=58033)[0m [Client 29] Data split:[32m [repeated 140x across cluster][0m
[36m(ClientAppActor pid=58033)[0m    Train:      87 samples (client-local)[32m [repeated 140x across cluster][0m
[36m(ClientAppActor pid=58033)[0m    Validation: 12 samples (client-local)[32m [repeated 140x across cluster][0m
[36m(ClientAppActor pid=98898)[0m [Client 1725] Data split:[32m [repeated 137x across cluster][0m
[36m(ClientAppActor pid=98898)[0m    Train:      86 samples (client-local)[32m [repeated 137x across cluster][0m
[36m(ClientAppActor pid=98898)[0m    Validation: 12 samples (client-local)[32m [repeated 137x across cluster][0m
[36m(ClientAppActor pid=98100)[0m [Client 1497] Data split:[32m [repeated 137x across cluster][0m
[36m(ClientAppActor pid=98100)[0m    Train:      86 samples (client-local)[32m [repeated 137x across cluster][0m
[36m(ClientAppActor pid=98100)[0m    Validation: 12 samples (client-local)[32m [repeated 137x across cluster][0m
[36m(ClientAppActor pid=58006)[0m [Client 202] Data split:[32m [repeated 137x across cluster][0m
[36m(ClientAppActor pid=58006)[0m    Train:      87 samples (client-local)[32m [repeated 137x across cluster][0m
[36m(ClientAppActor pid=58006)[0m    Validation: 12 samples (client-local)[32m [repeated 137x across cluster][0m
[36m(ClientAppActor pid=57689)[0m [Client 1598] Data split:[32m [repeated 141x across cluster][0m
[36m(ClientAppActor pid=57689)[0m    Train:      86 samples (client-local)[32m [repeated 141x across cluster][0m
[36m(ClientAppActor pid=57689)[0m    Validation: 12 samples (client-local)[32m [repeated 141x across cluster][0m
[36m(ClientAppActor pid=98898)[0m [Client 590] Data split:[32m [repeated 156x across cluster][0m
[36m(ClientAppActor pid=98898)[0m    Train:      87 samples (client-local)[32m [repeated 156x across cluster][0m
[36m(ClientAppActor pid=98898)[0m    Validation: 12 samples (client-local)[32m [repeated 156x across cluster][0m
[36m(ClientAppActor pid=58852)[0m [Client 1564] Data split:[32m [repeated 148x across cluster][0m
[36m(ClientAppActor pid=58852)[0m    Train:      86 samples (client-local)[32m [repeated 148x across cluster][0m
[36m(ClientAppActor pid=58852)[0m    Validation: 12 samples (client-local)[32m [repeated 148x across cluster][0m
[36m(ClientAppActor pid=100120)[0m [Client 728] Data split:[32m [repeated 151x across cluster][0m
[36m(ClientAppActor pid=100120)[0m    Train:      87 samples (client-local)[32m [repeated 151x across cluster][0m
[36m(ClientAppActor pid=100120)[0m    Validation: 12 samples (client-local)[32m [repeated 151x across cluster][0m
[36m(ClientAppActor pid=100120)[0m [Client 1362] Data split:[32m [repeated 152x across cluster][0m
[36m(ClientAppActor pid=100120)[0m    Train:      87 samples (client-local)[32m [repeated 152x across cluster][0m
[36m(ClientAppActor pid=100120)[0m    Validation: 12 samples (client-local)[32m [repeated 152x across cluster][0m
[36m(ClientAppActor pid=97638)[0m [Client 177] Data split:[32m [repeated 150x across cluster][0m
[36m(ClientAppActor pid=97638)[0m    Train:      87 samples (client-local)[32m [repeated 150x across cluster][0m
[36m(ClientAppActor pid=97638)[0m    Validation: 12 samples (client-local)[32m [repeated 150x across cluster][0m
[36m(ClientAppActor pid=59018)[0m [Client 1904] Data split:[32m [repeated 144x across cluster][0m
[36m(ClientAppActor pid=59018)[0m    Train:      86 samples (client-local)[32m [repeated 144x across cluster][0m
[36m(ClientAppActor pid=59018)[0m    Validation: 12 samples (client-local)[32m [repeated 144x across cluster][0m
⏭️  Round 22: Evaluation skipped (all n_val=0)
[36m(ClientAppActor pid=58617)[0m [Client 43] Data split:[32m [repeated 136x across cluster][0m
[36m(ClientAppActor pid=58617)[0m    Train:      87 samples (client-local)[32m [repeated 136x across cluster][0m
[36m(ClientAppActor pid=58617)[0m    Validation: 12 samples (client-local)[32m [repeated 136x across cluster][0m
[36m(ClientAppActor pid=106307)[0m 
[36m(ClientAppActor pid=58500)[0m [Client 306] Data split:[32m [repeated 140x across cluster][0m
[36m(ClientAppActor pid=58500)[0m    Train:      87 samples (client-local)[32m [repeated 140x across cluster][0m
[36m(ClientAppActor pid=58500)[0m    Validation: 12 samples (client-local)[32m [repeated 140x across cluster][0m
[36m(ClientAppActor pid=106270)[0m [Client 113] Data split:[32m [repeated 138x across cluster][0m
[36m(ClientAppActor pid=106270)[0m    Train:      87 samples (client-local)[32m [repeated 138x across cluster][0m
[36m(ClientAppActor pid=106270)[0m    Validation: 12 samples (client-local)[32m [repeated 138x across cluster][0m
[36m(ClientAppActor pid=97834)[0m [Client 1359] Data split:[32m [repeated 136x across cluster][0m
[36m(ClientAppActor pid=97834)[0m    Train:      87 samples (client-local)[32m [repeated 136x across cluster][0m
[36m(ClientAppActor pid=97834)[0m    Validation: 12 samples (client-local)[32m [repeated 136x across cluster][0m
[36m(ClientAppActor pid=97925)[0m [Client 1303] Data split:[32m [repeated 159x across cluster][0m
[36m(ClientAppActor pid=97925)[0m    Train:      87 samples (client-local)[32m [repeated 159x across cluster][0m
[36m(ClientAppActor pid=97925)[0m    Validation: 12 samples (client-local)[32m [repeated 159x across cluster][0m
[36m(ClientAppActor pid=98898)[0m [Client 273] Data split:[32m [repeated 144x across cluster][0m
[36m(ClientAppActor pid=98898)[0m    Train:      87 samples (client-local)[32m [repeated 144x across cluster][0m
[36m(ClientAppActor pid=98898)[0m    Validation: 12 samples (client-local)[32m [repeated 144x across cluster][0m
[36m(ClientAppActor pid=57636)[0m [Client 274] Data split:[32m [repeated 146x across cluster][0m[92mINFO [0m:      aggregate_fit: received 1638 results and 0 failures
[92mINFO [0m:      configure_evaluate: strategy sampled 2048 clients (out of 2048)
[92mINFO [0m:      aggregate_evaluate: received 2048 results and 0 failures
[92mINFO [0m:      
[92mINFO [0m:      [ROUND 24]
[92mINFO [0m:      configure_fit: strategy sampled 1638 clients (out of 2048)

[36m(ClientAppActor pid=57636)[0m    Train:      87 samples (client-local)[32m [repeated 146x across cluster][0m
[36m(ClientAppActor pid=57636)[0m    Validation: 12 samples (client-local)[32m [repeated 146x across cluster][0m
[36m(ClientAppActor pid=58033)[0m [Client 68] Data split:[32m [repeated 137x across cluster][0m
[36m(ClientAppActor pid=58033)[0m    Train:      87 samples (client-local)[32m [repeated 137x across cluster][0m
[36m(ClientAppActor pid=58033)[0m    Validation: 12 samples (client-local)[32m [repeated 137x across cluster][0m
[36m(ClientAppActor pid=98898)[0m [Client 1344] Data split:[32m [repeated 128x across cluster][0m
[36m(ClientAppActor pid=98898)[0m    Train:      87 samples (client-local)[32m [repeated 128x across cluster][0m
[36m(ClientAppActor pid=98898)[0m    Validation: 12 samples (client-local)[32m [repeated 128x across cluster][0m
[36m(ClientAppActor pid=98898)[0m [Client 176] Data split:[32m [repeated 131x across cluster][0m
[36m(ClientAppActor pid=98898)[0m    Train:      87 samples (client-local)[32m [repeated 131x across cluster][0m
[36m(ClientAppActor pid=98898)[0m    Validation: 12 samples (client-local)[32m [repeated 131x across cluster][0m
[36m(ClientAppActor pid=100011)[0m [Client 1406] Data split:[32m [repeated 143x across cluster][0m
[36m(ClientAppActor pid=100011)[0m    Train:      87 samples (client-local)[32m [repeated 143x across cluster][0m
[36m(ClientAppActor pid=100011)[0m    Validation: 12 samples (client-local)[32m [repeated 143x across cluster][0m
[36m(ClientAppActor pid=100120)[0m [Client 497] Data split:[32m [repeated 147x across cluster][0m
[36m(ClientAppActor pid=100120)[0m    Train:      87 samples (client-local)[32m [repeated 147x across cluster][0m
[36m(ClientAppActor pid=100120)[0m    Validation: 12 samples (client-local)[32m [repeated 147x across cluster][0m
[36m(ClientAppActor pid=100011)[0m [Client 1735] Data split:[32m [repeated 91x across cluster][0m
[36m(ClientAppActor pid=100011)[0m    Train:      86 samples (client-local)[32m [repeated 91x across cluster][0m
[36m(ClientAppActor pid=100011)[0m    Validation: 12 samples (client-local)[32m [repeated 91x across cluster][0m
[36m(ClientAppActor pid=58617)[0m [Client 102] Data split:[32m [repeated 151x across cluster][0m
[36m(ClientAppActor pid=58617)[0m    Train:      87 samples (client-local)[32m [repeated 151x across cluster][0m
[36m(ClientAppActor pid=58617)[0m    Validation: 12 samples (client-local)[32m [repeated 151x across cluster][0m
[36m(ClientAppActor pid=58911)[0m [Client 433] Data split:[32m [repeated 148x across cluster][0m
[36m(ClientAppActor pid=58911)[0m    Train:      87 samples (client-local)[32m [repeated 148x across cluster][0m
[36m(ClientAppActor pid=58911)[0m    Validation: 12 samples (client-local)[32m [repeated 148x across cluster][0m
[36m(ClientAppActor pid=98898)[0m [Client 834] Data split:[32m [repeated 143x across cluster][0m
[36m(ClientAppActor pid=98898)[0m    Train:      87 samples (client-local)[32m [repeated 143x across cluster][0m
[36m(ClientAppActor pid=98898)[0m    Validation: 12 samples (client-local)[32m [repeated 143x across cluster][0m
[36m(ClientAppActor pid=106624)[0m [Client 1319] Data split:[32m [repeated 136x across cluster][0m
[36m(ClientAppActor pid=106624)[0m    Train:      87 samples (client-local)[32m [repeated 136x across cluster][0m
[36m(ClientAppActor pid=106624)[0m    Validation: 12 samples (client-local)[32m [repeated 136x across cluster][0m
[36m(ClientAppActor pid=106270)[0m [Client 98] Data split:[32m [repeated 135x across cluster][0m
[36m(ClientAppActor pid=106270)[0m    Train:      87 samples (client-local)[32m [repeated 135x across cluster][0m
[36m(ClientAppActor pid=106270)[0m    Validation: 12 samples (client-local)[32m [repeated 135x across cluster][0m
[36m(ClientAppActor pid=98898)[0m [Client 262] Data split:[32m [repeated 141x across cluster][0m
[36m(ClientAppActor pid=98898)[0m    Train:      87 samples (client-local)[32m [repeated 141x across cluster][0m
[36m(ClientAppActor pid=98898)[0m    Validation: 12 samples (client-local)[32m [repeated 141x across cluster][0m
[36m(ClientAppActor pid=100011)[0m [Client 355] Data split:[32m [repeated 129x across cluster][0m
[36m(ClientAppActor pid=100011)[0m    Train:      87 samples (client-local)[32m [repeated 129x across cluster][0m
[36m(ClientAppActor pid=100011)[0m    Validation: 12 samples (client-local)[32m [repeated 129x across cluster][0m
[36m(ClientAppActor pid=106270)[0m [Client 380] Data split:[32m [repeated 135x across cluster][0m
[36m(ClientAppActor pid=106270)[0m    Train:      87 samples (client-local)[32m [repeated 135x across cluster][0m
[36m(ClientAppActor pid=106270)[0m    Validation: 12 samples (client-local)[32m [repeated 135x across cluster][0m
[36m(ClientAppActor pid=106270)[0m [Client 728] Data split:[32m [repeated 138x across cluster][0m
[36m(ClientAppActor pid=106270)[0m    Train:      87 samples (client-local)[32m [repeated 138x across cluster][0m
[36m(ClientAppActor pid=106270)[0m    Validation: 12 samples (client-local)[32m [repeated 138x across cluster][0m
[36m(ClientAppActor pid=58023)[0m [Client 2036] Data split:[32m [repeated 144x across cluster][0m
[36m(ClientAppActor pid=58023)[0m    Train:      86 samples (client-local)[32m [repeated 144x across cluster][0m
[36m(ClientAppActor pid=58023)[0m    Validation: 12 samples (client-local)[32m [repeated 144x across cluster][0m
[36m(ClientAppActor pid=59339)[0m [Client 1965] Data split:[32m [repeated 144x across cluster][0m
[36m(ClientAppActor pid=59339)[0m    Train:      86 samples (client-local)[32m [repeated 144x across cluster][0m
[36m(ClientAppActor pid=59339)[0m    Validation: 12 samples (client-local)[32m [repeated 144x across cluster][0m
[36m(ClientAppActor pid=99221)[0m [Client 550] Data split:[32m [repeated 144x across cluster][0m
[36m(ClientAppActor pid=99221)[0m    Train:      87 samples (client-local)[32m [repeated 144x across cluster][0m
[36m(ClientAppActor pid=99221)[0m    Validation: 12 samples (client-local)[32m [repeated 144x across cluster][0m
[36m(ClientAppActor pid=98898)[0m [Client 266] Data split:[32m [repeated 138x across cluster][0m
[36m(ClientAppActor pid=98898)[0m    Train:      87 samples (client-local)[32m [repeated 138x across cluster][0m
[36m(ClientAppActor pid=98898)[0m    Validation: 12 samples (client-local)[32m [repeated 138x across cluster][0m
[36m(ClientAppActor pid=99221)[0m [Client 130] Data split:[32m [repeated 140x across cluster][0m
[36m(ClientAppActor pid=99221)[0m    Train:      87 samples (client-local)[32m [repeated 140x across cluster][0m
[36m(ClientAppActor pid=99221)[0m    Validation: 12 samples (client-local)[32m [repeated 140x across cluster][0m
⏭️  Round 23: Evaluation skipped (all n_val=0)
[36m(ClientAppActor pid=99221)[0m [Client 1958] Data split:[32m [repeated 149x across cluster][0m
[36m(ClientAppActor pid=99221)[0m    Train:      86 samples (client-local)[32m [repeated 149x across cluster][0m
[36m(ClientAppActor pid=99221)[0m    Validation: 12 samples (client-local)[32m [repeated 149x across cluster][0m
[36m(ClientAppActor pid=58023)[0m [Client 1] Data split:[32m [repeated 133x across cluster][0m
[36m(ClientAppActor pid=58023)[0m    Train:      87 samples (client-local)[32m [repeated 133x across cluster][0m
[36m(ClientAppActor pid=58023)[0m    Validation: 12 samples (client-local)[32m [repeated 133x across cluster][0m
[36m(ClientAppActor pid=97834)[0m [Client 895] Data split:[32m [repeated 150x across cluster][0m
[36m(ClientAppActor pid=97834)[0m    Train:      87 samples (client-local)[32m [repeated 150x across cluster][0m
[36m(ClientAppActor pid=97834)[0m    Validation: 12 samples (client-local)[32m [repeated 150x across cluster][0m
[36m(ClientAppActor pid=58911)[0m [Client 1437] Data split:[32m [repeated 151x across cluster][0m
[36m(ClientAppActor pid=58911)[0m    Train:      87 samples (client-local)[32m [repeated 151x across cluster][0m[92mINFO [0m:      aggregate_fit: received 1638 results and 0 failures
[92mINFO [0m:      configure_evaluate: strategy sampled 2048 clients (out of 2048)
[92mINFO [0m:      aggregate_evaluate: received 2048 results and 0 failures
[92mINFO [0m:      
[92mINFO [0m:      [ROUND 25]
[92mINFO [0m:      configure_fit: strategy sampled 1638 clients (out of 2048)

[36m(ClientAppActor pid=58911)[0m    Validation: 12 samples (client-local)[32m [repeated 151x across cluster][0m
[36m(ClientAppActor pid=57636)[0m [Client 295] Data split:[32m [repeated 149x across cluster][0m
[36m(ClientAppActor pid=57636)[0m    Train:      87 samples (client-local)[32m [repeated 149x across cluster][0m
[36m(ClientAppActor pid=57636)[0m    Validation: 12 samples (client-local)[32m [repeated 149x across cluster][0m
[36m(ClientAppActor pid=106307)[0m [Client 196] Data split:[32m [repeated 163x across cluster][0m
[36m(ClientAppActor pid=106307)[0m    Train:      87 samples (client-local)[32m [repeated 163x across cluster][0m
[36m(ClientAppActor pid=106307)[0m    Validation: 12 samples (client-local)[32m [repeated 163x across cluster][0m
[36m(ClientAppActor pid=57689)[0m [Client 114] Data split:[32m [repeated 129x across cluster][0m
[36m(ClientAppActor pid=57689)[0m    Train:      87 samples (client-local)[32m [repeated 129x across cluster][0m
[36m(ClientAppActor pid=57689)[0m    Validation: 12 samples (client-local)[32m [repeated 129x across cluster][0m
[36m(ClientAppActor pid=108073)[0m [Client 1614] Data split:[32m [repeated 140x across cluster][0m
[36m(ClientAppActor pid=108073)[0m    Train:      86 samples (client-local)[32m [repeated 140x across cluster][0m
[36m(ClientAppActor pid=108073)[0m    Validation: 12 samples (client-local)[32m [repeated 140x across cluster][0m
[36m(ClientAppActor pid=58852)[0m [Client 687] Data split:[32m [repeated 141x across cluster][0m
[36m(ClientAppActor pid=58852)[0m    Train:      87 samples (client-local)[32m [repeated 141x across cluster][0m
[36m(ClientAppActor pid=58852)[0m    Validation: 12 samples (client-local)[32m [repeated 141x across cluster][0m
[36m(ClientAppActor pid=58500)[0m [Client 1377] Data split:[32m [repeated 147x across cluster][0m
[36m(ClientAppActor pid=58500)[0m    Train:      87 samples (client-local)[32m [repeated 147x across cluster][0m
[36m(ClientAppActor pid=58500)[0m    Validation: 12 samples (client-local)[32m [repeated 147x across cluster][0m
[36m(ClientAppActor pid=100011)[0m 
[36m(ClientAppActor pid=98898)[0m [Client 411] Data split:[32m [repeated 150x across cluster][0m
[36m(ClientAppActor pid=98898)[0m    Train:      87 samples (client-local)[32m [repeated 150x across cluster][0m
[36m(ClientAppActor pid=98898)[0m    Validation: 12 samples (client-local)[32m [repeated 150x across cluster][0m
[36m(ClientAppActor pid=108073)[0m [Client 83] Data split:[32m [repeated 116x across cluster][0m
[36m(ClientAppActor pid=108073)[0m    Train:      87 samples (client-local)[32m [repeated 116x across cluster][0m
[36m(ClientAppActor pid=108073)[0m    Validation: 12 samples (client-local)[32m [repeated 116x across cluster][0m
[36m(ClientAppActor pid=98898)[0m [Client 1361] Data split:[32m [repeated 142x across cluster][0m
[36m(ClientAppActor pid=98898)[0m    Train:      87 samples (client-local)[32m [repeated 142x across cluster][0m
[36m(ClientAppActor pid=98898)[0m    Validation: 12 samples (client-local)[32m [repeated 142x across cluster][0m
[36m(ClientAppActor pid=100011)[0m [Client 376] Data split:[32m [repeated 141x across cluster][0m
[36m(ClientAppActor pid=100011)[0m    Train:      87 samples (client-local)[32m [repeated 141x across cluster][0m
[36m(ClientAppActor pid=100011)[0m    Validation: 12 samples (client-local)[32m [repeated 141x across cluster][0m
[36m(ClientAppActor pid=98898)[0m [Client 884] Data split:[32m [repeated 151x across cluster][0m
[36m(ClientAppActor pid=98898)[0m    Train:      87 samples (client-local)[32m [repeated 151x across cluster][0m
[36m(ClientAppActor pid=98898)[0m    Validation: 12 samples (client-local)[32m [repeated 151x across cluster][0m
[36m(ClientAppActor pid=97638)[0m [Client 1313] Data split:[32m [repeated 137x across cluster][0m
[36m(ClientAppActor pid=97638)[0m    Train:      87 samples (client-local)[32m [repeated 137x across cluster][0m
[36m(ClientAppActor pid=97638)[0m    Validation: 12 samples (client-local)[32m [repeated 137x across cluster][0m
[36m(ClientAppActor pid=100011)[0m [Client 580] Data split:[32m [repeated 139x across cluster][0m
[36m(ClientAppActor pid=100011)[0m    Train:      87 samples (client-local)[32m [repeated 139x across cluster][0m
[36m(ClientAppActor pid=100011)[0m    Validation: 12 samples (client-local)[32m [repeated 139x across cluster][0m
[36m(ClientAppActor pid=97834)[0m [Client 401] Data split:[32m [repeated 149x across cluster][0m
[36m(ClientAppActor pid=97834)[0m    Train:      87 samples (client-local)[32m [repeated 149x across cluster][0m
[36m(ClientAppActor pid=97834)[0m    Validation: 12 samples (client-local)[32m [repeated 149x across cluster][0m
[36m(ClientAppActor pid=58617)[0m [Client 946] Data split:[32m [repeated 136x across cluster][0m
[36m(ClientAppActor pid=58617)[0m    Train:      87 samples (client-local)[32m [repeated 136x across cluster][0m
[36m(ClientAppActor pid=58617)[0m    Validation: 12 samples (client-local)[32m [repeated 136x across cluster][0m
[36m(ClientAppActor pid=59018)[0m [Client 1078] Data split:[32m [repeated 151x across cluster][0m
[36m(ClientAppActor pid=59018)[0m    Train:      87 samples (client-local)[32m [repeated 151x across cluster][0m
[36m(ClientAppActor pid=59018)[0m    Validation: 12 samples (client-local)[32m [repeated 151x across cluster][0m
[36m(ClientAppActor pid=58708)[0m [Client 707] Data split:[32m [repeated 152x across cluster][0m
[36m(ClientAppActor pid=58708)[0m    Train:      87 samples (client-local)[32m [repeated 152x across cluster][0m
[36m(ClientAppActor pid=58708)[0m    Validation: 12 samples (client-local)[32m [repeated 152x across cluster][0m
[36m(ClientAppActor pid=100781)[0m [Client 1714] Data split:[32m [repeated 144x across cluster][0m
[36m(ClientAppActor pid=100781)[0m    Train:      86 samples (client-local)[32m [repeated 144x across cluster][0m
[36m(ClientAppActor pid=100781)[0m    Validation: 12 samples (client-local)[32m [repeated 144x across cluster][0m
[36m(ClientAppActor pid=108073)[0m [Client 340] Data split:[32m [repeated 140x across cluster][0m
[36m(ClientAppActor pid=108073)[0m    Train:      87 samples (client-local)[32m [repeated 140x across cluster][0m
[36m(ClientAppActor pid=108073)[0m    Validation: 12 samples (client-local)[32m [repeated 140x across cluster][0m
[36m(ClientAppActor pid=97925)[0m [Client 1356] Data split:[32m [repeated 148x across cluster][0m
[36m(ClientAppActor pid=97925)[0m    Train:      87 samples (client-local)[32m [repeated 148x across cluster][0m
[36m(ClientAppActor pid=97925)[0m    Validation: 12 samples (client-local)[32m [repeated 148x across cluster][0m
[36m(ClientAppActor pid=58852)[0m [Client 344] Data split:[32m [repeated 144x across cluster][0m
[36m(ClientAppActor pid=58852)[0m    Train:      87 samples (client-local)[32m [repeated 144x across cluster][0m
[36m(ClientAppActor pid=58852)[0m    Validation: 12 samples (client-local)[32m [repeated 144x across cluster][0m
[36m(ClientAppActor pid=58500)[0m [Client 1671] Data split:[32m [repeated 136x across cluster][0m
[36m(ClientAppActor pid=58500)[0m    Train:      86 samples (client-local)[32m [repeated 136x across cluster][0m
[36m(ClientAppActor pid=58500)[0m    Validation: 12 samples (client-local)[32m [repeated 136x across cluster][0m
⏭️  Round 24: Evaluation skipped (all n_val=0)
[36m(ClientAppActor pid=100781)[0m [Client 1996] Data split:[32m [repeated 147x across cluster][0m
[36m(ClientAppActor pid=100781)[0m    Train:      86 samples (client-local)[32m [repeated 147x across cluster][0m
[36m(ClientAppActor pid=100781)[0m    Validation: 12 samples (client-local)[32m [repeated 147x across cluster][0m
[36m(ClientAppActor pid=106270)[0m [Client 1429] Data split:[32m [repeated 121x across cluster][0m
[36m(ClientAppActor pid=106270)[0m    Train:      87 samples (client-local)[32m [repeated 121x across cluster][0m
[36m(ClientAppActor pid=106270)[0m    Validation: 12 samples (client-local)[32m [repeated 121x across cluster][0m[92mINFO [0m:      aggregate_fit: received 1638 results and 0 failures
[92mINFO [0m:      configure_evaluate: strategy sampled 2048 clients (out of 2048)
[92mINFO [0m:      aggregate_evaluate: received 2048 results and 0 failures
[92mINFO [0m:      
[92mINFO [0m:      [ROUND 26]
[92mINFO [0m:      configure_fit: strategy sampled 1638 clients (out of 2048)

[36m(ClientAppActor pid=97638)[0m [Client 556] Data split:[32m [repeated 141x across cluster][0m
[36m(ClientAppActor pid=97638)[0m    Train:      87 samples (client-local)[32m [repeated 141x across cluster][0m
[36m(ClientAppActor pid=97638)[0m    Validation: 12 samples (client-local)[32m [repeated 141x across cluster][0m
[36m(ClientAppActor pid=58852)[0m [Client 1605] Data split:[32m [repeated 139x across cluster][0m
[36m(ClientAppActor pid=58852)[0m    Train:      86 samples (client-local)[32m [repeated 139x across cluster][0m
[36m(ClientAppActor pid=58852)[0m    Validation: 12 samples (client-local)[32m [repeated 139x across cluster][0m
[36m(ClientAppActor pid=58617)[0m [Client 778] Data split:[32m [repeated 169x across cluster][0m
[36m(ClientAppActor pid=58617)[0m    Train:      87 samples (client-local)[32m [repeated 169x across cluster][0m
[36m(ClientAppActor pid=58617)[0m    Validation: 12 samples (client-local)[32m [repeated 169x across cluster][0m
[36m(ClientAppActor pid=98898)[0m [Client 563] Data split:[32m [repeated 156x across cluster][0m
[36m(ClientAppActor pid=98898)[0m    Train:      87 samples (client-local)[32m [repeated 156x across cluster][0m
[36m(ClientAppActor pid=98898)[0m    Validation: 12 samples (client-local)[32m [repeated 156x across cluster][0m
[36m(ClientAppActor pid=100120)[0m [Client 27] Data split:[32m [repeated 148x across cluster][0m
[36m(ClientAppActor pid=100120)[0m    Train:      87 samples (client-local)[32m [repeated 148x across cluster][0m
[36m(ClientAppActor pid=100120)[0m    Validation: 12 samples (client-local)[32m [repeated 148x across cluster][0m
[36m(ClientAppActor pid=106270)[0m [Client 1944] Data split:[32m [repeated 125x across cluster][0m
[36m(ClientAppActor pid=106270)[0m    Train:      86 samples (client-local)[32m [repeated 125x across cluster][0m
[36m(ClientAppActor pid=106270)[0m    Validation: 12 samples (client-local)[32m [repeated 125x across cluster][0m
[36m(ClientAppActor pid=57814)[0m [Client 916] Data split:[32m [repeated 128x across cluster][0m
[36m(ClientAppActor pid=57814)[0m    Train:      87 samples (client-local)[32m [repeated 128x across cluster][0m
[36m(ClientAppActor pid=57814)[0m    Validation: 12 samples (client-local)[32m [repeated 128x across cluster][0m
[36m(ClientAppActor pid=57689)[0m [Client 353] Data split:[32m [repeated 148x across cluster][0m
[36m(ClientAppActor pid=57689)[0m    Train:      87 samples (client-local)[32m [repeated 148x across cluster][0m
[36m(ClientAppActor pid=57689)[0m    Validation: 12 samples (client-local)[32m [repeated 148x across cluster][0m
[36m(ClientAppActor pid=97925)[0m [Client 1529] Data split:[32m [repeated 142x across cluster][0m
[36m(ClientAppActor pid=97925)[0m    Train:      86 samples (client-local)[32m [repeated 142x across cluster][0m
[36m(ClientAppActor pid=97925)[0m    Validation: 12 samples (client-local)[32m [repeated 142x across cluster][0m
[36m(ClientAppActor pid=57434)[0m [Client 16] Data split:[32m [repeated 112x across cluster][0m
[36m(ClientAppActor pid=57434)[0m    Train:      87 samples (client-local)[32m [repeated 112x across cluster][0m
[36m(ClientAppActor pid=57434)[0m    Validation: 12 samples (client-local)[32m [repeated 112x across cluster][0m
[36m(ClientAppActor pid=98898)[0m [Client 1442] Data split:[32m [repeated 137x across cluster][0m
[36m(ClientAppActor pid=98898)[0m    Train:      87 samples (client-local)[32m [repeated 137x across cluster][0m
[36m(ClientAppActor pid=98898)[0m    Validation: 12 samples (client-local)[32m [repeated 137x across cluster][0m
[36m(ClientAppActor pid=58033)[0m [Client 2018] Data split:[32m [repeated 136x across cluster][0m
[36m(ClientAppActor pid=58033)[0m    Train:      86 samples (client-local)[32m [repeated 136x across cluster][0m
[36m(ClientAppActor pid=58033)[0m    Validation: 12 samples (client-local)[32m [repeated 136x across cluster][0m
[36m(ClientAppActor pid=58033)[0m [Client 856] Data split:[32m [repeated 143x across cluster][0m
[36m(ClientAppActor pid=58033)[0m    Train:      87 samples (client-local)[32m [repeated 143x across cluster][0m
[36m(ClientAppActor pid=58033)[0m    Validation: 12 samples (client-local)[32m [repeated 143x across cluster][0m
[36m(ClientAppActor pid=98898)[0m [Client 146] Data split:[32m [repeated 140x across cluster][0m
[36m(ClientAppActor pid=98898)[0m    Train:      87 samples (client-local)[32m [repeated 140x across cluster][0m
[36m(ClientAppActor pid=98898)[0m    Validation: 12 samples (client-local)[32m [repeated 140x across cluster][0m
[36m(ClientAppActor pid=106624)[0m [Client 1303] Data split:[32m [repeated 144x across cluster][0m
[36m(ClientAppActor pid=106624)[0m    Train:      87 samples (client-local)[32m [repeated 144x across cluster][0m
[36m(ClientAppActor pid=106624)[0m    Validation: 12 samples (client-local)[32m [repeated 144x across cluster][0m
[36m(ClientAppActor pid=58023)[0m [Client 863] Data split:[32m [repeated 147x across cluster][0m
[36m(ClientAppActor pid=58023)[0m    Train:      87 samples (client-local)[32m [repeated 147x across cluster][0m
[36m(ClientAppActor pid=58023)[0m    Validation: 12 samples (client-local)[32m [repeated 147x across cluster][0m
[36m(ClientAppActor pid=58617)[0m [Client 433] Data split:[32m [repeated 136x across cluster][0m
[36m(ClientAppActor pid=58617)[0m    Train:      87 samples (client-local)[32m [repeated 136x across cluster][0m
[36m(ClientAppActor pid=58617)[0m    Validation: 12 samples (client-local)[32m [repeated 136x across cluster][0m
[36m(ClientAppActor pid=58852)[0m [Client 1392] Data split:[32m [repeated 150x across cluster][0m
[36m(ClientAppActor pid=58852)[0m    Train:      87 samples (client-local)[32m [repeated 150x across cluster][0m
[36m(ClientAppActor pid=58852)[0m    Validation: 12 samples (client-local)[32m [repeated 150x across cluster][0m
[36m(ClientAppActor pid=58911)[0m [Client 1835] Data split:[32m [repeated 137x across cluster][0m
[36m(ClientAppActor pid=58911)[0m    Train:      86 samples (client-local)[32m [repeated 137x across cluster][0m
[36m(ClientAppActor pid=58911)[0m    Validation: 12 samples (client-local)[32m [repeated 137x across cluster][0m
[36m(ClientAppActor pid=59339)[0m [Client 1389] Data split:[32m [repeated 135x across cluster][0m
[36m(ClientAppActor pid=59339)[0m    Train:      87 samples (client-local)[32m [repeated 135x across cluster][0m
[36m(ClientAppActor pid=59339)[0m    Validation: 12 samples (client-local)[32m [repeated 135x across cluster][0m
[36m(ClientAppActor pid=100060)[0m [Client 1571] Data split:[32m [repeated 146x across cluster][0m
[36m(ClientAppActor pid=100060)[0m    Train:      86 samples (client-local)[32m [repeated 146x across cluster][0m
[36m(ClientAppActor pid=100060)[0m    Validation: 12 samples (client-local)[32m [repeated 146x across cluster][0m
[36m(ClientAppActor pid=97834)[0m [Client 417] Data split:[32m [repeated 141x across cluster][0m
[36m(ClientAppActor pid=97834)[0m    Train:      87 samples (client-local)[32m [repeated 141x across cluster][0m
[36m(ClientAppActor pid=97834)[0m    Validation: 12 samples (client-local)[32m [repeated 141x across cluster][0m
[36m(ClientAppActor pid=100120)[0m [Client 1075] Data split:[32m [repeated 138x across cluster][0m
[36m(ClientAppActor pid=100120)[0m    Train:      87 samples (client-local)[32m [repeated 138x across cluster][0m
[36m(ClientAppActor pid=100120)[0m    Validation: 12 samples (client-local)[32m [repeated 138x across cluster][0m
[36m(ClientAppActor pid=98898)[0m [Client 1237] Data split:[32m [repeated 143x across cluster][0m
[36m(ClientAppActor pid=98898)[0m    Train:      87 samples (client-local)[32m [repeated 143x across cluster][0m
[36m(ClientAppActor pid=98898)[0m    Validation: 12 samples (client-local)[32m [repeated 143x across cluster][0m
⏭️  Round 25: Evaluation skipped (all n_val=0)
[36m(ClientAppActor pid=99190)[0m [Client 328] Data split:[32m [repeated 107x across cluster][0m[92mINFO [0m:      aggregate_fit: received 1638 results and 0 failures
[92mINFO [0m:      configure_evaluate: strategy sampled 2048 clients (out of 2048)

[36m(ClientAppActor pid=99190)[0m    Train:      87 samples (client-local)[32m [repeated 107x across cluster][0m
[36m(ClientAppActor pid=99190)[0m    Validation: 12 samples (client-local)[32m [repeated 107x across cluster][0m
[36m(ClientAppActor pid=59339)[0m [Client 129] Data split:[32m [repeated 136x across cluster][0m
[36m(ClientAppActor pid=59339)[0m    Train:      87 samples (client-local)[32m [repeated 136x across cluster][0m
[36m(ClientAppActor pid=59339)[0m    Validation: 12 samples (client-local)[32m [repeated 136x across cluster][0m
[36m(ClientAppActor pid=97925)[0m [Client 1929] Data split:[32m [repeated 140x across cluster][0m
[36m(ClientAppActor pid=97925)[0m    Train:      86 samples (client-local)[32m [repeated 140x across cluster][0m
[36m(ClientAppActor pid=97925)[0m    Validation: 12 samples (client-local)[32m [repeated 140x across cluster][0m
[36m(ClientAppActor pid=58033)[0m [Client 1920] Data split:[32m [repeated 137x across cluster][0m
[36m(ClientAppActor pid=58033)[0m    Train:      86 samples (client-local)[32m [repeated 137x across cluster][0m
[36m(ClientAppActor pid=58033)[0m    Validation: 12 samples (client-local)[32m [repeated 137x across cluster][0m
[36m(ClientAppActor pid=59339)[0m [Client 711] Data split:[32m [repeated 141x across cluster][0m
[36m(ClientAppActor pid=59339)[0m    Train:      87 samples (client-local)[32m [repeated 141x across cluster][0m
[36m(ClientAppActor pid=59339)[0m    Validation: 12 samples (client-local)[32m [repeated 141x across cluster][0m
[36m(ClientAppActor pid=106270)[0m [Client 299] Data split:[32m [repeated 140x across cluster][0m
[36m(ClientAppActor pid=106270)[0m    Train:      87 samples (client-local)[32m [repeated 140x across cluster][0m
[36m(ClientAppActor pid=106270)[0m    Validation: 12 samples (client-local)[32m [repeated 140x across cluster][0m
[36m(ClientAppActor pid=58006)[0m [Client 168] Data split:[32m [repeated 138x across cluster][0m
[36m(ClientAppActor pid=58006)[0m    Train:      87 samples (client-local)[32m [repeated 138x across cluster][0m
[36m(ClientAppActor pid=58006)[0m    Validation: 12 samples (client-local)[32m [repeated 138x across cluster][0m
[36m(ClientAppActor pid=57434)[0m 
[36m(ClientAppActor pid=57434)[0m 
[36m(ClientAppActor pid=58852)[0m [Client 567] Data split:[32m [repeated 143x across cluster][0m
[36m(ClientAppActor pid=58852)[0m    Train:      87 samples (client-local)[32m [repeated 143x across cluster][0m
[36m(ClientAppActor pid=58852)[0m    Validation: 12 samples (client-local)[32m [repeated 143x across cluster][0m
[36m(ClientAppActor pid=59339)[0m [Client 222] Data split:[32m [repeated 135x across cluster][0m
[36m(ClientAppActor pid=59339)[0m    Train:      87 samples (client-local)[32m [repeated 135x across cluster][0m
[36m(ClientAppActor pid=59339)[0m    Validation: 12 samples (client-local)[32m [repeated 135x across cluster][0m
[36m(ClientAppActor pid=98898)[0m [Client 289] Data split:[32m [repeated 138x across cluster][0m
[36m(ClientAppActor pid=98898)[0m    Train:      87 samples (client-local)[32m [repeated 138x across cluster][0m
[36m(ClientAppActor pid=98898)[0m    Validation: 12 samples (client-local)[32m [repeated 138x across cluster][0m
[36m(ClientAppActor pid=58852)[0m [Client 116] Data split:[32m [repeated 140x across cluster][0m
[36m(ClientAppActor pid=58852)[0m    Train:      87 samples (client-local)[32m [repeated 140x across cluster][0m
[36m(ClientAppActor pid=58852)[0m    Validation: 12 samples (client-local)[32m [repeated 140x across cluster][0m
[36m(ClientAppActor pid=58617)[0m [Client 124] Data split:[32m [repeated 144x across cluster][0m
[36m(ClientAppActor pid=58617)[0m    Train:      87 samples (client-local)[32m [repeated 144x across cluster][0m
[36m(ClientAppActor pid=58617)[0m    Validation: 12 samples (client-local)[32m [repeated 144x across cluster][0m
[36m(ClientAppActor pid=98898)[0m [Client 1601] Data split:[32m [repeated 108x across cluster][0m
[36m(ClientAppActor pid=98898)[0m    Train:      86 samples (client-local)[32m [repeated 108x across cluster][0m
[36m(ClientAppActor pid=98898)[0m    Validation: 12 samples (client-local)[32m [repeated 108x across cluster][0m
[36m(ClientAppActor pid=98898)[0m [Client 1894] Data split:[32m [repeated 150x across cluster][0m
[36m(ClientAppActor pid=98898)[0m    Train:      86 samples (client-local)[32m [repeated 150x across cluster][0m
[36m(ClientAppActor pid=98898)[0m    Validation: 12 samples (client-local)[32m [repeated 150x across cluster][0m
[36m(ClientAppActor pid=100011)[0m [Client 284] Data split:[32m [repeated 148x across cluster][0m
[36m(ClientAppActor pid=100011)[0m    Train:      87 samples (client-local)[32m [repeated 148x across cluster][0m
[36m(ClientAppActor pid=100011)[0m    Validation: 12 samples (client-local)[32m [repeated 148x across cluster][0m
[36m(ClientAppActor pid=106270)[0m [Client 286] Data split:[32m [repeated 147x across cluster][0m
[36m(ClientAppActor pid=106270)[0m    Train:      87 samples (client-local)[32m [repeated 147x across cluster][0m
[36m(ClientAppActor pid=106270)[0m    Validation: 12 samples (client-local)[32m [repeated 147x across cluster][0m
[36m(ClientAppActor pid=100781)[0m [Client 238] Data split:[32m [repeated 139x across cluster][0m
[36m(ClientAppActor pid=100781)[0m    Train:      87 samples (client-local)[32m [repeated 139x across cluster][0m
[36m(ClientAppActor pid=100781)[0m    Validation: 12 samples (client-local)[32m [repeated 139x across cluster][0m
[36m(ClientAppActor pid=59339)[0m [Client 243] Data split:[32m [repeated 142x across cluster][0m
[36m(ClientAppActor pid=59339)[0m    Train:      87 samples (client-local)[32m [repeated 142x across cluster][0m
[36m(ClientAppActor pid=59339)[0m    Validation: 12 samples (client-local)[32m [repeated 142x across cluster][0m
[36m(ClientAppActor pid=106270)[0m [Client 311] Data split:[32m [repeated 139x across cluster][0m
[36m(ClientAppActor pid=106270)[0m    Train:      87 samples (client-local)[32m [repeated 139x across cluster][0m
[36m(ClientAppActor pid=106270)[0m    Validation: 12 samples (client-local)[32m [repeated 139x across cluster][0m
[36m(ClientAppActor pid=99221)[0m [Client 205] Data split:[32m [repeated 146x across cluster][0m
[36m(ClientAppActor pid=99221)[0m    Train:      87 samples (client-local)[32m [repeated 146x across cluster][0m
[36m(ClientAppActor pid=99221)[0m    Validation: 12 samples (client-local)[32m [repeated 146x across cluster][0m
[36m(ClientAppActor pid=58911)[0m [Client 213] Data split:[32m [repeated 143x across cluster][0m
[36m(ClientAppActor pid=58911)[0m    Train:      87 samples (client-local)[32m [repeated 143x across cluster][0m
[36m(ClientAppActor pid=58911)[0m    Validation: 12 samples (client-local)[32m [repeated 143x across cluster][0m
[36m(ClientAppActor pid=106624)[0m [Client 1150] Data split:[32m [repeated 145x across cluster][0m
[36m(ClientAppActor pid=106624)[0m    Train:      87 samples (client-local)[32m [repeated 145x across cluster][0m
[36m(ClientAppActor pid=106624)[0m    Validation: 12 samples (client-local)[32m [repeated 145x across cluster][0m
[36m(ClientAppActor pid=106624)[0m [Client 47] Data split:[32m [repeated 135x across cluster][0m
[36m(ClientAppActor pid=106624)[0m    Train:      87 samples (client-local)[32m [repeated 135x across cluster][0m
[36m(ClientAppActor pid=106624)[0m    Validation: 12 samples (client-local)[32m [repeated 135x across cluster][0m
[36m(ClientAppActor pid=97638)[0m [Client 14] Data split:[32m [repeated 143x across cluster][0m
[36m(ClientAppActor pid=97638)[0m    Train:      87 samples (client-local)[32m [repeated 143x across cluster][0m
[36m(ClientAppActor pid=97638)[0m    Validation: 12 samples (client-local)[32m [repeated 143x across cluster][0m
[36m(ClientAppActor pid=99221)[0m [Client 2033] Data split:[32m [repeated 139x across cluster][0m
[36m(ClientAppActor pid=99221)[0m    Train:      86 samples (client-local)[32m [repeated 139x across cluster][0m[92mINFO [0m:      aggregate_evaluate: received 2048 results and 0 failures
[92mINFO [0m:      
[92mINFO [0m:      [ROUND 27]
[92mINFO [0m:      configure_fit: strategy sampled 1638 clients (out of 2048)
[92mINFO [0m:      aggregate_fit: received 1638 results and 0 failures
[92mINFO [0m:      configure_evaluate: strategy sampled 2048 clients (out of 2048)

[36m(ClientAppActor pid=99221)[0m    Validation: 12 samples (client-local)[32m [repeated 139x across cluster][0m
[36m(ClientAppActor pid=59339)[0m [Client 355] Data split:[32m [repeated 138x across cluster][0m
[36m(ClientAppActor pid=59339)[0m    Train:      87 samples (client-local)[32m [repeated 138x across cluster][0m
[36m(ClientAppActor pid=59339)[0m    Validation: 12 samples (client-local)[32m [repeated 138x across cluster][0m
[36m(ClientAppActor pid=98100)[0m [Client 684] Data split:[32m [repeated 142x across cluster][0m
[36m(ClientAppActor pid=98100)[0m    Train:      87 samples (client-local)[32m [repeated 142x across cluster][0m
[36m(ClientAppActor pid=98100)[0m    Validation: 12 samples (client-local)[32m [repeated 142x across cluster][0m
⏭️  Round 26: Evaluation skipped (all n_val=0)
[36m(ClientAppActor pid=58911)[0m [Client 700] Data split:[32m [repeated 125x across cluster][0m
[36m(ClientAppActor pid=58911)[0m    Train:      87 samples (client-local)[32m [repeated 125x across cluster][0m
[36m(ClientAppActor pid=58911)[0m    Validation: 12 samples (client-local)[32m [repeated 125x across cluster][0m
[36m(ClientAppActor pid=106270)[0m [Client 1528] Data split:[32m [repeated 140x across cluster][0m
[36m(ClientAppActor pid=106270)[0m    Train:      86 samples (client-local)[32m [repeated 140x across cluster][0m
[36m(ClientAppActor pid=106270)[0m    Validation: 12 samples (client-local)[32m [repeated 140x across cluster][0m
[36m(ClientAppActor pid=100781)[0m [Client 120] Data split:[32m [repeated 162x across cluster][0m
[36m(ClientAppActor pid=100781)[0m    Train:      87 samples (client-local)[32m [repeated 162x across cluster][0m
[36m(ClientAppActor pid=100781)[0m    Validation: 12 samples (client-local)[32m [repeated 162x across cluster][0m
[36m(ClientAppActor pid=100120)[0m [Client 21] Data split:[32m [repeated 160x across cluster][0m
[36m(ClientAppActor pid=100120)[0m    Train:      87 samples (client-local)[32m [repeated 160x across cluster][0m
[36m(ClientAppActor pid=100120)[0m    Validation: 12 samples (client-local)[32m [repeated 160x across cluster][0m
[36m(ClientAppActor pid=98898)[0m [Client 1640] Data split:[32m [repeated 150x across cluster][0m
[36m(ClientAppActor pid=98898)[0m    Train:      86 samples (client-local)[32m [repeated 150x across cluster][0m
[36m(ClientAppActor pid=98898)[0m    Validation: 12 samples (client-local)[32m [repeated 150x across cluster][0m
[36m(ClientAppActor pid=57636)[0m [Client 1476] Data split:[32m [repeated 147x across cluster][0m
[36m(ClientAppActor pid=57636)[0m    Train:      86 samples (client-local)[32m [repeated 147x across cluster][0m
[36m(ClientAppActor pid=57636)[0m    Validation: 12 samples (client-local)[32m [repeated 147x across cluster][0m
[36m(ClientAppActor pid=58006)[0m [Client 675] Data split:[32m [repeated 143x across cluster][0m
[36m(ClientAppActor pid=58006)[0m    Train:      87 samples (client-local)[32m [repeated 143x across cluster][0m
[36m(ClientAppActor pid=58006)[0m    Validation: 12 samples (client-local)[32m [repeated 143x across cluster][0m
[36m(ClientAppActor pid=99190)[0m [Client 651] Data split:[32m [repeated 141x across cluster][0m
[36m(ClientAppActor pid=99190)[0m    Train:      87 samples (client-local)[32m [repeated 141x across cluster][0m
[36m(ClientAppActor pid=99190)[0m    Validation: 12 samples (client-local)[32m [repeated 141x across cluster][0m
[36m(ClientAppActor pid=57689)[0m [Client 1625] Data split:[32m [repeated 146x across cluster][0m
[36m(ClientAppActor pid=57689)[0m    Train:      86 samples (client-local)[32m [repeated 146x across cluster][0m
[36m(ClientAppActor pid=57689)[0m    Validation: 12 samples (client-local)[32m [repeated 146x across cluster][0m
[36m(ClientAppActor pid=100011)[0m [Client 584] Data split:[32m [repeated 145x across cluster][0m
[36m(ClientAppActor pid=100011)[0m    Train:      87 samples (client-local)[32m [repeated 145x across cluster][0m
[36m(ClientAppActor pid=100011)[0m    Validation: 12 samples (client-local)[32m [repeated 145x across cluster][0m
[36m(ClientAppActor pid=58033)[0m [Client 887] Data split:[32m [repeated 136x across cluster][0m
[36m(ClientAppActor pid=58033)[0m    Train:      87 samples (client-local)[32m [repeated 136x across cluster][0m
[36m(ClientAppActor pid=58033)[0m    Validation: 12 samples (client-local)[32m [repeated 136x across cluster][0m
[36m(ClientAppActor pid=106624)[0m [Client 1287] Data split:[32m [repeated 108x across cluster][0m
[36m(ClientAppActor pid=106624)[0m    Train:      87 samples (client-local)[32m [repeated 108x across cluster][0m
[36m(ClientAppActor pid=106624)[0m    Validation: 12 samples (client-local)[32m [repeated 108x across cluster][0m
[36m(ClientAppActor pid=58852)[0m [Client 1684] Data split:[32m [repeated 136x across cluster][0m
[36m(ClientAppActor pid=58852)[0m    Train:      86 samples (client-local)[32m [repeated 136x across cluster][0m
[36m(ClientAppActor pid=58852)[0m    Validation: 12 samples (client-local)[32m [repeated 136x across cluster][0m
[36m(ClientAppActor pid=97638)[0m [Client 60] Data split:[32m [repeated 152x across cluster][0m
[36m(ClientAppActor pid=97638)[0m    Train:      87 samples (client-local)[32m [repeated 152x across cluster][0m
[36m(ClientAppActor pid=97638)[0m    Validation: 12 samples (client-local)[32m [repeated 152x across cluster][0m
[36m(ClientAppActor pid=58023)[0m [Client 1796] Data split:[32m [repeated 137x across cluster][0m
[36m(ClientAppActor pid=58023)[0m    Train:      86 samples (client-local)[32m [repeated 137x across cluster][0m
[36m(ClientAppActor pid=58023)[0m    Validation: 12 samples (client-local)[32m [repeated 137x across cluster][0m
[36m(ClientAppActor pid=98898)[0m [Client 56] Data split:[32m [repeated 134x across cluster][0m
[36m(ClientAppActor pid=98898)[0m    Train:      87 samples (client-local)[32m [repeated 134x across cluster][0m
[36m(ClientAppActor pid=98898)[0m    Validation: 12 samples (client-local)[32m [repeated 134x across cluster][0m
[36m(ClientAppActor pid=99221)[0m [Client 1266] Data split:[32m [repeated 152x across cluster][0m
[36m(ClientAppActor pid=99221)[0m    Train:      87 samples (client-local)[32m [repeated 152x across cluster][0m
[36m(ClientAppActor pid=99221)[0m    Validation: 12 samples (client-local)[32m [repeated 152x across cluster][0m
[36m(ClientAppActor pid=98898)[0m [Client 1849] Data split:[32m [repeated 137x across cluster][0m
[36m(ClientAppActor pid=98898)[0m    Train:      86 samples (client-local)[32m [repeated 137x across cluster][0m
[36m(ClientAppActor pid=98898)[0m    Validation: 12 samples (client-local)[32m [repeated 137x across cluster][0m
[36m(ClientAppActor pid=106624)[0m [Client 1014] Data split:[32m [repeated 131x across cluster][0m
[36m(ClientAppActor pid=106624)[0m    Train:      87 samples (client-local)[32m [repeated 131x across cluster][0m
[36m(ClientAppActor pid=106624)[0m    Validation: 12 samples (client-local)[32m [repeated 131x across cluster][0m
[36m(ClientAppActor pid=58852)[0m [Client 10] Data split:[32m [repeated 129x across cluster][0m
[36m(ClientAppActor pid=58852)[0m    Train:      87 samples (client-local)[32m [repeated 129x across cluster][0m
[36m(ClientAppActor pid=58852)[0m    Validation: 12 samples (client-local)[32m [repeated 129x across cluster][0m
[36m(ClientAppActor pid=59339)[0m [Client 2003] Data split:[32m [repeated 141x across cluster][0m
[36m(ClientAppActor pid=59339)[0m    Train:      86 samples (client-local)[32m [repeated 141x across cluster][0m
[36m(ClientAppActor pid=59339)[0m    Validation: 12 samples (client-local)[32m [repeated 141x across cluster][0m
[36m(ClientAppActor pid=99221)[0m [Client 136] Data split:[32m [repeated 141x across cluster][0m
[36m(ClientAppActor pid=99221)[0m    Train:      87 samples (client-local)[32m [repeated 141x across cluster][0m
[36m(ClientAppActor pid=99221)[0m    Validation: 12 samples (client-local)[32m [repeated 141x across cluster][0m[92mINFO [0m:      aggregate_evaluate: received 2048 results and 0 failures
[92mINFO [0m:      
[92mINFO [0m:      [ROUND 28]
[92mINFO [0m:      configure_fit: strategy sampled 1638 clients (out of 2048)
[92mINFO [0m:      aggregate_fit: received 1638 results and 0 failures
[92mINFO [0m:      configure_evaluate: strategy sampled 2048 clients (out of 2048)

[36m(ClientAppActor pid=58617)[0m [Client 1021] Data split:[32m [repeated 144x across cluster][0m
[36m(ClientAppActor pid=58617)[0m    Train:      87 samples (client-local)[32m [repeated 144x across cluster][0m
[36m(ClientAppActor pid=58617)[0m    Validation: 12 samples (client-local)[32m [repeated 144x across cluster][0m
[36m(ClientAppActor pid=58171)[0m [Client 1860] Data split:[32m [repeated 161x across cluster][0m
[36m(ClientAppActor pid=58171)[0m    Train:      86 samples (client-local)[32m [repeated 161x across cluster][0m
[36m(ClientAppActor pid=58171)[0m    Validation: 12 samples (client-local)[32m [repeated 161x across cluster][0m
[36m(ClientAppActor pid=58617)[0m [Client 575] Data split:[32m [repeated 142x across cluster][0m
[36m(ClientAppActor pid=58617)[0m    Train:      87 samples (client-local)[32m [repeated 142x across cluster][0m
[36m(ClientAppActor pid=58617)[0m    Validation: 12 samples (client-local)[32m [repeated 142x across cluster][0m
[36m(ClientAppActor pid=58852)[0m [Client 912] Data split:[32m [repeated 135x across cluster][0m
[36m(ClientAppActor pid=58852)[0m    Train:      87 samples (client-local)[32m [repeated 135x across cluster][0m
[36m(ClientAppActor pid=58852)[0m    Validation: 12 samples (client-local)[32m [repeated 135x across cluster][0m
⏭️  Round 27: Evaluation skipped (all n_val=0)
[36m(ClientAppActor pid=99221)[0m [Client 980] Data split:[32m [repeated 142x across cluster][0m
[36m(ClientAppActor pid=99221)[0m    Train:      87 samples (client-local)[32m [repeated 142x across cluster][0m
[36m(ClientAppActor pid=99221)[0m    Validation: 12 samples (client-local)[32m [repeated 142x across cluster][0m
[36m(ClientAppActor pid=100060)[0m [Client 431] Data split:[32m [repeated 139x across cluster][0m
[36m(ClientAppActor pid=100060)[0m    Train:      87 samples (client-local)[32m [repeated 139x across cluster][0m
[36m(ClientAppActor pid=100060)[0m    Validation: 12 samples (client-local)[32m [repeated 139x across cluster][0m
[36m(ClientAppActor pid=98898)[0m [Client 1996] Data split:[32m [repeated 136x across cluster][0m
[36m(ClientAppActor pid=98898)[0m    Train:      86 samples (client-local)[32m [repeated 136x across cluster][0m
[36m(ClientAppActor pid=98898)[0m    Validation: 12 samples (client-local)[32m [repeated 136x across cluster][0m
[36m(ClientAppActor pid=58006)[0m 
[36m(ClientAppActor pid=59018)[0m [Client 799] Data split:[32m [repeated 144x across cluster][0m
[36m(ClientAppActor pid=59018)[0m    Train:      87 samples (client-local)[32m [repeated 144x across cluster][0m
[36m(ClientAppActor pid=59018)[0m    Validation: 12 samples (client-local)[32m [repeated 144x across cluster][0m
[36m(ClientAppActor pid=58500)[0m [Client 1614] Data split:[32m [repeated 146x across cluster][0m
[36m(ClientAppActor pid=58500)[0m    Train:      86 samples (client-local)[32m [repeated 146x across cluster][0m
[36m(ClientAppActor pid=58500)[0m    Validation: 12 samples (client-local)[32m [repeated 146x across cluster][0m
[36m(ClientAppActor pid=58708)[0m [Client 1] Data split:[32m [repeated 147x across cluster][0m
[36m(ClientAppActor pid=58708)[0m    Train:      87 samples (client-local)[32m [repeated 147x across cluster][0m
[36m(ClientAppActor pid=58708)[0m    Validation: 12 samples (client-local)[32m [repeated 147x across cluster][0m
[36m(ClientAppActor pid=99221)[0m [Client 1302] Data split:[32m [repeated 143x across cluster][0m
[36m(ClientAppActor pid=99221)[0m    Train:      87 samples (client-local)[32m [repeated 143x across cluster][0m
[36m(ClientAppActor pid=99221)[0m    Validation: 12 samples (client-local)[32m [repeated 143x across cluster][0m
[36m(ClientAppActor pid=58911)[0m [Client 374] Data split:[32m [repeated 146x across cluster][0m
[36m(ClientAppActor pid=58911)[0m    Train:      87 samples (client-local)[32m [repeated 146x across cluster][0m
[36m(ClientAppActor pid=58911)[0m    Validation: 12 samples (client-local)[32m [repeated 146x across cluster][0m
[36m(ClientAppActor pid=98100)[0m [Client 550] Data split:[32m [repeated 128x across cluster][0m
[36m(ClientAppActor pid=98100)[0m    Train:      87 samples (client-local)[32m [repeated 128x across cluster][0m
[36m(ClientAppActor pid=98100)[0m    Validation: 12 samples (client-local)[32m [repeated 128x across cluster][0m
[36m(ClientAppActor pid=58500)[0m [Client 2041] Data split:[32m [repeated 131x across cluster][0m
[36m(ClientAppActor pid=58500)[0m    Train:      86 samples (client-local)[32m [repeated 131x across cluster][0m
[36m(ClientAppActor pid=58500)[0m    Validation: 12 samples (client-local)[32m [repeated 131x across cluster][0m
[36m(ClientAppActor pid=98898)[0m [Client 1732] Data split:[32m [repeated 170x across cluster][0m
[36m(ClientAppActor pid=98898)[0m    Train:      86 samples (client-local)[32m [repeated 170x across cluster][0m
[36m(ClientAppActor pid=98898)[0m    Validation: 12 samples (client-local)[32m [repeated 170x across cluster][0m
[36m(ClientAppActor pid=97834)[0m [Client 1320] Data split:[32m [repeated 95x across cluster][0m
[36m(ClientAppActor pid=97834)[0m    Train:      87 samples (client-local)[32m [repeated 95x across cluster][0m
[36m(ClientAppActor pid=97834)[0m    Validation: 12 samples (client-local)[32m [repeated 95x across cluster][0m
[36m(ClientAppActor pid=58617)[0m [Client 542] Data split:[32m [repeated 141x across cluster][0m
[36m(ClientAppActor pid=58617)[0m    Train:      87 samples (client-local)[32m [repeated 141x across cluster][0m
[36m(ClientAppActor pid=58617)[0m    Validation: 12 samples (client-local)[32m [repeated 141x across cluster][0m
[36m(ClientAppActor pid=57814)[0m [Client 88] Data split:[32m [repeated 151x across cluster][0m
[36m(ClientAppActor pid=57814)[0m    Train:      87 samples (client-local)[32m [repeated 151x across cluster][0m
[36m(ClientAppActor pid=57814)[0m    Validation: 12 samples (client-local)[32m [repeated 151x across cluster][0m
[36m(ClientAppActor pid=106624)[0m [Client 957] Data split:[32m [repeated 142x across cluster][0m
[36m(ClientAppActor pid=106624)[0m    Train:      87 samples (client-local)[32m [repeated 142x across cluster][0m
[36m(ClientAppActor pid=106624)[0m    Validation: 12 samples (client-local)[32m [repeated 142x across cluster][0m
[36m(ClientAppActor pid=106307)[0m [Client 38] Data split:[32m [repeated 148x across cluster][0m
[36m(ClientAppActor pid=106307)[0m    Train:      87 samples (client-local)[32m [repeated 148x across cluster][0m
[36m(ClientAppActor pid=106307)[0m    Validation: 12 samples (client-local)[32m [repeated 148x across cluster][0m
[36m(ClientAppActor pid=106270)[0m [Client 1196] Data split:[32m [repeated 142x across cluster][0m
[36m(ClientAppActor pid=106270)[0m    Train:      87 samples (client-local)[32m [repeated 142x across cluster][0m
[36m(ClientAppActor pid=106270)[0m    Validation: 12 samples (client-local)[32m [repeated 142x across cluster][0m
[36m(ClientAppActor pid=59339)[0m [Client 176] Data split:[32m [repeated 148x across cluster][0m
[36m(ClientAppActor pid=59339)[0m    Train:      87 samples (client-local)[32m [repeated 148x across cluster][0m
[36m(ClientAppActor pid=59339)[0m    Validation: 12 samples (client-local)[32m [repeated 148x across cluster][0m
[36m(ClientAppActor pid=58023)[0m [Client 1980] Data split:[32m [repeated 142x across cluster][0m
[36m(ClientAppActor pid=58023)[0m    Train:      86 samples (client-local)[32m [repeated 142x across cluster][0m
[36m(ClientAppActor pid=58023)[0m    Validation: 12 samples (client-local)[32m [repeated 142x across cluster][0m
[36m(ClientAppActor pid=100011)[0m [Client 354] Data split:[32m [repeated 143x across cluster][0m
[36m(ClientAppActor pid=100011)[0m    Train:      87 samples (client-local)[32m [repeated 143x across cluster][0m
[36m(ClientAppActor pid=100011)[0m    Validation: 12 samples (client-local)[32m [repeated 143x across cluster][0m
[36m(ClientAppActor pid=58617)[0m [Client 52] Data split:[32m [repeated 144x across cluster][0m[92mINFO [0m:      aggregate_evaluate: received 2048 results and 0 failures
[92mINFO [0m:      
[92mINFO [0m:      [ROUND 29]
[92mINFO [0m:      configure_fit: strategy sampled 1638 clients (out of 2048)
[92mINFO [0m:      aggregate_fit: received 1638 results and 0 failures
[92mINFO [0m:      configure_evaluate: strategy sampled 2048 clients (out of 2048)

[36m(ClientAppActor pid=58617)[0m    Train:      87 samples (client-local)[32m [repeated 144x across cluster][0m
[36m(ClientAppActor pid=58617)[0m    Validation: 12 samples (client-local)[32m [repeated 144x across cluster][0m
[36m(ClientAppActor pid=99221)[0m [Client 645] Data split:[32m [repeated 146x across cluster][0m
[36m(ClientAppActor pid=99221)[0m    Train:      87 samples (client-local)[32m [repeated 146x across cluster][0m
[36m(ClientAppActor pid=99221)[0m    Validation: 12 samples (client-local)[32m [repeated 146x across cluster][0m
[36m(ClientAppActor pid=98898)[0m [Client 2026] Data split:[32m [repeated 150x across cluster][0m
[36m(ClientAppActor pid=98898)[0m    Train:      86 samples (client-local)[32m [repeated 150x across cluster][0m
[36m(ClientAppActor pid=98898)[0m    Validation: 12 samples (client-local)[32m [repeated 150x across cluster][0m
[36m(ClientAppActor pid=59339)[0m [Client 1337] Data split:[32m [repeated 133x across cluster][0m
[36m(ClientAppActor pid=59339)[0m    Train:      87 samples (client-local)[32m [repeated 133x across cluster][0m
[36m(ClientAppActor pid=59339)[0m    Validation: 12 samples (client-local)[32m [repeated 133x across cluster][0m
[36m(ClientAppActor pid=100781)[0m [Client 1929] Data split:[32m [repeated 139x across cluster][0m
[36m(ClientAppActor pid=100781)[0m    Train:      86 samples (client-local)[32m [repeated 139x across cluster][0m
[36m(ClientAppActor pid=100781)[0m    Validation: 12 samples (client-local)[32m [repeated 139x across cluster][0m
[36m(ClientAppActor pid=58006)[0m [Client 1195] Data split:[32m [repeated 143x across cluster][0m
[36m(ClientAppActor pid=58006)[0m    Train:      87 samples (client-local)[32m [repeated 143x across cluster][0m
[36m(ClientAppActor pid=58006)[0m    Validation: 12 samples (client-local)[32m [repeated 143x across cluster][0m
⏭️  Round 28: Evaluation skipped (all n_val=0)
[36m(ClientAppActor pid=98898)[0m [Client 398] Data split:[32m [repeated 137x across cluster][0m
[36m(ClientAppActor pid=98898)[0m    Train:      87 samples (client-local)[32m [repeated 137x across cluster][0m
[36m(ClientAppActor pid=98898)[0m    Validation: 12 samples (client-local)[32m [repeated 137x across cluster][0m
[36m(ClientAppActor pid=108073)[0m [Client 475] Data split:[32m [repeated 154x across cluster][0m
[36m(ClientAppActor pid=108073)[0m    Train:      87 samples (client-local)[32m [repeated 154x across cluster][0m
[36m(ClientAppActor pid=108073)[0m    Validation: 12 samples (client-local)[32m [repeated 154x across cluster][0m
[36m(ClientAppActor pid=108073)[0m [Client 201] Data split:[32m [repeated 149x across cluster][0m
[36m(ClientAppActor pid=108073)[0m    Train:      87 samples (client-local)[32m [repeated 149x across cluster][0m
[36m(ClientAppActor pid=108073)[0m    Validation: 12 samples (client-local)[32m [repeated 149x across cluster][0m
[36m(ClientAppActor pid=98100)[0m [Client 853] Data split:[32m [repeated 156x across cluster][0m
[36m(ClientAppActor pid=98100)[0m    Train:      87 samples (client-local)[32m [repeated 156x across cluster][0m
[36m(ClientAppActor pid=98100)[0m    Validation: 12 samples (client-local)[32m [repeated 156x across cluster][0m
[36m(ClientAppActor pid=98898)[0m [Client 874] Data split:[32m [repeated 143x across cluster][0m
[36m(ClientAppActor pid=98898)[0m    Train:      87 samples (client-local)[32m [repeated 143x across cluster][0m
[36m(ClientAppActor pid=98898)[0m    Validation: 12 samples (client-local)[32m [repeated 143x across cluster][0m
[36m(ClientAppActor pid=58617)[0m [Client 1924] Data split:[32m [repeated 144x across cluster][0m
[36m(ClientAppActor pid=58617)[0m    Train:      86 samples (client-local)[32m [repeated 144x across cluster][0m
[36m(ClientAppActor pid=58617)[0m    Validation: 12 samples (client-local)[32m [repeated 144x across cluster][0m
[36m(ClientAppActor pid=57636)[0m [Client 1613] Data split:[32m [repeated 136x across cluster][0m
[36m(ClientAppActor pid=57636)[0m    Train:      86 samples (client-local)[32m [repeated 136x across cluster][0m
[36m(ClientAppActor pid=57636)[0m    Validation: 12 samples (client-local)[32m [repeated 136x across cluster][0m
[36m(ClientAppActor pid=106624)[0m [Client 679] Data split:[32m [repeated 126x across cluster][0m
[36m(ClientAppActor pid=106624)[0m    Train:      87 samples (client-local)[32m [repeated 126x across cluster][0m
[36m(ClientAppActor pid=106624)[0m    Validation: 12 samples (client-local)[32m [repeated 126x across cluster][0m
[36m(ClientAppActor pid=58852)[0m [Client 15] Data split:[32m [repeated 142x across cluster][0m
[36m(ClientAppActor pid=58852)[0m    Train:      87 samples (client-local)[32m [repeated 142x across cluster][0m
[36m(ClientAppActor pid=58852)[0m    Validation: 12 samples (client-local)[32m [repeated 142x across cluster][0m
[36m(ClientAppActor pid=108073)[0m [Client 1339] Data split:[32m [repeated 140x across cluster][0m
[36m(ClientAppActor pid=108073)[0m    Train:      87 samples (client-local)[32m [repeated 140x across cluster][0m
[36m(ClientAppActor pid=108073)[0m    Validation: 12 samples (client-local)[32m [repeated 140x across cluster][0m
[36m(ClientAppActor pid=58006)[0m [Client 1694] Data split:[32m [repeated 142x across cluster][0m
[36m(ClientAppActor pid=58006)[0m    Train:      86 samples (client-local)[32m [repeated 142x across cluster][0m
[36m(ClientAppActor pid=58006)[0m    Validation: 12 samples (client-local)[32m [repeated 142x across cluster][0m
[36m(ClientAppActor pid=106624)[0m [Client 201] Data split:[32m [repeated 105x across cluster][0m
[36m(ClientAppActor pid=106624)[0m    Train:      87 samples (client-local)[32m [repeated 105x across cluster][0m
[36m(ClientAppActor pid=106624)[0m    Validation: 12 samples (client-local)[32m [repeated 105x across cluster][0m
[36m(ClientAppActor pid=106270)[0m [Client 266] Data split:[32m [repeated 137x across cluster][0m
[36m(ClientAppActor pid=106270)[0m    Train:      87 samples (client-local)[32m [repeated 137x across cluster][0m
[36m(ClientAppActor pid=106270)[0m    Validation: 12 samples (client-local)[32m [repeated 137x across cluster][0m
[36m(ClientAppActor pid=98378)[0m [Client 358] Data split:[32m [repeated 133x across cluster][0m
[36m(ClientAppActor pid=98378)[0m    Train:      87 samples (client-local)[32m [repeated 133x across cluster][0m
[36m(ClientAppActor pid=98378)[0m    Validation: 12 samples (client-local)[32m [repeated 133x across cluster][0m
[36m(ClientAppActor pid=58617)[0m [Client 95] Data split:[32m [repeated 139x across cluster][0m
[36m(ClientAppActor pid=58617)[0m    Train:      87 samples (client-local)[32m [repeated 139x across cluster][0m
[36m(ClientAppActor pid=58617)[0m    Validation: 12 samples (client-local)[32m [repeated 139x across cluster][0m
[36m(ClientAppActor pid=58023)[0m [Client 207] Data split:[32m [repeated 138x across cluster][0m
[36m(ClientAppActor pid=58023)[0m    Train:      87 samples (client-local)[32m [repeated 138x across cluster][0m
[36m(ClientAppActor pid=58023)[0m    Validation: 12 samples (client-local)[32m [repeated 138x across cluster][0m
[36m(ClientAppActor pid=58033)[0m [Client 38] Data split:[32m [repeated 137x across cluster][0m
[36m(ClientAppActor pid=58033)[0m    Train:      87 samples (client-local)[32m [repeated 137x across cluster][0m
[36m(ClientAppActor pid=58033)[0m    Validation: 12 samples (client-local)[32m [repeated 137x across cluster][0m
[36m(ClientAppActor pid=97925)[0m [Client 1243] Data split:[32m [repeated 148x across cluster][0m
[36m(ClientAppActor pid=97925)[0m    Train:      87 samples (client-local)[32m [repeated 148x across cluster][0m
[36m(ClientAppActor pid=97925)[0m    Validation: 12 samples (client-local)[32m [repeated 148x across cluster][0m
[36m(ClientAppActor pid=58852)[0m [Client 123] Data split:[32m [repeated 136x across cluster][0m
[36m(ClientAppActor pid=58852)[0m    Train:      87 samples (client-local)[32m [repeated 136x across cluster][0m[92mINFO [0m:      aggregate_evaluate: received 2048 results and 0 failures
[92mINFO [0m:      
[92mINFO [0m:      [ROUND 30]
[92mINFO [0m:      configure_fit: strategy sampled 1638 clients (out of 2048)
[92mINFO [0m:      aggregate_fit: received 1638 results and 0 failures
[92mINFO [0m:      configure_evaluate: strategy sampled 2048 clients (out of 2048)

[36m(ClientAppActor pid=58852)[0m    Validation: 12 samples (client-local)[32m [repeated 136x across cluster][0m
[36m(ClientAppActor pid=98898)[0m [Client 108] Data split:[32m [repeated 155x across cluster][0m
[36m(ClientAppActor pid=98898)[0m    Train:      87 samples (client-local)[32m [repeated 155x across cluster][0m
[36m(ClientAppActor pid=98898)[0m    Validation: 12 samples (client-local)[32m [repeated 155x across cluster][0m
[36m(ClientAppActor pid=58911)[0m [Client 0] Data split:[32m [repeated 143x across cluster][0m
[36m(ClientAppActor pid=58911)[0m    Train:      87 samples (client-local)[32m [repeated 143x across cluster][0m
[36m(ClientAppActor pid=58911)[0m    Validation: 12 samples (client-local)[32m [repeated 143x across cluster][0m
[36m(ClientAppActor pid=57814)[0m 
[36m(ClientAppActor pid=58500)[0m [Client 1720] Data split:[32m [repeated 145x across cluster][0m
[36m(ClientAppActor pid=58500)[0m    Train:      86 samples (client-local)[32m [repeated 145x across cluster][0m
[36m(ClientAppActor pid=58500)[0m    Validation: 12 samples (client-local)[32m [repeated 145x across cluster][0m
[36m(ClientAppActor pid=58708)[0m [Client 2005] Data split:[32m [repeated 143x across cluster][0m
[36m(ClientAppActor pid=58708)[0m    Train:      86 samples (client-local)[32m [repeated 143x across cluster][0m
[36m(ClientAppActor pid=58708)[0m    Validation: 12 samples (client-local)[32m [repeated 143x across cluster][0m
[36m(ClientAppActor pid=99221)[0m [Client 222] Data split:[32m [repeated 142x across cluster][0m
[36m(ClientAppActor pid=99221)[0m    Train:      87 samples (client-local)[32m [repeated 142x across cluster][0m
[36m(ClientAppActor pid=99221)[0m    Validation: 12 samples (client-local)[32m [repeated 142x across cluster][0m
[36m(ClientAppActor pid=59339)[0m [Client 77] Data split:[32m [repeated 140x across cluster][0m
[36m(ClientAppActor pid=59339)[0m    Train:      87 samples (client-local)[32m [repeated 140x across cluster][0m
[36m(ClientAppActor pid=59339)[0m    Validation: 12 samples (client-local)[32m [repeated 140x across cluster][0m
[36m(ClientAppActor pid=98898)[0m [Client 773] Data split:[32m [repeated 137x across cluster][0m
[36m(ClientAppActor pid=98898)[0m    Train:      87 samples (client-local)[32m [repeated 137x across cluster][0m
[36m(ClientAppActor pid=98898)[0m    Validation: 12 samples (client-local)[32m [repeated 137x across cluster][0m
⏭️  Round 29: Evaluation skipped (all n_val=0)
[36m(ClientAppActor pid=108073)[0m [Client 1237] Data split:[32m [repeated 140x across cluster][0m
[36m(ClientAppActor pid=108073)[0m    Train:      87 samples (client-local)[32m [repeated 140x across cluster][0m
[36m(ClientAppActor pid=108073)[0m    Validation: 12 samples (client-local)[32m [repeated 140x across cluster][0m
[36m(ClientAppActor pid=58006)[0m [Client 1946] Data split:[32m [repeated 138x across cluster][0m
[36m(ClientAppActor pid=58006)[0m    Train:      86 samples (client-local)[32m [repeated 138x across cluster][0m
[36m(ClientAppActor pid=58006)[0m    Validation: 12 samples (client-local)[32m [repeated 138x across cluster][0m
[36m(ClientAppActor pid=57689)[0m [Client 613] Data split:[32m [repeated 138x across cluster][0m
[36m(ClientAppActor pid=57689)[0m    Train:      87 samples (client-local)[32m [repeated 138x across cluster][0m
[36m(ClientAppActor pid=57689)[0m    Validation: 12 samples (client-local)[32m [repeated 138x across cluster][0m
[36m(ClientAppActor pid=99221)[0m [Client 1603] Data split:[32m [repeated 134x across cluster][0m
[36m(ClientAppActor pid=99221)[0m    Train:      86 samples (client-local)[32m [repeated 134x across cluster][0m
[36m(ClientAppActor pid=99221)[0m    Validation: 12 samples (client-local)[32m [repeated 134x across cluster][0m
[36m(ClientAppActor pid=58911)[0m [Client 75] Data split:[32m [repeated 131x across cluster][0m
[36m(ClientAppActor pid=58911)[0m    Train:      87 samples (client-local)[32m [repeated 131x across cluster][0m
[36m(ClientAppActor pid=58911)[0m    Validation: 12 samples (client-local)[32m [repeated 131x across cluster][0m
[36m(ClientAppActor pid=99221)[0m [Client 1866] Data split:[32m [repeated 141x across cluster][0m
[36m(ClientAppActor pid=99221)[0m    Train:      86 samples (client-local)[32m [repeated 141x across cluster][0m
[36m(ClientAppActor pid=99221)[0m    Validation: 12 samples (client-local)[32m [repeated 141x across cluster][0m
[36m(ClientAppActor pid=106624)[0m [Client 1308] Data split:[32m [repeated 142x across cluster][0m
[36m(ClientAppActor pid=106624)[0m    Train:      87 samples (client-local)[32m [repeated 142x across cluster][0m
[36m(ClientAppActor pid=106624)[0m    Validation: 12 samples (client-local)[32m [repeated 142x across cluster][0m
[36m(ClientAppActor pid=58171)[0m [Client 1348] Data split:[32m [repeated 147x across cluster][0m
[36m(ClientAppActor pid=58171)[0m    Train:      87 samples (client-local)[32m [repeated 147x across cluster][0m
[36m(ClientAppActor pid=58171)[0m    Validation: 12 samples (client-local)[32m [repeated 147x across cluster][0m
[36m(ClientAppActor pid=106270)[0m [Client 446] Data split:[32m [repeated 140x across cluster][0m
[36m(ClientAppActor pid=106270)[0m    Train:      87 samples (client-local)[32m [repeated 140x across cluster][0m
[36m(ClientAppActor pid=106270)[0m    Validation: 12 samples (client-local)[32m [repeated 140x across cluster][0m
[36m(ClientAppActor pid=100060)[0m [Client 141] Data split:[32m [repeated 152x across cluster][0m
[36m(ClientAppActor pid=100060)[0m    Train:      87 samples (client-local)[32m [repeated 152x across cluster][0m
[36m(ClientAppActor pid=100060)[0m    Validation: 12 samples (client-local)[32m [repeated 152x across cluster][0m
[36m(ClientAppActor pid=106270)[0m [Client 749] Data split:[32m [repeated 138x across cluster][0m
[36m(ClientAppActor pid=106270)[0m    Train:      87 samples (client-local)[32m [repeated 138x across cluster][0m
[36m(ClientAppActor pid=106270)[0m    Validation: 12 samples (client-local)[32m [repeated 138x across cluster][0m
[36m(ClientAppActor pid=58617)[0m [Client 148] Data split:[32m [repeated 140x across cluster][0m
[36m(ClientAppActor pid=58617)[0m    Train:      87 samples (client-local)[32m [repeated 140x across cluster][0m
[36m(ClientAppActor pid=58617)[0m    Validation: 12 samples (client-local)[32m [repeated 140x across cluster][0m
[36m(ClientAppActor pid=98757)[0m [Client 293] Data split:[32m [repeated 101x across cluster][0m
[36m(ClientAppActor pid=98757)[0m    Train:      87 samples (client-local)[32m [repeated 101x across cluster][0m
[36m(ClientAppActor pid=98757)[0m    Validation: 12 samples (client-local)[32m [repeated 101x across cluster][0m
[36m(ClientAppActor pid=106307)[0m [Client 839] Data split:[32m [repeated 146x across cluster][0m
[36m(ClientAppActor pid=106307)[0m    Train:      87 samples (client-local)[32m [repeated 146x across cluster][0m
[36m(ClientAppActor pid=106307)[0m    Validation: 12 samples (client-local)[32m [repeated 146x across cluster][0m
[36m(ClientAppActor pid=58617)[0m [Client 234] Data split:[32m [repeated 152x across cluster][0m
[36m(ClientAppActor pid=58617)[0m    Train:      87 samples (client-local)[32m [repeated 152x across cluster][0m
[36m(ClientAppActor pid=58617)[0m    Validation: 12 samples (client-local)[32m [repeated 152x across cluster][0m
[36m(ClientAppActor pid=106270)[0m [Client 863] Data split:[32m [repeated 145x across cluster][0m
[36m(ClientAppActor pid=106270)[0m    Train:      87 samples (client-local)[32m [repeated 145x across cluster][0m
[36m(ClientAppActor pid=106270)[0m    Validation: 12 samples (client-local)[32m [repeated 145x across cluster][0m
[36m(ClientAppActor pid=98757)[0m [Client 1743] Data split:[32m [repeated 146x across cluster][0m
[36m(ClientAppActor pid=98757)[0m    Train:      86 samples (client-local)[32m [repeated 146x across cluster][0m
[36m(ClientAppActor pid=98757)[0m    Validation: 12 samples (client-local)[32m [repeated 146x across cluster][0m[92mINFO [0m:      aggregate_evaluate: received 2048 results and 0 failures
[92mINFO [0m:      
[92mINFO [0m:      [ROUND 31]
[92mINFO [0m:      configure_fit: strategy sampled 1638 clients (out of 2048)

[36m(ClientAppActor pid=58500)[0m [Client 246] Data split:[32m [repeated 139x across cluster][0m
[36m(ClientAppActor pid=58500)[0m    Train:      87 samples (client-local)[32m [repeated 139x across cluster][0m
[36m(ClientAppActor pid=58500)[0m    Validation: 12 samples (client-local)[32m [repeated 139x across cluster][0m
[36m(ClientAppActor pid=99221)[0m [Client 141] Data split:[32m [repeated 141x across cluster][0m
[36m(ClientAppActor pid=99221)[0m    Train:      87 samples (client-local)[32m [repeated 141x across cluster][0m
[36m(ClientAppActor pid=99221)[0m    Validation: 12 samples (client-local)[32m [repeated 141x across cluster][0m
[36m(ClientAppActor pid=106307)[0m [Client 1009] Data split:[32m [repeated 145x across cluster][0m
[36m(ClientAppActor pid=106307)[0m    Train:      87 samples (client-local)[32m [repeated 145x across cluster][0m
[36m(ClientAppActor pid=106307)[0m    Validation: 12 samples (client-local)[32m [repeated 145x across cluster][0m
[36m(ClientAppActor pid=106270)[0m [Client 1308] Data split:[32m [repeated 145x across cluster][0m
[36m(ClientAppActor pid=106270)[0m    Train:      87 samples (client-local)[32m [repeated 145x across cluster][0m
[36m(ClientAppActor pid=106270)[0m    Validation: 12 samples (client-local)[32m [repeated 145x across cluster][0m
[36m(ClientAppActor pid=100781)[0m [Client 1213] Data split:[32m [repeated 140x across cluster][0m
[36m(ClientAppActor pid=100781)[0m    Train:      87 samples (client-local)[32m [repeated 140x across cluster][0m
[36m(ClientAppActor pid=100781)[0m    Validation: 12 samples (client-local)[32m [repeated 140x across cluster][0m
[36m(ClientAppActor pid=97638)[0m [Client 1485] Data split:[32m [repeated 151x across cluster][0m
[36m(ClientAppActor pid=97638)[0m    Train:      86 samples (client-local)[32m [repeated 151x across cluster][0m
[36m(ClientAppActor pid=97638)[0m    Validation: 12 samples (client-local)[32m [repeated 151x across cluster][0m
[36m(ClientAppActor pid=98100)[0m [Client 299] Data split:[32m [repeated 140x across cluster][0m
[36m(ClientAppActor pid=98100)[0m    Train:      87 samples (client-local)[32m [repeated 140x across cluster][0m
[36m(ClientAppActor pid=98100)[0m    Validation: 12 samples (client-local)[32m [repeated 140x across cluster][0m
[36m(ClientAppActor pid=58617)[0m [Client 1617] Data split:[32m [repeated 140x across cluster][0m
[36m(ClientAppActor pid=58617)[0m    Train:      86 samples (client-local)[32m [repeated 140x across cluster][0m
[36m(ClientAppActor pid=58617)[0m    Validation: 12 samples (client-local)[32m [repeated 140x across cluster][0m
[36m(ClientAppActor pid=100781)[0m [Client 80] Data split:[32m [repeated 149x across cluster][0m
[36m(ClientAppActor pid=100781)[0m    Train:      87 samples (client-local)[32m [repeated 149x across cluster][0m
[36m(ClientAppActor pid=100781)[0m    Validation: 12 samples (client-local)[32m [repeated 149x across cluster][0m

🎯 Multi-Threshold Aggregation:
   ═══════════════════════════════════════════════
   ✅ Valid clients: 2048
   Evaluated 10 thresholds:
     • Thr=0.15: Recall=0.979, Spec=0.124, F1=0.265
     • Thr=0.20: Recall=0.965, Spec=0.189, F1=0.277
     • Thr=0.25: Recall=0.945, Spec=0.252, F1=0.288
   ...

   BEST Threshold: 0.55
     • Recall:      0.730
     • Specificity: 0.616
     • F1-Score:    0.356
     • Score:       0.644
   ═══════════════════════════════════════════════

⚠️  No rounds meet spec≥0.7, using recall filter only
   BUT: Filtered to top 3 by specificity (spec range: 0.510-0.616)
 2 Pareto-optimal rounds (not dominated in recall & spec)

🎯 SELECTED ROUND 30:
   Recall:     0.730
   Specificity: 0.616
   F1-Score:    0.356
   Stability:   1.000
   Alerts/1000: 432.3
   Composite:   0.648

   💾 Checkpoint saved: result/splits_iid_scaling/splits_iid_2048_clients.json/multi_thr/model_round_30.pt
⚠️  No rounds meet spec≥0.7, using recall filter only
   BUT: Filtered to top 3 by specificity (spec range: 0.510-0.616)
 2 Pareto-optimal rounds (not dominated in recall & spec)

🎯 SELECTED ROUND 30:
   Recall:     0.730
   Specificity: 0.616
   F1-Score:    0.356
   Stability:   1.000
   Alerts/1000: 432.3
   Composite:   0.648

   💾 Best model saved: result/splits_iid_scaling/splits_iid_2048_clients.json/multi_thr/model_round_30.pt
   📊 Metrics saved: result/splits_iid_scaling/splits_iid_2048_clients.json/multi_thr/run_1.json
[36m(ClientAppActor pid=59018)[0m [Client 123] Data split:[32m [repeated 123x across cluster][0m
[36m(ClientAppActor pid=59018)[0m    Train:      87 samples (client-local)[32m [repeated 123x across cluster][0m
[36m(ClientAppActor pid=59018)[0m    Validation: 12 samples (client-local)[32m [repeated 123x across cluster][0m
[36m(ClientAppActor pid=106624)[0m [Client 723] Data split:[32m [repeated 138x across cluster][0m
[36m(ClientAppActor pid=106624)[0m    Train:      87 samples (client-local)[32m [repeated 138x across cluster][0m
[36m(ClientAppActor pid=106624)[0m    Validation: 12 samples (client-local)[32m [repeated 138x across cluster][0m
[36m(ClientAppActor pid=99221)[0m [Client 269] Data split:[32m [repeated 136x across cluster][0m
[36m(ClientAppActor pid=99221)[0m    Train:      87 samples (client-local)[32m [repeated 136x across cluster][0m
[36m(ClientAppActor pid=99221)[0m    Validation: 12 samples (client-local)[32m [repeated 136x across cluster][0m
[36m(ClientAppActor pid=58911)[0m [Client 426] Data split:[32m [repeated 139x across cluster][0m
[36m(ClientAppActor pid=58911)[0m    Train:      87 samples (client-local)[32m [repeated 139x across cluster][0m
[36m(ClientAppActor pid=58911)[0m    Validation: 12 samples (client-local)[32m [repeated 139x across cluster][0m
[36m(ClientAppActor pid=106270)[0m [Client 61] Data split:[32m [repeated 143x across cluster][0m
[36m(ClientAppActor pid=106270)[0m    Train:      87 samples (client-local)[32m [repeated 143x across cluster][0m
[36m(ClientAppActor pid=106270)[0m    Validation: 12 samples (client-local)[32m [repeated 143x across cluster][0m
[36m(ClientAppActor pid=58500)[0m [Client 199] Data split:[32m [repeated 146x across cluster][0m
[36m(ClientAppActor pid=58500)[0m    Train:      87 samples (client-local)[32m [repeated 146x across cluster][0m
[36m(ClientAppActor pid=58500)[0m    Validation: 12 samples (client-local)[32m [repeated 146x across cluster][0m
[36m(ClientAppActor pid=100781)[0m [Client 563] Data split:[32m [repeated 151x across cluster][0m
[36m(ClientAppActor pid=100781)[0m    Train:      87 samples (client-local)[32m [repeated 151x across cluster][0m
[36m(ClientAppActor pid=100781)[0m    Validation: 12 samples (client-local)[32m [repeated 151x across cluster][0m
[36m(ClientAppActor pid=59339)[0m [Client 291] Data split:[32m [repeated 135x across cluster][0m
[36m(ClientAppActor pid=59339)[0m    Train:      87 samples (client-local)[32m [repeated 135x across cluster][0m
[36m(ClientAppActor pid=59339)[0m    Validation: 12 samples (client-local)[32m [repeated 135x across cluster][0m
[36m(ClientAppActor pid=100781)[0m [Client 1483] Data split:[32m [repeated 136x across cluster][0m
[36m(ClientAppActor pid=100781)[0m    Train:      86 samples (client-local)[32m [repeated 136x across cluster][0m
[36m(ClientAppActor pid=100781)[0m    Validation: 12 samples (client-local)[32m [repeated 136x across cluster][0m
[36m(ClientAppActor pid=106624)[0m [Client 1606] Data split:[32m [repeated 135x across cluster][0m
[36m(ClientAppActor pid=106624)[0m    Train:      86 samples (client-local)[32m [repeated 135x across cluster][0m
[36m(ClientAppActor pid=106624)[0m    Validation: 12 samples (client-local)[32m [repeated 135x across cluster][0m
[36m(ClientAppActor pid=106624)[0m [Client 855] Data split:[32m [repeated 129x across cluster][0m
[36m(ClientAppActor pid=106624)[0m    Train:      87 samples (client-local)[32m [repeated 129x across cluster][0m[92mINFO [0m:      aggregate_fit: received 1638 results and 0 failures
[92mINFO [0m:      configure_evaluate: strategy sampled 2048 clients (out of 2048)
[92mINFO [0m:      aggregate_evaluate: received 2048 results and 0 failures
[92mINFO [0m:      
[92mINFO [0m:      [ROUND 32]
[92mINFO [0m:      configure_fit: strategy sampled 1638 clients (out of 2048)

[36m(ClientAppActor pid=106624)[0m    Validation: 12 samples (client-local)[32m [repeated 129x across cluster][0m
[36m(ClientAppActor pid=99190)[0m [Client 487] Data split:[32m [repeated 145x across cluster][0m
[36m(ClientAppActor pid=99190)[0m    Train:      87 samples (client-local)[32m [repeated 145x across cluster][0m
[36m(ClientAppActor pid=99190)[0m    Validation: 12 samples (client-local)[32m [repeated 145x across cluster][0m
[36m(ClientAppActor pid=100011)[0m [Client 201] Data split:[32m [repeated 114x across cluster][0m
[36m(ClientAppActor pid=100011)[0m    Train:      87 samples (client-local)[32m [repeated 114x across cluster][0m
[36m(ClientAppActor pid=100011)[0m    Validation: 12 samples (client-local)[32m [repeated 114x across cluster][0m
[36m(ClientAppActor pid=106270)[0m [Client 1250] Data split:[32m [repeated 144x across cluster][0m
[36m(ClientAppActor pid=106270)[0m    Train:      87 samples (client-local)[32m [repeated 144x across cluster][0m
[36m(ClientAppActor pid=106270)[0m    Validation: 12 samples (client-local)[32m [repeated 144x across cluster][0m
[36m(ClientAppActor pid=57434)[0m [Client 501] Data split:[32m [repeated 153x across cluster][0m
[36m(ClientAppActor pid=57434)[0m    Train:      87 samples (client-local)[32m [repeated 153x across cluster][0m
[36m(ClientAppActor pid=57434)[0m    Validation: 12 samples (client-local)[32m [repeated 153x across cluster][0m
[36m(ClientAppActor pid=106307)[0m [Client 1744] Data split:[32m [repeated 146x across cluster][0m
[36m(ClientAppActor pid=106307)[0m    Train:      86 samples (client-local)[32m [repeated 146x across cluster][0m
[36m(ClientAppActor pid=106307)[0m    Validation: 12 samples (client-local)[32m [repeated 146x across cluster][0m
[36m(ClientAppActor pid=100120)[0m [Client 639] Data split:[32m [repeated 136x across cluster][0m
[36m(ClientAppActor pid=100120)[0m    Train:      87 samples (client-local)[32m [repeated 136x across cluster][0m
[36m(ClientAppActor pid=100120)[0m    Validation: 12 samples (client-local)[32m [repeated 136x across cluster][0m
[36m(ClientAppActor pid=99221)[0m [Client 627] Data split:[32m [repeated 154x across cluster][0m
[36m(ClientAppActor pid=99221)[0m    Train:      87 samples (client-local)[32m [repeated 154x across cluster][0m
[36m(ClientAppActor pid=99221)[0m    Validation: 12 samples (client-local)[32m [repeated 154x across cluster][0m
[36m(ClientAppActor pid=59018)[0m [Client 219] Data split:[32m [repeated 142x across cluster][0m
[36m(ClientAppActor pid=59018)[0m    Train:      87 samples (client-local)[32m [repeated 142x across cluster][0m
[36m(ClientAppActor pid=59018)[0m    Validation: 12 samples (client-local)[32m [repeated 142x across cluster][0m
[36m(ClientAppActor pid=57814)[0m [Client 1870] Data split:[32m [repeated 150x across cluster][0m
[36m(ClientAppActor pid=57814)[0m    Train:      86 samples (client-local)[32m [repeated 150x across cluster][0m
[36m(ClientAppActor pid=57814)[0m    Validation: 12 samples (client-local)[32m [repeated 150x across cluster][0m
[36m(ClientAppActor pid=57434)[0m [Client 1805] Data split:[32m [repeated 136x across cluster][0m
[36m(ClientAppActor pid=57434)[0m    Train:      86 samples (client-local)[32m [repeated 136x across cluster][0m
[36m(ClientAppActor pid=57434)[0m    Validation: 12 samples (client-local)[32m [repeated 136x across cluster][0m
[36m(ClientAppActor pid=58911)[0m [Client 399] Data split:[32m [repeated 141x across cluster][0m
[36m(ClientAppActor pid=58911)[0m    Train:      87 samples (client-local)[32m [repeated 141x across cluster][0m
[36m(ClientAppActor pid=58911)[0m    Validation: 12 samples (client-local)[32m [repeated 141x across cluster][0m
[36m(ClientAppActor pid=106270)[0m [Client 372] Data split:[32m [repeated 142x across cluster][0m
[36m(ClientAppActor pid=106270)[0m    Train:      87 samples (client-local)[32m [repeated 142x across cluster][0m
[36m(ClientAppActor pid=106270)[0m    Validation: 12 samples (client-local)[32m [repeated 142x across cluster][0m
[36m(ClientAppActor pid=106624)[0m [Client 2045] Data split:[32m [repeated 145x across cluster][0m
[36m(ClientAppActor pid=106624)[0m    Train:      86 samples (client-local)[32m [repeated 145x across cluster][0m
[36m(ClientAppActor pid=106624)[0m    Validation: 12 samples (client-local)[32m [repeated 145x across cluster][0m
[36m(ClientAppActor pid=98757)[0m [Client 286] Data split:[32m [repeated 137x across cluster][0m
[36m(ClientAppActor pid=98757)[0m    Train:      87 samples (client-local)[32m [repeated 137x across cluster][0m
[36m(ClientAppActor pid=98757)[0m    Validation: 12 samples (client-local)[32m [repeated 137x across cluster][0m
[36m(ClientAppActor pid=58023)[0m [Client 106] Data split:[32m [repeated 143x across cluster][0m
[36m(ClientAppActor pid=58023)[0m    Train:      87 samples (client-local)[32m [repeated 143x across cluster][0m
[36m(ClientAppActor pid=58023)[0m    Validation: 12 samples (client-local)[32m [repeated 143x across cluster][0m
[36m(ClientAppActor pid=58911)[0m [Client 1524] Data split:[32m [repeated 143x across cluster][0m
[36m(ClientAppActor pid=58911)[0m    Train:      86 samples (client-local)[32m [repeated 143x across cluster][0m
[36m(ClientAppActor pid=58911)[0m    Validation: 12 samples (client-local)[32m [repeated 143x across cluster][0m
⏭️  Round 31: Evaluation skipped (all n_val=0)
[36m(ClientAppActor pid=108073)[0m [Client 1172] Data split:[32m [repeated 139x across cluster][0m
[36m(ClientAppActor pid=108073)[0m    Train:      87 samples (client-local)[32m [repeated 139x across cluster][0m
[36m(ClientAppActor pid=108073)[0m    Validation: 12 samples (client-local)[32m [repeated 139x across cluster][0m
[36m(ClientAppActor pid=97638)[0m [Client 280] Data split:[32m [repeated 128x across cluster][0m
[36m(ClientAppActor pid=97638)[0m    Train:      87 samples (client-local)[32m [repeated 128x across cluster][0m
[36m(ClientAppActor pid=97638)[0m    Validation: 12 samples (client-local)[32m [repeated 128x across cluster][0m
[36m(ClientAppActor pid=99190)[0m [Client 1247] Data split:[32m [repeated 144x across cluster][0m
[36m(ClientAppActor pid=99190)[0m    Train:      87 samples (client-local)[32m [repeated 144x across cluster][0m
[36m(ClientAppActor pid=99190)[0m    Validation: 12 samples (client-local)[32m [repeated 144x across cluster][0m
[36m(ClientAppActor pid=106270)[0m [Client 207] Data split:[32m [repeated 143x across cluster][0m
[36m(ClientAppActor pid=106270)[0m    Train:      87 samples (client-local)[32m [repeated 143x across cluster][0m
[36m(ClientAppActor pid=106270)[0m    Validation: 12 samples (client-local)[32m [repeated 143x across cluster][0m
[36m(ClientAppActor pid=106270)[0m [Client 762] Data split:[32m [repeated 138x across cluster][0m
[36m(ClientAppActor pid=106270)[0m    Train:      87 samples (client-local)[32m [repeated 138x across cluster][0m
[36m(ClientAppActor pid=106270)[0m    Validation: 12 samples (client-local)[32m [repeated 138x across cluster][0m
[36m(ClientAppActor pid=106270)[0m [Client 18] Data split:[32m [repeated 147x across cluster][0m
[36m(ClientAppActor pid=106270)[0m    Train:      87 samples (client-local)[32m [repeated 147x across cluster][0m
[36m(ClientAppActor pid=106270)[0m    Validation: 12 samples (client-local)[32m [repeated 147x across cluster][0m
[36m(ClientAppActor pid=106307)[0m [Client 36] Data split:[32m [repeated 138x across cluster][0m
[36m(ClientAppActor pid=106307)[0m    Train:      87 samples (client-local)[32m [repeated 138x across cluster][0m
[36m(ClientAppActor pid=106307)[0m    Validation: 12 samples (client-local)[32m [repeated 138x across cluster][0m
[36m(ClientAppActor pid=106624)[0m [Client 562] Data split:[32m [repeated 142x across cluster][0m
[36m(ClientAppActor pid=106624)[0m    Train:      87 samples (client-local)[32m [repeated 142x across cluster][0m
[36m(ClientAppActor pid=106624)[0m    Validation: 12 samples (client-local)[32m [repeated 142x across cluster][0m[92mINFO [0m:      aggregate_fit: received 1638 results and 0 failures
[92mINFO [0m:      configure_evaluate: strategy sampled 2048 clients (out of 2048)
[92mINFO [0m:      aggregate_evaluate: received 2048 results and 0 failures
[92mINFO [0m:      
[92mINFO [0m:      [ROUND 33]
[92mINFO [0m:      configure_fit: strategy sampled 1638 clients (out of 2048)

[36m(ClientAppActor pid=58708)[0m [Client 527] Data split:[32m [repeated 151x across cluster][0m
[36m(ClientAppActor pid=58708)[0m    Train:      87 samples (client-local)[32m [repeated 151x across cluster][0m
[36m(ClientAppActor pid=58708)[0m    Validation: 12 samples (client-local)[32m [repeated 151x across cluster][0m
[36m(ClientAppActor pid=59339)[0m [Client 10] Data split:[32m [repeated 138x across cluster][0m
[36m(ClientAppActor pid=59339)[0m    Train:      87 samples (client-local)[32m [repeated 138x across cluster][0m
[36m(ClientAppActor pid=59339)[0m    Validation: 12 samples (client-local)[32m [repeated 138x across cluster][0m
[36m(ClientAppActor pid=58617)[0m [Client 224] Data split:[32m [repeated 142x across cluster][0m
[36m(ClientAppActor pid=58617)[0m    Train:      87 samples (client-local)[32m [repeated 142x across cluster][0m
[36m(ClientAppActor pid=58617)[0m    Validation: 12 samples (client-local)[32m [repeated 142x across cluster][0m
[36m(ClientAppActor pid=106270)[0m [Client 1969] Data split:[32m [repeated 116x across cluster][0m
[36m(ClientAppActor pid=106270)[0m    Train:      86 samples (client-local)[32m [repeated 116x across cluster][0m
[36m(ClientAppActor pid=106270)[0m    Validation: 12 samples (client-local)[32m [repeated 116x across cluster][0m
[36m(ClientAppActor pid=106270)[0m [Client 1444] Data split:[32m [repeated 135x across cluster][0m
[36m(ClientAppActor pid=106270)[0m    Train:      87 samples (client-local)[32m [repeated 135x across cluster][0m
[36m(ClientAppActor pid=106270)[0m    Validation: 12 samples (client-local)[32m [repeated 135x across cluster][0m
[36m(ClientAppActor pid=100011)[0m [Client 1433] Data split:[32m [repeated 134x across cluster][0m
[36m(ClientAppActor pid=100011)[0m    Train:      87 samples (client-local)[32m [repeated 134x across cluster][0m
[36m(ClientAppActor pid=100011)[0m    Validation: 12 samples (client-local)[32m [repeated 134x across cluster][0m
[36m(ClientAppActor pid=57636)[0m [Client 2008] Data split:[32m [repeated 148x across cluster][0m
[36m(ClientAppActor pid=57636)[0m    Train:      86 samples (client-local)[32m [repeated 148x across cluster][0m
[36m(ClientAppActor pid=57636)[0m    Validation: 12 samples (client-local)[32m [repeated 148x across cluster][0m
[36m(ClientAppActor pid=100011)[0m [Client 1604] Data split:[32m [repeated 146x across cluster][0m
[36m(ClientAppActor pid=100011)[0m    Train:      86 samples (client-local)[32m [repeated 146x across cluster][0m
[36m(ClientAppActor pid=100011)[0m    Validation: 12 samples (client-local)[32m [repeated 146x across cluster][0m
[36m(ClientAppActor pid=58852)[0m [Client 669] Data split:[32m [repeated 149x across cluster][0m
[36m(ClientAppActor pid=58852)[0m    Train:      87 samples (client-local)[32m [repeated 149x across cluster][0m
[36m(ClientAppActor pid=58852)[0m    Validation: 12 samples (client-local)[32m [repeated 149x across cluster][0m
[36m(ClientAppActor pid=58500)[0m [Client 1179] Data split:[32m [repeated 139x across cluster][0m
[36m(ClientAppActor pid=58500)[0m    Train:      87 samples (client-local)[32m [repeated 139x across cluster][0m
[36m(ClientAppActor pid=58500)[0m    Validation: 12 samples (client-local)[32m [repeated 139x across cluster][0m
[36m(ClientAppActor pid=106270)[0m [Client 436] Data split:[32m [repeated 148x across cluster][0m
[36m(ClientAppActor pid=106270)[0m    Train:      87 samples (client-local)[32m [repeated 148x across cluster][0m
[36m(ClientAppActor pid=106270)[0m    Validation: 12 samples (client-local)[32m [repeated 148x across cluster][0m
[36m(ClientAppActor pid=100781)[0m [Client 1772] Data split:[32m [repeated 140x across cluster][0m
[36m(ClientAppActor pid=100781)[0m    Train:      86 samples (client-local)[32m [repeated 140x across cluster][0m
[36m(ClientAppActor pid=100781)[0m    Validation: 12 samples (client-local)[32m [repeated 140x across cluster][0m
[36m(ClientAppActor pid=108073)[0m [Client 919] Data split:[32m [repeated 152x across cluster][0m
[36m(ClientAppActor pid=108073)[0m    Train:      87 samples (client-local)[32m [repeated 152x across cluster][0m
[36m(ClientAppActor pid=108073)[0m    Validation: 12 samples (client-local)[32m [repeated 152x across cluster][0m
[36m(ClientAppActor pid=58617)[0m [Client 1182] Data split:[32m [repeated 147x across cluster][0m
[36m(ClientAppActor pid=58617)[0m    Train:      87 samples (client-local)[32m [repeated 147x across cluster][0m
[36m(ClientAppActor pid=58617)[0m    Validation: 12 samples (client-local)[32m [repeated 147x across cluster][0m
[36m(ClientAppActor pid=106270)[0m [Client 228] Data split:[32m [repeated 139x across cluster][0m
[36m(ClientAppActor pid=106270)[0m    Train:      87 samples (client-local)[32m [repeated 139x across cluster][0m
[36m(ClientAppActor pid=106270)[0m    Validation: 12 samples (client-local)[32m [repeated 139x across cluster][0m
[36m(ClientAppActor pid=58617)[0m [Client 40] Data split:[32m [repeated 138x across cluster][0m
[36m(ClientAppActor pid=58617)[0m    Train:      87 samples (client-local)[32m [repeated 138x across cluster][0m
[36m(ClientAppActor pid=58617)[0m    Validation: 12 samples (client-local)[32m [repeated 138x across cluster][0m
[36m(ClientAppActor pid=59339)[0m [Client 119] Data split:[32m [repeated 137x across cluster][0m
[36m(ClientAppActor pid=59339)[0m    Train:      87 samples (client-local)[32m [repeated 137x across cluster][0m
[36m(ClientAppActor pid=59339)[0m    Validation: 12 samples (client-local)[32m [repeated 137x across cluster][0m
[36m(ClientAppActor pid=100120)[0m [Client 884] Data split:[32m [repeated 139x across cluster][0m
[36m(ClientAppActor pid=100120)[0m    Train:      87 samples (client-local)[32m [repeated 139x across cluster][0m
[36m(ClientAppActor pid=100120)[0m    Validation: 12 samples (client-local)[32m [repeated 139x across cluster][0m
⏭️  Round 32: Evaluation skipped (all n_val=0)
[36m(ClientAppActor pid=106270)[0m [Client 517] Data split:[32m [repeated 135x across cluster][0m
[36m(ClientAppActor pid=106270)[0m    Train:      87 samples (client-local)[32m [repeated 135x across cluster][0m
[36m(ClientAppActor pid=106270)[0m    Validation: 12 samples (client-local)[32m [repeated 135x across cluster][0m
[36m(ClientAppActor pid=100011)[0m [Client 901] Data split:[32m [repeated 146x across cluster][0m
[36m(ClientAppActor pid=100011)[0m    Train:      87 samples (client-local)[32m [repeated 146x across cluster][0m
[36m(ClientAppActor pid=100011)[0m    Validation: 12 samples (client-local)[32m [repeated 146x across cluster][0m
[36m(ClientAppActor pid=108073)[0m [Client 1537] Data split:[32m [repeated 142x across cluster][0m
[36m(ClientAppActor pid=108073)[0m    Train:      86 samples (client-local)[32m [repeated 142x across cluster][0m
[36m(ClientAppActor pid=108073)[0m    Validation: 12 samples (client-local)[32m [repeated 142x across cluster][0m
[36m(ClientAppActor pid=57636)[0m [Client 27] Data split:[32m [repeated 147x across cluster][0m
[36m(ClientAppActor pid=57636)[0m    Train:      87 samples (client-local)[32m [repeated 147x across cluster][0m
[36m(ClientAppActor pid=57636)[0m    Validation: 12 samples (client-local)[32m [repeated 147x across cluster][0m
[36m(ClientAppActor pid=57636)[0m [Client 1013] Data split:[32m [repeated 146x across cluster][0m
[36m(ClientAppActor pid=57636)[0m    Train:      87 samples (client-local)[32m [repeated 146x across cluster][0m
[36m(ClientAppActor pid=57636)[0m    Validation: 12 samples (client-local)[32m [repeated 146x across cluster][0m
[36m(ClientAppActor pid=58617)[0m [Client 48] Data split:[32m [repeated 140x across cluster][0m
[36m(ClientAppActor pid=58617)[0m    Train:      87 samples (client-local)[32m [repeated 140x across cluster][0m
[36m(ClientAppActor pid=58617)[0m    Validation: 12 samples (client-local)[32m [repeated 140x across cluster][0m
[36m(ClientAppActor pid=98378)[0m [Client 31] Data split:[32m [repeated 129x across cluster][0m[92mINFO [0m:      aggregate_fit: received 1638 results and 0 failures
[92mINFO [0m:      configure_evaluate: strategy sampled 2048 clients (out of 2048)
[92mINFO [0m:      aggregate_evaluate: received 2048 results and 0 failures
[92mINFO [0m:      
[92mINFO [0m:      [ROUND 34]
[92mINFO [0m:      configure_fit: strategy sampled 1638 clients (out of 2048)

[36m(ClientAppActor pid=98378)[0m    Train:      87 samples (client-local)[32m [repeated 129x across cluster][0m
[36m(ClientAppActor pid=98378)[0m    Validation: 12 samples (client-local)[32m [repeated 129x across cluster][0m
[36m(ClientAppActor pid=106624)[0m [Client 1574] Data split:[32m [repeated 144x across cluster][0m
[36m(ClientAppActor pid=106624)[0m    Train:      86 samples (client-local)[32m [repeated 144x across cluster][0m
[36m(ClientAppActor pid=106624)[0m    Validation: 12 samples (client-local)[32m [repeated 144x across cluster][0m
[36m(ClientAppActor pid=58033)[0m [Client 1701] Data split:[32m [repeated 123x across cluster][0m
[36m(ClientAppActor pid=58033)[0m    Train:      86 samples (client-local)[32m [repeated 123x across cluster][0m
[36m(ClientAppActor pid=58033)[0m    Validation: 12 samples (client-local)[32m [repeated 123x across cluster][0m
[36m(ClientAppActor pid=98100)[0m [Client 1539] Data split:[32m [repeated 136x across cluster][0m
[36m(ClientAppActor pid=98100)[0m    Train:      86 samples (client-local)[32m [repeated 136x across cluster][0m
[36m(ClientAppActor pid=98100)[0m    Validation: 12 samples (client-local)[32m [repeated 136x across cluster][0m
[36m(ClientAppActor pid=58911)[0m [Client 1839] Data split:[32m [repeated 139x across cluster][0m
[36m(ClientAppActor pid=58911)[0m    Train:      86 samples (client-local)[32m [repeated 139x across cluster][0m
[36m(ClientAppActor pid=58911)[0m    Validation: 12 samples (client-local)[32m [repeated 139x across cluster][0m
[36m(ClientAppActor pid=97834)[0m [Client 8] Data split:[32m [repeated 140x across cluster][0m
[36m(ClientAppActor pid=97834)[0m    Train:      87 samples (client-local)[32m [repeated 140x across cluster][0m
[36m(ClientAppActor pid=97834)[0m    Validation: 12 samples (client-local)[32m [repeated 140x across cluster][0m
[36m(ClientAppActor pid=59339)[0m [Client 1027] Data split:[32m [repeated 103x across cluster][0m
[36m(ClientAppActor pid=59339)[0m    Train:      87 samples (client-local)[32m [repeated 103x across cluster][0m
[36m(ClientAppActor pid=59339)[0m    Validation: 12 samples (client-local)[32m [repeated 103x across cluster][0m
[36m(ClientAppActor pid=100120)[0m [Client 1449] Data split:[32m [repeated 161x across cluster][0m
[36m(ClientAppActor pid=100120)[0m    Train:      86 samples (client-local)[32m [repeated 161x across cluster][0m
[36m(ClientAppActor pid=100120)[0m    Validation: 12 samples (client-local)[32m [repeated 161x across cluster][0m
[36m(ClientAppActor pid=106270)[0m [Client 1184] Data split:[32m [repeated 148x across cluster][0m
[36m(ClientAppActor pid=106270)[0m    Train:      87 samples (client-local)[32m [repeated 148x across cluster][0m
[36m(ClientAppActor pid=106270)[0m    Validation: 12 samples (client-local)[32m [repeated 148x across cluster][0m
[36m(ClientAppActor pid=106270)[0m [Client 1378] Data split:[32m [repeated 133x across cluster][0m
[36m(ClientAppActor pid=106270)[0m    Train:      87 samples (client-local)[32m [repeated 133x across cluster][0m
[36m(ClientAppActor pid=106270)[0m    Validation: 12 samples (client-local)[32m [repeated 133x across cluster][0m
[36m(ClientAppActor pid=98898)[0m [Client 534] Data split:[32m [repeated 140x across cluster][0m
[36m(ClientAppActor pid=98898)[0m    Train:      87 samples (client-local)[32m [repeated 140x across cluster][0m
[36m(ClientAppActor pid=98898)[0m    Validation: 12 samples (client-local)[32m [repeated 140x across cluster][0m
[36m(ClientAppActor pid=99190)[0m [Client 188] Data split:[32m [repeated 148x across cluster][0m
[36m(ClientAppActor pid=99190)[0m    Train:      87 samples (client-local)[32m [repeated 148x across cluster][0m
[36m(ClientAppActor pid=99190)[0m    Validation: 12 samples (client-local)[32m [repeated 148x across cluster][0m
[36m(ClientAppActor pid=58911)[0m [Client 1467] Data split:[32m [repeated 150x across cluster][0m
[36m(ClientAppActor pid=58911)[0m    Train:      86 samples (client-local)[32m [repeated 150x across cluster][0m
[36m(ClientAppActor pid=58911)[0m    Validation: 12 samples (client-local)[32m [repeated 150x across cluster][0m
[36m(ClientAppActor pid=99221)[0m [Client 1809] Data split:[32m [repeated 140x across cluster][0m
[36m(ClientAppActor pid=99221)[0m    Train:      86 samples (client-local)[32m [repeated 140x across cluster][0m
[36m(ClientAppActor pid=99221)[0m    Validation: 12 samples (client-local)[32m [repeated 140x across cluster][0m
[36m(ClientAppActor pid=100120)[0m [Client 775] Data split:[32m [repeated 141x across cluster][0m
[36m(ClientAppActor pid=100120)[0m    Train:      87 samples (client-local)[32m [repeated 141x across cluster][0m
[36m(ClientAppActor pid=100120)[0m    Validation: 12 samples (client-local)[32m [repeated 141x across cluster][0m
[36m(ClientAppActor pid=100781)[0m [Client 1187] Data split:[32m [repeated 141x across cluster][0m
[36m(ClientAppActor pid=100781)[0m    Train:      87 samples (client-local)[32m [repeated 141x across cluster][0m
[36m(ClientAppActor pid=100781)[0m    Validation: 12 samples (client-local)[32m [repeated 141x across cluster][0m
[36m(ClientAppActor pid=100011)[0m [Client 108] Data split:[32m [repeated 140x across cluster][0m
[36m(ClientAppActor pid=100011)[0m    Train:      87 samples (client-local)[32m [repeated 140x across cluster][0m
[36m(ClientAppActor pid=100011)[0m    Validation: 12 samples (client-local)[32m [repeated 140x across cluster][0m
[36m(ClientAppActor pid=100060)[0m [Client 303] Data split:[32m [repeated 146x across cluster][0m
[36m(ClientAppActor pid=100060)[0m    Train:      87 samples (client-local)[32m [repeated 146x across cluster][0m
[36m(ClientAppActor pid=100060)[0m    Validation: 12 samples (client-local)[32m [repeated 146x across cluster][0m
[36m(ClientAppActor pid=98898)[0m [Client 35] Data split:[32m [repeated 147x across cluster][0m
[36m(ClientAppActor pid=98898)[0m    Train:      87 samples (client-local)[32m [repeated 147x across cluster][0m
[36m(ClientAppActor pid=98898)[0m    Validation: 12 samples (client-local)[32m [repeated 147x across cluster][0m
[36m(ClientAppActor pid=59339)[0m [Client 1851] Data split:[32m [repeated 145x across cluster][0m
[36m(ClientAppActor pid=59339)[0m    Train:      86 samples (client-local)[32m [repeated 145x across cluster][0m
[36m(ClientAppActor pid=59339)[0m    Validation: 12 samples (client-local)[32m [repeated 145x across cluster][0m
⏭️  Round 33: Evaluation skipped (all n_val=0)
[36m(ClientAppActor pid=58006)[0m [Client 417] Data split:[32m [repeated 136x across cluster][0m
[36m(ClientAppActor pid=58006)[0m    Train:      87 samples (client-local)[32m [repeated 136x across cluster][0m
[36m(ClientAppActor pid=58006)[0m    Validation: 12 samples (client-local)[32m [repeated 136x across cluster][0m
[36m(ClientAppActor pid=57636)[0m [Client 1231] Data split:[32m [repeated 142x across cluster][0m
[36m(ClientAppActor pid=57636)[0m    Train:      87 samples (client-local)[32m [repeated 142x across cluster][0m
[36m(ClientAppActor pid=57636)[0m    Validation: 12 samples (client-local)[32m [repeated 142x across cluster][0m
[36m(ClientAppActor pid=57814)[0m [Client 1825] Data split:[32m [repeated 141x across cluster][0m
[36m(ClientAppActor pid=57814)[0m    Train:      86 samples (client-local)[32m [repeated 141x across cluster][0m
[36m(ClientAppActor pid=57814)[0m    Validation: 12 samples (client-local)[32m [repeated 141x across cluster][0m
[36m(ClientAppActor pid=98898)[0m [Client 542] Data split:[32m [repeated 139x across cluster][0m
[36m(ClientAppActor pid=98898)[0m    Train:      87 samples (client-local)[32m [repeated 139x across cluster][0m
[36m(ClientAppActor pid=98898)[0m    Validation: 12 samples (client-local)[32m [repeated 139x across cluster][0m
[36m(ClientAppActor pid=98100)[0m [Client 729] Data split:[32m [repeated 139x across cluster][0m
[36m(ClientAppActor pid=98100)[0m    Train:      87 samples (client-local)[32m [repeated 139x across cluster][0m[92mINFO [0m:      aggregate_fit: received 1638 results and 0 failures
[92mINFO [0m:      configure_evaluate: strategy sampled 2048 clients (out of 2048)
[92mINFO [0m:      aggregate_evaluate: received 2048 results and 0 failures
[92mINFO [0m:      
[92mINFO [0m:      [ROUND 35]
[92mINFO [0m:      configure_fit: strategy sampled 1638 clients (out of 2048)

[36m(ClientAppActor pid=98100)[0m    Validation: 12 samples (client-local)[32m [repeated 139x across cluster][0m
[36m(ClientAppActor pid=100011)[0m [Client 1465] Data split:[32m [repeated 143x across cluster][0m
[36m(ClientAppActor pid=100011)[0m    Train:      86 samples (client-local)[32m [repeated 143x across cluster][0m
[36m(ClientAppActor pid=100011)[0m    Validation: 12 samples (client-local)[32m [repeated 143x across cluster][0m
[36m(ClientAppActor pid=99190)[0m [Client 1577] Data split:[32m [repeated 141x across cluster][0m
[36m(ClientAppActor pid=99190)[0m    Train:      86 samples (client-local)[32m [repeated 141x across cluster][0m
[36m(ClientAppActor pid=99190)[0m    Validation: 12 samples (client-local)[32m [repeated 141x across cluster][0m
[36m(ClientAppActor pid=106270)[0m [Client 564] Data split:[32m [repeated 152x across cluster][0m
[36m(ClientAppActor pid=106270)[0m    Train:      87 samples (client-local)[32m [repeated 152x across cluster][0m
[36m(ClientAppActor pid=106270)[0m    Validation: 12 samples (client-local)[32m [repeated 152x across cluster][0m
[36m(ClientAppActor pid=106624)[0m [Client 1639] Data split:[32m [repeated 132x across cluster][0m
[36m(ClientAppActor pid=106624)[0m    Train:      86 samples (client-local)[32m [repeated 132x across cluster][0m
[36m(ClientAppActor pid=106624)[0m    Validation: 12 samples (client-local)[32m [repeated 132x across cluster][0m
[36m(ClientAppActor pid=99221)[0m [Client 1739] Data split:[32m [repeated 160x across cluster][0m
[36m(ClientAppActor pid=99221)[0m    Train:      86 samples (client-local)[32m [repeated 160x across cluster][0m
[36m(ClientAppActor pid=99221)[0m    Validation: 12 samples (client-local)[32m [repeated 160x across cluster][0m
[36m(ClientAppActor pid=58617)[0m [Client 1966] Data split:[32m [repeated 147x across cluster][0m
[36m(ClientAppActor pid=58617)[0m    Train:      86 samples (client-local)[32m [repeated 147x across cluster][0m
[36m(ClientAppActor pid=58617)[0m    Validation: 12 samples (client-local)[32m [repeated 147x across cluster][0m
[36m(ClientAppActor pid=97925)[0m [Client 3] Data split:[32m [repeated 135x across cluster][0m
[36m(ClientAppActor pid=97925)[0m    Train:      87 samples (client-local)[32m [repeated 135x across cluster][0m
[36m(ClientAppActor pid=97925)[0m    Validation: 12 samples (client-local)[32m [repeated 135x across cluster][0m
[36m(ClientAppActor pid=98898)[0m [Client 1901] Data split:[32m [repeated 142x across cluster][0m
[36m(ClientAppActor pid=98898)[0m    Train:      86 samples (client-local)[32m [repeated 142x across cluster][0m
[36m(ClientAppActor pid=98898)[0m    Validation: 12 samples (client-local)[32m [repeated 142x across cluster][0m
[36m(ClientAppActor pid=58171)[0m [Client 1536] Data split:[32m [repeated 139x across cluster][0m
[36m(ClientAppActor pid=58171)[0m    Train:      86 samples (client-local)[32m [repeated 139x across cluster][0m
[36m(ClientAppActor pid=58171)[0m    Validation: 12 samples (client-local)[32m [repeated 139x across cluster][0m
[36m(ClientAppActor pid=99221)[0m [Client 1102] Data split:[32m [repeated 149x across cluster][0m
[36m(ClientAppActor pid=99221)[0m    Train:      87 samples (client-local)[32m [repeated 149x across cluster][0m
[36m(ClientAppActor pid=99221)[0m    Validation: 12 samples (client-local)[32m [repeated 149x across cluster][0m
[36m(ClientAppActor pid=98100)[0m [Client 474] Data split:[32m [repeated 138x across cluster][0m
[36m(ClientAppActor pid=98100)[0m    Train:      87 samples (client-local)[32m [repeated 138x across cluster][0m
[36m(ClientAppActor pid=98100)[0m    Validation: 12 samples (client-local)[32m [repeated 138x across cluster][0m
[36m(ClientAppActor pid=57689)[0m [Client 1818] Data split:[32m [repeated 151x across cluster][0m
[36m(ClientAppActor pid=57689)[0m    Train:      86 samples (client-local)[32m [repeated 151x across cluster][0m
[36m(ClientAppActor pid=57689)[0m    Validation: 12 samples (client-local)[32m [repeated 151x across cluster][0m
[36m(ClientAppActor pid=106624)[0m [Client 1148] Data split:[32m [repeated 145x across cluster][0m
[36m(ClientAppActor pid=106624)[0m    Train:      87 samples (client-local)[32m [repeated 145x across cluster][0m
[36m(ClientAppActor pid=106624)[0m    Validation: 12 samples (client-local)[32m [repeated 145x across cluster][0m
[36m(ClientAppActor pid=99221)[0m [Client 416] Data split:[32m [repeated 139x across cluster][0m
[36m(ClientAppActor pid=99221)[0m    Train:      87 samples (client-local)[32m [repeated 139x across cluster][0m
[36m(ClientAppActor pid=99221)[0m    Validation: 12 samples (client-local)[32m [repeated 139x across cluster][0m
[36m(ClientAppActor pid=58708)[0m [Client 196] Data split:[32m [repeated 137x across cluster][0m
[36m(ClientAppActor pid=58708)[0m    Train:      87 samples (client-local)[32m [repeated 137x across cluster][0m
[36m(ClientAppActor pid=58708)[0m    Validation: 12 samples (client-local)[32m [repeated 137x across cluster][0m
[36m(ClientAppActor pid=58911)[0m [Client 0] Data split:[32m [repeated 140x across cluster][0m
[36m(ClientAppActor pid=58911)[0m    Train:      87 samples (client-local)[32m [repeated 140x across cluster][0m
[36m(ClientAppActor pid=58911)[0m    Validation: 12 samples (client-local)[32m [repeated 140x across cluster][0m
[36m(ClientAppActor pid=58911)[0m [Client 29] Data split:[32m [repeated 143x across cluster][0m
[36m(ClientAppActor pid=58911)[0m    Train:      87 samples (client-local)[32m [repeated 143x across cluster][0m
[36m(ClientAppActor pid=58911)[0m    Validation: 12 samples (client-local)[32m [repeated 143x across cluster][0m
[36m(ClientAppActor pid=58852)[0m [Client 219] Data split:[32m [repeated 146x across cluster][0m
[36m(ClientAppActor pid=58852)[0m    Train:      87 samples (client-local)[32m [repeated 146x across cluster][0m
[36m(ClientAppActor pid=58852)[0m    Validation: 12 samples (client-local)[32m [repeated 146x across cluster][0m
[36m(ClientAppActor pid=98378)[0m [Client 56] Data split:[32m [repeated 144x across cluster][0m
[36m(ClientAppActor pid=98378)[0m    Train:      87 samples (client-local)[32m [repeated 144x across cluster][0m
[36m(ClientAppActor pid=98378)[0m    Validation: 12 samples (client-local)[32m [repeated 144x across cluster][0m
[36m(ClientAppActor pid=99221)[0m [Client 363] Data split:[32m [repeated 137x across cluster][0m
[36m(ClientAppActor pid=99221)[0m    Train:      87 samples (client-local)[32m [repeated 137x across cluster][0m
[36m(ClientAppActor pid=99221)[0m    Validation: 12 samples (client-local)[32m [repeated 137x across cluster][0m
[36m(ClientAppActor pid=98100)[0m [Client 1723] Data split:[32m [repeated 139x across cluster][0m
[36m(ClientAppActor pid=98100)[0m    Train:      86 samples (client-local)[32m [repeated 139x across cluster][0m
[36m(ClientAppActor pid=98100)[0m    Validation: 12 samples (client-local)[32m [repeated 139x across cluster][0m
⏭️  Round 34: Evaluation skipped (all n_val=0)
[36m(ClientAppActor pid=98898)[0m [Client 132] Data split:[32m [repeated 126x across cluster][0m
[36m(ClientAppActor pid=98898)[0m    Train:      87 samples (client-local)[32m [repeated 126x across cluster][0m
[36m(ClientAppActor pid=98898)[0m    Validation: 12 samples (client-local)[32m [repeated 126x across cluster][0m
[36m(ClientAppActor pid=99221)[0m [Client 1525] Data split:[32m [repeated 138x across cluster][0m
[36m(ClientAppActor pid=99221)[0m    Train:      86 samples (client-local)[32m [repeated 138x across cluster][0m
[36m(ClientAppActor pid=99221)[0m    Validation: 12 samples (client-local)[32m [repeated 138x across cluster][0m
[36m(ClientAppActor pid=97834)[0m [Client 1210] Data split:[32m [repeated 148x across cluster][0m
[36m(ClientAppActor pid=97834)[0m    Train:      87 samples (client-local)[32m [repeated 148x across cluster][0m
[36m(ClientAppActor pid=97834)[0m    Validation: 12 samples (client-local)[32m [repeated 148x across cluster][0m[92mINFO [0m:      aggregate_fit: received 1638 results and 0 failures
[92mINFO [0m:      configure_evaluate: strategy sampled 2048 clients (out of 2048)
[92mINFO [0m:      aggregate_evaluate: received 2048 results and 0 failures
[92mINFO [0m:      
[92mINFO [0m:      [ROUND 36]
[92mINFO [0m:      configure_fit: strategy sampled 1638 clients (out of 2048)

[36m(ClientAppActor pid=59339)[0m [Client 126] Data split:[32m [repeated 137x across cluster][0m
[36m(ClientAppActor pid=59339)[0m    Train:      87 samples (client-local)[32m [repeated 137x across cluster][0m
[36m(ClientAppActor pid=59339)[0m    Validation: 12 samples (client-local)[32m [repeated 137x across cluster][0m
[36m(ClientAppActor pid=57814)[0m [Client 1943] Data split:[32m [repeated 143x across cluster][0m
[36m(ClientAppActor pid=57814)[0m    Train:      86 samples (client-local)[32m [repeated 143x across cluster][0m
[36m(ClientAppActor pid=57814)[0m    Validation: 12 samples (client-local)[32m [repeated 143x across cluster][0m
[36m(ClientAppActor pid=58171)[0m [Client 760] Data split:[32m [repeated 141x across cluster][0m
[36m(ClientAppActor pid=58171)[0m    Train:      87 samples (client-local)[32m [repeated 141x across cluster][0m
[36m(ClientAppActor pid=58171)[0m    Validation: 12 samples (client-local)[32m [repeated 141x across cluster][0m
[36m(ClientAppActor pid=100781)[0m [Client 298] Data split:[32m [repeated 151x across cluster][0m
[36m(ClientAppActor pid=100781)[0m    Train:      87 samples (client-local)[32m [repeated 151x across cluster][0m
[36m(ClientAppActor pid=100781)[0m    Validation: 12 samples (client-local)[32m [repeated 151x across cluster][0m
[36m(ClientAppActor pid=98757)[0m [Client 197] Data split:[32m [repeated 147x across cluster][0m
[36m(ClientAppActor pid=98757)[0m    Train:      87 samples (client-local)[32m [repeated 147x across cluster][0m
[36m(ClientAppActor pid=98757)[0m    Validation: 12 samples (client-local)[32m [repeated 147x across cluster][0m
[36m(ClientAppActor pid=57636)[0m [Client 1678] Data split:[32m [repeated 147x across cluster][0m
[36m(ClientAppActor pid=57636)[0m    Train:      86 samples (client-local)[32m [repeated 147x across cluster][0m
[36m(ClientAppActor pid=57636)[0m    Validation: 12 samples (client-local)[32m [repeated 147x across cluster][0m
[36m(ClientAppActor pid=59339)[0m [Client 1666] Data split:[32m [repeated 135x across cluster][0m
[36m(ClientAppActor pid=59339)[0m    Train:      86 samples (client-local)[32m [repeated 135x across cluster][0m
[36m(ClientAppActor pid=59339)[0m    Validation: 12 samples (client-local)[32m [repeated 135x across cluster][0m
[36m(ClientAppActor pid=98898)[0m [Client 41] Data split:[32m [repeated 148x across cluster][0m
[36m(ClientAppActor pid=98898)[0m    Train:      87 samples (client-local)[32m [repeated 148x across cluster][0m
[36m(ClientAppActor pid=98898)[0m    Validation: 12 samples (client-local)[32m [repeated 148x across cluster][0m
[36m(ClientAppActor pid=106624)[0m [Client 130] Data split:[32m [repeated 136x across cluster][0m
[36m(ClientAppActor pid=106624)[0m    Train:      87 samples (client-local)[32m [repeated 136x across cluster][0m
[36m(ClientAppActor pid=106624)[0m    Validation: 12 samples (client-local)[32m [repeated 136x across cluster][0m
[36m(ClientAppActor pid=98100)[0m [Client 1777] Data split:[32m [repeated 149x across cluster][0m
[36m(ClientAppActor pid=98100)[0m    Train:      86 samples (client-local)[32m [repeated 149x across cluster][0m
[36m(ClientAppActor pid=98100)[0m    Validation: 12 samples (client-local)[32m [repeated 149x across cluster][0m
[36m(ClientAppActor pid=57689)[0m [Client 1860] Data split:[32m [repeated 147x across cluster][0m
[36m(ClientAppActor pid=57689)[0m    Train:      86 samples (client-local)[32m [repeated 147x across cluster][0m
[36m(ClientAppActor pid=57689)[0m    Validation: 12 samples (client-local)[32m [repeated 147x across cluster][0m
[36m(ClientAppActor pid=106270)[0m [Client 1506] Data split:[32m [repeated 143x across cluster][0m
[36m(ClientAppActor pid=106270)[0m    Train:      86 samples (client-local)[32m [repeated 143x across cluster][0m
[36m(ClientAppActor pid=106270)[0m    Validation: 12 samples (client-local)[32m [repeated 143x across cluster][0m
[36m(ClientAppActor pid=100011)[0m [Client 117] Data split:[32m [repeated 147x across cluster][0m
[36m(ClientAppActor pid=100011)[0m    Train:      87 samples (client-local)[32m [repeated 147x across cluster][0m
[36m(ClientAppActor pid=100011)[0m    Validation: 12 samples (client-local)[32m [repeated 147x across cluster][0m
[36m(ClientAppActor pid=100060)[0m [Client 2030] Data split:[32m [repeated 155x across cluster][0m
[36m(ClientAppActor pid=100060)[0m    Train:      86 samples (client-local)[32m [repeated 155x across cluster][0m
[36m(ClientAppActor pid=100060)[0m    Validation: 12 samples (client-local)[32m [repeated 155x across cluster][0m
[36m(ClientAppActor pid=106307)[0m [Client 1022] Data split:[32m [repeated 153x across cluster][0m
[36m(ClientAppActor pid=106307)[0m    Train:      87 samples (client-local)[32m [repeated 153x across cluster][0m
[36m(ClientAppActor pid=106307)[0m    Validation: 12 samples (client-local)[32m [repeated 153x across cluster][0m
[36m(ClientAppActor pid=58617)[0m [Client 322] Data split:[32m [repeated 146x across cluster][0m
[36m(ClientAppActor pid=58617)[0m    Train:      87 samples (client-local)[32m [repeated 146x across cluster][0m
[36m(ClientAppActor pid=58617)[0m    Validation: 12 samples (client-local)[32m [repeated 146x across cluster][0m
[36m(ClientAppActor pid=106270)[0m [Client 766] Data split:[32m [repeated 142x across cluster][0m
[36m(ClientAppActor pid=106270)[0m    Train:      87 samples (client-local)[32m [repeated 142x across cluster][0m
[36m(ClientAppActor pid=106270)[0m    Validation: 12 samples (client-local)[32m [repeated 142x across cluster][0m
[36m(ClientAppActor pid=58033)[0m [Client 1426] Data split:[32m [repeated 143x across cluster][0m
[36m(ClientAppActor pid=58033)[0m    Train:      87 samples (client-local)[32m [repeated 143x across cluster][0m
[36m(ClientAppActor pid=58033)[0m    Validation: 12 samples (client-local)[32m [repeated 143x across cluster][0m
[36m(ClientAppActor pid=57636)[0m [Client 1699] Data split:[32m [repeated 136x across cluster][0m
[36m(ClientAppActor pid=57636)[0m    Train:      86 samples (client-local)[32m [repeated 136x across cluster][0m
[36m(ClientAppActor pid=57636)[0m    Validation: 12 samples (client-local)[32m [repeated 136x across cluster][0m
[36m(ClientAppActor pid=106270)[0m [Client 531] Data split:[32m [repeated 128x across cluster][0m
[36m(ClientAppActor pid=106270)[0m    Train:      87 samples (client-local)[32m [repeated 128x across cluster][0m
[36m(ClientAppActor pid=106270)[0m    Validation: 12 samples (client-local)[32m [repeated 128x across cluster][0m
[36m(ClientAppActor pid=106624)[0m [Client 1778] Data split:[32m [repeated 154x across cluster][0m
[36m(ClientAppActor pid=106624)[0m    Train:      86 samples (client-local)[32m [repeated 154x across cluster][0m
[36m(ClientAppActor pid=106624)[0m    Validation: 12 samples (client-local)[32m [repeated 154x across cluster][0m
[36m(ClientAppActor pid=98100)[0m [Client 116] Data split:[32m [repeated 130x across cluster][0m
[36m(ClientAppActor pid=98100)[0m    Train:      87 samples (client-local)[32m [repeated 130x across cluster][0m
[36m(ClientAppActor pid=98100)[0m    Validation: 12 samples (client-local)[32m [repeated 130x across cluster][0m
[36m(ClientAppActor pid=106270)[0m [Client 1281] Data split:[32m [repeated 142x across cluster][0m
[36m(ClientAppActor pid=106270)[0m    Train:      87 samples (client-local)[32m [repeated 142x across cluster][0m
[36m(ClientAppActor pid=106270)[0m    Validation: 12 samples (client-local)[32m [repeated 142x across cluster][0m
⏭️  Round 35: Evaluation skipped (all n_val=0)
[36m(ClientAppActor pid=58171)[0m [Client 204] Data split:[32m [repeated 133x across cluster][0m
[36m(ClientAppActor pid=58171)[0m    Train:      87 samples (client-local)[32m [repeated 133x across cluster][0m
[36m(ClientAppActor pid=58171)[0m    Validation: 12 samples (client-local)[32m [repeated 133x across cluster][0m
[36m(ClientAppActor pid=99221)[0m [Client 455] Data split:[32m [repeated 142x across cluster][0m[92mINFO [0m:      aggregate_fit: received 1638 results and 0 failures
[92mINFO [0m:      configure_evaluate: strategy sampled 2048 clients (out of 2048)

[36m(ClientAppActor pid=99221)[0m    Train:      87 samples (client-local)[32m [repeated 142x across cluster][0m
[36m(ClientAppActor pid=99221)[0m    Validation: 12 samples (client-local)[32m [repeated 142x across cluster][0m
[36m(ClientAppActor pid=106624)[0m [Client 208] Data split:[32m [repeated 145x across cluster][0m
[36m(ClientAppActor pid=106624)[0m    Train:      87 samples (client-local)[32m [repeated 145x across cluster][0m
[36m(ClientAppActor pid=106624)[0m    Validation: 12 samples (client-local)[32m [repeated 145x across cluster][0m
[36m(ClientAppActor pid=99221)[0m [Client 821] Data split:[32m [repeated 138x across cluster][0m
[36m(ClientAppActor pid=99221)[0m    Train:      87 samples (client-local)[32m [repeated 138x across cluster][0m
[36m(ClientAppActor pid=99221)[0m    Validation: 12 samples (client-local)[32m [repeated 138x across cluster][0m
[36m(ClientAppActor pid=99190)[0m [Client 172] Data split:[32m [repeated 133x across cluster][0m
[36m(ClientAppActor pid=99190)[0m    Train:      87 samples (client-local)[32m [repeated 133x across cluster][0m
[36m(ClientAppActor pid=99190)[0m    Validation: 12 samples (client-local)[32m [repeated 133x across cluster][0m
[36m(ClientAppActor pid=57814)[0m [Client 1522] Data split:[32m [repeated 148x across cluster][0m
[36m(ClientAppActor pid=57814)[0m    Train:      86 samples (client-local)[32m [repeated 148x across cluster][0m
[36m(ClientAppActor pid=57814)[0m    Validation: 12 samples (client-local)[32m [repeated 148x across cluster][0m
[36m(ClientAppActor pid=58617)[0m [Client 1688] Data split:[32m [repeated 151x across cluster][0m
[36m(ClientAppActor pid=58617)[0m    Train:      86 samples (client-local)[32m [repeated 151x across cluster][0m
[36m(ClientAppActor pid=58617)[0m    Validation: 12 samples (client-local)[32m [repeated 151x across cluster][0m
[36m(ClientAppActor pid=99221)[0m [Client 971] Data split:[32m [repeated 143x across cluster][0m
[36m(ClientAppActor pid=99221)[0m    Train:      87 samples (client-local)[32m [repeated 143x across cluster][0m
[36m(ClientAppActor pid=99221)[0m    Validation: 12 samples (client-local)[32m [repeated 143x across cluster][0m
[36m(ClientAppActor pid=58911)[0m [Client 1788] Data split:[32m [repeated 146x across cluster][0m
[36m(ClientAppActor pid=58911)[0m    Train:      86 samples (client-local)[32m [repeated 146x across cluster][0m
[36m(ClientAppActor pid=58911)[0m    Validation: 12 samples (client-local)[32m [repeated 146x across cluster][0m
[36m(ClientAppActor pid=100011)[0m [Client 121] Data split:[32m [repeated 138x across cluster][0m
[36m(ClientAppActor pid=100011)[0m    Train:      87 samples (client-local)[32m [repeated 138x across cluster][0m
[36m(ClientAppActor pid=100011)[0m    Validation: 12 samples (client-local)[32m [repeated 138x across cluster][0m
[36m(ClientAppActor pid=59018)[0m [Client 2017] Data split:[32m [repeated 146x across cluster][0m
[36m(ClientAppActor pid=59018)[0m    Train:      86 samples (client-local)[32m [repeated 146x across cluster][0m
[36m(ClientAppActor pid=59018)[0m    Validation: 12 samples (client-local)[32m [repeated 146x across cluster][0m
[36m(ClientAppActor pid=106624)[0m [Client 4] Data split:[32m [repeated 108x across cluster][0m
[36m(ClientAppActor pid=106624)[0m    Train:      87 samples (client-local)[32m [repeated 108x across cluster][0m
[36m(ClientAppActor pid=106624)[0m    Validation: 12 samples (client-local)[32m [repeated 108x across cluster][0m
[36m(ClientAppActor pid=98898)[0m [Client 409] Data split:[32m [repeated 140x across cluster][0m
[36m(ClientAppActor pid=98898)[0m    Train:      87 samples (client-local)[32m [repeated 140x across cluster][0m
[36m(ClientAppActor pid=98898)[0m    Validation: 12 samples (client-local)[32m [repeated 140x across cluster][0m
[36m(ClientAppActor pid=106270)[0m [Client 440] Data split:[32m [repeated 145x across cluster][0m
[36m(ClientAppActor pid=106270)[0m    Train:      87 samples (client-local)[32m [repeated 145x across cluster][0m
[36m(ClientAppActor pid=106270)[0m    Validation: 12 samples (client-local)[32m [repeated 145x across cluster][0m
[36m(ClientAppActor pid=57434)[0m [Client 817] Data split:[32m [repeated 144x across cluster][0m
[36m(ClientAppActor pid=57434)[0m    Train:      87 samples (client-local)[32m [repeated 144x across cluster][0m
[36m(ClientAppActor pid=57434)[0m    Validation: 12 samples (client-local)[32m [repeated 144x across cluster][0m
[36m(ClientAppActor pid=106624)[0m [Client 134] Data split:[32m [repeated 142x across cluster][0m
[36m(ClientAppActor pid=106624)[0m    Train:      87 samples (client-local)[32m [repeated 142x across cluster][0m
[36m(ClientAppActor pid=106624)[0m    Validation: 12 samples (client-local)[32m [repeated 142x across cluster][0m
[36m(ClientAppActor pid=57814)[0m [Client 209] Data split:[32m [repeated 147x across cluster][0m
[36m(ClientAppActor pid=57814)[0m    Train:      87 samples (client-local)[32m [repeated 147x across cluster][0m
[36m(ClientAppActor pid=57814)[0m    Validation: 12 samples (client-local)[32m [repeated 147x across cluster][0m
[36m(ClientAppActor pid=58852)[0m [Client 468] Data split:[32m [repeated 138x across cluster][0m
[36m(ClientAppActor pid=58852)[0m    Train:      87 samples (client-local)[32m [repeated 138x across cluster][0m
[36m(ClientAppActor pid=58852)[0m    Validation: 12 samples (client-local)[32m [repeated 138x across cluster][0m
[36m(ClientAppActor pid=58852)[0m [Client 232] Data split:[32m [repeated 145x across cluster][0m
[36m(ClientAppActor pid=58852)[0m    Train:      87 samples (client-local)[32m [repeated 145x across cluster][0m
[36m(ClientAppActor pid=58852)[0m    Validation: 12 samples (client-local)[32m [repeated 145x across cluster][0m
[36m(ClientAppActor pid=58617)[0m [Client 1868] Data split:[32m [repeated 153x across cluster][0m
[36m(ClientAppActor pid=58617)[0m    Train:      86 samples (client-local)[32m [repeated 153x across cluster][0m
[36m(ClientAppActor pid=58617)[0m    Validation: 12 samples (client-local)[32m [repeated 153x across cluster][0m
[36m(ClientAppActor pid=100120)[0m [Client 824] Data split:[32m [repeated 142x across cluster][0m
[36m(ClientAppActor pid=100120)[0m    Train:      87 samples (client-local)[32m [repeated 142x across cluster][0m
[36m(ClientAppActor pid=100120)[0m    Validation: 12 samples (client-local)[32m [repeated 142x across cluster][0m
[36m(ClientAppActor pid=57814)[0m [Client 1009] Data split:[32m [repeated 142x across cluster][0m
[36m(ClientAppActor pid=57814)[0m    Train:      87 samples (client-local)[32m [repeated 142x across cluster][0m
[36m(ClientAppActor pid=57814)[0m    Validation: 12 samples (client-local)[32m [repeated 142x across cluster][0m
[36m(ClientAppActor pid=58617)[0m [Client 1153] Data split:[32m [repeated 154x across cluster][0m
[36m(ClientAppActor pid=58617)[0m    Train:      87 samples (client-local)[32m [repeated 154x across cluster][0m
[36m(ClientAppActor pid=58617)[0m    Validation: 12 samples (client-local)[32m [repeated 154x across cluster][0m
[36m(ClientAppActor pid=97834)[0m [Client 2027] Data split:[32m [repeated 162x across cluster][0m
[36m(ClientAppActor pid=97834)[0m    Train:      86 samples (client-local)[32m [repeated 162x across cluster][0m
[36m(ClientAppActor pid=97834)[0m    Validation: 12 samples (client-local)[32m [repeated 162x across cluster][0m
[36m(ClientAppActor pid=58852)[0m [Client 1568] Data split:[32m [repeated 129x across cluster][0m
[36m(ClientAppActor pid=58852)[0m    Train:      86 samples (client-local)[32m [repeated 129x across cluster][0m
[36m(ClientAppActor pid=58852)[0m    Validation: 12 samples (client-local)[32m [repeated 129x across cluster][0m
[36m(ClientAppActor pid=106270)[0m [Client 1521] Data split:[32m [repeated 144x across cluster][0m
[36m(ClientAppActor pid=106270)[0m    Train:      86 samples (client-local)[32m [repeated 144x across cluster][0m
[36m(ClientAppActor pid=106270)[0m    Validation: 12 samples (client-local)[32m [repeated 144x across cluster][0m[92mINFO [0m:      aggregate_evaluate: received 2048 results and 0 failures
[92mINFO [0m:      
[92mINFO [0m:      [ROUND 37]
[92mINFO [0m:      configure_fit: strategy sampled 1638 clients (out of 2048)
[92mINFO [0m:      aggregate_fit: received 1638 results and 0 failures
[92mINFO [0m:      configure_evaluate: strategy sampled 2048 clients (out of 2048)

⏭️  Round 36: Evaluation skipped (all n_val=0)
[36m(ClientAppActor pid=108073)[0m [Client 240] Data split:[32m [repeated 121x across cluster][0m
[36m(ClientAppActor pid=108073)[0m    Train:      87 samples (client-local)[32m [repeated 121x across cluster][0m
[36m(ClientAppActor pid=108073)[0m    Validation: 12 samples (client-local)[32m [repeated 121x across cluster][0m
[36m(ClientAppActor pid=58617)[0m [Client 1747] Data split:[32m [repeated 136x across cluster][0m
[36m(ClientAppActor pid=58617)[0m    Train:      86 samples (client-local)[32m [repeated 136x across cluster][0m
[36m(ClientAppActor pid=58617)[0m    Validation: 12 samples (client-local)[32m [repeated 136x across cluster][0m
[36m(ClientAppActor pid=57689)[0m [Client 1813] Data split:[32m [repeated 140x across cluster][0m
[36m(ClientAppActor pid=57689)[0m    Train:      86 samples (client-local)[32m [repeated 140x across cluster][0m
[36m(ClientAppActor pid=57689)[0m    Validation: 12 samples (client-local)[32m [repeated 140x across cluster][0m
[36m(ClientAppActor pid=106624)[0m [Client 1870] Data split:[32m [repeated 137x across cluster][0m
[36m(ClientAppActor pid=106624)[0m    Train:      86 samples (client-local)[32m [repeated 137x across cluster][0m
[36m(ClientAppActor pid=106624)[0m    Validation: 12 samples (client-local)[32m [repeated 137x across cluster][0m
[36m(ClientAppActor pid=100060)[0m [Client 1762] Data split:[32m [repeated 147x across cluster][0m
[36m(ClientAppActor pid=100060)[0m    Train:      86 samples (client-local)[32m [repeated 147x across cluster][0m
[36m(ClientAppActor pid=100060)[0m    Validation: 12 samples (client-local)[32m [repeated 147x across cluster][0m
[36m(ClientAppActor pid=58617)[0m [Client 863] Data split:[32m [repeated 143x across cluster][0m
[36m(ClientAppActor pid=58617)[0m    Train:      87 samples (client-local)[32m [repeated 143x across cluster][0m
[36m(ClientAppActor pid=58617)[0m    Validation: 12 samples (client-local)[32m [repeated 143x across cluster][0m
[36m(ClientAppActor pid=100060)[0m [Client 1396] Data split:[32m [repeated 140x across cluster][0m
[36m(ClientAppActor pid=100060)[0m    Train:      87 samples (client-local)[32m [repeated 140x across cluster][0m
[36m(ClientAppActor pid=100060)[0m    Validation: 12 samples (client-local)[32m [repeated 140x across cluster][0m
[36m(ClientAppActor pid=58617)[0m [Client 205] Data split:[32m [repeated 135x across cluster][0m
[36m(ClientAppActor pid=58617)[0m    Train:      87 samples (client-local)[32m [repeated 135x across cluster][0m
[36m(ClientAppActor pid=58617)[0m    Validation: 12 samples (client-local)[32m [repeated 135x across cluster][0m
[36m(ClientAppActor pid=57434)[0m [Client 55] Data split:[32m [repeated 159x across cluster][0m
[36m(ClientAppActor pid=57434)[0m    Train:      87 samples (client-local)[32m [repeated 159x across cluster][0m
[36m(ClientAppActor pid=57434)[0m    Validation: 12 samples (client-local)[32m [repeated 159x across cluster][0m
[36m(ClientAppActor pid=106270)[0m [Client 200] Data split:[32m [repeated 129x across cluster][0m
[36m(ClientAppActor pid=106270)[0m    Train:      87 samples (client-local)[32m [repeated 129x across cluster][0m
[36m(ClientAppActor pid=106270)[0m    Validation: 12 samples (client-local)[32m [repeated 129x across cluster][0m
[36m(ClientAppActor pid=106270)[0m [Client 1331] Data split:[32m [repeated 143x across cluster][0m
[36m(ClientAppActor pid=106270)[0m    Train:      87 samples (client-local)[32m [repeated 143x across cluster][0m
[36m(ClientAppActor pid=106270)[0m    Validation: 12 samples (client-local)[32m [repeated 143x across cluster][0m
[36m(ClientAppActor pid=98898)[0m [Client 69] Data split:[32m [repeated 129x across cluster][0m
[36m(ClientAppActor pid=98898)[0m    Train:      87 samples (client-local)[32m [repeated 129x across cluster][0m
[36m(ClientAppActor pid=98898)[0m    Validation: 12 samples (client-local)[32m [repeated 129x across cluster][0m
[36m(ClientAppActor pid=100011)[0m [Client 1653] Data split:[32m [repeated 140x across cluster][0m
[36m(ClientAppActor pid=100011)[0m    Train:      86 samples (client-local)[32m [repeated 140x across cluster][0m
[36m(ClientAppActor pid=100011)[0m    Validation: 12 samples (client-local)[32m [repeated 140x across cluster][0m
[36m(ClientAppActor pid=98898)[0m [Client 345] Data split:[32m [repeated 138x across cluster][0m
[36m(ClientAppActor pid=98898)[0m    Train:      87 samples (client-local)[32m [repeated 138x across cluster][0m
[36m(ClientAppActor pid=98898)[0m    Validation: 12 samples (client-local)[32m [repeated 138x across cluster][0m
[36m(ClientAppActor pid=57814)[0m [Client 169] Data split:[32m [repeated 155x across cluster][0m
[36m(ClientAppActor pid=57814)[0m    Train:      87 samples (client-local)[32m [repeated 155x across cluster][0m
[36m(ClientAppActor pid=57814)[0m    Validation: 12 samples (client-local)[32m [repeated 155x across cluster][0m
[36m(ClientAppActor pid=106270)[0m [Client 395] Data split:[32m [repeated 139x across cluster][0m
[36m(ClientAppActor pid=106270)[0m    Train:      87 samples (client-local)[32m [repeated 139x across cluster][0m
[36m(ClientAppActor pid=106270)[0m    Validation: 12 samples (client-local)[32m [repeated 139x across cluster][0m
[36m(ClientAppActor pid=99221)[0m [Client 479] Data split:[32m [repeated 141x across cluster][0m
[36m(ClientAppActor pid=99221)[0m    Train:      87 samples (client-local)[32m [repeated 141x across cluster][0m
[36m(ClientAppActor pid=99221)[0m    Validation: 12 samples (client-local)[32m [repeated 141x across cluster][0m
[36m(ClientAppActor pid=98898)[0m [Client 1615] Data split:[32m [repeated 141x across cluster][0m
[36m(ClientAppActor pid=98898)[0m    Train:      86 samples (client-local)[32m [repeated 141x across cluster][0m
[36m(ClientAppActor pid=98898)[0m    Validation: 12 samples (client-local)[32m [repeated 141x across cluster][0m
[36m(ClientAppActor pid=98757)[0m [Client 387] Data split:[32m [repeated 155x across cluster][0m
[36m(ClientAppActor pid=98757)[0m    Train:      87 samples (client-local)[32m [repeated 155x across cluster][0m
[36m(ClientAppActor pid=98757)[0m    Validation: 12 samples (client-local)[32m [repeated 155x across cluster][0m
[36m(ClientAppActor pid=98898)[0m [Client 861] Data split:[32m [repeated 140x across cluster][0m
[36m(ClientAppActor pid=98898)[0m    Train:      87 samples (client-local)[32m [repeated 140x across cluster][0m
[36m(ClientAppActor pid=98898)[0m    Validation: 12 samples (client-local)[32m [repeated 140x across cluster][0m
[36m(ClientAppActor pid=58617)[0m [Client 778] Data split:[32m [repeated 145x across cluster][0m
[36m(ClientAppActor pid=58617)[0m    Train:      87 samples (client-local)[32m [repeated 145x across cluster][0m
[36m(ClientAppActor pid=58617)[0m    Validation: 12 samples (client-local)[32m [repeated 145x across cluster][0m
[36m(ClientAppActor pid=106624)[0m [Client 608] Data split:[32m [repeated 140x across cluster][0m
[36m(ClientAppActor pid=106624)[0m    Train:      87 samples (client-local)[32m [repeated 140x across cluster][0m
[36m(ClientAppActor pid=106624)[0m    Validation: 12 samples (client-local)[32m [repeated 140x across cluster][0m
[36m(ClientAppActor pid=106270)[0m [Client 1840] Data split:[32m [repeated 144x across cluster][0m
[36m(ClientAppActor pid=106270)[0m    Train:      86 samples (client-local)[32m [repeated 144x across cluster][0m
[36m(ClientAppActor pid=106270)[0m    Validation: 12 samples (client-local)[32m [repeated 144x across cluster][0m
[36m(ClientAppActor pid=98898)[0m [Client 116] Data split:[32m [repeated 151x across cluster][0m
[36m(ClientAppActor pid=98898)[0m    Train:      87 samples (client-local)[32m [repeated 151x across cluster][0m
[36m(ClientAppActor pid=98898)[0m    Validation: 12 samples (client-local)[32m [repeated 151x across cluster][0m
[36m(ClientAppActor pid=57434)[0m [Client 1917] Data split:[32m [repeated 149x across cluster][0m[92mINFO [0m:      aggregate_evaluate: received 2048 results and 0 failures
[92mINFO [0m:      
[92mINFO [0m:      [ROUND 38]
[92mINFO [0m:      configure_fit: strategy sampled 1638 clients (out of 2048)
[92mINFO [0m:      aggregate_fit: received 1638 results and 0 failures
[92mINFO [0m:      configure_evaluate: strategy sampled 2048 clients (out of 2048)

[36m(ClientAppActor pid=57434)[0m    Train:      86 samples (client-local)[32m [repeated 149x across cluster][0m
[36m(ClientAppActor pid=57434)[0m    Validation: 12 samples (client-local)[32m [repeated 149x across cluster][0m
[36m(ClientAppActor pid=100011)[0m [Client 282] Data split:[32m [repeated 141x across cluster][0m
[36m(ClientAppActor pid=100011)[0m    Train:      87 samples (client-local)[32m [repeated 141x across cluster][0m
[36m(ClientAppActor pid=100011)[0m    Validation: 12 samples (client-local)[32m [repeated 141x across cluster][0m
⏭️  Round 37: Evaluation skipped (all n_val=0)
[36m(ClientAppActor pid=58023)[0m [Client 108] Data split:[32m [repeated 131x across cluster][0m
[36m(ClientAppActor pid=58023)[0m    Train:      87 samples (client-local)[32m [repeated 131x across cluster][0m
[36m(ClientAppActor pid=58023)[0m    Validation: 12 samples (client-local)[32m [repeated 131x across cluster][0m
[36m(ClientAppActor pid=99221)[0m [Client 344] Data split:[32m [repeated 153x across cluster][0m
[36m(ClientAppActor pid=99221)[0m    Train:      87 samples (client-local)[32m [repeated 153x across cluster][0m
[36m(ClientAppActor pid=99221)[0m    Validation: 12 samples (client-local)[32m [repeated 153x across cluster][0m
[36m(ClientAppActor pid=59339)[0m [Client 1808] Data split:[32m [repeated 152x across cluster][0m
[36m(ClientAppActor pid=59339)[0m    Train:      86 samples (client-local)[32m [repeated 152x across cluster][0m
[36m(ClientAppActor pid=59339)[0m    Validation: 12 samples (client-local)[32m [repeated 152x across cluster][0m
[36m(ClientAppActor pid=59339)[0m [Client 1945] Data split:[32m [repeated 145x across cluster][0m
[36m(ClientAppActor pid=59339)[0m    Train:      86 samples (client-local)[32m [repeated 145x across cluster][0m
[36m(ClientAppActor pid=59339)[0m    Validation: 12 samples (client-local)[32m [repeated 145x across cluster][0m
[36m(ClientAppActor pid=99221)[0m [Client 24] Data split:[32m [repeated 142x across cluster][0m
[36m(ClientAppActor pid=99221)[0m    Train:      87 samples (client-local)[32m [repeated 142x across cluster][0m
[36m(ClientAppActor pid=99221)[0m    Validation: 12 samples (client-local)[32m [repeated 142x across cluster][0m
[36m(ClientAppActor pid=98898)[0m [Client 896] Data split:[32m [repeated 152x across cluster][0m
[36m(ClientAppActor pid=98898)[0m    Train:      87 samples (client-local)[32m [repeated 152x across cluster][0m
[36m(ClientAppActor pid=98898)[0m    Validation: 12 samples (client-local)[32m [repeated 152x across cluster][0m
[36m(ClientAppActor pid=99221)[0m [Client 2039] Data split:[32m [repeated 135x across cluster][0m
[36m(ClientAppActor pid=99221)[0m    Train:      86 samples (client-local)[32m [repeated 135x across cluster][0m
[36m(ClientAppActor pid=99221)[0m    Validation: 12 samples (client-local)[32m [repeated 135x across cluster][0m
[36m(ClientAppActor pid=99221)[0m [Client 1286] Data split:[32m [repeated 145x across cluster][0m
[36m(ClientAppActor pid=99221)[0m    Train:      87 samples (client-local)[32m [repeated 145x across cluster][0m
[36m(ClientAppActor pid=99221)[0m    Validation: 12 samples (client-local)[32m [repeated 145x across cluster][0m
[36m(ClientAppActor pid=57689)[0m [Client 495] Data split:[32m [repeated 138x across cluster][0m
[36m(ClientAppActor pid=57689)[0m    Train:      87 samples (client-local)[32m [repeated 138x across cluster][0m
[36m(ClientAppActor pid=57689)[0m    Validation: 12 samples (client-local)[32m [repeated 138x across cluster][0m
[36m(ClientAppActor pid=58617)[0m [Client 1030] Data split:[32m [repeated 145x across cluster][0m
[36m(ClientAppActor pid=58617)[0m    Train:      87 samples (client-local)[32m [repeated 145x across cluster][0m
[36m(ClientAppActor pid=58617)[0m    Validation: 12 samples (client-local)[32m [repeated 145x across cluster][0m
[36m(ClientAppActor pid=58617)[0m [Client 1016] Data split:[32m [repeated 150x across cluster][0m
[36m(ClientAppActor pid=58617)[0m    Train:      87 samples (client-local)[32m [repeated 150x across cluster][0m
[36m(ClientAppActor pid=58617)[0m    Validation: 12 samples (client-local)[32m [repeated 150x across cluster][0m
[36m(ClientAppActor pid=58852)[0m [Client 1801] Data split:[32m [repeated 111x across cluster][0m
[36m(ClientAppActor pid=58852)[0m    Train:      86 samples (client-local)[32m [repeated 111x across cluster][0m
[36m(ClientAppActor pid=58852)[0m    Validation: 12 samples (client-local)[32m [repeated 111x across cluster][0m
[36m(ClientAppActor pid=57434)[0m [Client 2] Data split:[32m [repeated 138x across cluster][0m
[36m(ClientAppActor pid=57434)[0m    Train:      87 samples (client-local)[32m [repeated 138x across cluster][0m
[36m(ClientAppActor pid=57434)[0m    Validation: 12 samples (client-local)[32m [repeated 138x across cluster][0m
[36m(ClientAppActor pid=58023)[0m [Client 108] Data split:[32m [repeated 137x across cluster][0m
[36m(ClientAppActor pid=58023)[0m    Train:      87 samples (client-local)[32m [repeated 137x across cluster][0m
[36m(ClientAppActor pid=58023)[0m    Validation: 12 samples (client-local)[32m [repeated 137x across cluster][0m
[36m(ClientAppActor pid=58617)[0m [Client 1622] Data split:[32m [repeated 154x across cluster][0m
[36m(ClientAppActor pid=58617)[0m    Train:      86 samples (client-local)[32m [repeated 154x across cluster][0m
[36m(ClientAppActor pid=58617)[0m    Validation: 12 samples (client-local)[32m [repeated 154x across cluster][0m
[36m(ClientAppActor pid=98898)[0m [Client 276] Data split:[32m [repeated 139x across cluster][0m
[36m(ClientAppActor pid=98898)[0m    Train:      87 samples (client-local)[32m [repeated 139x across cluster][0m
[36m(ClientAppActor pid=98898)[0m    Validation: 12 samples (client-local)[32m [repeated 139x across cluster][0m
[36m(ClientAppActor pid=106270)[0m [Client 825] Data split:[32m [repeated 143x across cluster][0m
[36m(ClientAppActor pid=106270)[0m    Train:      87 samples (client-local)[32m [repeated 143x across cluster][0m
[36m(ClientAppActor pid=106270)[0m    Validation: 12 samples (client-local)[32m [repeated 143x across cluster][0m
[36m(ClientAppActor pid=98757)[0m [Client 98] Data split:[32m [repeated 142x across cluster][0m
[36m(ClientAppActor pid=98757)[0m    Train:      87 samples (client-local)[32m [repeated 142x across cluster][0m
[36m(ClientAppActor pid=98757)[0m    Validation: 12 samples (client-local)[32m [repeated 142x across cluster][0m
[36m(ClientAppActor pid=58852)[0m [Client 1484] Data split:[32m [repeated 153x across cluster][0m
[36m(ClientAppActor pid=58852)[0m    Train:      86 samples (client-local)[32m [repeated 153x across cluster][0m
[36m(ClientAppActor pid=58852)[0m    Validation: 12 samples (client-local)[32m [repeated 153x across cluster][0m
[36m(ClientAppActor pid=98898)[0m 
[36m(ClientAppActor pid=58852)[0m [Client 482] Data split:[32m [repeated 146x across cluster][0m
[36m(ClientAppActor pid=58852)[0m    Train:      87 samples (client-local)[32m [repeated 146x across cluster][0m
[36m(ClientAppActor pid=58852)[0m    Validation: 12 samples (client-local)[32m [repeated 146x across cluster][0m
[36m(ClientAppActor pid=58500)[0m [Client 656] Data split:[32m [repeated 145x across cluster][0m
[36m(ClientAppActor pid=58500)[0m    Train:      87 samples (client-local)[32m [repeated 145x across cluster][0m
[36m(ClientAppActor pid=58500)[0m    Validation: 12 samples (client-local)[32m [repeated 145x across cluster][0m
[36m(ClientAppActor pid=106270)[0m [Client 80] Data split:[32m [repeated 142x across cluster][0m
[36m(ClientAppActor pid=106270)[0m    Train:      87 samples (client-local)[32m [repeated 142x across cluster][0m
[36m(ClientAppActor pid=106270)[0m    Validation: 12 samples (client-local)[32m [repeated 142x across cluster][0m
[36m(ClientAppActor pid=58023)[0m [Client 2036] Data split:[32m [repeated 138x across cluster][0m
[36m(ClientAppActor pid=58023)[0m    Train:      86 samples (client-local)[32m [repeated 138x across cluster][0m[92mINFO [0m:      aggregate_evaluate: received 2048 results and 0 failures
[92mINFO [0m:      
[92mINFO [0m:      [ROUND 39]
[92mINFO [0m:      configure_fit: strategy sampled 1638 clients (out of 2048)
[92mINFO [0m:      aggregate_fit: received 1638 results and 0 failures
[92mINFO [0m:      configure_evaluate: strategy sampled 2048 clients (out of 2048)

[36m(ClientAppActor pid=58023)[0m    Validation: 12 samples (client-local)[32m [repeated 138x across cluster][0m
[36m(ClientAppActor pid=98378)[0m [Client 1902] Data split:[32m [repeated 139x across cluster][0m
[36m(ClientAppActor pid=98378)[0m    Train:      86 samples (client-local)[32m [repeated 139x across cluster][0m
[36m(ClientAppActor pid=98378)[0m    Validation: 12 samples (client-local)[32m [repeated 139x across cluster][0m
[36m(ClientAppActor pid=99221)[0m [Client 180] Data split:[32m [repeated 139x across cluster][0m
[36m(ClientAppActor pid=99221)[0m    Train:      87 samples (client-local)[32m [repeated 139x across cluster][0m
[36m(ClientAppActor pid=99221)[0m    Validation: 12 samples (client-local)[32m [repeated 139x across cluster][0m
[36m(ClientAppActor pid=98757)[0m [Client 1498] Data split:[32m [repeated 142x across cluster][0m
[36m(ClientAppActor pid=98757)[0m    Train:      86 samples (client-local)[32m [repeated 142x across cluster][0m
[36m(ClientAppActor pid=98757)[0m    Validation: 12 samples (client-local)[32m [repeated 142x across cluster][0m
⏭️  Round 38: Evaluation skipped (all n_val=0)
[36m(ClientAppActor pid=98898)[0m [Client 595] Data split:[32m [repeated 126x across cluster][0m
[36m(ClientAppActor pid=98898)[0m    Train:      87 samples (client-local)[32m [repeated 126x across cluster][0m
[36m(ClientAppActor pid=98898)[0m    Validation: 12 samples (client-local)[32m [repeated 126x across cluster][0m
[36m(ClientAppActor pid=57434)[0m [Client 482] Data split:[32m [repeated 143x across cluster][0m
[36m(ClientAppActor pid=57434)[0m    Train:      87 samples (client-local)[32m [repeated 143x across cluster][0m
[36m(ClientAppActor pid=57434)[0m    Validation: 12 samples (client-local)[32m [repeated 143x across cluster][0m
[36m(ClientAppActor pid=100011)[0m [Client 821] Data split:[32m [repeated 146x across cluster][0m
[36m(ClientAppActor pid=100011)[0m    Train:      87 samples (client-local)[32m [repeated 146x across cluster][0m
[36m(ClientAppActor pid=100011)[0m    Validation: 12 samples (client-local)[32m [repeated 146x across cluster][0m
[36m(ClientAppActor pid=58033)[0m [Client 1417] Data split:[32m [repeated 152x across cluster][0m
[36m(ClientAppActor pid=58033)[0m    Train:      87 samples (client-local)[32m [repeated 152x across cluster][0m
[36m(ClientAppActor pid=58033)[0m    Validation: 12 samples (client-local)[32m [repeated 152x across cluster][0m
[36m(ClientAppActor pid=97638)[0m [Client 1477] Data split:[32m [repeated 137x across cluster][0m
[36m(ClientAppActor pid=97638)[0m    Train:      86 samples (client-local)[32m [repeated 137x across cluster][0m
[36m(ClientAppActor pid=97638)[0m    Validation: 12 samples (client-local)[32m [repeated 137x across cluster][0m
[36m(ClientAppActor pid=99221)[0m [Client 491] Data split:[32m [repeated 143x across cluster][0m
[36m(ClientAppActor pid=99221)[0m    Train:      87 samples (client-local)[32m [repeated 143x across cluster][0m
[36m(ClientAppActor pid=99221)[0m    Validation: 12 samples (client-local)[32m [repeated 143x across cluster][0m
[36m(ClientAppActor pid=58852)[0m [Client 794] Data split:[32m [repeated 136x across cluster][0m
[36m(ClientAppActor pid=58852)[0m    Train:      87 samples (client-local)[32m [repeated 136x across cluster][0m
[36m(ClientAppActor pid=58852)[0m    Validation: 12 samples (client-local)[32m [repeated 136x across cluster][0m
[36m(ClientAppActor pid=59018)[0m [Client 1736] Data split:[32m [repeated 149x across cluster][0m
[36m(ClientAppActor pid=59018)[0m    Train:      86 samples (client-local)[32m [repeated 149x across cluster][0m
[36m(ClientAppActor pid=59018)[0m    Validation: 12 samples (client-local)[32m [repeated 149x across cluster][0m
[36m(ClientAppActor pid=59339)[0m [Client 414] Data split:[32m [repeated 148x across cluster][0m
[36m(ClientAppActor pid=59339)[0m    Train:      87 samples (client-local)[32m [repeated 148x across cluster][0m
[36m(ClientAppActor pid=59339)[0m    Validation: 12 samples (client-local)[32m [repeated 148x across cluster][0m
[36m(ClientAppActor pid=58500)[0m [Client 1415] Data split:[32m [repeated 151x across cluster][0m
[36m(ClientAppActor pid=58500)[0m    Train:      87 samples (client-local)[32m [repeated 151x across cluster][0m
[36m(ClientAppActor pid=58500)[0m    Validation: 12 samples (client-local)[32m [repeated 151x across cluster][0m
[36m(ClientAppActor pid=97638)[0m [Client 13] Data split:[32m [repeated 134x across cluster][0m
[36m(ClientAppActor pid=97638)[0m    Train:      87 samples (client-local)[32m [repeated 134x across cluster][0m
[36m(ClientAppActor pid=97638)[0m    Validation: 12 samples (client-local)[32m [repeated 134x across cluster][0m
[36m(ClientAppActor pid=106270)[0m [Client 5] Data split:[32m [repeated 118x across cluster][0m
[36m(ClientAppActor pid=106270)[0m    Train:      87 samples (client-local)[32m [repeated 118x across cluster][0m
[36m(ClientAppActor pid=106270)[0m    Validation: 12 samples (client-local)[32m [repeated 118x across cluster][0m
[36m(ClientAppActor pid=106270)[0m [Client 1241] Data split:[32m [repeated 136x across cluster][0m
[36m(ClientAppActor pid=106270)[0m    Train:      87 samples (client-local)[32m [repeated 136x across cluster][0m
[36m(ClientAppActor pid=106270)[0m    Validation: 12 samples (client-local)[32m [repeated 136x across cluster][0m
[36m(ClientAppActor pid=106624)[0m [Client 181] Data split:[32m [repeated 135x across cluster][0m
[36m(ClientAppActor pid=106624)[0m    Train:      87 samples (client-local)[32m [repeated 135x across cluster][0m
[36m(ClientAppActor pid=106624)[0m    Validation: 12 samples (client-local)[32m [repeated 135x across cluster][0m
[36m(ClientAppActor pid=57434)[0m [Client 21] Data split:[32m [repeated 155x across cluster][0m
[36m(ClientAppActor pid=57434)[0m    Train:      87 samples (client-local)[32m [repeated 155x across cluster][0m
[36m(ClientAppActor pid=57434)[0m    Validation: 12 samples (client-local)[32m [repeated 155x across cluster][0m
[36m(ClientAppActor pid=98898)[0m [Client 504] Data split:[32m [repeated 137x across cluster][0m
[36m(ClientAppActor pid=98898)[0m    Train:      87 samples (client-local)[32m [repeated 137x across cluster][0m
[36m(ClientAppActor pid=98898)[0m    Validation: 12 samples (client-local)[32m [repeated 137x across cluster][0m
[36m(ClientAppActor pid=106270)[0m [Client 510] Data split:[32m [repeated 140x across cluster][0m
[36m(ClientAppActor pid=106270)[0m    Train:      87 samples (client-local)[32m [repeated 140x across cluster][0m
[36m(ClientAppActor pid=106270)[0m    Validation: 12 samples (client-local)[32m [repeated 140x across cluster][0m
[36m(ClientAppActor pid=58911)[0m [Client 66] Data split:[32m [repeated 139x across cluster][0m
[36m(ClientAppActor pid=58911)[0m    Train:      87 samples (client-local)[32m [repeated 139x across cluster][0m
[36m(ClientAppActor pid=58911)[0m    Validation: 12 samples (client-local)[32m [repeated 139x across cluster][0m
[36m(ClientAppActor pid=98898)[0m [Client 448] Data split:[32m [repeated 139x across cluster][0m
[36m(ClientAppActor pid=98898)[0m    Train:      87 samples (client-local)[32m [repeated 139x across cluster][0m
[36m(ClientAppActor pid=98898)[0m    Validation: 12 samples (client-local)[32m [repeated 139x across cluster][0m
[36m(ClientAppActor pid=99221)[0m [Client 185] Data split:[32m [repeated 132x across cluster][0m
[36m(ClientAppActor pid=99221)[0m    Train:      87 samples (client-local)[32m [repeated 132x across cluster][0m
[36m(ClientAppActor pid=99221)[0m    Validation: 12 samples (client-local)[32m [repeated 132x across cluster][0m
[36m(ClientAppActor pid=58617)[0m [Client 531] Data split:[32m [repeated 132x across cluster][0m
[36m(ClientAppActor pid=58617)[0m    Train:      87 samples (client-local)[32m [repeated 132x across cluster][0m
[36m(ClientAppActor pid=58617)[0m    Validation: 12 samples (client-local)[32m [repeated 132x across cluster][0m[92mINFO [0m:      aggregate_evaluate: received 2048 results and 0 failures
[92mINFO [0m:      
[92mINFO [0m:      [ROUND 40]
[92mINFO [0m:      configure_fit: strategy sampled 1638 clients (out of 2048)
[92mINFO [0m:      aggregate_fit: received 1638 results and 0 failures
[92mINFO [0m:      configure_evaluate: strategy sampled 2048 clients (out of 2048)

[36m(ClientAppActor pid=98898)[0m [Client 1762] Data split:[32m [repeated 153x across cluster][0m
[36m(ClientAppActor pid=98898)[0m    Train:      86 samples (client-local)[32m [repeated 153x across cluster][0m
[36m(ClientAppActor pid=98898)[0m    Validation: 12 samples (client-local)[32m [repeated 153x across cluster][0m
[36m(ClientAppActor pid=100120)[0m [Client 720] Data split:[32m [repeated 156x across cluster][0m
[36m(ClientAppActor pid=100120)[0m    Train:      87 samples (client-local)[32m [repeated 156x across cluster][0m
[36m(ClientAppActor pid=100120)[0m    Validation: 12 samples (client-local)[32m [repeated 156x across cluster][0m
[36m(ClientAppActor pid=58500)[0m [Client 1977] Data split:[32m [repeated 141x across cluster][0m
[36m(ClientAppActor pid=58500)[0m    Train:      86 samples (client-local)[32m [repeated 141x across cluster][0m
[36m(ClientAppActor pid=58500)[0m    Validation: 12 samples (client-local)[32m [repeated 141x across cluster][0m
[36m(ClientAppActor pid=100011)[0m [Client 1887] Data split:[32m [repeated 144x across cluster][0m
[36m(ClientAppActor pid=100011)[0m    Train:      86 samples (client-local)[32m [repeated 144x across cluster][0m
[36m(ClientAppActor pid=100011)[0m    Validation: 12 samples (client-local)[32m [repeated 144x across cluster][0m
[36m(ClientAppActor pid=99221)[0m [Client 403] Data split:[32m [repeated 138x across cluster][0m
[36m(ClientAppActor pid=99221)[0m    Train:      87 samples (client-local)[32m [repeated 138x across cluster][0m
[36m(ClientAppActor pid=99221)[0m    Validation: 12 samples (client-local)[32m [repeated 138x across cluster][0m
⏭️  Round 39: Evaluation skipped (all n_val=0)
[36m(ClientAppActor pid=106270)[0m [Client 479] Data split:[32m [repeated 145x across cluster][0m
[36m(ClientAppActor pid=106270)[0m    Train:      87 samples (client-local)[32m [repeated 145x across cluster][0m
[36m(ClientAppActor pid=106270)[0m    Validation: 12 samples (client-local)[32m [repeated 145x across cluster][0m
[36m(ClientAppActor pid=58617)[0m [Client 1964] Data split:[32m [repeated 142x across cluster][0m
[36m(ClientAppActor pid=58617)[0m    Train:      86 samples (client-local)[32m [repeated 142x across cluster][0m
[36m(ClientAppActor pid=58617)[0m    Validation: 12 samples (client-local)[32m [repeated 142x across cluster][0m
[36m(ClientAppActor pid=100011)[0m [Client 965] Data split:[32m [repeated 141x across cluster][0m
[36m(ClientAppActor pid=100011)[0m    Train:      87 samples (client-local)[32m [repeated 141x across cluster][0m
[36m(ClientAppActor pid=100011)[0m    Validation: 12 samples (client-local)[32m [repeated 141x across cluster][0m
[36m(ClientAppActor pid=58852)[0m [Client 154] Data split:[32m [repeated 145x across cluster][0m
[36m(ClientAppActor pid=58852)[0m    Train:      87 samples (client-local)[32m [repeated 145x across cluster][0m
[36m(ClientAppActor pid=58852)[0m    Validation: 12 samples (client-local)[32m [repeated 145x across cluster][0m
[36m(ClientAppActor pid=99221)[0m [Client 1854] Data split:[32m [repeated 145x across cluster][0m
[36m(ClientAppActor pid=99221)[0m    Train:      86 samples (client-local)[32m [repeated 145x across cluster][0m
[36m(ClientAppActor pid=99221)[0m    Validation: 12 samples (client-local)[32m [repeated 145x across cluster][0m
[36m(ClientAppActor pid=106270)[0m [Client 1726] Data split:[32m [repeated 149x across cluster][0m
[36m(ClientAppActor pid=106270)[0m    Train:      86 samples (client-local)[32m [repeated 149x across cluster][0m
[36m(ClientAppActor pid=106270)[0m    Validation: 12 samples (client-local)[32m [repeated 149x across cluster][0m
[36m(ClientAppActor pid=98378)[0m [Client 114] Data split:[32m [repeated 144x across cluster][0m
[36m(ClientAppActor pid=98378)[0m    Train:      87 samples (client-local)[32m [repeated 144x across cluster][0m
[36m(ClientAppActor pid=98378)[0m    Validation: 12 samples (client-local)[32m [repeated 144x across cluster][0m
[36m(ClientAppActor pid=97834)[0m [Client 1617] Data split:[32m [repeated 144x across cluster][0m
[36m(ClientAppActor pid=97834)[0m    Train:      86 samples (client-local)[32m [repeated 144x across cluster][0m
[36m(ClientAppActor pid=97834)[0m    Validation: 12 samples (client-local)[32m [repeated 144x across cluster][0m
[36m(ClientAppActor pid=99221)[0m [Client 675] Data split:[32m [repeated 140x across cluster][0m
[36m(ClientAppActor pid=99221)[0m    Train:      87 samples (client-local)[32m [repeated 140x across cluster][0m
[36m(ClientAppActor pid=99221)[0m    Validation: 12 samples (client-local)[32m [repeated 140x across cluster][0m
[36m(ClientAppActor pid=106270)[0m [Client 48] Data split:[32m [repeated 142x across cluster][0m
[36m(ClientAppActor pid=106270)[0m    Train:      87 samples (client-local)[32m [repeated 142x across cluster][0m
[36m(ClientAppActor pid=106270)[0m    Validation: 12 samples (client-local)[32m [repeated 142x across cluster][0m
[36m(ClientAppActor pid=58852)[0m [Client 56] Data split:[32m [repeated 139x across cluster][0m
[36m(ClientAppActor pid=58852)[0m    Train:      87 samples (client-local)[32m [repeated 139x across cluster][0m
[36m(ClientAppActor pid=58852)[0m    Validation: 12 samples (client-local)[32m [repeated 139x across cluster][0m
[36m(ClientAppActor pid=58006)[0m [Client 580] Data split:[32m [repeated 121x across cluster][0m
[36m(ClientAppActor pid=58006)[0m    Train:      87 samples (client-local)[32m [repeated 121x across cluster][0m
[36m(ClientAppActor pid=58006)[0m    Validation: 12 samples (client-local)[32m [repeated 121x across cluster][0m
[36m(ClientAppActor pid=100781)[0m [Client 323] Data split:[32m [repeated 119x across cluster][0m
[36m(ClientAppActor pid=100781)[0m    Train:      87 samples (client-local)[32m [repeated 119x across cluster][0m
[36m(ClientAppActor pid=100781)[0m    Validation: 12 samples (client-local)[32m [repeated 119x across cluster][0m
[36m(ClientAppActor pid=58852)[0m [Client 90] Data split:[32m [repeated 144x across cluster][0m
[36m(ClientAppActor pid=58852)[0m    Train:      87 samples (client-local)[32m [repeated 144x across cluster][0m
[36m(ClientAppActor pid=58852)[0m    Validation: 12 samples (client-local)[32m [repeated 144x across cluster][0m
[36m(ClientAppActor pid=98898)[0m [Client 361] Data split:[32m [repeated 141x across cluster][0m
[36m(ClientAppActor pid=98898)[0m    Train:      87 samples (client-local)[32m [repeated 141x across cluster][0m
[36m(ClientAppActor pid=98898)[0m    Validation: 12 samples (client-local)[32m [repeated 141x across cluster][0m
[36m(ClientAppActor pid=98757)[0m [Client 93] Data split:[32m [repeated 139x across cluster][0m
[36m(ClientAppActor pid=98757)[0m    Train:      87 samples (client-local)[32m [repeated 139x across cluster][0m
[36m(ClientAppActor pid=98757)[0m    Validation: 12 samples (client-local)[32m [repeated 139x across cluster][0m
[36m(ClientAppActor pid=106624)[0m [Client 525] Data split:[32m [repeated 140x across cluster][0m
[36m(ClientAppActor pid=106624)[0m    Train:      87 samples (client-local)[32m [repeated 140x across cluster][0m
[36m(ClientAppActor pid=106624)[0m    Validation: 12 samples (client-local)[32m [repeated 140x across cluster][0m
[36m(ClientAppActor pid=99190)[0m [Client 2044] Data split:[32m [repeated 146x across cluster][0m
[36m(ClientAppActor pid=99190)[0m    Train:      86 samples (client-local)[32m [repeated 146x across cluster][0m
[36m(ClientAppActor pid=99190)[0m    Validation: 12 samples (client-local)[32m [repeated 146x across cluster][0m
[36m(ClientAppActor pid=106270)[0m [Client 265] Data split:[32m [repeated 144x across cluster][0m
[36m(ClientAppActor pid=106270)[0m    Train:      87 samples (client-local)[32m [repeated 144x across cluster][0m
[36m(ClientAppActor pid=106270)[0m    Validation: 12 samples (client-local)[32m [repeated 144x across cluster][0m
[36m(ClientAppActor pid=58852)[0m [Client 1574] Data split:[32m [repeated 104x across cluster][0m[92mINFO [0m:      aggregate_evaluate: received 2048 results and 0 failures
[92mINFO [0m:      
[92mINFO [0m:      [ROUND 41]
[92mINFO [0m:      configure_fit: strategy sampled 1638 clients (out of 2048)
[92mINFO [0m:      aggregate_fit: received 1638 results and 0 failures
[92mINFO [0m:      configure_evaluate: strategy sampled 2048 clients (out of 2048)

[36m(ClientAppActor pid=58852)[0m    Train:      86 samples (client-local)[32m [repeated 104x across cluster][0m
[36m(ClientAppActor pid=58852)[0m    Validation: 12 samples (client-local)[32m [repeated 104x across cluster][0m
[36m(ClientAppActor pid=98378)[0m [Client 586] Data split:[32m [repeated 137x across cluster][0m
[36m(ClientAppActor pid=98378)[0m    Train:      87 samples (client-local)[32m [repeated 137x across cluster][0m
[36m(ClientAppActor pid=98378)[0m    Validation: 12 samples (client-local)[32m [repeated 137x across cluster][0m
[36m(ClientAppActor pid=58852)[0m [Client 288] Data split:[32m [repeated 133x across cluster][0m
[36m(ClientAppActor pid=58852)[0m    Train:      87 samples (client-local)[32m [repeated 133x across cluster][0m
[36m(ClientAppActor pid=58852)[0m    Validation: 12 samples (client-local)[32m [repeated 133x across cluster][0m
[36m(ClientAppActor pid=106270)[0m [Client 1490] Data split:[32m [repeated 128x across cluster][0m
[36m(ClientAppActor pid=106270)[0m    Train:      86 samples (client-local)[32m [repeated 128x across cluster][0m
[36m(ClientAppActor pid=106270)[0m    Validation: 12 samples (client-local)[32m [repeated 128x across cluster][0m
[36m(ClientAppActor pid=58617)[0m [Client 1353] Data split:[32m [repeated 140x across cluster][0m
[36m(ClientAppActor pid=58617)[0m    Train:      87 samples (client-local)[32m [repeated 140x across cluster][0m
[36m(ClientAppActor pid=58617)[0m    Validation: 12 samples (client-local)[32m [repeated 140x across cluster][0m
[36m(ClientAppActor pid=98898)[0m [Client 1069] Data split:[32m [repeated 147x across cluster][0m
[36m(ClientAppActor pid=98898)[0m    Train:      87 samples (client-local)[32m [repeated 147x across cluster][0m
[36m(ClientAppActor pid=98898)[0m    Validation: 12 samples (client-local)[32m [repeated 147x across cluster][0m
[36m(ClientAppActor pid=58006)[0m [Client 903] Data split:[32m [repeated 146x across cluster][0m
[36m(ClientAppActor pid=58006)[0m    Train:      87 samples (client-local)[32m [repeated 146x across cluster][0m
[36m(ClientAppActor pid=58006)[0m    Validation: 12 samples (client-local)[32m [repeated 146x across cluster][0m

🎯 Multi-Threshold Aggregation:
   ═══════════════════════════════════════════════
   ✅ Valid clients: 2048
   Evaluated 10 thresholds:
     • Thr=0.15: Recall=0.979, Spec=0.142, F1=0.269
     • Thr=0.20: Recall=0.964, Spec=0.210, F1=0.282
     • Thr=0.25: Recall=0.946, Spec=0.272, F1=0.294
   ...

   BEST Threshold: 0.55
     • Recall:      0.737
     • Specificity: 0.635
     • F1-Score:    0.369
     • Score:       0.656
   ═══════════════════════════════════════════════

⚠️  No rounds meet spec≥0.7, using recall filter only
   BUT: Filtered to top 3 by specificity (spec range: 0.587-0.635)
 1 Pareto-optimal rounds (not dominated in recall & spec)

🎯 SELECTED ROUND 40:
   Recall:     0.737
   Specificity: 0.635
   F1-Score:    0.369
   Stability:   1.000
   Alerts/1000: 416.5
   Composite:   0.659

   💾 Checkpoint saved: result/splits_iid_scaling/splits_iid_2048_clients.json/multi_thr/model_round_40.pt
⚠️  No rounds meet spec≥0.7, using recall filter only
   BUT: Filtered to top 3 by specificity (spec range: 0.587-0.635)
 1 Pareto-optimal rounds (not dominated in recall & spec)

🎯 SELECTED ROUND 40:
   Recall:     0.737
   Specificity: 0.635
   F1-Score:    0.369
   Stability:   1.000
   Alerts/1000: 416.5
   Composite:   0.659

   💾 Best model saved: result/splits_iid_scaling/splits_iid_2048_clients.json/multi_thr/model_round_40.pt
   📊 Metrics saved: result/splits_iid_scaling/splits_iid_2048_clients.json/multi_thr/run_1.json
[36m(ClientAppActor pid=59339)[0m [Client 590] Data split:[32m [repeated 126x across cluster][0m
[36m(ClientAppActor pid=59339)[0m    Train:      87 samples (client-local)[32m [repeated 126x across cluster][0m
[36m(ClientAppActor pid=59339)[0m    Validation: 12 samples (client-local)[32m [repeated 126x across cluster][0m
[36m(ClientAppActor pid=98898)[0m [Client 175] Data split:[32m [repeated 148x across cluster][0m
[36m(ClientAppActor pid=98898)[0m    Train:      87 samples (client-local)[32m [repeated 148x across cluster][0m
[36m(ClientAppActor pid=98898)[0m    Validation: 12 samples (client-local)[32m [repeated 148x across cluster][0m
[36m(ClientAppActor pid=100120)[0m [Client 275] Data split:[32m [repeated 150x across cluster][0m
[36m(ClientAppActor pid=100120)[0m    Train:      87 samples (client-local)[32m [repeated 150x across cluster][0m
[36m(ClientAppActor pid=100120)[0m    Validation: 12 samples (client-local)[32m [repeated 150x across cluster][0m
[36m(ClientAppActor pid=58911)[0m [Client 678] Data split:[32m [repeated 151x across cluster][0m
[36m(ClientAppActor pid=58911)[0m    Train:      87 samples (client-local)[32m [repeated 151x across cluster][0m
[36m(ClientAppActor pid=58911)[0m    Validation: 12 samples (client-local)[32m [repeated 151x across cluster][0m
[36m(ClientAppActor pid=97925)[0m [Client 692] Data split:[32m [repeated 141x across cluster][0m
[36m(ClientAppActor pid=97925)[0m    Train:      87 samples (client-local)[32m [repeated 141x across cluster][0m
[36m(ClientAppActor pid=97925)[0m    Validation: 12 samples (client-local)[32m [repeated 141x across cluster][0m
[36m(ClientAppActor pid=100011)[0m [Client 1345] Data split:[32m [repeated 134x across cluster][0m
[36m(ClientAppActor pid=100011)[0m    Train:      87 samples (client-local)[32m [repeated 134x across cluster][0m
[36m(ClientAppActor pid=100011)[0m    Validation: 12 samples (client-local)[32m [repeated 134x across cluster][0m
[36m(ClientAppActor pid=58911)[0m [Client 862] Data split:[32m [repeated 150x across cluster][0m
[36m(ClientAppActor pid=58911)[0m    Train:      87 samples (client-local)[32m [repeated 150x across cluster][0m
[36m(ClientAppActor pid=58911)[0m    Validation: 12 samples (client-local)[32m [repeated 150x across cluster][0m
[36m(ClientAppActor pid=57689)[0m [Client 369] Data split:[32m [repeated 134x across cluster][0m
[36m(ClientAppActor pid=57689)[0m    Train:      87 samples (client-local)[32m [repeated 134x across cluster][0m
[36m(ClientAppActor pid=57689)[0m    Validation: 12 samples (client-local)[32m [repeated 134x across cluster][0m
[36m(ClientAppActor pid=100120)[0m [Client 1405] Data split:[32m [repeated 148x across cluster][0m
[36m(ClientAppActor pid=100120)[0m    Train:      87 samples (client-local)[32m [repeated 148x across cluster][0m
[36m(ClientAppActor pid=100120)[0m    Validation: 12 samples (client-local)[32m [repeated 148x across cluster][0m
[36m(ClientAppActor pid=99221)[0m 
[36m(ClientAppActor pid=99221)[0m 
[36m(ClientAppActor pid=97834)[0m [Client 1604] Data split:[32m [repeated 152x across cluster][0m
[36m(ClientAppActor pid=97834)[0m    Train:      86 samples (client-local)[32m [repeated 152x across cluster][0m
[36m(ClientAppActor pid=97834)[0m    Validation: 12 samples (client-local)[32m [repeated 152x across cluster][0m
[36m(ClientAppActor pid=98898)[0m [Client 770] Data split:[32m [repeated 131x across cluster][0m
[36m(ClientAppActor pid=98898)[0m    Train:      87 samples (client-local)[32m [repeated 131x across cluster][0m
[36m(ClientAppActor pid=98898)[0m    Validation: 12 samples (client-local)[32m [repeated 131x across cluster][0m
[36m(ClientAppActor pid=100781)[0m [Client 1804] Data split:[32m [repeated 140x across cluster][0m
[36m(ClientAppActor pid=100781)[0m    Train:      86 samples (client-local)[32m [repeated 140x across cluster][0m
[36m(ClientAppActor pid=100781)[0m    Validation: 12 samples (client-local)[32m [repeated 140x across cluster][0m
[36m(ClientAppActor pid=106624)[0m [Client 1740] Data split:[32m [repeated 101x across cluster][0m
[36m(ClientAppActor pid=106624)[0m    Train:      86 samples (client-local)[32m [repeated 101x across cluster][0m[92mINFO [0m:      aggregate_evaluate: received 2048 results and 0 failures
[92mINFO [0m:      
[92mINFO [0m:      [ROUND 42]
[92mINFO [0m:      configure_fit: strategy sampled 1638 clients (out of 2048)

[36m(ClientAppActor pid=106624)[0m    Validation: 12 samples (client-local)[32m [repeated 101x across cluster][0m
[36m(ClientAppActor pid=99221)[0m [Client 95] Data split:[32m [repeated 151x across cluster][0m
[36m(ClientAppActor pid=99221)[0m    Train:      87 samples (client-local)[32m [repeated 151x across cluster][0m
[36m(ClientAppActor pid=99221)[0m    Validation: 12 samples (client-local)[32m [repeated 151x across cluster][0m
[36m(ClientAppActor pid=57434)[0m [Client 128] Data split:[32m [repeated 145x across cluster][0m
[36m(ClientAppActor pid=57434)[0m    Train:      87 samples (client-local)[32m [repeated 145x across cluster][0m
[36m(ClientAppActor pid=57434)[0m    Validation: 12 samples (client-local)[32m [repeated 145x across cluster][0m
[36m(ClientAppActor pid=99221)[0m [Client 176] Data split:[32m [repeated 144x across cluster][0m
[36m(ClientAppActor pid=99221)[0m    Train:      87 samples (client-local)[32m [repeated 144x across cluster][0m
[36m(ClientAppActor pid=99221)[0m    Validation: 12 samples (client-local)[32m [repeated 144x across cluster][0m
[36m(ClientAppActor pid=100011)[0m [Client 945] Data split:[32m [repeated 145x across cluster][0m
[36m(ClientAppActor pid=100011)[0m    Train:      87 samples (client-local)[32m [repeated 145x across cluster][0m
[36m(ClientAppActor pid=100011)[0m    Validation: 12 samples (client-local)[32m [repeated 145x across cluster][0m
[36m(ClientAppActor pid=100011)[0m [Client 1173] Data split:[32m [repeated 146x across cluster][0m
[36m(ClientAppActor pid=100011)[0m    Train:      87 samples (client-local)[32m [repeated 146x across cluster][0m
[36m(ClientAppActor pid=100011)[0m    Validation: 12 samples (client-local)[32m [repeated 146x across cluster][0m
[36m(ClientAppActor pid=106624)[0m [Client 91] Data split:[32m [repeated 144x across cluster][0m
[36m(ClientAppActor pid=106624)[0m    Train:      87 samples (client-local)[32m [repeated 144x across cluster][0m
[36m(ClientAppActor pid=106624)[0m    Validation: 12 samples (client-local)[32m [repeated 144x across cluster][0m
[36m(ClientAppActor pid=58708)[0m [Client 1700] Data split:[32m [repeated 140x across cluster][0m
[36m(ClientAppActor pid=58708)[0m    Train:      86 samples (client-local)[32m [repeated 140x across cluster][0m
[36m(ClientAppActor pid=58708)[0m    Validation: 12 samples (client-local)[32m [repeated 140x across cluster][0m
[36m(ClientAppActor pid=100060)[0m [Client 433] Data split:[32m [repeated 139x across cluster][0m
[36m(ClientAppActor pid=100060)[0m    Train:      87 samples (client-local)[32m [repeated 139x across cluster][0m
[36m(ClientAppActor pid=100060)[0m    Validation: 12 samples (client-local)[32m [repeated 139x across cluster][0m
[36m(ClientAppActor pid=57636)[0m [Client 188] Data split:[32m [repeated 146x across cluster][0m
[36m(ClientAppActor pid=57636)[0m    Train:      87 samples (client-local)[32m [repeated 146x across cluster][0m
[36m(ClientAppActor pid=57636)[0m    Validation: 12 samples (client-local)[32m [repeated 146x across cluster][0m
[36m(ClientAppActor pid=57434)[0m 
[36m(ClientAppActor pid=100120)[0m [Client 146] Data split:[32m [repeated 141x across cluster][0m
[36m(ClientAppActor pid=100120)[0m    Train:      87 samples (client-local)[32m [repeated 141x across cluster][0m
[36m(ClientAppActor pid=100120)[0m    Validation: 12 samples (client-local)[32m [repeated 141x across cluster][0m
[36m(ClientAppActor pid=59339)[0m [Client 16] Data split:[32m [repeated 150x across cluster][0m
[36m(ClientAppActor pid=59339)[0m    Train:      87 samples (client-local)[32m [repeated 150x across cluster][0m
[36m(ClientAppActor pid=59339)[0m    Validation: 12 samples (client-local)[32m [repeated 150x across cluster][0m
[36m(ClientAppActor pid=106624)[0m [Client 563] Data split:[32m [repeated 143x across cluster][0m
[36m(ClientAppActor pid=106624)[0m    Train:      87 samples (client-local)[32m [repeated 143x across cluster][0m
[36m(ClientAppActor pid=106624)[0m    Validation: 12 samples (client-local)[32m [repeated 143x across cluster][0m
[36m(ClientAppActor pid=58617)[0m [Client 50] Data split:[32m [repeated 156x across cluster][0m
[36m(ClientAppActor pid=58617)[0m    Train:      87 samples (client-local)[32m [repeated 156x across cluster][0m
[36m(ClientAppActor pid=58617)[0m    Validation: 12 samples (client-local)[32m [repeated 156x across cluster][0m

🎯 Multi-Threshold Aggregation:
   ═══════════════════════════════════════════════
   ✅ Valid clients: 2048
   Evaluated 10 thresholds:
     • Thr=0.15: Recall=0.979, Spec=0.144, F1=0.269
     • Thr=0.20: Recall=0.965, Spec=0.211, F1=0.282
     • Thr=0.25: Recall=0.945, Spec=0.275, F1=0.294
   ...

   BEST Threshold: 0.55
     • Recall:      0.738
     • Specificity: 0.636
     • F1-Score:    0.370
     • Score:       0.657
   ═══════════════════════════════════════════════

⚠️  No rounds meet spec≥0.7, using recall filter only
   BUT: Filtered to top 3 by specificity (spec range: 0.616-0.636)
 1 Pareto-optimal rounds (not dominated in recall & spec)

🎯 SELECTED ROUND 41:
   Recall:     0.738
   Specificity: 0.636
   F1-Score:    0.370
   Stability:   1.000
   Alerts/1000: 415.7
   Composite:   0.660

   💾 Checkpoint saved: result/splits_iid_scaling/splits_iid_2048_clients.json/multi_thr/model_round_41.pt
⚠️  No rounds meet spec≥0.7, using recall filter only
   BUT: Filtered to top 3 by specificity (spec range: 0.616-0.636)
 1 Pareto-optimal rounds (not dominated in recall & spec)

🎯 SELECTED ROUND 41:
   Recall:     0.738
   Specificity: 0.636
   F1-Score:    0.370
   Stability:   1.000
   Alerts/1000: 415.7
   Composite:   0.660

   💾 Best model saved: result/splits_iid_scaling/splits_iid_2048_clients.json/multi_thr/model_round_41.pt
   📊 Metrics saved: result/splits_iid_scaling/splits_iid_2048_clients.json/multi_thr/run_1.json
[36m(ClientAppActor pid=100011)[0m [Client 246] Data split:[32m [repeated 143x across cluster][0m
[36m(ClientAppActor pid=100011)[0m    Train:      87 samples (client-local)[32m [repeated 143x across cluster][0m
[36m(ClientAppActor pid=100011)[0m    Validation: 12 samples (client-local)[32m [repeated 143x across cluster][0m
[36m(ClientAppActor pid=106624)[0m [Client 155] Data split:[32m [repeated 136x across cluster][0m
[36m(ClientAppActor pid=106624)[0m    Train:      87 samples (client-local)[32m [repeated 136x across cluster][0m
[36m(ClientAppActor pid=106624)[0m    Validation: 12 samples (client-local)[32m [repeated 136x across cluster][0m
[36m(ClientAppActor pid=106270)[0m [Client 92] Data split:[32m [repeated 134x across cluster][0m
[36m(ClientAppActor pid=106270)[0m    Train:      87 samples (client-local)[32m [repeated 134x across cluster][0m
[36m(ClientAppActor pid=106270)[0m    Validation: 12 samples (client-local)[32m [repeated 134x across cluster][0m
[36m(ClientAppActor pid=106270)[0m [Client 1811] Data split:[32m [repeated 130x across cluster][0m
[36m(ClientAppActor pid=106270)[0m    Train:      86 samples (client-local)[32m [repeated 130x across cluster][0m
[36m(ClientAppActor pid=106270)[0m    Validation: 12 samples (client-local)[32m [repeated 130x across cluster][0m
[36m(ClientAppActor pid=106270)[0m [Client 1169] Data split:[32m [repeated 141x across cluster][0m
[36m(ClientAppActor pid=106270)[0m    Train:      87 samples (client-local)[32m [repeated 141x across cluster][0m
[36m(ClientAppActor pid=106270)[0m    Validation: 12 samples (client-local)[32m [repeated 141x across cluster][0m
[36m(ClientAppActor pid=106270)[0m [Client 316] Data split:[32m [repeated 134x across cluster][0m
[36m(ClientAppActor pid=106270)[0m    Train:      87 samples (client-local)[32m [repeated 134x across cluster][0m
[36m(ClientAppActor pid=106270)[0m    Validation: 12 samples (client-local)[32m [repeated 134x across cluster][0m[92mINFO [0m:      aggregate_fit: received 1638 results and 0 failures
[92mINFO [0m:      configure_evaluate: strategy sampled 2048 clients (out of 2048)
[92mINFO [0m:      aggregate_evaluate: received 2048 results and 0 failures
[92mINFO [0m:      
[92mINFO [0m:      [ROUND 43]
[92mINFO [0m:      configure_fit: strategy sampled 1638 clients (out of 2048)

[36m(ClientAppActor pid=106270)[0m [Client 221] Data split:[32m [repeated 142x across cluster][0m
[36m(ClientAppActor pid=106270)[0m    Train:      87 samples (client-local)[32m [repeated 142x across cluster][0m
[36m(ClientAppActor pid=106270)[0m    Validation: 12 samples (client-local)[32m [repeated 142x across cluster][0m
[36m(ClientAppActor pid=57434)[0m [Client 1914] Data split:[32m [repeated 148x across cluster][0m
[36m(ClientAppActor pid=57434)[0m    Train:      86 samples (client-local)[32m [repeated 148x across cluster][0m
[36m(ClientAppActor pid=57434)[0m    Validation: 12 samples (client-local)[32m [repeated 148x across cluster][0m
[36m(ClientAppActor pid=98898)[0m [Client 266] Data split:[32m [repeated 144x across cluster][0m
[36m(ClientAppActor pid=98898)[0m    Train:      87 samples (client-local)[32m [repeated 144x across cluster][0m
[36m(ClientAppActor pid=98898)[0m    Validation: 12 samples (client-local)[32m [repeated 144x across cluster][0m
[36m(ClientAppActor pid=100060)[0m [Client 1400] Data split:[32m [repeated 138x across cluster][0m
[36m(ClientAppActor pid=100060)[0m    Train:      87 samples (client-local)[32m [repeated 138x across cluster][0m
[36m(ClientAppActor pid=100060)[0m    Validation: 12 samples (client-local)[32m [repeated 138x across cluster][0m
[36m(ClientAppActor pid=58911)[0m [Client 125] Data split:[32m [repeated 141x across cluster][0m
[36m(ClientAppActor pid=58911)[0m    Train:      87 samples (client-local)[32m [repeated 141x across cluster][0m
[36m(ClientAppActor pid=58911)[0m    Validation: 12 samples (client-local)[32m [repeated 141x across cluster][0m
[36m(ClientAppActor pid=58852)[0m [Client 44] Data split:[32m [repeated 138x across cluster][0m
[36m(ClientAppActor pid=58852)[0m    Train:      87 samples (client-local)[32m [repeated 138x across cluster][0m
[36m(ClientAppActor pid=58852)[0m    Validation: 12 samples (client-local)[32m [repeated 138x across cluster][0m
[36m(ClientAppActor pid=106624)[0m [Client 1440] Data split:[32m [repeated 101x across cluster][0m
[36m(ClientAppActor pid=106624)[0m    Train:      87 samples (client-local)[32m [repeated 101x across cluster][0m
[36m(ClientAppActor pid=106624)[0m    Validation: 12 samples (client-local)[32m [repeated 101x across cluster][0m
[36m(ClientAppActor pid=106270)[0m [Client 539] Data split:[32m [repeated 132x across cluster][0m
[36m(ClientAppActor pid=106270)[0m    Train:      87 samples (client-local)[32m [repeated 132x across cluster][0m
[36m(ClientAppActor pid=106270)[0m    Validation: 12 samples (client-local)[32m [repeated 132x across cluster][0m
[36m(ClientAppActor pid=98898)[0m [Client 56] Data split:[32m [repeated 150x across cluster][0m
[36m(ClientAppActor pid=98898)[0m    Train:      87 samples (client-local)[32m [repeated 150x across cluster][0m
[36m(ClientAppActor pid=98898)[0m    Validation: 12 samples (client-local)[32m [repeated 150x across cluster][0m
[36m(ClientAppActor pid=100120)[0m [Client 712] Data split:[32m [repeated 138x across cluster][0m
[36m(ClientAppActor pid=100120)[0m    Train:      87 samples (client-local)[32m [repeated 138x across cluster][0m
[36m(ClientAppActor pid=100120)[0m    Validation: 12 samples (client-local)[32m [repeated 138x across cluster][0m
[36m(ClientAppActor pid=58617)[0m [Client 471] Data split:[32m [repeated 135x across cluster][0m
[36m(ClientAppActor pid=58617)[0m    Train:      87 samples (client-local)[32m [repeated 135x across cluster][0m
[36m(ClientAppActor pid=58617)[0m    Validation: 12 samples (client-local)[32m [repeated 135x across cluster][0m
[36m(ClientAppActor pid=98757)[0m [Client 673] Data split:[32m [repeated 144x across cluster][0m
[36m(ClientAppActor pid=98757)[0m    Train:      87 samples (client-local)[32m [repeated 144x across cluster][0m
[36m(ClientAppActor pid=98757)[0m    Validation: 12 samples (client-local)[32m [repeated 144x across cluster][0m
[36m(ClientAppActor pid=106270)[0m [Client 448] Data split:[32m [repeated 140x across cluster][0m
[36m(ClientAppActor pid=106270)[0m    Train:      87 samples (client-local)[32m [repeated 140x across cluster][0m
[36m(ClientAppActor pid=106270)[0m    Validation: 12 samples (client-local)[32m [repeated 140x across cluster][0m
[36m(ClientAppActor pid=98757)[0m [Client 1840] Data split:[32m [repeated 148x across cluster][0m
[36m(ClientAppActor pid=98757)[0m    Train:      86 samples (client-local)[32m [repeated 148x across cluster][0m
[36m(ClientAppActor pid=98757)[0m    Validation: 12 samples (client-local)[32m [repeated 148x across cluster][0m
[36m(ClientAppActor pid=57636)[0m [Client 303] Data split:[32m [repeated 144x across cluster][0m
[36m(ClientAppActor pid=57636)[0m    Train:      87 samples (client-local)[32m [repeated 144x across cluster][0m
[36m(ClientAppActor pid=57636)[0m    Validation: 12 samples (client-local)[32m [repeated 144x across cluster][0m
[36m(ClientAppActor pid=58852)[0m [Client 130] Data split:[32m [repeated 139x across cluster][0m
[36m(ClientAppActor pid=58852)[0m    Train:      87 samples (client-local)[32m [repeated 139x across cluster][0m
[36m(ClientAppActor pid=58852)[0m    Validation: 12 samples (client-local)[32m [repeated 139x across cluster][0m
[36m(ClientAppActor pid=58617)[0m [Client 2012] Data split:[32m [repeated 144x across cluster][0m
[36m(ClientAppActor pid=58617)[0m    Train:      86 samples (client-local)[32m [repeated 144x across cluster][0m
[36m(ClientAppActor pid=58617)[0m    Validation: 12 samples (client-local)[32m [repeated 144x across cluster][0m
[36m(ClientAppActor pid=100011)[0m [Client 570] Data split:[32m [repeated 139x across cluster][0m
[36m(ClientAppActor pid=100011)[0m    Train:      87 samples (client-local)[32m [repeated 139x across cluster][0m
[36m(ClientAppActor pid=100011)[0m    Validation: 12 samples (client-local)[32m [repeated 139x across cluster][0m
[36m(ClientAppActor pid=58171)[0m [Client 1706] Data split:[32m [repeated 141x across cluster][0m
[36m(ClientAppActor pid=58171)[0m    Train:      86 samples (client-local)[32m [repeated 141x across cluster][0m
[36m(ClientAppActor pid=58171)[0m    Validation: 12 samples (client-local)[32m [repeated 141x across cluster][0m
[36m(ClientAppActor pid=97834)[0m [Client 1613] Data split:[32m [repeated 153x across cluster][0m
[36m(ClientAppActor pid=97834)[0m    Train:      86 samples (client-local)[32m [repeated 153x across cluster][0m
[36m(ClientAppActor pid=97834)[0m    Validation: 12 samples (client-local)[32m [repeated 153x across cluster][0m
[36m(ClientAppActor pid=58708)[0m [Client 1399] Data split:[32m [repeated 139x across cluster][0m
[36m(ClientAppActor pid=58708)[0m    Train:      87 samples (client-local)[32m [repeated 139x across cluster][0m
[36m(ClientAppActor pid=58708)[0m    Validation: 12 samples (client-local)[32m [repeated 139x across cluster][0m

🎯 Multi-Threshold Aggregation:
   ═══════════════════════════════════════════════
   ✅ Valid clients: 2048
   Evaluated 10 thresholds:
     • Thr=0.15: Recall=0.979, Spec=0.144, F1=0.270
     • Thr=0.20: Recall=0.965, Spec=0.213, F1=0.283
     • Thr=0.25: Recall=0.946, Spec=0.277, F1=0.295
   ...

   BEST Threshold: 0.50
     • Recall:      0.792
     • Specificity: 0.583
     • F1-Score:    0.363
     • Score:       0.658
   ═══════════════════════════════════════════════

⚠️  No rounds meet spec≥0.7, using recall filter only
   BUT: Filtered to top 3 by specificity (spec range: 0.616-0.636)
 1 Pareto-optimal rounds (not dominated in recall & spec)

🎯 SELECTED ROUND 41:
   Recall:     0.738
   Specificity: 0.636
   F1-Score:    0.370
   Stability:   1.000
   Alerts/1000: 415.7
   Composite:   0.660

[36m(ClientAppActor pid=106270)[0m [Client 130] Data split:[32m [repeated 119x across cluster][0m[92mINFO [0m:      aggregate_fit: received 1638 results and 0 failures
[92mINFO [0m:      configure_evaluate: strategy sampled 2048 clients (out of 2048)

[36m(ClientAppActor pid=106270)[0m    Train:      87 samples (client-local)[32m [repeated 119x across cluster][0m
[36m(ClientAppActor pid=106270)[0m    Validation: 12 samples (client-local)[32m [repeated 119x across cluster][0m
[36m(ClientAppActor pid=98898)[0m [Client 333] Data split:[32m [repeated 148x across cluster][0m
[36m(ClientAppActor pid=98898)[0m    Train:      87 samples (client-local)[32m [repeated 148x across cluster][0m
[36m(ClientAppActor pid=98898)[0m    Validation: 12 samples (client-local)[32m [repeated 148x across cluster][0m
[36m(ClientAppActor pid=98898)[0m [Client 1517] Data split:[32m [repeated 142x across cluster][0m
[36m(ClientAppActor pid=98898)[0m    Train:      86 samples (client-local)[32m [repeated 142x across cluster][0m
[36m(ClientAppActor pid=98898)[0m    Validation: 12 samples (client-local)[32m [repeated 142x across cluster][0m
[36m(ClientAppActor pid=98757)[0m [Client 917] Data split:[32m [repeated 137x across cluster][0m
[36m(ClientAppActor pid=98757)[0m    Train:      87 samples (client-local)[32m [repeated 137x across cluster][0m
[36m(ClientAppActor pid=98757)[0m    Validation: 12 samples (client-local)[32m [repeated 137x across cluster][0m
[36m(ClientAppActor pid=59018)[0m [Client 1927] Data split:[32m [repeated 146x across cluster][0m
[36m(ClientAppActor pid=59018)[0m    Train:      86 samples (client-local)[32m [repeated 146x across cluster][0m
[36m(ClientAppActor pid=59018)[0m    Validation: 12 samples (client-local)[32m [repeated 146x across cluster][0m
[36m(ClientAppActor pid=58911)[0m [Client 1199] Data split:[32m [repeated 140x across cluster][0m
[36m(ClientAppActor pid=58911)[0m    Train:      87 samples (client-local)[32m [repeated 140x across cluster][0m
[36m(ClientAppActor pid=58911)[0m    Validation: 12 samples (client-local)[32m [repeated 140x across cluster][0m
[36m(ClientAppActor pid=106624)[0m [Client 702] Data split:[32m [repeated 137x across cluster][0m
[36m(ClientAppActor pid=106624)[0m    Train:      87 samples (client-local)[32m [repeated 137x across cluster][0m
[36m(ClientAppActor pid=106624)[0m    Validation: 12 samples (client-local)[32m [repeated 137x across cluster][0m
[36m(ClientAppActor pid=57636)[0m [Client 694] Data split:[32m [repeated 137x across cluster][0m
[36m(ClientAppActor pid=57636)[0m    Train:      87 samples (client-local)[32m [repeated 137x across cluster][0m
[36m(ClientAppActor pid=57636)[0m    Validation: 12 samples (client-local)[32m [repeated 137x across cluster][0m
[36m(ClientAppActor pid=100060)[0m [Client 388] Data split:[32m [repeated 145x across cluster][0m
[36m(ClientAppActor pid=100060)[0m    Train:      87 samples (client-local)[32m [repeated 145x across cluster][0m
[36m(ClientAppActor pid=100060)[0m    Validation: 12 samples (client-local)[32m [repeated 145x across cluster][0m
[36m(ClientAppActor pid=57636)[0m [Client 714] Data split:[32m [repeated 138x across cluster][0m
[36m(ClientAppActor pid=57636)[0m    Train:      87 samples (client-local)[32m [repeated 138x across cluster][0m
[36m(ClientAppActor pid=57636)[0m    Validation: 12 samples (client-local)[32m [repeated 138x across cluster][0m
[36m(ClientAppActor pid=100781)[0m [Client 879] Data split:[32m [repeated 155x across cluster][0m
[36m(ClientAppActor pid=100781)[0m    Train:      87 samples (client-local)[32m [repeated 155x across cluster][0m
[36m(ClientAppActor pid=100781)[0m    Validation: 12 samples (client-local)[32m [repeated 155x across cluster][0m
[36m(ClientAppActor pid=58617)[0m [Client 1373] Data split:[32m [repeated 140x across cluster][0m
[36m(ClientAppActor pid=58617)[0m    Train:      87 samples (client-local)[32m [repeated 140x across cluster][0m
[36m(ClientAppActor pid=58617)[0m    Validation: 12 samples (client-local)[32m [repeated 140x across cluster][0m
[36m(ClientAppActor pid=100060)[0m [Client 1752] Data split:[32m [repeated 140x across cluster][0m
[36m(ClientAppActor pid=100060)[0m    Train:      86 samples (client-local)[32m [repeated 140x across cluster][0m
[36m(ClientAppActor pid=100060)[0m    Validation: 12 samples (client-local)[32m [repeated 140x across cluster][0m
[36m(ClientAppActor pid=58617)[0m [Client 137] Data split:[32m [repeated 148x across cluster][0m
[36m(ClientAppActor pid=58617)[0m    Train:      87 samples (client-local)[32m [repeated 148x across cluster][0m
[36m(ClientAppActor pid=58617)[0m    Validation: 12 samples (client-local)[32m [repeated 148x across cluster][0m
[36m(ClientAppActor pid=106270)[0m [Client 461] Data split:[32m [repeated 145x across cluster][0m
[36m(ClientAppActor pid=106270)[0m    Train:      87 samples (client-local)[32m [repeated 145x across cluster][0m
[36m(ClientAppActor pid=106270)[0m    Validation: 12 samples (client-local)[32m [repeated 145x across cluster][0m
[36m(ClientAppActor pid=106270)[0m [Client 944] Data split:[32m [repeated 138x across cluster][0m
[36m(ClientAppActor pid=106270)[0m    Train:      87 samples (client-local)[32m [repeated 138x across cluster][0m
[36m(ClientAppActor pid=106270)[0m    Validation: 12 samples (client-local)[32m [repeated 138x across cluster][0m
[36m(ClientAppActor pid=58617)[0m [Client 878] Data split:[32m [repeated 152x across cluster][0m
[36m(ClientAppActor pid=58617)[0m    Train:      87 samples (client-local)[32m [repeated 152x across cluster][0m
[36m(ClientAppActor pid=58617)[0m    Validation: 12 samples (client-local)[32m [repeated 152x across cluster][0m
[36m(ClientAppActor pid=58911)[0m [Client 393] Data split:[32m [repeated 126x across cluster][0m
[36m(ClientAppActor pid=58911)[0m    Train:      87 samples (client-local)[32m [repeated 126x across cluster][0m
[36m(ClientAppActor pid=58911)[0m    Validation: 12 samples (client-local)[32m [repeated 126x across cluster][0m
[36m(ClientAppActor pid=98378)[0m [Client 204] Data split:[32m [repeated 140x across cluster][0m
[36m(ClientAppActor pid=98378)[0m    Train:      87 samples (client-local)[32m [repeated 140x across cluster][0m
[36m(ClientAppActor pid=98378)[0m    Validation: 12 samples (client-local)[32m [repeated 140x across cluster][0m
[36m(ClientAppActor pid=106624)[0m [Client 2009] Data split:[32m [repeated 152x across cluster][0m
[36m(ClientAppActor pid=106624)[0m    Train:      86 samples (client-local)[32m [repeated 152x across cluster][0m
[36m(ClientAppActor pid=106624)[0m    Validation: 12 samples (client-local)[32m [repeated 152x across cluster][0m
[36m(ClientAppActor pid=99221)[0m [Client 1019] Data split:[32m [repeated 138x across cluster][0m
[36m(ClientAppActor pid=99221)[0m    Train:      87 samples (client-local)[32m [repeated 138x across cluster][0m
[36m(ClientAppActor pid=99221)[0m    Validation: 12 samples (client-local)[32m [repeated 138x across cluster][0m
[36m(ClientAppActor pid=58023)[0m [Client 1534] Data split:[32m [repeated 143x across cluster][0m
[36m(ClientAppActor pid=58023)[0m    Train:      86 samples (client-local)[32m [repeated 143x across cluster][0m
[36m(ClientAppActor pid=58023)[0m    Validation: 12 samples (client-local)[32m [repeated 143x across cluster][0m
[36m(ClientAppActor pid=98898)[0m [Client 692] Data split:[32m [repeated 141x across cluster][0m
[36m(ClientAppActor pid=98898)[0m    Train:      87 samples (client-local)[32m [repeated 141x across cluster][0m
[36m(ClientAppActor pid=98898)[0m    Validation: 12 samples (client-local)[32m [repeated 141x across cluster][0m
[36m(ClientAppActor pid=58911)[0m [Client 38] Data split:[32m [repeated 143x across cluster][0m
[36m(ClientAppActor pid=58911)[0m    Train:      87 samples (client-local)[32m [repeated 143x across cluster][0m
[36m(ClientAppActor pid=58911)[0m    Validation: 12 samples (client-local)[32m [repeated 143x across cluster][0m
[36m(ClientAppActor pid=100781)[0m [Client 1917] Data split:[32m [repeated 145x across cluster][0m
[36m(ClientAppActor pid=100781)[0m    Train:      86 samples (client-local)[32m [repeated 145x across cluster][0m
[36m(ClientAppActor pid=100781)[0m    Validation: 12 samples (client-local)[32m [repeated 145x across cluster][0m[92mINFO [0m:      aggregate_evaluate: received 2048 results and 0 failures
[92mINFO [0m:      
[92mINFO [0m:      [ROUND 44]
[92mINFO [0m:      configure_fit: strategy sampled 1638 clients (out of 2048)
[92mINFO [0m:      aggregate_fit: received 1638 results and 0 failures
[92mINFO [0m:      configure_evaluate: strategy sampled 2048 clients (out of 2048)

[36m(ClientAppActor pid=58708)[0m [Client 874] Data split:[32m [repeated 140x across cluster][0m
[36m(ClientAppActor pid=58708)[0m    Train:      87 samples (client-local)[32m [repeated 140x across cluster][0m
[36m(ClientAppActor pid=58708)[0m    Validation: 12 samples (client-local)[32m [repeated 140x across cluster][0m

🎯 Multi-Threshold Aggregation:
   ═══════════════════════════════════════════════
   ✅ Valid clients: 2048
   Evaluated 10 thresholds:
     • Thr=0.15: Recall=0.979, Spec=0.146, F1=0.270
     • Thr=0.20: Recall=0.965, Spec=0.214, F1=0.283
     • Thr=0.25: Recall=0.946, Spec=0.278, F1=0.295
   ...

   BEST Threshold: 0.50
     • Recall:      0.793
     • Specificity: 0.584
     • F1-Score:    0.364
     • Score:       0.659
   ═══════════════════════════════════════════════

⚠️  No rounds meet spec≥0.7, using recall filter only
   BUT: Filtered to top 4 by specificity (spec range: 0.587-0.636)
 1 Pareto-optimal rounds (not dominated in recall & spec)

🎯 SELECTED ROUND 41:
   Recall:     0.738
   Specificity: 0.636
   F1-Score:    0.370
   Stability:   1.000
   Alerts/1000: 415.7
   Composite:   0.660

[36m(ClientAppActor pid=98898)[0m [Client 45] Data split:[32m [repeated 124x across cluster][0m
[36m(ClientAppActor pid=98898)[0m    Train:      87 samples (client-local)[32m [repeated 124x across cluster][0m
[36m(ClientAppActor pid=98898)[0m    Validation: 12 samples (client-local)[32m [repeated 124x across cluster][0m
[36m(ClientAppActor pid=100060)[0m [Client 218] Data split:[32m [repeated 151x across cluster][0m
[36m(ClientAppActor pid=100060)[0m    Train:      87 samples (client-local)[32m [repeated 151x across cluster][0m
[36m(ClientAppActor pid=100060)[0m    Validation: 12 samples (client-local)[32m [repeated 151x across cluster][0m
[36m(ClientAppActor pid=59339)[0m [Client 38] Data split:[32m [repeated 138x across cluster][0m
[36m(ClientAppActor pid=59339)[0m    Train:      87 samples (client-local)[32m [repeated 138x across cluster][0m
[36m(ClientAppActor pid=59339)[0m    Validation: 12 samples (client-local)[32m [repeated 138x across cluster][0m
[36m(ClientAppActor pid=100781)[0m [Client 199] Data split:[32m [repeated 146x across cluster][0m
[36m(ClientAppActor pid=100781)[0m    Train:      87 samples (client-local)[32m [repeated 146x across cluster][0m
[36m(ClientAppActor pid=100781)[0m    Validation: 12 samples (client-local)[32m [repeated 146x across cluster][0m
[36m(ClientAppActor pid=106270)[0m [Client 1818] Data split:[32m [repeated 145x across cluster][0m
[36m(ClientAppActor pid=106270)[0m    Train:      86 samples (client-local)[32m [repeated 145x across cluster][0m
[36m(ClientAppActor pid=106270)[0m    Validation: 12 samples (client-local)[32m [repeated 145x across cluster][0m
[36m(ClientAppActor pid=58171)[0m [Client 76] Data split:[32m [repeated 156x across cluster][0m
[36m(ClientAppActor pid=58171)[0m    Train:      87 samples (client-local)[32m [repeated 156x across cluster][0m
[36m(ClientAppActor pid=58171)[0m    Validation: 12 samples (client-local)[32m [repeated 156x across cluster][0m
[36m(ClientAppActor pid=106270)[0m [Client 127] Data split:[32m [repeated 145x across cluster][0m
[36m(ClientAppActor pid=106270)[0m    Train:      87 samples (client-local)[32m [repeated 145x across cluster][0m
[36m(ClientAppActor pid=106270)[0m    Validation: 12 samples (client-local)[32m [repeated 145x across cluster][0m
[36m(ClientAppActor pid=58708)[0m [Client 1959] Data split:[32m [repeated 139x across cluster][0m
[36m(ClientAppActor pid=58708)[0m    Train:      86 samples (client-local)[32m [repeated 139x across cluster][0m
[36m(ClientAppActor pid=58708)[0m    Validation: 12 samples (client-local)[32m [repeated 139x across cluster][0m
[36m(ClientAppActor pid=57689)[0m [Client 1874] Data split:[32m [repeated 143x across cluster][0m
[36m(ClientAppActor pid=57689)[0m    Train:      86 samples (client-local)[32m [repeated 143x across cluster][0m
[36m(ClientAppActor pid=57689)[0m    Validation: 12 samples (client-local)[32m [repeated 143x across cluster][0m
[36m(ClientAppActor pid=59339)[0m [Client 349] Data split:[32m [repeated 137x across cluster][0m
[36m(ClientAppActor pid=59339)[0m    Train:      87 samples (client-local)[32m [repeated 137x across cluster][0m
[36m(ClientAppActor pid=59339)[0m    Validation: 12 samples (client-local)[32m [repeated 137x across cluster][0m
[36m(ClientAppActor pid=100060)[0m [Client 176] Data split:[32m [repeated 137x across cluster][0m
[36m(ClientAppActor pid=100060)[0m    Train:      87 samples (client-local)[32m [repeated 137x across cluster][0m
[36m(ClientAppActor pid=100060)[0m    Validation: 12 samples (client-local)[32m [repeated 137x across cluster][0m
[36m(ClientAppActor pid=59339)[0m [Client 31] Data split:[32m [repeated 134x across cluster][0m
[36m(ClientAppActor pid=59339)[0m    Train:      87 samples (client-local)[32m [repeated 134x across cluster][0m
[36m(ClientAppActor pid=59339)[0m    Validation: 12 samples (client-local)[32m [repeated 134x across cluster][0m
[36m(ClientAppActor pid=58500)[0m [Client 160] Data split:[32m [repeated 137x across cluster][0m
[36m(ClientAppActor pid=58500)[0m    Train:      87 samples (client-local)[32m [repeated 137x across cluster][0m
[36m(ClientAppActor pid=58500)[0m    Validation: 12 samples (client-local)[32m [repeated 137x across cluster][0m
[36m(ClientAppActor pid=99221)[0m [Client 760] Data split:[32m [repeated 148x across cluster][0m
[36m(ClientAppActor pid=99221)[0m    Train:      87 samples (client-local)[32m [repeated 148x across cluster][0m
[36m(ClientAppActor pid=99221)[0m    Validation: 12 samples (client-local)[32m [repeated 148x across cluster][0m
[36m(ClientAppActor pid=59018)[0m [Client 1906] Data split:[32m [repeated 149x across cluster][0m
[36m(ClientAppActor pid=59018)[0m    Train:      86 samples (client-local)[32m [repeated 149x across cluster][0m
[36m(ClientAppActor pid=59018)[0m    Validation: 12 samples (client-local)[32m [repeated 149x across cluster][0m
[36m(ClientAppActor pid=58852)[0m [Client 82] Data split:[32m [repeated 137x across cluster][0m
[36m(ClientAppActor pid=58852)[0m    Train:      87 samples (client-local)[32m [repeated 137x across cluster][0m
[36m(ClientAppActor pid=58852)[0m    Validation: 12 samples (client-local)[32m [repeated 137x across cluster][0m
[36m(ClientAppActor pid=58023)[0m [Client 6] Data split:[32m [repeated 142x across cluster][0m
[36m(ClientAppActor pid=58023)[0m    Train:      87 samples (client-local)[32m [repeated 142x across cluster][0m
[36m(ClientAppActor pid=58023)[0m    Validation: 12 samples (client-local)[32m [repeated 142x across cluster][0m
[36m(ClientAppActor pid=58911)[0m [Client 1968] Data split:[32m [repeated 149x across cluster][0m
[36m(ClientAppActor pid=58911)[0m    Train:      86 samples (client-local)[32m [repeated 149x across cluster][0m
[36m(ClientAppActor pid=58911)[0m    Validation: 12 samples (client-local)[32m [repeated 149x across cluster][0m
[36m(ClientAppActor pid=59339)[0m [Client 1512] Data split:[32m [repeated 138x across cluster][0m
[36m(ClientAppActor pid=59339)[0m    Train:      86 samples (client-local)[32m [repeated 138x across cluster][0m
[36m(ClientAppActor pid=59339)[0m    Validation: 12 samples (client-local)[32m [repeated 138x across cluster][0m
[36m(ClientAppActor pid=100011)[0m [Client 267] Data split:[32m [repeated 144x across cluster][0m
[36m(ClientAppActor pid=100011)[0m    Train:      87 samples (client-local)[32m [repeated 144x across cluster][0m
[36m(ClientAppActor pid=100011)[0m    Validation: 12 samples (client-local)[32m [repeated 144x across cluster][0m
[36m(ClientAppActor pid=58617)[0m [Client 978] Data split:[32m [repeated 144x across cluster][0m
[36m(ClientAppActor pid=58617)[0m    Train:      87 samples (client-local)[32m [repeated 144x across cluster][0m[92mINFO [0m:      aggregate_evaluate: received 2048 results and 0 failures
[92mINFO [0m:      
[92mINFO [0m:      [ROUND 45]
[92mINFO [0m:      configure_fit: strategy sampled 1638 clients (out of 2048)
[92mINFO [0m:      aggregate_fit: received 1638 results and 0 failures
[92mINFO [0m:      configure_evaluate: strategy sampled 2048 clients (out of 2048)

[36m(ClientAppActor pid=58617)[0m    Validation: 12 samples (client-local)[32m [repeated 144x across cluster][0m
[36m(ClientAppActor pid=58500)[0m [Client 340] Data split:[32m [repeated 157x across cluster][0m
[36m(ClientAppActor pid=58500)[0m    Train:      87 samples (client-local)[32m [repeated 157x across cluster][0m
[36m(ClientAppActor pid=58500)[0m    Validation: 12 samples (client-local)[32m [repeated 157x across cluster][0m
[36m(ClientAppActor pid=57814)[0m [Client 1987] Data split:[32m [repeated 156x across cluster][0m
[36m(ClientAppActor pid=57814)[0m    Train:      86 samples (client-local)[32m [repeated 156x across cluster][0m
[36m(ClientAppActor pid=57814)[0m    Validation: 12 samples (client-local)[32m [repeated 156x across cluster][0m
[36m(ClientAppActor pid=58171)[0m [Client 1154] Data split:[32m [repeated 138x across cluster][0m
[36m(ClientAppActor pid=58171)[0m    Train:      87 samples (client-local)[32m [repeated 138x across cluster][0m
[36m(ClientAppActor pid=58171)[0m    Validation: 12 samples (client-local)[32m [repeated 138x across cluster][0m
[36m(ClientAppActor pid=106624)[0m [Client 1745] Data split:[32m [repeated 133x across cluster][0m
[36m(ClientAppActor pid=106624)[0m    Train:      86 samples (client-local)[32m [repeated 133x across cluster][0m
[36m(ClientAppActor pid=106624)[0m    Validation: 12 samples (client-local)[32m [repeated 133x across cluster][0m
[36m(ClientAppActor pid=58617)[0m [Client 1186] Data split:[32m [repeated 145x across cluster][0m
[36m(ClientAppActor pid=58617)[0m    Train:      87 samples (client-local)[32m [repeated 145x across cluster][0m
[36m(ClientAppActor pid=58617)[0m    Validation: 12 samples (client-local)[32m [repeated 145x across cluster][0m

🎯 Multi-Threshold Aggregation:
   ═══════════════════════════════════════════════
   ✅ Valid clients: 2048
   Evaluated 10 thresholds:
     • Thr=0.15: Recall=0.979, Spec=0.147, F1=0.270
     • Thr=0.20: Recall=0.965, Spec=0.216, F1=0.284
     • Thr=0.25: Recall=0.946, Spec=0.281, F1=0.296
   ...

   BEST Threshold: 0.50
     • Recall:      0.793
     • Specificity: 0.586
     • F1-Score:    0.365
     • Score:       0.660
   ═══════════════════════════════════════════════

⚠️  No rounds meet spec≥0.7, using recall filter only
   BUT: Filtered to top 4 by specificity (spec range: 0.587-0.636)
 1 Pareto-optimal rounds (not dominated in recall & spec)

🎯 SELECTED ROUND 41:
   Recall:     0.738
   Specificity: 0.636
   F1-Score:    0.370
   Stability:   1.000
   Alerts/1000: 415.7
   Composite:   0.660

[36m(ClientAppActor pid=58911)[0m [Client 1941] Data split:[32m [repeated 126x across cluster][0m
[36m(ClientAppActor pid=58911)[0m    Train:      86 samples (client-local)[32m [repeated 126x across cluster][0m
[36m(ClientAppActor pid=58911)[0m    Validation: 12 samples (client-local)[32m [repeated 126x across cluster][0m
[36m(ClientAppActor pid=106624)[0m [Client 590] Data split:[32m [repeated 122x across cluster][0m
[36m(ClientAppActor pid=106624)[0m    Train:      87 samples (client-local)[32m [repeated 122x across cluster][0m
[36m(ClientAppActor pid=106624)[0m    Validation: 12 samples (client-local)[32m [repeated 122x across cluster][0m
[36m(ClientAppActor pid=58617)[0m [Client 316] Data split:[32m [repeated 137x across cluster][0m
[36m(ClientAppActor pid=58617)[0m    Train:      87 samples (client-local)[32m [repeated 137x across cluster][0m
[36m(ClientAppActor pid=58617)[0m    Validation: 12 samples (client-local)[32m [repeated 137x across cluster][0m
[36m(ClientAppActor pid=106624)[0m [Client 1898] Data split:[32m [repeated 140x across cluster][0m
[36m(ClientAppActor pid=106624)[0m    Train:      86 samples (client-local)[32m [repeated 140x across cluster][0m
[36m(ClientAppActor pid=106624)[0m    Validation: 12 samples (client-local)[32m [repeated 140x across cluster][0m
[36m(ClientAppActor pid=58911)[0m [Client 1060] Data split:[32m [repeated 151x across cluster][0m
[36m(ClientAppActor pid=58911)[0m    Train:      87 samples (client-local)[32m [repeated 151x across cluster][0m
[36m(ClientAppActor pid=58911)[0m    Validation: 12 samples (client-local)[32m [repeated 151x across cluster][0m
[36m(ClientAppActor pid=100060)[0m [Client 222] Data split:[32m [repeated 137x across cluster][0m
[36m(ClientAppActor pid=100060)[0m    Train:      87 samples (client-local)[32m [repeated 137x across cluster][0m
[36m(ClientAppActor pid=100060)[0m    Validation: 12 samples (client-local)[32m [repeated 137x across cluster][0m
[36m(ClientAppActor pid=57689)[0m [Client 1492] Data split:[32m [repeated 146x across cluster][0m
[36m(ClientAppActor pid=57689)[0m    Train:      86 samples (client-local)[32m [repeated 146x across cluster][0m
[36m(ClientAppActor pid=57689)[0m    Validation: 12 samples (client-local)[32m [repeated 146x across cluster][0m
[36m(ClientAppActor pid=100060)[0m [Client 1982] Data split:[32m [repeated 138x across cluster][0m
[36m(ClientAppActor pid=100060)[0m    Train:      86 samples (client-local)[32m [repeated 138x across cluster][0m
[36m(ClientAppActor pid=100060)[0m    Validation: 12 samples (client-local)[32m [repeated 138x across cluster][0m
[36m(ClientAppActor pid=58617)[0m [Client 116] Data split:[32m [repeated 144x across cluster][0m
[36m(ClientAppActor pid=58617)[0m    Train:      87 samples (client-local)[32m [repeated 144x across cluster][0m
[36m(ClientAppActor pid=58617)[0m    Validation: 12 samples (client-local)[32m [repeated 144x across cluster][0m
[36m(ClientAppActor pid=98378)[0m [Client 1643] Data split:[32m [repeated 147x across cluster][0m
[36m(ClientAppActor pid=98378)[0m    Train:      86 samples (client-local)[32m [repeated 147x across cluster][0m
[36m(ClientAppActor pid=98378)[0m    Validation: 12 samples (client-local)[32m [repeated 147x across cluster][0m
[36m(ClientAppActor pid=98898)[0m [Client 348] Data split:[32m [repeated 146x across cluster][0m
[36m(ClientAppActor pid=98898)[0m    Train:      87 samples (client-local)[32m [repeated 146x across cluster][0m
[36m(ClientAppActor pid=98898)[0m    Validation: 12 samples (client-local)[32m [repeated 146x across cluster][0m
[36m(ClientAppActor pid=98898)[0m [Client 370] Data split:[32m [repeated 135x across cluster][0m
[36m(ClientAppActor pid=98898)[0m    Train:      87 samples (client-local)[32m [repeated 135x across cluster][0m
[36m(ClientAppActor pid=98898)[0m    Validation: 12 samples (client-local)[32m [repeated 135x across cluster][0m
[36m(ClientAppActor pid=98898)[0m [Client 275] Data split:[32m [repeated 145x across cluster][0m
[36m(ClientAppActor pid=98898)[0m    Train:      87 samples (client-local)[32m [repeated 145x across cluster][0m
[36m(ClientAppActor pid=98898)[0m    Validation: 12 samples (client-local)[32m [repeated 145x across cluster][0m
[36m(ClientAppActor pid=58617)[0m [Client 282] Data split:[32m [repeated 140x across cluster][0m
[36m(ClientAppActor pid=58617)[0m    Train:      87 samples (client-local)[32m [repeated 140x across cluster][0m
[36m(ClientAppActor pid=58617)[0m    Validation: 12 samples (client-local)[32m [repeated 140x across cluster][0m
[36m(ClientAppActor pid=106624)[0m [Client 299] Data split:[32m [repeated 139x across cluster][0m
[36m(ClientAppActor pid=106624)[0m    Train:      87 samples (client-local)[32m [repeated 139x across cluster][0m
[36m(ClientAppActor pid=106624)[0m    Validation: 12 samples (client-local)[32m [repeated 139x across cluster][0m
[36m(ClientAppActor pid=98898)[0m [Client 532] Data split:[32m [repeated 141x across cluster][0m
[36m(ClientAppActor pid=98898)[0m    Train:      87 samples (client-local)[32m [repeated 141x across cluster][0m
[36m(ClientAppActor pid=98898)[0m    Validation: 12 samples (client-local)[32m [repeated 141x across cluster][0m[92mINFO [0m:      aggregate_evaluate: received 2048 results and 0 failures
[92mINFO [0m:      
[92mINFO [0m:      [ROUND 46]
[92mINFO [0m:      configure_fit: strategy sampled 1638 clients (out of 2048)

[36m(ClientAppActor pid=99221)[0m [Client 2024] Data split:[32m [repeated 139x across cluster][0m
[36m(ClientAppActor pid=99221)[0m    Train:      86 samples (client-local)[32m [repeated 139x across cluster][0m
[36m(ClientAppActor pid=99221)[0m    Validation: 12 samples (client-local)[32m [repeated 139x across cluster][0m
[36m(ClientAppActor pid=100060)[0m [Client 1871] Data split:[32m [repeated 145x across cluster][0m
[36m(ClientAppActor pid=100060)[0m    Train:      86 samples (client-local)[32m [repeated 145x across cluster][0m
[36m(ClientAppActor pid=100060)[0m    Validation: 12 samples (client-local)[32m [repeated 145x across cluster][0m
[36m(ClientAppActor pid=98898)[0m [Client 1510] Data split:[32m [repeated 143x across cluster][0m
[36m(ClientAppActor pid=98898)[0m    Train:      86 samples (client-local)[32m [repeated 143x across cluster][0m
[36m(ClientAppActor pid=98898)[0m    Validation: 12 samples (client-local)[32m [repeated 143x across cluster][0m
[36m(ClientAppActor pid=57434)[0m [Client 1123] Data split:[32m [repeated 147x across cluster][0m
[36m(ClientAppActor pid=57434)[0m    Train:      87 samples (client-local)[32m [repeated 147x across cluster][0m
[36m(ClientAppActor pid=57434)[0m    Validation: 12 samples (client-local)[32m [repeated 147x across cluster][0m
[36m(ClientAppActor pid=57814)[0m [Client 245] Data split:[32m [repeated 140x across cluster][0m
[36m(ClientAppActor pid=57814)[0m    Train:      87 samples (client-local)[32m [repeated 140x across cluster][0m
[36m(ClientAppActor pid=57814)[0m    Validation: 12 samples (client-local)[32m [repeated 140x across cluster][0m
[36m(ClientAppActor pid=98898)[0m [Client 1244] Data split:[32m [repeated 144x across cluster][0m
[36m(ClientAppActor pid=98898)[0m    Train:      87 samples (client-local)[32m [repeated 144x across cluster][0m
[36m(ClientAppActor pid=98898)[0m    Validation: 12 samples (client-local)[32m [repeated 144x across cluster][0m
[36m(ClientAppActor pid=58708)[0m [Client 1835] Data split:[32m [repeated 150x across cluster][0m
[36m(ClientAppActor pid=58708)[0m    Train:      86 samples (client-local)[32m [repeated 150x across cluster][0m
[36m(ClientAppActor pid=58708)[0m    Validation: 12 samples (client-local)[32m [repeated 150x across cluster][0m
[36m(ClientAppActor pid=58708)[0m [Client 1532] Data split:[32m [repeated 145x across cluster][0m
[36m(ClientAppActor pid=58708)[0m    Train:      86 samples (client-local)[32m [repeated 145x across cluster][0m
[36m(ClientAppActor pid=58708)[0m    Validation: 12 samples (client-local)[32m [repeated 145x across cluster][0m
[36m(ClientAppActor pid=57689)[0m [Client 2004] Data split:[32m [repeated 139x across cluster][0m
[36m(ClientAppActor pid=57689)[0m    Train:      86 samples (client-local)[32m [repeated 139x across cluster][0m
[36m(ClientAppActor pid=57689)[0m    Validation: 12 samples (client-local)[32m [repeated 139x across cluster][0m
[36m(ClientAppActor pid=99190)[0m [Client 1252] Data split:[32m [repeated 146x across cluster][0m
[36m(ClientAppActor pid=99190)[0m    Train:      87 samples (client-local)[32m [repeated 146x across cluster][0m
[36m(ClientAppActor pid=99190)[0m    Validation: 12 samples (client-local)[32m [repeated 146x across cluster][0m

🎯 Multi-Threshold Aggregation:
   ═══════════════════════════════════════════════
   ✅ Valid clients: 2048
   Evaluated 10 thresholds:
     • Thr=0.15: Recall=0.979, Spec=0.148, F1=0.270
     • Thr=0.20: Recall=0.965, Spec=0.217, F1=0.284
     • Thr=0.25: Recall=0.946, Spec=0.282, F1=0.296
   ...

   BEST Threshold: 0.50
     • Recall:      0.794
     • Specificity: 0.588
     • F1-Score:    0.366
     • Score:       0.662
   ═══════════════════════════════════════════════

⚠️  No rounds meet spec≥0.7, using recall filter only
   BUT: Filtered to top 5 by specificity (spec range: 0.587-0.636)
 2 Pareto-optimal rounds (not dominated in recall & spec)

🎯 SELECTED ROUND 45:
   Recall:     0.794
   Specificity: 0.588
   F1-Score:    0.366
   Stability:   1.000
   Alerts/1000: 465.2
   Composite:   0.667

   💾 Checkpoint saved: result/splits_iid_scaling/splits_iid_2048_clients.json/multi_thr/model_round_45.pt
⚠️  No rounds meet spec≥0.7, using recall filter only
   BUT: Filtered to top 5 by specificity (spec range: 0.587-0.636)
 2 Pareto-optimal rounds (not dominated in recall & spec)

🎯 SELECTED ROUND 45:
   Recall:     0.794
   Specificity: 0.588
   F1-Score:    0.366
   Stability:   1.000
   Alerts/1000: 465.2
   Composite:   0.667

   💾 Best model saved: result/splits_iid_scaling/splits_iid_2048_clients.json/multi_thr/model_round_45.pt
   📊 Metrics saved: result/splits_iid_scaling/splits_iid_2048_clients.json/multi_thr/run_1.json
[36m(ClientAppActor pid=106270)[0m [Client 38] Data split:[32m [repeated 116x across cluster][0m
[36m(ClientAppActor pid=106270)[0m    Train:      87 samples (client-local)[32m [repeated 116x across cluster][0m
[36m(ClientAppActor pid=106270)[0m    Validation: 12 samples (client-local)[32m [repeated 116x across cluster][0m
[36m(ClientAppActor pid=58911)[0m [Client 647] Data split:[32m [repeated 144x across cluster][0m
[36m(ClientAppActor pid=58911)[0m    Train:      87 samples (client-local)[32m [repeated 144x across cluster][0m
[36m(ClientAppActor pid=58911)[0m    Validation: 12 samples (client-local)[32m [repeated 144x across cluster][0m
[36m(ClientAppActor pid=57689)[0m [Client 20] Data split:[32m [repeated 140x across cluster][0m
[36m(ClientAppActor pid=57689)[0m    Train:      87 samples (client-local)[32m [repeated 140x across cluster][0m
[36m(ClientAppActor pid=57689)[0m    Validation: 12 samples (client-local)[32m [repeated 140x across cluster][0m
[36m(ClientAppActor pid=98898)[0m [Client 1936] Data split:[32m [repeated 132x across cluster][0m
[36m(ClientAppActor pid=98898)[0m    Train:      86 samples (client-local)[32m [repeated 132x across cluster][0m
[36m(ClientAppActor pid=98898)[0m    Validation: 12 samples (client-local)[32m [repeated 132x across cluster][0m
[36m(ClientAppActor pid=108073)[0m [Client 1882] Data split:[32m [repeated 143x across cluster][0m
[36m(ClientAppActor pid=108073)[0m    Train:      86 samples (client-local)[32m [repeated 143x across cluster][0m
[36m(ClientAppActor pid=108073)[0m    Validation: 12 samples (client-local)[32m [repeated 143x across cluster][0m
[36m(ClientAppActor pid=97834)[0m [Client 894] Data split:[32m [repeated 145x across cluster][0m
[36m(ClientAppActor pid=97834)[0m    Train:      87 samples (client-local)[32m [repeated 145x across cluster][0m
[36m(ClientAppActor pid=97834)[0m    Validation: 12 samples (client-local)[32m [repeated 145x across cluster][0m
[36m(ClientAppActor pid=106270)[0m [Client 481] Data split:[32m [repeated 138x across cluster][0m
[36m(ClientAppActor pid=106270)[0m    Train:      87 samples (client-local)[32m [repeated 138x across cluster][0m
[36m(ClientAppActor pid=106270)[0m    Validation: 12 samples (client-local)[32m [repeated 138x across cluster][0m
[36m(ClientAppActor pid=100060)[0m [Client 31] Data split:[32m [repeated 142x across cluster][0m
[36m(ClientAppActor pid=100060)[0m    Train:      87 samples (client-local)[32m [repeated 142x across cluster][0m
[36m(ClientAppActor pid=100060)[0m    Validation: 12 samples (client-local)[32m [repeated 142x across cluster][0m
[36m(ClientAppActor pid=100781)[0m [Client 1946] Data split:[32m [repeated 144x across cluster][0m
[36m(ClientAppActor pid=100781)[0m    Train:      86 samples (client-local)[32m [repeated 144x across cluster][0m
[36m(ClientAppActor pid=100781)[0m    Validation: 12 samples (client-local)[32m [repeated 144x across cluster][0m
[36m(ClientAppActor pid=58911)[0m [Client 765] Data split:[32m [repeated 136x across cluster][0m
[36m(ClientAppActor pid=58911)[0m    Train:      87 samples (client-local)[32m [repeated 136x across cluster][0m[92mINFO [0m:      aggregate_fit: received 1638 results and 0 failures
[92mINFO [0m:      configure_evaluate: strategy sampled 2048 clients (out of 2048)
[92mINFO [0m:      aggregate_evaluate: received 2048 results and 0 failures
[92mINFO [0m:      
[92mINFO [0m:      [ROUND 47]
[92mINFO [0m:      configure_fit: strategy sampled 1638 clients (out of 2048)

[36m(ClientAppActor pid=58911)[0m    Validation: 12 samples (client-local)[32m [repeated 136x across cluster][0m
[36m(ClientAppActor pid=100120)[0m [Client 658] Data split:[32m [repeated 143x across cluster][0m
[36m(ClientAppActor pid=100120)[0m    Train:      87 samples (client-local)[32m [repeated 143x across cluster][0m
[36m(ClientAppActor pid=100120)[0m    Validation: 12 samples (client-local)[32m [repeated 143x across cluster][0m
[36m(ClientAppActor pid=98898)[0m [Client 555] Data split:[32m [repeated 143x across cluster][0m
[36m(ClientAppActor pid=98898)[0m    Train:      87 samples (client-local)[32m [repeated 143x across cluster][0m
[36m(ClientAppActor pid=98898)[0m    Validation: 12 samples (client-local)[32m [repeated 143x across cluster][0m
[36m(ClientAppActor pid=58852)[0m [Client 1839] Data split:[32m [repeated 111x across cluster][0m
[36m(ClientAppActor pid=58852)[0m    Train:      86 samples (client-local)[32m [repeated 111x across cluster][0m
[36m(ClientAppActor pid=58852)[0m    Validation: 12 samples (client-local)[32m [repeated 111x across cluster][0m
[36m(ClientAppActor pid=106270)[0m [Client 1089] Data split:[32m [repeated 128x across cluster][0m
[36m(ClientAppActor pid=106270)[0m    Train:      87 samples (client-local)[32m [repeated 128x across cluster][0m
[36m(ClientAppActor pid=106270)[0m    Validation: 12 samples (client-local)[32m [repeated 128x across cluster][0m
[36m(ClientAppActor pid=100781)[0m [Client 463] Data split:[32m [repeated 134x across cluster][0m
[36m(ClientAppActor pid=100781)[0m    Train:      87 samples (client-local)[32m [repeated 134x across cluster][0m
[36m(ClientAppActor pid=100781)[0m    Validation: 12 samples (client-local)[32m [repeated 134x across cluster][0m
[36m(ClientAppActor pid=99221)[0m [Client 634] Data split:[32m [repeated 146x across cluster][0m
[36m(ClientAppActor pid=99221)[0m    Train:      87 samples (client-local)[32m [repeated 146x across cluster][0m
[36m(ClientAppActor pid=99221)[0m    Validation: 12 samples (client-local)[32m [repeated 146x across cluster][0m
[36m(ClientAppActor pid=106270)[0m [Client 276] Data split:[32m [repeated 134x across cluster][0m
[36m(ClientAppActor pid=106270)[0m    Train:      87 samples (client-local)[32m [repeated 134x across cluster][0m
[36m(ClientAppActor pid=106270)[0m    Validation: 12 samples (client-local)[32m [repeated 134x across cluster][0m
[36m(ClientAppActor pid=106270)[0m [Client 134] Data split:[32m [repeated 158x across cluster][0m
[36m(ClientAppActor pid=106270)[0m    Train:      87 samples (client-local)[32m [repeated 158x across cluster][0m
[36m(ClientAppActor pid=106270)[0m    Validation: 12 samples (client-local)[32m [repeated 158x across cluster][0m
[36m(ClientAppActor pid=100781)[0m [Client 1835] Data split:[32m [repeated 144x across cluster][0m
[36m(ClientAppActor pid=100781)[0m    Train:      86 samples (client-local)[32m [repeated 144x across cluster][0m
[36m(ClientAppActor pid=100781)[0m    Validation: 12 samples (client-local)[32m [repeated 144x across cluster][0m
[36m(ClientAppActor pid=106270)[0m [Client 230] Data split:[32m [repeated 140x across cluster][0m
[36m(ClientAppActor pid=106270)[0m    Train:      87 samples (client-local)[32m [repeated 140x across cluster][0m
[36m(ClientAppActor pid=106270)[0m    Validation: 12 samples (client-local)[32m [repeated 140x across cluster][0m
[36m(ClientAppActor pid=99190)[0m [Client 242] Data split:[32m [repeated 137x across cluster][0m
[36m(ClientAppActor pid=99190)[0m    Train:      87 samples (client-local)[32m [repeated 137x across cluster][0m
[36m(ClientAppActor pid=99190)[0m    Validation: 12 samples (client-local)[32m [repeated 137x across cluster][0m
[36m(ClientAppActor pid=59339)[0m [Client 289] Data split:[32m [repeated 148x across cluster][0m
[36m(ClientAppActor pid=59339)[0m    Train:      87 samples (client-local)[32m [repeated 148x across cluster][0m
[36m(ClientAppActor pid=59339)[0m    Validation: 12 samples (client-local)[32m [repeated 148x across cluster][0m
[36m(ClientAppActor pid=98378)[0m [Client 937] Data split:[32m [repeated 162x across cluster][0m
[36m(ClientAppActor pid=98378)[0m    Train:      87 samples (client-local)[32m [repeated 162x across cluster][0m
[36m(ClientAppActor pid=98378)[0m    Validation: 12 samples (client-local)[32m [repeated 162x across cluster][0m
[36m(ClientAppActor pid=99221)[0m [Client 747] Data split:[32m [repeated 142x across cluster][0m
[36m(ClientAppActor pid=99221)[0m    Train:      87 samples (client-local)[32m [repeated 142x across cluster][0m
[36m(ClientAppActor pid=99221)[0m    Validation: 12 samples (client-local)[32m [repeated 142x across cluster][0m
[36m(ClientAppActor pid=106270)[0m [Client 315] Data split:[32m [repeated 133x across cluster][0m
[36m(ClientAppActor pid=106270)[0m    Train:      87 samples (client-local)[32m [repeated 133x across cluster][0m
[36m(ClientAppActor pid=106270)[0m    Validation: 12 samples (client-local)[32m [repeated 133x across cluster][0m
[36m(ClientAppActor pid=98100)[0m [Client 1868] Data split:[32m [repeated 144x across cluster][0m
[36m(ClientAppActor pid=98100)[0m    Train:      86 samples (client-local)[32m [repeated 144x across cluster][0m
[36m(ClientAppActor pid=98100)[0m    Validation: 12 samples (client-local)[32m [repeated 144x across cluster][0m

🎯 Multi-Threshold Aggregation:
   ═══════════════════════════════════════════════
   ✅ Valid clients: 2048
   Evaluated 10 thresholds:
     • Thr=0.15: Recall=0.979, Spec=0.149, F1=0.271
     • Thr=0.20: Recall=0.966, Spec=0.219, F1=0.284
     • Thr=0.25: Recall=0.945, Spec=0.284, F1=0.297
   ...

   BEST Threshold: 0.50
     • Recall:      0.795
     • Specificity: 0.589
     • F1-Score:    0.367
     • Score:       0.663
   ═══════════════════════════════════════════════

⚠️  No rounds meet spec≥0.7, using recall filter only
   BUT: Filtered to top 5 by specificity (spec range: 0.588-0.636)
 2 Pareto-optimal rounds (not dominated in recall & spec)

🎯 SELECTED ROUND 46:
   Recall:     0.795
   Specificity: 0.589
   F1-Score:    0.367
   Stability:   1.000
   Alerts/1000: 464.1
   Composite:   0.668

   💾 Checkpoint saved: result/splits_iid_scaling/splits_iid_2048_clients.json/multi_thr/model_round_46.pt
⚠️  No rounds meet spec≥0.7, using recall filter only
   BUT: Filtered to top 5 by specificity (spec range: 0.588-0.636)
 2 Pareto-optimal rounds (not dominated in recall & spec)

🎯 SELECTED ROUND 46:
   Recall:     0.795
   Specificity: 0.589
   F1-Score:    0.367
   Stability:   1.000
   Alerts/1000: 464.1
   Composite:   0.668

   💾 Best model saved: result/splits_iid_scaling/splits_iid_2048_clients.json/multi_thr/model_round_46.pt
   📊 Metrics saved: result/splits_iid_scaling/splits_iid_2048_clients.json/multi_thr/run_1.json
[36m(ClientAppActor pid=58617)[0m [Client 280] Data split:[32m [repeated 109x across cluster][0m
[36m(ClientAppActor pid=58617)[0m    Train:      87 samples (client-local)[32m [repeated 109x across cluster][0m
[36m(ClientAppActor pid=58617)[0m    Validation: 12 samples (client-local)[32m [repeated 109x across cluster][0m
[36m(ClientAppActor pid=59339)[0m [Client 1750] Data split:[32m [repeated 145x across cluster][0m
[36m(ClientAppActor pid=59339)[0m    Train:      86 samples (client-local)[32m [repeated 145x across cluster][0m
[36m(ClientAppActor pid=59339)[0m    Validation: 12 samples (client-local)[32m [repeated 145x across cluster][0m
[36m(ClientAppActor pid=106270)[0m [Client 487] Data split:[32m [repeated 150x across cluster][0m
[36m(ClientAppActor pid=106270)[0m    Train:      87 samples (client-local)[32m [repeated 150x across cluster][0m
[36m(ClientAppActor pid=106270)[0m    Validation: 12 samples (client-local)[32m [repeated 150x across cluster][0m[92mINFO [0m:      aggregate_fit: received 1638 results and 0 failures
[92mINFO [0m:      configure_evaluate: strategy sampled 2048 clients (out of 2048)
[92mINFO [0m:      aggregate_evaluate: received 2048 results and 0 failures

[36m(ClientAppActor pid=58617)[0m [Client 273] Data split:[32m [repeated 146x across cluster][0m
[36m(ClientAppActor pid=58617)[0m    Train:      87 samples (client-local)[32m [repeated 146x across cluster][0m
[36m(ClientAppActor pid=58617)[0m    Validation: 12 samples (client-local)[32m [repeated 146x across cluster][0m
[36m(ClientAppActor pid=106624)[0m [Client 1722] Data split:[32m [repeated 147x across cluster][0m
[36m(ClientAppActor pid=106624)[0m    Train:      86 samples (client-local)[32m [repeated 147x across cluster][0m
[36m(ClientAppActor pid=106624)[0m    Validation: 12 samples (client-local)[32m [repeated 147x across cluster][0m
[36m(ClientAppActor pid=99190)[0m [Client 421] Data split:[32m [repeated 146x across cluster][0m
[36m(ClientAppActor pid=99190)[0m    Train:      87 samples (client-local)[32m [repeated 146x across cluster][0m
[36m(ClientAppActor pid=99190)[0m    Validation: 12 samples (client-local)[32m [repeated 146x across cluster][0m
[36m(ClientAppActor pid=58911)[0m [Client 1575] Data split:[32m [repeated 136x across cluster][0m
[36m(ClientAppActor pid=58911)[0m    Train:      86 samples (client-local)[32m [repeated 136x across cluster][0m
[36m(ClientAppActor pid=58911)[0m    Validation: 12 samples (client-local)[32m [repeated 136x across cluster][0m
[36m(ClientAppActor pid=106270)[0m [Client 1622] Data split:[32m [repeated 132x across cluster][0m
[36m(ClientAppActor pid=106270)[0m    Train:      86 samples (client-local)[32m [repeated 132x across cluster][0m
[36m(ClientAppActor pid=106270)[0m    Validation: 12 samples (client-local)[32m [repeated 132x across cluster][0m
[36m(ClientAppActor pid=58852)[0m [Client 1890] Data split:[32m [repeated 138x across cluster][0m
[36m(ClientAppActor pid=58852)[0m    Train:      86 samples (client-local)[32m [repeated 138x across cluster][0m
[36m(ClientAppActor pid=58852)[0m    Validation: 12 samples (client-local)[32m [repeated 138x across cluster][0m
[36m(ClientAppActor pid=58708)[0m [Client 532] Data split:[32m [repeated 153x across cluster][0m
[36m(ClientAppActor pid=58708)[0m    Train:      87 samples (client-local)[32m [repeated 153x across cluster][0m
[36m(ClientAppActor pid=58708)[0m    Validation: 12 samples (client-local)[32m [repeated 153x across cluster][0m
[36m(ClientAppActor pid=58617)[0m [Client 786] Data split:[32m [repeated 141x across cluster][0m
[36m(ClientAppActor pid=58617)[0m    Train:      87 samples (client-local)[32m [repeated 141x across cluster][0m
[36m(ClientAppActor pid=58617)[0m    Validation: 12 samples (client-local)[32m [repeated 141x across cluster][0m
[36m(ClientAppActor pid=106624)[0m [Client 658] Data split:[32m [repeated 138x across cluster][0m
[36m(ClientAppActor pid=106624)[0m    Train:      87 samples (client-local)[32m [repeated 138x across cluster][0m
[36m(ClientAppActor pid=106624)[0m    Validation: 12 samples (client-local)[32m [repeated 138x across cluster][0m
[36m(ClientAppActor pid=58617)[0m [Client 1790] Data split:[32m [repeated 111x across cluster][0m
[36m(ClientAppActor pid=58617)[0m    Train:      86 samples (client-local)[32m [repeated 111x across cluster][0m
[36m(ClientAppActor pid=58617)[0m    Validation: 12 samples (client-local)[32m [repeated 111x across cluster][0m
[36m(ClientAppActor pid=106624)[0m [Client 1715] Data split:[32m [repeated 123x across cluster][0m
[36m(ClientAppActor pid=106624)[0m    Train:      86 samples (client-local)[32m [repeated 123x across cluster][0m
[36m(ClientAppActor pid=106624)[0m    Validation: 12 samples (client-local)[32m [repeated 123x across cluster][0m
[36m(ClientAppActor pid=98898)[0m [Client 519] Data split:[32m [repeated 142x across cluster][0m
[36m(ClientAppActor pid=98898)[0m    Train:      87 samples (client-local)[32m [repeated 142x across cluster][0m
[36m(ClientAppActor pid=98898)[0m    Validation: 12 samples (client-local)[32m [repeated 142x across cluster][0m
[36m(ClientAppActor pid=106270)[0m [Client 1994] Data split:[32m [repeated 147x across cluster][0m
[36m(ClientAppActor pid=106270)[0m    Train:      86 samples (client-local)[32m [repeated 147x across cluster][0m
[36m(ClientAppActor pid=106270)[0m    Validation: 12 samples (client-local)[32m [repeated 147x across cluster][0m
[36m(ClientAppActor pid=98757)[0m [Client 118] Data split:[32m [repeated 139x across cluster][0m
[36m(ClientAppActor pid=98757)[0m    Train:      87 samples (client-local)[32m [repeated 139x across cluster][0m
[36m(ClientAppActor pid=98757)[0m    Validation: 12 samples (client-local)[32m [repeated 139x across cluster][0m
[36m(ClientAppActor pid=100120)[0m [Client 18] Data split:[32m [repeated 149x across cluster][0m
[36m(ClientAppActor pid=100120)[0m    Train:      87 samples (client-local)[32m [repeated 149x across cluster][0m
[36m(ClientAppActor pid=100120)[0m    Validation: 12 samples (client-local)[32m [repeated 149x across cluster][0m
[36m(ClientAppActor pid=58708)[0m [Client 1949] Data split:[32m [repeated 142x across cluster][0m
[36m(ClientAppActor pid=58708)[0m    Train:      86 samples (client-local)[32m [repeated 142x across cluster][0m
[36m(ClientAppActor pid=58708)[0m    Validation: 12 samples (client-local)[32m [repeated 142x across cluster][0m
[36m(ClientAppActor pid=57636)[0m [Client 34] Data split:[32m [repeated 157x across cluster][0m
[36m(ClientAppActor pid=57636)[0m    Train:      87 samples (client-local)[32m [repeated 157x across cluster][0m
[36m(ClientAppActor pid=57636)[0m    Validation: 12 samples (client-local)[32m [repeated 157x across cluster][0m
[36m(ClientAppActor pid=98378)[0m [Client 653] Data split:[32m [repeated 149x across cluster][0m
[36m(ClientAppActor pid=98378)[0m    Train:      87 samples (client-local)[32m [repeated 149x across cluster][0m
[36m(ClientAppActor pid=98378)[0m    Validation: 12 samples (client-local)[32m [repeated 149x across cluster][0m
[36m(ClientAppActor pid=58006)[0m [Client 363] Data split:[32m [repeated 141x across cluster][0m
[36m(ClientAppActor pid=58006)[0m    Train:      87 samples (client-local)[32m [repeated 141x across cluster][0m
[36m(ClientAppActor pid=58006)[0m    Validation: 12 samples (client-local)[32m [repeated 141x across cluster][0m
[36m(ClientAppActor pid=57434)[0m [Client 511] Data split:[32m [repeated 140x across cluster][0m
[36m(ClientAppActor pid=57434)[0m    Train:      87 samples (client-local)[32m [repeated 140x across cluster][0m
[36m(ClientAppActor pid=57434)[0m    Validation: 12 samples (client-local)[32m [repeated 140x across cluster][0m
[36m(ClientAppActor pid=99221)[0m [Client 570] Data split:[32m [repeated 139x across cluster][0m
[36m(ClientAppActor pid=99221)[0m    Train:      87 samples (client-local)[32m [repeated 139x across cluster][0m
[36m(ClientAppActor pid=99221)[0m    Validation: 12 samples (client-local)[32m [repeated 139x across cluster][0m
[36m(ClientAppActor pid=98898)[0m 
[36m(ClientAppActor pid=59018)[0m [Client 1780] Data split:[32m [repeated 151x across cluster][0m
[36m(ClientAppActor pid=59018)[0m    Train:      86 samples (client-local)[32m [repeated 151x across cluster][0m
[36m(ClientAppActor pid=59018)[0m    Validation: 12 samples (client-local)[32m [repeated 151x across cluster][0m
[36m(ClientAppActor pid=98100)[0m [Client 1991] Data split:[32m [repeated 136x across cluster][0m
[36m(ClientAppActor pid=98100)[0m    Train:      86 samples (client-local)[32m [repeated 136x across cluster][0m
[36m(ClientAppActor pid=98100)[0m    Validation: 12 samples (client-local)[32m [repeated 136x across cluster][0m

🎯 Multi-Threshold Aggregation:
   ═══════════════════════════════════════════════
   ✅ Valid clients: 2048
   Evaluated 10 thresholds:
     • Thr=0.15: Recall=0.979, Spec=0.150, F1=0.271
     • Thr=0.20: Recall=0.966, Spec=0.220, F1=0.285
     • Thr=0.25: Recall=0.946, Spec=0.285, F1=0.297
   ...

   BEST Threshold: 0.50[92mINFO [0m:      
[92mINFO [0m:      [ROUND 48]
[92mINFO [0m:      configure_fit: strategy sampled 1638 clients (out of 2048)
[92mINFO [0m:      aggregate_fit: received 1638 results and 0 failures
[92mINFO [0m:      configure_evaluate: strategy sampled 2048 clients (out of 2048)

     • Recall:      0.795
     • Specificity: 0.590
     • F1-Score:    0.368
     • Score:       0.663
   ═══════════════════════════════════════════════

⚠️  No rounds meet spec≥0.7, using recall filter only
   BUT: Filtered to top 6 by specificity (spec range: 0.588-0.636)
 2 Pareto-optimal rounds (not dominated in recall & spec)

🎯 SELECTED ROUND 47:
   Recall:     0.795
   Specificity: 0.590
   F1-Score:    0.368
   Stability:   1.000
   Alerts/1000: 463.5
   Composite:   0.669

   💾 Checkpoint saved: result/splits_iid_scaling/splits_iid_2048_clients.json/multi_thr/model_round_47.pt
⚠️  No rounds meet spec≥0.7, using recall filter only
   BUT: Filtered to top 6 by specificity (spec range: 0.588-0.636)
 2 Pareto-optimal rounds (not dominated in recall & spec)

🎯 SELECTED ROUND 47:
   Recall:     0.795
   Specificity: 0.590
   F1-Score:    0.368
   Stability:   1.000
   Alerts/1000: 463.5
   Composite:   0.669

   💾 Best model saved: result/splits_iid_scaling/splits_iid_2048_clients.json/multi_thr/model_round_47.pt
   📊 Metrics saved: result/splits_iid_scaling/splits_iid_2048_clients.json/multi_thr/run_1.json
[36m(ClientAppActor pid=58617)[0m [Client 58] Data split:[32m [repeated 143x across cluster][0m
[36m(ClientAppActor pid=58617)[0m    Train:      87 samples (client-local)[32m [repeated 143x across cluster][0m
[36m(ClientAppActor pid=58617)[0m    Validation: 12 samples (client-local)[32m [repeated 143x across cluster][0m
[36m(ClientAppActor pid=108073)[0m [Client 1017] Data split:[32m [repeated 144x across cluster][0m
[36m(ClientAppActor pid=108073)[0m    Train:      87 samples (client-local)[32m [repeated 144x across cluster][0m
[36m(ClientAppActor pid=108073)[0m    Validation: 12 samples (client-local)[32m [repeated 144x across cluster][0m
[36m(ClientAppActor pid=58708)[0m [Client 1152] Data split:[32m [repeated 157x across cluster][0m
[36m(ClientAppActor pid=58708)[0m    Train:      87 samples (client-local)[32m [repeated 157x across cluster][0m
[36m(ClientAppActor pid=58708)[0m    Validation: 12 samples (client-local)[32m [repeated 157x across cluster][0m
[36m(ClientAppActor pid=59339)[0m [Client 275] Data split:[32m [repeated 149x across cluster][0m
[36m(ClientAppActor pid=59339)[0m    Train:      87 samples (client-local)[32m [repeated 149x across cluster][0m
[36m(ClientAppActor pid=59339)[0m    Validation: 12 samples (client-local)[32m [repeated 149x across cluster][0m
[36m(ClientAppActor pid=99221)[0m [Client 344] Data split:[32m [repeated 141x across cluster][0m
[36m(ClientAppActor pid=99221)[0m    Train:      87 samples (client-local)[32m [repeated 141x across cluster][0m
[36m(ClientAppActor pid=99221)[0m    Validation: 12 samples (client-local)[32m [repeated 141x across cluster][0m
[36m(ClientAppActor pid=59018)[0m [Client 1885] Data split:[32m [repeated 144x across cluster][0m
[36m(ClientAppActor pid=59018)[0m    Train:      86 samples (client-local)[32m [repeated 144x across cluster][0m
[36m(ClientAppActor pid=59018)[0m    Validation: 12 samples (client-local)[32m [repeated 144x across cluster][0m
[36m(ClientAppActor pid=59339)[0m [Client 1783] Data split:[32m [repeated 136x across cluster][0m
[36m(ClientAppActor pid=59339)[0m    Train:      86 samples (client-local)[32m [repeated 136x across cluster][0m
[36m(ClientAppActor pid=59339)[0m    Validation: 12 samples (client-local)[32m [repeated 136x across cluster][0m
[36m(ClientAppActor pid=100060)[0m [Client 93] Data split:[32m [repeated 140x across cluster][0m
[36m(ClientAppActor pid=100060)[0m    Train:      87 samples (client-local)[32m [repeated 140x across cluster][0m
[36m(ClientAppActor pid=100060)[0m    Validation: 12 samples (client-local)[32m [repeated 140x across cluster][0m
[36m(ClientAppActor pid=100781)[0m [Client 1904] Data split:[32m [repeated 149x across cluster][0m
[36m(ClientAppActor pid=100781)[0m    Train:      86 samples (client-local)[32m [repeated 149x across cluster][0m
[36m(ClientAppActor pid=100781)[0m    Validation: 12 samples (client-local)[32m [repeated 149x across cluster][0m
[36m(ClientAppActor pid=97638)[0m [Client 1106] Data split:[32m [repeated 146x across cluster][0m
[36m(ClientAppActor pid=97638)[0m    Train:      87 samples (client-local)[32m [repeated 146x across cluster][0m
[36m(ClientAppActor pid=97638)[0m    Validation: 12 samples (client-local)[32m [repeated 146x across cluster][0m
[36m(ClientAppActor pid=100060)[0m [Client 1372] Data split:[32m [repeated 145x across cluster][0m
[36m(ClientAppActor pid=100060)[0m    Train:      87 samples (client-local)[32m [repeated 145x across cluster][0m
[36m(ClientAppActor pid=100060)[0m    Validation: 12 samples (client-local)[32m [repeated 145x across cluster][0m
[36m(ClientAppActor pid=99221)[0m [Client 438] Data split:[32m [repeated 136x across cluster][0m
[36m(ClientAppActor pid=99221)[0m    Train:      87 samples (client-local)[32m [repeated 136x across cluster][0m
[36m(ClientAppActor pid=99221)[0m    Validation: 12 samples (client-local)[32m [repeated 136x across cluster][0m
[36m(ClientAppActor pid=59018)[0m [Client 1694] Data split:[32m [repeated 115x across cluster][0m
[36m(ClientAppActor pid=59018)[0m    Train:      86 samples (client-local)[32m [repeated 115x across cluster][0m
[36m(ClientAppActor pid=59018)[0m    Validation: 12 samples (client-local)[32m [repeated 115x across cluster][0m
[36m(ClientAppActor pid=59339)[0m [Client 475] Data split:[32m [repeated 142x across cluster][0m
[36m(ClientAppActor pid=59339)[0m    Train:      87 samples (client-local)[32m [repeated 142x across cluster][0m
[36m(ClientAppActor pid=59339)[0m    Validation: 12 samples (client-local)[32m [repeated 142x across cluster][0m
[36m(ClientAppActor pid=57689)[0m [Client 1681] Data split:[32m [repeated 145x across cluster][0m
[36m(ClientAppActor pid=57689)[0m    Train:      86 samples (client-local)[32m [repeated 145x across cluster][0m
[36m(ClientAppActor pid=57689)[0m    Validation: 12 samples (client-local)[32m [repeated 145x across cluster][0m
[36m(ClientAppActor pid=59339)[0m [Client 774] Data split:[32m [repeated 147x across cluster][0m
[36m(ClientAppActor pid=59339)[0m    Train:      87 samples (client-local)[32m [repeated 147x across cluster][0m
[36m(ClientAppActor pid=59339)[0m    Validation: 12 samples (client-local)[32m [repeated 147x across cluster][0m
[36m(ClientAppActor pid=106624)[0m [Client 1227] Data split:[32m [repeated 131x across cluster][0m
[36m(ClientAppActor pid=106624)[0m    Train:      87 samples (client-local)[32m [repeated 131x across cluster][0m
[36m(ClientAppActor pid=106624)[0m    Validation: 12 samples (client-local)[32m [repeated 131x across cluster][0m
[36m(ClientAppActor pid=106624)[0m [Client 1233] Data split:[32m [repeated 132x across cluster][0m
[36m(ClientAppActor pid=106624)[0m    Train:      87 samples (client-local)[32m [repeated 132x across cluster][0m
[36m(ClientAppActor pid=106624)[0m    Validation: 12 samples (client-local)[32m [repeated 132x across cluster][0m
[36m(ClientAppActor pid=58911)[0m [Client 192] Data split:[32m [repeated 146x across cluster][0m
[36m(ClientAppActor pid=58911)[0m    Train:      87 samples (client-local)[32m [repeated 146x across cluster][0m
[36m(ClientAppActor pid=58911)[0m    Validation: 12 samples (client-local)[32m [repeated 146x across cluster][0m
[36m(ClientAppActor pid=58852)[0m [Client 634] Data split:[32m [repeated 137x across cluster][0m
[36m(ClientAppActor pid=58852)[0m    Train:      87 samples (client-local)[32m [repeated 137x across cluster][0m
[36m(ClientAppActor pid=58852)[0m    Validation: 12 samples (client-local)[32m [repeated 137x across cluster][0m
[36m(ClientAppActor pid=97834)[0m 
[36m(ClientAppActor pid=59339)[0m [Client 1661] Data split:[32m [repeated 145x across cluster][0m
[36m(ClientAppActor pid=59339)[0m    Train:      86 samples (client-local)[32m [repeated 145x across cluster][0m[92mINFO [0m:      aggregate_evaluate: received 2048 results and 0 failures
[92mINFO [0m:      
[92mINFO [0m:      [ROUND 49]
[92mINFO [0m:      configure_fit: strategy sampled 1638 clients (out of 2048)
[92mINFO [0m:      aggregate_fit: received 1638 results and 0 failures
[92mINFO [0m:      configure_evaluate: strategy sampled 2048 clients (out of 2048)

[36m(ClientAppActor pid=59339)[0m    Validation: 12 samples (client-local)[32m [repeated 145x across cluster][0m
[36m(ClientAppActor pid=108073)[0m [Client 1779] Data split:[32m [repeated 140x across cluster][0m
[36m(ClientAppActor pid=108073)[0m    Train:      86 samples (client-local)[32m [repeated 140x across cluster][0m
[36m(ClientAppActor pid=108073)[0m    Validation: 12 samples (client-local)[32m [repeated 140x across cluster][0m
[36m(ClientAppActor pid=58006)[0m [Client 641] Data split:[32m [repeated 135x across cluster][0m
[36m(ClientAppActor pid=58006)[0m    Train:      87 samples (client-local)[32m [repeated 135x across cluster][0m
[36m(ClientAppActor pid=58006)[0m    Validation: 12 samples (client-local)[32m [repeated 135x across cluster][0m
[36m(ClientAppActor pid=100011)[0m [Client 659] Data split:[32m [repeated 143x across cluster][0m
[36m(ClientAppActor pid=100011)[0m    Train:      87 samples (client-local)[32m [repeated 143x across cluster][0m
[36m(ClientAppActor pid=100011)[0m    Validation: 12 samples (client-local)[32m [repeated 143x across cluster][0m
[36m(ClientAppActor pid=100011)[0m [Client 102] Data split:[32m [repeated 140x across cluster][0m
[36m(ClientAppActor pid=100011)[0m    Train:      87 samples (client-local)[32m [repeated 140x across cluster][0m
[36m(ClientAppActor pid=100011)[0m    Validation: 12 samples (client-local)[32m [repeated 140x across cluster][0m
[36m(ClientAppActor pid=100011)[0m [Client 564] Data split:[32m [repeated 140x across cluster][0m
[36m(ClientAppActor pid=100011)[0m    Train:      87 samples (client-local)[32m [repeated 140x across cluster][0m
[36m(ClientAppActor pid=100011)[0m    Validation: 12 samples (client-local)[32m [repeated 140x across cluster][0m
[36m(ClientAppActor pid=98100)[0m [Client 1843] Data split:[32m [repeated 141x across cluster][0m
[36m(ClientAppActor pid=98100)[0m    Train:      86 samples (client-local)[32m [repeated 141x across cluster][0m
[36m(ClientAppActor pid=98100)[0m    Validation: 12 samples (client-local)[32m [repeated 141x across cluster][0m

🎯 Multi-Threshold Aggregation:
   ═══════════════════════════════════════════════
   ✅ Valid clients: 2048
   Evaluated 10 thresholds:
     • Thr=0.15: Recall=0.979, Spec=0.152, F1=0.271
     • Thr=0.20: Recall=0.965, Spec=0.221, F1=0.285
     • Thr=0.25: Recall=0.946, Spec=0.287, F1=0.298
   ...

   BEST Threshold: 0.55
     • Recall:      0.746
     • Specificity: 0.645
     • F1-Score:    0.379
     • Score:       0.665
   ═══════════════════════════════════════════════

⚠️  No rounds meet spec≥0.7, using recall filter only
   BUT: Filtered to top 6 by specificity (spec range: 0.589-0.645)
 2 Pareto-optimal rounds (not dominated in recall & spec)

🎯 SELECTED ROUND 47:
   Recall:     0.795
   Specificity: 0.590
   F1-Score:    0.368
   Stability:   1.000
   Alerts/1000: 463.5
   Composite:   0.669

[36m(ClientAppActor pid=58617)[0m [Client 1499] Data split:[32m [repeated 119x across cluster][0m
[36m(ClientAppActor pid=58617)[0m    Train:      86 samples (client-local)[32m [repeated 119x across cluster][0m
[36m(ClientAppActor pid=58617)[0m    Validation: 12 samples (client-local)[32m [repeated 119x across cluster][0m
[36m(ClientAppActor pid=100781)[0m [Client 1120] Data split:[32m [repeated 148x across cluster][0m
[36m(ClientAppActor pid=100781)[0m    Train:      87 samples (client-local)[32m [repeated 148x across cluster][0m
[36m(ClientAppActor pid=100781)[0m    Validation: 12 samples (client-local)[32m [repeated 148x across cluster][0m
[36m(ClientAppActor pid=58171)[0m [Client 538] Data split:[32m [repeated 152x across cluster][0m
[36m(ClientAppActor pid=58171)[0m    Train:      87 samples (client-local)[32m [repeated 152x across cluster][0m
[36m(ClientAppActor pid=58171)[0m    Validation: 12 samples (client-local)[32m [repeated 152x across cluster][0m
[36m(ClientAppActor pid=58500)[0m [Client 1126] Data split:[32m [repeated 141x across cluster][0m
[36m(ClientAppActor pid=58500)[0m    Train:      87 samples (client-local)[32m [repeated 141x across cluster][0m
[36m(ClientAppActor pid=58500)[0m    Validation: 12 samples (client-local)[32m [repeated 141x across cluster][0m
[36m(ClientAppActor pid=58852)[0m [Client 212] Data split:[32m [repeated 142x across cluster][0m
[36m(ClientAppActor pid=58852)[0m    Train:      87 samples (client-local)[32m [repeated 142x across cluster][0m
[36m(ClientAppActor pid=58852)[0m    Validation: 12 samples (client-local)[32m [repeated 142x across cluster][0m
[36m(ClientAppActor pid=100060)[0m [Client 857] Data split:[32m [repeated 153x across cluster][0m
[36m(ClientAppActor pid=100060)[0m    Train:      87 samples (client-local)[32m [repeated 153x across cluster][0m
[36m(ClientAppActor pid=100060)[0m    Validation: 12 samples (client-local)[32m [repeated 153x across cluster][0m
[36m(ClientAppActor pid=106270)[0m [Client 578] Data split:[32m [repeated 137x across cluster][0m
[36m(ClientAppActor pid=106270)[0m    Train:      87 samples (client-local)[32m [repeated 137x across cluster][0m
[36m(ClientAppActor pid=106270)[0m    Validation: 12 samples (client-local)[32m [repeated 137x across cluster][0m
[36m(ClientAppActor pid=57814)[0m [Client 175] Data split:[32m [repeated 146x across cluster][0m
[36m(ClientAppActor pid=57814)[0m    Train:      87 samples (client-local)[32m [repeated 146x across cluster][0m
[36m(ClientAppActor pid=57814)[0m    Validation: 12 samples (client-local)[32m [repeated 146x across cluster][0m
[36m(ClientAppActor pid=98378)[0m [Client 1591] Data split:[32m [repeated 143x across cluster][0m
[36m(ClientAppActor pid=98378)[0m    Train:      86 samples (client-local)[32m [repeated 143x across cluster][0m
[36m(ClientAppActor pid=98378)[0m    Validation: 12 samples (client-local)[32m [repeated 143x across cluster][0m
[36m(ClientAppActor pid=98757)[0m [Client 2045] Data split:[32m [repeated 142x across cluster][0m
[36m(ClientAppActor pid=98757)[0m    Train:      86 samples (client-local)[32m [repeated 142x across cluster][0m
[36m(ClientAppActor pid=98757)[0m    Validation: 12 samples (client-local)[32m [repeated 142x across cluster][0m
[36m(ClientAppActor pid=98898)[0m [Client 1422] Data split:[32m [repeated 145x across cluster][0m
[36m(ClientAppActor pid=98898)[0m    Train:      87 samples (client-local)[32m [repeated 145x across cluster][0m
[36m(ClientAppActor pid=98898)[0m    Validation: 12 samples (client-local)[32m [repeated 145x across cluster][0m
[36m(ClientAppActor pid=58911)[0m [Client 254] Data split:[32m [repeated 115x across cluster][0m
[36m(ClientAppActor pid=58911)[0m    Train:      87 samples (client-local)[32m [repeated 115x across cluster][0m
[36m(ClientAppActor pid=58911)[0m    Validation: 12 samples (client-local)[32m [repeated 115x across cluster][0m
[36m(ClientAppActor pid=106270)[0m [Client 92] Data split:[32m [repeated 142x across cluster][0m
[36m(ClientAppActor pid=106270)[0m    Train:      87 samples (client-local)[32m [repeated 142x across cluster][0m
[36m(ClientAppActor pid=106270)[0m    Validation: 12 samples (client-local)[32m [repeated 142x across cluster][0m
[36m(ClientAppActor pid=106624)[0m [Client 977] Data split:[32m [repeated 125x across cluster][0m
[36m(ClientAppActor pid=106624)[0m    Train:      87 samples (client-local)[32m [repeated 125x across cluster][0m
[36m(ClientAppActor pid=106624)[0m    Validation: 12 samples (client-local)[32m [repeated 125x across cluster][0m
[36m(ClientAppActor pid=98898)[0m [Client 1347] Data split:[32m [repeated 139x across cluster][0m
[36m(ClientAppActor pid=98898)[0m    Train:      87 samples (client-local)[32m [repeated 139x across cluster][0m
[36m(ClientAppActor pid=98898)[0m    Validation: 12 samples (client-local)[32m [repeated 139x across cluster][0m[92mINFO [0m:      aggregate_evaluate: received 2048 results and 0 failures
[92mINFO [0m:      
[92mINFO [0m:      [ROUND 50]
[92mINFO [0m:      configure_fit: strategy sampled 1638 clients (out of 2048)

[36m(ClientAppActor pid=106624)[0m [Client 989] Data split:[32m [repeated 147x across cluster][0m
[36m(ClientAppActor pid=106624)[0m    Train:      87 samples (client-local)[32m [repeated 147x across cluster][0m
[36m(ClientAppActor pid=106624)[0m    Validation: 12 samples (client-local)[32m [repeated 147x across cluster][0m
[36m(ClientAppActor pid=106624)[0m [Client 746] Data split:[32m [repeated 136x across cluster][0m
[36m(ClientAppActor pid=106624)[0m    Train:      87 samples (client-local)[32m [repeated 136x across cluster][0m
[36m(ClientAppActor pid=106624)[0m    Validation: 12 samples (client-local)[32m [repeated 136x across cluster][0m
[36m(ClientAppActor pid=106624)[0m [Client 116] Data split:[32m [repeated 141x across cluster][0m
[36m(ClientAppActor pid=106624)[0m    Train:      87 samples (client-local)[32m [repeated 141x across cluster][0m
[36m(ClientAppActor pid=106624)[0m    Validation: 12 samples (client-local)[32m [repeated 141x across cluster][0m
[36m(ClientAppActor pid=58171)[0m [Client 129] Data split:[32m [repeated 141x across cluster][0m
[36m(ClientAppActor pid=58171)[0m    Train:      87 samples (client-local)[32m [repeated 141x across cluster][0m
[36m(ClientAppActor pid=58171)[0m    Validation: 12 samples (client-local)[32m [repeated 141x across cluster][0m
[36m(ClientAppActor pid=100120)[0m [Client 173] Data split:[32m [repeated 133x across cluster][0m
[36m(ClientAppActor pid=100120)[0m    Train:      87 samples (client-local)[32m [repeated 133x across cluster][0m
[36m(ClientAppActor pid=100120)[0m    Validation: 12 samples (client-local)[32m [repeated 133x across cluster][0m
[36m(ClientAppActor pid=100011)[0m [Client 1655] Data split:[32m [repeated 138x across cluster][0m
[36m(ClientAppActor pid=100011)[0m    Train:      86 samples (client-local)[32m [repeated 138x across cluster][0m
[36m(ClientAppActor pid=100011)[0m    Validation: 12 samples (client-local)[32m [repeated 138x across cluster][0m
[36m(ClientAppActor pid=58852)[0m [Client 283] Data split:[32m [repeated 145x across cluster][0m
[36m(ClientAppActor pid=58852)[0m    Train:      87 samples (client-local)[32m [repeated 145x across cluster][0m
[36m(ClientAppActor pid=58852)[0m    Validation: 12 samples (client-local)[32m [repeated 145x across cluster][0m
[36m(ClientAppActor pid=58911)[0m [Client 1325] Data split:[32m [repeated 149x across cluster][0m
[36m(ClientAppActor pid=58911)[0m    Train:      87 samples (client-local)[32m [repeated 149x across cluster][0m
[36m(ClientAppActor pid=58911)[0m    Validation: 12 samples (client-local)[32m [repeated 149x across cluster][0m
[36m(ClientAppActor pid=100011)[0m [Client 653] Data split:[32m [repeated 136x across cluster][0m
[36m(ClientAppActor pid=100011)[0m    Train:      87 samples (client-local)[32m [repeated 136x across cluster][0m
[36m(ClientAppActor pid=100011)[0m    Validation: 12 samples (client-local)[32m [repeated 136x across cluster][0m
[36m(ClientAppActor pid=57814)[0m [Client 1002] Data split:[32m [repeated 138x across cluster][0m
[36m(ClientAppActor pid=57814)[0m    Train:      87 samples (client-local)[32m [repeated 138x across cluster][0m
[36m(ClientAppActor pid=57814)[0m    Validation: 12 samples (client-local)[32m [repeated 138x across cluster][0m
[36m(ClientAppActor pid=100781)[0m [Client 827] Data split:[32m [repeated 142x across cluster][0m
[36m(ClientAppActor pid=100781)[0m    Train:      87 samples (client-local)[32m [repeated 142x across cluster][0m
[36m(ClientAppActor pid=100781)[0m    Validation: 12 samples (client-local)[32m [repeated 142x across cluster][0m

🎯 Multi-Threshold Aggregation:
   ═══════════════════════════════════════════════
   ✅ Valid clients: 2048
   Evaluated 10 thresholds:
     • Thr=0.15: Recall=0.979, Spec=0.154, F1=0.272
     • Thr=0.20: Recall=0.965, Spec=0.223, F1=0.285
     • Thr=0.25: Recall=0.945, Spec=0.288, F1=0.298
   ...

   BEST Threshold: 0.55
     • Recall:      0.748
     • Specificity: 0.647
     • F1-Score:    0.381
     • Score:       0.667
   ═══════════════════════════════════════════════

⚠️  No rounds meet spec≥0.7, using recall filter only
   BUT: Filtered to top 7 by specificity (spec range: 0.589-0.647)
 2 Pareto-optimal rounds (not dominated in recall & spec)

🎯 SELECTED ROUND 47:
   Recall:     0.795
   Specificity: 0.590
   F1-Score:    0.368
   Stability:   1.000
   Alerts/1000: 463.5
   Composite:   0.669

[36m(ClientAppActor pid=59018)[0m [Client 1899] Data split:[32m [repeated 136x across cluster][0m
[36m(ClientAppActor pid=59018)[0m    Train:      86 samples (client-local)[32m [repeated 136x across cluster][0m
[36m(ClientAppActor pid=59018)[0m    Validation: 12 samples (client-local)[32m [repeated 136x across cluster][0m
[36m(ClientAppActor pid=98898)[0m [Client 1335] Data split:[32m [repeated 128x across cluster][0m
[36m(ClientAppActor pid=98898)[0m    Train:      87 samples (client-local)[32m [repeated 128x across cluster][0m
[36m(ClientAppActor pid=98898)[0m    Validation: 12 samples (client-local)[32m [repeated 128x across cluster][0m
[36m(ClientAppActor pid=98898)[0m [Client 451] Data split:[32m [repeated 127x across cluster][0m
[36m(ClientAppActor pid=98898)[0m    Train:      87 samples (client-local)[32m [repeated 127x across cluster][0m
[36m(ClientAppActor pid=98898)[0m    Validation: 12 samples (client-local)[32m [repeated 127x across cluster][0m
[36m(ClientAppActor pid=106270)[0m [Client 87] Data split:[32m [repeated 139x across cluster][0m
[36m(ClientAppActor pid=106270)[0m    Train:      87 samples (client-local)[32m [repeated 139x across cluster][0m
[36m(ClientAppActor pid=106270)[0m    Validation: 12 samples (client-local)[32m [repeated 139x across cluster][0m
[36m(ClientAppActor pid=99221)[0m [Client 1685] Data split:[32m [repeated 140x across cluster][0m
[36m(ClientAppActor pid=99221)[0m    Train:      86 samples (client-local)[32m [repeated 140x across cluster][0m
[36m(ClientAppActor pid=99221)[0m    Validation: 12 samples (client-local)[32m [repeated 140x across cluster][0m
[36m(ClientAppActor pid=57814)[0m [Client 993] Data split:[32m [repeated 143x across cluster][0m
[36m(ClientAppActor pid=57814)[0m    Train:      87 samples (client-local)[32m [repeated 143x across cluster][0m
[36m(ClientAppActor pid=57814)[0m    Validation: 12 samples (client-local)[32m [repeated 143x across cluster][0m
[36m(ClientAppActor pid=58171)[0m [Client 263] Data split:[32m [repeated 138x across cluster][0m
[36m(ClientAppActor pid=58171)[0m    Train:      87 samples (client-local)[32m [repeated 138x across cluster][0m
[36m(ClientAppActor pid=58171)[0m    Validation: 12 samples (client-local)[32m [repeated 138x across cluster][0m
[36m(ClientAppActor pid=100120)[0m [Client 83] Data split:[32m [repeated 160x across cluster][0m
[36m(ClientAppActor pid=100120)[0m    Train:      87 samples (client-local)[32m [repeated 160x across cluster][0m
[36m(ClientAppActor pid=100120)[0m    Validation: 12 samples (client-local)[32m [repeated 160x across cluster][0m
[36m(ClientAppActor pid=106270)[0m [Client 2045] Data split:[32m [repeated 134x across cluster][0m
[36m(ClientAppActor pid=106270)[0m    Train:      86 samples (client-local)[32m [repeated 134x across cluster][0m
[36m(ClientAppActor pid=106270)[0m    Validation: 12 samples (client-local)[32m [repeated 134x across cluster][0m
[36m(ClientAppActor pid=58617)[0m [Client 585] Data split:[32m [repeated 139x across cluster][0m
[36m(ClientAppActor pid=58617)[0m    Train:      87 samples (client-local)[32m [repeated 139x across cluster][0m
[36m(ClientAppActor pid=58617)[0m    Validation: 12 samples (client-local)[32m [repeated 139x across cluster][0m
[36m(ClientAppActor pid=98757)[0m [Client 208] Data split:[32m [repeated 140x across cluster][0m[92mINFO [0m:      aggregate_fit: received 1638 results and 0 failures
[92mINFO [0m:      configure_evaluate: strategy sampled 2048 clients (out of 2048)
[92mINFO [0m:      aggregate_evaluate: received 2048 results and 0 failures
[92mINFO [0m:      
[92mINFO [0m:      [SUMMARY]
[92mINFO [0m:      Run finished 50 round(s) in 6762.98s
[92mINFO [0m:      	History (loss, distributed):
[92mINFO [0m:      		round 1: 0.9592598835068034
[92mINFO [0m:      		round 10: 0.6925692510803164
[92mINFO [0m:      		round 20: 0.6559513710493245
[92mINFO [0m:      		round 30: 0.6298740797804493
[92mINFO [0m:      		round 40: 0.6124680663266042
[92mINFO [0m:      		round 41: 0.6111114409040556
[92mINFO [0m:      		round 42: 0.609763164377502
[92mINFO [0m:      		round 43: 0.6084694669604565
[92mINFO [0m:      		round 44: 0.6072343088796898
[92mINFO [0m:      		round 45: 0.6059497962827677
[92mINFO [0m:      		round 46: 0.6047833436710607
[92mINFO [0m:      		round 47: 0.6036900703588783
[92mINFO [0m:      		round 48: 0.6025923887912087
[92mINFO [0m:      		round 49: 0.6014593384927359
[92mINFO [0m:      		round 50: 0.6004321085249765
[92mINFO [0m:      	History (metrics, distributed, fit):
[92mINFO [0m:      	{'fit_accuracy': [(1, 0.8107748422712934),
[92mINFO [0m:      	                  (2, 0.7524962327657837),
[92mINFO [0m:      	                  (3, 0.6712876585018974),
[92mINFO [0m:      	                  (4, 0.6350002112348792),
[92mINFO [0m:      	                  (5, 0.6056196229178107),
[92mINFO [0m:      	                  (6, 0.5840509805302256),
[92mINFO [0m:      	                  (7, 0.5674984861073948),
[92mINFO [0m:      	                  (8, 0.5565967992902958),
[92mINFO [0m:      	                  (9, 0.549620524085104),
[92mINFO [0m:      	                  (10, 0.5447318763025968),
[92mINFO [0m:      	                  (11, 0.5430836607381747),
[92mINFO [0m:      	                  (12, 0.5426356589147286),
[92mINFO [0m:      	                  (13, 0.5430369854043893),
[92mINFO [0m:      	                  (14, 0.5436406519519836),
[92mINFO [0m:      	                  (15, 0.5461561210550775),
[92mINFO [0m:      	                  (16, 0.5468819309004626),
[92mINFO [0m:      	                  (17, 0.5500827377389712),
[92mINFO [0m:      	                  (18, 0.5538142007251734),
[92mINFO [0m:      	                  (19, 0.5548475674153348),
[92mINFO [0m:      	                  (20, 0.5583759919447397),
[92mINFO [0m:      	                  (21, 0.5614315487087054),
[92mINFO [0m:      	                  (22, 0.5647976679176729),
[92mINFO [0m:      	                  (23, 0.5675472070067731),
[92mINFO [0m:      	                  (24, 0.5709447804383488),
[92mINFO [0m:      	                  (25, 0.5736798743776979),
[92mINFO [0m:      	                  (26, 0.5766964040529218),
[92mINFO [0m:      	                  (27, 0.5795380932263061),
[92mINFO [0m:      	                  (28, 0.5809488269918608),
[92mINFO [0m:      	                  (29, 0.5831672921081721),
[92mINFO [0m:      	                  (30, 0.5868622287315692),
[92mINFO [0m:      	                  (31, 0.5900385839411947),
[92mINFO [0m:      	                  (32, 0.5915152795380932),
[92mINFO [0m:      	                  (33, 0.5940265720381049),
[92mINFO [0m:      	                  (34, 0.5952835303810214),
[92mINFO [0m:      	                  (35, 0.5975863914157772),
[92mINFO [0m:      	                  (36, 0.6004351285318988),
[92mINFO [0m:      	                  (37, 0.6022869696244244),
[92mINFO [0m:      	                  (38, 0.604313355489213),
[92mINFO [0m:      	                  (39, 0.6042287138542128),
[92mINFO [0m:      	                  (40, 0.6074010969281787),
[92mINFO [0m:      	                  (41, 0.6093868814599938),
[92mINFO [0m:      	                  (42, 0.6102705633039278),
[92mINFO [0m:      	                  (43, 0.6127642196279449),
[92mINFO [0m:      	                  (44, 0.6138051950795316),
[92mINFO [0m:      	                  (45, 0.6152627576884082),
[92mINFO [0m:      	                  (46, 0.6160306955787103),
[92mINFO [0m:      	                  (47, 0.618363610759048),
[92mINFO [0m:      	                  (48, 0.6180303745062559),
[92mINFO [0m:      	                  (49, 0.6208714998838282),
[92mINFO [0m:      	                  (50, 0.6223004612188854)],
[92mINFO [0m:      	 'fit_loss': [(1, 1.3361755982845092),
[92mINFO [0m:      	              (2, 1.0449627490587046),
[92mINFO [0m:      	              (3, 0.8427718944966294),
[92mINFO [0m:      	              (4, 0.7814647174274273),
[92mINFO [0m:      	              (5, 0.7443043576427913),
[92mINFO [0m:      	              (6, 0.7176346204595465),
[92mINFO [0m:      	              (7, 0.701094846086583),
[92mINFO [0m:      	              (8, 0.6919836765930976),
[92mINFO [0m:      	              (9, 0.6830843372859297),
[92mINFO [0m:      	              (10, 0.6761562811660964),
[92mINFO [0m:      	              (11, 0.6696902292996724),
[92mINFO [0m:      	              (12, 0.6642891108901167),
[92mINFO [0m:      	              (13, 0.6600645215588926),
[92mINFO [0m:      	              (14, 0.6559781029961549),
[92mINFO [0m:      	              (15, 0.6501958730328354),
[92mINFO [0m:      	              (16, 0.6481652459430687),
[92mINFO [0m:      	              (17, 0.6444397740241017),
[92mINFO [0m:      	              (18, 0.6388843364783056),
[92mINFO [0m:      	              (19, 0.6363512097494557),
[92mINFO [0m:      	              (20, 0.633366828282903),
[92mINFO [0m:      	              (21, 0.6311091980065816),
[92mINFO [0m:      	              (22, 0.6277093945175645),
[92mINFO [0m:      	              (23, 0.6239634850247273),
[92mINFO [0m:      	              (24, 0.6214886077909919),
[92mINFO [0m:      	              (25, 0.6182758696259496),
[92mINFO [0m:      	              (26, 0.6161362551457873),
[92mINFO [0m:      	              (27, 0.6138471249303689),
[92mINFO [0m:      	              (28, 0.6120739803437893),
[92mINFO [0m:      	              (29, 0.6093641076812072),
[92mINFO [0m:      	              (30, 0.6061629281819323),
[92mINFO [0m:      	              (31, 0.6055009631485105),
[92mINFO [0m:      	              (32, 0.604077005137895),
[92mINFO [0m:      	              (33, 0.6010008468056363),
[92mINFO [0m:      	              (34, 0.599602614764988),
[92mINFO [0m:      	              (35, 0.5997746549111312),
[92mINFO [0m:      	              (36, 0.5954736903374557),
[92mINFO [0m:      	              (37, 0.5956524467412779),
[92mINFO [0m:      	              (38, 0.5940015245648056),
[92mINFO [0m:      	              (39, 0.5926420379260274),
[92mINFO [0m:      	              (40, 0.5904607550440172),
[92mINFO [0m:      	              (41, 0.5907424508479906),
[92mINFO [0m:      	              (42, 0.5883937777693844),
[92mINFO [0m:      	              (43, 0.586460684571773),
[92mINFO [0m:      	              (44, 0.5860868401889484),
[92mINFO [0m:      	              (45, 0.5859532905793934),
[92mINFO [0m:      	              (46, 0.5814334689255283),
[92mINFO [0m:      	              (47, 0.5826794787901436),
[92mINFO [0m:      	              (48, 0.5824009190951045),
[92mINFO [0m:      	              (49, 0.5798017165521464),
[92mINFO [0m:      	              (50, 0.5791153942938905)]}
[92mINFO [0m:      	History (metrics, distributed, evaluate):
[92mINFO [0m:      	{'alerts_per_1000': [(1, 662.882371491643),
[92mINFO [0m:      	                     (10, 524.0460422579628),
[92mINFO [0m:      	                     (20, 456.559444970041),
[92mINFO [0m:      	                     (30, 432.27688426363926),
[92mINFO [0m:      	                     (40, 416.54840744244717),
[92mINFO [0m:      	                     (41, 415.72059287291074),
[92mINFO [0m:      	                     (42, 469.6862188584043),
[92mINFO [0m:      	                     (43, 468.3459476505834),
[92mINFO [0m:      	                     (44, 466.76915799432356),
[92mINFO [0m:      	                     (45, 465.1923683380637),
[92mINFO [0m:      	                     (46, 464.12803532008826),
[92mINFO [0m:      	                     (47, 463.49731945758435),
[92mINFO [0m:      	                     (48, 409.53169347209086),
[92mINFO [0m:      	                     (49, 408.1520025228634),
[92mINFO [0m:      	                     (50, 407.560706401766)],
[92mINFO [0m:      	 'auc': [(1, 0.0),
[92mINFO [0m:      	         (10, 0.0),
[92mINFO [0m:      	         (20, 0.0),
[92mINFO [0m:      	         (30, 0.0),
[92mINFO [0m:      	         (40, 0.0),
[92mINFO [0m:      	         (41, 0.0),
[92mINFO [0m:      	         (42, 0.0),
[92mINFO [0m:      	         (43, 0.0),
[92mINFO [0m:      	         (44, 0.0),
[92mINFO [0m:      	         (45, 0.0),
[92mINFO [0m:      	         (46, 0.0),
[92mINFO [0m:      	         (47, 0.0),
[92mINFO [0m:      	         (48, 0.0),
[92mINFO [0m:      	         (49, 0.0),
[92mINFO [0m:      	         (50, 0.0)],
[92mINFO [0m:      	 'balanced_accuracy': [(1, 0.535943773005982),
[92mINFO [0m:      	                       (10, 0.6238326214337185),
[92mINFO [0m:      	                       (20, 0.6549864792735858),
[92mINFO [0m:      	                       (30, 0.6728734729379136),
[92mINFO [0m:      	                       (40, 0.6861196127399118),
[92mINFO [0m:      	                       (41, 0.6870935675988705),
[92mINFO [0m:      	                       (42, 0.6874603028479461),
[92mINFO [0m:      	                       (43, 0.6885676283471338),
[92mINFO [0m:      	                       (44, 0.6896480166955916),
[92mINFO [0m:      	                       (45, 0.691057092701438),
[92mINFO [0m:      	                       (46, 0.6920041104096668),
[92mINFO [0m:      	                       (47, 0.692863559703655),
[92mINFO [0m:      	                       (48, 0.6954550133710755),
[92mINFO [0m:      	                       (49, 0.6972426152980342),
[92mINFO [0m:      	                       (50, 0.697914819650334)],
[92mINFO [0m:      	 'best_score': [(1, 0.5267545127167921),
[92mINFO [0m:      	                (10, 0.600483504320384),
[92mINFO [0m:      	                (20, 0.6273163649318237),
[92mINFO [0m:      	                (30, 0.6436711573964387),
[92mINFO [0m:      	                (40, 0.6560197846942314),
[92mINFO [0m:      	                (41, 0.6569394048999905),
[92mINFO [0m:      	                (42, 0.6583581160139227),
[92mINFO [0m:      	                (43, 0.6593733646053779),
[92mINFO [0m:      	                (44, 0.6603589982847385),
[92mINFO [0m:      	                (45, 0.661656289387306),
[92mINFO [0m:      	                (46, 0.6625288712500668),
[92mINFO [0m:      	                (47, 0.6633281736390293),
[92mINFO [0m:      	                (48, 0.6648710471411299),
[92mINFO [0m:      	                (49, 0.6665709315258429),
[92mINFO [0m:      	                (50, 0.6672097203641054)],
[92mINFO [0m:      	 'best_threshold': [(1, 0.15),
[92mINFO [0m:      	                    (10, 0.5),
[92mINFO [0m:      	                    (20, 0.55),
[92mINFO [0m:      	                    (30, 0.55),
[92mINFO [0m:      	                    (40, 0.55),
[92mINFO [0m:      	                    (41, 0.55),
[92mINFO [0m:      	                    (42, 0.5),
[92mINFO [0m:      	                    (43, 0.5),
[92mINFO [0m:      	                    (44, 0.5),
[92mINFO [0m:      	                    (45, 0.5),
[92mINFO [0m:      	                    (46, 0.5),
[92mINFO [0m:      	                    (47, 0.5),
[92mINFO [0m:      	                    (48, 0.55),
[92mINFO [0m:      	                    (49, 0.55),
[92mINFO [0m:      	                    (50, 0.55)],
[92mINFO [0m:      	 'f1': [(1, 0.25178123925114243),
[92mINFO [0m:      	        (10, 0.3097034880266207),
[92mINFO [0m:      	        (20, 0.3382946351789376),
[92mINFO [0m:      	        (30, 0.355837528446314),
[92mINFO [0m:      	        (40, 0.36945114168203097),
[92mINFO [0m:      	        (41, 0.3704282366309211),
[92mINFO [0m:      	        (42, 0.362588996763754),
[92mINFO [0m:      	        (43, 0.3636481577581734),
[92mINFO [0m:      	        (44, 0.3647242455775235),
[92mINFO [0m:      	        (45, 0.36606677099634843),
[92mINFO [0m:      	        (46, 0.3669736756156509),
[92mINFO [0m:      	        (47, 0.3677499509579546),
[92mINFO [0m:      	        (48, 0.3787704682562482),
[92mINFO [0m:      	        (49, 0.3805889552883577),
[92mINFO [0m:      	        (50, 0.3812887415309211)],
[92mINFO [0m:      	 'fn': [(1, 973),
[92mINFO [0m:      	        (10, 929),
[92mINFO [0m:      	        (20, 978),
[92mINFO [0m:      	        (30, 955),
[92mINFO [0m:      	        (40, 930),
[92mINFO [0m:      	        (41, 927),
[92mINFO [0m:      	        (42, 734),
[92mINFO [0m:      	        (43, 732),
[92mINFO [0m:      	        (44, 731),
[92mINFO [0m:      	        (45, 728),
[92mINFO [0m:      	        (46, 726),
[92mINFO [0m:      	        (47, 723),
[92mINFO [0m:      	        (48, 898),
[92mINFO [0m:      	        (49, 892),
[92mINFO [0m:      	        (50, 890)],
[92mINFO [0m:      	 'fp': [(1, 14254),
[92mINFO [0m:      	        (10, 10688),
[92mINFO [0m:      	        (20, 9025),
[92mINFO [0m:      	        (30, 8386),
[92mINFO [0m:      	        (40, 7962),
[92mINFO [0m:      	        (41, 7938),
[92mINFO [0m:      	        (42, 9114),
[92mINFO [0m:      	        (43, 9078),
[92mINFO [0m:      	        (44, 9037),
[92mINFO [0m:      	        (45, 8994),
[92mINFO [0m:      	        (46, 8965),
[92mINFO [0m:      	        (47, 8946),
[92mINFO [0m:      	        (48, 7752),
[92mINFO [0m:      	        (49, 7711),
[92mINFO [0m:      	        (50, 7694)],
[92mINFO [0m:      	 'fpr': [(1, 0.6528649292355608),
[92mINFO [0m:      	         (10, 0.4895341913617002),
[92mINFO [0m:      	         (20, 0.4133650895433518),
[92mINFO [0m:      	         (30, 0.38409746713690285),
[92mINFO [0m:      	         (40, 0.36467732331791325),
[92mINFO [0m:      	         (41, 0.36357806989419683),
[92mINFO [0m:      	         (42, 0.41744148765630007),
[92mINFO [0m:      	         (43, 0.4157926075207255),
[92mINFO [0m:      	         (44, 0.41391471625521),
[92mINFO [0m:      	         (45, 0.41194522053771815),
[92mINFO [0m:      	         (46, 0.41061695598406084),
[92mINFO [0m:      	         (47, 0.40974671369028537),
[92mINFO [0m:      	         (48, 0.3550588558603948),
[92mINFO [0m:      	         (49, 0.3531809645948793),
[92mINFO [0m:      	         (50, 0.3524023267530802)],
[92mINFO [0m:      	 'npv': [(1, 0.8862254443405051),
[92mINFO [0m:      	         (10, 0.9230578101706145),
[92mINFO [0m:      	         (20, 0.9290584651095314),
[92mINFO [0m:      	         (30, 0.9336897653103735),
[92mINFO [0m:      	         (40, 0.9371664076751571),
[92mINFO [0m:      	         (41, 0.9374578329510188),
[92mINFO [0m:      	         (42, 0.9454396788820337),
[92mINFO [0m:      	         (43, 0.9457255134574034),
[92mINFO [0m:      	         (44, 0.9459599319878761),
[92mINFO [0m:      	         (45, 0.9463403847571312),
[92mINFO [0m:      	         (46, 0.9465940856260114),
[92mINFO [0m:      	         (47, 0.9468772961058045),
[92mINFO [0m:      	         (48, 0.9400494024968289),
[92mINFO [0m:      	         (49, 0.940588783801785),
[92mINFO [0m:      	         (50, 0.9407811564309002)],
[92mINFO [0m:      	 'ppv': [(1, 0.1523549000951475),
[92mINFO [0m:      	         (10, 0.1960282834361366),
[92mINFO [0m:      	         (20, 0.22077361422897598),
[92mINFO [0m:      	         (30, 0.23527266095203356),
[92mINFO [0m:      	         (40, 0.24652219172896753),
[92mINFO [0m:      	         (41, 0.2472975535748151),
[92mINFO [0m:      	         (42, 0.2350818296265212),
[92mINFO [0m:      	         (43, 0.2359229021126168),
[92mINFO [0m:      	         (44, 0.23680432395912507),
[92mINFO [0m:      	         (45, 0.23786119820354207),
[92mINFO [0m:      	         (46, 0.23857652454560896),
[92mINFO [0m:      	         (47, 0.2391563191018881),
[92mINFO [0m:      	         (48, 0.25382616228703436),
[92mINFO [0m:      	         (49, 0.2552636662159552),
[92mINFO [0m:      	         (50, 0.2558274494631976)],
[92mINFO [0m:      	 'precision': [(1, 0.1523549000951475),
[92mINFO [0m:      	               (10, 0.1960282834361366),
[92mINFO [0m:      	               (20, 0.22077361422897598),
[92mINFO [0m:      	               (30, 0.23527266095203356),
[92mINFO [0m:      	               (40, 0.24652219172896753),
[92mINFO [0m:      	               (41, 0.2472975535748151),
[92mINFO [0m:      	               (42, 0.2350818296265212),
[92mINFO [0m:      	               (43, 0.2359229021126168),
[92mINFO [0m:      	               (44, 0.23680432395912507),
[92mINFO [0m:      	               (45, 0.23786119820354207),
[92mINFO [0m:      	               (46, 0.23857652454560896),
[92mINFO [0m:      	               (47, 0.2391563191018881),
[92mINFO [0m:      	               (48, 0.25382616228703436),
[92mINFO [0m:      	               (49, 0.2552636662159552),
[92mINFO [0m:      	               (50, 0.2558274494631976)],
[92mINFO [0m:      	 'prevalence': [(1, 0.13934878587196467),
[92mINFO [0m:      	                (10, 0.13934878587196467),
[92mINFO [0m:      	                (20, 0.13934878587196467),
[92mINFO [0m:      	                (30, 0.13934878587196467),
[92mINFO [0m:      	                (40, 0.13934878587196467),
[92mINFO [0m:      	                (41, 0.13934878587196467),
[92mINFO [0m:      	                (42, 0.13934878587196467),
[92mINFO [0m:      	                (43, 0.13934878587196467),
[92mINFO [0m:      	                (44, 0.13934878587196467),
[92mINFO [0m:      	                (45, 0.13934878587196467),
[92mINFO [0m:      	                (46, 0.13934878587196467),
[92mINFO [0m:      	                (47, 0.13934878587196467),
[92mINFO [0m:      	                (48, 0.13934878587196467),
[92mINFO [0m:      	                (49, 0.13934878587196467),
[92mINFO [0m:      	                (50, 0.13934878587196467)],
[92mINFO [0m:      	 'recall': [(1, 0.7247524752475247),
[92mINFO [0m:      	            (10, 0.7371994342291373),
[92mINFO [0m:      	            (20, 0.7233380480905234),
[92mINFO [0m:      	            (30, 0.7298444130127298),
[92mINFO [0m:      	            (40, 0.7369165487977369),
[92mINFO [0m:      	            (41, 0.7377652050919378),
[92mINFO [0m:      	            (42, 0.7923620933521923),
[92mINFO [0m:      	            (43, 0.792927864214993),
[92mINFO [0m:      	            (44, 0.7932107496463933),
[92mINFO [0m:      	            (45, 0.7940594059405941),
[92mINFO [0m:      	            (46, 0.7946251768033946),
[92mINFO [0m:      	            (47, 0.7954738330975955),
[92mINFO [0m:      	            (48, 0.745968882602546),
[92mINFO [0m:      	            (49, 0.7476661951909477),
[92mINFO [0m:      	            (50, 0.7482319660537482)],
[92mINFO [0m:      	 'spec': [(1, 0.34713507076443917),
[92mINFO [0m:      	          (10, 0.5104658086382998),
[92mINFO [0m:      	          (20, 0.5866349104566482),
[92mINFO [0m:      	          (30, 0.6159025328630972),
[92mINFO [0m:      	          (40, 0.6353226766820868),
[92mINFO [0m:      	          (41, 0.6364219301058032),
[92mINFO [0m:      	          (42, 0.5825585123436999),
[92mINFO [0m:      	          (43, 0.5842073924792746),
[92mINFO [0m:      	          (44, 0.5860852837447901),
[92mINFO [0m:      	          (45, 0.5880547794622819),
[92mINFO [0m:      	          (46, 0.5893830440159391),
[92mINFO [0m:      	          (47, 0.5902532863097146),
[92mINFO [0m:      	          (48, 0.6449411441396051),
[92mINFO [0m:      	          (49, 0.6468190354051206),
[92mINFO [0m:      	          (50, 0.6475976732469197)],
[92mINFO [0m:      	 'threshold': [(1, 0.15),
[92mINFO [0m:      	               (10, 0.5),
[92mINFO [0m:      	               (20, 0.55),
[92mINFO [0m:      	               (30, 0.55),
[92mINFO [0m:      	               (40, 0.55),
[92mINFO [0m:      	               (41, 0.55),
[92mINFO [0m:      	               (42, 0.5),
[92mINFO [0m:      	               (43, 0.5),
[92mINFO [0m:      	               (44, 0.5),
[92mINFO [0m:      	               (45, 0.5),
[92mINFO [0m:      	               (46, 0.5),
[92mINFO [0m:      	               (47, 0.5),
[92mINFO [0m:      	               (48, 0.55),
[92mINFO [0m:      	               (49, 0.55),
[92mINFO [0m:      	               (50, 0.55)],
[92mINFO [0m:      	 'tn': [(1, 7579),
[92mINFO [0m:      	        (10, 11145),
[92mINFO [0m:      	        (20, 12808),
[92mINFO [0m:      	        (30, 13447),
[92mINFO [0m:      	        (40, 13871),
[92mINFO [0m:      	        (41, 13895),
[92mINFO [0m:      	        (42, 12719),
[92mINFO [0m:      	        (43, 12755),
[92mINFO [0m:      	        (44, 12796),
[92mINFO [0m:      	        (45, 12839),
[92mINFO [0m:      	        (46, 12868),
[92mINFO [0m:      	        (47, 12887),
[92mINFO [0m:      	        (48, 14081),
[92mINFO [0m:      	        (49, 14122),
[92mINFO [0m:      	        (50, 14139)],
[92mINFO [0m:      	 'tp': [(1, 2562),
[92mINFO [0m:      	        (10, 2606),
[92mINFO [0m:      	        (20, 2557),
[92mINFO [0m:      	        (30, 2580),
[92mINFO [0m:      	        (40, 2605),
[92mINFO [0m:      	        (41, 2608),
[92mINFO [0m:      	        (42, 2801),
[92mINFO [0m:      	        (43, 2803),
[92mINFO [0m:      	        (44, 2804),
[92mINFO [0m:      	        (45, 2807),
[92mINFO [0m:      	        (46, 2809),
[92mINFO [0m:      	        (47, 2812),
[92mINFO [0m:      	        (48, 2637),
[92mINFO [0m:      	        (49, 2643),
[92mINFO [0m:      	        (50, 2645)],
[92mINFO [0m:      	 'tpr': [(1, 0.7247524752475247),
[92mINFO [0m:      	         (10, 0.7371994342291373),
[92mINFO [0m:      	         (20, 0.7233380480905234),
[92mINFO [0m:      	         (30, 0.7298444130127298),
[92mINFO [0m:      	         (40, 0.7369165487977369),
[92mINFO [0m:      	         (41, 0.7377652050919378),
[92mINFO [0m:      	         (42, 0.7923620933521923),
[92mINFO [0m:      	         (43, 0.792927864214993),
[92mINFO [0m:      	         (44, 0.7932107496463933),
[92mINFO [0m:      	         (45, 0.7940594059405941),
[92mINFO [0m:      	         (46, 0.7946251768033946),
[92mINFO [0m:      	         (47, 0.7954738330975955),
[92mINFO [0m:      	         (48, 0.745968882602546),
[92mINFO [0m:      	         (49, 0.7476661951909477),
[92mINFO [0m:      	         (50, 0.7482319660537482)],
[92mINFO [0m:      	 'youden': [(1, 0.0718875460119639),
[92mINFO [0m:      	            (10, 0.24766524286743707),
[92mINFO [0m:      	            (20, 0.30997295854717155),
[92mINFO [0m:      	            (30, 0.3457469458758271),
[92mINFO [0m:      	            (40, 0.3722392254798237),
[92mINFO [0m:      	            (41, 0.37418713519774105),
[92mINFO [0m:      	            (42, 0.37492060569589225),
[92mINFO [0m:      	            (43, 0.3771352566942676),
[92mINFO [0m:      	            (44, 0.37929603339118323),
[92mINFO [0m:      	            (45, 0.382114185402876),
[92mINFO [0m:      	            (46, 0.3840082208193336),
[92mINFO [0m:      	            (47, 0.38572711940730997),
[92mINFO [0m:      	            (48, 0.39091002674215103),
[92mINFO [0m:      	            (49, 0.39448523059606844),
[92mINFO [0m:      	            (50, 0.39582963930066795)]}
[92mINFO [0m:      
[36m(ClientAppActor pid=11993)[0m [93mWARNING [0m:   Manually terminating ClientAppActor
[36m(ClientAppActor pid=23265)[0m [93mWARNING [0m:   Manually terminating ClientAppActor[32m [repeated 224x across cluster][0m

[36m(ClientAppActor pid=98757)[0m    Train:      87 samples (client-local)[32m [repeated 140x across cluster][0m
[36m(ClientAppActor pid=98757)[0m    Validation: 12 samples (client-local)[32m [repeated 140x across cluster][0m
[36m(ClientAppActor pid=98378)[0m [Client 1460] Data split:[32m [repeated 143x across cluster][0m
[36m(ClientAppActor pid=98378)[0m    Train:      86 samples (client-local)[32m [repeated 143x across cluster][0m
[36m(ClientAppActor pid=98378)[0m    Validation: 12 samples (client-local)[32m [repeated 143x across cluster][0m
[36m(ClientAppActor pid=100120)[0m [Client 1153] Data split:[32m [repeated 108x across cluster][0m
[36m(ClientAppActor pid=100120)[0m    Train:      87 samples (client-local)[32m [repeated 108x across cluster][0m
[36m(ClientAppActor pid=100120)[0m    Validation: 12 samples (client-local)[32m [repeated 108x across cluster][0m
[36m(ClientAppActor pid=106624)[0m [Client 318] Data split:[32m [repeated 134x across cluster][0m
[36m(ClientAppActor pid=106624)[0m    Train:      87 samples (client-local)[32m [repeated 134x across cluster][0m
[36m(ClientAppActor pid=106624)[0m    Validation: 12 samples (client-local)[32m [repeated 134x across cluster][0m
[36m(ClientAppActor pid=99221)[0m [Client 1516] Data split:[32m [repeated 150x across cluster][0m
[36m(ClientAppActor pid=99221)[0m    Train:      86 samples (client-local)[32m [repeated 150x across cluster][0m
[36m(ClientAppActor pid=99221)[0m    Validation: 12 samples (client-local)[32m [repeated 150x across cluster][0m
[36m(ClientAppActor pid=106270)[0m [Client 1361] Data split:[32m [repeated 134x across cluster][0m
[36m(ClientAppActor pid=106270)[0m    Train:      87 samples (client-local)[32m [repeated 134x across cluster][0m
[36m(ClientAppActor pid=106270)[0m    Validation: 12 samples (client-local)[32m [repeated 134x across cluster][0m
[36m(ClientAppActor pid=58617)[0m [Client 771] Data split:[32m [repeated 138x across cluster][0m
[36m(ClientAppActor pid=58617)[0m    Train:      87 samples (client-local)[32m [repeated 138x across cluster][0m
[36m(ClientAppActor pid=58617)[0m    Validation: 12 samples (client-local)[32m [repeated 138x across cluster][0m
[36m(ClientAppActor pid=58852)[0m [Client 1619] Data split:[32m [repeated 135x across cluster][0m
[36m(ClientAppActor pid=58852)[0m    Train:      86 samples (client-local)[32m [repeated 135x across cluster][0m
[36m(ClientAppActor pid=58852)[0m    Validation: 12 samples (client-local)[32m [repeated 135x across cluster][0m
[36m(ClientAppActor pid=100011)[0m [Client 830] Data split:[32m [repeated 153x across cluster][0m
[36m(ClientAppActor pid=100011)[0m    Train:      87 samples (client-local)[32m [repeated 153x across cluster][0m
[36m(ClientAppActor pid=100011)[0m    Validation: 12 samples (client-local)[32m [repeated 153x across cluster][0m
[36m(ClientAppActor pid=106624)[0m [Client 4] Data split:[32m [repeated 141x across cluster][0m
[36m(ClientAppActor pid=106624)[0m    Train:      87 samples (client-local)[32m [repeated 141x across cluster][0m
[36m(ClientAppActor pid=106624)[0m    Validation: 12 samples (client-local)[32m [repeated 141x across cluster][0m
[36m(ClientAppActor pid=106270)[0m [Client 1237] Data split:[32m [repeated 148x across cluster][0m
[36m(ClientAppActor pid=106270)[0m    Train:      87 samples (client-local)[32m [repeated 148x across cluster][0m
[36m(ClientAppActor pid=106270)[0m    Validation: 12 samples (client-local)[32m [repeated 148x across cluster][0m
[36m(ClientAppActor pid=58033)[0m [Client 167] Data split:[32m [repeated 135x across cluster][0m
[36m(ClientAppActor pid=58033)[0m    Train:      87 samples (client-local)[32m [repeated 135x across cluster][0m
[36m(ClientAppActor pid=58033)[0m    Validation: 12 samples (client-local)[32m [repeated 135x across cluster][0m
[36m(ClientAppActor pid=98100)[0m [Client 194] Data split:[32m [repeated 141x across cluster][0m
[36m(ClientAppActor pid=98100)[0m    Train:      87 samples (client-local)[32m [repeated 141x across cluster][0m
[36m(ClientAppActor pid=98100)[0m    Validation: 12 samples (client-local)[32m [repeated 141x across cluster][0m
[36m(ClientAppActor pid=58171)[0m 
[36m(ClientAppActor pid=106270)[0m [Client 34] Data split:[32m [repeated 145x across cluster][0m
[36m(ClientAppActor pid=106270)[0m    Train:      87 samples (client-local)[32m [repeated 145x across cluster][0m
[36m(ClientAppActor pid=106270)[0m    Validation: 12 samples (client-local)[32m [repeated 145x across cluster][0m
[36m(ClientAppActor pid=57689)[0m [Client 131] Data split:[32m [repeated 163x across cluster][0m
[36m(ClientAppActor pid=57689)[0m    Train:      87 samples (client-local)[32m [repeated 163x across cluster][0m
[36m(ClientAppActor pid=57689)[0m    Validation: 12 samples (client-local)[32m [repeated 163x across cluster][0m
[36m(ClientAppActor pid=58617)[0m [Client 384] Data split:[32m [repeated 134x across cluster][0m
[36m(ClientAppActor pid=58617)[0m    Train:      87 samples (client-local)[32m [repeated 134x across cluster][0m
[36m(ClientAppActor pid=58617)[0m    Validation: 12 samples (client-local)[32m [repeated 134x across cluster][0m

🎯 Multi-Threshold Aggregation:
   ═══════════════════════════════════════════════
   ✅ Valid clients: 2048
   Evaluated 10 thresholds:
     • Thr=0.15: Recall=0.979, Spec=0.155, F1=0.272
     • Thr=0.20: Recall=0.965, Spec=0.224, F1=0.286
     • Thr=0.25: Recall=0.945, Spec=0.290, F1=0.299
   ...

   BEST Threshold: 0.55
     • Recall:      0.748
     • Specificity: 0.648
     • F1-Score:    0.381
     • Score:       0.667
   ═══════════════════════════════════════════════

⚠️  No rounds meet spec≥0.7, using recall filter only
   BUT: Filtered to top 7 by specificity (spec range: 0.590-0.648)
 2 Pareto-optimal rounds (not dominated in recall & spec)

🎯 SELECTED ROUND 47:
   Recall:     0.795
   Specificity: 0.590
   F1-Score:    0.368
   Stability:   1.000
   Alerts/1000: 463.5
   Composite:   0.669

[36m(ClientAppActor pid=58500)[0m [Client 2011] Data split:[32m [repeated 130x across cluster][0m
[36m(ClientAppActor pid=58500)[0m    Train:      86 samples (client-local)[32m [repeated 130x across cluster][0m
[36m(ClientAppActor pid=58500)[0m    Validation: 12 samples (client-local)[32m [repeated 130x across cluster][0m
